Datetime,Ticker,Open,High,Low,Close,Volume
2025-01-06 09:30:00-05:00,AAPL,243.0,243.02,242.95,242.96,11717
2025-01-06 09:30:00-05:00,MSFT,418.0,418.49,417.65,417.79,18072
2025-01-06 09:30:00-05:00,NVDA,140.0,140.04,139.93,139.93,13932
2025-01-06 09:30:00-05:00,TSLA,380.0,380.54,379.52,380.08,30455
2025-01-06 09:31:00-05:00,AAPL,242.96,243.24,242.73,243.13,10697
2025-01-06 09:31:00-05:00,MSFT,417.79,417.99,417.67,417.85,25321
2025-01-06 09:31:00-05:00,NVDA,139.93,139.97,139.86,139.93,5545
2025-01-06 09:31:00-05:00,TSLA,380.08,380.3,379.29,379.58,16384
2025-01-06 09:32:00-05:00,AAPL,243.13,243.15,243.01,243.08,44453
2025-01-06 09:32:00-05:00,MSFT,417.85,417.91,416.45,416.6,47395
2025-01-06 09:32:00-05:00,NVDA,139.93,140.01,139.87,139.87,33209
2025-01-06 09:32:00-05:00,TSLA,379.58,380.04,379.48,379.81,43768
2025-01-06 09:33:00-05:00,AAPL,243.08,243.26,243.07,243.18,47590
2025-01-06 09:33:00-05:00,MSFT,416.6,416.67,416.33,416.51,8132
2025-01-06 09:33:00-05:00,NVDA,139.87,139.9,139.66,139.75,5473
2025-01-06 09:33:00-05:00,TSLA,379.81,380.1,379.21,379.26,42201
2025-01-06 09:34:00-05:00,AAPL,243.18,243.3,243.01,243.1,5425
2025-01-06 09:34:00-05:00,MSFT,416.51,416.9,416.37,416.76,31215
2025-01-06 09:34:00-05:00,NVDA,139.75,139.76,139.6,139.66,21377
2025-01-06 09:34:00-05:00,TSLA,379.26,379.35,378.6,378.81,37258
2025-01-06 09:35:00-05:00,AAPL,243.1,243.16,243.03,243.16,32696
2025-01-06 09:35:00-05:00,MSFT,416.76,417.06,416.32,417.04,30339
2025-01-06 09:35:00-05:00,NVDA,139.66,139.72,139.46,139.56,30540
2025-01-06 09:35:00-05:00,TSLA,378.81,379.96,378.78,379.85,7487
2025-01-06 09:36:00-05:00,AAPL,243.16,243.22,242.97,243.08,11078
2025-01-06 09:36:00-05:00,MSFT,417.04,417.15,416.83,416.9,39031
2025-01-06 09:36:00-05:00,NVDA,139.56,139.65,139.47,139.61,38856
2025-01-06 09:36:00-05:00,TSLA,379.85,380.15,379.8,380.08,5044
2025-01-06 09:37:00-05:00,AAPL,243.08,243.16,242.94,243.02,27541
2025-01-06 09:37:00-05:00,MSFT,416.9,416.91,416.44,416.53,32820
2025-01-06 09:37:00-05:00,NVDA,139.61,139.71,139.46,139.7,49868
2025-01-06 09:37:00-05:00,TSLA,380.08,380.67,379.85,380.54,13551
2025-01-06 09:38:00-05:00,AAPL,243.02,243.15,242.65,242.67,29807
2025-01-06 09:38:00-05:00,MSFT,416.53,417.16,416.42,417.03,26050
2025-01-06 09:38:00-05:00,NVDA,139.7,139.8,139.62,139.67,17320
2025-01-06 09:38:00-05:00,TSLA,380.54,380.64,380.29,380.41,8903
2025-01-06 09:39:00-05:00,AAPL,242.67,242.76,242.32,242.37,46198
2025-01-06 09:39:00-05:00,MSFT,417.03,417.18,416.45,416.56,24375
2025-01-06 09:39:00-05:00,NVDA,139.67,139.7,139.61,139.65,23978
2025-01-06 09:39:00-05:00,TSLA,380.41,380.66,379.66,379.69,14283
2025-01-06 09:40:00-05:00,AAPL,242.37,242.53,241.85,242.02,8003
2025-01-06 09:40:00-05:00,MSFT,416.56,416.83,416.08,416.36,28038
2025-01-06 09:40:00-05:00,NVDA,139.65,139.82,139.55,139.77,37243
2025-01-06 09:40:00-05:00,TSLA,379.69,380.16,379.38,379.8,29483
2025-01-06 09:41:00-05:00,AAPL,242.02,242.13,241.66,241.84,10229
2025-01-06 09:41:00-05:00,MSFT,416.36,416.97,416.25,416.65,28105
2025-01-06 09:41:00-05:00,NVDA,139.77,139.84,139.76,139.83,8252
2025-01-06 09:41:00-05:00,TSLA,379.8,379.88,378.79,379.06,43405
2025-01-06 09:42:00-05:00,AAPL,241.84,242.33,241.74,242.14,28909
2025-01-06 09:42:00-05:00,MSFT,416.65,416.8,416.08,416.32,8759
2025-01-06 09:42:00-05:00,NVDA,139.83,139.86,139.77,139.86,13194
2025-01-06 09:42:00-05:00,TSLA,379.06,379.42,378.99,379.32,33630
2025-01-06 09:43:00-05:00,AAPL,242.14,242.38,242.04,242.32,48920
2025-01-06 09:43:00-05:00,MSFT,416.32,416.58,415.62,415.75,28809
2025-01-06 09:43:00-05:00,NVDA,139.86,139.88,139.73,139.84,20257
2025-01-06 09:43:00-05:00,TSLA,379.32,379.62,378.85,379.49,47544
2025-01-06 09:44:00-05:00,AAPL,242.32,242.6,242.16,242.26,16215
2025-01-06 09:44:00-05:00,MSFT,415.75,415.78,415.03,415.06,44817
2025-01-06 09:44:00-05:00,NVDA,139.84,139.87,139.83,139.86,37662
2025-01-06 09:44:00-05:00,TSLA,379.49,379.76,378.88,379.25,45220
2025-01-06 09:45:00-05:00,AAPL,242.26,242.35,241.97,241.99,35294
2025-01-06 09:45:00-05:00,MSFT,415.06,415.25,414.86,415.15,13272
2025-01-06 09:45:00-05:00,NVDA,139.86,140.08,139.86,140.0,7079
2025-01-06 09:45:00-05:00,TSLA,379.25,379.28,378.82,378.95,43597
2025-01-06 09:46:00-05:00,AAPL,241.99,242.24,241.36,241.46,49866
2025-01-06 09:46:00-05:00,MSFT,415.15,415.96,415.01,415.81,42174
2025-01-06 09:46:00-05:00,NVDA,140.0,140.12,139.85,139.87,30717
2025-01-06 09:46:00-05:00,TSLA,378.95,379.27,378.93,379.1,16646
2025-01-06 09:47:00-05:00,AAPL,241.46,241.55,241.04,241.22,8665
2025-01-06 09:47:00-05:00,MSFT,415.81,416.23,415.79,416.11,34486
2025-01-06 09:47:00-05:00,NVDA,139.87,139.94,139.83,139.86,17595
2025-01-06 09:47:00-05:00,TSLA,379.1,379.16,378.32,378.78,42541
2025-01-06 09:48:00-05:00,AAPL,241.22,241.26,241.18,241.23,18826
2025-01-06 09:48:00-05:00,MSFT,416.11,416.55,416.09,416.49,39698
2025-01-06 09:48:00-05:00,NVDA,139.86,139.97,139.85,139.94,21315
2025-01-06 09:48:00-05:00,TSLA,378.78,379.16,377.78,377.83,44478
2025-01-06 09:49:00-05:00,AAPL,241.23,241.53,241.15,241.4,25622
2025-01-06 09:49:00-05:00,MSFT,416.49,416.61,415.82,415.95,23264
2025-01-06 09:49:00-05:00,NVDA,139.94,140.1,139.81,139.96,21198
2025-01-06 09:49:00-05:00,TSLA,377.83,377.97,377.5,377.81,45067
2025-01-06 09:50:00-05:00,AAPL,241.4,241.61,241.27,241.47,14363
2025-01-06 09:50:00-05:00,MSFT,415.95,416.05,415.93,415.95,30361
2025-01-06 09:50:00-05:00,NVDA,139.96,139.98,139.84,139.96,39153
2025-01-06 09:50:00-05:00,TSLA,377.81,378.14,377.71,377.9,10099
2025-01-06 09:51:00-05:00,AAPL,241.47,241.48,241.15,241.24,41789
2025-01-06 09:51:00-05:00,MSFT,415.95,416.04,415.41,415.46,22058
2025-01-06 09:51:00-05:00,NVDA,139.96,140.04,139.92,140.02,30501
2025-01-06 09:51:00-05:00,TSLA,377.9,377.94,377.28,377.82,16002
2025-01-06 09:52:00-05:00,AAPL,241.24,241.29,240.71,240.85,28723
2025-01-06 09:52:00-05:00,MSFT,415.46,415.6,415.14,415.38,37191
2025-01-06 09:52:00-05:00,NVDA,140.02,140.08,139.93,139.97,7764
2025-01-06 09:52:00-05:00,TSLA,377.82,378.19,377.06,377.18,27003
2025-01-06 09:53:00-05:00,AAPL,240.85,241.07,240.44,240.99,38392
2025-01-06 09:53:00-05:00,MSFT,415.38,415.41,414.86,414.97,9853
2025-01-06 09:53:00-05:00,NVDA,139.97,140.15,139.88,140.15,13004
2025-01-06 09:53:00-05:00,TSLA,377.18,377.32,376.62,376.67,21353
2025-01-06 09:54:00-05:00,AAPL,240.99,241.0,240.55,240.59,15484
2025-01-06 09:54:00-05:00,MSFT,414.97,415.1,414.04,414.12,49690
2025-01-06 09:54:00-05:00,NVDA,140.15,140.25,140.1,140.15,48692
2025-01-06 09:54:00-05:00,TSLA,376.67,376.83,376.48,376.55,8155
2025-01-06 09:55:00-05:00,AAPL,240.59,240.62,240.36,240.48,9163
2025-01-06 09:55:00-05:00,MSFT,414.12,414.78,414.0,414.18,48767
2025-01-06 09:55:00-05:00,NVDA,140.15,140.44,140.12,140.43,46478
2025-01-06 09:55:00-05:00,TSLA,376.55,376.78,375.77,375.97,15901
2025-01-06 09:56:00-05:00,AAPL,240.48,240.59,240.15,240.24,41256
2025-01-06 09:56:00-05:00,MSFT,414.18,414.24,413.67,414.09,15322
2025-01-06 09:56:00-05:00,NVDA,140.43,140.43,140.38,140.41,30939
2025-01-06 09:56:00-05:00,TSLA,375.97,376.45,375.8,376.3,11647
2025-01-06 09:57:00-05:00,AAPL,240.24,240.29,240.23,240.28,12507
2025-01-06 09:57:00-05:00,MSFT,414.09,414.2,413.4,413.86,46792
2025-01-06 09:57:00-05:00,NVDA,140.41,140.41,140.22,140.23,7752
2025-01-06 09:57:00-05:00,TSLA,376.3,376.79,376.01,376.63,42883
2025-01-06 09:58:00-05:00,AAPL,240.28,240.42,240.14,240.16,12310
2025-01-06 09:58:00-05:00,MSFT,413.86,414.21,413.76,414.04,14101
2025-01-06 09:58:00-05:00,NVDA,140.23,140.28,140.02,140.04,10864
2025-01-06 09:58:00-05:00,TSLA,376.63,376.86,376.26,376.3,7189
2025-01-06 09:59:00-05:00,AAPL,240.16,240.52,240.09,240.5,5212
2025-01-06 09:59:00-05:00,MSFT,414.04,415.25,413.8,415.23,28651
2025-01-06 09:59:00-05:00,NVDA,140.04,140.04,139.88,139.96,49954
2025-01-06 09:59:00-05:00,TSLA,376.3,376.48,376.14,376.43,11863
2025-01-06 10:00:00-05:00,AAPL,240.5,241.04,240.49,240.97,16708
2025-01-06 10:00:00-05:00,MSFT,415.23,415.3,414.76,414.85,45104
2025-01-06 10:00:00-05:00,NVDA,139.96,140.07,139.62,139.72,8917
2025-01-06 10:00:00-05:00,TSLA,376.43,376.69,376.21,376.64,40851
2025-01-06 10:01:00-05:00,AAPL,240.97,241.31,240.97,241.25,45979
2025-01-06 10:01:00-05:00,MSFT,414.85,414.91,414.3,414.35,31093
2025-01-06 10:01:00-05:00,NVDA,139.72,139.74,139.69,139.72,40150
2025-01-06 10:01:00-05:00,TSLA,376.64,377.56,376.45,377.07,27147
2025-01-06 10:02:00-05:00,AAPL,241.25,241.41,241.1,241.15,15587
2025-01-06 10:02:00-05:00,MSFT,414.35,415.01,414.0,415.01,42676
2025-01-06 10:02:00-05:00,NVDA,139.72,139.78,139.7,139.74,47247
2025-01-06 10:02:00-05:00,TSLA,377.07,377.21,376.59,376.64,47836
2025-01-06 10:03:00-05:00,AAPL,241.15,241.35,241.01,241.06,39757
2025-01-06 10:03:00-05:00,MSFT,415.01,415.51,414.65,414.9,47096
2025-01-06 10:03:00-05:00,NVDA,139.74,140.14,139.61,140.13,33751
2025-01-06 10:03:00-05:00,TSLA,376.64,376.85,376.3,376.65,15295
2025-01-06 10:04:00-05:00,AAPL,241.06,241.42,241.0,241.34,28788
2025-01-06 10:04:00-05:00,MSFT,414.9,415.42,414.79,415.32,41130
2025-01-06 10:04:00-05:00,NVDA,140.13,140.14,140.05,140.13,21429
2025-01-06 10:04:00-05:00,TSLA,376.65,377.03,376.46,376.97,41314
2025-01-06 10:05:00-05:00,AAPL,241.34,241.51,241.18,241.35,25153
2025-01-06 10:05:00-05:00,MSFT,415.32,415.4,415.2,415.3,13456
2025-01-06 10:05:00-05:00,NVDA,140.13,140.35,140.08,140.29,33672
2025-01-06 10:05:00-05:00,TSLA,376.97,377.02,376.61,376.91,22384
2025-01-06 10:06:00-05:00,AAPL,241.35,241.45,241.31,241.36,36849
2025-01-06 10:06:00-05:00,MSFT,415.3,415.49,414.37,414.47,15028
2025-01-06 10:06:00-05:00,NVDA,140.29,140.32,140.04,140.13,40626
2025-01-06 10:06:00-05:00,TSLA,376.91,377.04,376.58,376.74,41022
2025-01-06 10:07:00-05:00,AAPL,241.36,241.49,241.01,241.32,39911
2025-01-06 10:07:00-05:00,MSFT,414.47,414.58,414.35,414.54,19776
2025-01-06 10:07:00-05:00,NVDA,140.13,140.21,140.04,140.14,23043
2025-01-06 10:07:00-05:00,TSLA,376.74,377.01,376.65,376.95,28647
2025-01-06 10:08:00-05:00,AAPL,241.32,241.39,241.17,241.33,22370
2025-01-06 10:08:00-05:00,MSFT,414.54,414.95,413.66,413.98,21423
2025-01-06 10:08:00-05:00,NVDA,140.14,140.34,140.11,140.27,39808
2025-01-06 10:08:00-05:00,TSLA,376.95,377.11,376.83,377.11,36478
2025-01-06 10:09:00-05:00,AAPL,241.33,241.54,241.3,241.38,18880
2025-01-06 10:09:00-05:00,MSFT,413.98,414.15,413.0,413.49,22986
2025-01-06 10:09:00-05:00,NVDA,140.27,140.3,140.16,140.21,22258
2025-01-06 10:09:00-05:00,TSLA,377.11,377.12,376.6,376.64,16195
2025-01-06 10:10:00-05:00,AAPL,241.38,241.84,241.31,241.75,31148
2025-01-06 10:10:00-05:00,MSFT,413.49,413.86,413.25,413.74,16051
2025-01-06 10:10:00-05:00,NVDA,140.21,140.23,140.05,140.06,17159
2025-01-06 10:10:00-05:00,TSLA,376.64,377.03,375.88,375.97,31048
2025-01-06 10:11:00-05:00,AAPL,241.75,241.93,241.38,241.39,33711
2025-01-06 10:11:00-05:00,MSFT,413.74,413.97,413.49,413.64,16219
2025-01-06 10:11:00-05:00,NVDA,140.06,140.13,139.83,139.9,28860
2025-01-06 10:11:00-05:00,TSLA,375.97,376.39,375.9,376.0,22367
2025-01-06 10:12:00-05:00,AAPL,241.39,241.68,241.39,241.6,6378
2025-01-06 10:12:00-05:00,MSFT,413.64,413.92,412.97,413.28,41937
2025-01-06 10:12:00-05:00,NVDA,139.9,139.97,139.88,139.92,40321
2025-01-06 10:12:00-05:00,TSLA,376.0,376.53,375.84,376.4,29209
2025-01-06 10:13:00-05:00,AAPL,241.6,241.76,241.55,241.69,19432
2025-01-06 10:13:00-05:00,MSFT,413.28,413.68,412.68,412.79,10323
2025-01-06 10:13:00-05:00,NVDA,139.92,139.94,139.68,139.72,49775
2025-01-06 10:13:00-05:00,TSLA,376.4,377.14,376.35,377.12,33818
2025-01-06 10:14:00-05:00,AAPL,241.69,242.08,241.65,242.07,7058
2025-01-06 10:14:00-05:00,MSFT,412.79,413.44,412.52,413.36,42495
2025-01-06 10:14:00-05:00,NVDA,139.72,139.72,139.49,139.54,47002
2025-01-06 10:14:00-05:00,TSLA,377.12,377.15,376.85,376.86,48743
2025-01-06 10:15:00-05:00,AAPL,242.07,242.13,242.03,242.1,20597
2025-01-06 10:15:00-05:00,MSFT,413.36,413.62,412.93,413.08,37639
2025-01-06 10:15:00-05:00,NVDA,139.54,139.55,139.43,139.46,48181
2025-01-06 10:15:00-05:00,TSLA,376.86,377.22,376.7,376.99,40484
2025-01-06 10:16:00-05:00,AAPL,242.1,242.24,241.86,242.05,42423
2025-01-06 10:16:00-05:00,MSFT,413.08,413.65,412.97,413.48,21048
2025-01-06 10:16:00-05:00,NVDA,139.46,139.75,139.36,139.7,18243
2025-01-06 10:16:00-05:00,TSLA,376.99,377.15,376.44,376.45,30369
2025-01-06 10:17:00-05:00,AAPL,242.05,242.13,241.92,241.96,35996
2025-01-06 10:17:00-05:00,MSFT,413.48,413.59,412.91,413.21,24492
2025-01-06 10:17:00-05:00,NVDA,139.7,139.95,139.67,139.91,7085
2025-01-06 10:17:00-05:00,TSLA,376.45,376.66,376.27,376.58,40095
2025-01-06 10:18:00-05:00,AAPL,241.96,242.09,241.85,242.02,32759
2025-01-06 10:18:00-05:00,MSFT,413.21,413.3,412.49,412.61,35437
2025-01-06 10:18:00-05:00,NVDA,139.91,139.97,139.62,139.67,43685
2025-01-06 10:18:00-05:00,TSLA,376.58,376.99,376.12,376.24,24585
2025-01-06 10:19:00-05:00,AAPL,242.02,242.37,241.89,242.17,8550
2025-01-06 10:19:00-05:00,MSFT,412.61,413.05,412.34,412.97,25485
2025-01-06 10:19:00-05:00,NVDA,139.67,139.67,139.46,139.53,44711
2025-01-06 10:19:00-05:00,TSLA,376.24,376.6,375.93,376.12,7275
2025-01-06 10:20:00-05:00,AAPL,242.17,242.48,241.75,241.85,27236
2025-01-06 10:20:00-05:00,MSFT,412.97,413.34,412.78,413.2,31130
2025-01-06 10:20:00-05:00,NVDA,139.53,139.54,139.44,139.53,10240
2025-01-06 10:20:00-05:00,TSLA,376.12,376.13,375.22,375.31,45650
2025-01-06 10:21:00-05:00,AAPL,241.85,242.01,241.79,241.99,17556
2025-01-06 10:21:00-05:00,MSFT,413.2,413.34,413.02,413.17,41808
2025-01-06 10:21:00-05:00,NVDA,139.53,139.63,139.41,139.43,28653
2025-01-06 10:21:00-05:00,TSLA,375.31,375.59,374.4,374.77,34428
2025-01-06 10:22:00-05:00,AAPL,241.99,242.21,241.9,242.09,21371
2025-01-06 10:22:00-05:00,MSFT,413.17,413.51,413.01,413.41,14232
2025-01-06 10:22:00-05:00,NVDA,139.43,139.49,139.06,139.12,8820
2025-01-06 10:22:00-05:00,TSLA,374.77,375.75,374.43,375.27,13269
2025-01-06 10:23:00-05:00,AAPL,242.09,242.21,242.06,242.18,41066
2025-01-06 10:23:00-05:00,MSFT,413.41,413.86,413.31,413.72,30175
2025-01-06 10:23:00-05:00,NVDA,139.12,139.21,139.07,139.19,7664
2025-01-06 10:23:00-05:00,TSLA,375.27,375.34,375.13,375.15,49769
2025-01-06 10:24:00-05:00,AAPL,242.18,242.57,242.16,242.47,11112
2025-01-06 10:24:00-05:00,MSFT,413.72,414.16,413.29,414.0,26458
2025-01-06 10:24:00-05:00,NVDA,139.19,139.32,139.12,139.16,39044
2025-01-06 10:24:00-05:00,TSLA,375.15,375.4,373.72,373.97,21900
2025-01-06 10:25:00-05:00,AAPL,242.47,242.68,242.35,242.46,15899
2025-01-06 10:25:00-05:00,MSFT,414.0,414.3,413.66,413.79,17440
2025-01-06 10:25:00-05:00,NVDA,139.16,139.3,139.1,139.21,39842
2025-01-06 10:25:00-05:00,TSLA,373.97,374.1,373.19,373.46,9391
2025-01-06 10:26:00-05:00,AAPL,242.46,242.54,242.06,242.23,15789
2025-01-06 10:26:00-05:00,MSFT,413.79,414.07,413.55,413.83,25220
2025-01-06 10:26:00-05:00,NVDA,139.21,139.24,139.09,139.14,16724
2025-01-06 10:26:00-05:00,TSLA,373.46,373.99,373.11,373.87,39058
2025-01-06 10:27:00-05:00,AAPL,242.23,242.48,241.6,241.84,22380
2025-01-06 10:27:00-05:00,MSFT,413.83,413.92,413.79,413.79,30771
2025-01-06 10:27:00-05:00,NVDA,139.14,139.22,138.96,138.99,11914
2025-01-06 10:27:00-05:00,TSLA,373.87,374.24,373.53,373.63,45832
2025-01-06 10:28:00-05:00,AAPL,241.84,242.31,241.8,242.22,41422
2025-01-06 10:28:00-05:00,MSFT,413.79,413.81,412.67,412.71,8312
2025-01-06 10:28:00-05:00,NVDA,138.99,139.1,138.94,139.01,32988
2025-01-06 10:28:00-05:00,TSLA,373.63,373.8,372.99,373.07,42132
2025-01-06 10:29:00-05:00,AAPL,242.22,242.65,242.1,242.58,17445
2025-01-06 10:29:00-05:00,MSFT,412.71,413.14,412.44,413.09,47877
2025-01-06 10:29:00-05:00,NVDA,139.01,139.04,138.79,138.82,16822
2025-01-06 10:29:00-05:00,TSLA,373.07,373.48,372.9,373.21,11566
2025-01-06 10:30:00-05:00,AAPL,242.58,242.89,242.27,242.4,25552
2025-01-06 10:30:00-05:00,MSFT,413.09,413.24,412.83,412.93,13777
2025-01-06 10:30:00-05:00,NVDA,138.82,138.85,138.61,138.66,44316
2025-01-06 10:30:00-05:00,TSLA,373.21,373.75,373.09,373.64,40103
2025-01-06 10:31:00-05:00,AAPL,242.4,242.55,242.2,242.26,37954
2025-01-06 10:31:00-05:00,MSFT,412.93,413.19,412.71,412.94,31427
2025-01-06 10:31:00-05:00,NVDA,138.66,138.72,138.5,138.52,25653
2025-01-06 10:31:00-05:00,TSLA,373.64,374.1,373.38,373.82,22310
2025-01-06 10:32:00-05:00,AAPL,242.26,242.59,242.12,242.52,17178
2025-01-06 10:32:00-05:00,MSFT,412.94,413.1,412.54,412.66,41256
2025-01-06 10:32:00-05:00,NVDA,138.52,138.59,138.03,138.07,46500
2025-01-06 10:32:00-05:00,TSLA,373.82,373.96,373.46,373.5,23049
2025-01-06 10:33:00-05:00,AAPL,242.52,242.66,242.5,242.62,20414
2025-01-06 10:33:00-05:00,MSFT,412.66,412.71,412.34,412.54,34514
2025-01-06 10:33:00-05:00,NVDA,138.07,138.17,137.9,137.95,44872
2025-01-06 10:33:00-05:00,TSLA,373.5,373.71,373.28,373.43,49617
2025-01-06 10:34:00-05:00,AAPL,242.62,242.78,242.0,242.14,7604
2025-01-06 10:34:00-05:00,MSFT,412.54,412.74,412.23,412.57,12786
2025-01-06 10:34:00-05:00,NVDA,137.95,138.05,137.89,137.96,21651
2025-01-06 10:34:00-05:00,TSLA,373.43,373.48,373.26,373.39,20569
2025-01-06 10:35:00-05:00,AAPL,242.14,242.23,241.91,242.0,43251
2025-01-06 10:35:00-05:00,MSFT,412.57,412.63,412.46,412.53,29457
2025-01-06 10:35:00-05:00,NVDA,137.96,138.13,137.9,138.08,31023
2025-01-06 10:35:00-05:00,TSLA,373.39,373.59,373.12,373.18,22601
2025-01-06 10:36:00-05:00,AAPL,242.0,242.04,241.8,241.81,25590
2025-01-06 10:36:00-05:00,MSFT,412.53,412.81,412.21,412.63,18045
2025-01-06 10:36:00-05:00,NVDA,138.08,138.12,138.08,138.12,13852
2025-01-06 10:36:00-05:00,TSLA,373.18,373.26,373.11,373.24,23372
2025-01-06 10:37:00-05:00,AAPL,241.81,242.18,241.69,242.17,49019
2025-01-06 10:37:00-05:00,MSFT,412.63,412.8,412.24,412.37,7638
2025-01-06 10:37:00-05:00,NVDA,138.12,138.2,138.12,138.14,24682
2025-01-06 10:37:00-05:00,TSLA,373.24,373.44,372.64,372.95,49882
2025-01-06 10:38:00-05:00,AAPL,242.17,242.28,241.75,242.01,5610
2025-01-06 10:38:00-05:00,MSFT,412.37,412.61,412.25,412.58,34949
2025-01-06 10:38:00-05:00,NVDA,138.14,138.24,138.09,138.24,23085
2025-01-06 10:38:00-05:00,TSLA,372.95,373.78,372.61,373.56,34039
2025-01-06 10:39:00-05:00,AAPL,242.01,242.43,241.66,241.77,11552
2025-01-06 10:39:00-05:00,MSFT,412.58,413.25,412.23,412.99,14160
2025-01-06 10:39:00-05:00,NVDA,138.24,138.53,138.2,138.46,42399
2025-01-06 10:39:00-05:00,TSLA,373.56,374.34,373.4,374.32,32313
2025-01-06 10:40:00-05:00,AAPL,241.77,241.96,241.74,241.92,9508
2025-01-06 10:40:00-05:00,MSFT,412.99,413.24,412.39,412.72,24610
2025-01-06 10:40:00-05:00,NVDA,138.46,138.55,138.4,138.53,14070
2025-01-06 10:40:00-05:00,TSLA,374.32,374.37,373.8,374.19,31684
2025-01-06 10:41:00-05:00,AAPL,241.92,242.56,241.84,242.48,15338
2025-01-06 10:41:00-05:00,MSFT,412.72,414.0,412.58,413.8,38404
2025-01-06 10:41:00-05:00,NVDA,138.53,138.57,138.39,138.56,21374
2025-01-06 10:41:00-05:00,TSLA,374.19,374.51,373.87,374.49,29504
2025-01-06 10:42:00-05:00,AAPL,242.48,242.54,242.09,242.2,47858
2025-01-06 10:42:00-05:00,MSFT,413.8,413.87,413.04,413.16,29140
2025-01-06 10:42:00-05:00,NVDA,138.56,138.72,138.5,138.59,19249
2025-01-06 10:42:00-05:00,TSLA,374.49,374.88,374.4,374.68,38213
2025-01-06 10:43:00-05:00,AAPL,242.2,243.04,242.17,242.86,41346
2025-01-06 10:43:00-05:00,MSFT,413.16,413.93,413.07,413.88,32298
2025-01-06 10:43:00-05:00,NVDA,138.59,138.68,138.48,138.67,36623
2025-01-06 10:43:00-05:00,TSLA,374.68,375.22,374.49,374.95,39359
2025-01-06 10:44:00-05:00,AAPL,242.86,243.03,242.69,242.75,12564
2025-01-06 10:44:00-05:00,MSFT,413.88,414.07,413.19,413.24,6746
2025-01-06 10:44:00-05:00,NVDA,138.67,138.9,138.64,138.79,11249
2025-01-06 10:44:00-05:00,TSLA,374.95,375.05,374.83,375.02,8776
2025-01-06 10:45:00-05:00,AAPL,242.75,242.9,242.57,242.7,15187
2025-01-06 10:45:00-05:00,MSFT,413.24,413.37,412.53,412.62,47964
2025-01-06 10:45:00-05:00,NVDA,138.79,138.84,138.59,138.62,42767
2025-01-06 10:45:00-05:00,TSLA,375.02,375.68,374.81,375.68,28617
2025-01-06 10:46:00-05:00,AAPL,242.7,242.86,242.63,242.65,46565
2025-01-06 10:46:00-05:00,MSFT,412.62,413.12,412.33,412.77,43241
2025-01-06 10:46:00-05:00,NVDA,138.62,138.7,138.38,138.44,33462
2025-01-06 10:46:00-05:00,TSLA,375.68,375.82,375.5,375.6,46642
2025-01-06 10:47:00-05:00,AAPL,242.65,242.74,242.38,242.49,21457
2025-01-06 10:47:00-05:00,MSFT,412.77,413.02,412.43,412.46,45615
2025-01-06 10:47:00-05:00,NVDA,138.44,138.56,138.31,138.38,19858
2025-01-06 10:47:00-05:00,TSLA,375.6,375.85,375.07,375.2,20855
2025-01-06 10:48:00-05:00,AAPL,242.49,243.01,242.38,242.88,23132
2025-01-06 10:48:00-05:00,MSFT,412.46,412.72,412.39,412.52,42523
2025-01-06 10:48:00-05:00,NVDA,138.38,138.51,138.29,138.38,46431
2025-01-06 10:48:00-05:00,TSLA,375.2,375.38,374.68,374.85,43461
2025-01-06 10:49:00-05:00,AAPL,242.88,243.13,242.85,243.02,13573
2025-01-06 10:49:00-05:00,MSFT,412.52,412.61,412.21,412.24,6241
2025-01-06 10:49:00-05:00,NVDA,138.38,138.42,138.25,138.29,7698
2025-01-06 10:49:00-05:00,TSLA,374.85,375.69,374.8,375.53,21951
2025-01-06 10:50:00-05:00,AAPL,243.02,243.09,242.89,242.9,33028
2025-01-06 10:50:00-05:00,MSFT,412.24,412.32,411.72,411.84,37887
2025-01-06 10:50:00-05:00,NVDA,138.29,138.37,138.16,138.21,15039
2025-01-06 10:50:00-05:00,TSLA,375.53,375.82,375.49,375.53,15676
2025-01-06 10:51:00-05:00,AAPL,242.9,242.95,242.57,242.59,14768
2025-01-06 10:51:00-05:00,MSFT,411.84,412.05,411.38,411.98,9081
2025-01-06 10:51:00-05:00,NVDA,138.21,138.51,138.18,138.4,30747
2025-01-06 10:51:00-05:00,TSLA,375.53,376.09,375.27,375.89,19045
2025-01-06 10:52:00-05:00,AAPL,242.59,242.66,242.09,242.15,13352
2025-01-06 10:52:00-05:00,MSFT,411.98,412.22,411.16,411.84,36350
2025-01-06 10:52:00-05:00,NVDA,138.4,138.65,138.37,138.63,33307
2025-01-06 10:52:00-05:00,TSLA,375.89,376.44,375.82,376.23,31837
2025-01-06 10:53:00-05:00,AAPL,242.15,242.26,242.05,242.08,7614
2025-01-06 10:53:00-05:00,MSFT,411.84,412.02,411.27,411.3,16349
2025-01-06 10:53:00-05:00,NVDA,138.63,138.65,138.53,138.6,13663
2025-01-06 10:53:00-05:00,TSLA,376.23,376.6,375.93,375.96,49708
2025-01-06 10:54:00-05:00,AAPL,242.08,242.26,242.08,242.21,41692
2025-01-06 10:54:00-05:00,MSFT,411.3,411.36,410.51,410.81,49613
2025-01-06 10:54:00-05:00,NVDA,138.6,138.67,138.52,138.52,22206
2025-01-06 10:54:00-05:00,TSLA,375.96,376.81,375.81,376.79,5554
2025-01-06 10:55:00-05:00,AAPL,242.21,242.41,242.13,242.32,45675
2025-01-06 10:55:00-05:00,MSFT,410.81,411.01,410.38,410.63,44981
2025-01-06 10:55:00-05:00,NVDA,138.52,138.59,138.31,138.35,13544
2025-01-06 10:55:00-05:00,TSLA,376.79,376.83,376.13,376.38,25018
2025-01-06 10:56:00-05:00,AAPL,242.32,242.6,242.31,242.32,16603
2025-01-06 10:56:00-05:00,MSFT,410.63,410.68,409.57,409.6,24504
2025-01-06 10:56:00-05:00,NVDA,138.35,138.44,138.33,138.36,42442
2025-01-06 10:56:00-05:00,TSLA,376.38,376.67,376.18,376.24,27853
2025-01-06 10:57:00-05:00,AAPL,242.32,242.48,242.3,242.46,26770
2025-01-06 10:57:00-05:00,MSFT,409.6,409.98,409.28,409.94,37047
2025-01-06 10:57:00-05:00,NVDA,138.36,138.52,138.27,138.49,39357
2025-01-06 10:57:00-05:00,TSLA,376.24,377.16,376.21,377.03,24801
2025-01-06 10:58:00-05:00,AAPL,242.46,242.63,242.36,242.51,21263
2025-01-06 10:58:00-05:00,MSFT,409.94,410.11,409.45,409.78,22921
2025-01-06 10:58:00-05:00,NVDA,138.49,138.52,138.48,138.49,42749
2025-01-06 10:58:00-05:00,TSLA,377.03,377.35,376.65,376.72,38522
2025-01-06 10:59:00-05:00,AAPL,242.51,242.53,241.95,242.16,12084
2025-01-06 10:59:00-05:00,MSFT,409.78,409.84,409.22,409.48,40598
2025-01-06 10:59:00-05:00,NVDA,138.49,138.58,138.31,138.37,32757
2025-01-06 10:59:00-05:00,TSLA,376.72,377.32,376.72,376.83,29525
2025-01-06 11:00:00-05:00,AAPL,242.16,242.18,242.03,242.11,35166
2025-01-06 11:00:00-05:00,MSFT,409.48,409.87,408.44,408.65,14599
2025-01-06 11:00:00-05:00,NVDA,138.37,138.4,138.25,138.31,24976
2025-01-06 11:00:00-05:00,TSLA,376.83,376.93,376.3,376.36,36571
2025-01-06 11:01:00-05:00,AAPL,242.11,242.27,241.93,242.14,19915
2025-01-06 11:01:00-05:00,MSFT,408.65,408.69,407.57,407.73,10179
2025-01-06 11:01:00-05:00,NVDA,138.31,138.51,138.25,138.48,33980
2025-01-06 11:01:00-05:00,TSLA,376.36,377.44,376.14,376.92,46982
2025-01-06 11:02:00-05:00,AAPL,242.14,242.38,242.06,242.2,9549
2025-01-06 11:02:00-05:00,MSFT,407.73,407.91,407.47,407.48,18242
2025-01-06 11:02:00-05:00,NVDA,138.48,138.53,138.33,138.37,49915
2025-01-06 11:02:00-05:00,TSLA,376.92,377.06,376.52,376.78,47694
2025-01-06 11:03:00-05:00,AAPL,242.2,242.42,242.18,242.32,47040
2025-01-06 11:03:00-05:00,MSFT,407.48,408.02,407.34,407.94,41832
2025-01-06 11:03:00-05:00,NVDA,138.37,138.45,138.24,138.32,10623
2025-01-06 11:03:00-05:00,TSLA,376.78,376.81,375.91,376.01,20748
2025-01-06 11:04:00-05:00,AAPL,242.32,242.33,241.9,241.96,6808
2025-01-06 11:04:00-05:00,MSFT,407.94,408.04,407.67,407.87,20889
2025-01-06 11:04:00-05:00,NVDA,138.32,138.38,138.17,138.36,23853
2025-01-06 11:04:00-05:00,TSLA,376.01,376.76,375.93,376.56,48288
2025-01-06 11:05:00-05:00,AAPL,241.96,242.2,241.57,241.78,16702
2025-01-06 11:05:00-05:00,MSFT,407.87,408.29,407.37,407.51,19789
2025-01-06 11:05:00-05:00,NVDA,138.36,138.47,138.25,138.26,12292
2025-01-06 11:05:00-05:00,TSLA,376.56,376.6,375.99,376.08,6668
2025-01-06 11:06:00-05:00,AAPL,241.78,241.95,241.01,241.17,27654
2025-01-06 11:06:00-05:00,MSFT,407.51,407.56,407.14,407.42,11589
2025-01-06 11:06:00-05:00,NVDA,138.26,138.33,138.15,138.21,18885
2025-01-06 11:06:00-05:00,TSLA,376.08,376.62,375.34,375.35,30445
2025-01-06 11:07:00-05:00,AAPL,241.17,241.26,241.07,241.25,44728
2025-01-06 11:07:00-05:00,MSFT,407.42,407.81,407.32,407.76,41067
2025-01-06 11:07:00-05:00,NVDA,138.21,138.43,138.13,138.41,21951
2025-01-06 11:07:00-05:00,TSLA,375.35,375.76,375.1,375.74,42489
2025-01-06 11:08:00-05:00,AAPL,241.25,241.38,241.19,241.37,7908
2025-01-06 11:08:00-05:00,MSFT,407.76,408.02,407.52,408.0,36175
2025-01-06 11:08:00-05:00,NVDA,138.41,138.44,138.12,138.23,48795
2025-01-06 11:08:00-05:00,TSLA,375.74,376.04,375.67,375.88,46832
2025-01-06 11:09:00-05:00,AAPL,241.37,241.37,241.27,241.28,40287
2025-01-06 11:09:00-05:00,MSFT,408.0,408.13,407.29,407.31,23824
2025-01-06 11:09:00-05:00,NVDA,138.23,138.32,138.21,138.22,48484
2025-01-06 11:09:00-05:00,TSLA,375.88,375.97,374.92,375.32,49031
2025-01-06 11:10:00-05:00,AAPL,241.28,241.54,241.05,241.06,33265
2025-01-06 11:10:00-05:00,MSFT,407.31,407.57,406.99,407.06,42626
2025-01-06 11:10:00-05:00,NVDA,138.22,138.23,138.08,138.12,45498
2025-01-06 11:10:00-05:00,TSLA,375.32,375.44,374.99,375.12,41585
2025-01-06 11:11:00-05:00,AAPL,241.06,241.22,240.82,240.9,26639
2025-01-06 11:11:00-05:00,MSFT,407.06,407.1,406.63,406.96,7444
2025-01-06 11:11:00-05:00,NVDA,138.12,138.16,138.04,138.15,5546
2025-01-06 11:11:00-05:00,TSLA,375.12,375.64,375.04,375.6,13384
2025-01-06 11:12:00-05:00,AAPL,240.9,241.02,240.47,240.65,38234
2025-01-06 11:12:00-05:00,MSFT,406.96,407.25,406.87,407.18,7381
2025-01-06 11:12:00-05:00,NVDA,138.15,138.38,138.07,138.34,28607
2025-01-06 11:12:00-05:00,TSLA,375.6,375.9,375.18,375.57,49545
2025-01-06 11:13:00-05:00,AAPL,240.65,241.05,240.54,241.01,31371
2025-01-06 11:13:00-05:00,MSFT,407.18,407.38,407.01,407.01,37465
2025-01-06 11:13:00-05:00,NVDA,138.34,138.35,138.07,138.08,47559
2025-01-06 11:13:00-05:00,TSLA,375.57,375.79,375.11,375.27,19565
2025-01-06 11:14:00-05:00,AAPL,241.01,241.15,240.85,240.91,29847
2025-01-06 11:14:00-05:00,MSFT,407.01,407.58,406.89,407.27,7455
2025-01-06 11:14:00-05:00,NVDA,138.08,138.21,137.68,137.79,25673
2025-01-06 11:14:00-05:00,TSLA,375.27,375.51,374.77,374.89,26713
2025-01-06 11:15:00-05:00,AAPL,240.91,241.35,240.68,241.24,45338
2025-01-06 11:15:00-05:00,MSFT,407.27,407.53,407.01,407.03,12032
2025-01-06 11:15:00-05:00,NVDA,137.79,137.88,137.77,137.78,10768
2025-01-06 11:15:00-05:00,TSLA,374.89,375.68,374.71,375.51,35393
2025-01-06 11:16:00-05:00,AAPL,241.24,241.29,240.97,241.02,18774
2025-01-06 11:16:00-05:00,MSFT,407.03,407.44,406.75,407.36,39361
2025-01-06 11:16:00-05:00,NVDA,137.78,137.91,137.63,137.84,6408
2025-01-06 11:16:00-05:00,TSLA,375.51,375.93,375.34,375.76,45675
2025-01-06 11:17:00-05:00,AAPL,241.02,241.16,240.77,240.84,47906
2025-01-06 11:17:00-05:00,MSFT,407.36,408.01,407.34,407.53,38044
2025-01-06 11:17:00-05:00,NVDA,137.84,138.07,137.8,137.92,24983
2025-01-06 11:17:00-05:00,TSLA,375.76,376.12,375.22,375.39,37799
2025-01-06 11:18:00-05:00,AAPL,240.84,240.96,240.67,240.73,16120
2025-01-06 11:18:00-05:00,MSFT,407.53,407.56,407.18,407.27,35075
2025-01-06 11:18:00-05:00,NVDA,137.92,137.98,137.81,137.85,28062
2025-01-06 11:18:00-05:00,TSLA,375.39,375.99,375.2,375.8,14881
2025-01-06 11:19:00-05:00,AAPL,240.73,240.78,240.39,240.47,48506
2025-01-06 11:19:00-05:00,MSFT,407.27,407.62,407.01,407.43,5923
2025-01-06 11:19:00-05:00,NVDA,137.85,138.0,137.8,137.96,37850
2025-01-06 11:19:00-05:00,TSLA,375.8,375.88,375.63,375.73,31816
2025-01-06 11:20:00-05:00,AAPL,240.47,240.55,240.24,240.32,49092
2025-01-06 11:20:00-05:00,MSFT,407.43,407.79,407.06,407.37,16501
2025-01-06 11:20:00-05:00,NVDA,137.96,137.98,137.95,137.95,6931
2025-01-06 11:20:00-05:00,TSLA,375.73,376.55,375.63,376.52,16819
2025-01-06 11:21:00-05:00,AAPL,240.32,240.4,239.76,239.96,14656
2025-01-06 11:21:00-05:00,MSFT,407.37,407.59,406.9,407.09,31574
2025-01-06 11:21:00-05:00,NVDA,137.95,138.25,137.89,138.09,19783
2025-01-06 11:21:00-05:00,TSLA,376.52,376.56,376.29,376.5,46355
2025-01-06 11:22:00-05:00,AAPL,239.96,240.15,239.73,240.14,9772
2025-01-06 11:22:00-05:00,MSFT,407.09,407.54,406.83,407.32,17109
2025-01-06 11:22:00-05:00,NVDA,138.09,138.38,138.07,138.26,30048
2025-01-06 11:22:00-05:00,TSLA,376.5,376.84,376.31,376.83,18722
2025-01-06 11:23:00-05:00,AAPL,240.14,240.45,240.07,240.21,42727
2025-01-06 11:23:00-05:00,MSFT,407.32,407.86,407.29,407.63,21256
2025-01-06 11:23:00-05:00,NVDA,138.26,138.36,138.2,138.21,45994
2025-01-06 11:23:00-05:00,TSLA,376.83,376.99,376.72,376.98,15383
2025-01-06 11:24:00-05:00,AAPL,240.21,240.51,240.12,240.34,47995
2025-01-06 11:24:00-05:00,MSFT,407.63,408.04,407.48,408.03,26602
2025-01-06 11:24:00-05:00,NVDA,138.21,138.28,138.08,138.15,25472
2025-01-06 11:24:00-05:00,TSLA,376.98,377.0,376.12,376.34,46516
2025-01-06 11:25:00-05:00,AAPL,240.34,240.45,240.11,240.35,11985
2025-01-06 11:25:00-05:00,MSFT,408.03,408.24,407.72,408.14,5749
2025-01-06 11:25:00-05:00,NVDA,138.15,138.2,138.06,138.09,40535
2025-01-06 11:25:00-05:00,TSLA,376.34,376.79,376.25,376.61,36286
2025-01-06 11:26:00-05:00,AAPL,240.35,240.46,240.29,240.38,35444
2025-01-06 11:26:00-05:00,MSFT,408.14,408.33,408.08,408.11,35500
2025-01-06 11:26:00-05:00,NVDA,138.09,138.3,138.0,138.23,18258
2025-01-06 11:26:00-05:00,TSLA,376.61,376.64,376.47,376.53,5922
2025-01-06 11:27:00-05:00,AAPL,240.38,240.47,240.0,240.03,12953
2025-01-06 11:27:00-05:00,MSFT,408.11,408.78,407.92,408.71,37933
2025-01-06 11:27:00-05:00,NVDA,138.23,138.27,138.08,138.13,39328
2025-01-06 11:27:00-05:00,TSLA,376.53,377.13,376.33,376.88,39801
2025-01-06 11:28:00-05:00,AAPL,240.03,240.09,239.43,239.61,44023
2025-01-06 11:28:00-05:00,MSFT,408.71,409.67,408.67,409.47,46858
2025-01-06 11:28:00-05:00,NVDA,138.13,138.29,138.03,138.25,48006
2025-01-06 11:28:00-05:00,TSLA,376.88,377.35,376.78,377.09,27567
2025-01-06 11:29:00-05:00,AAPL,239.61,239.69,238.81,238.99,34004
2025-01-06 11:29:00-05:00,MSFT,409.47,409.62,408.76,408.85,45280
2025-01-06 11:29:00-05:00,NVDA,138.25,138.39,138.06,138.12,25807
2025-01-06 11:29:00-05:00,TSLA,377.09,377.12,376.81,376.89,37986
2025-01-06 11:30:00-05:00,AAPL,238.99,239.11,238.47,238.7,40905
2025-01-06 11:30:00-05:00,MSFT,408.85,409.54,408.63,409.04,44697
2025-01-06 11:30:00-05:00,NVDA,138.12,138.32,138.11,138.28,14536
2025-01-06 11:30:00-05:00,TSLA,376.89,376.95,376.63,376.7,24059
2025-01-06 11:31:00-05:00,AAPL,238.7,238.77,238.67,238.69,36108
2025-01-06 11:31:00-05:00,MSFT,409.04,409.32,408.81,409.1,35856
2025-01-06 11:31:00-05:00,NVDA,138.28,138.3,138.07,138.19,32134
2025-01-06 11:31:00-05:00,TSLA,376.7,376.92,376.36,376.42,39348
2025-01-06 11:32:00-05:00,AAPL,238.69,238.75,238.26,238.31,39163
2025-01-06 11:32:00-05:00,MSFT,409.1,409.5,408.94,409.13,49586
2025-01-06 11:32:00-05:00,NVDA,138.19,138.31,138.19,138.3,46736
2025-01-06 11:32:00-05:00,TSLA,376.42,376.76,375.84,376.01,37124
2025-01-06 11:33:00-05:00,AAPL,238.31,238.4,238.14,238.15,33827
2025-01-06 11:33:00-05:00,MSFT,409.13,409.14,408.09,408.51,10365
2025-01-06 11:33:00-05:00,NVDA,138.3,138.35,138.02,138.04,17316
2025-01-06 11:33:00-05:00,TSLA,376.01,376.09,375.91,376.0,31436
2025-01-06 11:34:00-05:00,AAPL,238.15,238.37,238.14,238.32,40399
2025-01-06 11:34:00-05:00,MSFT,408.51,408.55,407.73,408.02,12353
2025-01-06 11:34:00-05:00,NVDA,138.04,138.14,138.03,138.11,22489
2025-01-06 11:34:00-05:00,TSLA,376.0,376.29,375.87,376.27,6436
2025-01-06 11:35:00-05:00,AAPL,238.32,238.59,238.29,238.53,30102
2025-01-06 11:35:00-05:00,MSFT,408.02,408.96,407.92,408.72,38127
2025-01-06 11:35:00-05:00,NVDA,138.11,138.18,137.86,137.92,44083
2025-01-06 11:35:00-05:00,TSLA,376.27,376.37,376.19,376.25,29024
2025-01-06 11:36:00-05:00,AAPL,238.53,238.71,238.29,238.4,40560
2025-01-06 11:36:00-05:00,MSFT,408.72,409.11,408.51,408.87,33956
2025-01-06 11:36:00-05:00,NVDA,137.92,138.04,137.85,137.94,36234
2025-01-06 11:36:00-05:00,TSLA,376.25,376.57,375.9,376.09,40044
2025-01-06 11:37:00-05:00,AAPL,238.4,238.54,238.39,238.5,32534
2025-01-06 11:37:00-05:00,MSFT,408.87,409.66,408.78,409.56,43217
2025-01-06 11:37:00-05:00,NVDA,137.94,138.19,137.84,138.1,35720
2025-01-06 11:37:00-05:00,TSLA,376.09,376.65,375.91,376.47,8143
2025-01-06 11:38:00-05:00,AAPL,238.5,238.63,238.17,238.19,42728
2025-01-06 11:38:00-05:00,MSFT,409.56,409.59,408.62,408.69,13647
2025-01-06 11:38:00-05:00,NVDA,138.1,138.16,138.02,138.07,14012
2025-01-06 11:38:00-05:00,TSLA,376.47,376.7,375.89,376.18,32313
2025-01-06 11:39:00-05:00,AAPL,238.19,238.2,238.16,238.17,28052
2025-01-06 11:39:00-05:00,MSFT,408.69,408.96,408.67,408.74,8783
2025-01-06 11:39:00-05:00,NVDA,138.07,138.1,137.9,137.94,31777
2025-01-06 11:39:00-05:00,TSLA,376.18,376.34,376.15,376.25,21563
2025-01-06 11:40:00-05:00,AAPL,238.17,238.28,237.92,238.1,40272
2025-01-06 11:40:00-05:00,MSFT,408.74,408.85,408.15,408.17,21676
2025-01-06 11:40:00-05:00,NVDA,137.94,137.95,137.93,137.94,48996
2025-01-06 11:40:00-05:00,TSLA,376.25,376.27,375.95,376.04,24733
2025-01-06 11:41:00-05:00,AAPL,238.1,238.1,237.67,237.82,44534
2025-01-06 11:41:00-05:00,MSFT,408.17,408.39,407.86,408.25,42900
2025-01-06 11:41:00-05:00,NVDA,137.94,138.2,137.93,138.08,9334
2025-01-06 11:41:00-05:00,TSLA,376.04,376.12,375.5,375.54,39098
2025-01-06 11:42:00-05:00,AAPL,237.82,238.12,237.8,238.04,30484
2025-01-06 11:42:00-05:00,MSFT,408.25,408.72,408.17,408.63,8948
2025-01-06 11:42:00-05:00,NVDA,138.08,138.38,137.99,138.23,26292
2025-01-06 11:42:00-05:00,TSLA,375.54,375.79,375.25,375.48,11875
2025-01-06 11:43:00-05:00,AAPL,238.04,238.4,237.89,238.31,31497
2025-01-06 11:43:00-05:00,MSFT,408.63,408.7,408.11,408.14,35937
2025-01-06 11:43:00-05:00,NVDA,138.23,138.4,138.12,138.3,33020
2025-01-06 11:43:00-05:00,TSLA,375.48,376.28,375.46,376.02,23527
2025-01-06 11:44:00-05:00,AAPL,238.31,238.54,237.95,238.24,40004
2025-01-06 11:44:00-05:00,MSFT,408.14,408.59,408.1,408.55,47328
2025-01-06 11:44:00-05:00,NVDA,138.3,138.31,138.26,138.27,25506
2025-01-06 11:44:00-05:00,TSLA,376.02,376.21,375.98,376.15,22235
2025-01-06 11:45:00-05:00,AAPL,238.24,238.36,237.9,237.92,41987
2025-01-06 11:45:00-05:00,MSFT,408.55,408.74,407.82,407.86,30066
2025-01-06 11:45:00-05:00,NVDA,138.27,138.4,138.04,138.14,42482
2025-01-06 11:45:00-05:00,TSLA,376.15,376.64,375.71,376.39,28456
2025-01-06 11:46:00-05:00,AAPL,237.92,237.96,237.65,237.87,16909
2025-01-06 11:46:00-05:00,MSFT,407.86,408.0,406.94,407.0,48371
2025-01-06 11:46:00-05:00,NVDA,138.14,138.19,137.91,138.0,39121
2025-01-06 11:46:00-05:00,TSLA,376.39,376.54,376.09,376.3,18611
2025-01-06 11:47:00-05:00,AAPL,237.87,238.19,237.83,238.08,18871
2025-01-06 11:47:00-05:00,MSFT,407.0,407.2,406.92,407.12,27791
2025-01-06 11:47:00-05:00,NVDA,138.0,138.06,137.78,137.83,7779
2025-01-06 11:47:00-05:00,TSLA,376.3,376.49,376.1,376.41,20368
2025-01-06 11:48:00-05:00,AAPL,238.08,238.11,237.8,237.87,32627
2025-01-06 11:48:00-05:00,MSFT,407.12,408.49,407.04,408.06,19594
2025-01-06 11:48:00-05:00,NVDA,137.83,137.94,137.64,137.9,7572
2025-01-06 11:48:00-05:00,TSLA,376.41,376.97,376.11,376.97,48845
2025-01-06 11:49:00-05:00,AAPL,237.87,237.87,237.69,237.74,6270
2025-01-06 11:49:00-05:00,MSFT,408.06,408.36,407.76,408.19,24553
2025-01-06 11:49:00-05:00,NVDA,137.9,137.98,137.78,137.81,46330
2025-01-06 11:49:00-05:00,TSLA,376.97,377.43,376.55,376.57,38535
2025-01-06 11:50:00-05:00,AAPL,237.74,237.78,237.66,237.74,9496
2025-01-06 11:50:00-05:00,MSFT,408.19,408.26,407.38,407.56,20051
2025-01-06 11:50:00-05:00,NVDA,137.81,137.91,137.68,137.9,23737
2025-01-06 11:50:00-05:00,TSLA,376.57,377.25,376.35,377.11,34933
2025-01-06 11:51:00-05:00,AAPL,237.74,237.77,237.52,237.69,7033
2025-01-06 11:51:00-05:00,MSFT,407.56,407.74,407.37,407.74,23064
2025-01-06 11:51:00-05:00,NVDA,137.9,138.08,137.88,138.01,45182
2025-01-06 11:51:00-05:00,TSLA,377.11,377.27,376.79,376.8,35426
2025-01-06 11:52:00-05:00,AAPL,237.69,237.86,237.62,237.84,13272
2025-01-06 11:52:00-05:00,MSFT,407.74,408.44,407.73,408.05,48266
2025-01-06 11:52:00-05:00,NVDA,138.01,138.24,137.95,138.19,47342
2025-01-06 11:52:00-05:00,TSLA,376.8,377.57,376.54,377.46,28607
2025-01-06 11:53:00-05:00,AAPL,237.84,237.92,237.83,237.86,19284
2025-01-06 11:53:00-05:00,MSFT,408.05,408.35,407.78,407.95,6025
2025-01-06 11:53:00-05:00,NVDA,138.19,138.3,138.07,138.1,12416
2025-01-06 11:53:00-05:00,TSLA,377.46,377.51,376.79,376.94,12595
2025-01-06 11:54:00-05:00,AAPL,237.86,237.88,237.57,237.68,12506
2025-01-06 11:54:00-05:00,MSFT,407.95,408.04,407.77,407.96,49041
2025-01-06 11:54:00-05:00,NVDA,138.1,138.26,138.03,138.18,30760
2025-01-06 11:54:00-05:00,TSLA,376.94,377.65,376.59,377.47,48473
2025-01-06 11:55:00-05:00,AAPL,237.68,237.93,237.61,237.92,25384
2025-01-06 11:55:00-05:00,MSFT,407.96,407.98,407.65,407.71,7899
2025-01-06 11:55:00-05:00,NVDA,138.18,138.24,138.03,138.07,16722
2025-01-06 11:55:00-05:00,TSLA,377.47,377.78,377.34,377.68,33686
2025-01-06 11:56:00-05:00,AAPL,237.92,237.98,237.85,237.96,29596
2025-01-06 11:56:00-05:00,MSFT,407.71,407.8,407.39,407.47,8699
2025-01-06 11:56:00-05:00,NVDA,138.07,138.11,137.68,137.79,10910
2025-01-06 11:56:00-05:00,TSLA,377.68,378.01,377.66,377.97,27460
2025-01-06 11:57:00-05:00,AAPL,237.96,238.44,237.85,238.29,9980
2025-01-06 11:57:00-05:00,MSFT,407.47,408.68,406.97,408.27,20346
2025-01-06 11:57:00-05:00,NVDA,137.79,137.79,137.51,137.62,15747
2025-01-06 11:57:00-05:00,TSLA,377.97,378.05,377.44,377.61,34919
2025-01-06 11:58:00-05:00,AAPL,238.29,238.41,237.9,237.91,24764
2025-01-06 11:58:00-05:00,MSFT,408.27,408.84,408.15,408.54,49075
2025-01-06 11:58:00-05:00,NVDA,137.62,137.65,137.55,137.61,28785
2025-01-06 11:58:00-05:00,TSLA,377.61,377.79,377.36,377.56,47522
2025-01-06 11:59:00-05:00,AAPL,237.91,238.37,237.78,238.28,12933
2025-01-06 11:59:00-05:00,MSFT,408.54,409.1,408.4,409.04,14388
2025-01-06 11:59:00-05:00,NVDA,137.61,137.8,137.55,137.71,38532
2025-01-06 11:59:00-05:00,TSLA,377.56,377.65,376.94,377.01,13684
2025-01-06 12:00:00-05:00,AAPL,238.28,238.52,238.14,238.37,48353
2025-01-06 12:00:00-05:00,MSFT,409.04,409.55,408.9,409.53,41485
2025-01-06 12:00:00-05:00,NVDA,137.71,137.74,137.63,137.65,16199
2025-01-06 12:00:00-05:00,TSLA,377.01,377.07,376.87,376.97,32264
2025-01-06 12:01:00-05:00,AAPL,238.37,238.55,238.27,238.45,27362
2025-01-06 12:01:00-05:00,MSFT,409.53,410.1,409.4,409.7,16477
2025-01-06 12:01:00-05:00,NVDA,137.65,137.73,137.59,137.64,48222
2025-01-06 12:01:00-05:00,TSLA,376.97,377.15,376.78,376.89,42286
2025-01-06 12:02:00-05:00,AAPL,238.45,238.71,238.32,238.7,28736
2025-01-06 12:02:00-05:00,MSFT,409.7,409.85,408.85,409.4,47160
2025-01-06 12:02:00-05:00,NVDA,137.64,137.72,137.57,137.69,8362
2025-01-06 12:02:00-05:00,TSLA,376.89,377.0,376.66,376.79,6888
2025-01-06 12:03:00-05:00,AAPL,238.7,238.87,238.53,238.72,15026
2025-01-06 12:03:00-05:00,MSFT,409.4,409.6,409.08,409.43,25888
2025-01-06 12:03:00-05:00,NVDA,137.69,137.93,137.66,137.88,34245
2025-01-06 12:03:00-05:00,TSLA,376.79,377.28,376.5,377.03,13562
2025-01-06 12:04:00-05:00,AAPL,238.72,238.8,238.27,238.36,40269
2025-01-06 12:04:00-05:00,MSFT,409.43,409.63,409.25,409.29,40253
2025-01-06 12:04:00-05:00,NVDA,137.88,137.92,137.72,137.86,5231
2025-01-06 12:04:00-05:00,TSLA,377.03,377.05,376.45,376.6,9150
2025-01-06 12:05:00-05:00,AAPL,238.36,238.38,238.19,238.32,43828
2025-01-06 12:05:00-05:00,MSFT,409.29,409.93,409.22,409.54,24709
2025-01-06 12:05:00-05:00,NVDA,137.86,137.9,137.61,137.65,35057
2025-01-06 12:05:00-05:00,TSLA,376.6,376.61,376.18,376.34,49428
2025-01-06 12:06:00-05:00,AAPL,238.32,238.55,238.25,238.27,34543
2025-01-06 12:06:00-05:00,MSFT,409.54,409.77,409.47,409.68,32045
2025-01-06 12:06:00-05:00,NVDA,137.65,137.65,137.46,137.49,37339
2025-01-06 12:06:00-05:00,TSLA,376.34,376.39,375.71,375.73,48898
2025-01-06 12:07:00-05:00,AAPL,238.27,238.28,238.05,238.18,44998
2025-01-06 12:07:00-05:00,MSFT,409.68,409.97,409.63,409.71,13787
2025-01-06 12:07:00-05:00,NVDA,137.49,137.5,137.22,137.31,36176
2025-01-06 12:07:00-05:00,TSLA,375.73,375.89,375.31,375.47,45516
2025-01-06 12:08:00-05:00,AAPL,238.18,238.27,237.96,238.07,36952
2025-01-06 12:08:00-05:00,MSFT,409.71,409.81,409.43,409.47,34477
2025-01-06 12:08:00-05:00,NVDA,137.31,137.33,137.16,137.17,40870
2025-01-06 12:08:00-05:00,TSLA,375.47,376.09,375.47,375.93,49321
2025-01-06 12:09:00-05:00,AAPL,238.07,238.13,237.86,238.08,27304
2025-01-06 12:09:00-05:00,MSFT,409.47,409.67,409.4,409.62,17483
2025-01-06 12:09:00-05:00,NVDA,137.17,137.19,137.06,137.16,18607
2025-01-06 12:09:00-05:00,TSLA,375.93,376.35,375.85,376.28,41591
2025-01-06 12:10:00-05:00,AAPL,238.08,238.24,237.91,238.02,38857
2025-01-06 12:10:00-05:00,MSFT,409.62,410.06,409.57,410.0,9769
2025-01-06 12:10:00-05:00,NVDA,137.16,137.24,137.15,137.23,7125
2025-01-06 12:10:00-05:00,TSLA,376.28,376.84,375.84,376.68,38132
2025-01-06 12:11:00-05:00,AAPL,238.02,238.07,237.79,237.81,31635
2025-01-06 12:11:00-05:00,MSFT,410.0,410.13,409.61,409.93,49004
2025-01-06 12:11:00-05:00,NVDA,137.23,137.3,137.09,137.2,24558
2025-01-06 12:11:00-05:00,TSLA,376.68,376.95,376.38,376.74,15839
2025-01-06 12:12:00-05:00,AAPL,237.81,237.82,237.35,237.41,37166
2025-01-06 12:12:00-05:00,MSFT,409.93,410.01,409.36,409.49,6004
2025-01-06 12:12:00-05:00,NVDA,137.2,137.23,137.0,137.17,15573
2025-01-06 12:12:00-05:00,TSLA,376.74,377.23,376.71,377.13,8299
2025-01-06 12:13:00-05:00,AAPL,237.41,237.43,237.08,237.09,24283
2025-01-06 12:13:00-05:00,MSFT,409.49,409.52,409.09,409.22,12688
2025-01-06 12:13:00-05:00,NVDA,137.17,137.49,137.09,137.45,43991
2025-01-06 12:13:00-05:00,TSLA,377.13,378.37,377.12,378.13,29814
2025-01-06 12:14:00-05:00,AAPL,237.09,237.33,237.04,237.15,36015
2025-01-06 12:14:00-05:00,MSFT,409.22,409.56,408.94,409.21,18402
2025-01-06 12:14:00-05:00,NVDA,137.45,137.49,137.18,137.29,28605
2025-01-06 12:14:00-05:00,TSLA,378.13,378.21,377.57,377.9,34366
2025-01-06 12:15:00-05:00,AAPL,237.15,237.54,237.11,237.44,41070
2025-01-06 12:15:00-05:00,MSFT,409.21,409.33,408.8,408.89,26077
2025-01-06 12:15:00-05:00,NVDA,137.29,137.32,137.23,137.24,24614
2025-01-06 12:15:00-05:00,TSLA,377.9,378.26,377.78,378.07,25713
2025-01-06 12:16:00-05:00,AAPL,237.44,237.6,237.25,237.26,12907
2025-01-06 12:16:00-05:00,MSFT,408.89,409.15,408.7,408.95,22141
2025-01-06 12:16:00-05:00,NVDA,137.24,137.37,137.06,137.11,41075
2025-01-06 12:16:00-05:00,TSLA,378.07,378.55,378.02,378.4,32023
2025-01-06 12:17:00-05:00,AAPL,237.26,237.46,237.16,237.44,40118
2025-01-06 12:17:00-05:00,MSFT,408.95,409.22,408.54,408.87,35540
2025-01-06 12:17:00-05:00,NVDA,137.11,137.18,136.87,136.9,12996
2025-01-06 12:17:00-05:00,TSLA,378.4,378.63,378.21,378.26,10956
2025-01-06 12:18:00-05:00,AAPL,237.44,237.85,237.37,237.79,23120
2025-01-06 12:18:00-05:00,MSFT,408.87,410.14,408.49,409.81,18312
2025-01-06 12:18:00-05:00,NVDA,136.9,136.95,136.78,136.86,18700
2025-01-06 12:18:00-05:00,TSLA,378.26,378.98,378.0,378.51,41853
2025-01-06 12:19:00-05:00,AAPL,237.79,238.2,237.47,238.15,39382
2025-01-06 12:19:00-05:00,MSFT,409.81,410.11,409.66,409.96,41865
2025-01-06 12:19:00-05:00,NVDA,136.86,136.89,136.81,136.83,46220
2025-01-06 12:19:00-05:00,TSLA,378.51,378.59,377.64,377.91,27338
2025-01-06 12:20:00-05:00,AAPL,238.15,238.34,237.55,237.6,28650
2025-01-06 12:20:00-05:00,MSFT,409.96,410.65,409.7,410.4,43275
2025-01-06 12:20:00-05:00,NVDA,136.83,136.84,136.75,136.77,23821
2025-01-06 12:20:00-05:00,TSLA,377.91,377.96,377.79,377.83,41710
2025-01-06 12:21:00-05:00,AAPL,237.6,237.61,237.41,237.43,40005
2025-01-06 12:21:00-05:00,MSFT,410.4,410.64,410.3,410.45,14988
2025-01-06 12:21:00-05:00,NVDA,136.77,136.89,136.53,136.59,22017
2025-01-06 12:21:00-05:00,TSLA,377.83,378.27,377.58,378.24,48068
2025-01-06 12:22:00-05:00,AAPL,237.43,237.51,237.34,237.48,13275
2025-01-06 12:22:00-05:00,MSFT,410.45,410.69,410.31,410.55,41086
2025-01-06 12:22:00-05:00,NVDA,136.59,136.63,136.13,136.15,41872
2025-01-06 12:22:00-05:00,TSLA,378.24,378.4,377.74,377.97,5143
2025-01-06 12:23:00-05:00,AAPL,237.48,237.68,237.33,237.55,11723
2025-01-06 12:23:00-05:00,MSFT,410.55,410.73,410.16,410.42,21864
2025-01-06 12:23:00-05:00,NVDA,136.15,136.32,136.15,136.21,37619
2025-01-06 12:23:00-05:00,TSLA,377.97,378.48,377.67,378.29,24135
2025-01-06 12:24:00-05:00,AAPL,237.55,237.88,237.42,237.77,17082
2025-01-06 12:24:00-05:00,MSFT,410.42,410.7,410.36,410.46,35200
2025-01-06 12:24:00-05:00,NVDA,136.21,136.21,136.04,136.12,17684
2025-01-06 12:24:00-05:00,TSLA,378.29,378.34,377.62,377.94,37271
2025-01-06 12:25:00-05:00,AAPL,237.77,237.91,237.75,237.82,36308
2025-01-06 12:25:00-05:00,MSFT,410.46,410.64,409.48,409.8,16092
2025-01-06 12:25:00-05:00,NVDA,136.12,136.13,135.98,135.98,45990
2025-01-06 12:25:00-05:00,TSLA,377.94,378.63,377.71,378.44,31818
2025-01-06 12:26:00-05:00,AAPL,237.82,237.92,237.66,237.89,49987
2025-01-06 12:26:00-05:00,MSFT,409.8,410.33,409.63,410.13,47061
2025-01-06 12:26:00-05:00,NVDA,135.98,136.15,135.96,136.04,32173
2025-01-06 12:26:00-05:00,TSLA,378.44,379.01,378.27,378.85,30748
2025-01-06 12:27:00-05:00,AAPL,237.89,237.97,237.87,237.91,41886
2025-01-06 12:27:00-05:00,MSFT,410.13,411.16,410.06,410.92,9871
2025-01-06 12:27:00-05:00,NVDA,136.04,136.27,136.01,136.22,41727
2025-01-06 12:27:00-05:00,TSLA,378.85,379.74,378.5,379.66,17489
2025-01-06 12:28:00-05:00,AAPL,237.91,238.03,237.91,238.01,32274
2025-01-06 12:28:00-05:00,MSFT,410.92,411.59,410.9,411.49,46333
2025-01-06 12:28:00-05:00,NVDA,136.22,136.29,136.15,136.25,21673
2025-01-06 12:28:00-05:00,TSLA,379.66,379.75,379.25,379.62,49049
2025-01-06 12:29:00-05:00,AAPL,238.01,238.48,237.88,238.31,19790
2025-01-06 12:29:00-05:00,MSFT,411.49,411.53,410.75,411.07,5599
2025-01-06 12:29:00-05:00,NVDA,136.25,136.26,136.03,136.09,38206
2025-01-06 12:29:00-05:00,TSLA,379.62,380.34,379.45,380.06,34524
2025-01-06 12:30:00-05:00,AAPL,238.31,238.47,238.23,238.35,43569
2025-01-06 12:30:00-05:00,MSFT,411.07,411.38,410.8,411.16,45404
2025-01-06 12:30:00-05:00,NVDA,136.09,136.13,135.82,135.87,30955
2025-01-06 12:30:00-05:00,TSLA,380.06,380.13,379.08,379.57,5284
2025-01-06 12:31:00-05:00,AAPL,238.35,238.45,238.23,238.24,45699
2025-01-06 12:31:00-05:00,MSFT,411.16,411.64,411.0,411.38,6030
2025-01-06 12:31:00-05:00,NVDA,135.87,135.97,135.78,135.95,6908
2025-01-06 12:31:00-05:00,TSLA,379.57,379.63,379.53,379.54,33364
2025-01-06 12:32:00-05:00,AAPL,238.24,238.91,238.08,238.8,45993
2025-01-06 12:32:00-05:00,MSFT,411.38,411.91,411.13,411.9,23005
2025-01-06 12:32:00-05:00,NVDA,135.95,136.03,135.87,135.99,36398
2025-01-06 12:32:00-05:00,TSLA,379.54,379.95,379.11,379.77,16613
2025-01-06 12:33:00-05:00,AAPL,238.8,239.08,238.63,239.04,15292
2025-01-06 12:33:00-05:00,MSFT,411.9,412.11,411.86,411.94,37913
2025-01-06 12:33:00-05:00,NVDA,135.99,136.1,135.66,135.72,47313
2025-01-06 12:33:00-05:00,TSLA,379.77,379.81,379.62,379.73,13413
2025-01-06 12:34:00-05:00,AAPL,239.04,239.21,238.97,239.06,43916
2025-01-06 12:34:00-05:00,MSFT,411.94,412.46,411.78,412.18,12013
2025-01-06 12:34:00-05:00,NVDA,135.72,135.8,135.59,135.77,26961
2025-01-06 12:34:00-05:00,TSLA,379.73,380.34,379.6,380.17,30209
2025-01-06 12:35:00-05:00,AAPL,239.06,239.29,239.05,239.26,23881
2025-01-06 12:35:00-05:00,MSFT,412.18,412.4,411.21,411.33,20792
2025-01-06 12:35:00-05:00,NVDA,135.77,135.96,135.74,135.84,8671
2025-01-06 12:35:00-05:00,TSLA,380.17,380.4,379.83,379.96,21268
2025-01-06 12:36:00-05:00,AAPL,239.26,239.44,238.99,239.16,22337
2025-01-06 12:36:00-05:00,MSFT,411.33,411.74,411.27,411.51,31011
2025-01-06 12:36:00-05:00,NVDA,135.84,135.95,135.83,135.9,40119
2025-01-06 12:36:00-05:00,TSLA,379.96,380.44,379.61,379.82,13740
2025-01-06 12:37:00-05:00,AAPL,239.16,239.3,239.0,239.26,48331
2025-01-06 12:37:00-05:00,MSFT,411.51,411.97,410.96,411.21,35080
2025-01-06 12:37:00-05:00,NVDA,135.9,135.99,135.77,135.78,26739
2025-01-06 12:37:00-05:00,TSLA,379.82,379.99,379.54,379.74,38573
2025-01-06 12:38:00-05:00,AAPL,239.26,239.38,239.2,239.31,14764
2025-01-06 12:38:00-05:00,MSFT,411.21,411.46,410.01,410.06,10283
2025-01-06 12:38:00-05:00,NVDA,135.78,136.01,135.67,135.87,23380
2025-01-06 12:38:00-05:00,TSLA,379.74,380.02,379.37,379.56,41279
2025-01-06 12:39:00-05:00,AAPL,239.31,239.61,239.19,239.42,9679
2025-01-06 12:39:00-05:00,MSFT,410.06,410.91,409.73,410.68,7076
2025-01-06 12:39:00-05:00,NVDA,135.87,136.19,135.82,136.16,29591
2025-01-06 12:39:00-05:00,TSLA,379.56,379.65,379.01,379.1,45905
2025-01-06 12:40:00-05:00,AAPL,239.42,239.9,239.24,239.82,23914
2025-01-06 12:40:00-05:00,MSFT,410.68,411.12,410.61,411.01,5619
2025-01-06 12:40:00-05:00,NVDA,136.16,136.25,135.92,135.98,44006
2025-01-06 12:40:00-05:00,TSLA,379.1,379.38,378.88,378.97,47604
2025-01-06 12:41:00-05:00,AAPL,239.82,239.95,239.52,239.57,24928
2025-01-06 12:41:00-05:00,MSFT,411.01,411.03,410.88,410.96,33436
2025-01-06 12:41:00-05:00,NVDA,135.98,136.07,135.84,135.92,25203
2025-01-06 12:41:00-05:00,TSLA,378.97,379.09,378.85,378.87,40552
2025-01-06 12:42:00-05:00,AAPL,239.57,239.84,239.25,239.39,10271
2025-01-06 12:42:00-05:00,MSFT,410.96,411.11,410.18,410.73,39613
2025-01-06 12:42:00-05:00,NVDA,135.92,135.98,135.82,135.89,37574
2025-01-06 12:42:00-05:00,TSLA,378.87,379.03,378.63,378.76,36481
2025-01-06 12:43:00-05:00,AAPL,239.39,239.6,239.24,239.39,26123
2025-01-06 12:43:00-05:00,MSFT,410.73,410.86,410.5,410.57,42144
2025-01-06 12:43:00-05:00,NVDA,135.89,135.97,135.84,135.92,24833
2025-01-06 12:43:00-05:00,TSLA,378.76,379.38,378.53,378.99,32359
2025-01-06 12:44:00-05:00,AAPL,239.39,239.41,239.33,239.35,42696
2025-01-06 12:44:00-05:00,MSFT,410.57,410.58,410.02,410.44,40588
2025-01-06 12:44:00-05:00,NVDA,135.92,136.0,135.83,135.94,18244
2025-01-06 12:44:00-05:00,TSLA,378.99,379.35,378.24,378.62,32681
2025-01-06 12:45:00-05:00,AAPL,239.35,239.73,239.34,239.71,49058
2025-01-06 12:45:00-05:00,MSFT,410.44,410.91,410.42,410.86,25610
2025-01-06 12:45:00-05:00,NVDA,135.94,136.15,135.9,136.09,6634
2025-01-06 12:45:00-05:00,TSLA,378.62,378.7,378.25,378.46,6656
2025-01-06 12:46:00-05:00,AAPL,239.71,239.99,239.7,239.85,39010
2025-01-06 12:46:00-05:00,MSFT,410.86,411.15,410.63,411.14,31102
2025-01-06 12:46:00-05:00,NVDA,136.09,136.32,136.05,136.18,36684
2025-01-06 12:46:00-05:00,TSLA,378.46,378.5,378.23,378.37,15547
2025-01-06 12:47:00-05:00,AAPL,239.85,240.0,239.48,239.7,16894
2025-01-06 12:47:00-05:00,MSFT,411.14,411.9,411.07,411.74,41959
2025-01-06 12:47:00-05:00,NVDA,136.18,136.29,136.1,136.28,26452
2025-01-06 12:47:00-05:00,TSLA,378.37,378.76,378.34,378.47,14596
2025-01-06 12:48:00-05:00,AAPL,239.7,239.96,239.58,239.96,35802
2025-01-06 12:48:00-05:00,MSFT,411.74,412.18,411.4,411.79,26740
2025-01-06 12:48:00-05:00,NVDA,136.28,136.56,136.21,136.45,49349
2025-01-06 12:48:00-05:00,TSLA,378.47,379.03,378.38,378.78,7117
2025-01-06 12:49:00-05:00,AAPL,239.96,240.02,239.29,239.38,48917
2025-01-06 12:49:00-05:00,MSFT,411.79,412.6,411.56,412.35,10139
2025-01-06 12:49:00-05:00,NVDA,136.45,136.5,136.16,136.16,7395
2025-01-06 12:49:00-05:00,TSLA,378.78,379.52,378.62,379.39,45377
2025-01-06 12:50:00-05:00,AAPL,239.38,239.53,239.26,239.49,48423
2025-01-06 12:50:00-05:00,MSFT,412.35,412.35,411.02,411.23,9981
2025-01-06 12:50:00-05:00,NVDA,136.16,136.19,135.94,135.95,7885
2025-01-06 12:50:00-05:00,TSLA,379.39,380.04,379.18,379.81,41783
2025-01-06 12:51:00-05:00,AAPL,239.49,239.85,239.42,239.64,41051
2025-01-06 12:51:00-05:00,MSFT,411.23,411.57,410.93,411.38,44033
2025-01-06 12:51:00-05:00,NVDA,135.95,135.99,135.87,135.95,10706
2025-01-06 12:51:00-05:00,TSLA,379.81,379.98,379.19,379.34,23850
2025-01-06 12:52:00-05:00,AAPL,239.64,239.75,239.64,239.74,31488
2025-01-06 12:52:00-05:00,MSFT,411.38,411.59,410.66,410.82,34527
2025-01-06 12:52:00-05:00,NVDA,135.95,136.07,135.72,135.81,25478
2025-01-06 12:52:00-05:00,TSLA,379.34,379.4,379.16,379.3,49901
2025-01-06 12:53:00-05:00,AAPL,239.74,240.01,239.57,239.86,5075
2025-01-06 12:53:00-05:00,MSFT,410.82,411.07,410.81,410.88,29603
2025-01-06 12:53:00-05:00,NVDA,135.81,136.06,135.79,135.95,46867
2025-01-06 12:53:00-05:00,TSLA,379.3,379.66,379.08,379.57,5849
2025-01-06 12:54:00-05:00,AAPL,239.86,239.99,239.63,239.7,28709
2025-01-06 12:54:00-05:00,MSFT,410.88,411.01,410.27,410.32,45541
2025-01-06 12:54:00-05:00,NVDA,135.95,136.08,135.93,136.04,25915
2025-01-06 12:54:00-05:00,TSLA,379.57,379.7,379.3,379.56,34036
2025-01-06 12:55:00-05:00,AAPL,239.7,239.88,239.6,239.78,33969
2025-01-06 12:55:00-05:00,MSFT,410.32,410.36,410.02,410.17,9817
2025-01-06 12:55:00-05:00,NVDA,136.04,136.15,135.94,136.14,22868
2025-01-06 12:55:00-05:00,TSLA,379.56,379.76,378.64,379.01,47443
2025-01-06 12:56:00-05:00,AAPL,239.78,239.87,239.52,239.79,33712
2025-01-06 12:56:00-05:00,MSFT,410.17,410.44,410.1,410.38,30534
2025-01-06 12:56:00-05:00,NVDA,136.14,136.24,136.05,136.2,38689
2025-01-06 12:56:00-05:00,TSLA,379.01,379.2,378.66,378.67,17681
2025-01-06 12:57:00-05:00,AAPL,239.79,239.89,239.53,239.62,6891
2025-01-06 12:57:00-05:00,MSFT,410.38,410.42,409.73,409.82,5340
2025-01-06 12:57:00-05:00,NVDA,136.2,136.29,136.15,136.22,41003
2025-01-06 12:57:00-05:00,TSLA,378.67,378.7,378.31,378.42,49738
2025-01-06 12:58:00-05:00,AAPL,239.62,239.97,239.62,239.94,41099
2025-01-06 12:58:00-05:00,MSFT,409.82,410.32,409.81,410.24,10721
2025-01-06 12:58:00-05:00,NVDA,136.22,136.25,136.17,136.19,21044
2025-01-06 12:58:00-05:00,TSLA,378.42,379.51,378.41,379.29,7663
2025-01-06 12:59:00-05:00,AAPL,239.94,240.2,239.93,240.08,19725
2025-01-06 12:59:00-05:00,MSFT,410.24,410.33,409.84,410.05,41355
2025-01-06 12:59:00-05:00,NVDA,136.19,136.22,136.03,136.08,27199
2025-01-06 12:59:00-05:00,TSLA,379.29,379.51,378.99,379.1,13524
2025-01-06 13:00:00-05:00,AAPL,240.08,240.62,240.02,240.61,15090
2025-01-06 13:00:00-05:00,MSFT,410.05,410.06,409.64,409.86,44120
2025-01-06 13:00:00-05:00,NVDA,136.08,136.09,135.9,136.04,8306
2025-01-06 13:00:00-05:00,TSLA,379.1,379.8,378.89,379.49,15145
2025-01-06 13:01:00-05:00,AAPL,240.61,240.83,240.61,240.64,38349
2025-01-06 13:01:00-05:00,MSFT,409.86,410.29,409.76,410.14,30246
2025-01-06 13:01:00-05:00,NVDA,136.04,136.11,136.03,136.09,32948
2025-01-06 13:01:00-05:00,TSLA,379.49,379.93,379.38,379.51,44117
2025-01-06 13:02:00-05:00,AAPL,240.64,240.76,240.43,240.57,34935
2025-01-06 13:02:00-05:00,MSFT,410.14,410.58,410.08,410.56,41669
2025-01-06 13:02:00-05:00,NVDA,136.09,136.16,135.85,135.92,34218
2025-01-06 13:02:00-05:00,TSLA,379.51,380.49,379.3,380.35,37148
2025-01-06 13:03:00-05:00,AAPL,240.57,240.71,240.53,240.6,44280
2025-01-06 13:03:00-05:00,MSFT,410.56,411.03,409.59,409.91,42483
2025-01-06 13:03:00-05:00,NVDA,135.92,135.96,135.76,135.8,17985
2025-01-06 13:03:00-05:00,TSLA,380.35,380.41,379.75,379.98,9776
2025-01-06 13:04:00-05:00,AAPL,240.6,240.61,240.05,240.11,32193
2025-01-06 13:04:00-05:00,MSFT,409.91,409.95,409.21,409.29,22590
2025-01-06 13:04:00-05:00,NVDA,135.8,135.9,135.57,135.75,35519
2025-01-06 13:04:00-05:00,TSLA,379.98,380.21,379.96,380.05,9468
2025-01-06 13:05:00-05:00,AAPL,240.11,240.22,239.78,239.96,22509
2025-01-06 13:05:00-05:00,MSFT,409.29,409.64,409.29,409.57,33486
2025-01-06 13:05:00-05:00,NVDA,135.75,135.78,135.66,135.67,35688
2025-01-06 13:05:00-05:00,TSLA,380.05,380.32,379.94,380.29,40591
2025-01-06 13:06:00-05:00,AAPL,239.96,240.13,239.91,240.04,48249
2025-01-06 13:06:00-05:00,MSFT,409.57,409.74,409.47,409.51,21160
2025-01-06 13:06:00-05:00,NVDA,135.67,135.8,135.6,135.77,35837
2025-01-06 13:06:00-05:00,TSLA,380.29,380.31,380.11,380.13,26750
2025-01-06 13:07:00-05:00,AAPL,240.04,240.41,240.04,240.34,40296
2025-01-06 13:07:00-05:00,MSFT,409.51,409.55,408.89,409.13,45414
2025-01-06 13:07:00-05:00,NVDA,135.77,135.78,135.54,135.59,45431
2025-01-06 13:07:00-05:00,TSLA,380.13,380.47,379.99,380.39,45519
2025-01-06 13:08:00-05:00,AAPL,240.34,240.35,240.11,240.12,26088
2025-01-06 13:08:00-05:00,MSFT,409.13,409.29,408.96,409.2,26772
2025-01-06 13:08:00-05:00,NVDA,135.59,135.65,135.52,135.58,26648
2025-01-06 13:08:00-05:00,TSLA,380.39,380.51,378.89,379.13,5576
2025-01-06 13:09:00-05:00,AAPL,240.12,240.35,239.64,239.89,20650
2025-01-06 13:09:00-05:00,MSFT,409.2,410.25,409.03,410.14,26596
2025-01-06 13:09:00-05:00,NVDA,135.58,135.89,135.44,135.86,34706
2025-01-06 13:09:00-05:00,TSLA,379.13,379.26,378.05,378.17,20751
2025-01-06 13:10:00-05:00,AAPL,239.89,239.93,239.72,239.73,35996
2025-01-06 13:10:00-05:00,MSFT,410.14,410.22,409.61,409.74,43954
2025-01-06 13:10:00-05:00,NVDA,135.86,135.86,135.75,135.81,16193
2025-01-06 13:10:00-05:00,TSLA,378.17,378.75,377.82,378.6,49731
2025-01-06 13:11:00-05:00,AAPL,239.73,239.79,239.45,239.66,30302
2025-01-06 13:11:00-05:00,MSFT,409.74,409.86,409.07,409.21,18163
2025-01-06 13:11:00-05:00,NVDA,135.81,135.92,135.75,135.91,42662
2025-01-06 13:11:00-05:00,TSLA,378.6,378.74,377.82,377.94,12430
2025-01-06 13:12:00-05:00,AAPL,239.66,240.1,239.62,240.08,7426
2025-01-06 13:12:00-05:00,MSFT,409.21,409.23,408.82,408.96,46477
2025-01-06 13:12:00-05:00,NVDA,135.91,135.97,135.86,135.95,26356
2025-01-06 13:12:00-05:00,TSLA,377.94,378.09,377.49,377.58,29573
2025-01-06 13:13:00-05:00,AAPL,240.08,240.3,239.75,239.97,26757
2025-01-06 13:13:00-05:00,MSFT,408.96,409.44,408.94,409.17,20887
2025-01-06 13:13:00-05:00,NVDA,135.95,135.97,135.72,135.73,24799
2025-01-06 13:13:00-05:00,TSLA,377.58,378.61,377.56,378.39,36903
2025-01-06 13:14:00-05:00,AAPL,239.97,240.48,239.83,240.3,34945
2025-01-06 13:14:00-05:00,MSFT,409.17,409.32,408.98,409.02,41952
2025-01-06 13:14:00-05:00,NVDA,135.73,135.74,135.52,135.6,40910
2025-01-06 13:14:00-05:00,TSLA,378.39,379.28,378.31,379.17,11288
2025-01-06 13:15:00-05:00,AAPL,240.3,240.48,240.29,240.41,47911
2025-01-06 13:15:00-05:00,MSFT,409.02,409.24,407.97,408.64,16791
2025-01-06 13:15:00-05:00,NVDA,135.6,135.74,135.53,135.7,9329
2025-01-06 13:15:00-05:00,TSLA,379.17,379.84,378.76,379.6,40256
2025-01-06 13:16:00-05:00,AAPL,240.41,240.51,240.39,240.5,45845
2025-01-06 13:16:00-05:00,MSFT,408.64,408.87,408.21,408.43,18739
2025-01-06 13:16:00-05:00,NVDA,135.7,135.8,135.47,135.57,33531
2025-01-06 13:16:00-05:00,TSLA,379.6,379.66,379.01,379.08,18970
2025-01-06 13:17:00-05:00,AAPL,240.5,240.56,240.15,240.31,26532
2025-01-06 13:17:00-05:00,MSFT,408.43,408.59,408.24,408.3,9532
2025-01-06 13:17:00-05:00,NVDA,135.57,135.63,135.41,135.44,20476
2025-01-06 13:17:00-05:00,TSLA,379.08,379.73,378.93,379.6,11810
2025-01-06 13:18:00-05:00,AAPL,240.31,240.79,240.23,240.6,36978
2025-01-06 13:18:00-05:00,MSFT,408.3,408.94,408.1,408.61,46506
2025-01-06 13:18:00-05:00,NVDA,135.44,135.62,135.43,135.53,36891
2025-01-06 13:18:00-05:00,TSLA,379.6,380.14,379.37,379.8,33523
2025-01-06 13:19:00-05:00,AAPL,240.6,240.76,240.58,240.74,9484
2025-01-06 13:19:00-05:00,MSFT,408.61,408.92,408.46,408.87,15101
2025-01-06 13:19:00-05:00,NVDA,135.53,135.6,135.26,135.32,26323
2025-01-06 13:19:00-05:00,TSLA,379.8,380.07,379.01,379.37,49960
2025-01-06 13:20:00-05:00,AAPL,240.74,240.95,240.72,240.77,10923
2025-01-06 13:20:00-05:00,MSFT,408.87,409.22,408.15,408.71,36407
2025-01-06 13:20:00-05:00,NVDA,135.32,135.36,135.0,135.08,9561
2025-01-06 13:20:00-05:00,TSLA,379.37,379.78,379.33,379.61,8556
2025-01-06 13:21:00-05:00,AAPL,240.77,240.99,240.75,240.94,46533
2025-01-06 13:21:00-05:00,MSFT,408.71,409.49,408.59,409.27,32413
2025-01-06 13:21:00-05:00,NVDA,135.08,135.46,135.02,135.38,44086
2025-01-06 13:21:00-05:00,TSLA,379.61,379.81,379.48,379.75,9616
2025-01-06 13:22:00-05:00,AAPL,240.94,240.99,240.86,240.91,6897
2025-01-06 13:22:00-05:00,MSFT,409.27,409.37,408.29,408.57,40186
2025-01-06 13:22:00-05:00,NVDA,135.38,135.47,135.28,135.4,10933
2025-01-06 13:22:00-05:00,TSLA,379.75,379.81,379.5,379.51,46301
2025-01-06 13:23:00-05:00,AAPL,240.91,241.3,240.85,241.09,24226
2025-01-06 13:23:00-05:00,MSFT,408.57,409.62,408.32,409.24,12167
2025-01-06 13:23:00-05:00,NVDA,135.4,135.42,135.36,135.41,43061
2025-01-06 13:23:00-05:00,TSLA,379.51,380.03,379.42,379.89,30526
2025-01-06 13:24:00-05:00,AAPL,241.09,241.19,240.93,240.93,49682
2025-01-06 13:24:00-05:00,MSFT,409.24,409.61,409.06,409.31,7903
2025-01-06 13:24:00-05:00,NVDA,135.41,135.62,135.37,135.57,14779
2025-01-06 13:24:00-05:00,TSLA,379.89,380.1,379.5,379.67,43378
2025-01-06 13:25:00-05:00,AAPL,240.93,241.2,240.86,241.18,10175
2025-01-06 13:25:00-05:00,MSFT,409.31,410.05,409.2,409.78,47384
2025-01-06 13:25:00-05:00,NVDA,135.57,135.62,135.55,135.57,45342
2025-01-06 13:25:00-05:00,TSLA,379.67,380.02,379.16,379.26,28442
2025-01-06 13:26:00-05:00,AAPL,241.18,241.26,240.94,241.0,43217
2025-01-06 13:26:00-05:00,MSFT,409.78,409.98,409.02,409.23,5691
2025-01-06 13:26:00-05:00,NVDA,135.57,135.59,135.47,135.49,42373
2025-01-06 13:26:00-05:00,TSLA,379.26,379.46,379.22,379.42,10669
2025-01-06 13:27:00-05:00,AAPL,241.0,241.08,240.64,240.74,21644
2025-01-06 13:27:00-05:00,MSFT,409.23,409.35,409.06,409.14,38999
2025-01-06 13:27:00-05:00,NVDA,135.49,135.52,135.28,135.38,33490
2025-01-06 13:27:00-05:00,TSLA,379.42,379.51,378.68,379.11,29996
2025-01-06 13:28:00-05:00,AAPL,240.74,240.78,240.28,240.39,23850
2025-01-06 13:28:00-05:00,MSFT,409.14,409.25,408.52,408.56,35347
2025-01-06 13:28:00-05:00,NVDA,135.38,135.53,135.23,135.32,45074
2025-01-06 13:28:00-05:00,TSLA,379.11,379.28,378.44,378.67,13937
2025-01-06 13:29:00-05:00,AAPL,240.39,240.42,240.17,240.23,33949
2025-01-06 13:29:00-05:00,MSFT,408.56,408.99,408.29,408.95,37798
2025-01-06 13:29:00-05:00,NVDA,135.32,135.39,135.3,135.31,13359
2025-01-06 13:29:00-05:00,TSLA,378.67,378.76,378.33,378.75,40764
2025-01-06 13:30:00-05:00,AAPL,240.23,241.02,240.14,240.9,21390
2025-01-06 13:30:00-05:00,MSFT,408.95,410.36,408.78,409.78,10626
2025-01-06 13:30:00-05:00,NVDA,135.31,135.36,135.17,135.34,5055
2025-01-06 13:30:00-05:00,TSLA,378.75,379.01,378.48,378.6,47463
2025-01-06 13:31:00-05:00,AAPL,240.9,241.59,240.87,241.49,30211
2025-01-06 13:31:00-05:00,MSFT,409.78,410.18,409.46,409.82,14284
2025-01-06 13:31:00-05:00,NVDA,135.34,135.38,135.01,135.13,28543
2025-01-06 13:31:00-05:00,TSLA,378.6,379.67,378.27,379.35,41275
2025-01-06 13:32:00-05:00,AAPL,241.49,241.61,241.41,241.56,24390
2025-01-06 13:32:00-05:00,MSFT,409.82,409.97,409.55,409.6,27826
2025-01-06 13:32:00-05:00,NVDA,135.13,135.24,135.06,135.21,43676
2025-01-06 13:32:00-05:00,TSLA,379.35,379.57,379.11,379.5,30826
2025-01-06 13:33:00-05:00,AAPL,241.56,241.81,241.56,241.71,48137
2025-01-06 13:33:00-05:00,MSFT,409.6,409.82,409.08,409.11,34651
2025-01-06 13:33:00-05:00,NVDA,135.21,135.29,135.17,135.24,30086
2025-01-06 13:33:00-05:00,TSLA,379.5,380.08,379.39,379.63,24968
2025-01-06 13:34:00-05:00,AAPL,241.71,241.72,241.55,241.69,8214
2025-01-06 13:34:00-05:00,MSFT,409.11,409.27,408.92,408.96,27483
2025-01-06 13:34:00-05:00,NVDA,135.24,135.28,135.11,135.12,14114
2025-01-06 13:34:00-05:00,TSLA,379.63,380.09,379.61,379.79,47331
2025-01-06 13:35:00-05:00,AAPL,241.69,241.86,241.27,241.38,23756
2025-01-06 13:35:00-05:00,MSFT,408.96,409.14,408.52,408.77,15771
2025-01-06 13:35:00-05:00,NVDA,135.12,135.23,135.06,135.2,28611
2025-01-06 13:35:00-05:00,TSLA,379.79,379.85,379.45,379.53,17058
2025-01-06 13:36:00-05:00,AAPL,241.38,241.5,241.35,241.41,17460
2025-01-06 13:36:00-05:00,MSFT,408.77,409.52,408.51,409.38,26691
2025-01-06 13:36:00-05:00,NVDA,135.2,135.27,135.1,135.24,13800
2025-01-06 13:36:00-05:00,TSLA,379.53,380.01,379.49,379.66,42178
2025-01-06 13:37:00-05:00,AAPL,241.41,241.54,241.12,241.25,48200
2025-01-06 13:37:00-05:00,MSFT,409.38,409.86,409.14,409.33,20194
2025-01-06 13:37:00-05:00,NVDA,135.24,135.34,135.23,135.24,14436
2025-01-06 13:37:00-05:00,TSLA,379.66,380.11,379.36,379.89,40969
2025-01-06 13:38:00-05:00,AAPL,241.25,241.31,241.05,241.19,7583
2025-01-06 13:38:00-05:00,MSFT,409.33,409.78,409.21,409.5,30924
2025-01-06 13:38:00-05:00,NVDA,135.24,135.32,135.02,135.21,10548
2025-01-06 13:38:00-05:00,TSLA,379.89,379.95,379.4,379.42,11435
2025-01-06 13:39:00-05:00,AAPL,241.19,241.43,241.07,241.38,42982
2025-01-06 13:39:00-05:00,MSFT,409.5,410.33,409.45,410.05,17931
2025-01-06 13:39:00-05:00,NVDA,135.21,135.45,135.12,135.37,34886
2025-01-06 13:39:00-05:00,TSLA,379.42,379.64,379.18,379.56,26682
2025-01-06 13:40:00-05:00,AAPL,241.38,241.43,241.21,241.3,32230
2025-01-06 13:40:00-05:00,MSFT,410.05,410.12,409.5,409.64,23241
2025-01-06 13:40:00-05:00,NVDA,135.37,135.59,135.28,135.53,34779
2025-01-06 13:40:00-05:00,TSLA,379.56,379.78,379.19,379.21,9574
2025-01-06 13:41:00-05:00,AAPL,241.3,241.33,241.12,241.18,40350
2025-01-06 13:41:00-05:00,MSFT,409.64,409.66,409.27,409.65,9100
2025-01-06 13:41:00-05:00,NVDA,135.53,135.62,135.44,135.45,34494
2025-01-06 13:41:00-05:00,TSLA,379.21,379.65,379.11,379.52,34533
2025-01-06 13:42:00-05:00,AAPL,241.18,241.42,241.08,241.34,15783
2025-01-06 13:42:00-05:00,MSFT,409.65,409.82,408.81,409.0,17915
2025-01-06 13:42:00-05:00,NVDA,135.45,135.48,135.37,135.38,37647
2025-01-06 13:42:00-05:00,TSLA,379.52,379.77,379.22,379.26,42149
2025-01-06 13:43:00-05:00,AAPL,241.34,241.35,241.12,241.34,36578
2025-01-06 13:43:00-05:00,MSFT,409.0,409.15,408.87,408.91,37078
2025-01-06 13:43:00-05:00,NVDA,135.38,135.42,135.34,135.39,37881
2025-01-06 13:43:00-05:00,TSLA,379.26,379.37,378.94,379.06,33069
2025-01-06 13:44:00-05:00,AAPL,241.34,241.56,241.19,241.54,35692
2025-01-06 13:44:00-05:00,MSFT,408.91,408.96,408.11,408.34,43469
2025-01-06 13:44:00-05:00,NVDA,135.39,135.54,135.33,135.35,7481
2025-01-06 13:44:00-05:00,TSLA,379.06,379.36,378.99,379.22,46997
2025-01-06 13:45:00-05:00,AAPL,241.54,241.6,241.2,241.22,19785
2025-01-06 13:45:00-05:00,MSFT,408.34,408.48,407.89,408.02,35006
2025-01-06 13:45:00-05:00,NVDA,135.35,135.45,135.29,135.33,12416
2025-01-06 13:45:00-05:00,TSLA,379.22,379.55,378.5,378.64,13801
2025-01-06 13:46:00-05:00,AAPL,241.22,241.62,240.91,241.47,41524
2025-01-06 13:46:00-05:00,MSFT,408.02,408.27,407.42,407.47,45270
2025-01-06 13:46:00-05:00,NVDA,135.33,135.41,134.93,135.03,39498
2025-01-06 13:46:00-05:00,TSLA,378.64,378.79,378.29,378.49,25019
2025-01-06 13:47:00-05:00,AAPL,241.47,241.61,241.23,241.39,5912
2025-01-06 13:47:00-05:00,MSFT,407.47,407.73,406.98,407.14,25524
2025-01-06 13:47:00-05:00,NVDA,135.03,135.33,135.01,135.14,23312
2025-01-06 13:47:00-05:00,TSLA,378.49,378.63,378.48,378.54,47306
2025-01-06 13:48:00-05:00,AAPL,241.39,241.45,241.24,241.38,22181
2025-01-06 13:48:00-05:00,MSFT,407.14,407.52,407.01,407.4,38477
2025-01-06 13:48:00-05:00,NVDA,135.14,135.15,135.07,135.09,35962
2025-01-06 13:48:00-05:00,TSLA,378.54,378.77,377.9,377.97,40298
2025-01-06 13:49:00-05:00,AAPL,241.38,241.87,241.27,241.68,29344
2025-01-06 13:49:00-05:00,MSFT,407.4,408.18,407.22,407.97,42670
2025-01-06 13:49:00-05:00,NVDA,135.09,135.16,134.98,135.05,48825
2025-01-06 13:49:00-05:00,TSLA,377.97,378.07,377.52,377.81,46066
2025-01-06 13:50:00-05:00,AAPL,241.68,241.88,241.43,241.82,41792
2025-01-06 13:50:00-05:00,MSFT,407.97,408.06,407.57,407.78,47287
2025-01-06 13:50:00-05:00,NVDA,135.05,135.27,135.03,135.22,8458
2025-01-06 13:50:00-05:00,TSLA,377.81,377.97,377.59,377.94,7044
2025-01-06 13:51:00-05:00,AAPL,241.82,241.98,241.67,241.9,47444
2025-01-06 13:51:00-05:00,MSFT,407.78,407.89,407.26,407.31,15935
2025-01-06 13:51:00-05:00,NVDA,135.22,135.29,135.06,135.11,5706
2025-01-06 13:51:00-05:00,TSLA,377.94,378.09,377.71,377.99,43668
2025-01-06 13:52:00-05:00,AAPL,241.9,242.41,241.81,242.32,31758
2025-01-06 13:52:00-05:00,MSFT,407.31,407.32,407.0,407.09,8513
2025-01-06 13:52:00-05:00,NVDA,135.11,135.13,134.84,134.95,32591
2025-01-06 13:52:00-05:00,TSLA,377.99,378.06,377.96,378.01,40368
2025-01-06 13:53:00-05:00,AAPL,242.32,242.35,242.19,242.21,7438
2025-01-06 13:53:00-05:00,MSFT,407.09,407.83,406.72,407.5,36759
2025-01-06 13:53:00-05:00,NVDA,134.95,135.1,134.8,134.99,24308
2025-01-06 13:53:00-05:00,TSLA,378.01,379.13,377.95,378.81,28974
2025-01-06 13:54:00-05:00,AAPL,242.21,242.34,241.91,242.12,13890
2025-01-06 13:54:00-05:00,MSFT,407.5,408.27,407.26,407.99,37438
2025-01-06 13:54:00-05:00,NVDA,134.99,135.01,134.88,134.98,41943
2025-01-06 13:54:00-05:00,TSLA,378.81,379.06,377.87,378.19,13774
2025-01-06 13:55:00-05:00,AAPL,242.12,242.5,242.04,242.41,40402
2025-01-06 13:55:00-05:00,MSFT,407.99,408.19,407.75,407.88,34088
2025-01-06 13:55:00-05:00,NVDA,134.98,134.99,134.79,134.88,42889
2025-01-06 13:55:00-05:00,TSLA,378.19,378.41,377.74,377.79,31003
2025-01-06 13:56:00-05:00,AAPL,242.41,242.51,241.99,242.06,11489
2025-01-06 13:56:00-05:00,MSFT,407.88,407.89,407.37,407.71,24142
2025-01-06 13:56:00-05:00,NVDA,134.88,134.92,134.76,134.9,45915
2025-01-06 13:56:00-05:00,TSLA,377.79,377.81,377.72,377.75,45241
2025-01-06 13:57:00-05:00,AAPL,242.06,242.35,241.92,242.27,23333
2025-01-06 13:57:00-05:00,MSFT,407.71,407.98,407.68,407.84,23918
2025-01-06 13:57:00-05:00,NVDA,134.9,134.98,134.88,134.89,13311
2025-01-06 13:57:00-05:00,TSLA,377.75,378.85,377.46,378.72,14199
2025-01-06 13:58:00-05:00,AAPL,242.27,242.52,241.99,242.5,28768
2025-01-06 13:58:00-05:00,MSFT,407.84,408.26,407.82,408.06,41026
2025-01-06 13:58:00-05:00,NVDA,134.89,134.89,134.62,134.63,23413
2025-01-06 13:58:00-05:00,TSLA,378.72,378.76,378.24,378.5,14581
2025-01-06 13:59:00-05:00,AAPL,242.5,242.86,242.39,242.71,40682
2025-01-06 13:59:00-05:00,MSFT,408.06,408.33,407.35,407.37,22556
2025-01-06 13:59:00-05:00,NVDA,134.63,134.71,134.58,134.7,12310
2025-01-06 13:59:00-05:00,TSLA,378.5,378.52,378.1,378.32,28514
2025-01-06 14:00:00-05:00,AAPL,242.71,243.09,242.62,242.99,13005
2025-01-06 14:00:00-05:00,MSFT,407.37,407.86,407.12,407.49,7726
2025-01-06 14:00:00-05:00,NVDA,134.7,134.79,134.46,134.47,29233
2025-01-06 14:00:00-05:00,TSLA,378.32,379.02,378.3,378.94,20336
2025-01-06 14:01:00-05:00,AAPL,242.99,243.28,242.92,243.06,11007
2025-01-06 14:01:00-05:00,MSFT,407.49,408.06,407.27,408.05,19322
2025-01-06 14:01:00-05:00,NVDA,134.47,134.49,134.22,134.27,20479
2025-01-06 14:01:00-05:00,TSLA,378.94,379.35,378.91,379.23,28674
2025-01-06 14:02:00-05:00,AAPL,243.06,243.21,242.86,242.88,26856
2025-01-06 14:02:00-05:00,MSFT,408.05,408.25,407.89,408.24,24510
2025-01-06 14:02:00-05:00,NVDA,134.27,134.28,133.99,134.03,10531
2025-01-06 14:02:00-05:00,TSLA,379.23,379.5,378.54,378.58,47501
2025-01-06 14:03:00-05:00,AAPL,242.88,242.88,242.79,242.85,42000
2025-01-06 14:03:00-05:00,MSFT,408.24,408.28,407.6,407.64,22223
2025-01-06 14:03:00-05:00,NVDA,134.03,134.12,133.92,133.94,15102
2025-01-06 14:03:00-05:00,TSLA,378.58,378.71,378.25,378.51,39168
2025-01-06 14:04:00-05:00,AAPL,242.85,243.2,242.7,242.98,20269
2025-01-06 14:04:00-05:00,MSFT,407.64,407.95,406.6,407.2,20528
2025-01-06 14:04:00-05:00,NVDA,133.94,134.16,133.88,134.06,48297
2025-01-06 14:04:00-05:00,TSLA,378.51,378.62,378.3,378.31,42366
2025-01-06 14:05:00-05:00,AAPL,242.98,243.01,242.81,242.87,44058
2025-01-06 14:05:00-05:00,MSFT,407.2,407.77,406.88,407.69,27978
2025-01-06 14:05:00-05:00,NVDA,134.06,134.22,134.02,134.13,18818
2025-01-06 14:05:00-05:00,TSLA,378.31,378.44,377.57,377.81,28940
2025-01-06 14:06:00-05:00,AAPL,242.87,243.35,242.83,243.35,21426
2025-01-06 14:06:00-05:00,MSFT,407.69,408.26,407.44,408.05,18541
2025-01-06 14:06:00-05:00,NVDA,134.13,134.19,133.85,133.9,12601
2025-01-06 14:06:00-05:00,TSLA,377.81,378.02,376.99,377.12,19607
2025-01-06 14:07:00-05:00,AAPL,243.35,243.47,243.29,243.45,6689
2025-01-06 14:07:00-05:00,MSFT,408.05,408.44,407.71,408.3,42360
2025-01-06 14:07:00-05:00,NVDA,133.9,134.01,133.88,133.94,36210
2025-01-06 14:07:00-05:00,TSLA,377.12,377.42,377.1,377.25,27612
2025-01-06 14:08:00-05:00,AAPL,243.45,243.69,243.41,243.61,6034
2025-01-06 14:08:00-05:00,MSFT,408.3,408.43,407.92,408.1,24178
2025-01-06 14:08:00-05:00,NVDA,133.94,134.05,133.87,133.87,29890
2025-01-06 14:08:00-05:00,TSLA,377.25,377.27,376.64,376.82,14107
2025-01-06 14:09:00-05:00,AAPL,243.61,243.63,243.25,243.29,32588
2025-01-06 14:09:00-05:00,MSFT,408.1,408.14,407.85,408.01,38712
2025-01-06 14:09:00-05:00,NVDA,133.87,133.9,133.64,133.7,22211
2025-01-06 14:09:00-05:00,TSLA,376.82,376.95,376.5,376.55,38720
2025-01-06 14:10:00-05:00,AAPL,243.29,243.32,242.68,242.89,38635
2025-01-06 14:10:00-05:00,MSFT,408.01,408.65,407.58,408.62,31974
2025-01-06 14:10:00-05:00,NVDA,133.7,133.98,133.55,133.87,34413
2025-01-06 14:10:00-05:00,TSLA,376.55,376.65,376.32,376.39,12754
2025-01-06 14:11:00-05:00,AAPL,242.89,243.06,242.82,242.95,19519
2025-01-06 14:11:00-05:00,MSFT,408.62,409.77,408.31,409.21,47984
2025-01-06 14:11:00-05:00,NVDA,133.87,133.93,133.83,133.89,39750
2025-01-06 14:11:00-05:00,TSLA,376.39,376.82,376.22,376.72,26641
2025-01-06 14:12:00-05:00,AAPL,242.95,243.03,242.9,243.02,39173
2025-01-06 14:12:00-05:00,MSFT,409.21,410.07,409.21,409.78,21223
2025-01-06 14:12:00-05:00,NVDA,133.89,133.91,133.79,133.87,33297
2025-01-06 14:12:00-05:00,TSLA,376.72,376.93,376.51,376.64,15567
2025-01-06 14:13:00-05:00,AAPL,243.02,243.08,242.37,242.54,7041
2025-01-06 14:13:00-05:00,MSFT,409.78,410.45,409.47,410.43,37077
2025-01-06 14:13:00-05:00,NVDA,133.87,133.94,133.72,133.78,22864
2025-01-06 14:13:00-05:00,TSLA,376.64,376.79,376.49,376.67,20969
2025-01-06 14:14:00-05:00,AAPL,242.54,242.85,242.39,242.8,37130
2025-01-06 14:14:00-05:00,MSFT,410.43,411.02,410.29,410.79,9949
2025-01-06 14:14:00-05:00,NVDA,133.78,133.83,133.65,133.73,30634
2025-01-06 14:14:00-05:00,TSLA,376.67,377.21,376.53,377.14,7568
2025-01-06 14:15:00-05:00,AAPL,242.8,243.04,242.67,243.01,10294
2025-01-06 14:15:00-05:00,MSFT,410.79,411.07,410.19,410.5,11101
2025-01-06 14:15:00-05:00,NVDA,133.73,133.94,133.71,133.84,20846
2025-01-06 14:15:00-05:00,TSLA,377.14,377.67,377.07,377.59,15901
2025-01-06 14:16:00-05:00,AAPL,243.01,243.07,242.83,242.95,43362
2025-01-06 14:16:00-05:00,MSFT,410.5,410.7,409.8,409.94,34798
2025-01-06 14:16:00-05:00,NVDA,133.84,133.93,133.8,133.82,16791
2025-01-06 14:16:00-05:00,TSLA,377.59,377.71,377.33,377.58,41936
2025-01-06 14:17:00-05:00,AAPL,242.95,243.29,242.92,243.19,44150
2025-01-06 14:17:00-05:00,MSFT,409.94,410.11,409.09,409.15,5162
2025-01-06 14:17:00-05:00,NVDA,133.82,133.93,133.81,133.93,5555
2025-01-06 14:17:00-05:00,TSLA,377.58,377.83,377.16,377.45,48368
2025-01-06 14:18:00-05:00,AAPL,243.19,243.22,242.89,242.93,12498
2025-01-06 14:18:00-05:00,MSFT,409.15,409.98,408.69,409.69,46604
2025-01-06 14:18:00-05:00,NVDA,133.93,133.95,133.9,133.94,34225
2025-01-06 14:18:00-05:00,TSLA,377.45,378.26,377.4,377.85,35894
2025-01-06 14:19:00-05:00,AAPL,242.93,243.04,242.72,242.86,41132
2025-01-06 14:19:00-05:00,MSFT,409.69,410.4,409.52,410.3,9150
2025-01-06 14:19:00-05:00,NVDA,133.94,134.04,133.85,133.98,21508
2025-01-06 14:19:00-05:00,TSLA,377.85,378.43,377.76,378.35,31920
2025-01-06 14:20:00-05:00,AAPL,242.86,242.94,242.75,242.83,27212
2025-01-06 14:20:00-05:00,MSFT,410.3,410.62,409.92,410.42,37421
2025-01-06 14:20:00-05:00,NVDA,133.98,134.0,133.85,133.99,48031
2025-01-06 14:20:00-05:00,TSLA,378.35,378.55,377.76,377.81,48230
2025-01-06 14:21:00-05:00,AAPL,242.83,242.94,242.72,242.88,11231
2025-01-06 14:21:00-05:00,MSFT,410.42,410.46,409.89,410.27,27135
2025-01-06 14:21:00-05:00,NVDA,133.99,134.2,133.96,134.16,44281
2025-01-06 14:21:00-05:00,TSLA,377.81,377.92,377.58,377.59,49930
2025-01-06 14:22:00-05:00,AAPL,242.88,242.98,242.79,242.8,36081
2025-01-06 14:22:00-05:00,MSFT,410.27,410.3,409.84,410.06,49731
2025-01-06 14:22:00-05:00,NVDA,134.16,134.24,133.92,134.02,13513
2025-01-06 14:22:00-05:00,TSLA,377.59,377.76,377.25,377.36,30261
2025-01-06 14:23:00-05:00,AAPL,242.8,243.61,242.71,243.4,11109
2025-01-06 14:23:00-05:00,MSFT,410.06,410.06,409.42,409.48,46037
2025-01-06 14:23:00-05:00,NVDA,134.02,134.28,133.94,134.2,47461
2025-01-06 14:23:00-05:00,TSLA,377.36,377.38,377.18,377.21,39256
2025-01-06 14:24:00-05:00,AAPL,243.4,243.48,242.99,243.03,8930
2025-01-06 14:24:00-05:00,MSFT,409.48,409.8,409.19,409.58,33920
2025-01-06 14:24:00-05:00,NVDA,134.2,134.27,133.8,133.88,21602
2025-01-06 14:24:00-05:00,TSLA,377.21,377.66,377.12,377.49,11311
2025-01-06 14:25:00-05:00,AAPL,243.03,243.25,242.95,243.12,26603
2025-01-06 14:25:00-05:00,MSFT,409.58,410.76,409.41,410.15,33036
2025-01-06 14:25:00-05:00,NVDA,133.88,133.91,133.66,133.75,9962
2025-01-06 14:25:00-05:00,TSLA,377.49,377.77,377.13,377.59,44309
2025-01-06 14:26:00-05:00,AAPL,243.12,243.23,242.8,243.0,32717
2025-01-06 14:26:00-05:00,MSFT,410.15,410.63,409.95,410.33,15418
2025-01-06 14:26:00-05:00,NVDA,133.75,133.87,133.55,133.56,48750
2025-01-06 14:26:00-05:00,TSLA,377.59,378.31,377.5,378.23,36604
2025-01-06 14:27:00-05:00,AAPL,243.0,243.13,242.45,242.59,23850
2025-01-06 14:27:00-05:00,MSFT,410.33,411.07,410.03,410.77,11117
2025-01-06 14:27:00-05:00,NVDA,133.56,133.71,133.5,133.7,15614
2025-01-06 14:27:00-05:00,TSLA,378.23,378.45,377.89,378.23,40342
2025-01-06 14:28:00-05:00,AAPL,242.59,242.66,242.34,242.41,48039
2025-01-06 14:28:00-05:00,MSFT,410.77,410.9,410.28,410.59,15847
2025-01-06 14:28:00-05:00,NVDA,133.7,133.77,133.64,133.72,8936
2025-01-06 14:28:00-05:00,TSLA,378.23,378.97,378.19,378.61,39212
2025-01-06 14:29:00-05:00,AAPL,242.41,242.64,242.3,242.33,27945
2025-01-06 14:29:00-05:00,MSFT,410.59,411.5,410.5,411.23,20344
2025-01-06 14:29:00-05:00,NVDA,133.72,133.78,133.6,133.77,16660
2025-01-06 14:29:00-05:00,TSLA,378.61,378.95,377.89,378.07,39722
2025-01-06 14:30:00-05:00,AAPL,242.33,242.56,242.32,242.46,33122
2025-01-06 14:30:00-05:00,MSFT,411.23,411.27,410.95,411.07,10107
2025-01-06 14:30:00-05:00,NVDA,133.77,133.8,133.55,133.63,16694
2025-01-06 14:30:00-05:00,TSLA,378.07,378.26,376.94,377.26,27971
2025-01-06 14:31:00-05:00,AAPL,242.46,242.64,241.87,242.14,45745
2025-01-06 14:31:00-05:00,MSFT,411.07,411.33,410.96,411.23,49563
2025-01-06 14:31:00-05:00,NVDA,133.63,133.65,133.52,133.55,40430
2025-01-06 14:31:00-05:00,TSLA,377.26,377.59,377.1,377.33,42756
2025-01-06 14:32:00-05:00,AAPL,242.14,242.25,241.61,241.88,22527
2025-01-06 14:32:00-05:00,MSFT,411.23,411.24,411.12,411.18,32676
2025-01-06 14:32:00-05:00,NVDA,133.55,133.61,133.46,133.56,21973
2025-01-06 14:32:00-05:00,TSLA,377.33,377.56,377.19,377.5,10493
2025-01-06 14:33:00-05:00,AAPL,241.88,242.07,241.86,241.97,25249
2025-01-06 14:33:00-05:00,MSFT,411.18,411.43,410.96,411.35,20004
2025-01-06 14:33:00-05:00,NVDA,133.56,133.58,133.31,133.33,42443
2025-01-06 14:33:00-05:00,TSLA,377.5,377.62,377.12,377.54,31781
2025-01-06 14:34:00-05:00,AAPL,241.97,242.22,241.94,242.17,48079
2025-01-06 14:34:00-05:00,MSFT,411.35,411.57,410.72,410.86,24611
2025-01-06 14:34:00-05:00,NVDA,133.33,133.44,133.22,133.3,47786
2025-01-06 14:34:00-05:00,TSLA,377.54,377.56,377.54,377.54,39245
2025-01-06 14:35:00-05:00,AAPL,242.17,242.34,242.13,242.29,46495
2025-01-06 14:35:00-05:00,MSFT,410.86,411.3,410.59,411.07,13725
2025-01-06 14:35:00-05:00,NVDA,133.3,133.42,133.18,133.32,48555
2025-01-06 14:35:00-05:00,TSLA,377.54,377.56,377.47,377.49,47896
2025-01-06 14:36:00-05:00,AAPL,242.29,242.4,242.17,242.39,34730
2025-01-06 14:36:00-05:00,MSFT,411.07,411.31,410.44,410.68,44997
2025-01-06 14:36:00-05:00,NVDA,133.32,133.34,133.23,133.26,5242
2025-01-06 14:36:00-05:00,TSLA,377.49,378.01,377.41,377.68,32923
2025-01-06 14:37:00-05:00,AAPL,242.39,242.45,242.25,242.35,26258
2025-01-06 14:37:00-05:00,MSFT,410.68,411.03,410.5,410.9,18962
2025-01-06 14:37:00-05:00,NVDA,133.26,133.54,133.24,133.38,37157
2025-01-06 14:37:00-05:00,TSLA,377.68,377.86,377.56,377.78,40134
2025-01-06 14:38:00-05:00,AAPL,242.35,242.55,242.32,242.4,15316
2025-01-06 14:38:00-05:00,MSFT,410.9,410.98,410.47,410.74,19237
2025-01-06 14:38:00-05:00,NVDA,133.38,133.39,133.23,133.25,9594
2025-01-06 14:38:00-05:00,TSLA,377.78,377.86,377.41,377.46,18349
2025-01-06 14:39:00-05:00,AAPL,242.4,242.44,242.36,242.44,10346
2025-01-06 14:39:00-05:00,MSFT,410.74,411.15,410.69,411.07,13071
2025-01-06 14:39:00-05:00,NVDA,133.25,133.26,133.01,133.01,36592
2025-01-06 14:39:00-05:00,TSLA,377.46,378.3,377.29,378.02,36619
2025-01-06 14:40:00-05:00,AAPL,242.44,242.62,242.26,242.39,22902
2025-01-06 14:40:00-05:00,MSFT,411.07,411.18,410.56,410.73,14163
2025-01-06 14:40:00-05:00,NVDA,133.01,133.19,132.95,133.13,24846
2025-01-06 14:40:00-05:00,TSLA,378.02,378.45,377.46,378.23,42856
2025-01-06 14:41:00-05:00,AAPL,242.39,242.44,242.25,242.41,27621
2025-01-06 14:41:00-05:00,MSFT,410.73,410.73,410.35,410.65,21263
2025-01-06 14:41:00-05:00,NVDA,133.13,133.21,133.06,133.12,47406
2025-01-06 14:41:00-05:00,TSLA,378.23,378.52,377.98,378.35,14048
2025-01-06 14:42:00-05:00,AAPL,242.41,242.45,242.17,242.23,48721
2025-01-06 14:42:00-05:00,MSFT,410.65,410.74,409.85,410.13,6757
2025-01-06 14:42:00-05:00,NVDA,133.12,133.3,133.09,133.26,35122
2025-01-06 14:42:00-05:00,TSLA,378.35,378.91,378.35,378.69,15603
2025-01-06 14:43:00-05:00,AAPL,242.23,242.26,241.9,241.98,44277
2025-01-06 14:43:00-05:00,MSFT,410.13,410.3,409.43,409.68,24768
2025-01-06 14:43:00-05:00,NVDA,133.26,133.26,133.19,133.25,18311
2025-01-06 14:43:00-05:00,TSLA,378.69,378.87,378.15,378.28,27179
2025-01-06 14:44:00-05:00,AAPL,241.98,242.16,241.79,242.13,21745
2025-01-06 14:44:00-05:00,MSFT,409.68,410.1,409.6,409.83,47347
2025-01-06 14:44:00-05:00,NVDA,133.25,133.29,133.22,133.27,30565
2025-01-06 14:44:00-05:00,TSLA,378.28,378.69,378.26,378.44,30500
2025-01-06 14:45:00-05:00,AAPL,242.13,242.15,241.93,241.99,37596
2025-01-06 14:45:00-05:00,MSFT,409.83,410.62,409.68,410.21,20685
2025-01-06 14:45:00-05:00,NVDA,133.27,133.4,133.21,133.33,28544
2025-01-06 14:45:00-05:00,TSLA,378.44,378.46,378.33,378.33,10969
2025-01-06 14:46:00-05:00,AAPL,241.99,242.07,241.85,241.99,37785
2025-01-06 14:46:00-05:00,MSFT,410.21,410.21,409.73,410.01,39621
2025-01-06 14:46:00-05:00,NVDA,133.33,133.34,133.01,133.05,7339
2025-01-06 14:46:00-05:00,TSLA,378.33,378.71,378.26,378.52,22241
2025-01-06 14:47:00-05:00,AAPL,241.99,242.42,241.93,242.25,28210
2025-01-06 14:47:00-05:00,MSFT,410.01,410.03,409.99,410.01,28664
2025-01-06 14:47:00-05:00,NVDA,133.05,133.12,132.95,133.08,43859
2025-01-06 14:47:00-05:00,TSLA,378.52,378.53,378.34,378.42,7474
2025-01-06 14:48:00-05:00,AAPL,242.25,242.79,242.23,242.68,10102
2025-01-06 14:48:00-05:00,MSFT,410.01,410.25,409.84,410.21,28947
2025-01-06 14:48:00-05:00,NVDA,133.08,133.16,133.05,133.09,37747
2025-01-06 14:48:00-05:00,TSLA,378.42,378.85,378.06,378.28,23774
2025-01-06 14:49:00-05:00,AAPL,242.68,242.79,242.56,242.69,42578
2025-01-06 14:49:00-05:00,MSFT,410.21,410.33,409.76,409.8,35868
2025-01-06 14:49:00-05:00,NVDA,133.09,133.21,132.88,132.91,34445
2025-01-06 14:49:00-05:00,TSLA,378.28,378.66,378.03,378.6,16486
2025-01-06 14:50:00-05:00,AAPL,242.69,242.79,242.37,242.4,26284
2025-01-06 14:50:00-05:00,MSFT,409.8,410.57,409.72,410.47,22182
2025-01-06 14:50:00-05:00,NVDA,132.91,132.93,132.88,132.93,7805
2025-01-06 14:50:00-05:00,TSLA,378.6,378.76,378.26,378.34,38957
2025-01-06 14:51:00-05:00,AAPL,242.4,242.78,242.14,242.64,35152
2025-01-06 14:51:00-05:00,MSFT,410.47,410.59,410.02,410.49,31081
2025-01-06 14:51:00-05:00,NVDA,132.93,133.07,132.9,133.03,47850
2025-01-06 14:51:00-05:00,TSLA,378.34,378.88,378.29,378.87,44289
2025-01-06 14:52:00-05:00,AAPL,242.64,243.15,242.44,242.91,20945
2025-01-06 14:52:00-05:00,MSFT,410.49,410.5,409.7,409.91,31363
2025-01-06 14:52:00-05:00,NVDA,133.03,133.09,132.9,132.96,14761
2025-01-06 14:52:00-05:00,TSLA,378.87,378.89,378.07,378.28,28575
2025-01-06 14:53:00-05:00,AAPL,242.91,243.27,242.86,243.16,10154
2025-01-06 14:53:00-05:00,MSFT,409.91,410.13,409.78,409.91,45373
2025-01-06 14:53:00-05:00,NVDA,132.96,132.96,132.67,132.72,9720
2025-01-06 14:53:00-05:00,TSLA,378.28,378.28,377.9,377.9,15318
2025-01-06 14:54:00-05:00,AAPL,243.16,243.22,242.93,242.99,16018
2025-01-06 14:54:00-05:00,MSFT,409.91,410.08,409.5,410.01,15182
2025-01-06 14:54:00-05:00,NVDA,132.72,132.8,132.68,132.79,45525
2025-01-06 14:54:00-05:00,TSLA,377.9,378.24,377.67,378.16,31571
2025-01-06 14:55:00-05:00,AAPL,242.99,243.33,242.91,243.18,39773
2025-01-06 14:55:00-05:00,MSFT,410.01,410.65,409.96,410.45,46569
2025-01-06 14:55:00-05:00,NVDA,132.79,132.89,132.64,132.67,13554
2025-01-06 14:55:00-05:00,TSLA,378.16,378.69,378.04,378.49,9496
2025-01-06 14:56:00-05:00,AAPL,243.18,243.2,242.54,242.65,47299
2025-01-06 14:56:00-05:00,MSFT,410.45,410.8,410.34,410.5,33671
2025-01-06 14:56:00-05:00,NVDA,132.67,132.87,132.57,132.86,11376
2025-01-06 14:56:00-05:00,TSLA,378.49,379.03,378.45,378.91,43203
2025-01-06 14:57:00-05:00,AAPL,242.65,243.01,242.57,242.97,14597
2025-01-06 14:57:00-05:00,MSFT,410.5,410.55,409.83,410.22,8794
2025-01-06 14:57:00-05:00,NVDA,132.86,132.9,132.71,132.72,43734
2025-01-06 14:57:00-05:00,TSLA,378.91,379.19,378.03,378.43,23121
2025-01-06 14:58:00-05:00,AAPL,242.97,243.04,242.84,242.96,9938
2025-01-06 14:58:00-05:00,MSFT,410.22,410.72,410.01,410.25,8606
2025-01-06 14:58:00-05:00,NVDA,132.72,133.0,132.65,132.95,45345
2025-01-06 14:58:00-05:00,TSLA,378.43,379.05,378.25,378.57,5304
2025-01-06 14:59:00-05:00,AAPL,242.96,243.39,242.77,243.3,37382
2025-01-06 14:59:00-05:00,MSFT,410.25,410.75,409.94,410.63,16511
2025-01-06 14:59:00-05:00,NVDA,132.95,133.09,132.83,133.07,32932
2025-01-06 14:59:00-05:00,TSLA,378.57,378.69,378.38,378.68,11977
2025-01-06 15:00:00-05:00,AAPL,243.3,243.34,242.83,242.99,41994
2025-01-06 15:00:00-05:00,MSFT,410.63,411.32,410.59,411.1,27721
2025-01-06 15:00:00-05:00,NVDA,133.07,133.18,132.93,132.94,12916
2025-01-06 15:00:00-05:00,TSLA,378.68,378.76,378.21,378.26,38638
2025-01-06 15:01:00-05:00,AAPL,242.99,243.21,242.53,242.81,26181
2025-01-06 15:01:00-05:00,MSFT,411.1,411.46,410.82,410.87,21990
2025-01-06 15:01:00-05:00,NVDA,132.94,133.03,132.8,132.81,14000
2025-01-06 15:01:00-05:00,TSLA,378.26,378.79,378.16,378.42,42676
2025-01-06 15:02:00-05:00,AAPL,242.81,243.16,242.78,243.03,33980
2025-01-06 15:02:00-05:00,MSFT,410.87,411.07,410.84,410.98,12736
2025-01-06 15:02:00-05:00,NVDA,132.81,132.96,132.66,132.66,16367
2025-01-06 15:02:00-05:00,TSLA,378.42,378.62,378.26,378.42,20943
2025-01-06 15:03:00-05:00,AAPL,243.03,243.25,242.87,243.1,43759
2025-01-06 15:03:00-05:00,MSFT,410.98,410.99,410.61,410.66,33136
2025-01-06 15:03:00-05:00,NVDA,132.66,132.72,132.63,132.7,14256
2025-01-06 15:03:00-05:00,TSLA,378.42,378.74,377.94,378.72,35071
2025-01-06 15:04:00-05:00,AAPL,243.1,243.42,243.05,243.37,8728
2025-01-06 15:04:00-05:00,MSFT,410.66,410.73,410.58,410.64,10050
2025-01-06 15:04:00-05:00,NVDA,132.7,132.74,132.67,132.7,20967
2025-01-06 15:04:00-05:00,TSLA,378.72,379.09,378.24,378.38,21896
2025-01-06 15:05:00-05:00,AAPL,243.37,243.69,243.3,243.62,47248
2025-01-06 15:05:00-05:00,MSFT,410.64,410.89,410.11,410.12,8633
2025-01-06 15:05:00-05:00,NVDA,132.7,132.78,132.69,132.76,11551
2025-01-06 15:05:00-05:00,TSLA,378.38,378.62,377.94,378.05,19442
2025-01-06 15:06:00-05:00,AAPL,243.62,244.12,243.51,243.94,35324
2025-01-06 15:06:00-05:00,MSFT,410.12,410.12,409.48,409.59,11743
2025-01-06 15:06:00-05:00,NVDA,132.76,132.9,132.73,132.81,36913
2025-01-06 15:06:00-05:00,TSLA,378.05,378.17,377.74,377.93,38849
2025-01-06 15:07:00-05:00,AAPL,243.94,244.21,243.6,243.75,7688
2025-01-06 15:07:00-05:00,MSFT,409.59,410.06,409.4,409.82,12558
2025-01-06 15:07:00-05:00,NVDA,132.81,132.87,132.81,132.86,10841
2025-01-06 15:07:00-05:00,TSLA,377.93,379.08,377.86,378.79,22258
2025-01-06 15:08:00-05:00,AAPL,243.75,243.82,243.27,243.33,36170
2025-01-06 15:08:00-05:00,MSFT,409.82,410.13,409.43,409.89,21026
2025-01-06 15:08:00-05:00,NVDA,132.86,132.95,132.79,132.81,36195
2025-01-06 15:08:00-05:00,TSLA,378.79,378.87,378.63,378.79,9982
2025-01-06 15:09:00-05:00,AAPL,243.33,243.64,243.16,243.16,34525
2025-01-06 15:09:00-05:00,MSFT,409.89,410.3,409.83,410.11,14835
2025-01-06 15:09:00-05:00,NVDA,132.81,133.03,132.77,133.01,46931
2025-01-06 15:09:00-05:00,TSLA,378.79,378.9,378.13,378.17,25569
2025-01-06 15:10:00-05:00,AAPL,243.16,243.73,243.05,243.57,38066
2025-01-06 15:10:00-05:00,MSFT,410.11,411.03,409.75,410.56,47972
2025-01-06 15:10:00-05:00,NVDA,133.01,133.08,132.99,132.99,7465
2025-01-06 15:10:00-05:00,TSLA,378.17,378.49,377.63,377.68,49768
2025-01-06 15:11:00-05:00,AAPL,243.57,243.91,243.54,243.89,33688
2025-01-06 15:11:00-05:00,MSFT,410.56,410.88,410.47,410.72,32279
2025-01-06 15:11:00-05:00,NVDA,132.99,133.16,132.93,133.07,45111
2025-01-06 15:11:00-05:00,TSLA,377.68,378.7,377.63,378.59,18085
2025-01-06 15:12:00-05:00,AAPL,243.89,244.2,243.8,244.19,23539
2025-01-06 15:12:00-05:00,MSFT,410.72,411.12,410.6,411.03,12825
2025-01-06 15:12:00-05:00,NVDA,133.07,133.28,133.06,133.25,5299
2025-01-06 15:12:00-05:00,TSLA,378.59,378.76,378.58,378.62,21364
2025-01-06 15:13:00-05:00,AAPL,244.19,244.35,243.9,244.04,49492
2025-01-06 15:13:00-05:00,MSFT,411.03,411.47,410.54,410.55,16753
2025-01-06 15:13:00-05:00,NVDA,133.25,133.29,133.11,133.13,39747
2025-01-06 15:13:00-05:00,TSLA,378.62,378.98,378.47,378.89,11991
2025-01-06 15:14:00-05:00,AAPL,244.04,244.16,243.66,243.69,11193
2025-01-06 15:14:00-05:00,MSFT,410.55,410.87,410.35,410.63,35480
2025-01-06 15:14:00-05:00,NVDA,133.13,133.32,133.0,133.31,38262
2025-01-06 15:14:00-05:00,TSLA,378.89,379.05,378.68,379.0,5434
2025-01-06 15:15:00-05:00,AAPL,243.69,243.8,243.58,243.62,21514
2025-01-06 15:15:00-05:00,MSFT,410.63,410.99,410.37,410.75,25361
2025-01-06 15:15:00-05:00,NVDA,133.31,133.33,132.9,133.01,48209
2025-01-06 15:15:00-05:00,TSLA,379.0,379.02,378.64,378.88,7769
2025-01-06 15:16:00-05:00,AAPL,243.62,243.8,243.35,243.56,26847
2025-01-06 15:16:00-05:00,MSFT,410.75,410.98,410.37,410.51,41949
2025-01-06 15:16:00-05:00,NVDA,133.01,133.04,132.98,133.02,36091
2025-01-06 15:16:00-05:00,TSLA,378.88,379.24,378.72,379.09,42651
2025-01-06 15:17:00-05:00,AAPL,243.56,243.72,243.2,243.29,27925
2025-01-06 15:17:00-05:00,MSFT,410.51,410.59,410.18,410.52,20897
2025-01-06 15:17:00-05:00,NVDA,133.02,133.11,133.02,133.07,7825
2025-01-06 15:17:00-05:00,TSLA,379.09,379.98,378.93,379.83,38497
2025-01-06 15:18:00-05:00,AAPL,243.29,243.46,243.13,243.16,10552
2025-01-06 15:18:00-05:00,MSFT,410.52,410.58,409.63,409.98,17807
2025-01-06 15:18:00-05:00,NVDA,133.07,133.21,133.06,133.19,45423
2025-01-06 15:18:00-05:00,TSLA,379.83,379.96,379.72,379.78,32733
2025-01-06 15:19:00-05:00,AAPL,243.16,243.2,242.94,243.05,26527
2025-01-06 15:19:00-05:00,MSFT,409.98,410.04,409.72,410.01,21064
2025-01-06 15:19:00-05:00,NVDA,133.19,133.33,133.08,133.29,7838
2025-01-06 15:19:00-05:00,TSLA,379.78,380.01,379.69,379.72,37930
2025-01-06 15:20:00-05:00,AAPL,243.05,243.36,242.96,243.19,49919
2025-01-06 15:20:00-05:00,MSFT,410.01,410.96,409.76,410.57,46677
2025-01-06 15:20:00-05:00,NVDA,133.29,133.33,133.25,133.32,6904
2025-01-06 15:20:00-05:00,TSLA,379.72,380.03,379.26,379.29,12888
2025-01-06 15:21:00-05:00,AAPL,243.19,243.24,242.81,242.84,48939
2025-01-06 15:21:00-05:00,MSFT,410.57,410.87,410.21,410.65,26955
2025-01-06 15:21:00-05:00,NVDA,133.32,133.35,133.3,133.3,20420
2025-01-06 15:21:00-05:00,TSLA,379.29,379.36,378.68,378.88,5551
2025-01-06 15:22:00-05:00,AAPL,242.84,242.89,242.59,242.64,19037
2025-01-06 15:22:00-05:00,MSFT,410.65,411.25,410.46,411.25,11812
2025-01-06 15:22:00-05:00,NVDA,133.3,133.39,133.25,133.27,49358
2025-01-06 15:22:00-05:00,TSLA,378.88,379.15,378.73,379.14,45159
2025-01-06 15:23:00-05:00,AAPL,242.64,242.87,242.47,242.76,17583
2025-01-06 15:23:00-05:00,MSFT,411.25,411.41,410.15,410.71,32513
2025-01-06 15:23:00-05:00,NVDA,133.27,133.39,133.24,133.35,12217
2025-01-06 15:23:00-05:00,TSLA,379.14,379.22,378.89,378.98,22226
2025-01-06 15:24:00-05:00,AAPL,242.76,242.85,242.55,242.78,11628
2025-01-06 15:24:00-05:00,MSFT,410.71,410.71,410.25,410.57,11096
2025-01-06 15:24:00-05:00,NVDA,133.35,133.38,133.31,133.32,29610
2025-01-06 15:24:00-05:00,TSLA,378.98,379.22,378.84,379.01,37687
2025-01-06 15:25:00-05:00,AAPL,242.78,243.15,242.77,243.0,39506
2025-01-06 15:25:00-05:00,MSFT,410.57,410.71,410.52,410.56,39062
2025-01-06 15:25:00-05:00,NVDA,133.32,133.34,133.03,133.05,43344
2025-01-06 15:25:00-05:00,TSLA,379.01,379.19,378.68,378.77,29399
2025-01-06 15:26:00-05:00,AAPL,243.0,243.24,242.99,243.21,29688
2025-01-06 15:26:00-05:00,MSFT,410.56,410.79,409.48,409.81,43061
2025-01-06 15:26:00-05:00,NVDA,133.05,133.06,132.68,132.77,34818
2025-01-06 15:26:00-05:00,TSLA,378.77,378.91,378.29,378.52,42741
2025-01-06 15:27:00-05:00,AAPL,243.21,243.25,243.02,243.08,45942
2025-01-06 15:27:00-05:00,MSFT,409.81,410.08,409.75,409.99,30844
2025-01-06 15:27:00-05:00,NVDA,132.77,133.04,132.71,133.01,34998
2025-01-06 15:27:00-05:00,TSLA,378.52,378.81,378.2,378.67,22691
2025-01-06 15:28:00-05:00,AAPL,243.08,243.2,242.96,243.13,49326
2025-01-06 15:28:00-05:00,MSFT,409.99,410.58,409.5,410.46,20517
2025-01-06 15:28:00-05:00,NVDA,133.01,133.1,132.93,132.97,13336
2025-01-06 15:28:00-05:00,TSLA,378.67,379.06,378.59,378.83,14800
2025-01-06 15:29:00-05:00,AAPL,243.13,243.29,242.81,243.23,45015
2025-01-06 15:29:00-05:00,MSFT,410.46,410.98,410.07,410.88,30752
2025-01-06 15:29:00-05:00,NVDA,132.97,133.05,132.94,132.96,23389
2025-01-06 15:29:00-05:00,TSLA,378.83,378.86,378.63,378.63,32624
2025-01-06 15:30:00-05:00,AAPL,243.23,243.43,243.0,243.14,25281
2025-01-06 15:30:00-05:00,MSFT,410.88,411.2,410.61,410.68,9894
2025-01-06 15:30:00-05:00,NVDA,132.96,133.23,132.92,133.13,27516
2025-01-06 15:30:00-05:00,TSLA,378.63,378.63,377.25,377.38,25691
2025-01-06 15:31:00-05:00,AAPL,243.14,243.44,243.09,243.23,17715
2025-01-06 15:31:00-05:00,MSFT,410.68,411.08,410.64,410.98,43319
2025-01-06 15:31:00-05:00,NVDA,133.13,133.16,133.08,133.15,15275
2025-01-06 15:31:00-05:00,TSLA,377.38,377.42,376.85,377.01,41840
2025-01-06 15:32:00-05:00,AAPL,243.23,243.45,242.7,242.83,23466
2025-01-06 15:32:00-05:00,MSFT,410.98,411.19,410.81,411.13,12912
2025-01-06 15:32:00-05:00,NVDA,133.15,133.29,133.12,133.2,41225
2025-01-06 15:32:00-05:00,TSLA,377.01,377.13,376.92,377.08,19120
2025-01-06 15:33:00-05:00,AAPL,242.83,242.86,242.66,242.8,32437
2025-01-06 15:33:00-05:00,MSFT,411.13,411.76,411.01,411.24,18607
2025-01-06 15:33:00-05:00,NVDA,133.2,133.22,133.13,133.15,39194
2025-01-06 15:33:00-05:00,TSLA,377.08,377.29,376.88,377.21,46278
2025-01-06 15:34:00-05:00,AAPL,242.8,243.29,242.78,243.24,21384
2025-01-06 15:34:00-05:00,MSFT,411.24,411.31,410.75,410.8,49961
2025-01-06 15:34:00-05:00,NVDA,133.15,133.16,132.6,132.71,23295
2025-01-06 15:34:00-05:00,TSLA,377.21,377.9,377.2,377.72,41535
2025-01-06 15:35:00-05:00,AAPL,243.24,243.37,243.07,243.11,29327
2025-01-06 15:35:00-05:00,MSFT,410.8,410.91,410.36,410.66,44538
2025-01-06 15:35:00-05:00,NVDA,132.71,132.78,132.56,132.57,21164
2025-01-06 15:35:00-05:00,TSLA,377.72,378.21,377.66,378.08,6299
2025-01-06 15:36:00-05:00,AAPL,243.11,243.13,242.87,243.0,23681
2025-01-06 15:36:00-05:00,MSFT,410.66,411.52,410.62,411.42,21267
2025-01-06 15:36:00-05:00,NVDA,132.57,132.64,132.54,132.57,14762
2025-01-06 15:36:00-05:00,TSLA,378.08,378.17,377.67,377.78,42804
2025-01-06 15:37:00-05:00,AAPL,243.0,243.06,242.57,242.61,34446
2025-01-06 15:37:00-05:00,MSFT,411.42,411.78,411.38,411.58,8208
2025-01-06 15:37:00-05:00,NVDA,132.57,132.99,132.5,132.87,32379
2025-01-06 15:37:00-05:00,TSLA,377.78,378.02,377.18,377.31,16438
2025-01-06 15:38:00-05:00,AAPL,242.61,242.76,242.34,242.72,19551
2025-01-06 15:38:00-05:00,MSFT,411.58,411.72,411.39,411.44,31502
2025-01-06 15:38:00-05:00,NVDA,132.87,132.91,132.76,132.91,7203
2025-01-06 15:38:00-05:00,TSLA,377.31,377.64,377.21,377.62,34290
2025-01-06 15:39:00-05:00,AAPL,242.72,243.04,242.49,242.94,6747
2025-01-06 15:39:00-05:00,MSFT,411.44,411.6,411.22,411.43,41052
2025-01-06 15:39:00-05:00,NVDA,132.91,133.01,132.88,132.95,11422
2025-01-06 15:39:00-05:00,TSLA,377.62,378.16,377.5,378.02,23777
2025-01-06 15:40:00-05:00,AAPL,242.94,243.0,242.65,242.73,10348
2025-01-06 15:40:00-05:00,MSFT,411.43,411.66,411.39,411.43,5783
2025-01-06 15:40:00-05:00,NVDA,132.95,132.96,132.85,132.86,31648
2025-01-06 15:40:00-05:00,TSLA,378.02,378.13,376.92,377.1,27111
2025-01-06 15:41:00-05:00,AAPL,242.73,242.92,242.71,242.9,11493
2025-01-06 15:41:00-05:00,MSFT,411.43,411.76,411.08,411.22,19567
2025-01-06 15:41:00-05:00,NVDA,132.86,132.89,132.84,132.85,24384
2025-01-06 15:41:00-05:00,TSLA,377.1,377.33,376.58,376.7,31527
2025-01-06 15:42:00-05:00,AAPL,242.9,243.24,242.88,243.09,23800
2025-01-06 15:42:00-05:00,MSFT,411.22,412.02,411.02,411.74,47250
2025-01-06 15:42:00-05:00,NVDA,132.85,133.13,132.75,132.88,15603
2025-01-06 15:42:00-05:00,TSLA,376.7,376.84,376.63,376.78,25766
2025-01-06 15:43:00-05:00,AAPL,243.09,243.21,242.89,242.96,14095
2025-01-06 15:43:00-05:00,MSFT,411.74,412.4,411.6,412.16,9914
2025-01-06 15:43:00-05:00,NVDA,132.88,132.94,132.75,132.9,43250
2025-01-06 15:43:00-05:00,TSLA,376.78,377.18,376.54,377.01,44674
2025-01-06 15:44:00-05:00,AAPL,242.96,243.12,242.76,242.98,6245
2025-01-06 15:44:00-05:00,MSFT,412.16,412.32,411.98,412.31,13440
2025-01-06 15:44:00-05:00,NVDA,132.9,133.05,132.88,133.04,31565
2025-01-06 15:44:00-05:00,TSLA,377.01,377.13,376.48,376.83,28800
2025-01-06 15:45:00-05:00,AAPL,242.98,242.99,242.4,242.63,40966
2025-01-06 15:45:00-05:00,MSFT,412.31,412.64,411.83,412.05,26728
2025-01-06 15:45:00-05:00,NVDA,133.04,133.09,132.65,132.77,46078
2025-01-06 15:45:00-05:00,TSLA,376.83,377.08,376.6,377.08,34510
2025-01-06 15:46:00-05:00,AAPL,242.63,243.0,242.44,242.94,20573
2025-01-06 15:46:00-05:00,MSFT,412.05,413.1,411.61,412.76,33387
2025-01-06 15:46:00-05:00,NVDA,132.77,132.79,132.57,132.59,26817
2025-01-06 15:46:00-05:00,TSLA,377.08,377.14,376.57,376.87,48386
2025-01-06 15:47:00-05:00,AAPL,242.94,243.14,242.9,243.13,32513
2025-01-06 15:47:00-05:00,MSFT,412.76,413.14,412.57,413.05,6932
2025-01-06 15:47:00-05:00,NVDA,132.59,132.64,132.54,132.55,22680
2025-01-06 15:47:00-05:00,TSLA,376.87,376.96,376.56,376.96,10247
2025-01-06 15:48:00-05:00,AAPL,243.13,243.26,242.7,242.91,37756
2025-01-06 15:48:00-05:00,MSFT,413.05,413.2,412.46,412.73,23021
2025-01-06 15:48:00-05:00,NVDA,132.55,132.64,132.45,132.49,49870
2025-01-06 15:48:00-05:00,TSLA,376.96,377.23,376.59,377.05,36010
2025-01-06 15:49:00-05:00,AAPL,242.91,243.11,242.9,243.09,38775
2025-01-06 15:49:00-05:00,MSFT,412.73,413.53,412.31,413.45,7270
2025-01-06 15:49:00-05:00,NVDA,132.49,132.61,132.38,132.45,8592
2025-01-06 15:49:00-05:00,TSLA,377.05,377.59,377.04,377.55,31018
2025-01-06 15:50:00-05:00,AAPL,243.09,243.18,242.75,242.75,28122
2025-01-06 15:50:00-05:00,MSFT,413.45,413.64,412.87,413.02,41089
2025-01-06 15:50:00-05:00,NVDA,132.45,132.46,132.15,132.16,30097
2025-01-06 15:50:00-05:00,TSLA,377.55,377.64,376.1,376.31,10525
2025-01-06 15:51:00-05:00,AAPL,242.75,242.77,242.62,242.76,48540
2025-01-06 15:51:00-05:00,MSFT,413.02,413.11,412.62,412.63,30101
2025-01-06 15:51:00-05:00,NVDA,132.16,132.25,132.09,132.19,28958
2025-01-06 15:51:00-05:00,TSLA,376.31,376.85,375.99,376.63,25274
2025-01-06 15:52:00-05:00,AAPL,242.76,242.89,242.42,242.61,40656
2025-01-06 15:52:00-05:00,MSFT,412.63,412.91,412.44,412.81,46337
2025-01-06 15:52:00-05:00,NVDA,132.19,132.26,132.04,132.06,18416
2025-01-06 15:52:00-05:00,TSLA,376.63,377.02,376.54,376.71,39520
2025-01-06 15:53:00-05:00,AAPL,242.61,243.43,242.59,243.07,41316
2025-01-06 15:53:00-05:00,MSFT,412.81,413.07,412.47,412.48,6279
2025-01-06 15:53:00-05:00,NVDA,132.06,132.1,131.85,131.9,40365
2025-01-06 15:53:00-05:00,TSLA,376.71,376.8,376.67,376.78,48486
2025-01-06 15:54:00-05:00,AAPL,243.07,243.59,242.95,243.56,29464
2025-01-06 15:54:00-05:00,MSFT,412.48,413.22,412.32,413.2,36763
2025-01-06 15:54:00-05:00,NVDA,131.9,132.06,131.82,132.01,18749
2025-01-06 15:54:00-05:00,TSLA,376.78,377.11,376.12,376.26,40427
2025-01-06 15:55:00-05:00,AAPL,243.56,243.63,243.54,243.63,9427
2025-01-06 15:55:00-05:00,MSFT,413.2,413.75,412.98,413.6,26076
2025-01-06 15:55:00-05:00,NVDA,132.01,132.01,131.84,131.95,26001
2025-01-06 15:55:00-05:00,TSLA,376.26,376.48,375.85,375.94,13854
2025-01-06 15:56:00-05:00,AAPL,243.63,243.79,243.27,243.41,26791
2025-01-06 15:56:00-05:00,MSFT,413.6,413.68,413.34,413.4,23411
2025-01-06 15:56:00-05:00,NVDA,131.95,131.99,131.87,131.89,9152
2025-01-06 15:56:00-05:00,TSLA,375.94,376.57,375.83,376.51,46356
2025-01-06 15:57:00-05:00,AAPL,243.41,243.49,243.03,243.11,27187
2025-01-06 15:57:00-05:00,MSFT,413.4,414.26,413.17,413.66,39696
2025-01-06 15:57:00-05:00,NVDA,131.89,131.94,131.74,131.79,37863
2025-01-06 15:57:00-05:00,TSLA,376.51,376.97,376.12,376.97,33506
2025-01-06 15:58:00-05:00,AAPL,243.11,243.24,243.09,243.17,36361
2025-01-06 15:58:00-05:00,MSFT,413.66,413.87,413.31,413.32,21243
2025-01-06 15:58:00-05:00,NVDA,131.79,131.8,131.7,131.72,39921
2025-01-06 15:58:00-05:00,TSLA,376.97,377.01,376.38,376.44,40367
2025-01-06 15:59:00-05:00,AAPL,243.17,243.32,242.74,242.9,9135
2025-01-06 15:59:00-05:00,MSFT,413.32,413.65,413.18,413.56,8664
2025-01-06 15:59:00-05:00,NVDA,131.72,131.78,131.49,131.53,29126
2025-01-06 15:59:00-05:00,TSLA,376.44,376.77,376.36,376.76,25176
2025-01-07 09:30:00-05:00,AAPL,242.9,243.36,242.8,243.08,9300
2025-01-07 09:30:00-05:00,MSFT,413.56,413.91,413.4,413.74,5552
2025-01-07 09:30:00-05:00,NVDA,131.53,131.56,131.48,131.55,10605
2025-01-07 09:30:00-05:00,TSLA,376.76,376.99,376.61,376.64,20611
2025-01-07 09:31:00-05:00,AAPL,243.08,243.18,242.31,242.54,10721
2025-01-07 09:31:00-05:00,MSFT,413.74,414.51,413.6,414.37,17647
2025-01-07 09:31:00-05:00,NVDA,131.55,131.66,131.24,131.24,24387
2025-01-07 09:31:00-05:00,TSLA,376.64,376.81,376.38,376.74,23203
2025-01-07 09:32:00-05:00,AAPL,242.54,243.12,242.47,242.99,12167
2025-01-07 09:32:00-05:00,MSFT,414.37,414.42,413.92,414.09,28450
2025-01-07 09:32:00-05:00,NVDA,131.24,131.3,131.12,131.17,48203
2025-01-07 09:32:00-05:00,TSLA,376.74,377.08,376.67,377.01,21318
2025-01-07 09:33:00-05:00,AAPL,242.99,243.61,242.94,243.58,14696
2025-01-07 09:33:00-05:00,MSFT,414.09,414.27,413.73,414.13,45975
2025-01-07 09:33:00-05:00,NVDA,131.17,131.17,130.99,131.09,44845
2025-01-07 09:33:00-05:00,TSLA,377.01,377.14,376.48,376.49,12614
2025-01-07 09:34:00-05:00,AAPL,243.58,243.59,242.91,243.08,24213
2025-01-07 09:34:00-05:00,MSFT,414.13,414.44,413.89,413.91,28789
2025-01-07 09:34:00-05:00,NVDA,131.09,131.2,131.02,131.2,16716
2025-01-07 09:34:00-05:00,TSLA,376.49,376.84,376.35,376.84,10455
2025-01-07 09:35:00-05:00,AAPL,243.08,243.24,242.95,243.04,13652
2025-01-07 09:35:00-05:00,MSFT,413.91,414.62,413.85,414.39,44716
2025-01-07 09:35:00-05:00,NVDA,131.2,131.21,130.99,130.99,5581
2025-01-07 09:35:00-05:00,TSLA,376.84,377.21,376.49,376.62,22304
2025-01-07 09:36:00-05:00,AAPL,243.04,243.06,242.79,242.79,17390
2025-01-07 09:36:00-05:00,MSFT,414.39,414.59,414.3,414.46,23176
2025-01-07 09:36:00-05:00,NVDA,130.99,131.03,130.53,130.66,19276
2025-01-07 09:36:00-05:00,TSLA,376.62,376.81,376.42,376.55,8752
2025-01-07 09:37:00-05:00,AAPL,242.79,243.02,242.65,242.74,20225
2025-01-07 09:37:00-05:00,MSFT,414.46,414.68,413.98,414.08,41161
2025-01-07 09:37:00-05:00,NVDA,130.66,130.76,130.61,130.69,10213
2025-01-07 09:37:00-05:00,TSLA,376.55,376.57,376.31,376.33,28296
2025-01-07 09:38:00-05:00,AAPL,242.74,243.02,242.66,242.89,47975
2025-01-07 09:38:00-05:00,MSFT,414.08,414.63,413.95,414.31,16503
2025-01-07 09:38:00-05:00,NVDA,130.69,130.78,130.65,130.66,16783
2025-01-07 09:38:00-05:00,TSLA,376.33,377.0,376.11,376.52,40218
2025-01-07 09:39:00-05:00,AAPL,242.89,243.23,242.8,243.16,43886
2025-01-07 09:39:00-05:00,MSFT,414.31,414.41,413.77,413.81,9263
2025-01-07 09:39:00-05:00,NVDA,130.66,130.71,130.55,130.7,22009
2025-01-07 09:39:00-05:00,TSLA,376.52,377.63,376.2,377.42,43224
2025-01-07 09:40:00-05:00,AAPL,243.16,243.29,242.88,243.01,42175
2025-01-07 09:40:00-05:00,MSFT,413.81,414.83,413.55,414.48,22978
2025-01-07 09:40:00-05:00,NVDA,130.7,130.77,130.67,130.75,45497
2025-01-07 09:40:00-05:00,TSLA,377.42,378.1,377.22,377.91,46040
2025-01-07 09:41:00-05:00,AAPL,243.01,243.15,242.77,242.93,16254
2025-01-07 09:41:00-05:00,MSFT,414.48,414.59,413.52,413.81,49416
2025-01-07 09:41:00-05:00,NVDA,130.75,130.78,130.66,130.7,47899
2025-01-07 09:41:00-05:00,TSLA,377.91,378.44,377.73,378.28,33979
2025-01-07 09:42:00-05:00,AAPL,242.93,243.05,242.86,242.97,8101
2025-01-07 09:42:00-05:00,MSFT,413.81,413.84,413.29,413.5,32991
2025-01-07 09:42:00-05:00,NVDA,130.7,130.91,130.64,130.89,7749
2025-01-07 09:42:00-05:00,TSLA,378.28,378.48,377.98,378.33,30917
2025-01-07 09:43:00-05:00,AAPL,242.97,243.17,242.89,243.11,15902
2025-01-07 09:43:00-05:00,MSFT,413.5,413.81,412.95,413.33,8398
2025-01-07 09:43:00-05:00,NVDA,130.89,130.93,130.74,130.76,21977
2025-01-07 09:43:00-05:00,TSLA,378.33,378.41,377.88,377.99,33436
2025-01-07 09:44:00-05:00,AAPL,243.11,243.16,242.92,243.0,16492
2025-01-07 09:44:00-05:00,MSFT,413.33,413.7,413.21,413.55,12976
2025-01-07 09:44:00-05:00,NVDA,130.76,130.78,130.69,130.78,40418
2025-01-07 09:44:00-05:00,TSLA,377.99,378.29,377.34,377.44,17125
2025-01-07 09:45:00-05:00,AAPL,243.0,243.1,242.81,242.97,48670
2025-01-07 09:45:00-05:00,MSFT,413.55,413.65,412.99,413.2,28689
2025-01-07 09:45:00-05:00,NVDA,130.78,130.8,130.48,130.57,27919
2025-01-07 09:45:00-05:00,TSLA,377.44,377.62,377.33,377.57,42333
2025-01-07 09:46:00-05:00,AAPL,242.97,243.08,242.68,243.01,42652
2025-01-07 09:46:00-05:00,MSFT,413.2,413.21,413.07,413.08,32529
2025-01-07 09:46:00-05:00,NVDA,130.57,130.74,130.55,130.69,18372
2025-01-07 09:46:00-05:00,TSLA,377.57,377.59,376.94,376.96,15677
2025-01-07 09:47:00-05:00,AAPL,243.01,243.6,242.94,243.53,17091
2025-01-07 09:47:00-05:00,MSFT,413.08,413.26,412.91,412.95,30680
2025-01-07 09:47:00-05:00,NVDA,130.69,130.75,130.63,130.72,49631
2025-01-07 09:47:00-05:00,TSLA,376.96,377.22,376.67,376.9,44834
2025-01-07 09:48:00-05:00,AAPL,243.53,243.82,243.36,243.64,14695
2025-01-07 09:48:00-05:00,MSFT,412.95,413.09,412.91,413.01,19786
2025-01-07 09:48:00-05:00,NVDA,130.72,130.77,130.53,130.56,26400
2025-01-07 09:48:00-05:00,TSLA,376.9,377.08,376.71,376.98,47278
2025-01-07 09:49:00-05:00,AAPL,243.64,243.75,242.95,243.06,15655
2025-01-07 09:49:00-05:00,MSFT,413.01,413.22,412.94,412.97,9878
2025-01-07 09:49:00-05:00,NVDA,130.56,130.61,130.47,130.51,31747
2025-01-07 09:49:00-05:00,TSLA,376.98,377.26,376.96,377.17,39522
2025-01-07 09:50:00-05:00,AAPL,243.06,243.07,242.66,242.94,14527
2025-01-07 09:50:00-05:00,MSFT,412.97,413.28,412.93,413.21,45979
2025-01-07 09:50:00-05:00,NVDA,130.51,130.65,130.46,130.61,7041
2025-01-07 09:50:00-05:00,TSLA,377.17,377.82,377.08,377.58,30165
2025-01-07 09:51:00-05:00,AAPL,242.94,243.29,242.85,243.03,15227
2025-01-07 09:51:00-05:00,MSFT,413.21,413.53,413.08,413.34,6574
2025-01-07 09:51:00-05:00,NVDA,130.61,130.62,130.55,130.57,14834
2025-01-07 09:51:00-05:00,TSLA,377.58,377.94,377.53,377.59,47236
2025-01-07 09:52:00-05:00,AAPL,243.03,243.44,242.92,243.43,24369
2025-01-07 09:52:00-05:00,MSFT,413.34,413.5,412.78,412.86,12067
2025-01-07 09:52:00-05:00,NVDA,130.57,130.61,130.48,130.6,38475
2025-01-07 09:52:00-05:00,TSLA,377.59,377.81,377.57,377.77,46116
2025-01-07 09:53:00-05:00,AAPL,243.43,243.53,243.38,243.4,42599
2025-01-07 09:53:00-05:00,MSFT,412.86,413.64,412.77,413.13,8567
2025-01-07 09:53:00-05:00,NVDA,130.6,130.62,130.34,130.45,43108
2025-01-07 09:53:00-05:00,TSLA,377.77,378.04,377.27,377.47,5615
2025-01-07 09:54:00-05:00,AAPL,243.4,243.59,243.14,243.18,27196
2025-01-07 09:54:00-05:00,MSFT,413.13,413.58,413.12,413.35,44319
2025-01-07 09:54:00-05:00,NVDA,130.45,130.6,130.32,130.38,48061
2025-01-07 09:54:00-05:00,TSLA,377.47,377.66,377.46,377.64,10568
2025-01-07 09:55:00-05:00,AAPL,243.18,243.25,242.46,242.64,7626
2025-01-07 09:55:00-05:00,MSFT,413.35,413.77,413.11,413.51,45982
2025-01-07 09:55:00-05:00,NVDA,130.38,130.51,130.32,130.5,47546
2025-01-07 09:55:00-05:00,TSLA,377.64,377.7,377.09,377.3,41887
2025-01-07 09:56:00-05:00,AAPL,242.64,242.96,242.6,242.84,19441
2025-01-07 09:56:00-05:00,MSFT,413.51,413.55,412.85,413.31,29732
2025-01-07 09:56:00-05:00,NVDA,130.5,130.56,130.46,130.55,37997
2025-01-07 09:56:00-05:00,TSLA,377.3,378.06,377.22,377.84,20978
2025-01-07 09:57:00-05:00,AAPL,242.84,243.12,242.82,243.07,8606
2025-01-07 09:57:00-05:00,MSFT,413.31,413.47,412.79,413.16,9261
2025-01-07 09:57:00-05:00,NVDA,130.55,130.64,130.51,130.51,32399
2025-01-07 09:57:00-05:00,TSLA,377.84,378.51,377.74,378.24,46122
2025-01-07 09:58:00-05:00,AAPL,243.07,243.12,242.74,242.95,23214
2025-01-07 09:58:00-05:00,MSFT,413.16,413.26,413.14,413.19,45025
2025-01-07 09:58:00-05:00,NVDA,130.51,130.52,130.37,130.45,44787
2025-01-07 09:58:00-05:00,TSLA,378.24,378.25,377.93,378.16,11721
2025-01-07 09:59:00-05:00,AAPL,242.95,242.97,242.83,242.88,34193
2025-01-07 09:59:00-05:00,MSFT,413.19,413.24,413.01,413.06,49404
2025-01-07 09:59:00-05:00,NVDA,130.45,130.53,130.28,130.29,33902
2025-01-07 09:59:00-05:00,TSLA,378.16,378.65,378.13,378.29,14295
2025-01-07 10:00:00-05:00,AAPL,242.88,243.15,242.49,242.61,37143
2025-01-07 10:00:00-05:00,MSFT,413.06,413.21,412.94,413.19,45455
2025-01-07 10:00:00-05:00,NVDA,130.29,130.33,130.12,130.25,26540
2025-01-07 10:00:00-05:00,TSLA,378.29,378.56,378.26,378.56,28154
2025-01-07 10:01:00-05:00,AAPL,242.61,242.68,242.42,242.57,8673
2025-01-07 10:01:00-05:00,MSFT,413.19,413.19,412.7,412.85,44293
2025-01-07 10:01:00-05:00,NVDA,130.25,130.25,130.01,130.12,28721
2025-01-07 10:01:00-05:00,TSLA,378.56,379.01,378.45,378.93,49853
2025-01-07 10:02:00-05:00,AAPL,242.57,242.82,242.43,242.76,29224
2025-01-07 10:02:00-05:00,MSFT,412.85,413.26,412.63,412.98,33056
2025-01-07 10:02:00-05:00,NVDA,130.12,130.19,130.02,130.13,34164
2025-01-07 10:02:00-05:00,TSLA,378.93,379.19,378.3,378.34,16112
2025-01-07 10:03:00-05:00,AAPL,242.76,243.15,242.75,243.14,27604
2025-01-07 10:03:00-05:00,MSFT,412.98,413.32,412.78,413.11,27257
2025-01-07 10:03:00-05:00,NVDA,130.13,130.14,129.97,130.1,28716
2025-01-07 10:03:00-05:00,TSLA,378.34,378.47,378.16,378.17,23468
2025-01-07 10:04:00-05:00,AAPL,243.14,243.41,242.7,242.74,34112
2025-01-07 10:04:00-05:00,MSFT,413.11,413.36,412.5,412.75,43522
2025-01-07 10:04:00-05:00,NVDA,130.1,130.29,130.05,130.25,36729
2025-01-07 10:04:00-05:00,TSLA,378.17,378.37,377.52,377.84,10557
2025-01-07 10:05:00-05:00,AAPL,242.74,242.75,242.54,242.67,33999
2025-01-07 10:05:00-05:00,MSFT,412.75,412.86,412.66,412.83,44005
2025-01-07 10:05:00-05:00,NVDA,130.25,130.37,130.21,130.31,32449
2025-01-07 10:05:00-05:00,TSLA,377.84,378.62,377.68,378.42,16669
2025-01-07 10:06:00-05:00,AAPL,242.67,242.88,242.43,242.56,32144
2025-01-07 10:06:00-05:00,MSFT,412.83,413.1,412.46,412.7,13256
2025-01-07 10:06:00-05:00,NVDA,130.31,130.46,130.16,130.34,21052
2025-01-07 10:06:00-05:00,TSLA,378.42,378.49,378.03,378.11,48730
2025-01-07 10:07:00-05:00,AAPL,242.56,242.66,242.39,242.51,10641
2025-01-07 10:07:00-05:00,MSFT,412.7,412.8,411.83,411.95,32591
2025-01-07 10:07:00-05:00,NVDA,130.34,130.35,130.25,130.32,43322
2025-01-07 10:07:00-05:00,TSLA,378.11,378.57,377.87,378.47,23809
2025-01-07 10:08:00-05:00,AAPL,242.51,242.72,242.36,242.64,26981
2025-01-07 10:08:00-05:00,MSFT,411.95,411.98,411.34,411.38,7888
2025-01-07 10:08:00-05:00,NVDA,130.32,130.4,130.21,130.23,12730
2025-01-07 10:08:00-05:00,TSLA,378.47,378.54,378.13,378.37,22393
2025-01-07 10:09:00-05:00,AAPL,242.64,242.92,242.5,242.62,29626
2025-01-07 10:09:00-05:00,MSFT,411.38,411.76,411.31,411.59,33563
2025-01-07 10:09:00-05:00,NVDA,130.23,130.29,130.09,130.12,14725
2025-01-07 10:09:00-05:00,TSLA,378.37,378.48,377.81,378.09,10004
2025-01-07 10:10:00-05:00,AAPL,242.62,242.9,242.51,242.83,41425
2025-01-07 10:10:00-05:00,MSFT,411.59,411.61,410.82,410.99,40464
2025-01-07 10:10:00-05:00,NVDA,130.12,130.16,129.94,129.96,34757
2025-01-07 10:10:00-05:00,TSLA,378.09,378.63,377.77,378.27,14606
2025-01-07 10:11:00-05:00,AAPL,242.83,242.98,242.66,242.7,13973
2025-01-07 10:11:00-05:00,MSFT,410.99,411.43,410.88,411.41,25229
2025-01-07 10:11:00-05:00,NVDA,129.96,129.99,129.68,129.68,22260
2025-01-07 10:11:00-05:00,TSLA,378.27,378.35,378.01,378.18,36354
2025-01-07 10:12:00-05:00,AAPL,242.7,243.06,242.67,242.84,24791
2025-01-07 10:12:00-05:00,MSFT,411.41,411.51,410.9,411.14,48101
2025-01-07 10:12:00-05:00,NVDA,129.68,129.8,129.65,129.7,7233
2025-01-07 10:12:00-05:00,TSLA,378.18,378.34,377.91,378.25,14480
2025-01-07 10:13:00-05:00,AAPL,242.84,243.16,242.75,243.11,41653
2025-01-07 10:13:00-05:00,MSFT,411.14,411.17,410.99,411.05,38233
2025-01-07 10:13:00-05:00,NVDA,129.7,129.72,129.69,129.71,15940
2025-01-07 10:13:00-05:00,TSLA,378.25,379.04,377.92,378.52,16919
2025-01-07 10:14:00-05:00,AAPL,243.11,243.2,243.08,243.1,24671
2025-01-07 10:14:00-05:00,MSFT,411.05,411.51,410.87,411.27,18131
2025-01-07 10:14:00-05:00,NVDA,129.71,129.78,129.61,129.78,32679
2025-01-07 10:14:00-05:00,TSLA,378.52,378.74,378.3,378.56,32128
2025-01-07 10:15:00-05:00,AAPL,243.1,243.32,242.9,242.96,35968
2025-01-07 10:15:00-05:00,MSFT,411.27,411.49,411.16,411.4,9482
2025-01-07 10:15:00-05:00,NVDA,129.78,129.82,129.51,129.56,41499
2025-01-07 10:15:00-05:00,TSLA,378.56,378.8,378.4,378.58,14058
2025-01-07 10:16:00-05:00,AAPL,242.96,243.35,242.94,243.22,47256
2025-01-07 10:16:00-05:00,MSFT,411.4,411.66,410.87,411.07,44306
2025-01-07 10:16:00-05:00,NVDA,129.56,129.62,129.5,129.57,27062
2025-01-07 10:16:00-05:00,TSLA,378.58,379.02,378.57,378.76,37578
2025-01-07 10:17:00-05:00,AAPL,243.22,243.37,243.16,243.37,23167
2025-01-07 10:17:00-05:00,MSFT,411.07,411.21,409.59,409.97,42099
2025-01-07 10:17:00-05:00,NVDA,129.57,129.86,129.52,129.78,7964
2025-01-07 10:17:00-05:00,TSLA,378.76,379.36,378.71,379.15,40141
2025-01-07 10:18:00-05:00,AAPL,243.37,243.38,242.63,242.72,36489
2025-01-07 10:18:00-05:00,MSFT,409.97,410.59,409.86,410.52,34773
2025-01-07 10:18:00-05:00,NVDA,129.78,130.11,129.64,130.04,46342
2025-01-07 10:18:00-05:00,TSLA,379.15,379.48,378.98,379.31,42871
2025-01-07 10:19:00-05:00,AAPL,242.72,242.94,242.49,242.59,46156
2025-01-07 10:19:00-05:00,MSFT,410.52,410.96,410.2,410.64,37501
2025-01-07 10:19:00-05:00,NVDA,130.04,130.16,129.91,129.95,23958
2025-01-07 10:19:00-05:00,TSLA,379.31,379.37,378.78,379.12,19374
2025-01-07 10:20:00-05:00,AAPL,242.59,242.89,242.28,242.33,42700
2025-01-07 10:20:00-05:00,MSFT,410.64,410.67,410.61,410.65,45889
2025-01-07 10:20:00-05:00,NVDA,129.95,130.06,129.94,129.96,43637
2025-01-07 10:20:00-05:00,TSLA,379.12,379.25,378.43,379.04,6124
2025-01-07 10:21:00-05:00,AAPL,242.33,242.42,242.11,242.12,43119
2025-01-07 10:21:00-05:00,MSFT,410.65,410.99,410.42,410.94,26726
2025-01-07 10:21:00-05:00,NVDA,129.96,130.09,129.67,129.75,10491
2025-01-07 10:21:00-05:00,TSLA,379.04,379.2,378.88,379.06,13755
2025-01-07 10:22:00-05:00,AAPL,242.12,242.36,242.07,242.32,15702
2025-01-07 10:22:00-05:00,MSFT,410.94,411.27,410.63,411.08,5440
2025-01-07 10:22:00-05:00,NVDA,129.75,129.77,129.67,129.76,34722
2025-01-07 10:22:00-05:00,TSLA,379.06,379.21,378.84,379.18,14132
2025-01-07 10:23:00-05:00,AAPL,242.32,242.43,242.19,242.23,46697
2025-01-07 10:23:00-05:00,MSFT,411.08,411.58,411.02,411.53,6967
2025-01-07 10:23:00-05:00,NVDA,129.76,129.81,129.6,129.65,38336
2025-01-07 10:23:00-05:00,TSLA,379.18,379.81,379.08,379.78,41143
2025-01-07 10:24:00-05:00,AAPL,242.23,242.48,242.19,242.42,10034
2025-01-07 10:24:00-05:00,MSFT,411.53,411.57,411.05,411.32,28587
2025-01-07 10:24:00-05:00,NVDA,129.65,129.7,129.62,129.63,37328
2025-01-07 10:24:00-05:00,TSLA,379.78,380.68,379.76,380.61,8661
2025-01-07 10:25:00-05:00,AAPL,242.42,242.92,242.4,242.71,17009
2025-01-07 10:25:00-05:00,MSFT,411.32,411.58,411.31,411.53,17964
2025-01-07 10:25:00-05:00,NVDA,129.63,129.68,129.47,129.54,39419
2025-01-07 10:25:00-05:00,TSLA,380.61,381.32,380.51,381.32,14376
2025-01-07 10:26:00-05:00,AAPL,242.71,242.9,242.66,242.74,25723
2025-01-07 10:26:00-05:00,MSFT,411.53,411.67,411.46,411.47,41340
2025-01-07 10:26:00-05:00,NVDA,129.54,129.6,129.27,129.32,25878
2025-01-07 10:26:00-05:00,TSLA,381.32,381.35,381.08,381.26,11947
2025-01-07 10:27:00-05:00,AAPL,242.74,243.02,242.58,242.93,24731
2025-01-07 10:27:00-05:00,MSFT,411.47,411.72,411.33,411.72,16539
2025-01-07 10:27:00-05:00,NVDA,129.32,129.38,129.16,129.37,7748
2025-01-07 10:27:00-05:00,TSLA,381.26,381.3,381.12,381.18,43923
2025-01-07 10:28:00-05:00,AAPL,242.93,243.12,242.78,242.88,28044
2025-01-07 10:28:00-05:00,MSFT,411.72,412.6,411.41,412.22,29833
2025-01-07 10:28:00-05:00,NVDA,129.37,129.55,129.33,129.45,39022
2025-01-07 10:28:00-05:00,TSLA,381.18,381.27,381.13,381.24,10050
2025-01-07 10:29:00-05:00,AAPL,242.88,243.12,242.86,243.11,38958
2025-01-07 10:29:00-05:00,MSFT,412.22,412.54,411.87,412.3,27176
2025-01-07 10:29:00-05:00,NVDA,129.45,129.47,129.31,129.44,25602
2025-01-07 10:29:00-05:00,TSLA,381.24,381.72,381.21,381.36,32295
2025-01-07 10:30:00-05:00,AAPL,243.11,243.32,242.8,243.03,15684
2025-01-07 10:30:00-05:00,MSFT,412.3,412.69,412.28,412.62,48313
2025-01-07 10:30:00-05:00,NVDA,129.44,129.56,129.4,129.53,33764
2025-01-07 10:30:00-05:00,TSLA,381.36,381.6,381.35,381.5,24628
2025-01-07 10:31:00-05:00,AAPL,243.03,243.38,242.99,243.32,19490
2025-01-07 10:31:00-05:00,MSFT,412.62,413.49,412.4,413.37,45842
2025-01-07 10:31:00-05:00,NVDA,129.53,129.61,129.49,129.6,22001
2025-01-07 10:31:00-05:00,TSLA,381.5,381.8,380.81,380.87,34096
2025-01-07 10:32:00-05:00,AAPL,243.32,243.72,243.15,243.53,39449
2025-01-07 10:32:00-05:00,MSFT,413.37,414.28,413.26,413.99,13571
2025-01-07 10:32:00-05:00,NVDA,129.6,129.83,129.51,129.82,14240
2025-01-07 10:32:00-05:00,TSLA,380.87,381.28,380.84,380.99,47103
2025-01-07 10:33:00-05:00,AAPL,243.53,243.64,243.24,243.4,12468
2025-01-07 10:33:00-05:00,MSFT,413.99,414.12,413.86,414.08,29785
2025-01-07 10:33:00-05:00,NVDA,129.82,129.89,129.68,129.73,38338
2025-01-07 10:33:00-05:00,TSLA,380.99,381.52,380.93,381.21,37983
2025-01-07 10:34:00-05:00,AAPL,243.4,243.53,242.88,242.93,6138
2025-01-07 10:34:00-05:00,MSFT,414.08,414.25,413.69,413.96,8027
2025-01-07 10:34:00-05:00,NVDA,129.73,129.75,129.6,129.73,40378
2025-01-07 10:34:00-05:00,TSLA,381.21,381.57,380.8,381.41,34772
2025-01-07 10:35:00-05:00,AAPL,242.93,243.12,242.92,243.02,28761
2025-01-07 10:35:00-05:00,MSFT,413.96,414.23,413.69,414.21,40092
2025-01-07 10:35:00-05:00,NVDA,129.73,129.77,129.53,129.54,37005
2025-01-07 10:35:00-05:00,TSLA,381.41,382.18,381.29,381.84,42490
2025-01-07 10:36:00-05:00,AAPL,243.02,243.29,242.87,243.19,27416
2025-01-07 10:36:00-05:00,MSFT,414.21,414.32,414.14,414.15,23354
2025-01-07 10:36:00-05:00,NVDA,129.54,129.56,129.5,129.55,42431
2025-01-07 10:36:00-05:00,TSLA,381.84,381.84,381.14,381.24,11025
2025-01-07 10:37:00-05:00,AAPL,243.19,243.24,243.08,243.17,12772
2025-01-07 10:37:00-05:00,MSFT,414.15,415.01,413.86,414.73,43278
2025-01-07 10:37:00-05:00,NVDA,129.55,129.91,129.52,129.85,13269
2025-01-07 10:37:00-05:00,TSLA,381.24,381.86,381.17,381.34,13200
2025-01-07 10:38:00-05:00,AAPL,243.17,243.49,243.12,243.25,13214
2025-01-07 10:38:00-05:00,MSFT,414.73,415.03,414.53,414.94,48483
2025-01-07 10:38:00-05:00,NVDA,129.85,129.95,129.77,129.9,12860
2025-01-07 10:38:00-05:00,TSLA,381.34,381.53,381.14,381.32,41653
2025-01-07 10:39:00-05:00,AAPL,243.25,243.48,242.92,243.39,32840
2025-01-07 10:39:00-05:00,MSFT,414.94,415.26,414.86,415.17,30435
2025-01-07 10:39:00-05:00,NVDA,129.9,130.09,129.88,130.03,22239
2025-01-07 10:39:00-05:00,TSLA,381.32,381.51,381.27,381.45,35699
2025-01-07 10:40:00-05:00,AAPL,243.39,243.59,243.05,243.24,33262
2025-01-07 10:40:00-05:00,MSFT,415.17,415.47,414.93,415.17,35426
2025-01-07 10:40:00-05:00,NVDA,130.03,130.11,130.01,130.09,28181
2025-01-07 10:40:00-05:00,TSLA,381.45,381.49,380.75,380.9,8582
2025-01-07 10:41:00-05:00,AAPL,243.24,243.5,243.22,243.44,48239
2025-01-07 10:41:00-05:00,MSFT,415.17,415.31,414.84,415.14,39437
2025-01-07 10:41:00-05:00,NVDA,130.09,130.32,129.99,130.28,19577
2025-01-07 10:41:00-05:00,TSLA,380.9,381.2,380.64,381.11,17761
2025-01-07 10:42:00-05:00,AAPL,243.44,243.44,243.29,243.36,9341
2025-01-07 10:42:00-05:00,MSFT,415.14,415.45,414.76,414.92,31276
2025-01-07 10:42:00-05:00,NVDA,130.28,130.34,130.21,130.26,46328
2025-01-07 10:42:00-05:00,TSLA,381.11,381.2,380.87,381.09,26985
2025-01-07 10:43:00-05:00,AAPL,243.36,243.5,243.34,243.49,11324
2025-01-07 10:43:00-05:00,MSFT,414.92,415.17,414.64,414.93,47581
2025-01-07 10:43:00-05:00,NVDA,130.26,130.27,130.16,130.26,9855
2025-01-07 10:43:00-05:00,TSLA,381.09,381.74,381.06,381.59,40492
2025-01-07 10:44:00-05:00,AAPL,243.49,243.87,243.42,243.6,17109
2025-01-07 10:44:00-05:00,MSFT,414.93,415.24,414.81,415.21,30945
2025-01-07 10:44:00-05:00,NVDA,130.26,130.31,130.17,130.23,39163
2025-01-07 10:44:00-05:00,TSLA,381.59,381.88,381.17,381.8,17303
2025-01-07 10:45:00-05:00,AAPL,243.6,244.11,243.57,244.1,14539
2025-01-07 10:45:00-05:00,MSFT,415.21,416.04,415.0,416.0,29712
2025-01-07 10:45:00-05:00,NVDA,130.23,130.28,130.06,130.17,48327
2025-01-07 10:45:00-05:00,TSLA,381.8,382.12,381.71,381.86,7121
2025-01-07 10:46:00-05:00,AAPL,244.1,244.67,243.99,244.43,15522
2025-01-07 10:46:00-05:00,MSFT,416.0,416.21,414.94,415.12,13803
2025-01-07 10:46:00-05:00,NVDA,130.17,130.35,130.08,130.27,21116
2025-01-07 10:46:00-05:00,TSLA,381.86,381.95,381.81,381.87,36706
2025-01-07 10:47:00-05:00,AAPL,244.43,244.56,244.19,244.36,45170
2025-01-07 10:47:00-05:00,MSFT,415.12,415.49,414.95,415.49,39001
2025-01-07 10:47:00-05:00,NVDA,130.27,130.31,130.16,130.21,19431
2025-01-07 10:47:00-05:00,TSLA,381.87,382.03,381.77,381.82,25224
2025-01-07 10:48:00-05:00,AAPL,244.36,244.54,244.23,244.38,5916
2025-01-07 10:48:00-05:00,MSFT,415.49,415.71,414.88,415.16,32925
2025-01-07 10:48:00-05:00,NVDA,130.21,130.26,130.09,130.16,37553
2025-01-07 10:48:00-05:00,TSLA,381.82,382.19,381.78,382.18,17771
2025-01-07 10:49:00-05:00,AAPL,244.38,244.76,244.35,244.57,23471
2025-01-07 10:49:00-05:00,MSFT,415.16,415.5,415.09,415.29,29085
2025-01-07 10:49:00-05:00,NVDA,130.16,130.36,130.12,130.35,10813
2025-01-07 10:49:00-05:00,TSLA,382.18,382.63,382.01,382.56,28320
2025-01-07 10:50:00-05:00,AAPL,244.57,244.94,244.37,244.76,19025
2025-01-07 10:50:00-05:00,MSFT,415.29,415.58,415.19,415.41,20321
2025-01-07 10:50:00-05:00,NVDA,130.35,130.63,130.35,130.59,9408
2025-01-07 10:50:00-05:00,TSLA,382.56,383.2,382.4,383.15,38002
2025-01-07 10:51:00-05:00,AAPL,244.76,244.98,244.65,244.77,36110
2025-01-07 10:51:00-05:00,MSFT,415.41,415.6,415.33,415.59,10401
2025-01-07 10:51:00-05:00,NVDA,130.59,130.68,130.57,130.58,16672
2025-01-07 10:51:00-05:00,TSLA,383.15,383.66,382.94,383.38,14842
2025-01-07 10:52:00-05:00,AAPL,244.77,244.89,244.26,244.55,16852
2025-01-07 10:52:00-05:00,MSFT,415.59,415.83,415.37,415.45,23115
2025-01-07 10:52:00-05:00,NVDA,130.58,130.79,130.51,130.77,20382
2025-01-07 10:52:00-05:00,TSLA,383.38,384.11,383.0,384.06,7451
2025-01-07 10:53:00-05:00,AAPL,244.55,244.96,244.25,244.78,32793
2025-01-07 10:53:00-05:00,MSFT,415.45,415.53,415.36,415.4,9675
2025-01-07 10:53:00-05:00,NVDA,130.77,130.82,130.59,130.65,48053
2025-01-07 10:53:00-05:00,TSLA,384.06,384.2,383.95,384.17,35350
2025-01-07 10:54:00-05:00,AAPL,244.78,244.91,244.51,244.82,13101
2025-01-07 10:54:00-05:00,MSFT,415.4,415.6,414.91,415.07,21385
2025-01-07 10:54:00-05:00,NVDA,130.65,130.95,130.58,130.91,48776
2025-01-07 10:54:00-05:00,TSLA,384.17,384.77,384.04,384.64,19132
2025-01-07 10:55:00-05:00,AAPL,244.82,245.42,244.79,245.28,37493
2025-01-07 10:55:00-05:00,MSFT,415.07,415.73,414.71,415.61,49796
2025-01-07 10:55:00-05:00,NVDA,130.91,131.03,130.68,130.69,30703
2025-01-07 10:55:00-05:00,TSLA,384.64,384.74,384.3,384.56,15554
2025-01-07 10:56:00-05:00,AAPL,245.28,245.5,245.25,245.31,26503
2025-01-07 10:56:00-05:00,MSFT,415.61,415.87,415.52,415.76,40594
2025-01-07 10:56:00-05:00,NVDA,130.69,130.74,130.55,130.56,23826
2025-01-07 10:56:00-05:00,TSLA,384.56,385.02,384.3,385.01,39294
2025-01-07 10:57:00-05:00,AAPL,245.31,245.43,245.29,245.29,34946
2025-01-07 10:57:00-05:00,MSFT,415.76,415.78,415.61,415.62,24626
2025-01-07 10:57:00-05:00,NVDA,130.56,130.71,130.53,130.65,21213
2025-01-07 10:57:00-05:00,TSLA,385.01,385.17,384.91,384.98,13598
2025-01-07 10:58:00-05:00,AAPL,245.29,245.35,244.99,245.12,41301
2025-01-07 10:58:00-05:00,MSFT,415.62,415.81,415.04,415.54,43007
2025-01-07 10:58:00-05:00,NVDA,130.65,130.68,130.56,130.62,12440
2025-01-07 10:58:00-05:00,TSLA,384.98,385.13,384.66,384.79,49752
2025-01-07 10:59:00-05:00,AAPL,245.12,245.42,244.88,245.08,33046
2025-01-07 10:59:00-05:00,MSFT,415.54,415.54,415.49,415.52,47866
2025-01-07 10:59:00-05:00,NVDA,130.62,130.69,130.57,130.65,13392
2025-01-07 10:59:00-05:00,TSLA,384.79,384.89,384.38,384.47,45002
2025-01-07 11:00:00-05:00,AAPL,245.08,245.15,245.0,245.11,49507
2025-01-07 11:00:00-05:00,MSFT,415.52,415.55,414.7,414.82,19871
2025-01-07 11:00:00-05:00,NVDA,130.65,130.74,130.62,130.67,32001
2025-01-07 11:00:00-05:00,TSLA,384.47,384.77,383.14,383.71,11383
2025-01-07 11:01:00-05:00,AAPL,245.11,245.12,244.87,244.88,49181
2025-01-07 11:01:00-05:00,MSFT,414.82,415.18,414.68,415.16,20317
2025-01-07 11:01:00-05:00,NVDA,130.67,130.68,130.52,130.53,22558
2025-01-07 11:01:00-05:00,TSLA,383.71,383.75,383.11,383.21,25286
2025-01-07 11:02:00-05:00,AAPL,244.88,244.88,244.59,244.76,10570
2025-01-07 11:02:00-05:00,MSFT,415.16,415.2,414.41,414.43,35238
2025-01-07 11:02:00-05:00,NVDA,130.53,130.54,130.26,130.26,26180
2025-01-07 11:02:00-05:00,TSLA,383.21,383.36,382.22,382.24,11167
2025-01-07 11:03:00-05:00,AAPL,244.76,244.99,244.68,244.9,43702
2025-01-07 11:03:00-05:00,MSFT,414.43,414.48,413.7,413.77,17310
2025-01-07 11:03:00-05:00,NVDA,130.26,130.26,130.15,130.21,30649
2025-01-07 11:03:00-05:00,TSLA,382.24,382.35,382.05,382.08,24372
2025-01-07 11:04:00-05:00,AAPL,244.9,245.33,244.84,245.3,28836
2025-01-07 11:04:00-05:00,MSFT,413.77,413.98,412.69,412.88,41598
2025-01-07 11:04:00-05:00,NVDA,130.21,130.32,130.21,130.26,36818
2025-01-07 11:04:00-05:00,TSLA,382.08,382.37,382.03,382.24,16743
2025-01-07 11:05:00-05:00,AAPL,245.3,245.41,245.19,245.21,43991
2025-01-07 11:05:00-05:00,MSFT,412.88,413.21,412.86,413.1,13411
2025-01-07 11:05:00-05:00,NVDA,130.26,130.31,130.2,130.3,7990
2025-01-07 11:05:00-05:00,TSLA,382.24,382.42,382.03,382.37,36015
2025-01-07 11:06:00-05:00,AAPL,245.21,245.45,245.2,245.35,37709
2025-01-07 11:06:00-05:00,MSFT,413.1,413.42,412.57,412.87,28243
2025-01-07 11:06:00-05:00,NVDA,130.3,130.36,130.21,130.25,18513
2025-01-07 11:06:00-05:00,TSLA,382.37,383.05,381.96,383.01,13124
2025-01-07 11:07:00-05:00,AAPL,245.35,245.64,245.16,245.61,43136
2025-01-07 11:07:00-05:00,MSFT,412.87,412.99,412.69,412.87,49942
2025-01-07 11:07:00-05:00,NVDA,130.25,130.26,130.19,130.22,45193
2025-01-07 11:07:00-05:00,TSLA,383.01,383.54,382.97,383.32,28820
2025-01-07 11:08:00-05:00,AAPL,245.61,245.72,245.18,245.27,28337
2025-01-07 11:08:00-05:00,MSFT,412.87,413.23,412.81,412.88,43466
2025-01-07 11:08:00-05:00,NVDA,130.22,130.24,130.02,130.17,6383
2025-01-07 11:08:00-05:00,TSLA,383.32,383.72,383.05,383.57,13453
2025-01-07 11:09:00-05:00,AAPL,245.27,245.43,244.68,244.71,31505
2025-01-07 11:09:00-05:00,MSFT,412.88,413.24,412.51,412.56,14118
2025-01-07 11:09:00-05:00,NVDA,130.17,130.18,130.06,130.09,26842
2025-01-07 11:09:00-05:00,TSLA,383.57,383.78,382.82,382.9,45935
2025-01-07 11:10:00-05:00,AAPL,244.71,245.01,244.63,245.0,13007
2025-01-07 11:10:00-05:00,MSFT,412.56,413.56,412.42,413.14,44518
2025-01-07 11:10:00-05:00,NVDA,130.09,130.34,130.0,130.28,38990
2025-01-07 11:10:00-05:00,TSLA,382.9,383.3,382.81,383.25,22224
2025-01-07 11:11:00-05:00,AAPL,245.0,245.22,244.86,245.22,46180
2025-01-07 11:11:00-05:00,MSFT,413.14,413.88,413.0,413.65,30617
2025-01-07 11:11:00-05:00,NVDA,130.28,130.3,130.14,130.22,15288
2025-01-07 11:11:00-05:00,TSLA,383.25,383.67,382.43,382.84,7796
2025-01-07 11:12:00-05:00,AAPL,245.22,245.29,245.2,245.28,37645
2025-01-07 11:12:00-05:00,MSFT,413.65,413.95,413.45,413.93,17342
2025-01-07 11:12:00-05:00,NVDA,130.22,130.35,130.21,130.29,15577
2025-01-07 11:12:00-05:00,TSLA,382.84,383.03,382.43,382.44,41752
2025-01-07 11:13:00-05:00,AAPL,245.28,245.42,244.52,244.82,30076
2025-01-07 11:13:00-05:00,MSFT,413.93,414.43,413.9,414.25,34591
2025-01-07 11:13:00-05:00,NVDA,130.29,130.34,130.15,130.18,19130
2025-01-07 11:13:00-05:00,TSLA,382.44,382.81,382.13,382.15,24048
2025-01-07 11:14:00-05:00,AAPL,244.82,244.89,244.59,244.65,10014
2025-01-07 11:14:00-05:00,MSFT,414.25,414.39,413.87,414.02,16641
2025-01-07 11:14:00-05:00,NVDA,130.18,130.2,129.96,130.09,39508
2025-01-07 11:14:00-05:00,TSLA,382.15,382.32,381.72,381.8,35295
2025-01-07 11:15:00-05:00,AAPL,244.65,245.05,244.52,244.97,37256
2025-01-07 11:15:00-05:00,MSFT,414.02,414.88,413.96,414.57,37021
2025-01-07 11:15:00-05:00,NVDA,130.09,130.16,130.05,130.11,36778
2025-01-07 11:15:00-05:00,TSLA,381.8,381.89,381.43,381.58,35702
2025-01-07 11:16:00-05:00,AAPL,244.97,245.09,244.9,245.01,22148
2025-01-07 11:16:00-05:00,MSFT,414.57,414.86,414.4,414.84,18493
2025-01-07 11:16:00-05:00,NVDA,130.11,130.22,130.02,130.21,21207
2025-01-07 11:16:00-05:00,TSLA,381.58,381.9,380.99,381.07,12100
2025-01-07 11:17:00-05:00,AAPL,245.01,245.23,244.71,244.77,40424
2025-01-07 11:17:00-05:00,MSFT,414.84,414.87,414.32,414.62,9586
2025-01-07 11:17:00-05:00,NVDA,130.21,130.35,130.19,130.24,29763
2025-01-07 11:17:00-05:00,TSLA,381.07,381.48,380.86,381.11,33384
2025-01-07 11:18:00-05:00,AAPL,244.77,244.86,244.06,244.19,12807
2025-01-07 11:18:00-05:00,MSFT,414.62,414.68,414.06,414.24,31926
2025-01-07 11:18:00-05:00,NVDA,130.24,130.27,130.2,130.2,10565
2025-01-07 11:18:00-05:00,TSLA,381.11,381.38,380.85,381.22,36869
2025-01-07 11:19:00-05:00,AAPL,244.19,244.32,244.12,244.24,29663
2025-01-07 11:19:00-05:00,MSFT,414.24,414.75,413.84,414.27,13463
2025-01-07 11:19:00-05:00,NVDA,130.2,130.27,130.06,130.1,32222
2025-01-07 11:19:00-05:00,TSLA,381.22,382.46,380.92,382.39,12492
2025-01-07 11:20:00-05:00,AAPL,244.24,244.25,244.1,244.18,24860
2025-01-07 11:20:00-05:00,MSFT,414.27,414.32,413.34,413.81,18531
2025-01-07 11:20:00-05:00,NVDA,130.1,130.32,129.96,130.31,11262
2025-01-07 11:20:00-05:00,TSLA,382.39,382.44,382.25,382.37,46957
2025-01-07 11:21:00-05:00,AAPL,244.18,244.55,244.13,244.5,33225
2025-01-07 11:21:00-05:00,MSFT,413.81,414.34,413.71,414.24,33324
2025-01-07 11:21:00-05:00,NVDA,130.31,130.32,130.11,130.23,17732
2025-01-07 11:21:00-05:00,TSLA,382.37,382.79,382.13,382.73,44392
2025-01-07 11:22:00-05:00,AAPL,244.5,244.91,244.44,244.76,49238
2025-01-07 11:22:00-05:00,MSFT,414.24,414.77,414.09,414.49,25336
2025-01-07 11:22:00-05:00,NVDA,130.23,130.47,130.22,130.36,6535
2025-01-07 11:22:00-05:00,TSLA,382.73,382.82,382.61,382.75,36025
2025-01-07 11:23:00-05:00,AAPL,244.76,244.93,244.75,244.77,40349
2025-01-07 11:23:00-05:00,MSFT,414.49,415.16,414.36,414.95,49881
2025-01-07 11:23:00-05:00,NVDA,130.36,130.38,130.16,130.23,11532
2025-01-07 11:23:00-05:00,TSLA,382.75,382.78,381.99,382.12,6503
2025-01-07 11:24:00-05:00,AAPL,244.77,244.83,244.43,244.52,30649
2025-01-07 11:24:00-05:00,MSFT,414.95,414.99,414.45,414.68,31164
2025-01-07 11:24:00-05:00,NVDA,130.23,130.32,130.16,130.21,11098
2025-01-07 11:24:00-05:00,TSLA,382.12,382.75,382.09,382.67,10478
2025-01-07 11:25:00-05:00,AAPL,244.52,244.53,244.13,244.29,29759
2025-01-07 11:25:00-05:00,MSFT,414.68,414.8,414.55,414.65,26554
2025-01-07 11:25:00-05:00,NVDA,130.21,130.24,130.14,130.23,23255
2025-01-07 11:25:00-05:00,TSLA,382.67,383.31,382.55,383.21,10354
2025-01-07 11:26:00-05:00,AAPL,244.29,244.37,244.01,244.12,6844
2025-01-07 11:26:00-05:00,MSFT,414.65,415.6,414.39,415.37,10970
2025-01-07 11:26:00-05:00,NVDA,130.23,130.24,129.9,129.95,6128
2025-01-07 11:26:00-05:00,TSLA,383.21,383.5,382.87,383.03,48885
2025-01-07 11:27:00-05:00,AAPL,244.12,244.17,244.06,244.09,29013
2025-01-07 11:27:00-05:00,MSFT,415.37,415.6,414.95,415.5,34904
2025-01-07 11:27:00-05:00,NVDA,129.95,130.05,129.93,129.93,29427
2025-01-07 11:27:00-05:00,TSLA,383.03,383.13,382.61,382.69,8522
2025-01-07 11:28:00-05:00,AAPL,244.09,244.25,243.61,243.86,27364
2025-01-07 11:28:00-05:00,MSFT,415.5,415.83,414.99,415.04,16477
2025-01-07 11:28:00-05:00,NVDA,129.93,130.05,129.85,129.95,6631
2025-01-07 11:28:00-05:00,TSLA,382.69,383.61,382.52,383.38,15782
2025-01-07 11:29:00-05:00,AAPL,243.86,244.04,243.77,243.95,28420
2025-01-07 11:29:00-05:00,MSFT,415.04,415.15,414.57,414.64,45483
2025-01-07 11:29:00-05:00,NVDA,129.95,130.04,129.92,130.0,29236
2025-01-07 11:29:00-05:00,TSLA,383.38,384.07,382.95,383.92,36563
2025-01-07 11:30:00-05:00,AAPL,243.95,243.97,243.88,243.88,25453
2025-01-07 11:30:00-05:00,MSFT,414.64,414.87,414.48,414.59,42264
2025-01-07 11:30:00-05:00,NVDA,130.0,130.0,129.93,129.94,46282
2025-01-07 11:30:00-05:00,TSLA,383.92,383.96,383.18,383.34,28245
2025-01-07 11:31:00-05:00,AAPL,243.88,244.28,243.73,244.06,9292
2025-01-07 11:31:00-05:00,MSFT,414.59,414.85,414.27,414.45,7861
2025-01-07 11:31:00-05:00,NVDA,129.94,130.04,129.94,130.01,16092
2025-01-07 11:31:00-05:00,TSLA,383.34,384.05,383.21,383.84,5650
2025-01-07 11:32:00-05:00,AAPL,244.06,244.18,243.99,244.14,7449
2025-01-07 11:32:00-05:00,MSFT,414.45,414.92,414.41,414.5,24129
2025-01-07 11:32:00-05:00,NVDA,130.01,130.24,129.99,130.09,31423
2025-01-07 11:32:00-05:00,TSLA,383.84,383.99,382.99,383.09,42911
2025-01-07 11:33:00-05:00,AAPL,244.14,244.65,244.08,244.41,42227
2025-01-07 11:33:00-05:00,MSFT,414.5,415.12,414.43,415.08,19238
2025-01-07 11:33:00-05:00,NVDA,130.09,130.14,130.01,130.06,42135
2025-01-07 11:33:00-05:00,TSLA,383.09,383.8,382.98,383.67,25743
2025-01-07 11:34:00-05:00,AAPL,244.41,244.42,244.02,244.16,6457
2025-01-07 11:34:00-05:00,MSFT,415.08,415.56,415.07,415.44,29165
2025-01-07 11:34:00-05:00,NVDA,130.06,130.08,129.99,130.06,27142
2025-01-07 11:34:00-05:00,TSLA,383.67,384.52,383.46,384.48,25736
2025-01-07 11:35:00-05:00,AAPL,244.16,244.32,244.15,244.2,30578
2025-01-07 11:35:00-05:00,MSFT,415.44,415.53,415.18,415.23,26365
2025-01-07 11:35:00-05:00,NVDA,130.06,130.08,130.04,130.07,42048
2025-01-07 11:35:00-05:00,TSLA,384.48,384.86,383.97,384.3,31632
2025-01-07 11:36:00-05:00,AAPL,244.2,244.25,243.96,244.15,18494
2025-01-07 11:36:00-05:00,MSFT,415.23,415.3,415.0,415.02,6750
2025-01-07 11:36:00-05:00,NVDA,130.07,130.15,129.85,129.86,41858
2025-01-07 11:36:00-05:00,TSLA,384.3,384.61,383.79,384.25,13239
2025-01-07 11:37:00-05:00,AAPL,244.15,244.25,244.03,244.18,48737
2025-01-07 11:37:00-05:00,MSFT,415.02,415.43,414.88,415.14,35271
2025-01-07 11:37:00-05:00,NVDA,129.86,129.97,129.78,129.95,25513
2025-01-07 11:37:00-05:00,TSLA,384.25,384.43,383.98,384.18,42904
2025-01-07 11:38:00-05:00,AAPL,244.18,244.32,243.91,244.0,37568
2025-01-07 11:38:00-05:00,MSFT,415.14,415.37,414.51,414.64,5703
2025-01-07 11:38:00-05:00,NVDA,129.95,130.05,129.88,130.04,41359
2025-01-07 11:38:00-05:00,TSLA,384.18,384.48,383.98,384.4,40788
2025-01-07 11:39:00-05:00,AAPL,244.0,244.42,243.75,244.2,9936
2025-01-07 11:39:00-05:00,MSFT,414.64,414.64,413.98,414.31,13944
2025-01-07 11:39:00-05:00,NVDA,130.04,130.21,129.88,130.08,10336
2025-01-07 11:39:00-05:00,TSLA,384.4,384.44,384.09,384.35,19164
2025-01-07 11:40:00-05:00,AAPL,244.2,244.49,244.19,244.36,42586
2025-01-07 11:40:00-05:00,MSFT,414.31,414.61,413.91,413.99,40941
2025-01-07 11:40:00-05:00,NVDA,130.08,130.23,130.05,130.2,5892
2025-01-07 11:40:00-05:00,TSLA,384.35,384.74,383.55,383.8,5941
2025-01-07 11:41:00-05:00,AAPL,244.36,244.5,244.31,244.43,11026
2025-01-07 11:41:00-05:00,MSFT,413.99,414.18,413.72,414.0,33686
2025-01-07 11:41:00-05:00,NVDA,130.2,130.29,130.11,130.23,15891
2025-01-07 11:41:00-05:00,TSLA,383.8,383.93,383.58,383.71,24788
2025-01-07 11:42:00-05:00,AAPL,244.43,244.59,244.29,244.37,42121
2025-01-07 11:42:00-05:00,MSFT,414.0,414.79,413.93,414.49,6183
2025-01-07 11:42:00-05:00,NVDA,130.23,130.44,130.13,130.32,37452
2025-01-07 11:42:00-05:00,TSLA,383.71,384.21,383.51,384.07,47527
2025-01-07 11:43:00-05:00,AAPL,244.37,244.41,244.13,244.26,18745
2025-01-07 11:43:00-05:00,MSFT,414.49,414.59,414.2,414.28,13136
2025-01-07 11:43:00-05:00,NVDA,130.32,130.56,130.22,130.5,36928
2025-01-07 11:43:00-05:00,TSLA,384.07,384.27,383.63,383.63,28050
2025-01-07 11:44:00-05:00,AAPL,244.26,244.3,244.14,244.2,24654
2025-01-07 11:44:00-05:00,MSFT,414.28,414.32,413.57,413.88,49392
2025-01-07 11:44:00-05:00,NVDA,130.5,130.77,130.49,130.67,12705
2025-01-07 11:44:00-05:00,TSLA,383.63,383.82,383.02,383.34,12430
2025-01-07 11:45:00-05:00,AAPL,244.2,244.34,243.88,243.94,18112
2025-01-07 11:45:00-05:00,MSFT,413.88,414.24,413.66,414.21,16661
2025-01-07 11:45:00-05:00,NVDA,130.67,130.73,130.65,130.68,49347
2025-01-07 11:45:00-05:00,TSLA,383.34,383.53,383.16,383.25,29452
2025-01-07 11:46:00-05:00,AAPL,243.94,243.99,243.6,243.78,40885
2025-01-07 11:46:00-05:00,MSFT,414.21,414.28,414.14,414.23,8129
2025-01-07 11:46:00-05:00,NVDA,130.68,130.74,130.6,130.66,15875
2025-01-07 11:46:00-05:00,TSLA,383.25,383.71,383.07,383.48,48227
2025-01-07 11:47:00-05:00,AAPL,243.78,243.79,243.72,243.74,38831
2025-01-07 11:47:00-05:00,MSFT,414.23,414.43,413.65,413.97,47009
2025-01-07 11:47:00-05:00,NVDA,130.66,130.71,130.49,130.55,18399
2025-01-07 11:47:00-05:00,TSLA,383.48,383.56,383.19,383.38,23562
2025-01-07 11:48:00-05:00,AAPL,243.74,244.07,243.67,243.95,35624
2025-01-07 11:48:00-05:00,MSFT,413.97,414.23,413.4,413.65,34097
2025-01-07 11:48:00-05:00,NVDA,130.55,130.8,130.49,130.65,35940
2025-01-07 11:48:00-05:00,TSLA,383.38,383.81,383.04,383.11,10742
2025-01-07 11:49:00-05:00,AAPL,243.95,244.58,243.78,244.56,45266
2025-01-07 11:49:00-05:00,MSFT,413.65,414.05,413.64,414.03,29732
2025-01-07 11:49:00-05:00,NVDA,130.65,130.93,130.61,130.78,13869
2025-01-07 11:49:00-05:00,TSLA,383.11,383.14,382.93,383.01,47573
2025-01-07 11:50:00-05:00,AAPL,244.56,245.09,244.38,244.88,8924
2025-01-07 11:50:00-05:00,MSFT,414.03,414.6,413.92,414.13,10989
2025-01-07 11:50:00-05:00,NVDA,130.78,130.98,130.72,130.89,16745
2025-01-07 11:50:00-05:00,TSLA,383.01,383.94,382.76,383.89,45883
2025-01-07 11:51:00-05:00,AAPL,244.88,245.0,244.7,244.72,14682
2025-01-07 11:51:00-05:00,MSFT,414.13,414.4,414.13,414.35,5954
2025-01-07 11:51:00-05:00,NVDA,130.89,130.92,130.87,130.91,5367
2025-01-07 11:51:00-05:00,TSLA,383.89,384.36,383.85,384.28,34104
2025-01-07 11:52:00-05:00,AAPL,244.72,244.94,244.7,244.74,31886
2025-01-07 11:52:00-05:00,MSFT,414.35,414.47,414.14,414.21,11330
2025-01-07 11:52:00-05:00,NVDA,130.91,130.95,130.85,130.88,26694
2025-01-07 11:52:00-05:00,TSLA,384.28,384.29,383.39,383.58,18885
2025-01-07 11:53:00-05:00,AAPL,244.74,244.84,244.06,244.27,9222
2025-01-07 11:53:00-05:00,MSFT,414.21,414.32,413.58,413.95,16002
2025-01-07 11:53:00-05:00,NVDA,130.88,130.96,130.68,130.73,43958
2025-01-07 11:53:00-05:00,TSLA,383.58,383.62,382.72,382.93,29974
2025-01-07 11:54:00-05:00,AAPL,244.27,244.45,243.95,243.96,15524
2025-01-07 11:54:00-05:00,MSFT,413.95,414.01,413.55,413.93,26147
2025-01-07 11:54:00-05:00,NVDA,130.73,130.85,130.69,130.8,46210
2025-01-07 11:54:00-05:00,TSLA,382.93,383.75,382.76,383.5,35405
2025-01-07 11:55:00-05:00,AAPL,243.96,244.17,243.79,244.16,31598
2025-01-07 11:55:00-05:00,MSFT,413.93,414.05,413.82,413.87,18573
2025-01-07 11:55:00-05:00,NVDA,130.8,130.84,130.77,130.77,23624
2025-01-07 11:55:00-05:00,TSLA,383.5,383.8,383.21,383.39,30939
2025-01-07 11:56:00-05:00,AAPL,244.16,244.24,243.95,244.17,25351
2025-01-07 11:56:00-05:00,MSFT,413.87,414.33,413.73,414.25,11939
2025-01-07 11:56:00-05:00,NVDA,130.77,131.0,130.72,130.88,45927
2025-01-07 11:56:00-05:00,TSLA,383.39,383.77,383.36,383.76,48167
2025-01-07 11:57:00-05:00,AAPL,244.17,244.4,244.14,244.25,33582
2025-01-07 11:57:00-05:00,MSFT,414.25,414.46,414.15,414.38,31354
2025-01-07 11:57:00-05:00,NVDA,130.88,130.9,130.67,130.82,41773
2025-01-07 11:57:00-05:00,TSLA,383.76,384.1,383.4,384.07,32178
2025-01-07 11:58:00-05:00,AAPL,244.25,244.37,243.75,243.78,6909
2025-01-07 11:58:00-05:00,MSFT,414.38,414.41,414.31,414.34,48120
2025-01-07 11:58:00-05:00,NVDA,130.82,130.84,130.6,130.63,19184
2025-01-07 11:58:00-05:00,TSLA,384.07,384.09,384.01,384.05,6720
2025-01-07 11:59:00-05:00,AAPL,243.78,243.98,243.56,243.97,48166
2025-01-07 11:59:00-05:00,MSFT,414.34,414.74,414.06,414.62,29181
2025-01-07 11:59:00-05:00,NVDA,130.63,130.68,130.58,130.67,11705
2025-01-07 11:59:00-05:00,TSLA,384.05,384.16,383.85,384.0,39010
2025-01-07 12:00:00-05:00,AAPL,243.97,244.02,243.45,243.64,6304
2025-01-07 12:00:00-05:00,MSFT,414.62,415.57,414.32,415.45,37740
2025-01-07 12:00:00-05:00,NVDA,130.67,130.84,130.63,130.78,42726
2025-01-07 12:00:00-05:00,TSLA,384.0,384.46,383.75,384.22,33181
2025-01-07 12:01:00-05:00,AAPL,243.64,243.98,243.55,243.74,25572
2025-01-07 12:01:00-05:00,MSFT,415.45,415.93,415.44,415.83,40139
2025-01-07 12:01:00-05:00,NVDA,130.78,130.79,130.59,130.68,23169
2025-01-07 12:01:00-05:00,TSLA,384.22,385.09,383.7,385.06,17626
2025-01-07 12:02:00-05:00,AAPL,243.74,243.89,243.25,243.35,28818
2025-01-07 12:02:00-05:00,MSFT,415.83,416.52,415.69,416.07,11209
2025-01-07 12:02:00-05:00,NVDA,130.68,130.91,130.57,130.89,18717
2025-01-07 12:02:00-05:00,TSLA,385.06,385.19,384.35,384.77,33121
2025-01-07 12:03:00-05:00,AAPL,243.35,243.47,242.98,243.2,31010
2025-01-07 12:03:00-05:00,MSFT,416.07,416.55,415.6,415.94,30465
2025-01-07 12:03:00-05:00,NVDA,130.89,130.95,130.6,130.7,19184
2025-01-07 12:03:00-05:00,TSLA,384.77,385.24,384.57,385.05,16384
2025-01-07 12:04:00-05:00,AAPL,243.2,243.64,243.16,243.57,37784
2025-01-07 12:04:00-05:00,MSFT,415.94,416.44,415.39,415.45,46638
2025-01-07 12:04:00-05:00,NVDA,130.7,130.96,130.68,130.9,5016
2025-01-07 12:04:00-05:00,TSLA,385.05,385.15,384.69,384.77,13279
2025-01-07 12:05:00-05:00,AAPL,243.57,243.8,243.51,243.66,43038
2025-01-07 12:05:00-05:00,MSFT,415.45,415.47,414.78,415.1,48671
2025-01-07 12:05:00-05:00,NVDA,130.9,131.02,130.78,130.96,8420
2025-01-07 12:05:00-05:00,TSLA,384.77,385.27,384.76,385.0,30690
2025-01-07 12:06:00-05:00,AAPL,243.66,244.29,243.66,244.2,20602
2025-01-07 12:06:00-05:00,MSFT,415.1,415.12,414.52,414.73,30059
2025-01-07 12:06:00-05:00,NVDA,130.96,131.2,130.89,131.11,24828
2025-01-07 12:06:00-05:00,TSLA,385.0,385.53,384.98,385.3,26129
2025-01-07 12:07:00-05:00,AAPL,244.2,244.88,244.08,244.71,25539
2025-01-07 12:07:00-05:00,MSFT,414.73,415.07,414.36,414.38,37992
2025-01-07 12:07:00-05:00,NVDA,131.11,131.21,131.11,131.18,41709
2025-01-07 12:07:00-05:00,TSLA,385.3,385.81,385.22,385.79,33666
2025-01-07 12:08:00-05:00,AAPL,244.71,244.85,244.4,244.56,20462
2025-01-07 12:08:00-05:00,MSFT,414.38,414.7,413.3,413.33,13130
2025-01-07 12:08:00-05:00,NVDA,131.18,131.25,130.98,131.0,39208
2025-01-07 12:08:00-05:00,TSLA,385.79,386.47,385.64,386.45,40630
2025-01-07 12:09:00-05:00,AAPL,244.56,244.9,244.53,244.82,12000
2025-01-07 12:09:00-05:00,MSFT,413.33,414.02,413.01,413.9,20961
2025-01-07 12:09:00-05:00,NVDA,131.0,131.01,130.86,130.88,44674
2025-01-07 12:09:00-05:00,TSLA,386.45,386.96,386.41,386.89,30061
2025-01-07 12:10:00-05:00,AAPL,244.82,245.4,244.73,245.11,43632
2025-01-07 12:10:00-05:00,MSFT,413.9,413.95,413.67,413.79,14939
2025-01-07 12:10:00-05:00,NVDA,130.88,131.2,130.76,131.06,14364
2025-01-07 12:10:00-05:00,TSLA,386.89,387.56,386.62,387.51,28469
2025-01-07 12:11:00-05:00,AAPL,245.11,245.32,245.06,245.18,12403
2025-01-07 12:11:00-05:00,MSFT,413.79,414.25,413.58,414.04,20601
2025-01-07 12:11:00-05:00,NVDA,131.06,131.1,130.91,130.98,37118
2025-01-07 12:11:00-05:00,TSLA,387.51,387.62,387.19,387.45,19532
2025-01-07 12:12:00-05:00,AAPL,245.18,245.3,244.95,245.08,14496
2025-01-07 12:12:00-05:00,MSFT,414.04,414.67,413.72,414.54,26541
2025-01-07 12:12:00-05:00,NVDA,130.98,131.03,130.85,130.95,47735
2025-01-07 12:12:00-05:00,TSLA,387.45,387.68,387.3,387.31,29779
2025-01-07 12:13:00-05:00,AAPL,245.08,245.21,244.36,244.51,25196
2025-01-07 12:13:00-05:00,MSFT,414.54,414.66,414.17,414.31,7595
2025-01-07 12:13:00-05:00,NVDA,130.95,131.15,130.94,131.14,28965
2025-01-07 12:13:00-05:00,TSLA,387.31,388.02,387.03,387.98,23020
2025-01-07 12:14:00-05:00,AAPL,244.51,245.18,244.33,245.14,48399
2025-01-07 12:14:00-05:00,MSFT,414.31,414.38,413.08,413.18,6552
2025-01-07 12:14:00-05:00,NVDA,131.14,131.37,131.1,131.28,45434
2025-01-07 12:14:00-05:00,TSLA,387.98,388.22,387.42,388.17,11777
2025-01-07 12:15:00-05:00,AAPL,245.14,245.15,244.81,244.85,49013
2025-01-07 12:15:00-05:00,MSFT,413.18,413.22,412.58,412.91,27461
2025-01-07 12:15:00-05:00,NVDA,131.28,131.6,131.2,131.39,17516
2025-01-07 12:15:00-05:00,TSLA,388.17,388.67,387.88,388.33,13040
2025-01-07 12:16:00-05:00,AAPL,244.85,245.02,244.74,244.87,28780
2025-01-07 12:16:00-05:00,MSFT,412.91,413.2,412.66,412.94,21275
2025-01-07 12:16:00-05:00,NVDA,131.39,131.42,131.33,131.33,33972
2025-01-07 12:16:00-05:00,TSLA,388.33,388.68,388.26,388.58,37390
2025-01-07 12:17:00-05:00,AAPL,244.87,245.6,244.76,245.45,40055
2025-01-07 12:17:00-05:00,MSFT,412.94,413.04,412.3,412.6,19578
2025-01-07 12:17:00-05:00,NVDA,131.33,131.36,131.28,131.31,43416
2025-01-07 12:17:00-05:00,TSLA,388.58,388.82,388.11,388.47,18629
2025-01-07 12:18:00-05:00,AAPL,245.45,245.95,245.24,245.77,30754
2025-01-07 12:18:00-05:00,MSFT,412.6,412.73,412.19,412.29,5396
2025-01-07 12:18:00-05:00,NVDA,131.31,131.34,131.26,131.29,5851
2025-01-07 12:18:00-05:00,TSLA,388.47,388.61,388.04,388.12,46004
2025-01-07 12:19:00-05:00,AAPL,245.77,246.37,245.65,246.12,24719
2025-01-07 12:19:00-05:00,MSFT,412.29,412.91,412.2,412.69,17613
2025-01-07 12:19:00-05:00,NVDA,131.29,131.37,131.28,131.36,23019
2025-01-07 12:19:00-05:00,TSLA,388.12,388.4,387.98,388.14,29592
2025-01-07 12:20:00-05:00,AAPL,246.12,246.63,246.11,246.51,15500
2025-01-07 12:20:00-05:00,MSFT,412.69,414.11,412.59,413.9,16382
2025-01-07 12:20:00-05:00,NVDA,131.36,131.41,131.18,131.28,22968
2025-01-07 12:20:00-05:00,TSLA,388.14,388.74,388.03,388.56,24579
2025-01-07 12:21:00-05:00,AAPL,246.51,246.83,246.42,246.68,47233
2025-01-07 12:21:00-05:00,MSFT,413.9,414.23,413.61,413.82,18393
2025-01-07 12:21:00-05:00,NVDA,131.28,131.4,131.15,131.27,6994
2025-01-07 12:21:00-05:00,TSLA,388.56,388.75,388.55,388.63,42178
2025-01-07 12:22:00-05:00,AAPL,246.68,246.7,246.48,246.63,37223
2025-01-07 12:22:00-05:00,MSFT,413.82,413.91,413.79,413.83,17945
2025-01-07 12:22:00-05:00,NVDA,131.27,131.58,131.18,131.47,37132
2025-01-07 12:22:00-05:00,TSLA,388.63,388.91,387.98,388.11,27726
2025-01-07 12:23:00-05:00,AAPL,246.63,246.76,246.27,246.29,26805
2025-01-07 12:23:00-05:00,MSFT,413.83,413.83,413.35,413.48,21316
2025-01-07 12:23:00-05:00,NVDA,131.47,131.52,131.37,131.47,47437
2025-01-07 12:23:00-05:00,TSLA,388.11,388.62,388.08,388.35,40814
2025-01-07 12:24:00-05:00,AAPL,246.29,246.54,246.09,246.19,22102
2025-01-07 12:24:00-05:00,MSFT,413.48,413.74,413.16,413.3,36534
2025-01-07 12:24:00-05:00,NVDA,131.47,131.59,131.45,131.47,15039
2025-01-07 12:24:00-05:00,TSLA,388.35,388.83,388.35,388.82,44722
2025-01-07 12:25:00-05:00,AAPL,246.19,246.3,245.77,245.77,44460
2025-01-07 12:25:00-05:00,MSFT,413.3,413.79,412.97,413.24,31099
2025-01-07 12:25:00-05:00,NVDA,131.47,131.49,131.43,131.48,13627
2025-01-07 12:25:00-05:00,TSLA,388.82,389.06,388.81,389.02,38537
2025-01-07 12:26:00-05:00,AAPL,245.77,245.92,245.64,245.73,8414
2025-01-07 12:26:00-05:00,MSFT,413.24,413.4,412.65,412.9,33405
2025-01-07 12:26:00-05:00,NVDA,131.48,131.76,131.43,131.7,9084
2025-01-07 12:26:00-05:00,TSLA,389.02,389.18,388.75,389.04,6933
2025-01-07 12:27:00-05:00,AAPL,245.73,246.12,245.67,246.07,34058
2025-01-07 12:27:00-05:00,MSFT,412.9,413.18,412.52,413.16,36588
2025-01-07 12:27:00-05:00,NVDA,131.7,131.85,131.58,131.8,23184
2025-01-07 12:27:00-05:00,TSLA,389.04,389.72,388.92,389.66,13295
2025-01-07 12:28:00-05:00,AAPL,246.07,246.16,245.93,246.1,25560
2025-01-07 12:28:00-05:00,MSFT,413.16,413.59,412.95,413.56,24675
2025-01-07 12:28:00-05:00,NVDA,131.8,131.89,131.79,131.89,49039
2025-01-07 12:28:00-05:00,TSLA,389.66,389.88,389.44,389.61,41142
2025-01-07 12:29:00-05:00,AAPL,246.1,246.35,246.07,246.3,21358
2025-01-07 12:29:00-05:00,MSFT,413.56,413.66,412.94,413.01,16514
2025-01-07 12:29:00-05:00,NVDA,131.89,131.92,131.82,131.87,16089
2025-01-07 12:29:00-05:00,TSLA,389.61,389.74,389.33,389.51,37492
2025-01-07 12:30:00-05:00,AAPL,246.3,246.33,245.55,245.65,43929
2025-01-07 12:30:00-05:00,MSFT,413.01,413.24,412.8,412.99,44716
2025-01-07 12:30:00-05:00,NVDA,131.87,132.07,131.8,132.02,48548
2025-01-07 12:30:00-05:00,TSLA,389.51,389.69,388.51,388.64,17968
2025-01-07 12:31:00-05:00,AAPL,245.65,245.74,245.09,245.29,25932
2025-01-07 12:31:00-05:00,MSFT,412.99,413.29,412.97,413.11,35753
2025-01-07 12:31:00-05:00,NVDA,132.02,132.12,131.9,131.97,48885
2025-01-07 12:31:00-05:00,TSLA,388.64,388.8,388.13,388.5,23421
2025-01-07 12:32:00-05:00,AAPL,245.29,245.36,244.76,244.81,43864
2025-01-07 12:32:00-05:00,MSFT,413.11,413.85,412.7,413.42,29527
2025-01-07 12:32:00-05:00,NVDA,131.97,132.07,131.97,132.05,22474
2025-01-07 12:32:00-05:00,TSLA,388.5,388.7,388.43,388.68,15856
2025-01-07 12:33:00-05:00,AAPL,244.81,245.02,244.62,244.92,18019
2025-01-07 12:33:00-05:00,MSFT,413.42,413.91,413.39,413.44,30863
2025-01-07 12:33:00-05:00,NVDA,132.05,132.11,131.94,131.98,23056
2025-01-07 12:33:00-05:00,TSLA,388.68,388.81,387.72,388.18,36970
2025-01-07 12:34:00-05:00,AAPL,244.92,245.18,244.83,245.12,42381
2025-01-07 12:34:00-05:00,MSFT,413.44,413.87,413.14,413.83,43555
2025-01-07 12:34:00-05:00,NVDA,131.98,132.04,131.74,131.82,5211
2025-01-07 12:34:00-05:00,TSLA,388.18,388.27,387.66,387.79,25889
2025-01-07 12:35:00-05:00,AAPL,245.12,245.32,244.83,245.27,41603
2025-01-07 12:35:00-05:00,MSFT,413.83,414.26,413.64,413.87,13157
2025-01-07 12:35:00-05:00,NVDA,131.82,131.95,131.74,131.92,12714
2025-01-07 12:35:00-05:00,TSLA,387.79,387.98,387.43,387.61,33135
2025-01-07 12:36:00-05:00,AAPL,245.27,245.41,244.78,245.06,17993
2025-01-07 12:36:00-05:00,MSFT,413.87,414.05,413.39,413.47,21728
2025-01-07 12:36:00-05:00,NVDA,131.92,131.99,131.8,131.83,35343
2025-01-07 12:36:00-05:00,TSLA,387.61,387.89,387.32,387.72,34452
2025-01-07 12:37:00-05:00,AAPL,245.06,245.08,244.45,244.69,8262
2025-01-07 12:37:00-05:00,MSFT,413.47,413.94,413.13,413.89,27844
2025-01-07 12:37:00-05:00,NVDA,131.83,131.96,131.59,131.67,16960
2025-01-07 12:37:00-05:00,TSLA,387.72,387.75,387.25,387.29,38512
2025-01-07 12:38:00-05:00,AAPL,244.69,244.77,244.48,244.48,29112
2025-01-07 12:38:00-05:00,MSFT,413.89,413.9,413.29,413.41,47657
2025-01-07 12:38:00-05:00,NVDA,131.67,131.71,131.52,131.66,16097
2025-01-07 12:38:00-05:00,TSLA,387.29,387.49,386.96,387.28,39766
2025-01-07 12:39:00-05:00,AAPL,244.48,244.67,244.34,244.59,5925
2025-01-07 12:39:00-05:00,MSFT,413.41,413.57,412.68,412.82,21173
2025-01-07 12:39:00-05:00,NVDA,131.66,131.67,131.43,131.47,29545
2025-01-07 12:39:00-05:00,TSLA,387.28,387.31,386.76,386.8,16790
2025-01-07 12:40:00-05:00,AAPL,244.59,244.72,244.42,244.54,49145
2025-01-07 12:40:00-05:00,MSFT,412.82,412.88,412.71,412.83,49330
2025-01-07 12:40:00-05:00,NVDA,131.47,131.5,131.16,131.21,49622
2025-01-07 12:40:00-05:00,TSLA,386.8,387.14,386.74,386.95,19102
2025-01-07 12:41:00-05:00,AAPL,244.54,244.63,244.41,244.41,18313
2025-01-07 12:41:00-05:00,MSFT,412.83,413.13,412.24,412.29,14691
2025-01-07 12:41:00-05:00,NVDA,131.21,131.3,131.06,131.17,17523
2025-01-07 12:41:00-05:00,TSLA,386.95,387.32,386.79,387.22,25607
2025-01-07 12:42:00-05:00,AAPL,244.41,244.82,244.39,244.59,37385
2025-01-07 12:42:00-05:00,MSFT,412.29,412.52,412.19,412.26,44462
2025-01-07 12:42:00-05:00,NVDA,131.17,131.28,131.15,131.17,23813
2025-01-07 12:42:00-05:00,TSLA,387.22,387.58,387.05,387.46,35498
2025-01-07 12:43:00-05:00,AAPL,244.59,244.69,244.3,244.39,18540
2025-01-07 12:43:00-05:00,MSFT,412.26,412.53,411.83,411.97,15579
2025-01-07 12:43:00-05:00,NVDA,131.17,131.31,131.14,131.29,25679
2025-01-07 12:43:00-05:00,TSLA,387.46,387.64,387.39,387.48,20246
2025-01-07 12:44:00-05:00,AAPL,244.39,244.62,243.7,243.74,32415
2025-01-07 12:44:00-05:00,MSFT,411.97,412.71,411.69,412.68,31061
2025-01-07 12:44:00-05:00,NVDA,131.29,131.35,131.07,131.08,24328
2025-01-07 12:44:00-05:00,TSLA,387.48,387.55,386.94,387.13,11744
2025-01-07 12:45:00-05:00,AAPL,243.74,244.19,243.54,244.1,6885
2025-01-07 12:45:00-05:00,MSFT,412.68,412.83,411.41,411.95,10265
2025-01-07 12:45:00-05:00,NVDA,131.08,131.17,131.01,131.17,11056
2025-01-07 12:45:00-05:00,TSLA,387.13,387.41,386.74,386.85,48997
2025-01-07 12:46:00-05:00,AAPL,244.1,244.19,243.85,244.05,29224
2025-01-07 12:46:00-05:00,MSFT,411.95,411.97,411.35,411.69,21572
2025-01-07 12:46:00-05:00,NVDA,131.17,131.18,130.95,131.0,34469
2025-01-07 12:46:00-05:00,TSLA,386.85,387.77,386.56,387.58,25826
2025-01-07 12:47:00-05:00,AAPL,244.05,244.2,243.6,243.69,10618
2025-01-07 12:47:00-05:00,MSFT,411.69,412.14,411.46,412.05,39943
2025-01-07 12:47:00-05:00,NVDA,131.0,131.2,130.91,131.15,16172
2025-01-07 12:47:00-05:00,TSLA,387.58,387.94,387.46,387.89,8254
2025-01-07 12:48:00-05:00,AAPL,243.69,243.82,243.61,243.82,18907
2025-01-07 12:48:00-05:00,MSFT,412.05,412.22,411.75,411.83,10824
2025-01-07 12:48:00-05:00,NVDA,131.15,131.42,131.09,131.39,18805
2025-01-07 12:48:00-05:00,TSLA,387.89,388.26,387.69,388.04,13132
2025-01-07 12:49:00-05:00,AAPL,243.82,244.2,243.63,244.16,44137
2025-01-07 12:49:00-05:00,MSFT,411.83,412.44,411.66,412.23,27570
2025-01-07 12:49:00-05:00,NVDA,131.39,131.57,131.39,131.5,47336
2025-01-07 12:49:00-05:00,TSLA,388.04,388.29,387.94,388.02,43742
2025-01-07 12:50:00-05:00,AAPL,244.16,244.21,244.06,244.16,20390
2025-01-07 12:50:00-05:00,MSFT,412.23,412.51,412.14,412.36,25191
2025-01-07 12:50:00-05:00,NVDA,131.5,131.7,131.47,131.59,38014
2025-01-07 12:50:00-05:00,TSLA,388.02,388.19,387.58,387.64,42732
2025-01-07 12:51:00-05:00,AAPL,244.16,244.35,244.14,244.24,44739
2025-01-07 12:51:00-05:00,MSFT,412.36,413.15,412.35,413.02,37225
2025-01-07 12:51:00-05:00,NVDA,131.59,131.89,131.56,131.79,22625
2025-01-07 12:51:00-05:00,TSLA,387.64,388.61,387.61,388.18,23636
2025-01-07 12:52:00-05:00,AAPL,244.24,244.95,244.07,244.83,7982
2025-01-07 12:52:00-05:00,MSFT,413.02,413.18,412.94,413.18,47894
2025-01-07 12:52:00-05:00,NVDA,131.79,132.04,131.79,131.98,7060
2025-01-07 12:52:00-05:00,TSLA,388.18,389.24,387.95,388.87,39571
2025-01-07 12:53:00-05:00,AAPL,244.83,244.97,244.59,244.59,29965
2025-01-07 12:53:00-05:00,MSFT,413.18,413.23,412.49,412.7,16560
2025-01-07 12:53:00-05:00,NVDA,131.98,132.2,131.94,132.13,46360
2025-01-07 12:53:00-05:00,TSLA,388.87,389.25,388.8,388.98,9551
2025-01-07 12:54:00-05:00,AAPL,244.59,244.71,244.29,244.51,41671
2025-01-07 12:54:00-05:00,MSFT,412.7,412.93,412.21,412.25,12224
2025-01-07 12:54:00-05:00,NVDA,132.13,132.19,132.08,132.16,29766
2025-01-07 12:54:00-05:00,TSLA,388.98,389.05,388.12,388.26,25787
2025-01-07 12:55:00-05:00,AAPL,244.51,245.05,244.49,244.98,16132
2025-01-07 12:55:00-05:00,MSFT,412.25,412.86,412.13,412.5,17165
2025-01-07 12:55:00-05:00,NVDA,132.16,132.24,131.97,132.09,26126
2025-01-07 12:55:00-05:00,TSLA,388.26,388.43,388.06,388.43,41467
2025-01-07 12:56:00-05:00,AAPL,244.98,244.99,244.36,244.41,25795
2025-01-07 12:56:00-05:00,MSFT,412.5,413.04,412.45,412.71,31790
2025-01-07 12:56:00-05:00,NVDA,132.09,132.18,132.02,132.03,32617
2025-01-07 12:56:00-05:00,TSLA,388.43,388.72,388.27,388.5,34791
2025-01-07 12:57:00-05:00,AAPL,244.41,244.44,244.19,244.32,22065
2025-01-07 12:57:00-05:00,MSFT,412.71,413.13,412.29,412.46,12156
2025-01-07 12:57:00-05:00,NVDA,132.03,132.09,132.01,132.02,11567
2025-01-07 12:57:00-05:00,TSLA,388.5,388.88,388.49,388.6,12956
2025-01-07 12:58:00-05:00,AAPL,244.32,244.39,244.15,244.37,23415
2025-01-07 12:58:00-05:00,MSFT,412.46,412.72,412.41,412.63,23137
2025-01-07 12:58:00-05:00,NVDA,132.02,132.13,131.98,132.07,6425
2025-01-07 12:58:00-05:00,TSLA,388.6,389.49,388.49,389.11,5681
2025-01-07 12:59:00-05:00,AAPL,244.37,244.73,244.09,244.73,23541
2025-01-07 12:59:00-05:00,MSFT,412.63,413.07,412.61,413.02,20386
2025-01-07 12:59:00-05:00,NVDA,132.07,132.29,132.04,132.21,43900
2025-01-07 12:59:00-05:00,TSLA,389.11,389.68,388.64,389.28,33552
2025-01-07 13:00:00-05:00,AAPL,244.73,244.94,244.6,244.89,38880
2025-01-07 13:00:00-05:00,MSFT,413.02,413.06,412.35,412.41,5473
2025-01-07 13:00:00-05:00,NVDA,132.21,132.24,131.98,132.08,21552
2025-01-07 13:00:00-05:00,TSLA,389.28,389.38,389.22,389.3,40229
2025-01-07 13:01:00-05:00,AAPL,244.89,244.99,244.16,244.4,25679
2025-01-07 13:01:00-05:00,MSFT,412.41,412.68,412.1,412.5,7743
2025-01-07 13:01:00-05:00,NVDA,132.08,132.24,131.99,132.23,36624
2025-01-07 13:01:00-05:00,TSLA,389.3,389.75,388.57,388.6,8440
2025-01-07 13:02:00-05:00,AAPL,244.4,244.54,244.23,244.38,48084
2025-01-07 13:02:00-05:00,MSFT,412.5,413.05,412.22,412.91,22421
2025-01-07 13:02:00-05:00,NVDA,132.23,132.28,132.05,132.18,38224
2025-01-07 13:02:00-05:00,TSLA,388.6,388.94,388.2,388.56,9917
2025-01-07 13:03:00-05:00,AAPL,244.38,244.47,244.18,244.28,17381
2025-01-07 13:03:00-05:00,MSFT,412.91,413.15,412.81,412.94,27087
2025-01-07 13:03:00-05:00,NVDA,132.18,132.23,132.09,132.13,22652
2025-01-07 13:03:00-05:00,TSLA,388.56,389.19,388.26,389.16,29874
2025-01-07 13:04:00-05:00,AAPL,244.28,244.46,244.19,244.39,35614
2025-01-07 13:04:00-05:00,MSFT,412.94,413.05,412.56,412.64,25658
2025-01-07 13:04:00-05:00,NVDA,132.13,132.28,132.05,132.26,24698
2025-01-07 13:04:00-05:00,TSLA,389.16,389.28,388.99,389.13,13276
2025-01-07 13:05:00-05:00,AAPL,244.39,244.8,244.23,244.43,37434
2025-01-07 13:05:00-05:00,MSFT,412.64,412.84,411.85,412.3,48586
2025-01-07 13:05:00-05:00,NVDA,132.26,132.42,132.15,132.29,39346
2025-01-07 13:05:00-05:00,TSLA,389.13,389.51,389.03,389.46,43281
2025-01-07 13:06:00-05:00,AAPL,244.43,244.68,244.39,244.65,37308
2025-01-07 13:06:00-05:00,MSFT,412.3,412.47,411.43,411.84,11565
2025-01-07 13:06:00-05:00,NVDA,132.29,132.57,132.29,132.4,26833
2025-01-07 13:06:00-05:00,TSLA,389.46,390.56,389.28,390.23,13019
2025-01-07 13:07:00-05:00,AAPL,244.65,244.8,244.25,244.38,14702
2025-01-07 13:07:00-05:00,MSFT,411.84,412.26,411.7,411.71,31332
2025-01-07 13:07:00-05:00,NVDA,132.4,132.41,132.31,132.33,10924
2025-01-07 13:07:00-05:00,TSLA,390.23,390.59,390.21,390.45,36321
2025-01-07 13:08:00-05:00,AAPL,244.38,244.5,244.33,244.46,16029
2025-01-07 13:08:00-05:00,MSFT,411.71,412.14,411.4,411.58,39775
2025-01-07 13:08:00-05:00,NVDA,132.33,132.44,132.23,132.25,15835
2025-01-07 13:08:00-05:00,TSLA,390.45,390.9,389.74,389.88,19800
2025-01-07 13:09:00-05:00,AAPL,244.46,244.46,244.12,244.35,41912
2025-01-07 13:09:00-05:00,MSFT,411.58,412.07,411.27,412.01,21288
2025-01-07 13:09:00-05:00,NVDA,132.25,132.34,132.09,132.11,18133
2025-01-07 13:09:00-05:00,TSLA,389.88,390.73,389.7,390.45,10426
2025-01-07 13:10:00-05:00,AAPL,244.35,244.7,244.07,244.6,39472
2025-01-07 13:10:00-05:00,MSFT,412.01,412.22,411.49,411.62,32074
2025-01-07 13:10:00-05:00,NVDA,132.11,132.23,132.07,132.19,18324
2025-01-07 13:10:00-05:00,TSLA,390.45,390.75,389.99,390.0,18493
2025-01-07 13:11:00-05:00,AAPL,244.6,244.61,244.19,244.27,10035
2025-01-07 13:11:00-05:00,MSFT,411.62,411.63,411.22,411.23,46816
2025-01-07 13:11:00-05:00,NVDA,132.19,132.34,132.15,132.24,15101
2025-01-07 13:11:00-05:00,TSLA,390.0,390.59,389.93,390.56,37414
2025-01-07 13:12:00-05:00,AAPL,244.27,244.42,244.18,244.28,23630
2025-01-07 13:12:00-05:00,MSFT,411.23,412.06,411.04,411.96,7998
2025-01-07 13:12:00-05:00,NVDA,132.24,132.36,132.09,132.14,27591
2025-01-07 13:12:00-05:00,TSLA,390.56,390.63,390.48,390.62,17315
2025-01-07 13:13:00-05:00,AAPL,244.28,244.48,244.11,244.4,30832
2025-01-07 13:13:00-05:00,MSFT,411.96,412.33,411.9,412.0,49428
2025-01-07 13:13:00-05:00,NVDA,132.14,132.32,132.09,132.25,30824
2025-01-07 13:13:00-05:00,TSLA,390.62,391.51,390.61,391.33,43700
2025-01-07 13:14:00-05:00,AAPL,244.4,244.6,243.93,244.01,6892
2025-01-07 13:14:00-05:00,MSFT,412.0,412.1,411.24,411.47,10332
2025-01-07 13:14:00-05:00,NVDA,132.25,132.39,132.1,132.16,20908
2025-01-07 13:14:00-05:00,TSLA,391.33,391.59,391.15,391.36,34754
2025-01-07 13:15:00-05:00,AAPL,244.01,244.34,243.9,244.14,48223
2025-01-07 13:15:00-05:00,MSFT,411.47,412.08,411.07,411.8,36203
2025-01-07 13:15:00-05:00,NVDA,132.16,132.16,131.91,131.94,13421
2025-01-07 13:15:00-05:00,TSLA,391.36,392.44,391.05,392.23,11924
2025-01-07 13:16:00-05:00,AAPL,244.14,244.16,243.78,243.8,26589
2025-01-07 13:16:00-05:00,MSFT,411.8,412.64,411.52,412.61,24258
2025-01-07 13:16:00-05:00,NVDA,131.94,132.08,131.76,131.81,23559
2025-01-07 13:16:00-05:00,TSLA,392.23,392.54,391.88,392.47,45663
2025-01-07 13:17:00-05:00,AAPL,243.8,244.32,243.77,244.15,34694
2025-01-07 13:17:00-05:00,MSFT,412.61,412.86,412.03,412.23,39082
2025-01-07 13:17:00-05:00,NVDA,131.81,131.93,131.71,131.88,32826
2025-01-07 13:17:00-05:00,TSLA,392.47,393.62,392.44,393.28,17317
2025-01-07 13:18:00-05:00,AAPL,244.15,244.33,243.94,243.97,42300
2025-01-07 13:18:00-05:00,MSFT,412.23,412.99,412.22,412.74,37632
2025-01-07 13:18:00-05:00,NVDA,131.88,131.93,131.69,131.75,43432
2025-01-07 13:18:00-05:00,TSLA,393.28,393.74,393.09,393.65,42830
2025-01-07 13:19:00-05:00,AAPL,243.97,244.14,243.18,243.36,47181
2025-01-07 13:19:00-05:00,MSFT,412.74,412.79,412.47,412.64,49109
2025-01-07 13:19:00-05:00,NVDA,131.75,132.05,131.73,131.91,16675
2025-01-07 13:19:00-05:00,TSLA,393.65,393.72,392.67,392.76,12023
2025-01-07 13:20:00-05:00,AAPL,243.36,243.57,243.26,243.27,44471
2025-01-07 13:20:00-05:00,MSFT,412.64,413.87,412.21,413.86,12581
2025-01-07 13:20:00-05:00,NVDA,131.91,131.98,131.84,131.92,45014
2025-01-07 13:20:00-05:00,TSLA,392.76,392.91,392.65,392.75,6873
2025-01-07 13:21:00-05:00,AAPL,243.27,243.36,242.88,242.96,16666
2025-01-07 13:21:00-05:00,MSFT,413.86,414.3,413.83,414.04,20948
2025-01-07 13:21:00-05:00,NVDA,131.92,132.18,131.88,132.13,10063
2025-01-07 13:21:00-05:00,TSLA,392.75,392.99,392.55,392.59,28065
2025-01-07 13:22:00-05:00,AAPL,242.96,243.2,242.94,242.99,18646
2025-01-07 13:22:00-05:00,MSFT,414.04,414.55,413.99,414.21,33501
2025-01-07 13:22:00-05:00,NVDA,132.13,132.16,132.07,132.09,33534
2025-01-07 13:22:00-05:00,TSLA,392.59,393.04,392.32,392.5,14871
2025-01-07 13:23:00-05:00,AAPL,242.99,243.13,242.81,243.02,23673
2025-01-07 13:23:00-05:00,MSFT,414.21,414.26,414.06,414.06,26397
2025-01-07 13:23:00-05:00,NVDA,132.09,132.22,132.05,132.17,16788
2025-01-07 13:23:00-05:00,TSLA,392.5,392.88,392.37,392.71,26871
2025-01-07 13:24:00-05:00,AAPL,243.02,243.26,242.6,242.66,33335
2025-01-07 13:24:00-05:00,MSFT,414.06,414.84,414.03,414.64,36214
2025-01-07 13:24:00-05:00,NVDA,132.17,132.19,131.98,132.07,7282
2025-01-07 13:24:00-05:00,TSLA,392.71,393.06,392.48,393.01,32694
2025-01-07 13:25:00-05:00,AAPL,242.66,242.85,242.39,242.83,49889
2025-01-07 13:25:00-05:00,MSFT,414.64,415.24,414.55,414.95,48612
2025-01-07 13:25:00-05:00,NVDA,132.07,132.24,131.91,132.23,16764
2025-01-07 13:25:00-05:00,TSLA,393.01,393.38,392.89,393.34,16576
2025-01-07 13:26:00-05:00,AAPL,242.83,242.9,242.55,242.65,18098
2025-01-07 13:26:00-05:00,MSFT,414.95,415.48,414.94,415.29,26810
2025-01-07 13:26:00-05:00,NVDA,132.23,132.42,132.19,132.33,10415
2025-01-07 13:26:00-05:00,TSLA,393.34,393.47,392.73,392.94,49640
2025-01-07 13:27:00-05:00,AAPL,242.65,243.03,242.63,242.78,36223
2025-01-07 13:27:00-05:00,MSFT,415.29,415.62,414.76,415.11,44366
2025-01-07 13:27:00-05:00,NVDA,132.33,132.39,132.11,132.2,47983
2025-01-07 13:27:00-05:00,TSLA,392.94,393.1,392.89,392.96,12279
2025-01-07 13:28:00-05:00,AAPL,242.78,242.94,242.63,242.74,29132
2025-01-07 13:28:00-05:00,MSFT,415.11,415.54,414.82,415.46,30011
2025-01-07 13:28:00-05:00,NVDA,132.2,132.44,132.14,132.35,42662
2025-01-07 13:28:00-05:00,TSLA,392.96,393.04,392.81,392.98,9315
2025-01-07 13:29:00-05:00,AAPL,242.74,242.98,242.66,242.88,32919
2025-01-07 13:29:00-05:00,MSFT,415.46,415.67,414.79,415.09,33636
2025-01-07 13:29:00-05:00,NVDA,132.35,132.46,132.35,132.36,5759
2025-01-07 13:29:00-05:00,TSLA,392.98,393.2,392.95,393.05,45646
2025-01-07 13:30:00-05:00,AAPL,242.88,243.2,242.7,243.12,47441
2025-01-07 13:30:00-05:00,MSFT,415.09,415.34,415.02,415.2,10841
2025-01-07 13:30:00-05:00,NVDA,132.36,132.37,131.94,132.03,24854
2025-01-07 13:30:00-05:00,TSLA,393.05,393.24,392.82,392.93,22581
2025-01-07 13:31:00-05:00,AAPL,243.12,243.15,243.0,243.06,37461
2025-01-07 13:31:00-05:00,MSFT,415.2,415.47,414.97,415.32,17331
2025-01-07 13:31:00-05:00,NVDA,132.03,132.26,131.98,132.16,12599
2025-01-07 13:31:00-05:00,TSLA,392.93,393.22,392.93,393.1,18341
2025-01-07 13:32:00-05:00,AAPL,243.06,243.09,242.59,242.71,10189
2025-01-07 13:32:00-05:00,MSFT,415.32,415.42,415.04,415.31,29916
2025-01-07 13:32:00-05:00,NVDA,132.16,132.23,131.91,131.97,36034
2025-01-07 13:32:00-05:00,TSLA,393.1,393.23,392.65,392.91,11176
2025-01-07 13:33:00-05:00,AAPL,242.71,242.97,242.63,242.85,14739
2025-01-07 13:33:00-05:00,MSFT,415.31,415.92,415.3,415.91,9055
2025-01-07 13:33:00-05:00,NVDA,131.97,132.04,131.85,132.01,28911
2025-01-07 13:33:00-05:00,TSLA,392.91,393.08,392.16,392.55,45771
2025-01-07 13:34:00-05:00,AAPL,242.85,243.24,242.82,243.22,33031
2025-01-07 13:34:00-05:00,MSFT,415.91,415.98,415.51,415.68,28922
2025-01-07 13:34:00-05:00,NVDA,132.01,132.1,131.91,132.07,49218
2025-01-07 13:34:00-05:00,TSLA,392.55,392.57,392.1,392.22,25651
2025-01-07 13:35:00-05:00,AAPL,243.22,243.4,243.18,243.39,10015
2025-01-07 13:35:00-05:00,MSFT,415.68,416.1,415.22,415.96,13277
2025-01-07 13:35:00-05:00,NVDA,132.07,132.18,132.07,132.17,43676
2025-01-07 13:35:00-05:00,TSLA,392.22,392.27,391.95,392.06,26768
2025-01-07 13:36:00-05:00,AAPL,243.39,243.71,243.26,243.64,35451
2025-01-07 13:36:00-05:00,MSFT,415.96,415.99,415.36,415.4,40277
2025-01-07 13:36:00-05:00,NVDA,132.17,132.25,132.06,132.16,33500
2025-01-07 13:36:00-05:00,TSLA,392.06,392.3,391.84,392.24,26892
2025-01-07 13:37:00-05:00,AAPL,243.64,243.72,243.49,243.62,21605
2025-01-07 13:37:00-05:00,MSFT,415.4,415.92,415.26,415.81,24452
2025-01-07 13:37:00-05:00,NVDA,132.16,132.21,131.96,131.98,12965
2025-01-07 13:37:00-05:00,TSLA,392.24,392.81,392.17,392.28,10044
2025-01-07 13:38:00-05:00,AAPL,243.62,243.75,243.42,243.42,48357
2025-01-07 13:38:00-05:00,MSFT,415.81,416.27,415.54,416.06,14559
2025-01-07 13:38:00-05:00,NVDA,131.98,132.13,131.9,132.08,29202
2025-01-07 13:38:00-05:00,TSLA,392.28,392.89,392.1,392.6,36052
2025-01-07 13:39:00-05:00,AAPL,243.42,243.63,243.33,243.38,30752
2025-01-07 13:39:00-05:00,MSFT,416.06,416.22,415.66,416.21,7250
2025-01-07 13:39:00-05:00,NVDA,132.08,132.14,132.02,132.14,24408
2025-01-07 13:39:00-05:00,TSLA,392.6,392.82,392.49,392.62,21220
2025-01-07 13:40:00-05:00,AAPL,243.38,243.66,243.35,243.62,34818
2025-01-07 13:40:00-05:00,MSFT,416.21,416.31,415.81,415.92,42615
2025-01-07 13:40:00-05:00,NVDA,132.14,132.15,132.13,132.14,32332
2025-01-07 13:40:00-05:00,TSLA,392.62,392.63,392.21,392.5,24048
2025-01-07 13:41:00-05:00,AAPL,243.62,243.63,243.29,243.42,22371
2025-01-07 13:41:00-05:00,MSFT,415.92,416.31,415.86,415.91,37441
2025-01-07 13:41:00-05:00,NVDA,132.14,132.31,132.13,132.25,46679
2025-01-07 13:41:00-05:00,TSLA,392.5,392.68,392.29,392.56,15964
2025-01-07 13:42:00-05:00,AAPL,243.42,243.65,243.09,243.12,10126
2025-01-07 13:42:00-05:00,MSFT,415.91,416.43,415.28,415.63,15007
2025-01-07 13:42:00-05:00,NVDA,132.25,132.32,132.24,132.31,30966
2025-01-07 13:42:00-05:00,TSLA,392.56,392.92,392.27,392.58,26998
2025-01-07 13:43:00-05:00,AAPL,243.12,243.12,242.79,242.96,49132
2025-01-07 13:43:00-05:00,MSFT,415.63,415.97,415.5,415.9,19750
2025-01-07 13:43:00-05:00,NVDA,132.31,132.31,132.12,132.15,11197
2025-01-07 13:43:00-05:00,TSLA,392.58,393.31,392.49,393.0,40763
2025-01-07 13:44:00-05:00,AAPL,242.96,243.29,242.9,243.2,16254
2025-01-07 13:44:00-05:00,MSFT,415.9,415.97,415.77,415.86,36949
2025-01-07 13:44:00-05:00,NVDA,132.15,132.23,132.01,132.2,27635
2025-01-07 13:44:00-05:00,TSLA,393.0,393.23,392.96,392.98,28109
2025-01-07 13:45:00-05:00,AAPL,243.2,243.28,243.09,243.2,31548
2025-01-07 13:45:00-05:00,MSFT,415.86,415.88,415.49,415.66,48204
2025-01-07 13:45:00-05:00,NVDA,132.2,132.31,132.18,132.21,20997
2025-01-07 13:45:00-05:00,TSLA,392.98,393.09,392.81,393.03,38936
2025-01-07 13:46:00-05:00,AAPL,243.2,243.86,243.09,243.63,45533
2025-01-07 13:46:00-05:00,MSFT,415.66,415.93,415.45,415.87,32684
2025-01-07 13:46:00-05:00,NVDA,132.21,132.53,132.1,132.46,42294
2025-01-07 13:46:00-05:00,TSLA,393.03,393.53,392.81,393.15,12389
2025-01-07 13:47:00-05:00,AAPL,243.63,243.7,243.3,243.46,49158
2025-01-07 13:47:00-05:00,MSFT,415.87,416.21,415.3,415.93,30648
2025-01-07 13:47:00-05:00,NVDA,132.46,132.49,132.35,132.36,29431
2025-01-07 13:47:00-05:00,TSLA,393.15,393.18,392.6,392.84,46929
2025-01-07 13:48:00-05:00,AAPL,243.46,243.86,243.44,243.82,13854
2025-01-07 13:48:00-05:00,MSFT,415.93,416.09,415.47,415.54,17785
2025-01-07 13:48:00-05:00,NVDA,132.36,132.56,132.34,132.54,11627
2025-01-07 13:48:00-05:00,TSLA,392.84,393.99,392.66,393.92,14282
2025-01-07 13:49:00-05:00,AAPL,243.82,243.88,243.71,243.72,6041
2025-01-07 13:49:00-05:00,MSFT,415.54,416.25,415.29,416.17,11377
2025-01-07 13:49:00-05:00,NVDA,132.54,132.68,132.17,132.3,10161
2025-01-07 13:49:00-05:00,TSLA,393.92,393.95,393.43,393.47,42852
2025-01-07 13:50:00-05:00,AAPL,243.72,243.79,243.53,243.67,14512
2025-01-07 13:50:00-05:00,MSFT,416.17,416.89,415.84,416.64,24927
2025-01-07 13:50:00-05:00,NVDA,132.3,132.38,132.18,132.2,17054
2025-01-07 13:50:00-05:00,TSLA,393.47,394.0,393.2,393.41,17703
2025-01-07 13:51:00-05:00,AAPL,243.67,243.8,243.56,243.72,46029
2025-01-07 13:51:00-05:00,MSFT,416.64,416.76,416.25,416.28,14015
2025-01-07 13:51:00-05:00,NVDA,132.2,132.38,132.18,132.33,47788
2025-01-07 13:51:00-05:00,TSLA,393.41,394.08,393.32,393.91,12073
2025-01-07 13:52:00-05:00,AAPL,243.72,244.03,243.54,243.91,14710
2025-01-07 13:52:00-05:00,MSFT,416.28,416.37,415.72,415.83,17822
2025-01-07 13:52:00-05:00,NVDA,132.33,132.36,132.18,132.33,17559
2025-01-07 13:52:00-05:00,TSLA,393.91,394.79,393.73,394.7,34443
2025-01-07 13:53:00-05:00,AAPL,243.91,244.16,243.91,244.13,15885
2025-01-07 13:53:00-05:00,MSFT,415.83,415.83,415.63,415.66,42727
2025-01-07 13:53:00-05:00,NVDA,132.33,132.52,132.06,132.15,45342
2025-01-07 13:53:00-05:00,TSLA,394.7,395.1,393.91,393.94,16465
2025-01-07 13:54:00-05:00,AAPL,244.13,244.58,244.0,244.46,6286
2025-01-07 13:54:00-05:00,MSFT,415.66,416.46,415.53,416.24,32991
2025-01-07 13:54:00-05:00,NVDA,132.15,132.16,131.89,131.89,29525
2025-01-07 13:54:00-05:00,TSLA,393.94,394.24,393.73,393.88,32347
2025-01-07 13:55:00-05:00,AAPL,244.46,244.65,244.33,244.55,18194
2025-01-07 13:55:00-05:00,MSFT,416.24,416.29,415.82,415.93,8691
2025-01-07 13:55:00-05:00,NVDA,131.89,132.17,131.87,132.13,33635
2025-01-07 13:55:00-05:00,TSLA,393.88,394.03,393.58,393.63,17489
2025-01-07 13:56:00-05:00,AAPL,244.55,244.77,244.33,244.42,11728
2025-01-07 13:56:00-05:00,MSFT,415.93,417.18,415.9,416.86,38779
2025-01-07 13:56:00-05:00,NVDA,132.13,132.23,132.07,132.1,7997
2025-01-07 13:56:00-05:00,TSLA,393.63,394.15,393.48,394.09,33407
2025-01-07 13:57:00-05:00,AAPL,244.42,244.69,244.28,244.56,32242
2025-01-07 13:57:00-05:00,MSFT,416.86,417.14,416.63,416.98,14736
2025-01-07 13:57:00-05:00,NVDA,132.1,132.35,132.01,132.24,49447
2025-01-07 13:57:00-05:00,TSLA,394.09,394.61,393.85,394.54,27740
2025-01-07 13:58:00-05:00,AAPL,244.56,244.95,244.43,244.79,24056
2025-01-07 13:58:00-05:00,MSFT,416.98,417.13,416.53,416.68,37022
2025-01-07 13:58:00-05:00,NVDA,132.24,132.25,132.21,132.24,48071
2025-01-07 13:58:00-05:00,TSLA,394.54,395.05,393.99,394.29,35560
2025-01-07 13:59:00-05:00,AAPL,244.79,244.91,244.58,244.61,38643
2025-01-07 13:59:00-05:00,MSFT,416.68,416.84,416.41,416.75,16304
2025-01-07 13:59:00-05:00,NVDA,132.24,132.5,132.2,132.46,44261
2025-01-07 13:59:00-05:00,TSLA,394.29,394.39,394.07,394.29,23991
2025-01-07 14:00:00-05:00,AAPL,244.61,244.7,244.23,244.33,36975
2025-01-07 14:00:00-05:00,MSFT,416.75,416.92,416.39,416.52,48156
2025-01-07 14:00:00-05:00,NVDA,132.46,132.6,132.42,132.51,26273
2025-01-07 14:00:00-05:00,TSLA,394.29,394.49,393.82,393.87,24315
2025-01-07 14:01:00-05:00,AAPL,244.33,244.33,243.88,243.92,6246
2025-01-07 14:01:00-05:00,MSFT,416.52,416.72,415.71,415.83,47618
2025-01-07 14:01:00-05:00,NVDA,132.51,132.58,132.42,132.56,44932
2025-01-07 14:01:00-05:00,TSLA,393.87,394.24,393.86,394.18,23547
2025-01-07 14:02:00-05:00,AAPL,243.92,243.97,243.49,243.73,32337
2025-01-07 14:02:00-05:00,MSFT,415.83,416.03,415.37,415.4,12643
2025-01-07 14:02:00-05:00,NVDA,132.56,132.72,132.52,132.64,30496
2025-01-07 14:02:00-05:00,TSLA,394.18,394.36,394.16,394.27,28085
2025-01-07 14:03:00-05:00,AAPL,243.73,243.98,243.69,243.93,45809
2025-01-07 14:03:00-05:00,MSFT,415.4,415.63,415.28,415.42,48829
2025-01-07 14:03:00-05:00,NVDA,132.64,132.72,132.54,132.55,27475
2025-01-07 14:03:00-05:00,TSLA,394.27,394.27,394.26,394.27,21477
2025-01-07 14:04:00-05:00,AAPL,243.93,244.18,243.92,244.14,23875
2025-01-07 14:04:00-05:00,MSFT,415.42,415.75,414.9,415.67,36424
2025-01-07 14:04:00-05:00,NVDA,132.55,132.6,132.41,132.48,37700
2025-01-07 14:04:00-05:00,TSLA,394.27,395.11,394.22,394.8,41749
2025-01-07 14:05:00-05:00,AAPL,244.14,244.16,243.95,244.09,33712
2025-01-07 14:05:00-05:00,MSFT,415.67,415.72,414.69,415.03,43854
2025-01-07 14:05:00-05:00,NVDA,132.48,132.56,132.38,132.53,49104
2025-01-07 14:05:00-05:00,TSLA,394.8,394.85,394.28,394.35,22738
2025-01-07 14:06:00-05:00,AAPL,244.09,244.2,244.0,244.11,44459
2025-01-07 14:06:00-05:00,MSFT,415.03,415.45,414.89,415.23,42448
2025-01-07 14:06:00-05:00,NVDA,132.53,132.57,132.38,132.43,10151
2025-01-07 14:06:00-05:00,TSLA,394.35,395.0,393.95,394.75,24058
2025-01-07 14:07:00-05:00,AAPL,244.11,244.23,243.84,243.99,35701
2025-01-07 14:07:00-05:00,MSFT,415.23,415.36,414.75,414.88,40226
2025-01-07 14:07:00-05:00,NVDA,132.43,132.49,132.22,132.28,27629
2025-01-07 14:07:00-05:00,TSLA,394.75,395.16,394.53,395.12,28241
2025-01-07 14:08:00-05:00,AAPL,243.99,244.2,243.92,244.13,49112
2025-01-07 14:08:00-05:00,MSFT,414.88,415.53,414.62,415.18,40154
2025-01-07 14:08:00-05:00,NVDA,132.28,132.52,132.22,132.47,25665
2025-01-07 14:08:00-05:00,TSLA,395.12,395.42,394.97,395.12,11431
2025-01-07 14:09:00-05:00,AAPL,244.13,244.2,243.44,243.53,35954
2025-01-07 14:09:00-05:00,MSFT,415.18,415.3,414.93,415.25,9189
2025-01-07 14:09:00-05:00,NVDA,132.47,132.54,132.43,132.45,15217
2025-01-07 14:09:00-05:00,TSLA,395.12,395.73,394.84,395.38,44127
2025-01-07 14:10:00-05:00,AAPL,243.53,243.89,243.46,243.67,10648
2025-01-07 14:10:00-05:00,MSFT,415.25,415.28,414.62,414.7,13132
2025-01-07 14:10:00-05:00,NVDA,132.45,132.48,132.35,132.39,6534
2025-01-07 14:10:00-05:00,TSLA,395.38,395.62,395.11,395.19,42890
2025-01-07 14:11:00-05:00,AAPL,243.67,243.7,243.47,243.53,18073
2025-01-07 14:11:00-05:00,MSFT,414.7,414.7,413.85,413.99,48160
2025-01-07 14:11:00-05:00,NVDA,132.39,132.5,132.34,132.5,37162
2025-01-07 14:11:00-05:00,TSLA,395.19,395.41,394.62,394.88,21385
2025-01-07 14:12:00-05:00,AAPL,243.53,243.81,243.45,243.69,37356
2025-01-07 14:12:00-05:00,MSFT,413.99,414.28,413.88,414.2,41354
2025-01-07 14:12:00-05:00,NVDA,132.5,132.63,132.44,132.63,13093
2025-01-07 14:12:00-05:00,TSLA,394.88,395.4,394.85,395.21,42136
2025-01-07 14:13:00-05:00,AAPL,243.69,243.72,243.05,243.13,8083
2025-01-07 14:13:00-05:00,MSFT,414.2,414.37,413.99,414.05,7565
2025-01-07 14:13:00-05:00,NVDA,132.63,132.67,132.57,132.6,12250
2025-01-07 14:13:00-05:00,TSLA,395.21,395.57,395.11,395.37,17017
2025-01-07 14:14:00-05:00,AAPL,243.13,243.36,243.12,243.36,16450
2025-01-07 14:14:00-05:00,MSFT,414.05,414.34,413.91,414.24,7294
2025-01-07 14:14:00-05:00,NVDA,132.6,132.62,132.46,132.52,31287
2025-01-07 14:14:00-05:00,TSLA,395.37,395.65,394.7,394.8,33960
2025-01-07 14:15:00-05:00,AAPL,243.36,243.84,243.13,243.72,7095
2025-01-07 14:15:00-05:00,MSFT,414.24,414.78,414.19,414.69,24567
2025-01-07 14:15:00-05:00,NVDA,132.52,132.77,132.5,132.71,19270
2025-01-07 14:15:00-05:00,TSLA,394.8,394.96,394.58,394.88,49902
2025-01-07 14:16:00-05:00,AAPL,243.72,243.9,243.65,243.8,41830
2025-01-07 14:16:00-05:00,MSFT,414.69,414.89,413.91,414.35,5005
2025-01-07 14:16:00-05:00,NVDA,132.71,132.75,132.52,132.55,11923
2025-01-07 14:16:00-05:00,TSLA,394.88,395.1,394.59,394.78,31886
2025-01-07 14:17:00-05:00,AAPL,243.8,243.93,243.71,243.91,27303
2025-01-07 14:17:00-05:00,MSFT,414.35,414.81,414.29,414.81,39042
2025-01-07 14:17:00-05:00,NVDA,132.55,132.71,132.46,132.66,46492
2025-01-07 14:17:00-05:00,TSLA,394.78,395.38,394.68,394.96,6731
2025-01-07 14:18:00-05:00,AAPL,243.91,244.2,243.89,244.0,14907
2025-01-07 14:18:00-05:00,MSFT,414.81,415.2,414.7,415.1,37141
2025-01-07 14:18:00-05:00,NVDA,132.66,132.73,132.6,132.67,31474
2025-01-07 14:18:00-05:00,TSLA,394.96,395.41,394.95,395.36,24817
2025-01-07 14:19:00-05:00,AAPL,244.0,244.15,243.49,243.69,44602
2025-01-07 14:19:00-05:00,MSFT,415.1,415.19,414.81,415.05,28076
2025-01-07 14:19:00-05:00,NVDA,132.67,132.74,132.64,132.64,34455
2025-01-07 14:19:00-05:00,TSLA,395.36,395.42,394.56,394.81,29452
2025-01-07 14:20:00-05:00,AAPL,243.69,243.86,243.39,243.51,34958
2025-01-07 14:20:00-05:00,MSFT,415.05,415.2,414.54,414.66,7931
2025-01-07 14:20:00-05:00,NVDA,132.64,132.9,132.64,132.79,26892
2025-01-07 14:20:00-05:00,TSLA,394.81,395.33,394.66,395.15,30733
2025-01-07 14:21:00-05:00,AAPL,243.51,243.71,243.34,243.39,11939
2025-01-07 14:21:00-05:00,MSFT,414.66,414.67,413.96,414.09,24641
2025-01-07 14:21:00-05:00,NVDA,132.79,132.81,132.69,132.8,49784
2025-01-07 14:21:00-05:00,TSLA,395.15,395.36,394.81,395.02,35330
2025-01-07 14:22:00-05:00,AAPL,243.39,243.62,243.35,243.46,41862
2025-01-07 14:22:00-05:00,MSFT,414.09,414.38,413.92,414.27,43783
2025-01-07 14:22:00-05:00,NVDA,132.8,132.95,132.7,132.91,31889
2025-01-07 14:22:00-05:00,TSLA,395.02,395.68,394.96,395.3,8584
2025-01-07 14:23:00-05:00,AAPL,243.46,243.52,243.36,243.37,46282
2025-01-07 14:23:00-05:00,MSFT,414.27,414.73,414.19,414.66,45783
2025-01-07 14:23:00-05:00,NVDA,132.91,132.92,132.61,132.62,19692
2025-01-07 14:23:00-05:00,TSLA,395.3,395.4,394.73,395.33,12015
2025-01-07 14:24:00-05:00,AAPL,243.37,243.55,243.24,243.49,33935
2025-01-07 14:24:00-05:00,MSFT,414.66,414.78,414.18,414.2,15703
2025-01-07 14:24:00-05:00,NVDA,132.62,132.81,132.53,132.74,31789
2025-01-07 14:24:00-05:00,TSLA,395.33,395.41,395.18,395.24,26712
2025-01-07 14:25:00-05:00,AAPL,243.49,243.8,243.35,243.79,11507
2025-01-07 14:25:00-05:00,MSFT,414.2,414.87,414.15,414.8,21657
2025-01-07 14:25:00-05:00,NVDA,132.74,132.8,132.72,132.74,21380
2025-01-07 14:25:00-05:00,TSLA,395.24,395.75,395.16,395.68,43313
2025-01-07 14:26:00-05:00,AAPL,243.79,244.02,243.76,243.92,18231
2025-01-07 14:26:00-05:00,MSFT,414.8,415.24,414.27,414.36,46259
2025-01-07 14:26:00-05:00,NVDA,132.74,132.91,132.67,132.83,6488
2025-01-07 14:26:00-05:00,TSLA,395.68,395.97,395.25,395.38,14447
2025-01-07 14:27:00-05:00,AAPL,243.92,244.04,243.76,243.81,5431
2025-01-07 14:27:00-05:00,MSFT,414.36,414.65,413.68,414.58,47308
2025-01-07 14:27:00-05:00,NVDA,132.83,132.84,132.39,132.53,47868
2025-01-07 14:27:00-05:00,TSLA,395.38,395.95,395.18,395.47,13939
2025-01-07 14:28:00-05:00,AAPL,243.81,244.04,243.73,243.82,10585
2025-01-07 14:28:00-05:00,MSFT,414.58,414.91,414.37,414.72,44645
2025-01-07 14:28:00-05:00,NVDA,132.53,132.58,132.36,132.41,35000
2025-01-07 14:28:00-05:00,TSLA,395.47,395.86,395.37,395.57,25374
2025-01-07 14:29:00-05:00,AAPL,243.82,244.08,243.63,244.06,32198
2025-01-07 14:29:00-05:00,MSFT,414.72,414.92,413.75,414.08,25732
2025-01-07 14:29:00-05:00,NVDA,132.41,132.77,132.31,132.68,16482
2025-01-07 14:29:00-05:00,TSLA,395.57,395.66,394.84,395.3,36782
2025-01-07 14:30:00-05:00,AAPL,244.06,244.2,243.71,243.83,32637
2025-01-07 14:30:00-05:00,MSFT,414.08,414.53,413.8,414.52,10080
2025-01-07 14:30:00-05:00,NVDA,132.68,132.7,132.46,132.47,9247
2025-01-07 14:30:00-05:00,TSLA,395.3,395.39,395.01,395.11,12932
2025-01-07 14:31:00-05:00,AAPL,243.83,244.18,243.77,244.16,33103
2025-01-07 14:31:00-05:00,MSFT,414.52,414.64,414.27,414.61,49825
2025-01-07 14:31:00-05:00,NVDA,132.47,132.58,132.44,132.54,35223
2025-01-07 14:31:00-05:00,TSLA,395.11,395.35,395.09,395.2,11789
2025-01-07 14:32:00-05:00,AAPL,244.16,244.22,243.72,243.95,49708
2025-01-07 14:32:00-05:00,MSFT,414.61,414.63,414.33,414.46,26857
2025-01-07 14:32:00-05:00,NVDA,132.54,132.57,132.3,132.35,16591
2025-01-07 14:32:00-05:00,TSLA,395.2,395.26,394.4,394.46,12983
2025-01-07 14:33:00-05:00,AAPL,243.95,244.09,243.93,244.07,14541
2025-01-07 14:33:00-05:00,MSFT,414.46,414.48,414.05,414.16,19795
2025-01-07 14:33:00-05:00,NVDA,132.35,132.46,132.34,132.38,12284
2025-01-07 14:33:00-05:00,TSLA,394.46,394.58,394.24,394.51,17061
2025-01-07 14:34:00-05:00,AAPL,244.07,244.31,244.02,244.12,27171
2025-01-07 14:34:00-05:00,MSFT,414.16,414.25,413.98,414.13,11881
2025-01-07 14:34:00-05:00,NVDA,132.38,132.58,132.28,132.46,21047
2025-01-07 14:34:00-05:00,TSLA,394.51,395.17,394.16,394.83,49651
2025-01-07 14:35:00-05:00,AAPL,244.12,244.26,243.79,244.11,15769
2025-01-07 14:35:00-05:00,MSFT,414.13,414.15,413.99,414.09,39503
2025-01-07 14:35:00-05:00,NVDA,132.46,132.62,132.21,132.25,5451
2025-01-07 14:35:00-05:00,TSLA,394.83,395.1,394.51,394.62,13073
2025-01-07 14:36:00-05:00,AAPL,244.11,244.16,243.62,243.89,14892
2025-01-07 14:36:00-05:00,MSFT,414.09,414.27,413.94,414.04,39665
2025-01-07 14:36:00-05:00,NVDA,132.25,132.35,132.18,132.25,35815
2025-01-07 14:36:00-05:00,TSLA,394.62,394.74,393.96,394.11,48087
2025-01-07 14:37:00-05:00,AAPL,243.89,244.05,243.87,244.02,46393
2025-01-07 14:37:00-05:00,MSFT,414.04,414.2,413.39,413.61,23480
2025-01-07 14:37:00-05:00,NVDA,132.25,132.36,132.23,132.34,32334
2025-01-07 14:37:00-05:00,TSLA,394.11,394.79,393.87,394.78,40827
2025-01-07 14:38:00-05:00,AAPL,244.02,244.48,243.79,244.45,32479
2025-01-07 14:38:00-05:00,MSFT,413.61,413.7,412.97,413.07,30530
2025-01-07 14:38:00-05:00,NVDA,132.34,132.64,132.24,132.6,44778
2025-01-07 14:38:00-05:00,TSLA,394.78,395.13,394.76,394.92,43585
2025-01-07 14:39:00-05:00,AAPL,244.45,244.6,243.88,243.99,41281
2025-01-07 14:39:00-05:00,MSFT,413.07,413.23,412.58,412.92,49421
2025-01-07 14:39:00-05:00,NVDA,132.6,132.65,132.48,132.55,6554
2025-01-07 14:39:00-05:00,TSLA,394.92,395.39,394.91,395.1,30636
2025-01-07 14:40:00-05:00,AAPL,243.99,244.4,243.95,244.26,23335
2025-01-07 14:40:00-05:00,MSFT,412.92,413.47,412.59,413.42,36251
2025-01-07 14:40:00-05:00,NVDA,132.55,132.6,132.21,132.32,7615
2025-01-07 14:40:00-05:00,TSLA,395.1,395.33,394.22,394.57,14710
2025-01-07 14:41:00-05:00,AAPL,244.26,244.61,244.16,244.47,14624
2025-01-07 14:41:00-05:00,MSFT,413.42,413.55,412.88,412.97,50000
2025-01-07 14:41:00-05:00,NVDA,132.32,132.48,132.24,132.41,38525
2025-01-07 14:41:00-05:00,TSLA,394.57,394.94,394.53,394.73,41976
2025-01-07 14:42:00-05:00,AAPL,244.47,244.6,244.35,244.39,45513
2025-01-07 14:42:00-05:00,MSFT,412.97,412.98,412.59,412.73,22522
2025-01-07 14:42:00-05:00,NVDA,132.41,132.46,132.3,132.31,22203
2025-01-07 14:42:00-05:00,TSLA,394.73,394.9,394.05,394.33,48069
2025-01-07 14:43:00-05:00,AAPL,244.39,244.79,244.24,244.68,47516
2025-01-07 14:43:00-05:00,MSFT,412.73,413.33,412.62,413.02,29258
2025-01-07 14:43:00-05:00,NVDA,132.31,132.31,132.16,132.25,12325
2025-01-07 14:43:00-05:00,TSLA,394.33,394.49,394.29,394.45,28247
2025-01-07 14:44:00-05:00,AAPL,244.68,244.73,244.54,244.55,26921
2025-01-07 14:44:00-05:00,MSFT,413.02,413.17,412.69,412.94,16999
2025-01-07 14:44:00-05:00,NVDA,132.25,132.31,132.21,132.23,20929
2025-01-07 14:44:00-05:00,TSLA,394.45,394.93,394.42,394.88,15375
2025-01-07 14:45:00-05:00,AAPL,244.55,244.76,244.43,244.61,13257
2025-01-07 14:45:00-05:00,MSFT,412.94,413.12,412.46,412.53,35714
2025-01-07 14:45:00-05:00,NVDA,132.23,132.24,132.13,132.17,11365
2025-01-07 14:45:00-05:00,TSLA,394.88,395.12,394.27,394.57,37978
2025-01-07 14:46:00-05:00,AAPL,244.61,244.63,244.28,244.31,25463
2025-01-07 14:46:00-05:00,MSFT,412.53,412.53,411.76,412.2,19992
2025-01-07 14:46:00-05:00,NVDA,132.17,132.26,131.97,132.07,21038
2025-01-07 14:46:00-05:00,TSLA,394.57,395.19,394.34,394.78,16435
2025-01-07 14:47:00-05:00,AAPL,244.31,244.79,244.28,244.59,15487
2025-01-07 14:47:00-05:00,MSFT,412.2,412.77,411.82,412.63,25031
2025-01-07 14:47:00-05:00,NVDA,132.07,132.12,132.01,132.12,34142
2025-01-07 14:47:00-05:00,TSLA,394.78,394.88,394.56,394.71,41906
2025-01-07 14:48:00-05:00,AAPL,244.59,245.14,244.5,245.1,24919
2025-01-07 14:48:00-05:00,MSFT,412.63,412.73,412.26,412.33,20731
2025-01-07 14:48:00-05:00,NVDA,132.12,132.18,132.05,132.05,7342
2025-01-07 14:48:00-05:00,TSLA,394.71,394.97,394.34,394.38,48151
2025-01-07 14:49:00-05:00,AAPL,245.1,245.15,244.69,245.05,12237
2025-01-07 14:49:00-05:00,MSFT,412.33,412.54,412.29,412.42,8762
2025-01-07 14:49:00-05:00,NVDA,132.05,132.16,132.01,132.16,23902
2025-01-07 14:49:00-05:00,TSLA,394.38,394.44,393.88,394.07,47279
2025-01-07 14:50:00-05:00,AAPL,245.05,245.28,244.99,245.0,13114
2025-01-07 14:50:00-05:00,MSFT,412.42,412.8,412.08,412.71,5700
2025-01-07 14:50:00-05:00,NVDA,132.16,132.45,132.06,132.43,25097
2025-01-07 14:50:00-05:00,TSLA,394.07,394.12,392.97,393.07,38225
2025-01-07 14:51:00-05:00,AAPL,245.0,245.46,244.95,245.29,13175
2025-01-07 14:51:00-05:00,MSFT,412.71,412.92,412.34,412.39,38337
2025-01-07 14:51:00-05:00,NVDA,132.43,132.47,132.34,132.35,46542
2025-01-07 14:51:00-05:00,TSLA,393.07,393.11,392.68,392.92,13481
2025-01-07 14:52:00-05:00,AAPL,245.29,245.34,244.88,244.99,20472
2025-01-07 14:52:00-05:00,MSFT,412.39,412.64,412.08,412.59,49353
2025-01-07 14:52:00-05:00,NVDA,132.35,132.45,132.26,132.28,13424
2025-01-07 14:52:00-05:00,TSLA,392.92,393.17,392.52,392.75,31461
2025-01-07 14:53:00-05:00,AAPL,244.99,245.13,244.64,245.0,42066
2025-01-07 14:53:00-05:00,MSFT,412.59,412.84,412.38,412.6,31572
2025-01-07 14:53:00-05:00,NVDA,132.28,132.31,132.17,132.21,30180
2025-01-07 14:53:00-05:00,TSLA,392.75,392.79,392.48,392.5,15431
2025-01-07 14:54:00-05:00,AAPL,245.0,245.28,244.75,244.87,20324
2025-01-07 14:54:00-05:00,MSFT,412.6,412.88,412.59,412.87,32851
2025-01-07 14:54:00-05:00,NVDA,132.21,132.26,132.16,132.21,14723
2025-01-07 14:54:00-05:00,TSLA,392.5,392.86,392.2,392.57,26211
2025-01-07 14:55:00-05:00,AAPL,244.87,244.93,244.38,244.46,42536
2025-01-07 14:55:00-05:00,MSFT,412.87,412.97,412.5,412.83,21005
2025-01-07 14:55:00-05:00,NVDA,132.21,132.25,132.04,132.07,38331
2025-01-07 14:55:00-05:00,TSLA,392.57,392.6,392.02,392.57,20506
2025-01-07 14:56:00-05:00,AAPL,244.46,244.63,244.19,244.28,26485
2025-01-07 14:56:00-05:00,MSFT,412.83,413.45,412.15,413.44,39610
2025-01-07 14:56:00-05:00,NVDA,132.07,132.29,131.98,132.06,16167
2025-01-07 14:56:00-05:00,TSLA,392.57,393.46,392.54,393.21,32528
2025-01-07 14:57:00-05:00,AAPL,244.28,244.36,244.25,244.26,28676
2025-01-07 14:57:00-05:00,MSFT,413.44,413.46,412.63,412.69,34402
2025-01-07 14:57:00-05:00,NVDA,132.06,132.25,132.04,132.16,43478
2025-01-07 14:57:00-05:00,TSLA,393.21,393.27,392.8,392.83,21415
2025-01-07 14:58:00-05:00,AAPL,244.26,244.28,244.02,244.13,11045
2025-01-07 14:58:00-05:00,MSFT,412.69,413.36,412.5,413.29,19750
2025-01-07 14:58:00-05:00,NVDA,132.16,132.28,132.07,132.23,36801
2025-01-07 14:58:00-05:00,TSLA,392.83,393.65,392.53,393.4,44749
2025-01-07 14:59:00-05:00,AAPL,244.13,244.48,244.03,244.24,36211
2025-01-07 14:59:00-05:00,MSFT,413.29,413.38,412.77,412.95,13737
2025-01-07 14:59:00-05:00,NVDA,132.23,132.5,132.12,132.42,36591
2025-01-07 14:59:00-05:00,TSLA,393.4,393.73,393.36,393.7,16407
2025-01-07 15:00:00-05:00,AAPL,244.24,244.31,244.18,244.26,41632
2025-01-07 15:00:00-05:00,MSFT,412.95,412.99,411.75,411.93,29463
2025-01-07 15:00:00-05:00,NVDA,132.42,132.68,132.26,132.55,27437
2025-01-07 15:00:00-05:00,TSLA,393.7,393.97,393.02,393.44,42603
2025-01-07 15:01:00-05:00,AAPL,244.26,244.38,244.03,244.04,22281
2025-01-07 15:01:00-05:00,MSFT,411.93,412.3,411.89,412.12,49503
2025-01-07 15:01:00-05:00,NVDA,132.55,132.59,132.51,132.58,14836
2025-01-07 15:01:00-05:00,TSLA,393.44,394.38,393.39,394.26,37184
2025-01-07 15:02:00-05:00,AAPL,244.04,244.13,243.55,243.74,37082
2025-01-07 15:02:00-05:00,MSFT,412.12,412.38,412.11,412.12,24606
2025-01-07 15:02:00-05:00,NVDA,132.58,132.69,132.52,132.54,28363
2025-01-07 15:02:00-05:00,TSLA,394.26,394.32,393.92,393.96,39637
2025-01-07 15:03:00-05:00,AAPL,243.74,243.75,243.6,243.73,15672
2025-01-07 15:03:00-05:00,MSFT,412.12,412.28,411.89,411.91,5146
2025-01-07 15:03:00-05:00,NVDA,132.54,132.63,132.35,132.35,46853
2025-01-07 15:03:00-05:00,TSLA,393.96,394.23,393.84,394.18,43149
2025-01-07 15:04:00-05:00,AAPL,243.73,243.86,243.71,243.81,38632
2025-01-07 15:04:00-05:00,MSFT,411.91,412.18,411.83,411.87,47137
2025-01-07 15:04:00-05:00,NVDA,132.35,132.63,132.28,132.56,39348
2025-01-07 15:04:00-05:00,TSLA,394.18,395.25,394.14,395.17,14211
2025-01-07 15:05:00-05:00,AAPL,243.81,243.85,243.64,243.69,18935
2025-01-07 15:05:00-05:00,MSFT,411.87,412.64,411.83,412.21,35346
2025-01-07 15:05:00-05:00,NVDA,132.56,132.65,132.3,132.37,28826
2025-01-07 15:05:00-05:00,TSLA,395.17,395.38,395.05,395.23,31740
2025-01-07 15:06:00-05:00,AAPL,243.69,243.7,243.54,243.63,12783
2025-01-07 15:06:00-05:00,MSFT,412.21,413.08,412.19,412.83,35169
2025-01-07 15:06:00-05:00,NVDA,132.37,132.43,132.25,132.3,9403
2025-01-07 15:06:00-05:00,TSLA,395.23,395.39,394.35,394.51,47089
2025-01-07 15:07:00-05:00,AAPL,243.63,243.99,243.56,243.89,12921
2025-01-07 15:07:00-05:00,MSFT,412.83,412.94,412.66,412.85,5337
2025-01-07 15:07:00-05:00,NVDA,132.3,132.39,132.13,132.37,40240
2025-01-07 15:07:00-05:00,TSLA,394.51,395.14,394.49,395.01,18597
2025-01-07 15:08:00-05:00,AAPL,243.89,243.96,243.69,243.75,24983
2025-01-07 15:08:00-05:00,MSFT,412.85,413.12,412.44,412.46,33233
2025-01-07 15:08:00-05:00,NVDA,132.37,132.74,132.29,132.61,21251
2025-01-07 15:08:00-05:00,TSLA,395.01,395.11,394.45,394.61,41614
2025-01-07 15:09:00-05:00,AAPL,243.75,243.85,243.72,243.73,36845
2025-01-07 15:09:00-05:00,MSFT,412.46,412.58,412.46,412.49,38706
2025-01-07 15:09:00-05:00,NVDA,132.61,132.67,132.49,132.67,16972
2025-01-07 15:09:00-05:00,TSLA,394.61,395.26,394.33,395.05,33762
2025-01-07 15:10:00-05:00,AAPL,243.73,243.87,243.7,243.86,24999
2025-01-07 15:10:00-05:00,MSFT,412.49,412.96,412.47,412.83,48033
2025-01-07 15:10:00-05:00,NVDA,132.67,132.76,132.6,132.6,34888
2025-01-07 15:10:00-05:00,TSLA,395.05,395.13,394.64,394.71,38898
2025-01-07 15:11:00-05:00,AAPL,243.86,243.93,243.56,243.61,37033
2025-01-07 15:11:00-05:00,MSFT,412.83,412.83,412.57,412.8,29530
2025-01-07 15:11:00-05:00,NVDA,132.6,132.88,132.43,132.8,22417
2025-01-07 15:11:00-05:00,TSLA,394.71,394.81,394.62,394.78,20110
2025-01-07 15:12:00-05:00,AAPL,243.61,243.92,243.58,243.92,36534
2025-01-07 15:12:00-05:00,MSFT,412.8,413.01,412.51,412.67,12123
2025-01-07 15:12:00-05:00,NVDA,132.8,132.81,132.69,132.74,9172
2025-01-07 15:12:00-05:00,TSLA,394.78,395.33,394.42,395.25,23998
2025-01-07 15:13:00-05:00,AAPL,243.92,244.09,243.85,243.95,27139
2025-01-07 15:13:00-05:00,MSFT,412.67,413.66,412.65,413.36,33793
2025-01-07 15:13:00-05:00,NVDA,132.74,133.0,132.72,132.97,24841
2025-01-07 15:13:00-05:00,TSLA,395.25,395.48,395.18,395.35,28455
2025-01-07 15:14:00-05:00,AAPL,243.95,244.14,243.92,244.0,14078
2025-01-07 15:14:00-05:00,MSFT,413.36,413.72,413.18,413.56,18006
2025-01-07 15:14:00-05:00,NVDA,132.97,133.08,132.89,133.06,35426
2025-01-07 15:14:00-05:00,TSLA,395.35,396.25,395.27,396.08,42706
2025-01-07 15:15:00-05:00,AAPL,244.0,244.14,243.67,243.67,34486
2025-01-07 15:15:00-05:00,MSFT,413.56,413.85,413.45,413.72,13760
2025-01-07 15:15:00-05:00,NVDA,133.06,133.17,132.89,132.97,8347
2025-01-07 15:15:00-05:00,TSLA,396.08,396.09,395.81,396.05,45058
2025-01-07 15:16:00-05:00,AAPL,243.67,243.73,243.59,243.6,45944
2025-01-07 15:16:00-05:00,MSFT,413.72,413.93,413.08,413.18,18041
2025-01-07 15:16:00-05:00,NVDA,132.97,133.06,132.88,132.89,10464
2025-01-07 15:16:00-05:00,TSLA,396.05,396.05,395.36,395.65,12266
2025-01-07 15:17:00-05:00,AAPL,243.6,243.66,243.39,243.5,20258
2025-01-07 15:17:00-05:00,MSFT,413.18,413.68,412.87,413.04,22419
2025-01-07 15:17:00-05:00,NVDA,132.89,132.98,132.89,132.95,43625
2025-01-07 15:17:00-05:00,TSLA,395.65,396.26,395.42,395.86,22239
2025-01-07 15:18:00-05:00,AAPL,243.5,243.74,243.33,243.68,34038
2025-01-07 15:18:00-05:00,MSFT,413.04,413.55,412.73,413.39,13351
2025-01-07 15:18:00-05:00,NVDA,132.95,133.05,132.87,132.98,12308
2025-01-07 15:18:00-05:00,TSLA,395.86,395.9,395.68,395.8,8892
2025-01-07 15:19:00-05:00,AAPL,243.68,243.8,243.51,243.78,15853
2025-01-07 15:19:00-05:00,MSFT,413.39,413.57,413.08,413.41,31206
2025-01-07 15:19:00-05:00,NVDA,132.98,132.99,132.84,132.91,47115
2025-01-07 15:19:00-05:00,TSLA,395.8,396.09,395.61,395.93,26601
2025-01-07 15:20:00-05:00,AAPL,243.78,243.93,243.65,243.7,41768
2025-01-07 15:20:00-05:00,MSFT,413.41,413.42,412.36,412.47,12191
2025-01-07 15:20:00-05:00,NVDA,132.91,133.1,132.85,132.99,5032
2025-01-07 15:20:00-05:00,TSLA,395.93,396.58,395.83,396.45,9778
2025-01-07 15:21:00-05:00,AAPL,243.7,243.81,243.19,243.33,10580
2025-01-07 15:21:00-05:00,MSFT,412.47,412.82,412.03,412.13,13265
2025-01-07 15:21:00-05:00,NVDA,132.99,132.99,132.82,132.89,22743
2025-01-07 15:21:00-05:00,TSLA,396.45,396.54,396.01,396.25,44977
2025-01-07 15:22:00-05:00,AAPL,243.33,243.61,243.29,243.45,42371
2025-01-07 15:22:00-05:00,MSFT,412.13,412.6,412.11,412.4,49453
2025-01-07 15:22:00-05:00,NVDA,132.89,132.89,132.73,132.81,47289
2025-01-07 15:22:00-05:00,TSLA,396.25,396.57,395.51,396.05,32278
2025-01-07 15:23:00-05:00,AAPL,243.45,243.65,243.38,243.41,37940
2025-01-07 15:23:00-05:00,MSFT,412.4,412.51,411.91,412.1,44130
2025-01-07 15:23:00-05:00,NVDA,132.81,132.85,132.67,132.8,21319
2025-01-07 15:23:00-05:00,TSLA,396.05,396.52,395.89,396.3,10281
2025-01-07 15:24:00-05:00,AAPL,243.41,243.55,243.34,243.51,6243
2025-01-07 15:24:00-05:00,MSFT,412.1,412.32,412.01,412.07,33111
2025-01-07 15:24:00-05:00,NVDA,132.8,132.88,132.6,132.69,12305
2025-01-07 15:24:00-05:00,TSLA,396.3,396.79,396.08,396.64,11819
2025-01-07 15:25:00-05:00,AAPL,243.51,243.52,243.37,243.45,42981
2025-01-07 15:25:00-05:00,MSFT,412.07,412.53,411.95,412.53,38504
2025-01-07 15:25:00-05:00,NVDA,132.69,132.85,132.67,132.69,36954
2025-01-07 15:25:00-05:00,TSLA,396.64,397.33,396.59,397.1,47620
2025-01-07 15:26:00-05:00,AAPL,243.45,243.53,242.94,243.04,7948
2025-01-07 15:26:00-05:00,MSFT,412.53,412.81,412.41,412.66,21210
2025-01-07 15:26:00-05:00,NVDA,132.69,132.98,132.61,132.97,16717
2025-01-07 15:26:00-05:00,TSLA,397.1,397.28,396.75,396.83,19926
2025-01-07 15:27:00-05:00,AAPL,243.04,243.32,242.87,242.89,27279
2025-01-07 15:27:00-05:00,MSFT,412.66,412.98,412.47,412.87,36057
2025-01-07 15:27:00-05:00,NVDA,132.97,133.03,132.93,132.96,24964
2025-01-07 15:27:00-05:00,TSLA,396.83,396.9,396.02,396.03,17856
2025-01-07 15:28:00-05:00,AAPL,242.89,242.94,242.59,242.66,21854
2025-01-07 15:28:00-05:00,MSFT,412.87,413.23,412.6,412.67,16874
2025-01-07 15:28:00-05:00,NVDA,132.96,133.25,132.9,133.18,16970
2025-01-07 15:28:00-05:00,TSLA,396.03,396.11,395.13,395.26,41208
2025-01-07 15:29:00-05:00,AAPL,242.66,242.94,242.32,242.5,40506
2025-01-07 15:29:00-05:00,MSFT,412.67,412.82,411.83,412.21,46216
2025-01-07 15:29:00-05:00,NVDA,133.18,133.36,133.15,133.35,20191
2025-01-07 15:29:00-05:00,TSLA,395.26,395.45,394.65,394.67,29722
2025-01-07 15:30:00-05:00,AAPL,242.5,242.63,242.5,242.57,25106
2025-01-07 15:30:00-05:00,MSFT,412.21,412.32,411.97,412.01,17594
2025-01-07 15:30:00-05:00,NVDA,133.35,133.47,133.32,133.39,11744
2025-01-07 15:30:00-05:00,TSLA,394.67,394.87,394.43,394.53,33701
2025-01-07 15:31:00-05:00,AAPL,242.57,242.85,242.52,242.68,8860
2025-01-07 15:31:00-05:00,MSFT,412.01,412.3,411.92,412.1,45400
2025-01-07 15:31:00-05:00,NVDA,133.39,133.6,133.25,133.54,18781
2025-01-07 15:31:00-05:00,TSLA,394.53,394.83,394.35,394.63,29098
2025-01-07 15:32:00-05:00,AAPL,242.68,242.75,242.48,242.52,30555
2025-01-07 15:32:00-05:00,MSFT,412.1,412.75,411.92,412.36,46504
2025-01-07 15:32:00-05:00,NVDA,133.54,133.56,133.41,133.47,16257
2025-01-07 15:32:00-05:00,TSLA,394.63,394.78,394.28,394.41,11028
2025-01-07 15:33:00-05:00,AAPL,242.52,242.58,242.48,242.53,26247
2025-01-07 15:33:00-05:00,MSFT,412.36,412.84,412.34,412.7,32923
2025-01-07 15:33:00-05:00,NVDA,133.47,133.71,133.4,133.66,15297
2025-01-07 15:33:00-05:00,TSLA,394.41,394.53,394.2,394.27,40141
2025-01-07 15:34:00-05:00,AAPL,242.53,242.82,242.47,242.5,20703
2025-01-07 15:34:00-05:00,MSFT,412.7,412.73,412.1,412.21,22645
2025-01-07 15:34:00-05:00,NVDA,133.66,133.73,133.5,133.59,32322
2025-01-07 15:34:00-05:00,TSLA,394.27,394.52,392.86,393.17,8727
2025-01-07 15:35:00-05:00,AAPL,242.5,242.5,242.29,242.45,37307
2025-01-07 15:35:00-05:00,MSFT,412.21,412.53,411.56,411.93,32398
2025-01-07 15:35:00-05:00,NVDA,133.59,133.63,133.54,133.62,22226
2025-01-07 15:35:00-05:00,TSLA,393.17,393.32,393.12,393.23,16835
2025-01-07 15:36:00-05:00,AAPL,242.45,242.46,242.07,242.16,25862
2025-01-07 15:36:00-05:00,MSFT,411.93,412.39,411.93,411.95,48281
2025-01-07 15:36:00-05:00,NVDA,133.62,133.64,133.35,133.36,26870
2025-01-07 15:36:00-05:00,TSLA,393.23,393.4,392.83,393.16,24163
2025-01-07 15:37:00-05:00,AAPL,242.16,242.28,242.07,242.1,36730
2025-01-07 15:37:00-05:00,MSFT,411.95,411.96,411.81,411.96,35936
2025-01-07 15:37:00-05:00,NVDA,133.36,133.45,133.24,133.43,25666
2025-01-07 15:37:00-05:00,TSLA,393.16,393.3,392.52,392.66,48095
2025-01-07 15:38:00-05:00,AAPL,242.1,242.47,242.08,242.44,41311
2025-01-07 15:38:00-05:00,MSFT,411.96,412.24,411.71,411.85,37196
2025-01-07 15:38:00-05:00,NVDA,133.43,133.45,133.25,133.3,31481
2025-01-07 15:38:00-05:00,TSLA,392.66,392.82,392.66,392.77,37435
2025-01-07 15:39:00-05:00,AAPL,242.44,242.62,242.38,242.42,21142
2025-01-07 15:39:00-05:00,MSFT,411.85,412.09,411.72,411.98,11349
2025-01-07 15:39:00-05:00,NVDA,133.3,133.45,133.28,133.39,47322
2025-01-07 15:39:00-05:00,TSLA,392.77,393.36,392.42,393.26,19436
2025-01-07 15:40:00-05:00,AAPL,242.42,242.63,242.31,242.45,34227
2025-01-07 15:40:00-05:00,MSFT,411.98,412.25,411.67,411.68,28630
2025-01-07 15:40:00-05:00,NVDA,133.39,133.68,133.39,133.51,18252
2025-01-07 15:40:00-05:00,TSLA,393.26,393.32,392.78,392.95,47837
2025-01-07 15:41:00-05:00,AAPL,242.45,242.82,242.36,242.67,18333
2025-01-07 15:41:00-05:00,MSFT,411.68,411.69,411.27,411.46,43594
2025-01-07 15:41:00-05:00,NVDA,133.51,133.54,133.38,133.48,24319
2025-01-07 15:41:00-05:00,TSLA,392.95,393.34,392.53,393.32,25896
2025-01-07 15:42:00-05:00,AAPL,242.67,242.77,242.6,242.7,21066
2025-01-07 15:42:00-05:00,MSFT,411.46,411.5,410.99,411.07,30169
2025-01-07 15:42:00-05:00,NVDA,133.48,133.5,133.42,133.49,41573
2025-01-07 15:42:00-05:00,TSLA,393.32,393.54,392.77,393.17,45754
2025-01-07 15:43:00-05:00,AAPL,242.7,242.82,242.63,242.66,41382
2025-01-07 15:43:00-05:00,MSFT,411.07,411.15,410.79,410.84,46258
2025-01-07 15:43:00-05:00,NVDA,133.49,133.59,133.47,133.55,19088
2025-01-07 15:43:00-05:00,TSLA,393.17,393.53,393.16,393.45,13987
2025-01-07 15:44:00-05:00,AAPL,242.66,242.66,242.43,242.65,23956
2025-01-07 15:44:00-05:00,MSFT,410.84,410.94,410.44,410.83,47883
2025-01-07 15:44:00-05:00,NVDA,133.55,133.6,133.44,133.44,15513
2025-01-07 15:44:00-05:00,TSLA,393.45,393.91,393.37,393.71,13044
2025-01-07 15:45:00-05:00,AAPL,242.65,242.79,242.59,242.75,8943
2025-01-07 15:45:00-05:00,MSFT,410.83,410.89,410.24,410.36,34213
2025-01-07 15:45:00-05:00,NVDA,133.44,133.52,133.37,133.49,43858
2025-01-07 15:45:00-05:00,TSLA,393.71,394.43,393.45,394.18,14303
2025-01-07 15:46:00-05:00,AAPL,242.75,243.06,242.56,243.0,29913
2025-01-07 15:46:00-05:00,MSFT,410.36,410.54,410.18,410.5,36077
2025-01-07 15:46:00-05:00,NVDA,133.49,133.52,133.05,133.14,36918
2025-01-07 15:46:00-05:00,TSLA,394.18,394.49,393.87,394.46,12486
2025-01-07 15:47:00-05:00,AAPL,243.0,243.23,242.73,242.73,18943
2025-01-07 15:47:00-05:00,MSFT,410.5,410.64,410.38,410.39,15071
2025-01-07 15:47:00-05:00,NVDA,133.14,133.2,132.94,133.2,43411
2025-01-07 15:47:00-05:00,TSLA,394.46,395.08,394.41,394.71,22714
2025-01-07 15:48:00-05:00,AAPL,242.73,242.8,242.29,242.48,41902
2025-01-07 15:48:00-05:00,MSFT,410.39,410.69,410.24,410.65,41722
2025-01-07 15:48:00-05:00,NVDA,133.2,133.22,133.13,133.16,29212
2025-01-07 15:48:00-05:00,TSLA,394.71,394.9,394.6,394.64,23290
2025-01-07 15:49:00-05:00,AAPL,242.48,242.64,242.46,242.59,13059
2025-01-07 15:49:00-05:00,MSFT,410.65,411.08,410.48,410.55,34391
2025-01-07 15:49:00-05:00,NVDA,133.16,133.21,133.06,133.08,35922
2025-01-07 15:49:00-05:00,TSLA,394.64,394.76,394.34,394.49,6235
2025-01-07 15:50:00-05:00,AAPL,242.59,242.95,242.34,242.78,18818
2025-01-07 15:50:00-05:00,MSFT,410.55,410.62,410.19,410.41,39325
2025-01-07 15:50:00-05:00,NVDA,133.08,133.31,133.03,133.23,32117
2025-01-07 15:50:00-05:00,TSLA,394.49,394.89,394.36,394.74,17086
2025-01-07 15:51:00-05:00,AAPL,242.78,243.01,242.58,242.78,25860
2025-01-07 15:51:00-05:00,MSFT,410.41,410.81,410.31,410.59,6433
2025-01-07 15:51:00-05:00,NVDA,133.23,133.5,133.11,133.44,43653
2025-01-07 15:51:00-05:00,TSLA,394.74,394.94,394.53,394.81,48280
2025-01-07 15:52:00-05:00,AAPL,242.78,243.42,242.56,243.22,34669
2025-01-07 15:52:00-05:00,MSFT,410.59,410.89,410.42,410.75,42104
2025-01-07 15:52:00-05:00,NVDA,133.44,133.48,133.37,133.41,42534
2025-01-07 15:52:00-05:00,TSLA,394.81,395.04,394.61,394.64,44894
2025-01-07 15:53:00-05:00,AAPL,243.22,243.25,242.53,242.71,26078
2025-01-07 15:53:00-05:00,MSFT,410.75,411.26,410.47,410.68,17464
2025-01-07 15:53:00-05:00,NVDA,133.41,133.55,133.38,133.46,41482
2025-01-07 15:53:00-05:00,TSLA,394.64,394.72,394.46,394.71,22205
2025-01-07 15:54:00-05:00,AAPL,242.71,242.82,242.54,242.56,13763
2025-01-07 15:54:00-05:00,MSFT,410.68,410.89,410.49,410.66,9914
2025-01-07 15:54:00-05:00,NVDA,133.46,133.47,133.24,133.35,9456
2025-01-07 15:54:00-05:00,TSLA,394.71,395.16,394.7,394.91,45732
2025-01-07 15:55:00-05:00,AAPL,242.56,242.56,242.52,242.53,36229
2025-01-07 15:55:00-05:00,MSFT,410.66,410.83,409.6,409.9,30175
2025-01-07 15:55:00-05:00,NVDA,133.35,133.45,133.27,133.38,25575
2025-01-07 15:55:00-05:00,TSLA,394.91,395.1,394.47,394.55,8743
2025-01-07 15:56:00-05:00,AAPL,242.53,242.56,242.46,242.56,37045
2025-01-07 15:56:00-05:00,MSFT,409.9,409.98,409.41,409.52,5235
2025-01-07 15:56:00-05:00,NVDA,133.38,133.52,133.36,133.5,19077
2025-01-07 15:56:00-05:00,TSLA,394.55,394.96,394.11,394.73,23836
2025-01-07 15:57:00-05:00,AAPL,242.56,242.84,242.41,242.83,47539
2025-01-07 15:57:00-05:00,MSFT,409.52,409.6,409.23,409.35,5580
2025-01-07 15:57:00-05:00,NVDA,133.5,133.53,133.21,133.28,35199
2025-01-07 15:57:00-05:00,TSLA,394.73,395.02,394.1,394.46,35376
2025-01-07 15:58:00-05:00,AAPL,242.83,242.95,242.48,242.65,34175
2025-01-07 15:58:00-05:00,MSFT,409.35,410.13,409.04,409.88,39411
2025-01-07 15:58:00-05:00,NVDA,133.28,133.31,133.17,133.22,44558
2025-01-07 15:58:00-05:00,TSLA,394.46,394.6,393.88,393.9,29988
2025-01-07 15:59:00-05:00,AAPL,242.65,242.7,242.27,242.37,29666
2025-01-07 15:59:00-05:00,MSFT,409.88,410.08,409.48,410.06,24422
2025-01-07 15:59:00-05:00,NVDA,133.22,133.22,133.19,133.2,12811
2025-01-07 15:59:00-05:00,TSLA,393.9,394.5,393.47,393.6,20612
