task_name	task_dir	context_dir	dockerfile	image
aes-cbc-padding-oracle	/Users/bytedance/CodeField/LiteCoder-Terminal-opencode/aes-cbc-padding-oracle	/Users/bytedance/CodeField/LiteCoder-Terminal-opencode/aes-cbc-padding-oracle/environment	/Users/bytedance/CodeField/LiteCoder-Terminal-opencode/aes-cbc-padding-oracle/environment/Dockerfile.prebuilt	hub.byted.org/dwn_open_docker/litecoder-terminal--aes-cbc-padding-oracle:opencode-1.15.4-cfb13a484329
aes-cbc-pdf-decrypt	/Users/bytedance/CodeField/LiteCoder-Terminal-opencode/aes-cbc-pdf-decrypt	/Users/bytedance/CodeField/LiteCoder-Terminal-opencode/aes-cbc-pdf-decrypt/environment	/Users/bytedance/CodeField/LiteCoder-Terminal-opencode/aes-cbc-pdf-decrypt/environment/Dockerfile.prebuilt	hub.byted.org/dwn_open_docker/litecoder-terminal--aes-cbc-pdf-decrypt:opencode-1.15.4-566a99dd402d
aes-gcm-nonce-reuse-exploit	/Users/bytedance/CodeField/LiteCoder-Terminal-opencode/aes-gcm-nonce-reuse-exploit	/Users/bytedance/CodeField/LiteCoder-Terminal-opencode/aes-gcm-nonce-reuse-exploit/environment	/Users/bytedance/CodeField/LiteCoder-Terminal-opencode/aes-gcm-nonce-reuse-exploit/environment/Dockerfile.prebuilt	hub.byted.org/dwn_open_docker/litecoder-terminal--aes-gcm-nonce-reuse-exploit:opencode-1.15.4-da65264e6981
aes-known-plaintext-recovery	/Users/bytedance/CodeField/LiteCoder-Terminal-opencode/aes-known-plaintext-recovery	/Users/bytedance/CodeField/LiteCoder-Terminal-opencode/aes-known-plaintext-recovery/environment	/Users/bytedance/CodeField/LiteCoder-Terminal-opencode/aes-known-plaintext-recovery/environment/Dockerfile.prebuilt	hub.byted.org/dwn_open_docker/litecoder-terminal--aes-known-plaintext-recovery:opencode-1.15.4-2409a06ff8b8
ag-news-topic-classifier	/Users/bytedance/CodeField/LiteCoder-Terminal-opencode/ag-news-topic-classifier	/Users/bytedance/CodeField/LiteCoder-Terminal-opencode/ag-news-topic-classifier/environment	/Users/bytedance/CodeField/LiteCoder-Terminal-opencode/ag-news-topic-classifier/environment/Dockerfile.prebuilt	hub.byted.org/dwn_open_docker/litecoder-terminal--ag-news-topic-classifier:opencode-1.15.4-719214806ae1
alpine-static-binary-builder	/Users/bytedance/CodeField/LiteCoder-Terminal-opencode/alpine-static-binary-builder	/Users/bytedance/CodeField/LiteCoder-Terminal-opencode/alpine-static-binary-builder/environment	/Users/bytedance/CodeField/LiteCoder-Terminal-opencode/alpine-static-binary-builder/environment/Dockerfile.prebuilt	hub.byted.org/dwn_open_docker/litecoder-terminal--alpine-static-binary-builder:opencode-1.15.4-053536b57442
als-matrix-factorization-recommender	/Users/bytedance/CodeField/LiteCoder-Terminal-opencode/als-matrix-factorization-recommender	/Users/bytedance/CodeField/LiteCoder-Terminal-opencode/als-matrix-factorization-recommender/environment	/Users/bytedance/CodeField/LiteCoder-Terminal-opencode/als-matrix-factorization-recommender/environment/Dockerfile.prebuilt	hub.byted.org/dwn_open_docker/litecoder-terminal--als-matrix-factorization-recommender:opencode-1.15.4-eba232175585
analyze-airport-performance	/Users/bytedance/CodeField/LiteCoder-Terminal-opencode/analyze-airport-performance	/Users/bytedance/CodeField/LiteCoder-Terminal-opencode/analyze-airport-performance/environment	/Users/bytedance/CodeField/LiteCoder-Terminal-opencode/analyze-airport-performance/environment/Dockerfile.prebuilt	hub.byted.org/dwn_open_docker/litecoder-terminal--analyze-airport-performance:opencode-1.15.4-dc1c55c455d2
analyze-global-climate-data	/Users/bytedance/CodeField/LiteCoder-Terminal-opencode/analyze-global-climate-data	/Users/bytedance/CodeField/LiteCoder-Terminal-opencode/analyze-global-climate-data/environment	/Users/bytedance/CodeField/LiteCoder-Terminal-opencode/analyze-global-climate-data/environment/Dockerfile.prebuilt	hub.byted.org/dwn_open_docker/litecoder-terminal--analyze-global-climate-data:opencode-1.15.4-5bec40805f5d
analyze-nyc-citibike-trips	/Users/bytedance/CodeField/LiteCoder-Terminal-opencode/analyze-nyc-citibike-trips	/Users/bytedance/CodeField/LiteCoder-Terminal-opencode/analyze-nyc-citibike-trips/environment	/Users/bytedance/CodeField/LiteCoder-Terminal-opencode/analyze-nyc-citibike-trips/environment/Dockerfile.prebuilt	hub.byted.org/dwn_open_docker/litecoder-terminal--analyze-nyc-citibike-trips:opencode-1.15.4-56ad66aae230
analyze-nyc-taxi-efficiency	/Users/bytedance/CodeField/LiteCoder-Terminal-opencode/analyze-nyc-taxi-efficiency	/Users/bytedance/CodeField/LiteCoder-Terminal-opencode/analyze-nyc-taxi-efficiency/environment	/Users/bytedance/CodeField/LiteCoder-Terminal-opencode/analyze-nyc-taxi-efficiency/environment/Dockerfile.prebuilt	hub.byted.org/dwn_open_docker/litecoder-terminal--analyze-nyc-taxi-efficiency:opencode-1.15.4-5951f8d32660
analyze-retail-sales-data	/Users/bytedance/CodeField/LiteCoder-Terminal-opencode/analyze-retail-sales-data	/Users/bytedance/CodeField/LiteCoder-Terminal-opencode/analyze-retail-sales-data/environment	/Users/bytedance/CodeField/LiteCoder-Terminal-opencode/analyze-retail-sales-data/environment/Dockerfile.prebuilt	hub.byted.org/dwn_open_docker/litecoder-terminal--analyze-retail-sales-data:opencode-1.15.4-e7a9a622e8de
analyze-stock-data-visualize	/Users/bytedance/CodeField/LiteCoder-Terminal-opencode/analyze-stock-data-visualize	/Users/bytedance/CodeField/LiteCoder-Terminal-opencode/analyze-stock-data-visualize/environment	/Users/bytedance/CodeField/LiteCoder-Terminal-opencode/analyze-stock-data-visualize/environment/Dockerfile.prebuilt	hub.byted.org/dwn_open_docker/litecoder-terminal--analyze-stock-data-visualize:opencode-1.15.4-4ce3af22d11e
apache-modsecurity-proxy	/Users/bytedance/CodeField/LiteCoder-Terminal-opencode/apache-modsecurity-proxy	/Users/bytedance/CodeField/LiteCoder-Terminal-opencode/apache-modsecurity-proxy/environment	/Users/bytedance/CodeField/LiteCoder-Terminal-opencode/apache-modsecurity-proxy/environment/Dockerfile.prebuilt	hub.byted.org/dwn_open_docker/litecoder-terminal--apache-modsecurity-proxy:opencode-1.15.4-01f66fe2650a
apache-ssl-vhosts-setup	/Users/bytedance/CodeField/LiteCoder-Terminal-opencode/apache-ssl-vhosts-setup	/Users/bytedance/CodeField/LiteCoder-Terminal-opencode/apache-ssl-vhosts-setup/environment	/Users/bytedance/CodeField/LiteCoder-Terminal-opencode/apache-ssl-vhosts-setup/environment/Dockerfile.prebuilt	hub.byted.org/dwn_open_docker/litecoder-terminal--apache-ssl-vhosts-setup:opencode-1.15.4-7f96d54ac50a
apache-virtual-hosts-setup	/Users/bytedance/CodeField/LiteCoder-Terminal-opencode/apache-virtual-hosts-setup	/Users/bytedance/CodeField/LiteCoder-Terminal-opencode/apache-virtual-hosts-setup/environment	/Users/bytedance/CodeField/LiteCoder-Terminal-opencode/apache-virtual-hosts-setup/environment/Dockerfile.prebuilt	hub.byted.org/dwn_open_docker/litecoder-terminal--apache-virtual-hosts-setup:opencode-1.15.4-6ad32f05b356
apache-websocket-reverse-proxy	/Users/bytedance/CodeField/LiteCoder-Terminal-opencode/apache-websocket-reverse-proxy	/Users/bytedance/CodeField/LiteCoder-Terminal-opencode/apache-websocket-reverse-proxy/environment	/Users/bytedance/CodeField/LiteCoder-Terminal-opencode/apache-websocket-reverse-proxy/environment/Dockerfile.prebuilt	hub.byted.org/dwn_open_docker/litecoder-terminal--apache-websocket-reverse-proxy:opencode-1.15.4-2576779375aa
arm-cortex-m4-cross-compile	/Users/bytedance/CodeField/LiteCoder-Terminal-opencode/arm-cortex-m4-cross-compile	/Users/bytedance/CodeField/LiteCoder-Terminal-opencode/arm-cortex-m4-cross-compile/environment	/Users/bytedance/CodeField/LiteCoder-Terminal-opencode/arm-cortex-m4-cross-compile/environment/Dockerfile.prebuilt	hub.byted.org/dwn_open_docker/litecoder-terminal--arm-cortex-m4-cross-compile:opencode-1.15.4-d24e427efcf4
arm-cortex-m4-linker-script	/Users/bytedance/CodeField/LiteCoder-Terminal-opencode/arm-cortex-m4-linker-script	/Users/bytedance/CodeField/LiteCoder-Terminal-opencode/arm-cortex-m4-linker-script/environment	/Users/bytedance/CodeField/LiteCoder-Terminal-opencode/arm-cortex-m4-linker-script/environment/Dockerfile.prebuilt	hub.byted.org/dwn_open_docker/litecoder-terminal--arm-cortex-m4-linker-script:opencode-1.15.4-0ba02c22ca38
arm-cross-compiler-dockerfile	/Users/bytedance/CodeField/LiteCoder-Terminal-opencode/arm-cross-compiler-dockerfile	/Users/bytedance/CodeField/LiteCoder-Terminal-opencode/arm-cross-compiler-dockerfile/environment	/Users/bytedance/CodeField/LiteCoder-Terminal-opencode/arm-cross-compiler-dockerfile/environment/Dockerfile.prebuilt	hub.byted.org/dwn_open_docker/litecoder-terminal--arm-cross-compiler-dockerfile:opencode-1.15.4-6ec81f129077
arm64-cross-compile-setup	/Users/bytedance/CodeField/LiteCoder-Terminal-opencode/arm64-cross-compile-setup	/Users/bytedance/CodeField/LiteCoder-Terminal-opencode/arm64-cross-compile-setup/environment	/Users/bytedance/CodeField/LiteCoder-Terminal-opencode/arm64-cross-compile-setup/environment/Dockerfile.prebuilt	hub.byted.org/dwn_open_docker/litecoder-terminal--arm64-cross-compile-setup:opencode-1.15.4-795509fc4e76
arm64-cross-toolchain-builder	/Users/bytedance/CodeField/LiteCoder-Terminal-opencode/arm64-cross-toolchain-builder	/Users/bytedance/CodeField/LiteCoder-Terminal-opencode/arm64-cross-toolchain-builder/environment	/Users/bytedance/CodeField/LiteCoder-Terminal-opencode/arm64-cross-toolchain-builder/environment/Dockerfile.prebuilt	hub.byted.org/dwn_open_docker/litecoder-terminal--arm64-cross-toolchain-builder:opencode-1.15.4-020dcdae5e8a
arm64-rootfs-python-builder	/Users/bytedance/CodeField/LiteCoder-Terminal-opencode/arm64-rootfs-python-builder	/Users/bytedance/CodeField/LiteCoder-Terminal-opencode/arm64-rootfs-python-builder/environment	/Users/bytedance/CodeField/LiteCoder-Terminal-opencode/arm64-rootfs-python-builder/environment/Dockerfile.prebuilt	hub.byted.org/dwn_open_docker/litecoder-terminal--arm64-rootfs-python-builder:opencode-1.15.4-c79956ad77dd
audio-genre-cnn-pytorch	/Users/bytedance/CodeField/LiteCoder-Terminal-opencode/audio-genre-cnn-pytorch	/Users/bytedance/CodeField/LiteCoder-Terminal-opencode/audio-genre-cnn-pytorch/environment	/Users/bytedance/CodeField/LiteCoder-Terminal-opencode/audio-genre-cnn-pytorch/environment/Dockerfile.prebuilt	hub.byted.org/dwn_open_docker/litecoder-terminal--audio-genre-cnn-pytorch:opencode-1.15.4-0f7cf933c6db
audit-release-branch-commits	/Users/bytedance/CodeField/LiteCoder-Terminal-opencode/audit-release-branch-commits	/Users/bytedance/CodeField/LiteCoder-Terminal-opencode/audit-release-branch-commits/environment	/Users/bytedance/CodeField/LiteCoder-Terminal-opencode/audit-release-branch-commits/environment/Dockerfile.prebuilt	hub.byted.org/dwn_open_docker/litecoder-terminal--audit-release-branch-commits:opencode-1.15.4-da18056a638d
audit-users-harden-ssh	/Users/bytedance/CodeField/LiteCoder-Terminal-opencode/audit-users-harden-ssh	/Users/bytedance/CodeField/LiteCoder-Terminal-opencode/audit-users-harden-ssh/environment	/Users/bytedance/CodeField/LiteCoder-Terminal-opencode/audit-users-harden-ssh/environment/Dockerfile.prebuilt	hub.byted.org/dwn_open_docker/litecoder-terminal--audit-users-harden-ssh:opencode-1.15.4-4cb9222c0111
automate-git-bisect-bug	/Users/bytedance/CodeField/LiteCoder-Terminal-opencode/automate-git-bisect-bug	/Users/bytedance/CodeField/LiteCoder-Terminal-opencode/automate-git-bisect-bug/environment	/Users/bytedance/CodeField/LiteCoder-Terminal-opencode/automate-git-bisect-bug/environment/Dockerfile.prebuilt	hub.byted.org/dwn_open_docker/litecoder-terminal--automate-git-bisect-bug:opencode-1.15.4-cc315d88091e
automate-user-permission-setup	/Users/bytedance/CodeField/LiteCoder-Terminal-opencode/automate-user-permission-setup	/Users/bytedance/CodeField/LiteCoder-Terminal-opencode/automate-user-permission-setup/environment	/Users/bytedance/CodeField/LiteCoder-Terminal-opencode/automate-user-permission-setup/environment/Dockerfile.prebuilt	hub.byted.org/dwn_open_docker/litecoder-terminal--automate-user-permission-setup:opencode-1.15.4-970cdf9be300
automated-offsite-backup-system	/Users/bytedance/CodeField/LiteCoder-Terminal-opencode/automated-offsite-backup-system	/Users/bytedance/CodeField/LiteCoder-Terminal-opencode/automated-offsite-backup-system/environment	/Users/bytedance/CodeField/LiteCoder-Terminal-opencode/automated-offsite-backup-system/environment/Dockerfile.prebuilt	hub.byted.org/dwn_open_docker/litecoder-terminal--automated-offsite-backup-system:opencode-1.15.4-18afa87394c7
automated-rsync-sync-pipeline	/Users/bytedance/CodeField/LiteCoder-Terminal-opencode/automated-rsync-sync-pipeline	/Users/bytedance/CodeField/LiteCoder-Terminal-opencode/automated-rsync-sync-pipeline/environment	/Users/bytedance/CodeField/LiteCoder-Terminal-opencode/automated-rsync-sync-pipeline/environment/Dockerfile.prebuilt	hub.byted.org/dwn_open_docker/litecoder-terminal--automated-rsync-sync-pipeline:opencode-1.15.4-707159c42b34
autotools-libmini-conversion	/Users/bytedance/CodeField/LiteCoder-Terminal-opencode/autotools-libmini-conversion	/Users/bytedance/CodeField/LiteCoder-Terminal-opencode/autotools-libmini-conversion/environment	/Users/bytedance/CodeField/LiteCoder-Terminal-opencode/autotools-libmini-conversion/environment/Dockerfile.prebuilt	hub.byted.org/dwn_open_docker/litecoder-terminal--autotools-libmini-conversion:opencode-1.15.4-0e49ce34cb3f
autotools-migration-libxcalc	/Users/bytedance/CodeField/LiteCoder-Terminal-opencode/autotools-migration-libxcalc	/Users/bytedance/CodeField/LiteCoder-Terminal-opencode/autotools-migration-libxcalc/environment	/Users/bytedance/CodeField/LiteCoder-Terminal-opencode/autotools-migration-libxcalc/environment/Dockerfile.prebuilt	hub.byted.org/dwn_open_docker/litecoder-terminal--autotools-migration-libxcalc:opencode-1.15.4-f1e027361715
bert-news-classification-pipeline	/Users/bytedance/CodeField/LiteCoder-Terminal-opencode/bert-news-classification-pipeline	/Users/bytedance/CodeField/LiteCoder-Terminal-opencode/bert-news-classification-pipeline/environment	/Users/bytedance/CodeField/LiteCoder-Terminal-opencode/bert-news-classification-pipeline/environment/Dockerfile.prebuilt	hub.byted.org/dwn_open_docker/litecoder-terminal--bert-news-classification-pipeline:opencode-1.15.4-970cdf9be300
bidirectional-file-sync-recovery	/Users/bytedance/CodeField/LiteCoder-Terminal-opencode/bidirectional-file-sync-recovery	/Users/bytedance/CodeField/LiteCoder-Terminal-opencode/bidirectional-file-sync-recovery/environment	/Users/bytedance/CodeField/LiteCoder-Terminal-opencode/bidirectional-file-sync-recovery/environment/Dockerfile.prebuilt	hub.byted.org/dwn_open_docker/litecoder-terminal--bidirectional-file-sync-recovery:opencode-1.15.4-04ca900642db
bikeshare-demand-forecast	/Users/bytedance/CodeField/LiteCoder-Terminal-opencode/bikeshare-demand-forecast	/Users/bytedance/CodeField/LiteCoder-Terminal-opencode/bikeshare-demand-forecast/environment	/Users/bytedance/CodeField/LiteCoder-Terminal-opencode/bikeshare-demand-forecast/environment/Dockerfile.prebuilt	hub.byted.org/dwn_open_docker/litecoder-terminal--bikeshare-demand-forecast:opencode-1.15.4-f9ac3529f59b
bind9-apache-vhost-setup	/Users/bytedance/CodeField/LiteCoder-Terminal-opencode/bind9-apache-vhost-setup	/Users/bytedance/CodeField/LiteCoder-Terminal-opencode/bind9-apache-vhost-setup/environment	/Users/bytedance/CodeField/LiteCoder-Terminal-opencode/bind9-apache-vhost-setup/environment/Dockerfile.prebuilt	hub.byted.org/dwn_open_docker/litecoder-terminal--bind9-apache-vhost-setup:opencode-1.15.4-4dfa9e02378e
bind9-to-powerdns-migration	/Users/bytedance/CodeField/LiteCoder-Terminal-opencode/bind9-to-powerdns-migration	/Users/bytedance/CodeField/LiteCoder-Terminal-opencode/bind9-to-powerdns-migration/environment	/Users/bytedance/CodeField/LiteCoder-Terminal-opencode/bind9-to-powerdns-migration/environment/Dockerfile.prebuilt	hub.byted.org/dwn_open_docker/litecoder-terminal--bind9-to-powerdns-migration:opencode-1.15.4-47a5cea624ef
bitcoin-price-moving-average	/Users/bytedance/CodeField/LiteCoder-Terminal-opencode/bitcoin-price-moving-average	/Users/bytedance/CodeField/LiteCoder-Terminal-opencode/bitcoin-price-moving-average/environment	/Users/bytedance/CodeField/LiteCoder-Terminal-opencode/bitcoin-price-moving-average/environment/Dockerfile.prebuilt	hub.byted.org/dwn_open_docker/litecoder-terminal--bitcoin-price-moving-average:opencode-1.15.4-3d63e5bcb28c
bitcoin-sentiment-score-pipeline	/Users/bytedance/CodeField/LiteCoder-Terminal-opencode/bitcoin-sentiment-score-pipeline	/Users/bytedance/CodeField/LiteCoder-Terminal-opencode/bitcoin-sentiment-score-pipeline/environment	/Users/bytedance/CodeField/LiteCoder-Terminal-opencode/bitcoin-sentiment-score-pipeline/environment/Dockerfile.prebuilt	hub.byted.org/dwn_open_docker/litecoder-terminal--bitcoin-sentiment-score-pipeline:opencode-1.15.4-ff512fddc298
bootstrap-arm-gcc-toolchain	/Users/bytedance/CodeField/LiteCoder-Terminal-opencode/bootstrap-arm-gcc-toolchain	/Users/bytedance/CodeField/LiteCoder-Terminal-opencode/bootstrap-arm-gcc-toolchain/environment	/Users/bytedance/CodeField/LiteCoder-Terminal-opencode/bootstrap-arm-gcc-toolchain/environment/Dockerfile.prebuilt	hub.byted.org/dwn_open_docker/litecoder-terminal--bootstrap-arm-gcc-toolchain:opencode-1.15.4-b1012658081e
brute-force-des-key-recovery	/Users/bytedance/CodeField/LiteCoder-Terminal-opencode/brute-force-des-key-recovery	/Users/bytedance/CodeField/LiteCoder-Terminal-opencode/brute-force-des-key-recovery/environment	/Users/bytedance/CodeField/LiteCoder-Terminal-opencode/brute-force-des-key-recovery/environment/Dockerfile.prebuilt	hub.byted.org/dwn_open_docker/litecoder-terminal--brute-force-des-key-recovery:opencode-1.15.4-10711d0a5eaa
brute-force-key-recovery	/Users/bytedance/CodeField/LiteCoder-Terminal-opencode/brute-force-key-recovery	/Users/bytedance/CodeField/LiteCoder-Terminal-opencode/brute-force-key-recovery/environment	/Users/bytedance/CodeField/LiteCoder-Terminal-opencode/brute-force-key-recovery/environment/Dockerfile.prebuilt	hub.byted.org/dwn_open_docker/litecoder-terminal--brute-force-key-recovery:opencode-1.15.4-374afd49eea8
budget-expense-analysis	/Users/bytedance/CodeField/LiteCoder-Terminal-opencode/budget-expense-analysis	/Users/bytedance/CodeField/LiteCoder-Terminal-opencode/budget-expense-analysis/environment	/Users/bytedance/CodeField/LiteCoder-Terminal-opencode/budget-expense-analysis/environment/Dockerfile.prebuilt	hub.byted.org/dwn_open_docker/litecoder-terminal--budget-expense-analysis:opencode-1.15.4-6eccb81183a2
build-arm-cross-compiler	/Users/bytedance/CodeField/LiteCoder-Terminal-opencode/build-arm-cross-compiler	/Users/bytedance/CodeField/LiteCoder-Terminal-opencode/build-arm-cross-compiler/environment	/Users/bytedance/CodeField/LiteCoder-Terminal-opencode/build-arm-cross-compiler/environment/Dockerfile.prebuilt	hub.byted.org/dwn_open_docker/litecoder-terminal--build-arm-cross-compiler:opencode-1.15.4-33c58463c393
build-arm64-cross-compiler	/Users/bytedance/CodeField/LiteCoder-Terminal-opencode/build-arm64-cross-compiler	/Users/bytedance/CodeField/LiteCoder-Terminal-opencode/build-arm64-cross-compiler/environment	/Users/bytedance/CodeField/LiteCoder-Terminal-opencode/build-arm64-cross-compiler/environment/Dockerfile.prebuilt	hub.byted.org/dwn_open_docker/litecoder-terminal--build-arm64-cross-compiler:opencode-1.15.4-3ac7a47f50f9
build-armv7-cross-toolchain	/Users/bytedance/CodeField/LiteCoder-Terminal-opencode/build-armv7-cross-toolchain	/Users/bytedance/CodeField/LiteCoder-Terminal-opencode/build-armv7-cross-toolchain/environment	/Users/bytedance/CodeField/LiteCoder-Terminal-opencode/build-armv7-cross-toolchain/environment/Dockerfile.prebuilt	hub.byted.org/dwn_open_docker/litecoder-terminal--build-armv7-cross-toolchain:opencode-1.15.4-970cdf9be300
build-c-static-library	/Users/bytedance/CodeField/LiteCoder-Terminal-opencode/build-c-static-library	/Users/bytedance/CodeField/LiteCoder-Terminal-opencode/build-c-static-library/environment	/Users/bytedance/CodeField/LiteCoder-Terminal-opencode/build-c-static-library/environment/Dockerfile.prebuilt	hub.byted.org/dwn_open_docker/litecoder-terminal--build-c-static-library:opencode-1.15.4-2398cc6b5630
build-cpu-pytorch-mkl-wheel	/Users/bytedance/CodeField/LiteCoder-Terminal-opencode/build-cpu-pytorch-mkl-wheel	/Users/bytedance/CodeField/LiteCoder-Terminal-opencode/build-cpu-pytorch-mkl-wheel/environment	/Users/bytedance/CodeField/LiteCoder-Terminal-opencode/build-cpu-pytorch-mkl-wheel/environment/Dockerfile.prebuilt	hub.byted.org/dwn_open_docker/litecoder-terminal--build-cpu-pytorch-mkl-wheel:opencode-1.15.4-12120d02cbb2
build-debian-package-repo	/Users/bytedance/CodeField/LiteCoder-Terminal-opencode/build-debian-package-repo	/Users/bytedance/CodeField/LiteCoder-Terminal-opencode/build-debian-package-repo/environment	/Users/bytedance/CodeField/LiteCoder-Terminal-opencode/build-debian-package-repo/environment/Dockerfile.prebuilt	hub.byted.org/dwn_open_docker/litecoder-terminal--build-debian-package-repo:opencode-1.15.4-d7c5fe722647
build-gcc-arm-cross-compiler	/Users/bytedance/CodeField/LiteCoder-Terminal-opencode/build-gcc-arm-cross-compiler	/Users/bytedance/CodeField/LiteCoder-Terminal-opencode/build-gcc-arm-cross-compiler/environment	/Users/bytedance/CodeField/LiteCoder-Terminal-opencode/build-gcc-arm-cross-compiler/environment/Dockerfile.prebuilt	hub.byted.org/dwn_open_docker/litecoder-terminal--build-gcc-arm-cross-compiler:opencode-1.15.4-2398cc6b5630
build-git-from-source	/Users/bytedance/CodeField/LiteCoder-Terminal-opencode/build-git-from-source	/Users/bytedance/CodeField/LiteCoder-Terminal-opencode/build-git-from-source/environment	/Users/bytedance/CodeField/LiteCoder-Terminal-opencode/build-git-from-source/environment/Dockerfile.prebuilt	hub.byted.org/dwn_open_docker/litecoder-terminal--build-git-from-source:opencode-1.15.4-2398cc6b5630
build-git-from-source__sample_0572_c92cd76d	/Users/bytedance/CodeField/LiteCoder-Terminal-opencode/build-git-from-source__sample_0572_c92cd76d	/Users/bytedance/CodeField/LiteCoder-Terminal-opencode/build-git-from-source__sample_0572_c92cd76d/environment	/Users/bytedance/CodeField/LiteCoder-Terminal-opencode/build-git-from-source__sample_0572_c92cd76d/environment/Dockerfile.prebuilt	hub.byted.org/dwn_open_docker/litecoder-terminal--build-git-from-source__sample_0572_c92cd76d:opencode-1.15.4-2398cc6b5630
build-glibc-from-source	/Users/bytedance/CodeField/LiteCoder-Terminal-opencode/build-glibc-from-source	/Users/bytedance/CodeField/LiteCoder-Terminal-opencode/build-glibc-from-source/environment	/Users/bytedance/CodeField/LiteCoder-Terminal-opencode/build-glibc-from-source/environment/Dockerfile.prebuilt	hub.byted.org/dwn_open_docker/litecoder-terminal--build-glibc-from-source:opencode-1.15.4-2398cc6b5630
build-go-hello-binary	/Users/bytedance/CodeField/LiteCoder-Terminal-opencode/build-go-hello-binary	/Users/bytedance/CodeField/LiteCoder-Terminal-opencode/build-go-hello-binary/environment	/Users/bytedance/CodeField/LiteCoder-Terminal-opencode/build-go-hello-binary/environment/Dockerfile.prebuilt	hub.byted.org/dwn_open_docker/litecoder-terminal--build-go-hello-binary:opencode-1.15.4-2e90c9d8f0a9
build-install-test-tcc	/Users/bytedance/CodeField/LiteCoder-Terminal-opencode/build-install-test-tcc	/Users/bytedance/CodeField/LiteCoder-Terminal-opencode/build-install-test-tcc/environment	/Users/bytedance/CodeField/LiteCoder-Terminal-opencode/build-install-test-tcc/environment/Dockerfile.prebuilt	hub.byted.org/dwn_open_docker/litecoder-terminal--build-install-test-tcc:opencode-1.15.4-b2fcff10b02a
build-lldb-python-scripts	/Users/bytedance/CodeField/LiteCoder-Terminal-opencode/build-lldb-python-scripts	/Users/bytedance/CodeField/LiteCoder-Terminal-opencode/build-lldb-python-scripts/environment	/Users/bytedance/CodeField/LiteCoder-Terminal-opencode/build-lldb-python-scripts/environment/Dockerfile.prebuilt	hub.byted.org/dwn_open_docker/litecoder-terminal--build-lldb-python-scripts:opencode-1.15.4-970cdf9be300
build-lua54-shared-library	/Users/bytedance/CodeField/LiteCoder-Terminal-opencode/build-lua54-shared-library	/Users/bytedance/CodeField/LiteCoder-Terminal-opencode/build-lua54-shared-library/environment	/Users/bytedance/CodeField/LiteCoder-Terminal-opencode/build-lua54-shared-library/environment/Dockerfile.prebuilt	hub.byted.org/dwn_open_docker/litecoder-terminal--build-lua54-shared-library:opencode-1.15.4-946871aa780a
build-minimal-linux-iso	/Users/bytedance/CodeField/LiteCoder-Terminal-opencode/build-minimal-linux-iso	/Users/bytedance/CodeField/LiteCoder-Terminal-opencode/build-minimal-linux-iso/environment	/Users/bytedance/CodeField/LiteCoder-Terminal-opencode/build-minimal-linux-iso/environment/Dockerfile.prebuilt	hub.byted.org/dwn_open_docker/litecoder-terminal--build-minimal-linux-iso:opencode-1.15.4-020dcdae5e8a
build-multiarch-static-gmp	/Users/bytedance/CodeField/LiteCoder-Terminal-opencode/build-multiarch-static-gmp	/Users/bytedance/CodeField/LiteCoder-Terminal-opencode/build-multiarch-static-gmp/environment	/Users/bytedance/CodeField/LiteCoder-Terminal-opencode/build-multiarch-static-gmp/environment/Dockerfile.prebuilt	hub.byted.org/dwn_open_docker/litecoder-terminal--build-multiarch-static-gmp:opencode-1.15.4-bfcf1bd17e4a
build-musl-static-hello	/Users/bytedance/CodeField/LiteCoder-Terminal-opencode/build-musl-static-hello	/Users/bytedance/CodeField/LiteCoder-Terminal-opencode/build-musl-static-hello/environment	/Users/bytedance/CodeField/LiteCoder-Terminal-opencode/build-musl-static-hello/environment/Dockerfile.prebuilt	hub.byted.org/dwn_open_docker/litecoder-terminal--build-musl-static-hello:opencode-1.15.4-2398cc6b5630
build-mysql-with-jemalloc	/Users/bytedance/CodeField/LiteCoder-Terminal-opencode/build-mysql-with-jemalloc	/Users/bytedance/CodeField/LiteCoder-Terminal-opencode/build-mysql-with-jemalloc/environment	/Users/bytedance/CodeField/LiteCoder-Terminal-opencode/build-mysql-with-jemalloc/environment/Dockerfile.prebuilt	hub.byted.org/dwn_open_docker/litecoder-terminal--build-mysql-with-jemalloc:opencode-1.15.4-9f0a3f40427e
build-openssl-gost-engine	/Users/bytedance/CodeField/LiteCoder-Terminal-opencode/build-openssl-gost-engine	/Users/bytedance/CodeField/LiteCoder-Terminal-opencode/build-openssl-gost-engine/environment	/Users/bytedance/CodeField/LiteCoder-Terminal-opencode/build-openssl-gost-engine/environment/Dockerfile.prebuilt	hub.byted.org/dwn_open_docker/litecoder-terminal--build-openssl-gost-engine:opencode-1.15.4-946871aa780a
build-python-deb-package	/Users/bytedance/CodeField/LiteCoder-Terminal-opencode/build-python-deb-package	/Users/bytedance/CodeField/LiteCoder-Terminal-opencode/build-python-deb-package/environment	/Users/bytedance/CodeField/LiteCoder-Terminal-opencode/build-python-deb-package/environment/Dockerfile.prebuilt	hub.byted.org/dwn_open_docker/litecoder-terminal--build-python-deb-package:opencode-1.15.4-946871aa780a
build-python312-from-source	/Users/bytedance/CodeField/LiteCoder-Terminal-opencode/build-python312-from-source	/Users/bytedance/CodeField/LiteCoder-Terminal-opencode/build-python312-from-source/environment	/Users/bytedance/CodeField/LiteCoder-Terminal-opencode/build-python312-from-source/environment/Dockerfile.prebuilt	hub.byted.org/dwn_open_docker/litecoder-terminal--build-python312-from-source:opencode-1.15.4-970cdf9be300
build-python312-scientific-env	/Users/bytedance/CodeField/LiteCoder-Terminal-opencode/build-python312-scientific-env	/Users/bytedance/CodeField/LiteCoder-Terminal-opencode/build-python312-scientific-env/environment	/Users/bytedance/CodeField/LiteCoder-Terminal-opencode/build-python312-scientific-env/environment/Dockerfile.prebuilt	hub.byted.org/dwn_open_docker/litecoder-terminal--build-python312-scientific-env:opencode-1.15.4-970cdf9be300
build-qemu-from-source	/Users/bytedance/CodeField/LiteCoder-Terminal-opencode/build-qemu-from-source	/Users/bytedance/CodeField/LiteCoder-Terminal-opencode/build-qemu-from-source/environment	/Users/bytedance/CodeField/LiteCoder-Terminal-opencode/build-qemu-from-source/environment/Dockerfile.prebuilt	hub.byted.org/dwn_open_docker/litecoder-terminal--build-qemu-from-source:opencode-1.15.4-4ab91f78943c
build-static-ffmpeg-binary	/Users/bytedance/CodeField/LiteCoder-Terminal-opencode/build-static-ffmpeg-binary	/Users/bytedance/CodeField/LiteCoder-Terminal-opencode/build-static-ffmpeg-binary/environment	/Users/bytedance/CodeField/LiteCoder-Terminal-opencode/build-static-ffmpeg-binary/environment/Dockerfile.prebuilt	hub.byted.org/dwn_open_docker/litecoder-terminal--build-static-ffmpeg-binary:opencode-1.15.4-568a8113e8b9
build-static-ffmpeg-fdk-aac	/Users/bytedance/CodeField/LiteCoder-Terminal-opencode/build-static-ffmpeg-fdk-aac	/Users/bytedance/CodeField/LiteCoder-Terminal-opencode/build-static-ffmpeg-fdk-aac/environment	/Users/bytedance/CodeField/LiteCoder-Terminal-opencode/build-static-ffmpeg-fdk-aac/environment/Dockerfile.prebuilt	hub.byted.org/dwn_open_docker/litecoder-terminal--build-static-ffmpeg-fdk-aac:opencode-1.15.4-970cdf9be300
build-static-ffmpeg-h265	/Users/bytedance/CodeField/LiteCoder-Terminal-opencode/build-static-ffmpeg-h265	/Users/bytedance/CodeField/LiteCoder-Terminal-opencode/build-static-ffmpeg-h265/environment	/Users/bytedance/CodeField/LiteCoder-Terminal-opencode/build-static-ffmpeg-h265/environment/Dockerfile.prebuilt	hub.byted.org/dwn_open_docker/litecoder-terminal--build-static-ffmpeg-h265:opencode-1.15.4-970cdf9be300
build-static-ffmpeg-vmaf	/Users/bytedance/CodeField/LiteCoder-Terminal-opencode/build-static-ffmpeg-vmaf	/Users/bytedance/CodeField/LiteCoder-Terminal-opencode/build-static-ffmpeg-vmaf/environment	/Users/bytedance/CodeField/LiteCoder-Terminal-opencode/build-static-ffmpeg-vmaf/environment/Dockerfile.prebuilt	hub.byted.org/dwn_open_docker/litecoder-terminal--build-static-ffmpeg-vmaf:opencode-1.15.4-5e92dd947fa0
build-static-qt-toolkit	/Users/bytedance/CodeField/LiteCoder-Terminal-opencode/build-static-qt-toolkit	/Users/bytedance/CodeField/LiteCoder-Terminal-opencode/build-static-qt-toolkit/environment	/Users/bytedance/CodeField/LiteCoder-Terminal-opencode/build-static-qt-toolkit/environment/Dockerfile.prebuilt	hub.byted.org/dwn_open_docker/litecoder-terminal--build-static-qt-toolkit:opencode-1.15.4-2398cc6b5630
build-wasi-hello-wasm	/Users/bytedance/CodeField/LiteCoder-Terminal-opencode/build-wasi-hello-wasm	/Users/bytedance/CodeField/LiteCoder-Terminal-opencode/build-wasi-hello-wasm/environment	/Users/bytedance/CodeField/LiteCoder-Terminal-opencode/build-wasi-hello-wasm/environment/Dockerfile.prebuilt	hub.byted.org/dwn_open_docker/litecoder-terminal--build-wasi-hello-wasm:opencode-1.15.4-946871aa780a
buildroot-arm64-kernel-module	/Users/bytedance/CodeField/LiteCoder-Terminal-opencode/buildroot-arm64-kernel-module	/Users/bytedance/CodeField/LiteCoder-Terminal-opencode/buildroot-arm64-kernel-module/environment	/Users/bytedance/CodeField/LiteCoder-Terminal-opencode/buildroot-arm64-kernel-module/environment/Dockerfile.prebuilt	hub.byted.org/dwn_open_docker/litecoder-terminal--buildroot-arm64-kernel-module:opencode-1.15.4-2398cc6b5630
buildroot-riscv-pipeline-setup	/Users/bytedance/CodeField/LiteCoder-Terminal-opencode/buildroot-riscv-pipeline-setup	/Users/bytedance/CodeField/LiteCoder-Terminal-opencode/buildroot-riscv-pipeline-setup/environment	/Users/bytedance/CodeField/LiteCoder-Terminal-opencode/buildroot-riscv-pipeline-setup/environment/Dockerfile.prebuilt	hub.byted.org/dwn_open_docker/litecoder-terminal--buildroot-riscv-pipeline-setup:opencode-1.15.4-d0e44d896183
c-library-compile-link-analysis	/Users/bytedance/CodeField/LiteCoder-Terminal-opencode/c-library-compile-link-analysis	/Users/bytedance/CodeField/LiteCoder-Terminal-opencode/c-library-compile-link-analysis/environment	/Users/bytedance/CodeField/LiteCoder-Terminal-opencode/c-library-compile-link-analysis/environment/Dockerfile.prebuilt	hub.byted.org/dwn_open_docker/litecoder-terminal--c-library-compile-link-analysis:opencode-1.15.4-946871aa780a
c-memory-tracking-library	/Users/bytedance/CodeField/LiteCoder-Terminal-opencode/c-memory-tracking-library	/Users/bytedance/CodeField/LiteCoder-Terminal-opencode/c-memory-tracking-library/environment	/Users/bytedance/CodeField/LiteCoder-Terminal-opencode/c-memory-tracking-library/environment/Dockerfile.prebuilt	hub.byted.org/dwn_open_docker/litecoder-terminal--c-memory-tracking-library:opencode-1.15.4-946871aa780a
california-wildfire-psps-analysis	/Users/bytedance/CodeField/LiteCoder-Terminal-opencode/california-wildfire-psps-analysis	/Users/bytedance/CodeField/LiteCoder-Terminal-opencode/california-wildfire-psps-analysis/environment	/Users/bytedance/CodeField/LiteCoder-Terminal-opencode/california-wildfire-psps-analysis/environment/Dockerfile.prebuilt	hub.byted.org/dwn_open_docker/litecoder-terminal--california-wildfire-psps-analysis:opencode-1.15.4-0dcd5ac33bf6
chicago-salary-data-analysis	/Users/bytedance/CodeField/LiteCoder-Terminal-opencode/chicago-salary-data-analysis	/Users/bytedance/CodeField/LiteCoder-Terminal-opencode/chicago-salary-data-analysis/environment	/Users/bytedance/CodeField/LiteCoder-Terminal-opencode/chicago-salary-data-analysis/environment/Dockerfile.prebuilt	hub.byted.org/dwn_open_docker/litecoder-terminal--chicago-salary-data-analysis:opencode-1.15.4-8c7195f331d2
churn-prediction-imbalanced-data	/Users/bytedance/CodeField/LiteCoder-Terminal-opencode/churn-prediction-imbalanced-data	/Users/bytedance/CodeField/LiteCoder-Terminal-opencode/churn-prediction-imbalanced-data/environment	/Users/bytedance/CodeField/LiteCoder-Terminal-opencode/churn-prediction-imbalanced-data/environment/Dockerfile.prebuilt	hub.byted.org/dwn_open_docker/litecoder-terminal--churn-prediction-imbalanced-data:opencode-1.15.4-020dcdae5e8a
cifar10-cnn-visualizer	/Users/bytedance/CodeField/LiteCoder-Terminal-opencode/cifar10-cnn-visualizer	/Users/bytedance/CodeField/LiteCoder-Terminal-opencode/cifar10-cnn-visualizer/environment	/Users/bytedance/CodeField/LiteCoder-Terminal-opencode/cifar10-cnn-visualizer/environment/Dockerfile.prebuilt	hub.byted.org/dwn_open_docker/litecoder-terminal--cifar10-cnn-visualizer:opencode-1.15.4-835672f1e937
cifar10-cpu-classification-pipeline	/Users/bytedance/CodeField/LiteCoder-Terminal-opencode/cifar10-cpu-classification-pipeline	/Users/bytedance/CodeField/LiteCoder-Terminal-opencode/cifar10-cpu-classification-pipeline/environment	/Users/bytedance/CodeField/LiteCoder-Terminal-opencode/cifar10-cpu-classification-pipeline/environment/Dockerfile.prebuilt	hub.byted.org/dwn_open_docker/litecoder-terminal--cifar10-cpu-classification-pipeline:opencode-1.15.4-91831abd4744
cifar10-custom-cnn	/Users/bytedance/CodeField/LiteCoder-Terminal-opencode/cifar10-custom-cnn	/Users/bytedance/CodeField/LiteCoder-Terminal-opencode/cifar10-custom-cnn/environment	/Users/bytedance/CodeField/LiteCoder-Terminal-opencode/cifar10-custom-cnn/environment/Dockerfile.prebuilt	hub.byted.org/dwn_open_docker/litecoder-terminal--cifar10-custom-cnn:opencode-1.15.4-7dcc4e6373c5
cifar100-densenet-training	/Users/bytedance/CodeField/LiteCoder-Terminal-opencode/cifar100-densenet-training	/Users/bytedance/CodeField/LiteCoder-Terminal-opencode/cifar100-densenet-training/environment	/Users/bytedance/CodeField/LiteCoder-Terminal-opencode/cifar100-densenet-training/environment/Dockerfile.prebuilt	hub.byted.org/dwn_open_docker/litecoder-terminal--cifar100-densenet-training:opencode-1.15.4-7702afd2db11
clang-tidy-cmake-setup	/Users/bytedance/CodeField/LiteCoder-Terminal-opencode/clang-tidy-cmake-setup	/Users/bytedance/CodeField/LiteCoder-Terminal-opencode/clang-tidy-cmake-setup/environment	/Users/bytedance/CodeField/LiteCoder-Terminal-opencode/clang-tidy-cmake-setup/environment/Dockerfile.prebuilt	hub.byted.org/dwn_open_docker/litecoder-terminal--clang-tidy-cmake-setup:opencode-1.15.4-65b8f8aa7672
clean-git-history-surgery	/Users/bytedance/CodeField/LiteCoder-Terminal-opencode/clean-git-history-surgery	/Users/bytedance/CodeField/LiteCoder-Terminal-opencode/clean-git-history-surgery/environment	/Users/bytedance/CodeField/LiteCoder-Terminal-opencode/clean-git-history-surgery/environment/Dockerfile.prebuilt	hub.byted.org/dwn_open_docker/litecoder-terminal--clean-git-history-surgery:opencode-1.15.4-3ccaf2b4e4d6
cleanup-git-repo-history	/Users/bytedance/CodeField/LiteCoder-Terminal-opencode/cleanup-git-repo-history	/Users/bytedance/CodeField/LiteCoder-Terminal-opencode/cleanup-git-repo-history/environment	/Users/bytedance/CodeField/LiteCoder-Terminal-opencode/cleanup-git-repo-history/environment/Dockerfile.prebuilt	hub.byted.org/dwn_open_docker/litecoder-terminal--cleanup-git-repo-history:opencode-1.15.4-dd7a2894dd3c
cmake-c-math-library	/Users/bytedance/CodeField/LiteCoder-Terminal-opencode/cmake-c-math-library	/Users/bytedance/CodeField/LiteCoder-Terminal-opencode/cmake-c-math-library/environment	/Users/bytedance/CodeField/LiteCoder-Terminal-opencode/cmake-c-math-library/environment/Dockerfile.prebuilt	hub.byted.org/dwn_open_docker/litecoder-terminal--cmake-c-math-library:opencode-1.15.4-f9f25074e2e3
cmake-calculator-build	/Users/bytedance/CodeField/LiteCoder-Terminal-opencode/cmake-calculator-build	/Users/bytedance/CodeField/LiteCoder-Terminal-opencode/cmake-calculator-build/environment	/Users/bytedance/CodeField/LiteCoder-Terminal-opencode/cmake-calculator-build/environment/Dockerfile.prebuilt	hub.byted.org/dwn_open_docker/litecoder-terminal--cmake-calculator-build:opencode-1.15.4-69439c3e8c99
cmake-compiler-swap-presets	/Users/bytedance/CodeField/LiteCoder-Terminal-opencode/cmake-compiler-swap-presets	/Users/bytedance/CodeField/LiteCoder-Terminal-opencode/cmake-compiler-swap-presets/environment	/Users/bytedance/CodeField/LiteCoder-Terminal-opencode/cmake-compiler-swap-presets/environment/Dockerfile.prebuilt	hub.byted.org/dwn_open_docker/litecoder-terminal--cmake-compiler-swap-presets:opencode-1.15.4-f5e813925e9b
cmake-cpp-build-benchmark	/Users/bytedance/CodeField/LiteCoder-Terminal-opencode/cmake-cpp-build-benchmark	/Users/bytedance/CodeField/LiteCoder-Terminal-opencode/cmake-cpp-build-benchmark/environment	/Users/bytedance/CodeField/LiteCoder-Terminal-opencode/cmake-cpp-build-benchmark/environment/Dockerfile.prebuilt	hub.byted.org/dwn_open_docker/litecoder-terminal--cmake-cpp-build-benchmark:opencode-1.15.4-946871aa780a
cmake-cpp-multi-library-build	/Users/bytedance/CodeField/LiteCoder-Terminal-opencode/cmake-cpp-multi-library-build	/Users/bytedance/CodeField/LiteCoder-Terminal-opencode/cmake-cpp-multi-library-build/environment	/Users/bytedance/CodeField/LiteCoder-Terminal-opencode/cmake-cpp-multi-library-build/environment/Dockerfile.prebuilt	hub.byted.org/dwn_open_docker/litecoder-terminal--cmake-cpp-multi-library-build:opencode-1.15.4-17e436afb211
cmake-crossplatform-cpp-setup	/Users/bytedance/CodeField/LiteCoder-Terminal-opencode/cmake-crossplatform-cpp-setup	/Users/bytedance/CodeField/LiteCoder-Terminal-opencode/cmake-crossplatform-cpp-setup/environment	/Users/bytedance/CodeField/LiteCoder-Terminal-opencode/cmake-crossplatform-cpp-setup/environment/Dockerfile.prebuilt	hub.byted.org/dwn_open_docker/litecoder-terminal--cmake-crossplatform-cpp-setup:opencode-1.15.4-4b0f165a6a97
cmake-crossplatform-gtest-setup	/Users/bytedance/CodeField/LiteCoder-Terminal-opencode/cmake-crossplatform-gtest-setup	/Users/bytedance/CodeField/LiteCoder-Terminal-opencode/cmake-crossplatform-gtest-setup/environment	/Users/bytedance/CodeField/LiteCoder-Terminal-opencode/cmake-crossplatform-gtest-setup/environment/Dockerfile.prebuilt	hub.byted.org/dwn_open_docker/litecoder-terminal--cmake-crossplatform-gtest-setup:opencode-1.15.4-a5087e329774
cmake-static-lib-migration	/Users/bytedance/CodeField/LiteCoder-Terminal-opencode/cmake-static-lib-migration	/Users/bytedance/CodeField/LiteCoder-Terminal-opencode/cmake-static-lib-migration/environment	/Users/bytedance/CodeField/LiteCoder-Terminal-opencode/cmake-static-lib-migration/environment/Dockerfile.prebuilt	hub.byted.org/dwn_open_docker/litecoder-terminal--cmake-static-lib-migration:opencode-1.15.4-131fb7be5191
cmake-static-math-library	/Users/bytedance/CodeField/LiteCoder-Terminal-opencode/cmake-static-math-library	/Users/bytedance/CodeField/LiteCoder-Terminal-opencode/cmake-static-math-library/environment	/Users/bytedance/CodeField/LiteCoder-Terminal-opencode/cmake-static-math-library/environment/Dockerfile.prebuilt	hub.byted.org/dwn_open_docker/litecoder-terminal--cmake-static-math-library:opencode-1.15.4-93fa17a8656c
compile-spdlog-with-benchmarks	/Users/bytedance/CodeField/LiteCoder-Terminal-opencode/compile-spdlog-with-benchmarks	/Users/bytedance/CodeField/LiteCoder-Terminal-opencode/compile-spdlog-with-benchmarks/environment	/Users/bytedance/CodeField/LiteCoder-Terminal-opencode/compile-spdlog-with-benchmarks/environment/Dockerfile.prebuilt	hub.byted.org/dwn_open_docker/litecoder-terminal--compile-spdlog-with-benchmarks:opencode-1.15.4-379dbd30d0b9
complex-perceptron-iris-benchmark	/Users/bytedance/CodeField/LiteCoder-Terminal-opencode/complex-perceptron-iris-benchmark	/Users/bytedance/CodeField/LiteCoder-Terminal-opencode/complex-perceptron-iris-benchmark/environment	/Users/bytedance/CodeField/LiteCoder-Terminal-opencode/complex-perceptron-iris-benchmark/environment/Dockerfile.prebuilt	hub.byted.org/dwn_open_docker/litecoder-terminal--complex-perceptron-iris-benchmark:opencode-1.15.4-946871aa780a
configure-unbound-dot-resolver	/Users/bytedance/CodeField/LiteCoder-Terminal-opencode/configure-unbound-dot-resolver	/Users/bytedance/CodeField/LiteCoder-Terminal-opencode/configure-unbound-dot-resolver/environment	/Users/bytedance/CodeField/LiteCoder-Terminal-opencode/configure-unbound-dot-resolver/environment/Dockerfile.prebuilt	hub.byted.org/dwn_open_docker/litecoder-terminal--configure-unbound-dot-resolver:opencode-1.15.4-020dcdae5e8a
consolidate-regional-sales-csv	/Users/bytedance/CodeField/LiteCoder-Terminal-opencode/consolidate-regional-sales-csv	/Users/bytedance/CodeField/LiteCoder-Terminal-opencode/consolidate-regional-sales-csv/environment	/Users/bytedance/CodeField/LiteCoder-Terminal-opencode/consolidate-regional-sales-csv/environment/Dockerfile.prebuilt	hub.byted.org/dwn_open_docker/litecoder-terminal--consolidate-regional-sales-csv:opencode-1.15.4-9a3b1dc1063c
container-image-backup-system	/Users/bytedance/CodeField/LiteCoder-Terminal-opencode/container-image-backup-system	/Users/bytedance/CodeField/LiteCoder-Terminal-opencode/container-image-backup-system/environment	/Users/bytedance/CodeField/LiteCoder-Terminal-opencode/container-image-backup-system/environment/Dockerfile.prebuilt	hub.byted.org/dwn_open_docker/litecoder-terminal--container-image-backup-system:opencode-1.15.4-a1eab7ac667a
containerize-legacy-php-lamp	/Users/bytedance/CodeField/LiteCoder-Terminal-opencode/containerize-legacy-php-lamp	/Users/bytedance/CodeField/LiteCoder-Terminal-opencode/containerize-legacy-php-lamp/environment	/Users/bytedance/CodeField/LiteCoder-Terminal-opencode/containerize-legacy-php-lamp/environment/Dockerfile.prebuilt	hub.byted.org/dwn_open_docker/litecoder-terminal--containerize-legacy-php-lamp:opencode-1.15.4-7aea96520ea3
containerized-express-docker-stack	/Users/bytedance/CodeField/LiteCoder-Terminal-opencode/containerized-express-docker-stack	/Users/bytedance/CodeField/LiteCoder-Terminal-opencode/containerized-express-docker-stack/environment	/Users/bytedance/CodeField/LiteCoder-Terminal-opencode/containerized-express-docker-stack/environment/Dockerfile.prebuilt	hub.byted.org/dwn_open_docker/litecoder-terminal--containerized-express-docker-stack:opencode-1.15.4-020dcdae5e8a
containerized-load-balanced-cluster	/Users/bytedance/CodeField/LiteCoder-Terminal-opencode/containerized-load-balanced-cluster	/Users/bytedance/CodeField/LiteCoder-Terminal-opencode/containerized-load-balanced-cluster/environment	/Users/bytedance/CodeField/LiteCoder-Terminal-opencode/containerized-load-balanced-cluster/environment/Dockerfile.prebuilt	hub.byted.org/dwn_open_docker/litecoder-terminal--containerized-load-balanced-cluster:opencode-1.15.4-fbeea2a3521f
covid-arima-forecast-pipeline	/Users/bytedance/CodeField/LiteCoder-Terminal-opencode/covid-arima-forecast-pipeline	/Users/bytedance/CodeField/LiteCoder-Terminal-opencode/covid-arima-forecast-pipeline/environment	/Users/bytedance/CodeField/LiteCoder-Terminal-opencode/covid-arima-forecast-pipeline/environment/Dockerfile.prebuilt	hub.byted.org/dwn_open_docker/litecoder-terminal--covid-arima-forecast-pipeline:opencode-1.15.4-26e10a92a08b
covid-county-data-analysis	/Users/bytedance/CodeField/LiteCoder-Terminal-opencode/covid-county-data-analysis	/Users/bytedance/CodeField/LiteCoder-Terminal-opencode/covid-county-data-analysis/environment	/Users/bytedance/CodeField/LiteCoder-Terminal-opencode/covid-county-data-analysis/environment/Dockerfile.prebuilt	hub.byted.org/dwn_open_docker/litecoder-terminal--covid-county-data-analysis:opencode-1.15.4-b0f4ee905dd5
covid-tweet-sentiment-analysis	/Users/bytedance/CodeField/LiteCoder-Terminal-opencode/covid-tweet-sentiment-analysis	/Users/bytedance/CodeField/LiteCoder-Terminal-opencode/covid-tweet-sentiment-analysis/environment	/Users/bytedance/CodeField/LiteCoder-Terminal-opencode/covid-tweet-sentiment-analysis/environment/Dockerfile.prebuilt	hub.byted.org/dwn_open_docker/litecoder-terminal--covid-tweet-sentiment-analysis:opencode-1.15.4-819a9320b2fc
covid19-data-pipeline	/Users/bytedance/CodeField/LiteCoder-Terminal-opencode/covid19-data-pipeline	/Users/bytedance/CodeField/LiteCoder-Terminal-opencode/covid19-data-pipeline/environment	/Users/bytedance/CodeField/LiteCoder-Terminal-opencode/covid19-data-pipeline/environment/Dockerfile.prebuilt	hub.byted.org/dwn_open_docker/litecoder-terminal--covid19-data-pipeline:opencode-1.15.4-8c7195f331d2
cpu-anomaly-detection-pipeline	/Users/bytedance/CodeField/LiteCoder-Terminal-opencode/cpu-anomaly-detection-pipeline	/Users/bytedance/CodeField/LiteCoder-Terminal-opencode/cpu-anomaly-detection-pipeline/environment	/Users/bytedance/CodeField/LiteCoder-Terminal-opencode/cpu-anomaly-detection-pipeline/environment/Dockerfile.prebuilt	hub.byted.org/dwn_open_docker/litecoder-terminal--cpu-anomaly-detection-pipeline:opencode-1.15.4-b03f18068c34
cpu-bert-finetune-optimize	/Users/bytedance/CodeField/LiteCoder-Terminal-opencode/cpu-bert-finetune-optimize	/Users/bytedance/CodeField/LiteCoder-Terminal-opencode/cpu-bert-finetune-optimize/environment	/Users/bytedance/CodeField/LiteCoder-Terminal-opencode/cpu-bert-finetune-optimize/environment/Dockerfile.prebuilt	hub.byted.org/dwn_open_docker/litecoder-terminal--cpu-bert-finetune-optimize:opencode-1.15.4-a20d68553f06
cpu-bert-finetune-pipeline	/Users/bytedance/CodeField/LiteCoder-Terminal-opencode/cpu-bert-finetune-pipeline	/Users/bytedance/CodeField/LiteCoder-Terminal-opencode/cpu-bert-finetune-pipeline/environment	/Users/bytedance/CodeField/LiteCoder-Terminal-opencode/cpu-bert-finetune-pipeline/environment/Dockerfile.prebuilt	hub.byted.org/dwn_open_docker/litecoder-terminal--cpu-bert-finetune-pipeline:opencode-1.15.4-c580804db410
cpu-bert-finetune-sentiment	/Users/bytedance/CodeField/LiteCoder-Terminal-opencode/cpu-bert-finetune-sentiment	/Users/bytedance/CodeField/LiteCoder-Terminal-opencode/cpu-bert-finetune-sentiment/environment	/Users/bytedance/CodeField/LiteCoder-Terminal-opencode/cpu-bert-finetune-sentiment/environment/Dockerfile.prebuilt	hub.byted.org/dwn_open_docker/litecoder-terminal--cpu-bert-finetune-sentiment:opencode-1.15.4-9f85a8abf6d4
cpu-bertopic-hdbscan-pipeline	/Users/bytedance/CodeField/LiteCoder-Terminal-opencode/cpu-bertopic-hdbscan-pipeline	/Users/bytedance/CodeField/LiteCoder-Terminal-opencode/cpu-bertopic-hdbscan-pipeline/environment	/Users/bytedance/CodeField/LiteCoder-Terminal-opencode/cpu-bertopic-hdbscan-pipeline/environment/Dockerfile.prebuilt	hub.byted.org/dwn_open_docker/litecoder-terminal--cpu-bertopic-hdbscan-pipeline:opencode-1.15.4-b1e5f0661179
cpu-cnn-image-classification	/Users/bytedance/CodeField/LiteCoder-Terminal-opencode/cpu-cnn-image-classification	/Users/bytedance/CodeField/LiteCoder-Terminal-opencode/cpu-cnn-image-classification/environment	/Users/bytedance/CodeField/LiteCoder-Terminal-opencode/cpu-cnn-image-classification/environment/Dockerfile.prebuilt	hub.byted.org/dwn_open_docker/litecoder-terminal--cpu-cnn-image-classification:opencode-1.15.4-fbec66bc57f6
cpu-cnn-training-pipeline	/Users/bytedance/CodeField/LiteCoder-Terminal-opencode/cpu-cnn-training-pipeline	/Users/bytedance/CodeField/LiteCoder-Terminal-opencode/cpu-cnn-training-pipeline/environment	/Users/bytedance/CodeField/LiteCoder-Terminal-opencode/cpu-cnn-training-pipeline/environment/Dockerfile.prebuilt	hub.byted.org/dwn_open_docker/litecoder-terminal--cpu-cnn-training-pipeline:opencode-1.15.4-970cdf9be300
cpu-ddp-cifar10-training	/Users/bytedance/CodeField/LiteCoder-Terminal-opencode/cpu-ddp-cifar10-training	/Users/bytedance/CodeField/LiteCoder-Terminal-opencode/cpu-ddp-cifar10-training/environment	/Users/bytedance/CodeField/LiteCoder-Terminal-opencode/cpu-ddp-cifar10-training/environment/Dockerfile.prebuilt	hub.byted.org/dwn_open_docker/litecoder-terminal--cpu-ddp-cifar10-training:opencode-1.15.4-7dcc4e6373c5
cpu-distilbert-sentiment-analysis	/Users/bytedance/CodeField/LiteCoder-Terminal-opencode/cpu-distilbert-sentiment-analysis	/Users/bytedance/CodeField/LiteCoder-Terminal-opencode/cpu-distilbert-sentiment-analysis/environment	/Users/bytedance/CodeField/LiteCoder-Terminal-opencode/cpu-distilbert-sentiment-analysis/environment/Dockerfile.prebuilt	hub.byted.org/dwn_open_docker/litecoder-terminal--cpu-distilbert-sentiment-analysis:opencode-1.15.4-6b7b932b3bee
cpu-llm-finetune-customer-qa	/Users/bytedance/CodeField/LiteCoder-Terminal-opencode/cpu-llm-finetune-customer-qa	/Users/bytedance/CodeField/LiteCoder-Terminal-opencode/cpu-llm-finetune-customer-qa/environment	/Users/bytedance/CodeField/LiteCoder-Terminal-opencode/cpu-llm-finetune-customer-qa/environment/Dockerfile.prebuilt	hub.byted.org/dwn_open_docker/litecoder-terminal--cpu-llm-finetune-customer-qa:opencode-1.15.4-eba232175585
cpu-mnist-gan-training	/Users/bytedance/CodeField/LiteCoder-Terminal-opencode/cpu-mnist-gan-training	/Users/bytedance/CodeField/LiteCoder-Terminal-opencode/cpu-mnist-gan-training/environment	/Users/bytedance/CodeField/LiteCoder-Terminal-opencode/cpu-mnist-gan-training/environment/Dockerfile.prebuilt	hub.byted.org/dwn_open_docker/litecoder-terminal--cpu-mnist-gan-training:opencode-1.15.4-a6ca8663b3ab
cpu-mnist-gan-training__sample_0002_d315f143	/Users/bytedance/CodeField/LiteCoder-Terminal-opencode/cpu-mnist-gan-training__sample_0002_d315f143	/Users/bytedance/CodeField/LiteCoder-Terminal-opencode/cpu-mnist-gan-training__sample_0002_d315f143/environment	/Users/bytedance/CodeField/LiteCoder-Terminal-opencode/cpu-mnist-gan-training__sample_0002_d315f143/environment/Dockerfile.prebuilt	hub.byted.org/dwn_open_docker/litecoder-terminal--cpu-mnist-gan-training__sample_0002_d315f143:opencode-1.15.4-997daff7385e
cpu-mnist-gan-training__sample_0445_5b89c6be	/Users/bytedance/CodeField/LiteCoder-Terminal-opencode/cpu-mnist-gan-training__sample_0445_5b89c6be	/Users/bytedance/CodeField/LiteCoder-Terminal-opencode/cpu-mnist-gan-training__sample_0445_5b89c6be/environment	/Users/bytedance/CodeField/LiteCoder-Terminal-opencode/cpu-mnist-gan-training__sample_0445_5b89c6be/environment/Dockerfile.prebuilt	hub.byted.org/dwn_open_docker/litecoder-terminal--cpu-mnist-gan-training__sample_0445_5b89c6be:opencode-1.15.4-21e202113c2f
cpu-peft-poetry-finetuning	/Users/bytedance/CodeField/LiteCoder-Terminal-opencode/cpu-peft-poetry-finetuning	/Users/bytedance/CodeField/LiteCoder-Terminal-opencode/cpu-peft-poetry-finetuning/environment	/Users/bytedance/CodeField/LiteCoder-Terminal-opencode/cpu-peft-poetry-finetuning/environment/Dockerfile.prebuilt	hub.byted.org/dwn_open_docker/litecoder-terminal--cpu-peft-poetry-finetuning:opencode-1.15.4-946871aa780a
cpu-sentiment-movie-reviews	/Users/bytedance/CodeField/LiteCoder-Terminal-opencode/cpu-sentiment-movie-reviews	/Users/bytedance/CodeField/LiteCoder-Terminal-opencode/cpu-sentiment-movie-reviews/environment	/Users/bytedance/CodeField/LiteCoder-Terminal-opencode/cpu-sentiment-movie-reviews/environment/Dockerfile.prebuilt	hub.byted.org/dwn_open_docker/litecoder-terminal--cpu-sentiment-movie-reviews:opencode-1.15.4-f8aef286aced
cpython-debug-memory-tracing	/Users/bytedance/CodeField/LiteCoder-Terminal-opencode/cpython-debug-memory-tracing	/Users/bytedance/CodeField/LiteCoder-Terminal-opencode/cpython-debug-memory-tracing/environment	/Users/bytedance/CodeField/LiteCoder-Terminal-opencode/cpython-debug-memory-tracing/environment/Dockerfile.prebuilt	hub.byted.org/dwn_open_docker/litecoder-terminal--cpython-debug-memory-tracing:opencode-1.15.4-c10708612b7b
crack-flawed-encryption-vault	/Users/bytedance/CodeField/LiteCoder-Terminal-opencode/crack-flawed-encryption-vault	/Users/bytedance/CodeField/LiteCoder-Terminal-opencode/crack-flawed-encryption-vault/environment	/Users/bytedance/CodeField/LiteCoder-Terminal-opencode/crack-flawed-encryption-vault/environment/Dockerfile.prebuilt	hub.byted.org/dwn_open_docker/litecoder-terminal--crack-flawed-encryption-vault:opencode-1.15.4-a0c8141858be
crack-md5-hashes-report	/Users/bytedance/CodeField/LiteCoder-Terminal-opencode/crack-md5-hashes-report	/Users/bytedance/CodeField/LiteCoder-Terminal-opencode/crack-md5-hashes-report/environment	/Users/bytedance/CodeField/LiteCoder-Terminal-opencode/crack-md5-hashes-report/environment/Dockerfile.prebuilt	hub.byted.org/dwn_open_docker/litecoder-terminal--crack-md5-hashes-report:opencode-1.15.4-0f067b5a0dca
crack-multilayer-cipher	/Users/bytedance/CodeField/LiteCoder-Terminal-opencode/crack-multilayer-cipher	/Users/bytedance/CodeField/LiteCoder-Terminal-opencode/crack-multilayer-cipher/environment	/Users/bytedance/CodeField/LiteCoder-Terminal-opencode/crack-multilayer-cipher/environment/Dockerfile.prebuilt	hub.byted.org/dwn_open_docker/litecoder-terminal--crack-multilayer-cipher:opencode-1.15.4-c6e453641dd5
crack-shadow-file-hashes	/Users/bytedance/CodeField/LiteCoder-Terminal-opencode/crack-shadow-file-hashes	/Users/bytedance/CodeField/LiteCoder-Terminal-opencode/crack-shadow-file-hashes/environment	/Users/bytedance/CodeField/LiteCoder-Terminal-opencode/crack-shadow-file-hashes/environment/Dockerfile.prebuilt	hub.byted.org/dwn_open_docker/litecoder-terminal--crack-shadow-file-hashes:opencode-1.15.4-00f4db674cbd
crack-vault-encryption-flaw	/Users/bytedance/CodeField/LiteCoder-Terminal-opencode/crack-vault-encryption-flaw	/Users/bytedance/CodeField/LiteCoder-Terminal-opencode/crack-vault-encryption-flaw/environment	/Users/bytedance/CodeField/LiteCoder-Terminal-opencode/crack-vault-encryption-flaw/environment/Dockerfile.prebuilt	hub.byted.org/dwn_open_docker/litecoder-terminal--crack-vault-encryption-flaw:opencode-1.15.4-bb71c43149fb
crack-vigenere-cipher	/Users/bytedance/CodeField/LiteCoder-Terminal-opencode/crack-vigenere-cipher	/Users/bytedance/CodeField/LiteCoder-Terminal-opencode/crack-vigenere-cipher/environment	/Users/bytedance/CodeField/LiteCoder-Terminal-opencode/crack-vigenere-cipher/environment/Dockerfile.prebuilt	hub.byted.org/dwn_open_docker/litecoder-terminal--crack-vigenere-cipher:opencode-1.15.4-8b0d3408b5c0
crack-weak-cipher-analysis	/Users/bytedance/CodeField/LiteCoder-Terminal-opencode/crack-weak-cipher-analysis	/Users/bytedance/CodeField/LiteCoder-Terminal-opencode/crack-weak-cipher-analysis/environment	/Users/bytedance/CodeField/LiteCoder-Terminal-opencode/crack-weak-cipher-analysis/environment/Dockerfile.prebuilt	hub.byted.org/dwn_open_docker/litecoder-terminal--crack-weak-cipher-analysis:opencode-1.15.4-f8e1843540d0
crack-zip-password-recovery	/Users/bytedance/CodeField/LiteCoder-Terminal-opencode/crack-zip-password-recovery	/Users/bytedance/CodeField/LiteCoder-Terminal-opencode/crack-zip-password-recovery/environment	/Users/bytedance/CodeField/LiteCoder-Terminal-opencode/crack-zip-password-recovery/environment/Dockerfile.prebuilt	hub.byted.org/dwn_open_docker/litecoder-terminal--crack-zip-password-recovery:opencode-1.15.4-f04c6acd9a44
credit-card-fraud-detection	/Users/bytedance/CodeField/LiteCoder-Terminal-opencode/credit-card-fraud-detection	/Users/bytedance/CodeField/LiteCoder-Terminal-opencode/credit-card-fraud-detection/environment	/Users/bytedance/CodeField/LiteCoder-Terminal-opencode/credit-card-fraud-detection/environment/Dockerfile.prebuilt	hub.byted.org/dwn_open_docker/litecoder-terminal--credit-card-fraud-detection:opencode-1.15.4-4487a00196e3
credit-card-fraud-pipeline	/Users/bytedance/CodeField/LiteCoder-Terminal-opencode/credit-card-fraud-pipeline	/Users/bytedance/CodeField/LiteCoder-Terminal-opencode/credit-card-fraud-pipeline/environment	/Users/bytedance/CodeField/LiteCoder-Terminal-opencode/credit-card-fraud-pipeline/environment/Dockerfile.prebuilt	hub.byted.org/dwn_open_docker/litecoder-terminal--credit-card-fraud-pipeline:opencode-1.15.4-742c63ecbcd6
crop-weather-analysis	/Users/bytedance/CodeField/LiteCoder-Terminal-opencode/crop-weather-analysis	/Users/bytedance/CodeField/LiteCoder-Terminal-opencode/crop-weather-analysis/environment	/Users/bytedance/CodeField/LiteCoder-Terminal-opencode/crop-weather-analysis/environment/Dockerfile.prebuilt	hub.byted.org/dwn_open_docker/litecoder-terminal--crop-weather-analysis:opencode-1.15.4-469fffe08f34
cross-compile-arm-busybox	/Users/bytedance/CodeField/LiteCoder-Terminal-opencode/cross-compile-arm-busybox	/Users/bytedance/CodeField/LiteCoder-Terminal-opencode/cross-compile-arm-busybox/environment	/Users/bytedance/CodeField/LiteCoder-Terminal-opencode/cross-compile-arm-busybox/environment/Dockerfile.prebuilt	hub.byted.org/dwn_open_docker/litecoder-terminal--cross-compile-arm-busybox:opencode-1.15.4-e0ab853c9b16
cross-compile-openssl-arm64	/Users/bytedance/CodeField/LiteCoder-Terminal-opencode/cross-compile-openssl-arm64	/Users/bytedance/CodeField/LiteCoder-Terminal-opencode/cross-compile-openssl-arm64/environment	/Users/bytedance/CodeField/LiteCoder-Terminal-opencode/cross-compile-openssl-arm64/environment/Dockerfile.prebuilt	hub.byted.org/dwn_open_docker/litecoder-terminal--cross-compile-openssl-arm64:opencode-1.15.4-970cdf9be300
cross-compile-static-ffmpeg-vulkan	/Users/bytedance/CodeField/LiteCoder-Terminal-opencode/cross-compile-static-ffmpeg-vulkan	/Users/bytedance/CodeField/LiteCoder-Terminal-opencode/cross-compile-static-ffmpeg-vulkan/environment	/Users/bytedance/CodeField/LiteCoder-Terminal-opencode/cross-compile-static-ffmpeg-vulkan/environment/Dockerfile.prebuilt	hub.byted.org/dwn_open_docker/litecoder-terminal--cross-compile-static-ffmpeg-vulkan:opencode-1.15.4-970cdf9be300
crosslingual-sentiment-classifier	/Users/bytedance/CodeField/LiteCoder-Terminal-opencode/crosslingual-sentiment-classifier	/Users/bytedance/CodeField/LiteCoder-Terminal-opencode/crosslingual-sentiment-classifier/environment	/Users/bytedance/CodeField/LiteCoder-Terminal-opencode/crosslingual-sentiment-classifier/environment/Dockerfile.prebuilt	hub.byted.org/dwn_open_docker/litecoder-terminal--crosslingual-sentiment-classifier:opencode-1.15.4-4cb9222c0111
crypto-price-prediction-pipeline	/Users/bytedance/CodeField/LiteCoder-Terminal-opencode/crypto-price-prediction-pipeline	/Users/bytedance/CodeField/LiteCoder-Terminal-opencode/crypto-price-prediction-pipeline/environment	/Users/bytedance/CodeField/LiteCoder-Terminal-opencode/crypto-price-prediction-pipeline/environment/Dockerfile.prebuilt	hub.byted.org/dwn_open_docker/litecoder-terminal--crypto-price-prediction-pipeline:opencode-1.15.4-f8aef286aced
crypto-sentiment-pipeline	/Users/bytedance/CodeField/LiteCoder-Terminal-opencode/crypto-sentiment-pipeline	/Users/bytedance/CodeField/LiteCoder-Terminal-opencode/crypto-sentiment-pipeline/environment	/Users/bytedance/CodeField/LiteCoder-Terminal-opencode/crypto-sentiment-pipeline/environment/Dockerfile.prebuilt	hub.byted.org/dwn_open_docker/litecoder-terminal--crypto-sentiment-pipeline:opencode-1.15.4-e051b7514166
csv-data-quality-profiling	/Users/bytedance/CodeField/LiteCoder-Terminal-opencode/csv-data-quality-profiling	/Users/bytedance/CodeField/LiteCoder-Terminal-opencode/csv-data-quality-profiling/environment	/Users/bytedance/CodeField/LiteCoder-Terminal-opencode/csv-data-quality-profiling/environment/Dockerfile.prebuilt	hub.byted.org/dwn_open_docker/litecoder-terminal--csv-data-quality-profiling:opencode-1.15.4-eba5ebacf860
csv-etl-postgres-pipeline	/Users/bytedance/CodeField/LiteCoder-Terminal-opencode/csv-etl-postgres-pipeline	/Users/bytedance/CodeField/LiteCoder-Terminal-opencode/csv-etl-postgres-pipeline/environment	/Users/bytedance/CodeField/LiteCoder-Terminal-opencode/csv-etl-postgres-pipeline/environment/Dockerfile.prebuilt	hub.byted.org/dwn_open_docker/litecoder-terminal--csv-etl-postgres-pipeline:opencode-1.15.4-7491308fb7d6
csv-stats-outlier-detector	/Users/bytedance/CodeField/LiteCoder-Terminal-opencode/csv-stats-outlier-detector	/Users/bytedance/CodeField/LiteCoder-Terminal-opencode/csv-stats-outlier-detector/environment	/Users/bytedance/CodeField/LiteCoder-Terminal-opencode/csv-stats-outlier-detector/environment/Dockerfile.prebuilt	hub.byted.org/dwn_open_docker/litecoder-terminal--csv-stats-outlier-detector:opencode-1.15.4-8d40c1fa54c3
custom-kernel-boot-logo	/Users/bytedance/CodeField/LiteCoder-Terminal-opencode/custom-kernel-boot-logo	/Users/bytedance/CodeField/LiteCoder-Terminal-opencode/custom-kernel-boot-logo/environment	/Users/bytedance/CodeField/LiteCoder-Terminal-opencode/custom-kernel-boot-logo/environment/Dockerfile.prebuilt	hub.byted.org/dwn_open_docker/litecoder-terminal--custom-kernel-boot-logo:opencode-1.15.4-18f162eb05af
custom-shared-lib-dlopen	/Users/bytedance/CodeField/LiteCoder-Terminal-opencode/custom-shared-lib-dlopen	/Users/bytedance/CodeField/LiteCoder-Terminal-opencode/custom-shared-lib-dlopen/environment	/Users/bytedance/CodeField/LiteCoder-Terminal-opencode/custom-shared-lib-dlopen/environment/Dockerfile.prebuilt	hub.byted.org/dwn_open_docker/litecoder-terminal--custom-shared-lib-dlopen:opencode-1.15.4-f9f25074e2e3
decrypt-encrypted-conversation	/Users/bytedance/CodeField/LiteCoder-Terminal-opencode/decrypt-encrypted-conversation	/Users/bytedance/CodeField/LiteCoder-Terminal-opencode/decrypt-encrypted-conversation/environment	/Users/bytedance/CodeField/LiteCoder-Terminal-opencode/decrypt-encrypted-conversation/environment/Dockerfile.prebuilt	hub.byted.org/dwn_open_docker/litecoder-terminal--decrypt-encrypted-conversation:opencode-1.15.4-2e89536d6627
decrypt-hidden-message	/Users/bytedance/CodeField/LiteCoder-Terminal-opencode/decrypt-hidden-message	/Users/bytedance/CodeField/LiteCoder-Terminal-opencode/decrypt-hidden-message/environment	/Users/bytedance/CodeField/LiteCoder-Terminal-opencode/decrypt-hidden-message/environment/Dockerfile.prebuilt	hub.byted.org/dwn_open_docker/litecoder-terminal--decrypt-hidden-message:opencode-1.15.4-f0d079d46ea9
decrypt-predictable-seed-xor	/Users/bytedance/CodeField/LiteCoder-Terminal-opencode/decrypt-predictable-seed-xor	/Users/bytedance/CodeField/LiteCoder-Terminal-opencode/decrypt-predictable-seed-xor/environment	/Users/bytedance/CodeField/LiteCoder-Terminal-opencode/decrypt-predictable-seed-xor/environment/Dockerfile.prebuilt	hub.byted.org/dwn_open_docker/litecoder-terminal--decrypt-predictable-seed-xor:opencode-1.15.4-ad2aaf9184ff
decrypt-sqlcipher-database	/Users/bytedance/CodeField/LiteCoder-Terminal-opencode/decrypt-sqlcipher-database	/Users/bytedance/CodeField/LiteCoder-Terminal-opencode/decrypt-sqlcipher-database/environment	/Users/bytedance/CodeField/LiteCoder-Terminal-opencode/decrypt-sqlcipher-database/environment/Dockerfile.prebuilt	hub.byted.org/dwn_open_docker/litecoder-terminal--decrypt-sqlcipher-database:opencode-1.15.4-6341c0abe03a
decrypt-ssh-tunnel-config	/Users/bytedance/CodeField/LiteCoder-Terminal-opencode/decrypt-ssh-tunnel-config	/Users/bytedance/CodeField/LiteCoder-Terminal-opencode/decrypt-ssh-tunnel-config/environment	/Users/bytedance/CodeField/LiteCoder-Terminal-opencode/decrypt-ssh-tunnel-config/environment/Dockerfile.prebuilt	hub.byted.org/dwn_open_docker/litecoder-terminal--decrypt-ssh-tunnel-config:opencode-1.15.4-e6028e95cb17
decrypt-vault-analysis	/Users/bytedance/CodeField/LiteCoder-Terminal-opencode/decrypt-vault-analysis	/Users/bytedance/CodeField/LiteCoder-Terminal-opencode/decrypt-vault-analysis/environment	/Users/bytedance/CodeField/LiteCoder-Terminal-opencode/decrypt-vault-analysis/environment/Dockerfile.prebuilt	hub.byted.org/dwn_open_docker/litecoder-terminal--decrypt-vault-analysis:opencode-1.15.4-f14a8c861a8d
decrypt-verify-symmetric-key	/Users/bytedance/CodeField/LiteCoder-Terminal-opencode/decrypt-verify-symmetric-key	/Users/bytedance/CodeField/LiteCoder-Terminal-opencode/decrypt-verify-symmetric-key/environment	/Users/bytedance/CodeField/LiteCoder-Terminal-opencode/decrypt-verify-symmetric-key/environment/Dockerfile.prebuilt	hub.byted.org/dwn_open_docker/litecoder-terminal--decrypt-verify-symmetric-key:opencode-1.15.4-eba232175585
deploy-cpp-websocket-server	/Users/bytedance/CodeField/LiteCoder-Terminal-opencode/deploy-cpp-websocket-server	/Users/bytedance/CodeField/LiteCoder-Terminal-opencode/deploy-cpp-websocket-server/environment	/Users/bytedance/CodeField/LiteCoder-Terminal-opencode/deploy-cpp-websocket-server/environment/Dockerfile.prebuilt	hub.byted.org/dwn_open_docker/litecoder-terminal--deploy-cpp-websocket-server:opencode-1.15.4-5450920088b9
deploy-fim-c-binary	/Users/bytedance/CodeField/LiteCoder-Terminal-opencode/deploy-fim-c-binary	/Users/bytedance/CodeField/LiteCoder-Terminal-opencode/deploy-fim-c-binary/environment	/Users/bytedance/CodeField/LiteCoder-Terminal-opencode/deploy-fim-c-binary/environment/Dockerfile.prebuilt	hub.byted.org/dwn_open_docker/litecoder-terminal--deploy-fim-c-binary:opencode-1.15.4-e65329aec438
deploy-lamp-stack-ubuntu	/Users/bytedance/CodeField/LiteCoder-Terminal-opencode/deploy-lamp-stack-ubuntu	/Users/bytedance/CodeField/LiteCoder-Terminal-opencode/deploy-lamp-stack-ubuntu/environment	/Users/bytedance/CodeField/LiteCoder-Terminal-opencode/deploy-lamp-stack-ubuntu/environment/Dockerfile.prebuilt	hub.byted.org/dwn_open_docker/litecoder-terminal--deploy-lamp-stack-ubuntu:opencode-1.15.4-57819d153d38
deploy-pihole-dns-sinkhole	/Users/bytedance/CodeField/LiteCoder-Terminal-opencode/deploy-pihole-dns-sinkhole	/Users/bytedance/CodeField/LiteCoder-Terminal-opencode/deploy-pihole-dns-sinkhole/environment	/Users/bytedance/CodeField/LiteCoder-Terminal-opencode/deploy-pihole-dns-sinkhole/environment/Dockerfile.prebuilt	hub.byted.org/dwn_open_docker/litecoder-terminal--deploy-pihole-dns-sinkhole:opencode-1.15.4-30f4f1a1dc78
deploy-secure-lemp-stack	/Users/bytedance/CodeField/LiteCoder-Terminal-opencode/deploy-secure-lemp-stack	/Users/bytedance/CodeField/LiteCoder-Terminal-opencode/deploy-secure-lemp-stack/environment	/Users/bytedance/CodeField/LiteCoder-Terminal-opencode/deploy-secure-lemp-stack/environment/Dockerfile.prebuilt	hub.byted.org/dwn_open_docker/litecoder-terminal--deploy-secure-lemp-stack:opencode-1.15.4-970cdf9be300
deploy-secure-nginx-tls	/Users/bytedance/CodeField/LiteCoder-Terminal-opencode/deploy-secure-nginx-tls	/Users/bytedance/CodeField/LiteCoder-Terminal-opencode/deploy-secure-nginx-tls/environment	/Users/bytedance/CodeField/LiteCoder-Terminal-opencode/deploy-secure-nginx-tls/environment/Dockerfile.prebuilt	hub.byted.org/dwn_open_docker/litecoder-terminal--deploy-secure-nginx-tls:opencode-1.15.4-2398cc6b5630
deploy-wordpress-docker-ssl	/Users/bytedance/CodeField/LiteCoder-Terminal-opencode/deploy-wordpress-docker-ssl	/Users/bytedance/CodeField/LiteCoder-Terminal-opencode/deploy-wordpress-docker-ssl/environment	/Users/bytedance/CodeField/LiteCoder-Terminal-opencode/deploy-wordpress-docker-ssl/environment/Dockerfile.prebuilt	hub.byted.org/dwn_open_docker/litecoder-terminal--deploy-wordpress-docker-ssl:opencode-1.15.4-946871aa780a
deploy-wordpress-nginx-ssl	/Users/bytedance/CodeField/LiteCoder-Terminal-opencode/deploy-wordpress-nginx-ssl	/Users/bytedance/CodeField/LiteCoder-Terminal-opencode/deploy-wordpress-nginx-ssl/environment	/Users/bytedance/CodeField/LiteCoder-Terminal-opencode/deploy-wordpress-nginx-ssl/environment/Dockerfile.prebuilt	hub.byted.org/dwn_open_docker/litecoder-terminal--deploy-wordpress-nginx-ssl:opencode-1.15.4-0266f51f692b
deploy-zabbix-docker-stack	/Users/bytedance/CodeField/LiteCoder-Terminal-opencode/deploy-zabbix-docker-stack	/Users/bytedance/CodeField/LiteCoder-Terminal-opencode/deploy-zabbix-docker-stack/environment	/Users/bytedance/CodeField/LiteCoder-Terminal-opencode/deploy-zabbix-docker-stack/environment/Dockerfile.prebuilt	hub.byted.org/dwn_open_docker/litecoder-terminal--deploy-zabbix-docker-stack:opencode-1.15.4-3dd7338606dc
detect-filesystem-steganography	/Users/bytedance/CodeField/LiteCoder-Terminal-opencode/detect-filesystem-steganography	/Users/bytedance/CodeField/LiteCoder-Terminal-opencode/detect-filesystem-steganography/environment	/Users/bytedance/CodeField/LiteCoder-Terminal-opencode/detect-filesystem-steganography/environment/Dockerfile.prebuilt	hub.byted.org/dwn_open_docker/litecoder-terminal--detect-filesystem-steganography:opencode-1.15.4-970cdf9be300
detect-portscan-block-attacker	/Users/bytedance/CodeField/LiteCoder-Terminal-opencode/detect-portscan-block-attacker	/Users/bytedance/CodeField/LiteCoder-Terminal-opencode/detect-portscan-block-attacker/environment	/Users/bytedance/CodeField/LiteCoder-Terminal-opencode/detect-portscan-block-attacker/environment/Dockerfile.prebuilt	hub.byted.org/dwn_open_docker/litecoder-terminal--detect-portscan-block-attacker:opencode-1.15.4-42ec107a55d6
distributed-web-crawler	/Users/bytedance/CodeField/LiteCoder-Terminal-opencode/distributed-web-crawler	/Users/bytedance/CodeField/LiteCoder-Terminal-opencode/distributed-web-crawler/environment	/Users/bytedance/CodeField/LiteCoder-Terminal-opencode/distributed-web-crawler/environment/Dockerfile.prebuilt	hub.byted.org/dwn_open_docker/litecoder-terminal--distributed-web-crawler:opencode-1.15.4-0a0a499c49f2
django-api-rate-limiting	/Users/bytedance/CodeField/LiteCoder-Terminal-opencode/django-api-rate-limiting	/Users/bytedance/CodeField/LiteCoder-Terminal-opencode/django-api-rate-limiting/environment	/Users/bytedance/CodeField/LiteCoder-Terminal-opencode/django-api-rate-limiting/environment/Dockerfile.prebuilt	hub.byted.org/dwn_open_docker/litecoder-terminal--django-api-rate-limiting:opencode-1.15.4-593649462c7c
dns-load-balance-cluster	/Users/bytedance/CodeField/LiteCoder-Terminal-opencode/dns-load-balance-cluster	/Users/bytedance/CodeField/LiteCoder-Terminal-opencode/dns-load-balance-cluster/environment	/Users/bytedance/CodeField/LiteCoder-Terminal-opencode/dns-load-balance-cluster/environment/Dockerfile.prebuilt	hub.byted.org/dwn_open_docker/litecoder-terminal--dns-load-balance-cluster:opencode-1.15.4-6bdf7a1ffd5a
dns-resolver-web-dashboard	/Users/bytedance/CodeField/LiteCoder-Terminal-opencode/dns-resolver-web-dashboard	/Users/bytedance/CodeField/LiteCoder-Terminal-opencode/dns-resolver-web-dashboard/environment	/Users/bytedance/CodeField/LiteCoder-Terminal-opencode/dns-resolver-web-dashboard/environment/Dockerfile.prebuilt	hub.byted.org/dwn_open_docker/litecoder-terminal--dns-resolver-web-dashboard:opencode-1.15.4-27972e7e909e
dns-sd-load-balancer	/Users/bytedance/CodeField/LiteCoder-Terminal-opencode/dns-sd-load-balancer	/Users/bytedance/CodeField/LiteCoder-Terminal-opencode/dns-sd-load-balancer/environment	/Users/bytedance/CodeField/LiteCoder-Terminal-opencode/dns-sd-load-balancer/environment/Dockerfile.prebuilt	hub.byted.org/dwn_open_docker/litecoder-terminal--dns-sd-load-balancer:opencode-1.15.4-970cdf9be300
dns-server-flask-dashboard	/Users/bytedance/CodeField/LiteCoder-Terminal-opencode/dns-server-flask-dashboard	/Users/bytedance/CodeField/LiteCoder-Terminal-opencode/dns-server-flask-dashboard/environment	/Users/bytedance/CodeField/LiteCoder-Terminal-opencode/dns-server-flask-dashboard/environment/Dockerfile.prebuilt	hub.byted.org/dwn_open_docker/litecoder-terminal--dns-server-flask-dashboard:opencode-1.15.4-f51303baf5a3
dns-srv-reverse-proxy	/Users/bytedance/CodeField/LiteCoder-Terminal-opencode/dns-srv-reverse-proxy	/Users/bytedance/CodeField/LiteCoder-Terminal-opencode/dns-srv-reverse-proxy/environment	/Users/bytedance/CodeField/LiteCoder-Terminal-opencode/dns-srv-reverse-proxy/environment/Dockerfile.prebuilt	hub.byted.org/dwn_open_docker/litecoder-terminal--dns-srv-reverse-proxy:opencode-1.15.4-2da7650f7bae
dnsmasq-local-reverse-proxy	/Users/bytedance/CodeField/LiteCoder-Terminal-opencode/dnsmasq-local-reverse-proxy	/Users/bytedance/CodeField/LiteCoder-Terminal-opencode/dnsmasq-local-reverse-proxy/environment	/Users/bytedance/CodeField/LiteCoder-Terminal-opencode/dnsmasq-local-reverse-proxy/environment/Dockerfile.prebuilt	hub.byted.org/dwn_open_docker/litecoder-terminal--dnsmasq-local-reverse-proxy:opencode-1.15.4-8d3ece4bf06c
docker-compose-health-dashboard	/Users/bytedance/CodeField/LiteCoder-Terminal-opencode/docker-compose-health-dashboard	/Users/bytedance/CodeField/LiteCoder-Terminal-opencode/docker-compose-health-dashboard/environment	/Users/bytedance/CodeField/LiteCoder-Terminal-opencode/docker-compose-health-dashboard/environment/Dockerfile.prebuilt	hub.byted.org/dwn_open_docker/litecoder-terminal--docker-compose-health-dashboard:opencode-1.15.4-4bbb1db1c1c8
docker-compose-multi-service-app	/Users/bytedance/CodeField/LiteCoder-Terminal-opencode/docker-compose-multi-service-app	/Users/bytedance/CodeField/LiteCoder-Terminal-opencode/docker-compose-multi-service-app/environment	/Users/bytedance/CodeField/LiteCoder-Terminal-opencode/docker-compose-multi-service-app/environment/Dockerfile.prebuilt	hub.byted.org/dwn_open_docker/litecoder-terminal--docker-compose-multi-service-app:opencode-1.15.4-4f1c659132cd
docker-flask-postgres-app	/Users/bytedance/CodeField/LiteCoder-Terminal-opencode/docker-flask-postgres-app	/Users/bytedance/CodeField/LiteCoder-Terminal-opencode/docker-flask-postgres-app/environment	/Users/bytedance/CodeField/LiteCoder-Terminal-opencode/docker-flask-postgres-app/environment/Dockerfile.prebuilt	hub.byted.org/dwn_open_docker/litecoder-terminal--docker-flask-postgres-app:opencode-1.15.4-7866905e7029
docker-lemp-stack-setup	/Users/bytedance/CodeField/LiteCoder-Terminal-opencode/docker-lemp-stack-setup	/Users/bytedance/CodeField/LiteCoder-Terminal-opencode/docker-lemp-stack-setup/environment	/Users/bytedance/CodeField/LiteCoder-Terminal-opencode/docker-lemp-stack-setup/environment/Dockerfile.prebuilt	hub.byted.org/dwn_open_docker/litecoder-terminal--docker-lemp-stack-setup:opencode-1.15.4-01e95fad16a8
docker-memory-upgrade-sim	/Users/bytedance/CodeField/LiteCoder-Terminal-opencode/docker-memory-upgrade-sim	/Users/bytedance/CodeField/LiteCoder-Terminal-opencode/docker-memory-upgrade-sim/environment	/Users/bytedance/CodeField/LiteCoder-Terminal-opencode/docker-memory-upgrade-sim/environment/Dockerfile.prebuilt	hub.byted.org/dwn_open_docker/litecoder-terminal--docker-memory-upgrade-sim:opencode-1.15.4-946871aa780a
docker-monitoring-stack	/Users/bytedance/CodeField/LiteCoder-Terminal-opencode/docker-monitoring-stack	/Users/bytedance/CodeField/LiteCoder-Terminal-opencode/docker-monitoring-stack/environment	/Users/bytedance/CodeField/LiteCoder-Terminal-opencode/docker-monitoring-stack/environment/Dockerfile.prebuilt	hub.byted.org/dwn_open_docker/litecoder-terminal--docker-monitoring-stack:opencode-1.15.4-3d50dcd1a20c
docker-multilang-sdk-build	/Users/bytedance/CodeField/LiteCoder-Terminal-opencode/docker-multilang-sdk-build	/Users/bytedance/CodeField/LiteCoder-Terminal-opencode/docker-multilang-sdk-build/environment	/Users/bytedance/CodeField/LiteCoder-Terminal-opencode/docker-multilang-sdk-build/environment/Dockerfile.prebuilt	hub.byted.org/dwn_open_docker/litecoder-terminal--docker-multilang-sdk-build:opencode-1.15.4-66c23149dfec
docker-nginx-ssl-proxy	/Users/bytedance/CodeField/LiteCoder-Terminal-opencode/docker-nginx-ssl-proxy	/Users/bytedance/CodeField/LiteCoder-Terminal-opencode/docker-nginx-ssl-proxy/environment	/Users/bytedance/CodeField/LiteCoder-Terminal-opencode/docker-nginx-ssl-proxy/environment/Dockerfile.prebuilt	hub.byted.org/dwn_open_docker/litecoder-terminal--docker-nginx-ssl-proxy:opencode-1.15.4-44a59d00d79b
docker-syslog-logging-setup	/Users/bytedance/CodeField/LiteCoder-Terminal-opencode/docker-syslog-logging-setup	/Users/bytedance/CodeField/LiteCoder-Terminal-opencode/docker-syslog-logging-setup/environment	/Users/bytedance/CodeField/LiteCoder-Terminal-opencode/docker-syslog-logging-setup/environment/Dockerfile.prebuilt	hub.byted.org/dwn_open_docker/litecoder-terminal--docker-syslog-logging-setup:opencode-1.15.4-934063fa56bd
docker-task-tracker-stack	/Users/bytedance/CodeField/LiteCoder-Terminal-opencode/docker-task-tracker-stack	/Users/bytedance/CodeField/LiteCoder-Terminal-opencode/docker-task-tracker-stack/environment	/Users/bytedance/CodeField/LiteCoder-Terminal-opencode/docker-task-tracker-stack/environment/Dockerfile.prebuilt	hub.byted.org/dwn_open_docker/litecoder-terminal--docker-task-tracker-stack:opencode-1.15.4-bc947a3ee80d
dot-resolver-validator	/Users/bytedance/CodeField/LiteCoder-Terminal-opencode/dot-resolver-validator	/Users/bytedance/CodeField/LiteCoder-Terminal-opencode/dot-resolver-validator/environment	/Users/bytedance/CodeField/LiteCoder-Terminal-opencode/dot-resolver-validator/environment/Dockerfile.prebuilt	hub.byted.org/dwn_open_docker/litecoder-terminal--dot-resolver-validator:opencode-1.15.4-0a0a499c49f2
dpa-aes-key-recovery	/Users/bytedance/CodeField/LiteCoder-Terminal-opencode/dpa-aes-key-recovery	/Users/bytedance/CodeField/LiteCoder-Terminal-opencode/dpa-aes-key-recovery/environment	/Users/bytedance/CodeField/LiteCoder-Terminal-opencode/dpa-aes-key-recovery/environment/Dockerfile.prebuilt	hub.byted.org/dwn_open_docker/litecoder-terminal--dpa-aes-key-recovery:opencode-1.15.4-e0e42a2c642c
dsa-lattice-nonce-recovery	/Users/bytedance/CodeField/LiteCoder-Terminal-opencode/dsa-lattice-nonce-recovery	/Users/bytedance/CodeField/LiteCoder-Terminal-opencode/dsa-lattice-nonce-recovery/environment	/Users/bytedance/CodeField/LiteCoder-Terminal-opencode/dsa-lattice-nonce-recovery/environment/Dockerfile.prebuilt	hub.byted.org/dwn_open_docker/litecoder-terminal--dsa-lattice-nonce-recovery:opencode-1.15.4-5eeadc2df8ba
ecommerce-etl-star-schema	/Users/bytedance/CodeField/LiteCoder-Terminal-opencode/ecommerce-etl-star-schema	/Users/bytedance/CodeField/LiteCoder-Terminal-opencode/ecommerce-etl-star-schema/environment	/Users/bytedance/CodeField/LiteCoder-Terminal-opencode/ecommerce-etl-star-schema/environment/Dockerfile.prebuilt	hub.byted.org/dwn_open_docker/litecoder-terminal--ecommerce-etl-star-schema:opencode-1.15.4-4cb9222c0111
ecommerce-sales-analytics	/Users/bytedance/CodeField/LiteCoder-Terminal-opencode/ecommerce-sales-analytics	/Users/bytedance/CodeField/LiteCoder-Terminal-opencode/ecommerce-sales-analytics/environment	/Users/bytedance/CodeField/LiteCoder-Terminal-opencode/ecommerce-sales-analytics/environment/Dockerfile.prebuilt	hub.byted.org/dwn_open_docker/litecoder-terminal--ecommerce-sales-analytics:opencode-1.15.4-39cd3d047d8f
ecommerce-sales-dashboard	/Users/bytedance/CodeField/LiteCoder-Terminal-opencode/ecommerce-sales-dashboard	/Users/bytedance/CodeField/LiteCoder-Terminal-opencode/ecommerce-sales-dashboard/environment	/Users/bytedance/CodeField/LiteCoder-Terminal-opencode/ecommerce-sales-dashboard/environment/Dockerfile.prebuilt	hub.byted.org/dwn_open_docker/litecoder-terminal--ecommerce-sales-dashboard:opencode-1.15.4-020dcdae5e8a
ecommerce-sales-data-analysis	/Users/bytedance/CodeField/LiteCoder-Terminal-opencode/ecommerce-sales-data-analysis	/Users/bytedance/CodeField/LiteCoder-Terminal-opencode/ecommerce-sales-data-analysis/environment	/Users/bytedance/CodeField/LiteCoder-Terminal-opencode/ecommerce-sales-data-analysis/environment/Dockerfile.prebuilt	hub.byted.org/dwn_open_docker/litecoder-terminal--ecommerce-sales-data-analysis:opencode-1.15.4-5b9a77ded793
efficientnet-focal-loss-cifar10	/Users/bytedance/CodeField/LiteCoder-Terminal-opencode/efficientnet-focal-loss-cifar10	/Users/bytedance/CodeField/LiteCoder-Terminal-opencode/efficientnet-focal-loss-cifar10/environment	/Users/bytedance/CodeField/LiteCoder-Terminal-opencode/efficientnet-focal-loss-cifar10/environment/Dockerfile.prebuilt	hub.byted.org/dwn_open_docker/litecoder-terminal--efficientnet-focal-loss-cifar10:opencode-1.15.4-7dcc4e6373c5
embedded-rust-build-setup	/Users/bytedance/CodeField/LiteCoder-Terminal-opencode/embedded-rust-build-setup	/Users/bytedance/CodeField/LiteCoder-Terminal-opencode/embedded-rust-build-setup/environment	/Users/bytedance/CodeField/LiteCoder-Terminal-opencode/embedded-rust-build-setup/environment/Dockerfile.prebuilt	hub.byted.org/dwn_open_docker/litecoder-terminal--embedded-rust-build-setup:opencode-1.15.4-f57bf32f4a48
emscripten-wasm-primes-build	/Users/bytedance/CodeField/LiteCoder-Terminal-opencode/emscripten-wasm-primes-build	/Users/bytedance/CodeField/LiteCoder-Terminal-opencode/emscripten-wasm-primes-build/environment	/Users/bytedance/CodeField/LiteCoder-Terminal-opencode/emscripten-wasm-primes-build/environment/Dockerfile.prebuilt	hub.byted.org/dwn_open_docker/litecoder-terminal--emscripten-wasm-primes-build:opencode-1.15.4-950c42761cbb
encrypted-disk-image-forensics	/Users/bytedance/CodeField/LiteCoder-Terminal-opencode/encrypted-disk-image-forensics	/Users/bytedance/CodeField/LiteCoder-Terminal-opencode/encrypted-disk-image-forensics/environment	/Users/bytedance/CodeField/LiteCoder-Terminal-opencode/encrypted-disk-image-forensics/environment/Dockerfile.prebuilt	hub.byted.org/dwn_open_docker/litecoder-terminal--encrypted-disk-image-forensics:opencode-1.15.4-72ce2a940d85
encrypted-time-capsule-system	/Users/bytedance/CodeField/LiteCoder-Terminal-opencode/encrypted-time-capsule-system	/Users/bytedance/CodeField/LiteCoder-Terminal-opencode/encrypted-time-capsule-system/environment	/Users/bytedance/CodeField/LiteCoder-Terminal-opencode/encrypted-time-capsule-system/environment/Dockerfile.prebuilt	hub.byted.org/dwn_open_docker/litecoder-terminal--encrypted-time-capsule-system:opencode-1.15.4-c21d1d2cf24b
eval-summarization-rouge-bench	/Users/bytedance/CodeField/LiteCoder-Terminal-opencode/eval-summarization-rouge-bench	/Users/bytedance/CodeField/LiteCoder-Terminal-opencode/eval-summarization-rouge-bench/environment	/Users/bytedance/CodeField/LiteCoder-Terminal-opencode/eval-summarization-rouge-bench/environment/Dockerfile.prebuilt	hub.byted.org/dwn_open_docker/litecoder-terminal--eval-summarization-rouge-bench:opencode-1.15.4-0aa50d725df6
extract-elf-hidden-secrets	/Users/bytedance/CodeField/LiteCoder-Terminal-opencode/extract-elf-hidden-secrets	/Users/bytedance/CodeField/LiteCoder-Terminal-opencode/extract-elf-hidden-secrets/environment	/Users/bytedance/CodeField/LiteCoder-Terminal-opencode/extract-elf-hidden-secrets/environment/Dockerfile.prebuilt	hub.byted.org/dwn_open_docker/litecoder-terminal--extract-elf-hidden-secrets:opencode-1.15.4-dd033ee89ec5
extract-hidden-pdf-text	/Users/bytedance/CodeField/LiteCoder-Terminal-opencode/extract-hidden-pdf-text	/Users/bytedance/CodeField/LiteCoder-Terminal-opencode/extract-hidden-pdf-text/environment	/Users/bytedance/CodeField/LiteCoder-Terminal-opencode/extract-hidden-pdf-text/environment/Dockerfile.prebuilt	hub.byted.org/dwn_open_docker/litecoder-terminal--extract-hidden-pdf-text:opencode-1.15.4-eba232175585
extract-ssh-key-message	/Users/bytedance/CodeField/LiteCoder-Terminal-opencode/extract-ssh-key-message	/Users/bytedance/CodeField/LiteCoder-Terminal-opencode/extract-ssh-key-message/environment	/Users/bytedance/CodeField/LiteCoder-Terminal-opencode/extract-ssh-key-message/environment/Dockerfile.prebuilt	hub.byted.org/dwn_open_docker/litecoder-terminal--extract-ssh-key-message:opencode-1.15.4-1d7e547c9eab
fashion-mnist-cnn-pipeline	/Users/bytedance/CodeField/LiteCoder-Terminal-opencode/fashion-mnist-cnn-pipeline	/Users/bytedance/CodeField/LiteCoder-Terminal-opencode/fashion-mnist-cnn-pipeline/environment	/Users/bytedance/CodeField/LiteCoder-Terminal-opencode/fashion-mnist-cnn-pipeline/environment/Dockerfile.prebuilt	hub.byted.org/dwn_open_docker/litecoder-terminal--fashion-mnist-cnn-pipeline:opencode-1.15.4-eba232175585
fashion-mnist-cnn-training	/Users/bytedance/CodeField/LiteCoder-Terminal-opencode/fashion-mnist-cnn-training	/Users/bytedance/CodeField/LiteCoder-Terminal-opencode/fashion-mnist-cnn-training/environment	/Users/bytedance/CodeField/LiteCoder-Terminal-opencode/fashion-mnist-cnn-training/environment/Dockerfile.prebuilt	hub.byted.org/dwn_open_docker/litecoder-terminal--fashion-mnist-cnn-training:opencode-1.15.4-eba232175585
financial-headline-sentiment-api	/Users/bytedance/CodeField/LiteCoder-Terminal-opencode/financial-headline-sentiment-api	/Users/bytedance/CodeField/LiteCoder-Terminal-opencode/financial-headline-sentiment-api/environment	/Users/bytedance/CodeField/LiteCoder-Terminal-opencode/financial-headline-sentiment-api/environment/Dockerfile.prebuilt	hub.byted.org/dwn_open_docker/litecoder-terminal--financial-headline-sentiment-api:opencode-1.15.4-052d0fce3d6b
find-encrypted-pdf-file	/Users/bytedance/CodeField/LiteCoder-Terminal-opencode/find-encrypted-pdf-file	/Users/bytedance/CodeField/LiteCoder-Terminal-opencode/find-encrypted-pdf-file/environment	/Users/bytedance/CodeField/LiteCoder-Terminal-opencode/find-encrypted-pdf-file/environment/Dockerfile.prebuilt	hub.byted.org/dwn_open_docker/litecoder-terminal--find-encrypted-pdf-file:opencode-1.15.4-c97571a1b2aa
finetune-llm-sql-pipeline	/Users/bytedance/CodeField/LiteCoder-Terminal-opencode/finetune-llm-sql-pipeline	/Users/bytedance/CodeField/LiteCoder-Terminal-opencode/finetune-llm-sql-pipeline/environment	/Users/bytedance/CodeField/LiteCoder-Terminal-opencode/finetune-llm-sql-pipeline/environment/Dockerfile.prebuilt	hub.byted.org/dwn_open_docker/litecoder-terminal--finetune-llm-sql-pipeline:opencode-1.15.4-020dcdae5e8a
fix-autotools-cross-compile	/Users/bytedance/CodeField/LiteCoder-Terminal-opencode/fix-autotools-cross-compile	/Users/bytedance/CodeField/LiteCoder-Terminal-opencode/fix-autotools-cross-compile/environment	/Users/bytedance/CodeField/LiteCoder-Terminal-opencode/fix-autotools-cross-compile/environment/Dockerfile.prebuilt	hub.byted.org/dwn_open_docker/litecoder-terminal--fix-autotools-cross-compile:opencode-1.15.4-8bd4aa8b145b
fix-broken-build-system	/Users/bytedance/CodeField/LiteCoder-Terminal-opencode/fix-broken-build-system	/Users/bytedance/CodeField/LiteCoder-Terminal-opencode/fix-broken-build-system/environment	/Users/bytedance/CodeField/LiteCoder-Terminal-opencode/fix-broken-build-system/environment/Dockerfile.prebuilt	hub.byted.org/dwn_open_docker/litecoder-terminal--fix-broken-build-system:opencode-1.15.4-e0e436817b99
fix-broken-mysql-replication	/Users/bytedance/CodeField/LiteCoder-Terminal-opencode/fix-broken-mysql-replication	/Users/bytedance/CodeField/LiteCoder-Terminal-opencode/fix-broken-mysql-replication/environment	/Users/bytedance/CodeField/LiteCoder-Terminal-opencode/fix-broken-mysql-replication/environment/Dockerfile.prebuilt	hub.byted.org/dwn_open_docker/litecoder-terminal--fix-broken-mysql-replication:opencode-1.15.4-0bc852e25f6a
fix-broken-python3-env	/Users/bytedance/CodeField/LiteCoder-Terminal-opencode/fix-broken-python3-env	/Users/bytedance/CodeField/LiteCoder-Terminal-opencode/fix-broken-python3-env/environment	/Users/bytedance/CodeField/LiteCoder-Terminal-opencode/fix-broken-python3-env/environment/Dockerfile.prebuilt	hub.byted.org/dwn_open_docker/litecoder-terminal--fix-broken-python3-env:opencode-1.15.4-6f094e15e9f8
fix-cmake-gcc-clang-compat	/Users/bytedance/CodeField/LiteCoder-Terminal-opencode/fix-cmake-gcc-clang-compat	/Users/bytedance/CodeField/LiteCoder-Terminal-opencode/fix-cmake-gcc-clang-compat/environment	/Users/bytedance/CodeField/LiteCoder-Terminal-opencode/fix-cmake-gcc-clang-compat/environment/Dockerfile.prebuilt	hub.byted.org/dwn_open_docker/litecoder-terminal--fix-cmake-gcc-clang-compat:opencode-1.15.4-277657f5e29f
fix-corrupt-git-repo	/Users/bytedance/CodeField/LiteCoder-Terminal-opencode/fix-corrupt-git-repo	/Users/bytedance/CodeField/LiteCoder-Terminal-opencode/fix-corrupt-git-repo/environment	/Users/bytedance/CodeField/LiteCoder-Terminal-opencode/fix-corrupt-git-repo/environment/Dockerfile.prebuilt	hub.byted.org/dwn_open_docker/litecoder-terminal--fix-corrupt-git-repo:opencode-1.15.4-17cf2b1b2124
fix-docker-reboot-failure	/Users/bytedance/CodeField/LiteCoder-Terminal-opencode/fix-docker-reboot-failure	/Users/bytedance/CodeField/LiteCoder-Terminal-opencode/fix-docker-reboot-failure/environment	/Users/bytedance/CodeField/LiteCoder-Terminal-opencode/fix-docker-reboot-failure/environment/Dockerfile.prebuilt	hub.byted.org/dwn_open_docker/litecoder-terminal--fix-docker-reboot-failure:opencode-1.15.4-67d4f8107baf
fix-nginx-config-recovery	/Users/bytedance/CodeField/LiteCoder-Terminal-opencode/fix-nginx-config-recovery	/Users/bytedance/CodeField/LiteCoder-Terminal-opencode/fix-nginx-config-recovery/environment	/Users/bytedance/CodeField/LiteCoder-Terminal-opencode/fix-nginx-config-recovery/environment/Dockerfile.prebuilt	hub.byted.org/dwn_open_docker/litecoder-terminal--fix-nginx-config-recovery:opencode-1.15.4-04bdec1b0ea9
fix-recursive-make-build	/Users/bytedance/CodeField/LiteCoder-Terminal-opencode/fix-recursive-make-build	/Users/bytedance/CodeField/LiteCoder-Terminal-opencode/fix-recursive-make-build/environment	/Users/bytedance/CodeField/LiteCoder-Terminal-opencode/fix-recursive-make-build/environment/Dockerfile.prebuilt	hub.byted.org/dwn_open_docker/litecoder-terminal--fix-recursive-make-build:opencode-1.15.4-42c897405e32
flask-crypto-market-dashboard	/Users/bytedance/CodeField/LiteCoder-Terminal-opencode/flask-crypto-market-dashboard	/Users/bytedance/CodeField/LiteCoder-Terminal-opencode/flask-crypto-market-dashboard/environment	/Users/bytedance/CodeField/LiteCoder-Terminal-opencode/flask-crypto-market-dashboard/environment/Dockerfile.prebuilt	hub.byted.org/dwn_open_docker/litecoder-terminal--flask-crypto-market-dashboard:opencode-1.15.4-39e335be7e6f
flask-docker-nginx-ssl	/Users/bytedance/CodeField/LiteCoder-Terminal-opencode/flask-docker-nginx-ssl	/Users/bytedance/CodeField/LiteCoder-Terminal-opencode/flask-docker-nginx-ssl/environment	/Users/bytedance/CodeField/LiteCoder-Terminal-opencode/flask-docker-nginx-ssl/environment/Dockerfile.prebuilt	hub.byted.org/dwn_open_docker/litecoder-terminal--flask-docker-nginx-ssl:opencode-1.15.4-2398cc6b5630
flask-nginx-gunicorn-setup	/Users/bytedance/CodeField/LiteCoder-Terminal-opencode/flask-nginx-gunicorn-setup	/Users/bytedance/CodeField/LiteCoder-Terminal-opencode/flask-nginx-gunicorn-setup/environment	/Users/bytedance/CodeField/LiteCoder-Terminal-opencode/flask-nginx-gunicorn-setup/environment/Dockerfile.prebuilt	hub.byted.org/dwn_open_docker/litecoder-terminal--flask-nginx-gunicorn-setup:opencode-1.15.4-80c07382ecf4
flask-nginx-postgres-deploy	/Users/bytedance/CodeField/LiteCoder-Terminal-opencode/flask-nginx-postgres-deploy	/Users/bytedance/CodeField/LiteCoder-Terminal-opencode/flask-nginx-postgres-deploy/environment	/Users/bytedance/CodeField/LiteCoder-Terminal-opencode/flask-nginx-postgres-deploy/environment/Dockerfile.prebuilt	hub.byted.org/dwn_open_docker/litecoder-terminal--flask-nginx-postgres-deploy:opencode-1.15.4-eba232175585
flask-nginx-ssl-deploy	/Users/bytedance/CodeField/LiteCoder-Terminal-opencode/flask-nginx-ssl-deploy	/Users/bytedance/CodeField/LiteCoder-Terminal-opencode/flask-nginx-ssl-deploy/environment	/Users/bytedance/CodeField/LiteCoder-Terminal-opencode/flask-nginx-ssl-deploy/environment/Dockerfile.prebuilt	hub.byted.org/dwn_open_docker/litecoder-terminal--flask-nginx-ssl-deploy:opencode-1.15.4-020dcdae5e8a
fraud-detection-pipeline	/Users/bytedance/CodeField/LiteCoder-Terminal-opencode/fraud-detection-pipeline	/Users/bytedance/CodeField/LiteCoder-Terminal-opencode/fraud-detection-pipeline/environment	/Users/bytedance/CodeField/LiteCoder-Terminal-opencode/fraud-detection-pipeline/environment/Dockerfile.prebuilt	hub.byted.org/dwn_open_docker/litecoder-terminal--fraud-detection-pipeline:opencode-1.15.4-8ce068ac28b5
gcc-aarch64-cross-toolchain	/Users/bytedance/CodeField/LiteCoder-Terminal-opencode/gcc-aarch64-cross-toolchain	/Users/bytedance/CodeField/LiteCoder-Terminal-opencode/gcc-aarch64-cross-toolchain/environment	/Users/bytedance/CodeField/LiteCoder-Terminal-opencode/gcc-aarch64-cross-toolchain/environment/Dockerfile.prebuilt	hub.byted.org/dwn_open_docker/litecoder-terminal--gcc-aarch64-cross-toolchain:opencode-1.15.4-970cdf9be300
gdb-reverse-debug-memory-bug	/Users/bytedance/CodeField/LiteCoder-Terminal-opencode/gdb-reverse-debug-memory-bug	/Users/bytedance/CodeField/LiteCoder-Terminal-opencode/gdb-reverse-debug-memory-bug/environment	/Users/bytedance/CodeField/LiteCoder-Terminal-opencode/gdb-reverse-debug-memory-bug/environment/Dockerfile.prebuilt	hub.byted.org/dwn_open_docker/litecoder-terminal--gdb-reverse-debug-memory-bug:opencode-1.15.4-946871aa780a
generate-pki-openssl-script	/Users/bytedance/CodeField/LiteCoder-Terminal-opencode/generate-pki-openssl-script	/Users/bytedance/CodeField/LiteCoder-Terminal-opencode/generate-pki-openssl-script/environment	/Users/bytedance/CodeField/LiteCoder-Terminal-opencode/generate-pki-openssl-script/environment/Dockerfile.prebuilt	hub.byted.org/dwn_open_docker/litecoder-terminal--generate-pki-openssl-script:opencode-1.15.4-970cdf9be300
git-audit-malicious-recovery	/Users/bytedance/CodeField/LiteCoder-Terminal-opencode/git-audit-malicious-recovery	/Users/bytedance/CodeField/LiteCoder-Terminal-opencode/git-audit-malicious-recovery/environment	/Users/bytedance/CodeField/LiteCoder-Terminal-opencode/git-audit-malicious-recovery/environment/Dockerfile.prebuilt	hub.byted.org/dwn_open_docker/litecoder-terminal--git-audit-malicious-recovery:opencode-1.15.4-4c9c7f47afa3
git-bisect-automation-script	/Users/bytedance/CodeField/LiteCoder-Terminal-opencode/git-bisect-automation-script	/Users/bytedance/CodeField/LiteCoder-Terminal-opencode/git-bisect-automation-script/environment	/Users/bytedance/CodeField/LiteCoder-Terminal-opencode/git-bisect-automation-script/environment/Dockerfile.prebuilt	hub.byted.org/dwn_open_docker/litecoder-terminal--git-bisect-automation-script:opencode-1.15.4-615eded4ff9b
git-bisect-bug-hunt	/Users/bytedance/CodeField/LiteCoder-Terminal-opencode/git-bisect-bug-hunt	/Users/bytedance/CodeField/LiteCoder-Terminal-opencode/git-bisect-bug-hunt/environment	/Users/bytedance/CodeField/LiteCoder-Terminal-opencode/git-bisect-bug-hunt/environment/Dockerfile.prebuilt	hub.byted.org/dwn_open_docker/litecoder-terminal--git-bisect-bug-hunt:opencode-1.15.4-946871aa780a
git-bisect-python-regression	/Users/bytedance/CodeField/LiteCoder-Terminal-opencode/git-bisect-python-regression	/Users/bytedance/CodeField/LiteCoder-Terminal-opencode/git-bisect-python-regression/environment	/Users/bytedance/CodeField/LiteCoder-Terminal-opencode/git-bisect-python-regression/environment/Dockerfile.prebuilt	hub.byted.org/dwn_open_docker/litecoder-terminal--git-bisect-python-regression:opencode-1.15.4-835fcb0de1e4
git-bisect-webserver-crash	/Users/bytedance/CodeField/LiteCoder-Terminal-opencode/git-bisect-webserver-crash	/Users/bytedance/CodeField/LiteCoder-Terminal-opencode/git-bisect-webserver-crash/environment	/Users/bytedance/CodeField/LiteCoder-Terminal-opencode/git-bisect-webserver-crash/environment/Dockerfile.prebuilt	hub.byted.org/dwn_open_docker/litecoder-terminal--git-bisect-webserver-crash:opencode-1.15.4-946871aa780a
git-branch-cleanup-history	/Users/bytedance/CodeField/LiteCoder-Terminal-opencode/git-branch-cleanup-history	/Users/bytedance/CodeField/LiteCoder-Terminal-opencode/git-branch-cleanup-history/environment	/Users/bytedance/CodeField/LiteCoder-Terminal-opencode/git-branch-cleanup-history/environment/Dockerfile.prebuilt	hub.byted.org/dwn_open_docker/litecoder-terminal--git-branch-cleanup-history:opencode-1.15.4-f655d337c706
git-branch-tag-cleanup	/Users/bytedance/CodeField/LiteCoder-Terminal-opencode/git-branch-tag-cleanup	/Users/bytedance/CodeField/LiteCoder-Terminal-opencode/git-branch-tag-cleanup/environment	/Users/bytedance/CodeField/LiteCoder-Terminal-opencode/git-branch-tag-cleanup/environment/Dockerfile.prebuilt	hub.byted.org/dwn_open_docker/litecoder-terminal--git-branch-tag-cleanup:opencode-1.15.4-33221f24014c
git-calculator-workflow	/Users/bytedance/CodeField/LiteCoder-Terminal-opencode/git-calculator-workflow	/Users/bytedance/CodeField/LiteCoder-Terminal-opencode/git-calculator-workflow/environment	/Users/bytedance/CodeField/LiteCoder-Terminal-opencode/git-calculator-workflow/environment/Dockerfile.prebuilt	hub.byted.org/dwn_open_docker/litecoder-terminal--git-calculator-workflow:opencode-1.15.4-5841f3d655fd
git-cherrypick-conflict-resolution	/Users/bytedance/CodeField/LiteCoder-Terminal-opencode/git-cherrypick-conflict-resolution	/Users/bytedance/CodeField/LiteCoder-Terminal-opencode/git-cherrypick-conflict-resolution/environment	/Users/bytedance/CodeField/LiteCoder-Terminal-opencode/git-cherrypick-conflict-resolution/environment/Dockerfile.prebuilt	hub.byted.org/dwn_open_docker/litecoder-terminal--git-cherrypick-conflict-resolution:opencode-1.15.4-6b0c679aa645
git-commit-history-export	/Users/bytedance/CodeField/LiteCoder-Terminal-opencode/git-commit-history-export	/Users/bytedance/CodeField/LiteCoder-Terminal-opencode/git-commit-history-export/environment	/Users/bytedance/CodeField/LiteCoder-Terminal-opencode/git-commit-history-export/environment/Dockerfile.prebuilt	hub.byted.org/dwn_open_docker/litecoder-terminal--git-commit-history-export:opencode-1.15.4-946871aa780a
git-disaster-recovery-sim	/Users/bytedance/CodeField/LiteCoder-Terminal-opencode/git-disaster-recovery-sim	/Users/bytedance/CodeField/LiteCoder-Terminal-opencode/git-disaster-recovery-sim/environment	/Users/bytedance/CodeField/LiteCoder-Terminal-opencode/git-disaster-recovery-sim/environment/Dockerfile.prebuilt	hub.byted.org/dwn_open_docker/litecoder-terminal--git-disaster-recovery-sim:opencode-1.15.4-6c9d258c80bd
git-fork-conflict-resolution	/Users/bytedance/CodeField/LiteCoder-Terminal-opencode/git-fork-conflict-resolution	/Users/bytedance/CodeField/LiteCoder-Terminal-opencode/git-fork-conflict-resolution/environment	/Users/bytedance/CodeField/LiteCoder-Terminal-opencode/git-fork-conflict-resolution/environment/Dockerfile.prebuilt	hub.byted.org/dwn_open_docker/litecoder-terminal--git-fork-conflict-resolution:opencode-1.15.4-946871aa780a
git-history-clean-recover	/Users/bytedance/CodeField/LiteCoder-Terminal-opencode/git-history-clean-recover	/Users/bytedance/CodeField/LiteCoder-Terminal-opencode/git-history-clean-recover/environment	/Users/bytedance/CodeField/LiteCoder-Terminal-opencode/git-history-clean-recover/environment/Dockerfile.prebuilt	hub.byted.org/dwn_open_docker/litecoder-terminal--git-history-clean-recover:opencode-1.15.4-a404685429cf
git-history-rewrite-migration	/Users/bytedance/CodeField/LiteCoder-Terminal-opencode/git-history-rewrite-migration	/Users/bytedance/CodeField/LiteCoder-Terminal-opencode/git-history-rewrite-migration/environment	/Users/bytedance/CodeField/LiteCoder-Terminal-opencode/git-history-rewrite-migration/environment/Dockerfile.prebuilt	hub.byted.org/dwn_open_docker/litecoder-terminal--git-history-rewrite-migration:opencode-1.15.4-50005363c466
git-history-rewrite-recovery	/Users/bytedance/CodeField/LiteCoder-Terminal-opencode/git-history-rewrite-recovery	/Users/bytedance/CodeField/LiteCoder-Terminal-opencode/git-history-rewrite-recovery/environment	/Users/bytedance/CodeField/LiteCoder-Terminal-opencode/git-history-rewrite-recovery/environment/Dockerfile.prebuilt	hub.byted.org/dwn_open_docker/litecoder-terminal--git-history-rewrite-recovery:opencode-1.15.4-2398cc6b5630
git-history-rewrite-recovery__sample_0510_b08a6872	/Users/bytedance/CodeField/LiteCoder-Terminal-opencode/git-history-rewrite-recovery__sample_0510_b08a6872	/Users/bytedance/CodeField/LiteCoder-Terminal-opencode/git-history-rewrite-recovery__sample_0510_b08a6872/environment	/Users/bytedance/CodeField/LiteCoder-Terminal-opencode/git-history-rewrite-recovery__sample_0510_b08a6872/environment/Dockerfile.prebuilt	hub.byted.org/dwn_open_docker/litecoder-terminal--git-history-rewrite-recovery__sample_0510_b08a6872:opencode-1.15.4-020dcdae5e8a
git-interactive-rebase-autosquash	/Users/bytedance/CodeField/LiteCoder-Terminal-opencode/git-interactive-rebase-autosquash	/Users/bytedance/CodeField/LiteCoder-Terminal-opencode/git-interactive-rebase-autosquash/environment	/Users/bytedance/CodeField/LiteCoder-Terminal-opencode/git-interactive-rebase-autosquash/environment/Dockerfile.prebuilt	hub.byted.org/dwn_open_docker/litecoder-terminal--git-interactive-rebase-autosquash:opencode-1.15.4-87ed3a53b505
git-interactive-rebase-edit	/Users/bytedance/CodeField/LiteCoder-Terminal-opencode/git-interactive-rebase-edit	/Users/bytedance/CodeField/LiteCoder-Terminal-opencode/git-interactive-rebase-edit/environment	/Users/bytedance/CodeField/LiteCoder-Terminal-opencode/git-interactive-rebase-edit/environment/Dockerfile.prebuilt	hub.byted.org/dwn_open_docker/litecoder-terminal--git-interactive-rebase-edit:opencode-1.15.4-ae50acf36e52
git-interactive-rebase-patches	/Users/bytedance/CodeField/LiteCoder-Terminal-opencode/git-interactive-rebase-patches	/Users/bytedance/CodeField/LiteCoder-Terminal-opencode/git-interactive-rebase-patches/environment	/Users/bytedance/CodeField/LiteCoder-Terminal-opencode/git-interactive-rebase-patches/environment/Dockerfile.prebuilt	hub.byted.org/dwn_open_docker/litecoder-terminal--git-interactive-rebase-patches:opencode-1.15.4-f7316764d292
git-merge-conflict-resolution	/Users/bytedance/CodeField/LiteCoder-Terminal-opencode/git-merge-conflict-resolution	/Users/bytedance/CodeField/LiteCoder-Terminal-opencode/git-merge-conflict-resolution/environment	/Users/bytedance/CodeField/LiteCoder-Terminal-opencode/git-merge-conflict-resolution/environment/Dockerfile.prebuilt	hub.byted.org/dwn_open_docker/litecoder-terminal--git-merge-conflict-resolution:opencode-1.15.4-dbe9402daa9c
git-merge-conflict-resolution__sample_0014_d71da215	/Users/bytedance/CodeField/LiteCoder-Terminal-opencode/git-merge-conflict-resolution__sample_0014_d71da215	/Users/bytedance/CodeField/LiteCoder-Terminal-opencode/git-merge-conflict-resolution__sample_0014_d71da215/environment	/Users/bytedance/CodeField/LiteCoder-Terminal-opencode/git-merge-conflict-resolution__sample_0014_d71da215/environment/Dockerfile.prebuilt	hub.byted.org/dwn_open_docker/litecoder-terminal--git-merge-conflict-resolution__sample_0014_d71da215:opencode-1.15.4-9f69c8f14a3f
git-merge-strategy-demo	/Users/bytedance/CodeField/LiteCoder-Terminal-opencode/git-merge-strategy-demo	/Users/bytedance/CodeField/LiteCoder-Terminal-opencode/git-merge-strategy-demo/environment	/Users/bytedance/CodeField/LiteCoder-Terminal-opencode/git-merge-strategy-demo/environment/Dockerfile.prebuilt	hub.byted.org/dwn_open_docker/litecoder-terminal--git-merge-strategy-demo:opencode-1.15.4-011c3679312e
git-post-receive-deploy	/Users/bytedance/CodeField/LiteCoder-Terminal-opencode/git-post-receive-deploy	/Users/bytedance/CodeField/LiteCoder-Terminal-opencode/git-post-receive-deploy/environment	/Users/bytedance/CodeField/LiteCoder-Terminal-opencode/git-post-receive-deploy/environment/Dockerfile.prebuilt	hub.byted.org/dwn_open_docker/litecoder-terminal--git-post-receive-deploy:opencode-1.15.4-2bf22e2639e5
git-rebase-reflog-recovery	/Users/bytedance/CodeField/LiteCoder-Terminal-opencode/git-rebase-reflog-recovery	/Users/bytedance/CodeField/LiteCoder-Terminal-opencode/git-rebase-reflog-recovery/environment	/Users/bytedance/CodeField/LiteCoder-Terminal-opencode/git-rebase-reflog-recovery/environment/Dockerfile.prebuilt	hub.byted.org/dwn_open_docker/litecoder-terminal--git-rebase-reflog-recovery:opencode-1.15.4-002e48ddb0c1
git-rebase-squash-exercise	/Users/bytedance/CodeField/LiteCoder-Terminal-opencode/git-rebase-squash-exercise	/Users/bytedance/CodeField/LiteCoder-Terminal-opencode/git-rebase-squash-exercise/environment	/Users/bytedance/CodeField/LiteCoder-Terminal-opencode/git-rebase-squash-exercise/environment/Dockerfile.prebuilt	hub.byted.org/dwn_open_docker/litecoder-terminal--git-rebase-squash-exercise:opencode-1.15.4-0df72a8f7086
git-recovery-workflow	/Users/bytedance/CodeField/LiteCoder-Terminal-opencode/git-recovery-workflow	/Users/bytedance/CodeField/LiteCoder-Terminal-opencode/git-recovery-workflow/environment	/Users/bytedance/CodeField/LiteCoder-Terminal-opencode/git-recovery-workflow/environment/Dockerfile.prebuilt	hub.byted.org/dwn_open_docker/litecoder-terminal--git-recovery-workflow:opencode-1.15.4-a75ec1906e0e
git-reflog-commit-recovery	/Users/bytedance/CodeField/LiteCoder-Terminal-opencode/git-reflog-commit-recovery	/Users/bytedance/CodeField/LiteCoder-Terminal-opencode/git-reflog-commit-recovery/environment	/Users/bytedance/CodeField/LiteCoder-Terminal-opencode/git-reflog-commit-recovery/environment/Dockerfile.prebuilt	hub.byted.org/dwn_open_docker/litecoder-terminal--git-reflog-commit-recovery:opencode-1.15.4-c2d4d792c17d
git-reflog-disaster-recovery	/Users/bytedance/CodeField/LiteCoder-Terminal-opencode/git-reflog-disaster-recovery	/Users/bytedance/CodeField/LiteCoder-Terminal-opencode/git-reflog-disaster-recovery/environment	/Users/bytedance/CodeField/LiteCoder-Terminal-opencode/git-reflog-disaster-recovery/environment/Dockerfile.prebuilt	hub.byted.org/dwn_open_docker/litecoder-terminal--git-reflog-disaster-recovery:opencode-1.15.4-48e56e2f6eb3
git-repo-analysis-cleanup	/Users/bytedance/CodeField/LiteCoder-Terminal-opencode/git-repo-analysis-cleanup	/Users/bytedance/CodeField/LiteCoder-Terminal-opencode/git-repo-analysis-cleanup/environment	/Users/bytedance/CodeField/LiteCoder-Terminal-opencode/git-repo-analysis-cleanup/environment/Dockerfile.prebuilt	hub.byted.org/dwn_open_docker/litecoder-terminal--git-repo-analysis-cleanup:opencode-1.15.4-4008d21ef346
git-repo-audit-cleanup	/Users/bytedance/CodeField/LiteCoder-Terminal-opencode/git-repo-audit-cleanup	/Users/bytedance/CodeField/LiteCoder-Terminal-opencode/git-repo-audit-cleanup/environment	/Users/bytedance/CodeField/LiteCoder-Terminal-opencode/git-repo-audit-cleanup/environment/Dockerfile.prebuilt	hub.byted.org/dwn_open_docker/litecoder-terminal--git-repo-audit-cleanup:opencode-1.15.4-48d053e4958a
git-repo-cleanup-docs	/Users/bytedance/CodeField/LiteCoder-Terminal-opencode/git-repo-cleanup-docs	/Users/bytedance/CodeField/LiteCoder-Terminal-opencode/git-repo-cleanup-docs/environment	/Users/bytedance/CodeField/LiteCoder-Terminal-opencode/git-repo-cleanup-docs/environment/Dockerfile.prebuilt	hub.byted.org/dwn_open_docker/litecoder-terminal--git-repo-cleanup-docs:opencode-1.15.4-dc13c39dade1
git-repo-recovery-cleanup	/Users/bytedance/CodeField/LiteCoder-Terminal-opencode/git-repo-recovery-cleanup	/Users/bytedance/CodeField/LiteCoder-Terminal-opencode/git-repo-recovery-cleanup/environment	/Users/bytedance/CodeField/LiteCoder-Terminal-opencode/git-repo-recovery-cleanup/environment/Dockerfile.prebuilt	hub.byted.org/dwn_open_docker/litecoder-terminal--git-repo-recovery-cleanup:opencode-1.15.4-5661d759469d
git-repo-recovery-manipulation	/Users/bytedance/CodeField/LiteCoder-Terminal-opencode/git-repo-recovery-manipulation	/Users/bytedance/CodeField/LiteCoder-Terminal-opencode/git-repo-recovery-manipulation/environment	/Users/bytedance/CodeField/LiteCoder-Terminal-opencode/git-repo-recovery-manipulation/environment/Dockerfile.prebuilt	hub.byted.org/dwn_open_docker/litecoder-terminal--git-repo-recovery-manipulation:opencode-1.15.4-020dcdae5e8a
git-restore-deleted-file	/Users/bytedance/CodeField/LiteCoder-Terminal-opencode/git-restore-deleted-file	/Users/bytedance/CodeField/LiteCoder-Terminal-opencode/git-restore-deleted-file/environment	/Users/bytedance/CodeField/LiteCoder-Terminal-opencode/git-restore-deleted-file/environment/Dockerfile.prebuilt	hub.byted.org/dwn_open_docker/litecoder-terminal--git-restore-deleted-file:opencode-1.15.4-3db4a27e9dc7
git-rewrite-history-cleanup	/Users/bytedance/CodeField/LiteCoder-Terminal-opencode/git-rewrite-history-cleanup	/Users/bytedance/CodeField/LiteCoder-Terminal-opencode/git-rewrite-history-cleanup/environment	/Users/bytedance/CodeField/LiteCoder-Terminal-opencode/git-rewrite-history-cleanup/environment/Dockerfile.prebuilt	hub.byted.org/dwn_open_docker/litecoder-terminal--git-rewrite-history-cleanup:opencode-1.15.4-6aa84b6cbe0d
git-rollback-stable-commit	/Users/bytedance/CodeField/LiteCoder-Terminal-opencode/git-rollback-stable-commit	/Users/bytedance/CodeField/LiteCoder-Terminal-opencode/git-rollback-stable-commit/environment	/Users/bytedance/CodeField/LiteCoder-Terminal-opencode/git-rollback-stable-commit/environment/Dockerfile.prebuilt	hub.byted.org/dwn_open_docker/litecoder-terminal--git-rollback-stable-commit:opencode-1.15.4-e443ea909029
git-staged-group-commits	/Users/bytedance/CodeField/LiteCoder-Terminal-opencode/git-staged-group-commits	/Users/bytedance/CodeField/LiteCoder-Terminal-opencode/git-staged-group-commits/environment	/Users/bytedance/CodeField/LiteCoder-Terminal-opencode/git-staged-group-commits/environment/Dockerfile.prebuilt	hub.byted.org/dwn_open_docker/litecoder-terminal--git-staged-group-commits:opencode-1.15.4-1695b1596548
git-stash-merge-conflict	/Users/bytedance/CodeField/LiteCoder-Terminal-opencode/git-stash-merge-conflict	/Users/bytedance/CodeField/LiteCoder-Terminal-opencode/git-stash-merge-conflict/environment	/Users/bytedance/CodeField/LiteCoder-Terminal-opencode/git-stash-merge-conflict/environment/Dockerfile.prebuilt	hub.byted.org/dwn_open_docker/litecoder-terminal--git-stash-merge-conflict:opencode-1.15.4-e2923fb138d3
git-stash-workflow-recovery	/Users/bytedance/CodeField/LiteCoder-Terminal-opencode/git-stash-workflow-recovery	/Users/bytedance/CodeField/LiteCoder-Terminal-opencode/git-stash-workflow-recovery/environment	/Users/bytedance/CodeField/LiteCoder-Terminal-opencode/git-stash-workflow-recovery/environment/Dockerfile.prebuilt	hub.byted.org/dwn_open_docker/litecoder-terminal--git-stash-workflow-recovery:opencode-1.15.4-8234ec1338a4
git-stash-workshop-setup	/Users/bytedance/CodeField/LiteCoder-Terminal-opencode/git-stash-workshop-setup	/Users/bytedance/CodeField/LiteCoder-Terminal-opencode/git-stash-workshop-setup/environment	/Users/bytedance/CodeField/LiteCoder-Terminal-opencode/git-stash-workshop-setup/environment/Dockerfile.prebuilt	hub.byted.org/dwn_open_docker/litecoder-terminal--git-stash-workshop-setup:opencode-1.15.4-78907cc23612
git-tree-conflict-resolution	/Users/bytedance/CodeField/LiteCoder-Terminal-opencode/git-tree-conflict-resolution	/Users/bytedance/CodeField/LiteCoder-Terminal-opencode/git-tree-conflict-resolution/environment	/Users/bytedance/CodeField/LiteCoder-Terminal-opencode/git-tree-conflict-resolution/environment/Dockerfile.prebuilt	hub.byted.org/dwn_open_docker/litecoder-terminal--git-tree-conflict-resolution:opencode-1.15.4-6e4e3d6bfa5a
git-workflow-conflict-sim	/Users/bytedance/CodeField/LiteCoder-Terminal-opencode/git-workflow-conflict-sim	/Users/bytedance/CodeField/LiteCoder-Terminal-opencode/git-workflow-conflict-sim/environment	/Users/bytedance/CodeField/LiteCoder-Terminal-opencode/git-workflow-conflict-sim/environment/Dockerfile.prebuilt	hub.byted.org/dwn_open_docker/litecoder-terminal--git-workflow-conflict-sim:opencode-1.15.4-253a3bd6c897
gitflow-branching-audit-script	/Users/bytedance/CodeField/LiteCoder-Terminal-opencode/gitflow-branching-audit-script	/Users/bytedance/CodeField/LiteCoder-Terminal-opencode/gitflow-branching-audit-script/environment	/Users/bytedance/CodeField/LiteCoder-Terminal-opencode/gitflow-branching-audit-script/environment/Dockerfile.prebuilt	hub.byted.org/dwn_open_docker/litecoder-terminal--gitflow-branching-audit-script:opencode-1.15.4-53d0d8b86650
github-collaboration-network	/Users/bytedance/CodeField/LiteCoder-Terminal-opencode/github-collaboration-network	/Users/bytedance/CodeField/LiteCoder-Terminal-opencode/github-collaboration-network/environment	/Users/bytedance/CodeField/LiteCoder-Terminal-opencode/github-collaboration-network/environment/Dockerfile.prebuilt	hub.byted.org/dwn_open_docker/litecoder-terminal--github-collaboration-network:opencode-1.15.4-72b26d33feb8
github-issue-resolution-trends	/Users/bytedance/CodeField/LiteCoder-Terminal-opencode/github-issue-resolution-trends	/Users/bytedance/CodeField/LiteCoder-Terminal-opencode/github-issue-resolution-trends/environment	/Users/bytedance/CodeField/LiteCoder-Terminal-opencode/github-issue-resolution-trends/environment/Dockerfile.prebuilt	hub.byted.org/dwn_open_docker/litecoder-terminal--github-issue-resolution-trends:opencode-1.15.4-4cb9222c0111
github-trending-repo-analysis	/Users/bytedance/CodeField/LiteCoder-Terminal-opencode/github-trending-repo-analysis	/Users/bytedance/CodeField/LiteCoder-Terminal-opencode/github-trending-repo-analysis/environment	/Users/bytedance/CodeField/LiteCoder-Terminal-opencode/github-trending-repo-analysis/environment/Dockerfile.prebuilt	hub.byted.org/dwn_open_docker/litecoder-terminal--github-trending-repo-analysis:opencode-1.15.4-4cb9222c0111
go-gin-static-site-deploy	/Users/bytedance/CodeField/LiteCoder-Terminal-opencode/go-gin-static-site-deploy	/Users/bytedance/CodeField/LiteCoder-Terminal-opencode/go-gin-static-site-deploy/environment	/Users/bytedance/CodeField/LiteCoder-Terminal-opencode/go-gin-static-site-deploy/environment/Dockerfile.prebuilt	hub.byted.org/dwn_open_docker/litecoder-terminal--go-gin-static-site-deploy:opencode-1.15.4-a672811ba8c3
go-rest-api-rate-limiting	/Users/bytedance/CodeField/LiteCoder-Terminal-opencode/go-rest-api-rate-limiting	/Users/bytedance/CodeField/LiteCoder-Terminal-opencode/go-rest-api-rate-limiting/environment	/Users/bytedance/CodeField/LiteCoder-Terminal-opencode/go-rest-api-rate-limiting/environment/Dockerfile.prebuilt	hub.byted.org/dwn_open_docker/litecoder-terminal--go-rest-api-rate-limiting:opencode-1.15.4-9d6fbc0d214a
gpg-key-compromise-recovery	/Users/bytedance/CodeField/LiteCoder-Terminal-opencode/gpg-key-compromise-recovery	/Users/bytedance/CodeField/LiteCoder-Terminal-opencode/gpg-key-compromise-recovery/environment	/Users/bytedance/CodeField/LiteCoder-Terminal-opencode/gpg-key-compromise-recovery/environment/Dockerfile.prebuilt	hub.byted.org/dwn_open_docker/litecoder-terminal--gpg-key-compromise-recovery:opencode-1.15.4-572570763022
gpg-secure-file-transfer	/Users/bytedance/CodeField/LiteCoder-Terminal-opencode/gpg-secure-file-transfer	/Users/bytedance/CodeField/LiteCoder-Terminal-opencode/gpg-secure-file-transfer/environment	/Users/bytedance/CodeField/LiteCoder-Terminal-opencode/gpg-secure-file-transfer/environment/Dockerfile.prebuilt	hub.byted.org/dwn_open_docker/litecoder-terminal--gpg-secure-file-transfer:opencode-1.15.4-49799d45071a
ha-wordpress-glusterfs-cluster	/Users/bytedance/CodeField/LiteCoder-Terminal-opencode/ha-wordpress-glusterfs-cluster	/Users/bytedance/CodeField/LiteCoder-Terminal-opencode/ha-wordpress-glusterfs-cluster/environment	/Users/bytedance/CodeField/LiteCoder-Terminal-opencode/ha-wordpress-glusterfs-cluster/environment/Dockerfile.prebuilt	hub.byted.org/dwn_open_docker/litecoder-terminal--ha-wordpress-glusterfs-cluster:opencode-1.15.4-970cdf9be300
haproxy-docker-load-balancer	/Users/bytedance/CodeField/LiteCoder-Terminal-opencode/haproxy-docker-load-balancer	/Users/bytedance/CodeField/LiteCoder-Terminal-opencode/haproxy-docker-load-balancer/environment	/Users/bytedance/CodeField/LiteCoder-Terminal-opencode/haproxy-docker-load-balancer/environment/Dockerfile.prebuilt	hub.byted.org/dwn_open_docker/litecoder-terminal--haproxy-docker-load-balancer:opencode-1.15.4-b8f6bb660b6a
haproxy-keepalived-failover-stack	/Users/bytedance/CodeField/LiteCoder-Terminal-opencode/haproxy-keepalived-failover-stack	/Users/bytedance/CodeField/LiteCoder-Terminal-opencode/haproxy-keepalived-failover-stack/environment	/Users/bytedance/CodeField/LiteCoder-Terminal-opencode/haproxy-keepalived-failover-stack/environment/Dockerfile.prebuilt	hub.byted.org/dwn_open_docker/litecoder-terminal--haproxy-keepalived-failover-stack:opencode-1.15.4-53ce314bb34a
haproxy-load-balancer-setup	/Users/bytedance/CodeField/LiteCoder-Terminal-opencode/haproxy-load-balancer-setup	/Users/bytedance/CodeField/LiteCoder-Terminal-opencode/haproxy-load-balancer-setup/environment	/Users/bytedance/CodeField/LiteCoder-Terminal-opencode/haproxy-load-balancer-setup/environment/Dockerfile.prebuilt	hub.byted.org/dwn_open_docker/litecoder-terminal--haproxy-load-balancer-setup:opencode-1.15.4-970cdf9be300
haproxy-load-balancer-setup__sample_0020_914465e1	/Users/bytedance/CodeField/LiteCoder-Terminal-opencode/haproxy-load-balancer-setup__sample_0020_914465e1	/Users/bytedance/CodeField/LiteCoder-Terminal-opencode/haproxy-load-balancer-setup__sample_0020_914465e1/environment	/Users/bytedance/CodeField/LiteCoder-Terminal-opencode/haproxy-load-balancer-setup__sample_0020_914465e1/environment/Dockerfile.prebuilt	hub.byted.org/dwn_open_docker/litecoder-terminal--haproxy-load-balancer-setup__sample_0020_914465e1:opencode-1.15.4-eba232175585
harden-apache2-secure-headers	/Users/bytedance/CodeField/LiteCoder-Terminal-opencode/harden-apache2-secure-headers	/Users/bytedance/CodeField/LiteCoder-Terminal-opencode/harden-apache2-secure-headers/environment	/Users/bytedance/CodeField/LiteCoder-Terminal-opencode/harden-apache2-secure-headers/environment/Dockerfile.prebuilt	hub.byted.org/dwn_open_docker/litecoder-terminal--harden-apache2-secure-headers:opencode-1.15.4-56f68b68cdc9
harden-ssh-2fa-key-auth	/Users/bytedance/CodeField/LiteCoder-Terminal-opencode/harden-ssh-2fa-key-auth	/Users/bytedance/CodeField/LiteCoder-Terminal-opencode/harden-ssh-2fa-key-auth/environment	/Users/bytedance/CodeField/LiteCoder-Terminal-opencode/harden-ssh-2fa-key-auth/environment/Dockerfile.prebuilt	hub.byted.org/dwn_open_docker/litecoder-terminal--harden-ssh-2fa-key-auth:opencode-1.15.4-de6b036987bf
harden-ssh-audit-config	/Users/bytedance/CodeField/LiteCoder-Terminal-opencode/harden-ssh-audit-config	/Users/bytedance/CodeField/LiteCoder-Terminal-opencode/harden-ssh-audit-config/environment	/Users/bytedance/CodeField/LiteCoder-Terminal-opencode/harden-ssh-audit-config/environment/Dockerfile.prebuilt	hub.byted.org/dwn_open_docker/litecoder-terminal--harden-ssh-audit-config:opencode-1.15.4-be0080d37771
harden-ssh-server-config	/Users/bytedance/CodeField/LiteCoder-Terminal-opencode/harden-ssh-server-config	/Users/bytedance/CodeField/LiteCoder-Terminal-opencode/harden-ssh-server-config/environment	/Users/bytedance/CodeField/LiteCoder-Terminal-opencode/harden-ssh-server-config/environment/Dockerfile.prebuilt	hub.byted.org/dwn_open_docker/litecoder-terminal--harden-ssh-server-config:opencode-1.15.4-d4dddb272411
hash-length-extension-attack	/Users/bytedance/CodeField/LiteCoder-Terminal-opencode/hash-length-extension-attack	/Users/bytedance/CodeField/LiteCoder-Terminal-opencode/hash-length-extension-attack/environment	/Users/bytedance/CodeField/LiteCoder-Terminal-opencode/hash-length-extension-attack/environment/Dockerfile.prebuilt	hub.byted.org/dwn_open_docker/litecoder-terminal--hash-length-extension-attack:opencode-1.15.4-1fb19ce98b45
higgs-boson-classifier	/Users/bytedance/CodeField/LiteCoder-Terminal-opencode/higgs-boson-classifier	/Users/bytedance/CodeField/LiteCoder-Terminal-opencode/higgs-boson-classifier/environment	/Users/bytedance/CodeField/LiteCoder-Terminal-opencode/higgs-boson-classifier/environment/Dockerfile.prebuilt	hub.byted.org/dwn_open_docker/litecoder-terminal--higgs-boson-classifier:opencode-1.15.4-6c90f321b430
honeypot-log-web-dashboard	/Users/bytedance/CodeField/LiteCoder-Terminal-opencode/honeypot-log-web-dashboard	/Users/bytedance/CodeField/LiteCoder-Terminal-opencode/honeypot-log-web-dashboard/environment	/Users/bytedance/CodeField/LiteCoder-Terminal-opencode/honeypot-log-web-dashboard/environment/Dockerfile.prebuilt	hub.byted.org/dwn_open_docker/litecoder-terminal--honeypot-log-web-dashboard:opencode-1.15.4-43a6bdcb492d
housing-price-grid-search	/Users/bytedance/CodeField/LiteCoder-Terminal-opencode/housing-price-grid-search	/Users/bytedance/CodeField/LiteCoder-Terminal-opencode/housing-price-grid-search/environment	/Users/bytedance/CodeField/LiteCoder-Terminal-opencode/housing-price-grid-search/environment/Dockerfile.prebuilt	hub.byted.org/dwn_open_docker/litecoder-terminal--housing-price-grid-search:opencode-1.15.4-7dcc4e6373c5
http-load-balancer-discovery	/Users/bytedance/CodeField/LiteCoder-Terminal-opencode/http-load-balancer-discovery	/Users/bytedance/CodeField/LiteCoder-Terminal-opencode/http-load-balancer-discovery/environment	/Users/bytedance/CodeField/LiteCoder-Terminal-opencode/http-load-balancer-discovery/environment/Dockerfile.prebuilt	hub.byted.org/dwn_open_docker/litecoder-terminal--http-load-balancer-discovery:opencode-1.15.4-6ea719661f2e
http-load-balancer-health	/Users/bytedance/CodeField/LiteCoder-Terminal-opencode/http-load-balancer-health	/Users/bytedance/CodeField/LiteCoder-Terminal-opencode/http-load-balancer-health/environment	/Users/bytedance/CodeField/LiteCoder-Terminal-opencode/http-load-balancer-health/environment/Dockerfile.prebuilt	hub.byted.org/dwn_open_docker/litecoder-terminal--http-load-balancer-health:opencode-1.15.4-9cf5147f515c
http-replay-response-proxy	/Users/bytedance/CodeField/LiteCoder-Terminal-opencode/http-replay-response-proxy	/Users/bytedance/CodeField/LiteCoder-Terminal-opencode/http-replay-response-proxy/environment	/Users/bytedance/CodeField/LiteCoder-Terminal-opencode/http-replay-response-proxy/environment/Dockerfile.prebuilt	hub.byted.org/dwn_open_docker/litecoder-terminal--http-replay-response-proxy:opencode-1.15.4-43fdc56fe35d
imdb-sentiment-classifier	/Users/bytedance/CodeField/LiteCoder-Terminal-opencode/imdb-sentiment-classifier	/Users/bytedance/CodeField/LiteCoder-Terminal-opencode/imdb-sentiment-classifier/environment	/Users/bytedance/CodeField/LiteCoder-Terminal-opencode/imdb-sentiment-classifier/environment/Dockerfile.prebuilt	hub.byted.org/dwn_open_docker/litecoder-terminal--imdb-sentiment-classifier:opencode-1.15.4-eba232175585
imdb-sentiment-classifier__sample_0136_165380c5	/Users/bytedance/CodeField/LiteCoder-Terminal-opencode/imdb-sentiment-classifier__sample_0136_165380c5	/Users/bytedance/CodeField/LiteCoder-Terminal-opencode/imdb-sentiment-classifier__sample_0136_165380c5/environment	/Users/bytedance/CodeField/LiteCoder-Terminal-opencode/imdb-sentiment-classifier__sample_0136_165380c5/environment/Dockerfile.prebuilt	hub.byted.org/dwn_open_docker/litecoder-terminal--imdb-sentiment-classifier__sample_0136_165380c5:opencode-1.15.4-b3ca03f13a48
imdb-sentiment-ml-comparison	/Users/bytedance/CodeField/LiteCoder-Terminal-opencode/imdb-sentiment-ml-comparison	/Users/bytedance/CodeField/LiteCoder-Terminal-opencode/imdb-sentiment-ml-comparison/environment	/Users/bytedance/CodeField/LiteCoder-Terminal-opencode/imdb-sentiment-ml-comparison/environment/Dockerfile.prebuilt	hub.byted.org/dwn_open_docker/litecoder-terminal--imdb-sentiment-ml-comparison:opencode-1.15.4-eba232175585
insider-trading-email-detection	/Users/bytedance/CodeField/LiteCoder-Terminal-opencode/insider-trading-email-detection	/Users/bytedance/CodeField/LiteCoder-Terminal-opencode/insider-trading-email-detection/environment	/Users/bytedance/CodeField/LiteCoder-Terminal-opencode/insider-trading-email-detection/environment/Dockerfile.prebuilt	hub.byted.org/dwn_open_docker/litecoder-terminal--insider-trading-email-detection:opencode-1.15.4-b880a83d7388
iot-anomaly-clustering	/Users/bytedance/CodeField/LiteCoder-Terminal-opencode/iot-anomaly-clustering	/Users/bytedance/CodeField/LiteCoder-Terminal-opencode/iot-anomaly-clustering/environment	/Users/bytedance/CodeField/LiteCoder-Terminal-opencode/iot-anomaly-clustering/environment/Dockerfile.prebuilt	hub.byted.org/dwn_open_docker/litecoder-terminal--iot-anomaly-clustering:opencode-1.15.4-cfaef5992baa
job-skills-demand-analysis	/Users/bytedance/CodeField/LiteCoder-Terminal-opencode/job-skills-demand-analysis	/Users/bytedance/CodeField/LiteCoder-Terminal-opencode/job-skills-demand-analysis/environment	/Users/bytedance/CodeField/LiteCoder-Terminal-opencode/job-skills-demand-analysis/environment/Dockerfile.prebuilt	hub.byted.org/dwn_open_docker/litecoder-terminal--job-skills-demand-analysis:opencode-1.15.4-b89e47eb0592
k8s-network-policy-setup	/Users/bytedance/CodeField/LiteCoder-Terminal-opencode/k8s-network-policy-setup	/Users/bytedance/CodeField/LiteCoder-Terminal-opencode/k8s-network-policy-setup/environment	/Users/bytedance/CodeField/LiteCoder-Terminal-opencode/k8s-network-policy-setup/environment/Dockerfile.prebuilt	hub.byted.org/dwn_open_docker/litecoder-terminal--k8s-network-policy-setup:opencode-1.15.4-eba232175585
k8s-security-hardening-test	/Users/bytedance/CodeField/LiteCoder-Terminal-opencode/k8s-security-hardening-test	/Users/bytedance/CodeField/LiteCoder-Terminal-opencode/k8s-security-hardening-test/environment	/Users/bytedance/CodeField/LiteCoder-Terminal-opencode/k8s-security-hardening-test/environment/Dockerfile.prebuilt	hub.byted.org/dwn_open_docker/litecoder-terminal--k8s-security-hardening-test:opencode-1.15.4-970cdf9be300
kafka-sentiment-pipeline	/Users/bytedance/CodeField/LiteCoder-Terminal-opencode/kafka-sentiment-pipeline	/Users/bytedance/CodeField/LiteCoder-Terminal-opencode/kafka-sentiment-pipeline/environment	/Users/bytedance/CodeField/LiteCoder-Terminal-opencode/kafka-sentiment-pipeline/environment/Dockerfile.prebuilt	hub.byted.org/dwn_open_docker/litecoder-terminal--kafka-sentiment-pipeline:opencode-1.15.4-3f6b96b8512e
kernel-module-build-env	/Users/bytedance/CodeField/LiteCoder-Terminal-opencode/kernel-module-build-env	/Users/bytedance/CodeField/LiteCoder-Terminal-opencode/kernel-module-build-env/environment	/Users/bytedance/CodeField/LiteCoder-Terminal-opencode/kernel-module-build-env/environment/Dockerfile.prebuilt	hub.byted.org/dwn_open_docker/litecoder-terminal--kernel-module-build-env:opencode-1.15.4-8e10866f9531
kmeans-clustering-from-scratch	/Users/bytedance/CodeField/LiteCoder-Terminal-opencode/kmeans-clustering-from-scratch	/Users/bytedance/CodeField/LiteCoder-Terminal-opencode/kmeans-clustering-from-scratch/environment	/Users/bytedance/CodeField/LiteCoder-Terminal-opencode/kmeans-clustering-from-scratch/environment/Dockerfile.prebuilt	hub.byted.org/dwn_open_docker/litecoder-terminal--kmeans-clustering-from-scratch:opencode-1.15.4-928961a3d3ca
lamp-multi-vhost-setup	/Users/bytedance/CodeField/LiteCoder-Terminal-opencode/lamp-multi-vhost-setup	/Users/bytedance/CodeField/LiteCoder-Terminal-opencode/lamp-multi-vhost-setup/environment	/Users/bytedance/CodeField/LiteCoder-Terminal-opencode/lamp-multi-vhost-setup/environment/Dockerfile.prebuilt	hub.byted.org/dwn_open_docker/litecoder-terminal--lamp-multi-vhost-setup:opencode-1.15.4-946871aa780a
lamp-stack-automated-backup	/Users/bytedance/CodeField/LiteCoder-Terminal-opencode/lamp-stack-automated-backup	/Users/bytedance/CodeField/LiteCoder-Terminal-opencode/lamp-stack-automated-backup/environment	/Users/bytedance/CodeField/LiteCoder-Terminal-opencode/lamp-stack-automated-backup/environment/Dockerfile.prebuilt	hub.byted.org/dwn_open_docker/litecoder-terminal--lamp-stack-automated-backup:opencode-1.15.4-a4c204b46ffa
lemp-monitoring-dashboard-ssl	/Users/bytedance/CodeField/LiteCoder-Terminal-opencode/lemp-monitoring-dashboard-ssl	/Users/bytedance/CodeField/LiteCoder-Terminal-opencode/lemp-monitoring-dashboard-ssl/environment	/Users/bytedance/CodeField/LiteCoder-Terminal-opencode/lemp-monitoring-dashboard-ssl/environment/Dockerfile.prebuilt	hub.byted.org/dwn_open_docker/litecoder-terminal--lemp-monitoring-dashboard-ssl:opencode-1.15.4-970cdf9be300
lemp-ssl-ubuntu-setup	/Users/bytedance/CodeField/LiteCoder-Terminal-opencode/lemp-ssl-ubuntu-setup	/Users/bytedance/CodeField/LiteCoder-Terminal-opencode/lemp-ssl-ubuntu-setup/environment	/Users/bytedance/CodeField/LiteCoder-Terminal-opencode/lemp-ssl-ubuntu-setup/environment/Dockerfile.prebuilt	hub.byted.org/dwn_open_docker/litecoder-terminal--lemp-ssl-ubuntu-setup:opencode-1.15.4-970cdf9be300
lemp-stack-tls13-setup	/Users/bytedance/CodeField/LiteCoder-Terminal-opencode/lemp-stack-tls13-setup	/Users/bytedance/CodeField/LiteCoder-Terminal-opencode/lemp-stack-tls13-setup/environment	/Users/bytedance/CodeField/LiteCoder-Terminal-opencode/lemp-stack-tls13-setup/environment/Dockerfile.prebuilt	hub.byted.org/dwn_open_docker/litecoder-terminal--lemp-stack-tls13-setup:opencode-1.15.4-784bdf93ca8c
lemp-wordpress-ubuntu-setup	/Users/bytedance/CodeField/LiteCoder-Terminal-opencode/lemp-wordpress-ubuntu-setup	/Users/bytedance/CodeField/LiteCoder-Terminal-opencode/lemp-wordpress-ubuntu-setup/environment	/Users/bytedance/CodeField/LiteCoder-Terminal-opencode/lemp-wordpress-ubuntu-setup/environment/Dockerfile.prebuilt	hub.byted.org/dwn_open_docker/litecoder-terminal--lemp-wordpress-ubuntu-setup:opencode-1.15.4-b562d0643855
llvm17-debug-asan-build	/Users/bytedance/CodeField/LiteCoder-Terminal-opencode/llvm17-debug-asan-build	/Users/bytedance/CodeField/LiteCoder-Terminal-opencode/llvm17-debug-asan-build/environment	/Users/bytedance/CodeField/LiteCoder-Terminal-opencode/llvm17-debug-asan-build/environment/Dockerfile.prebuilt	hub.byted.org/dwn_open_docker/litecoder-terminal--llvm17-debug-asan-build:opencode-1.15.4-6d46fb7062b3
loan-risk-ml-pipeline	/Users/bytedance/CodeField/LiteCoder-Terminal-opencode/loan-risk-ml-pipeline	/Users/bytedance/CodeField/LiteCoder-Terminal-opencode/loan-risk-ml-pipeline/environment	/Users/bytedance/CodeField/LiteCoder-Terminal-opencode/loan-risk-ml-pipeline/environment/Dockerfile.prebuilt	hub.byted.org/dwn_open_docker/litecoder-terminal--loan-risk-ml-pipeline:opencode-1.15.4-006ba7361337
local-dns-docker-nginx	/Users/bytedance/CodeField/LiteCoder-Terminal-opencode/local-dns-docker-nginx	/Users/bytedance/CodeField/LiteCoder-Terminal-opencode/local-dns-docker-nginx/environment	/Users/bytedance/CodeField/LiteCoder-Terminal-opencode/local-dns-docker-nginx/environment/Dockerfile.prebuilt	hub.byted.org/dwn_open_docker/litecoder-terminal--local-dns-docker-nginx:opencode-1.15.4-03f82d785090
local-dns-hijack-dev-test	/Users/bytedance/CodeField/LiteCoder-Terminal-opencode/local-dns-hijack-dev-test	/Users/bytedance/CodeField/LiteCoder-Terminal-opencode/local-dns-hijack-dev-test/environment	/Users/bytedance/CodeField/LiteCoder-Terminal-opencode/local-dns-hijack-dev-test/environment/Dockerfile.prebuilt	hub.byted.org/dwn_open_docker/litecoder-terminal--local-dns-hijack-dev-test:opencode-1.15.4-946871aa780a
local-https-nginx-setup	/Users/bytedance/CodeField/LiteCoder-Terminal-opencode/local-https-nginx-setup	/Users/bytedance/CodeField/LiteCoder-Terminal-opencode/local-https-nginx-setup/environment	/Users/bytedance/CodeField/LiteCoder-Terminal-opencode/local-https-nginx-setup/environment/Dockerfile.prebuilt	hub.byted.org/dwn_open_docker/litecoder-terminal--local-https-nginx-setup:opencode-1.15.4-321d6856f9ba
lsb-stego-aes-encrypt	/Users/bytedance/CodeField/LiteCoder-Terminal-opencode/lsb-stego-aes-encrypt	/Users/bytedance/CodeField/LiteCoder-Terminal-opencode/lsb-stego-aes-encrypt/environment	/Users/bytedance/CodeField/LiteCoder-Terminal-opencode/lsb-stego-aes-encrypt/environment/Dockerfile.prebuilt	hub.byted.org/dwn_open_docker/litecoder-terminal--lsb-stego-aes-encrypt:opencode-1.15.4-edbf9b64f7b2
lstm-sp500-direction-predict	/Users/bytedance/CodeField/LiteCoder-Terminal-opencode/lstm-sp500-direction-predict	/Users/bytedance/CodeField/LiteCoder-Terminal-opencode/lstm-sp500-direction-predict/environment	/Users/bytedance/CodeField/LiteCoder-Terminal-opencode/lstm-sp500-direction-predict/environment/Dockerfile.prebuilt	hub.byted.org/dwn_open_docker/litecoder-terminal--lstm-sp500-direction-predict:opencode-1.15.4-1d2352fba3cb
lstm-stock-price-forecast	/Users/bytedance/CodeField/LiteCoder-Terminal-opencode/lstm-stock-price-forecast	/Users/bytedance/CodeField/LiteCoder-Terminal-opencode/lstm-stock-price-forecast/environment	/Users/bytedance/CodeField/LiteCoder-Terminal-opencode/lstm-stock-price-forecast/environment/Dockerfile.prebuilt	hub.byted.org/dwn_open_docker/litecoder-terminal--lstm-stock-price-forecast:opencode-1.15.4-1d2352fba3cb
lvm-storage-expansion-script	/Users/bytedance/CodeField/LiteCoder-Terminal-opencode/lvm-storage-expansion-script	/Users/bytedance/CodeField/LiteCoder-Terminal-opencode/lvm-storage-expansion-script/environment	/Users/bytedance/CodeField/LiteCoder-Terminal-opencode/lvm-storage-expansion-script/environment/Dockerfile.prebuilt	hub.byted.org/dwn_open_docker/litecoder-terminal--lvm-storage-expansion-script:opencode-1.15.4-01ff7af73a2b
lynis-security-hardening__sample_0163_75e884f8	/Users/bytedance/CodeField/LiteCoder-Terminal-opencode/lynis-security-hardening__sample_0163_75e884f8	/Users/bytedance/CodeField/LiteCoder-Terminal-opencode/lynis-security-hardening__sample_0163_75e884f8/environment	/Users/bytedance/CodeField/LiteCoder-Terminal-opencode/lynis-security-hardening__sample_0163_75e884f8/environment/Dockerfile.prebuilt	hub.byted.org/dwn_open_docker/litecoder-terminal--lynis-security-hardening__sample_0163_75e884f8:opencode-1.15.4-b2fcff10b02a
merge-docs-branches	/Users/bytedance/CodeField/LiteCoder-Terminal-opencode/merge-docs-branches	/Users/bytedance/CodeField/LiteCoder-Terminal-opencode/merge-docs-branches/environment	/Users/bytedance/CodeField/LiteCoder-Terminal-opencode/merge-docs-branches/environment/Dockerfile.prebuilt	hub.byted.org/dwn_open_docker/litecoder-terminal--merge-docs-branches:opencode-1.15.4-bc7644f49732
merge-inventory-csv-json	/Users/bytedance/CodeField/LiteCoder-Terminal-opencode/merge-inventory-csv-json	/Users/bytedance/CodeField/LiteCoder-Terminal-opencode/merge-inventory-csv-json/environment	/Users/bytedance/CodeField/LiteCoder-Terminal-opencode/merge-inventory-csv-json/environment/Dockerfile.prebuilt	hub.byted.org/dwn_open_docker/litecoder-terminal--merge-inventory-csv-json:opencode-1.15.4-3076ffa1e6d5
ml-insurance-cross-sell-pipeline	/Users/bytedance/CodeField/LiteCoder-Terminal-opencode/ml-insurance-cross-sell-pipeline	/Users/bytedance/CodeField/LiteCoder-Terminal-opencode/ml-insurance-cross-sell-pipeline/environment	/Users/bytedance/CodeField/LiteCoder-Terminal-opencode/ml-insurance-cross-sell-pipeline/environment/Dockerfile.prebuilt	hub.byted.org/dwn_open_docker/litecoder-terminal--ml-insurance-cross-sell-pipeline:opencode-1.15.4-64a20a166477
ml-text-classifier-shap	/Users/bytedance/CodeField/LiteCoder-Terminal-opencode/ml-text-classifier-shap	/Users/bytedance/CodeField/LiteCoder-Terminal-opencode/ml-text-classifier-shap/environment	/Users/bytedance/CodeField/LiteCoder-Terminal-opencode/ml-text-classifier-shap/environment/Dockerfile.prebuilt	hub.byted.org/dwn_open_docker/litecoder-terminal--ml-text-classifier-shap:opencode-1.15.4-eba232175585
ml-vs-dl-census-benchmark	/Users/bytedance/CodeField/LiteCoder-Terminal-opencode/ml-vs-dl-census-benchmark	/Users/bytedance/CodeField/LiteCoder-Terminal-opencode/ml-vs-dl-census-benchmark/environment	/Users/bytedance/CodeField/LiteCoder-Terminal-opencode/ml-vs-dl-census-benchmark/environment/Dockerfile.prebuilt	hub.byted.org/dwn_open_docker/litecoder-terminal--ml-vs-dl-census-benchmark:opencode-1.15.4-970cdf9be300
mnist-cnn-digit-recognition	/Users/bytedance/CodeField/LiteCoder-Terminal-opencode/mnist-cnn-digit-recognition	/Users/bytedance/CodeField/LiteCoder-Terminal-opencode/mnist-cnn-digit-recognition/environment	/Users/bytedance/CodeField/LiteCoder-Terminal-opencode/mnist-cnn-digit-recognition/environment/Dockerfile.prebuilt	hub.byted.org/dwn_open_docker/litecoder-terminal--mnist-cnn-digit-recognition:opencode-1.15.4-e51456fc5f8c
mnist-cnn-hyperparameter-tuning	/Users/bytedance/CodeField/LiteCoder-Terminal-opencode/mnist-cnn-hyperparameter-tuning	/Users/bytedance/CodeField/LiteCoder-Terminal-opencode/mnist-cnn-hyperparameter-tuning/environment	/Users/bytedance/CodeField/LiteCoder-Terminal-opencode/mnist-cnn-hyperparameter-tuning/environment/Dockerfile.prebuilt	hub.byted.org/dwn_open_docker/litecoder-terminal--mnist-cnn-hyperparameter-tuning:opencode-1.15.4-eba232175585
mnist-cnn-mlp-classifier	/Users/bytedance/CodeField/LiteCoder-Terminal-opencode/mnist-cnn-mlp-classifier	/Users/bytedance/CodeField/LiteCoder-Terminal-opencode/mnist-cnn-mlp-classifier/environment	/Users/bytedance/CodeField/LiteCoder-Terminal-opencode/mnist-cnn-mlp-classifier/environment/Dockerfile.prebuilt	hub.byted.org/dwn_open_docker/litecoder-terminal--mnist-cnn-mlp-classifier:opencode-1.15.4-946871aa780a
mnist-cnn-training-report	/Users/bytedance/CodeField/LiteCoder-Terminal-opencode/mnist-cnn-training-report	/Users/bytedance/CodeField/LiteCoder-Terminal-opencode/mnist-cnn-training-report/environment	/Users/bytedance/CodeField/LiteCoder-Terminal-opencode/mnist-cnn-training-report/environment/Dockerfile.prebuilt	hub.byted.org/dwn_open_docker/litecoder-terminal--mnist-cnn-training-report:opencode-1.15.4-020dcdae5e8a
mnist-denoising-autoencoder	/Users/bytedance/CodeField/LiteCoder-Terminal-opencode/mnist-denoising-autoencoder	/Users/bytedance/CodeField/LiteCoder-Terminal-opencode/mnist-denoising-autoencoder/environment	/Users/bytedance/CodeField/LiteCoder-Terminal-opencode/mnist-denoising-autoencoder/environment/Dockerfile.prebuilt	hub.byted.org/dwn_open_docker/litecoder-terminal--mnist-denoising-autoencoder:opencode-1.15.4-6be18c9739fe
movie-recommendation-engine	/Users/bytedance/CodeField/LiteCoder-Terminal-opencode/movie-recommendation-engine	/Users/bytedance/CodeField/LiteCoder-Terminal-opencode/movie-recommendation-engine/environment	/Users/bytedance/CodeField/LiteCoder-Terminal-opencode/movie-recommendation-engine/environment/Dockerfile.prebuilt	hub.byted.org/dwn_open_docker/litecoder-terminal--movie-recommendation-engine:opencode-1.15.4-09548dc5caee
movie-recommender-matrix-factor	/Users/bytedance/CodeField/LiteCoder-Terminal-opencode/movie-recommender-matrix-factor	/Users/bytedance/CodeField/LiteCoder-Terminal-opencode/movie-recommender-matrix-factor/environment	/Users/bytedance/CodeField/LiteCoder-Terminal-opencode/movie-recommender-matrix-factor/environment/Dockerfile.prebuilt	hub.byted.org/dwn_open_docker/litecoder-terminal--movie-recommender-matrix-factor:opencode-1.15.4-970cdf9be300
multi-arch-docker-go-build	/Users/bytedance/CodeField/LiteCoder-Terminal-opencode/multi-arch-docker-go-build	/Users/bytedance/CodeField/LiteCoder-Terminal-opencode/multi-arch-docker-go-build/environment	/Users/bytedance/CodeField/LiteCoder-Terminal-opencode/multi-arch-docker-go-build/environment/Dockerfile.prebuilt	hub.byted.org/dwn_open_docker/litecoder-terminal--multi-arch-docker-go-build:opencode-1.15.4-970cdf9be300
multi-branch-git-integration	/Users/bytedance/CodeField/LiteCoder-Terminal-opencode/multi-branch-git-integration	/Users/bytedance/CodeField/LiteCoder-Terminal-opencode/multi-branch-git-integration/environment	/Users/bytedance/CodeField/LiteCoder-Terminal-opencode/multi-branch-git-integration/environment/Dockerfile.prebuilt	hub.byted.org/dwn_open_docker/litecoder-terminal--multi-branch-git-integration:opencode-1.15.4-70bc2c517bcc
multi-branch-git-reconciliation	/Users/bytedance/CodeField/LiteCoder-Terminal-opencode/multi-branch-git-reconciliation	/Users/bytedance/CodeField/LiteCoder-Terminal-opencode/multi-branch-git-reconciliation/environment	/Users/bytedance/CodeField/LiteCoder-Terminal-opencode/multi-branch-git-reconciliation/environment/Dockerfile.prebuilt	hub.byted.org/dwn_open_docker/litecoder-terminal--multi-branch-git-reconciliation:opencode-1.15.4-a0d849b04f5c
multi-cipher-payload-decryption	/Users/bytedance/CodeField/LiteCoder-Terminal-opencode/multi-cipher-payload-decryption	/Users/bytedance/CodeField/LiteCoder-Terminal-opencode/multi-cipher-payload-decryption/environment	/Users/bytedance/CodeField/LiteCoder-Terminal-opencode/multi-cipher-payload-decryption/environment/Dockerfile.prebuilt	hub.byted.org/dwn_open_docker/litecoder-terminal--multi-cipher-payload-decryption:opencode-1.15.4-80469430b8db
multi-container-https-compose	/Users/bytedance/CodeField/LiteCoder-Terminal-opencode/multi-container-https-compose	/Users/bytedance/CodeField/LiteCoder-Terminal-opencode/multi-container-https-compose/environment	/Users/bytedance/CodeField/LiteCoder-Terminal-opencode/multi-container-https-compose/environment/Dockerfile.prebuilt	hub.byted.org/dwn_open_docker/litecoder-terminal--multi-container-https-compose:opencode-1.15.4-9bde9aff108b
multi-lang-dev-env-setup	/Users/bytedance/CodeField/LiteCoder-Terminal-opencode/multi-lang-dev-env-setup	/Users/bytedance/CodeField/LiteCoder-Terminal-opencode/multi-lang-dev-env-setup/environment	/Users/bytedance/CodeField/LiteCoder-Terminal-opencode/multi-lang-dev-env-setup/environment/Dockerfile.prebuilt	hub.byted.org/dwn_open_docker/litecoder-terminal--multi-lang-dev-env-setup:opencode-1.15.4-33d160833066
multi-protocol-traffic-analysis	/Users/bytedance/CodeField/LiteCoder-Terminal-opencode/multi-protocol-traffic-analysis	/Users/bytedance/CodeField/LiteCoder-Terminal-opencode/multi-protocol-traffic-analysis/environment	/Users/bytedance/CodeField/LiteCoder-Terminal-opencode/multi-protocol-traffic-analysis/environment/Dockerfile.prebuilt	hub.byted.org/dwn_open_docker/litecoder-terminal--multi-protocol-traffic-analysis:opencode-1.15.4-39e335be7e6f
multi-repo-git-ci-simulator	/Users/bytedance/CodeField/LiteCoder-Terminal-opencode/multi-repo-git-ci-simulator	/Users/bytedance/CodeField/LiteCoder-Terminal-opencode/multi-repo-git-ci-simulator/environment	/Users/bytedance/CodeField/LiteCoder-Terminal-opencode/multi-repo-git-ci-simulator/environment/Dockerfile.prebuilt	hub.byted.org/dwn_open_docker/litecoder-terminal--multi-repo-git-ci-simulator:opencode-1.15.4-c3232c9c6c28
multi-service-docker-compose-setup	/Users/bytedance/CodeField/LiteCoder-Terminal-opencode/multi-service-docker-compose-setup	/Users/bytedance/CodeField/LiteCoder-Terminal-opencode/multi-service-docker-compose-setup/environment	/Users/bytedance/CodeField/LiteCoder-Terminal-opencode/multi-service-docker-compose-setup/environment/Dockerfile.prebuilt	hub.byted.org/dwn_open_docker/litecoder-terminal--multi-service-docker-compose-setup:opencode-1.15.4-f773a6272fba
multi-site-wordpress-docker	/Users/bytedance/CodeField/LiteCoder-Terminal-opencode/multi-site-wordpress-docker	/Users/bytedance/CodeField/LiteCoder-Terminal-opencode/multi-site-wordpress-docker/environment	/Users/bytedance/CodeField/LiteCoder-Terminal-opencode/multi-site-wordpress-docker/environment/Dockerfile.prebuilt	hub.byted.org/dwn_open_docker/litecoder-terminal--multi-site-wordpress-docker:opencode-1.15.4-94de5cbc8c81
multilingual-hate-speech-pipeline	/Users/bytedance/CodeField/LiteCoder-Terminal-opencode/multilingual-hate-speech-pipeline	/Users/bytedance/CodeField/LiteCoder-Terminal-opencode/multilingual-hate-speech-pipeline/environment	/Users/bytedance/CodeField/LiteCoder-Terminal-opencode/multilingual-hate-speech-pipeline/environment/Dockerfile.prebuilt	hub.byted.org/dwn_open_docker/litecoder-terminal--multilingual-hate-speech-pipeline:opencode-1.15.4-26e10a92a08b
multisite-wordpress-docker-cdn	/Users/bytedance/CodeField/LiteCoder-Terminal-opencode/multisite-wordpress-docker-cdn	/Users/bytedance/CodeField/LiteCoder-Terminal-opencode/multisite-wordpress-docker-cdn/environment	/Users/bytedance/CodeField/LiteCoder-Terminal-opencode/multisite-wordpress-docker-cdn/environment/Dockerfile.prebuilt	hub.byted.org/dwn_open_docker/litecoder-terminal--multisite-wordpress-docker-cdn:opencode-1.15.4-e837a6d39d07
musl-static-cross-arch-hello	/Users/bytedance/CodeField/LiteCoder-Terminal-opencode/musl-static-cross-arch-hello	/Users/bytedance/CodeField/LiteCoder-Terminal-opencode/musl-static-cross-arch-hello/environment	/Users/bytedance/CodeField/LiteCoder-Terminal-opencode/musl-static-cross-arch-hello/environment/Dockerfile.prebuilt	hub.byted.org/dwn_open_docker/litecoder-terminal--musl-static-cross-arch-hello:opencode-1.15.4-357cfb1cbafc
mysql-replication-setup	/Users/bytedance/CodeField/LiteCoder-Terminal-opencode/mysql-replication-setup	/Users/bytedance/CodeField/LiteCoder-Terminal-opencode/mysql-replication-setup/environment	/Users/bytedance/CodeField/LiteCoder-Terminal-opencode/mysql-replication-setup/environment/Dockerfile.prebuilt	hub.byted.org/dwn_open_docker/litecoder-terminal--mysql-replication-setup:opencode-1.15.4-946871aa780a
naive-bayes-text-classifier	/Users/bytedance/CodeField/LiteCoder-Terminal-opencode/naive-bayes-text-classifier	/Users/bytedance/CodeField/LiteCoder-Terminal-opencode/naive-bayes-text-classifier/environment	/Users/bytedance/CodeField/LiteCoder-Terminal-opencode/naive-bayes-text-classifier/environment/Dockerfile.prebuilt	hub.byted.org/dwn_open_docker/litecoder-terminal--naive-bayes-text-classifier:opencode-1.15.4-73d2ed063a18
network-namespace-isolation-setup	/Users/bytedance/CodeField/LiteCoder-Terminal-opencode/network-namespace-isolation-setup	/Users/bytedance/CodeField/LiteCoder-Terminal-opencode/network-namespace-isolation-setup/environment	/Users/bytedance/CodeField/LiteCoder-Terminal-opencode/network-namespace-isolation-setup/environment/Dockerfile.prebuilt	hub.byted.org/dwn_open_docker/litecoder-terminal--network-namespace-isolation-setup:opencode-1.15.4-3c9c99898322
network-scan-report-generator	/Users/bytedance/CodeField/LiteCoder-Terminal-opencode/network-scan-report-generator	/Users/bytedance/CodeField/LiteCoder-Terminal-opencode/network-scan-report-generator/environment	/Users/bytedance/CodeField/LiteCoder-Terminal-opencode/network-scan-report-generator/environment/Dockerfile.prebuilt	hub.byted.org/dwn_open_docker/litecoder-terminal--network-scan-report-generator:opencode-1.15.4-945d227a80a8
network-topology-scanner	/Users/bytedance/CodeField/LiteCoder-Terminal-opencode/network-topology-scanner	/Users/bytedance/CodeField/LiteCoder-Terminal-opencode/network-topology-scanner/environment	/Users/bytedance/CodeField/LiteCoder-Terminal-opencode/network-topology-scanner/environment/Dockerfile.prebuilt	hub.byted.org/dwn_open_docker/litecoder-terminal--network-topology-scanner:opencode-1.15.4-cf0296bfb942
network-traffic-analysis-dashboard	/Users/bytedance/CodeField/LiteCoder-Terminal-opencode/network-traffic-analysis-dashboard	/Users/bytedance/CodeField/LiteCoder-Terminal-opencode/network-traffic-analysis-dashboard/environment	/Users/bytedance/CodeField/LiteCoder-Terminal-opencode/network-traffic-analysis-dashboard/environment/Dockerfile.prebuilt	hub.byted.org/dwn_open_docker/litecoder-terminal--network-traffic-analysis-dashboard:opencode-1.15.4-8bc930d438dd
network-traffic-attack-detector	/Users/bytedance/CodeField/LiteCoder-Terminal-opencode/network-traffic-attack-detector	/Users/bytedance/CodeField/LiteCoder-Terminal-opencode/network-traffic-attack-detector/environment	/Users/bytedance/CodeField/LiteCoder-Terminal-opencode/network-traffic-attack-detector/environment/Dockerfile.prebuilt	hub.byted.org/dwn_open_docker/litecoder-terminal--network-traffic-attack-detector:opencode-1.15.4-b50f777fd0fc
news-headline-analyzer	/Users/bytedance/CodeField/LiteCoder-Terminal-opencode/news-headline-analyzer	/Users/bytedance/CodeField/LiteCoder-Terminal-opencode/news-headline-analyzer/environment	/Users/bytedance/CodeField/LiteCoder-Terminal-opencode/news-headline-analyzer/environment/Dockerfile.prebuilt	hub.byted.org/dwn_open_docker/litecoder-terminal--news-headline-analyzer:opencode-1.15.4-14e7fc4b0b0b
news-headline-topic-classifier__sample_0058_6498eda5	/Users/bytedance/CodeField/LiteCoder-Terminal-opencode/news-headline-topic-classifier__sample_0058_6498eda5	/Users/bytedance/CodeField/LiteCoder-Terminal-opencode/news-headline-topic-classifier__sample_0058_6498eda5/environment	/Users/bytedance/CodeField/LiteCoder-Terminal-opencode/news-headline-topic-classifier__sample_0058_6498eda5/environment/Dockerfile.prebuilt	hub.byted.org/dwn_open_docker/litecoder-terminal--news-headline-topic-classifier__sample_0058_6498eda5:opencode-1.15.4-31a1b0d7efe0
news-text-classification-pipeline	/Users/bytedance/CodeField/LiteCoder-Terminal-opencode/news-text-classification-pipeline	/Users/bytedance/CodeField/LiteCoder-Terminal-opencode/news-text-classification-pipeline/environment	/Users/bytedance/CodeField/LiteCoder-Terminal-opencode/news-text-classification-pipeline/environment/Dockerfile.prebuilt	hub.byted.org/dwn_open_docker/litecoder-terminal--news-text-classification-pipeline:opencode-1.15.4-a3abf0258c13
news-topic-classification-sklearn	/Users/bytedance/CodeField/LiteCoder-Terminal-opencode/news-topic-classification-sklearn	/Users/bytedance/CodeField/LiteCoder-Terminal-opencode/news-topic-classification-sklearn/environment	/Users/bytedance/CodeField/LiteCoder-Terminal-opencode/news-topic-classification-sklearn/environment/Dockerfile.prebuilt	hub.byted.org/dwn_open_docker/litecoder-terminal--news-topic-classification-sklearn:opencode-1.15.4-264c280f6e4c
news-topic-classifier	/Users/bytedance/CodeField/LiteCoder-Terminal-opencode/news-topic-classifier	/Users/bytedance/CodeField/LiteCoder-Terminal-opencode/news-topic-classifier/environment	/Users/bytedance/CodeField/LiteCoder-Terminal-opencode/news-topic-classifier/environment/Dockerfile.prebuilt	hub.byted.org/dwn_open_docker/litecoder-terminal--news-topic-classifier:opencode-1.15.4-71789c997749
nfs-kerberos-server-setup	/Users/bytedance/CodeField/LiteCoder-Terminal-opencode/nfs-kerberos-server-setup	/Users/bytedance/CodeField/LiteCoder-Terminal-opencode/nfs-kerberos-server-setup/environment	/Users/bytedance/CodeField/LiteCoder-Terminal-opencode/nfs-kerberos-server-setup/environment/Dockerfile.prebuilt	hub.byted.org/dwn_open_docker/litecoder-terminal--nfs-kerberos-server-setup:opencode-1.15.4-0bf3af56ff43
nginx-api-gateway-docker	/Users/bytedance/CodeField/LiteCoder-Terminal-opencode/nginx-api-gateway-docker	/Users/bytedance/CodeField/LiteCoder-Terminal-opencode/nginx-api-gateway-docker/environment	/Users/bytedance/CodeField/LiteCoder-Terminal-opencode/nginx-api-gateway-docker/environment/Dockerfile.prebuilt	hub.byted.org/dwn_open_docker/litecoder-terminal--nginx-api-gateway-docker:opencode-1.15.4-946871aa780a
nginx-consul-service-discovery	/Users/bytedance/CodeField/LiteCoder-Terminal-opencode/nginx-consul-service-discovery	/Users/bytedance/CodeField/LiteCoder-Terminal-opencode/nginx-consul-service-discovery/environment	/Users/bytedance/CodeField/LiteCoder-Terminal-opencode/nginx-consul-service-discovery/environment/Dockerfile.prebuilt	hub.byted.org/dwn_open_docker/litecoder-terminal--nginx-consul-service-discovery:opencode-1.15.4-dd4e454791be
nginx-custom-error-pages	/Users/bytedance/CodeField/LiteCoder-Terminal-opencode/nginx-custom-error-pages	/Users/bytedance/CodeField/LiteCoder-Terminal-opencode/nginx-custom-error-pages/environment	/Users/bytedance/CodeField/LiteCoder-Terminal-opencode/nginx-custom-error-pages/environment/Dockerfile.prebuilt	hub.byted.org/dwn_open_docker/litecoder-terminal--nginx-custom-error-pages:opencode-1.15.4-6e4e3d6bfa5a
nginx-docker-load-balancer	/Users/bytedance/CodeField/LiteCoder-Terminal-opencode/nginx-docker-load-balancer	/Users/bytedance/CodeField/LiteCoder-Terminal-opencode/nginx-docker-load-balancer/environment	/Users/bytedance/CodeField/LiteCoder-Terminal-opencode/nginx-docker-load-balancer/environment/Dockerfile.prebuilt	hub.byted.org/dwn_open_docker/litecoder-terminal--nginx-docker-load-balancer:opencode-1.15.4-970cdf9be300
nginx-docker-load-balancer__sample_0085_a281c734	/Users/bytedance/CodeField/LiteCoder-Terminal-opencode/nginx-docker-load-balancer__sample_0085_a281c734	/Users/bytedance/CodeField/LiteCoder-Terminal-opencode/nginx-docker-load-balancer__sample_0085_a281c734/environment	/Users/bytedance/CodeField/LiteCoder-Terminal-opencode/nginx-docker-load-balancer__sample_0085_a281c734/environment/Dockerfile.prebuilt	hub.byted.org/dwn_open_docker/litecoder-terminal--nginx-docker-load-balancer__sample_0085_a281c734:opencode-1.15.4-31cee412aed0
nginx-docker-load-balancer__sample_0196_af84f729	/Users/bytedance/CodeField/LiteCoder-Terminal-opencode/nginx-docker-load-balancer__sample_0196_af84f729	/Users/bytedance/CodeField/LiteCoder-Terminal-opencode/nginx-docker-load-balancer__sample_0196_af84f729/environment	/Users/bytedance/CodeField/LiteCoder-Terminal-opencode/nginx-docker-load-balancer__sample_0196_af84f729/environment/Dockerfile.prebuilt	hub.byted.org/dwn_open_docker/litecoder-terminal--nginx-docker-load-balancer__sample_0196_af84f729:opencode-1.15.4-06541f27252e
nginx-docker-reverse-proxy	/Users/bytedance/CodeField/LiteCoder-Terminal-opencode/nginx-docker-reverse-proxy	/Users/bytedance/CodeField/LiteCoder-Terminal-opencode/nginx-docker-reverse-proxy/environment	/Users/bytedance/CodeField/LiteCoder-Terminal-opencode/nginx-docker-reverse-proxy/environment/Dockerfile.prebuilt	hub.byted.org/dwn_open_docker/litecoder-terminal--nginx-docker-reverse-proxy:opencode-1.15.4-eba232175585
nginx-docker-ssl-setup	/Users/bytedance/CodeField/LiteCoder-Terminal-opencode/nginx-docker-ssl-setup	/Users/bytedance/CodeField/LiteCoder-Terminal-opencode/nginx-docker-ssl-setup/environment	/Users/bytedance/CodeField/LiteCoder-Terminal-opencode/nginx-docker-ssl-setup/environment/Dockerfile.prebuilt	hub.byted.org/dwn_open_docker/litecoder-terminal--nginx-docker-ssl-setup:opencode-1.15.4-eba232175585
nginx-hardening-deploy-script	/Users/bytedance/CodeField/LiteCoder-Terminal-opencode/nginx-hardening-deploy-script	/Users/bytedance/CodeField/LiteCoder-Terminal-opencode/nginx-hardening-deploy-script/environment	/Users/bytedance/CodeField/LiteCoder-Terminal-opencode/nginx-hardening-deploy-script/environment/Dockerfile.prebuilt	hub.byted.org/dwn_open_docker/litecoder-terminal--nginx-hardening-deploy-script:opencode-1.15.4-970cdf9be300
nginx-https-flask-reverse-proxy	/Users/bytedance/CodeField/LiteCoder-Terminal-opencode/nginx-https-flask-reverse-proxy	/Users/bytedance/CodeField/LiteCoder-Terminal-opencode/nginx-https-flask-reverse-proxy/environment	/Users/bytedance/CodeField/LiteCoder-Terminal-opencode/nginx-https-flask-reverse-proxy/environment/Dockerfile.prebuilt	hub.byted.org/dwn_open_docker/litecoder-terminal--nginx-https-flask-reverse-proxy:opencode-1.15.4-74922d7b4cf1
nginx-letsencrypt-ssl-setup	/Users/bytedance/CodeField/LiteCoder-Terminal-opencode/nginx-letsencrypt-ssl-setup	/Users/bytedance/CodeField/LiteCoder-Terminal-opencode/nginx-letsencrypt-ssl-setup/environment	/Users/bytedance/CodeField/LiteCoder-Terminal-opencode/nginx-letsencrypt-ssl-setup/environment/Dockerfile.prebuilt	hub.byted.org/dwn_open_docker/litecoder-terminal--nginx-letsencrypt-ssl-setup:opencode-1.15.4-970cdf9be300
nginx-multi-backend-proxy	/Users/bytedance/CodeField/LiteCoder-Terminal-opencode/nginx-multi-backend-proxy	/Users/bytedance/CodeField/LiteCoder-Terminal-opencode/nginx-multi-backend-proxy/environment	/Users/bytedance/CodeField/LiteCoder-Terminal-opencode/nginx-multi-backend-proxy/environment/Dockerfile.prebuilt	hub.byted.org/dwn_open_docker/litecoder-terminal--nginx-multi-backend-proxy:opencode-1.15.4-cf6eb354c464
nginx-multi-site-hosting	/Users/bytedance/CodeField/LiteCoder-Terminal-opencode/nginx-multi-site-hosting	/Users/bytedance/CodeField/LiteCoder-Terminal-opencode/nginx-multi-site-hosting/environment	/Users/bytedance/CodeField/LiteCoder-Terminal-opencode/nginx-multi-site-hosting/environment/Dockerfile.prebuilt	hub.byted.org/dwn_open_docker/litecoder-terminal--nginx-multi-site-hosting:opencode-1.15.4-b394cd21ce5c
nginx-multi-vhost-node-proxy	/Users/bytedance/CodeField/LiteCoder-Terminal-opencode/nginx-multi-vhost-node-proxy	/Users/bytedance/CodeField/LiteCoder-Terminal-opencode/nginx-multi-vhost-node-proxy/environment	/Users/bytedance/CodeField/LiteCoder-Terminal-opencode/nginx-multi-vhost-node-proxy/environment/Dockerfile.prebuilt	hub.byted.org/dwn_open_docker/litecoder-terminal--nginx-multi-vhost-node-proxy:opencode-1.15.4-e338a5557131
nginx-multiservice-docker-compose	/Users/bytedance/CodeField/LiteCoder-Terminal-opencode/nginx-multiservice-docker-compose	/Users/bytedance/CodeField/LiteCoder-Terminal-opencode/nginx-multiservice-docker-compose/environment	/Users/bytedance/CodeField/LiteCoder-Terminal-opencode/nginx-multiservice-docker-compose/environment/Dockerfile.prebuilt	hub.byted.org/dwn_open_docker/litecoder-terminal--nginx-multiservice-docker-compose:opencode-1.15.4-eba232175585
nginx-node-mariadb-compose	/Users/bytedance/CodeField/LiteCoder-Terminal-opencode/nginx-node-mariadb-compose	/Users/bytedance/CodeField/LiteCoder-Terminal-opencode/nginx-node-mariadb-compose/environment	/Users/bytedance/CodeField/LiteCoder-Terminal-opencode/nginx-node-mariadb-compose/environment/Dockerfile.prebuilt	hub.byted.org/dwn_open_docker/litecoder-terminal--nginx-node-mariadb-compose:opencode-1.15.4-84429135c1df
nginx-proxy-multi-service-docker	/Users/bytedance/CodeField/LiteCoder-Terminal-opencode/nginx-proxy-multi-service-docker	/Users/bytedance/CodeField/LiteCoder-Terminal-opencode/nginx-proxy-multi-service-docker/environment	/Users/bytedance/CodeField/LiteCoder-Terminal-opencode/nginx-proxy-multi-service-docker/environment/Dockerfile.prebuilt	hub.byted.org/dwn_open_docker/litecoder-terminal--nginx-proxy-multi-service-docker:opencode-1.15.4-970cdf9be300
nginx-rate-limited-web-server	/Users/bytedance/CodeField/LiteCoder-Terminal-opencode/nginx-rate-limited-web-server	/Users/bytedance/CodeField/LiteCoder-Terminal-opencode/nginx-rate-limited-web-server/environment	/Users/bytedance/CodeField/LiteCoder-Terminal-opencode/nginx-rate-limited-web-server/environment/Dockerfile.prebuilt	hub.byted.org/dwn_open_docker/litecoder-terminal--nginx-rate-limited-web-server:opencode-1.15.4-b3e9c3d06c2e
nginx-reverse-proxy-error-pages	/Users/bytedance/CodeField/LiteCoder-Terminal-opencode/nginx-reverse-proxy-error-pages	/Users/bytedance/CodeField/LiteCoder-Terminal-opencode/nginx-reverse-proxy-error-pages/environment	/Users/bytedance/CodeField/LiteCoder-Terminal-opencode/nginx-reverse-proxy-error-pages/environment/Dockerfile.prebuilt	hub.byted.org/dwn_open_docker/litecoder-terminal--nginx-reverse-proxy-error-pages:opencode-1.15.4-c3a65804112b
nginx-reverse-proxy-from-source	/Users/bytedance/CodeField/LiteCoder-Terminal-opencode/nginx-reverse-proxy-from-source	/Users/bytedance/CodeField/LiteCoder-Terminal-opencode/nginx-reverse-proxy-from-source/environment	/Users/bytedance/CodeField/LiteCoder-Terminal-opencode/nginx-reverse-proxy-from-source/environment/Dockerfile.prebuilt	hub.byted.org/dwn_open_docker/litecoder-terminal--nginx-reverse-proxy-from-source:opencode-1.15.4-bc80d1b353d2
nginx-reverse-proxy-health-check	/Users/bytedance/CodeField/LiteCoder-Terminal-opencode/nginx-reverse-proxy-health-check	/Users/bytedance/CodeField/LiteCoder-Terminal-opencode/nginx-reverse-proxy-health-check/environment	/Users/bytedance/CodeField/LiteCoder-Terminal-opencode/nginx-reverse-proxy-health-check/environment/Dockerfile.prebuilt	hub.byted.org/dwn_open_docker/litecoder-terminal--nginx-reverse-proxy-health-check:opencode-1.15.4-eecffbab01b5
nginx-reverse-proxy-node-apis	/Users/bytedance/CodeField/LiteCoder-Terminal-opencode/nginx-reverse-proxy-node-apis	/Users/bytedance/CodeField/LiteCoder-Terminal-opencode/nginx-reverse-proxy-node-apis/environment	/Users/bytedance/CodeField/LiteCoder-Terminal-opencode/nginx-reverse-proxy-node-apis/environment/Dockerfile.prebuilt	hub.byted.org/dwn_open_docker/litecoder-terminal--nginx-reverse-proxy-node-apis:opencode-1.15.4-efd7e7751a27
nginx-reverse-proxy-setup	/Users/bytedance/CodeField/LiteCoder-Terminal-opencode/nginx-reverse-proxy-setup	/Users/bytedance/CodeField/LiteCoder-Terminal-opencode/nginx-reverse-proxy-setup/environment	/Users/bytedance/CodeField/LiteCoder-Terminal-opencode/nginx-reverse-proxy-setup/environment/Dockerfile.prebuilt	hub.byted.org/dwn_open_docker/litecoder-terminal--nginx-reverse-proxy-setup:opencode-1.15.4-f873dde9b653
nginx-reverse-proxy-setup__sample_0014_0f1deff9	/Users/bytedance/CodeField/LiteCoder-Terminal-opencode/nginx-reverse-proxy-setup__sample_0014_0f1deff9	/Users/bytedance/CodeField/LiteCoder-Terminal-opencode/nginx-reverse-proxy-setup__sample_0014_0f1deff9/environment	/Users/bytedance/CodeField/LiteCoder-Terminal-opencode/nginx-reverse-proxy-setup__sample_0014_0f1deff9/environment/Dockerfile.prebuilt	hub.byted.org/dwn_open_docker/litecoder-terminal--nginx-reverse-proxy-setup__sample_0014_0f1deff9:opencode-1.15.4-f3fd3da03111
nginx-reverse-proxy-setup__sample_0649_43f02d40	/Users/bytedance/CodeField/LiteCoder-Terminal-opencode/nginx-reverse-proxy-setup__sample_0649_43f02d40	/Users/bytedance/CodeField/LiteCoder-Terminal-opencode/nginx-reverse-proxy-setup__sample_0649_43f02d40/environment	/Users/bytedance/CodeField/LiteCoder-Terminal-opencode/nginx-reverse-proxy-setup__sample_0649_43f02d40/environment/Dockerfile.prebuilt	hub.byted.org/dwn_open_docker/litecoder-terminal--nginx-reverse-proxy-setup__sample_0649_43f02d40:opencode-1.15.4-8c0454451653
nginx-service-discovery-generator	/Users/bytedance/CodeField/LiteCoder-Terminal-opencode/nginx-service-discovery-generator	/Users/bytedance/CodeField/LiteCoder-Terminal-opencode/nginx-service-discovery-generator/environment	/Users/bytedance/CodeField/LiteCoder-Terminal-opencode/nginx-service-discovery-generator/environment/Dockerfile.prebuilt	hub.byted.org/dwn_open_docker/litecoder-terminal--nginx-service-discovery-generator:opencode-1.15.4-7e8a061ef27c
nginx-ssl-auto-renewal-setup	/Users/bytedance/CodeField/LiteCoder-Terminal-opencode/nginx-ssl-auto-renewal-setup	/Users/bytedance/CodeField/LiteCoder-Terminal-opencode/nginx-ssl-auto-renewal-setup/environment	/Users/bytedance/CodeField/LiteCoder-Terminal-opencode/nginx-ssl-auto-renewal-setup/environment/Dockerfile.prebuilt	hub.byted.org/dwn_open_docker/litecoder-terminal--nginx-ssl-auto-renewal-setup:opencode-1.15.4-29cd9667a2cb
nginx-ssl-deploy-config	/Users/bytedance/CodeField/LiteCoder-Terminal-opencode/nginx-ssl-deploy-config	/Users/bytedance/CodeField/LiteCoder-Terminal-opencode/nginx-ssl-deploy-config/environment	/Users/bytedance/CodeField/LiteCoder-Terminal-opencode/nginx-ssl-deploy-config/environment/Dockerfile.prebuilt	hub.byted.org/dwn_open_docker/litecoder-terminal--nginx-ssl-deploy-config:opencode-1.15.4-ba309017ff14
nginx-ssl-load-balancer	/Users/bytedance/CodeField/LiteCoder-Terminal-opencode/nginx-ssl-load-balancer	/Users/bytedance/CodeField/LiteCoder-Terminal-opencode/nginx-ssl-load-balancer/environment	/Users/bytedance/CodeField/LiteCoder-Terminal-opencode/nginx-ssl-load-balancer/environment/Dockerfile.prebuilt	hub.byted.org/dwn_open_docker/litecoder-terminal--nginx-ssl-load-balancer:opencode-1.15.4-4b701db91e5c
nginx-ssl-load-balancer-setup	/Users/bytedance/CodeField/LiteCoder-Terminal-opencode/nginx-ssl-load-balancer-setup	/Users/bytedance/CodeField/LiteCoder-Terminal-opencode/nginx-ssl-load-balancer-setup/environment	/Users/bytedance/CodeField/LiteCoder-Terminal-opencode/nginx-ssl-load-balancer-setup/environment/Dockerfile.prebuilt	hub.byted.org/dwn_open_docker/litecoder-terminal--nginx-ssl-load-balancer-setup:opencode-1.15.4-fff14118afd0
nginx-ssl-reverse-proxy	/Users/bytedance/CodeField/LiteCoder-Terminal-opencode/nginx-ssl-reverse-proxy	/Users/bytedance/CodeField/LiteCoder-Terminal-opencode/nginx-ssl-reverse-proxy/environment	/Users/bytedance/CodeField/LiteCoder-Terminal-opencode/nginx-ssl-reverse-proxy/environment/Dockerfile.prebuilt	hub.byted.org/dwn_open_docker/litecoder-terminal--nginx-ssl-reverse-proxy:opencode-1.15.4-c0ea249ff834
nginx-ssl-reverse-proxy-setup	/Users/bytedance/CodeField/LiteCoder-Terminal-opencode/nginx-ssl-reverse-proxy-setup	/Users/bytedance/CodeField/LiteCoder-Terminal-opencode/nginx-ssl-reverse-proxy-setup/environment	/Users/bytedance/CodeField/LiteCoder-Terminal-opencode/nginx-ssl-reverse-proxy-setup/environment/Dockerfile.prebuilt	hub.byted.org/dwn_open_docker/litecoder-terminal--nginx-ssl-reverse-proxy-setup:opencode-1.15.4-82b521b9a6b6
nginx-ssl-reverse-proxy-setup__sample_0111_0f370961	/Users/bytedance/CodeField/LiteCoder-Terminal-opencode/nginx-ssl-reverse-proxy-setup__sample_0111_0f370961	/Users/bytedance/CodeField/LiteCoder-Terminal-opencode/nginx-ssl-reverse-proxy-setup__sample_0111_0f370961/environment	/Users/bytedance/CodeField/LiteCoder-Terminal-opencode/nginx-ssl-reverse-proxy-setup__sample_0111_0f370961/environment/Dockerfile.prebuilt	hub.byted.org/dwn_open_docker/litecoder-terminal--nginx-ssl-reverse-proxy-setup__sample_0111_0f370961:opencode-1.15.4-946871aa780a
nginx-static-reverse-proxy	/Users/bytedance/CodeField/LiteCoder-Terminal-opencode/nginx-static-reverse-proxy	/Users/bytedance/CodeField/LiteCoder-Terminal-opencode/nginx-static-reverse-proxy/environment	/Users/bytedance/CodeField/LiteCoder-Terminal-opencode/nginx-static-reverse-proxy/environment/Dockerfile.prebuilt	hub.byted.org/dwn_open_docker/litecoder-terminal--nginx-static-reverse-proxy:opencode-1.15.4-852bc0bbb02b
nginx-tls-config-generator	/Users/bytedance/CodeField/LiteCoder-Terminal-opencode/nginx-tls-config-generator	/Users/bytedance/CodeField/LiteCoder-Terminal-opencode/nginx-tls-config-generator/environment	/Users/bytedance/CodeField/LiteCoder-Terminal-opencode/nginx-tls-config-generator/environment/Dockerfile.prebuilt	hub.byted.org/dwn_open_docker/litecoder-terminal--nginx-tls-config-generator:opencode-1.15.4-24407534137a
nginx-webdav-server-setup	/Users/bytedance/CodeField/LiteCoder-Terminal-opencode/nginx-webdav-server-setup	/Users/bytedance/CodeField/LiteCoder-Terminal-opencode/nginx-webdav-server-setup/environment	/Users/bytedance/CodeField/LiteCoder-Terminal-opencode/nginx-webdav-server-setup/environment/Dockerfile.prebuilt	hub.byted.org/dwn_open_docker/litecoder-terminal--nginx-webdav-server-setup:opencode-1.15.4-7f96d54ac50a
nginx-websocket-reverse-proxy	/Users/bytedance/CodeField/LiteCoder-Terminal-opencode/nginx-websocket-reverse-proxy	/Users/bytedance/CodeField/LiteCoder-Terminal-opencode/nginx-websocket-reverse-proxy/environment	/Users/bytedance/CodeField/LiteCoder-Terminal-opencode/nginx-websocket-reverse-proxy/environment/Dockerfile.prebuilt	hub.byted.org/dwn_open_docker/litecoder-terminal--nginx-websocket-reverse-proxy:opencode-1.15.4-970e356b0ba6
nodejs-cluster-load-balancer	/Users/bytedance/CodeField/LiteCoder-Terminal-opencode/nodejs-cluster-load-balancer	/Users/bytedance/CodeField/LiteCoder-Terminal-opencode/nodejs-cluster-load-balancer/environment	/Users/bytedance/CodeField/LiteCoder-Terminal-opencode/nodejs-cluster-load-balancer/environment/Dockerfile.prebuilt	hub.byted.org/dwn_open_docker/litecoder-terminal--nodejs-cluster-load-balancer:opencode-1.15.4-020dcdae5e8a
numpy-svm-dry-bean-classifier	/Users/bytedance/CodeField/LiteCoder-Terminal-opencode/numpy-svm-dry-bean-classifier	/Users/bytedance/CodeField/LiteCoder-Terminal-opencode/numpy-svm-dry-bean-classifier/environment	/Users/bytedance/CodeField/LiteCoder-Terminal-opencode/numpy-svm-dry-bean-classifier/environment/Dockerfile.prebuilt	hub.byted.org/dwn_open_docker/litecoder-terminal--numpy-svm-dry-bean-classifier:opencode-1.15.4-16a07f19fe47
nyc-airbnb-analysis-pipeline	/Users/bytedance/CodeField/LiteCoder-Terminal-opencode/nyc-airbnb-analysis-pipeline	/Users/bytedance/CodeField/LiteCoder-Terminal-opencode/nyc-airbnb-analysis-pipeline/environment	/Users/bytedance/CodeField/LiteCoder-Terminal-opencode/nyc-airbnb-analysis-pipeline/environment/Dockerfile.prebuilt	hub.byted.org/dwn_open_docker/litecoder-terminal--nyc-airbnb-analysis-pipeline:opencode-1.15.4-8b2e4b972350
nyc-green-taxi-analysis	/Users/bytedance/CodeField/LiteCoder-Terminal-opencode/nyc-green-taxi-analysis	/Users/bytedance/CodeField/LiteCoder-Terminal-opencode/nyc-green-taxi-analysis/environment	/Users/bytedance/CodeField/LiteCoder-Terminal-opencode/nyc-green-taxi-analysis/environment/Dockerfile.prebuilt	hub.byted.org/dwn_open_docker/litecoder-terminal--nyc-green-taxi-analysis:opencode-1.15.4-eb0aa488bb6b
nyc-sat-demographic-analysis	/Users/bytedance/CodeField/LiteCoder-Terminal-opencode/nyc-sat-demographic-analysis	/Users/bytedance/CodeField/LiteCoder-Terminal-opencode/nyc-sat-demographic-analysis/environment	/Users/bytedance/CodeField/LiteCoder-Terminal-opencode/nyc-sat-demographic-analysis/environment/Dockerfile.prebuilt	hub.byted.org/dwn_open_docker/litecoder-terminal--nyc-sat-demographic-analysis:opencode-1.15.4-b59bc6cd3c0c
nyc-taxi-lakehouse-pipeline	/Users/bytedance/CodeField/LiteCoder-Terminal-opencode/nyc-taxi-lakehouse-pipeline	/Users/bytedance/CodeField/LiteCoder-Terminal-opencode/nyc-taxi-lakehouse-pipeline/environment	/Users/bytedance/CodeField/LiteCoder-Terminal-opencode/nyc-taxi-lakehouse-pipeline/environment/Dockerfile.prebuilt	hub.byted.org/dwn_open_docker/litecoder-terminal--nyc-taxi-lakehouse-pipeline:opencode-1.15.4-c21e852bc8f3
nyc-taxi-ml-pipeline	/Users/bytedance/CodeField/LiteCoder-Terminal-opencode/nyc-taxi-ml-pipeline	/Users/bytedance/CodeField/LiteCoder-Terminal-opencode/nyc-taxi-ml-pipeline/environment	/Users/bytedance/CodeField/LiteCoder-Terminal-opencode/nyc-taxi-ml-pipeline/environment/Dockerfile.prebuilt	hub.byted.org/dwn_open_docker/litecoder-terminal--nyc-taxi-ml-pipeline:opencode-1.15.4-81a2041e33f1
nyc-taxi-revenue-trends	/Users/bytedance/CodeField/LiteCoder-Terminal-opencode/nyc-taxi-revenue-trends	/Users/bytedance/CodeField/LiteCoder-Terminal-opencode/nyc-taxi-revenue-trends/environment	/Users/bytedance/CodeField/LiteCoder-Terminal-opencode/nyc-taxi-revenue-trends/environment/Dockerfile.prebuilt	hub.byted.org/dwn_open_docker/litecoder-terminal--nyc-taxi-revenue-trends:opencode-1.15.4-26e10a92a08b
olympic-medal-analytics	/Users/bytedance/CodeField/LiteCoder-Terminal-opencode/olympic-medal-analytics	/Users/bytedance/CodeField/LiteCoder-Terminal-opencode/olympic-medal-analytics/environment	/Users/bytedance/CodeField/LiteCoder-Terminal-opencode/olympic-medal-analytics/environment/Dockerfile.prebuilt	hub.byted.org/dwn_open_docker/litecoder-terminal--olympic-medal-analytics:opencode-1.15.4-42fee840c65a
openblas-dgemm-benchmark	/Users/bytedance/CodeField/LiteCoder-Terminal-opencode/openblas-dgemm-benchmark	/Users/bytedance/CodeField/LiteCoder-Terminal-opencode/openblas-dgemm-benchmark/environment	/Users/bytedance/CodeField/LiteCoder-Terminal-opencode/openblas-dgemm-benchmark/environment/Dockerfile.prebuilt	hub.byted.org/dwn_open_docker/litecoder-terminal--openblas-dgemm-benchmark:opencode-1.15.4-0e1aefa6ba5f
optimize-docker-security	/Users/bytedance/CodeField/LiteCoder-Terminal-opencode/optimize-docker-security	/Users/bytedance/CodeField/LiteCoder-Terminal-opencode/optimize-docker-security/environment	/Users/bytedance/CodeField/LiteCoder-Terminal-opencode/optimize-docker-security/environment/Dockerfile.prebuilt	hub.byted.org/dwn_open_docker/litecoder-terminal--optimize-docker-security:opencode-1.15.4-c02ec0d0c9fe
optimize-sklearn-cpu-pipeline	/Users/bytedance/CodeField/LiteCoder-Terminal-opencode/optimize-sklearn-cpu-pipeline	/Users/bytedance/CodeField/LiteCoder-Terminal-opencode/optimize-sklearn-cpu-pipeline/environment	/Users/bytedance/CodeField/LiteCoder-Terminal-opencode/optimize-sklearn-cpu-pipeline/environment/Dockerfile.prebuilt	hub.byted.org/dwn_open_docker/litecoder-terminal--optimize-sklearn-cpu-pipeline:opencode-1.15.4-ec32a0c8b4d9
optimize-static-lib-linking	/Users/bytedance/CodeField/LiteCoder-Terminal-opencode/optimize-static-lib-linking	/Users/bytedance/CodeField/LiteCoder-Terminal-opencode/optimize-static-lib-linking/environment	/Users/bytedance/CodeField/LiteCoder-Terminal-opencode/optimize-static-lib-linking/environment/Dockerfile.prebuilt	hub.byted.org/dwn_open_docker/litecoder-terminal--optimize-static-lib-linking:opencode-1.15.4-946871aa780a
palantir-financial-report-analysis	/Users/bytedance/CodeField/LiteCoder-Terminal-opencode/palantir-financial-report-analysis	/Users/bytedance/CodeField/LiteCoder-Terminal-opencode/palantir-financial-report-analysis/environment	/Users/bytedance/CodeField/LiteCoder-Terminal-opencode/palantir-financial-report-analysis/environment/Dockerfile.prebuilt	hub.byted.org/dwn_open_docker/litecoder-terminal--palantir-financial-report-analysis:opencode-1.15.4-000bd3e01a66
pam-auth-flask-docker-secrets	/Users/bytedance/CodeField/LiteCoder-Terminal-opencode/pam-auth-flask-docker-secrets	/Users/bytedance/CodeField/LiteCoder-Terminal-opencode/pam-auth-flask-docker-secrets/environment	/Users/bytedance/CodeField/LiteCoder-Terminal-opencode/pam-auth-flask-docker-secrets/environment/Dockerfile.prebuilt	hub.byted.org/dwn_open_docker/litecoder-terminal--pam-auth-flask-docker-secrets:opencode-1.15.4-01ec1cf62535
pg-replication-config-generator	/Users/bytedance/CodeField/LiteCoder-Terminal-opencode/pg-replication-config-generator	/Users/bytedance/CodeField/LiteCoder-Terminal-opencode/pg-replication-config-generator/environment	/Users/bytedance/CodeField/LiteCoder-Terminal-opencode/pg-replication-config-generator/environment/Dockerfile.prebuilt	hub.byted.org/dwn_open_docker/litecoder-terminal--pg-replication-config-generator:opencode-1.15.4-03f2caa473f0
post-incident-server-hardening	/Users/bytedance/CodeField/LiteCoder-Terminal-opencode/post-incident-server-hardening	/Users/bytedance/CodeField/LiteCoder-Terminal-opencode/post-incident-server-hardening/environment	/Users/bytedance/CodeField/LiteCoder-Terminal-opencode/post-incident-server-hardening/environment/Dockerfile.prebuilt	hub.byted.org/dwn_open_docker/litecoder-terminal--post-incident-server-hardening:opencode-1.15.4-970cdf9be300
postgres-wal-archiving-setup	/Users/bytedance/CodeField/LiteCoder-Terminal-opencode/postgres-wal-archiving-setup	/Users/bytedance/CodeField/LiteCoder-Terminal-opencode/postgres-wal-archiving-setup/environment	/Users/bytedance/CodeField/LiteCoder-Terminal-opencode/postgres-wal-archiving-setup/environment/Dockerfile.prebuilt	hub.byted.org/dwn_open_docker/litecoder-terminal--postgres-wal-archiving-setup:opencode-1.15.4-038f5fcc8606
predict-customer-churn-pipeline	/Users/bytedance/CodeField/LiteCoder-Terminal-opencode/predict-customer-churn-pipeline	/Users/bytedance/CodeField/LiteCoder-Terminal-opencode/predict-customer-churn-pipeline/environment	/Users/bytedance/CodeField/LiteCoder-Terminal-opencode/predict-customer-churn-pipeline/environment/Dockerfile.prebuilt	hub.byted.org/dwn_open_docker/litecoder-terminal--predict-customer-churn-pipeline:opencode-1.15.4-cc891c8a4625
predict-equipment-failure	/Users/bytedance/CodeField/LiteCoder-Terminal-opencode/predict-equipment-failure	/Users/bytedance/CodeField/LiteCoder-Terminal-opencode/predict-equipment-failure/environment	/Users/bytedance/CodeField/LiteCoder-Terminal-opencode/predict-equipment-failure/environment/Dockerfile.prebuilt	hub.byted.org/dwn_open_docker/litecoder-terminal--predict-equipment-failure:opencode-1.15.4-434576c29310
purge-config-from-history	/Users/bytedance/CodeField/LiteCoder-Terminal-opencode/purge-config-from-history	/Users/bytedance/CodeField/LiteCoder-Terminal-opencode/purge-config-from-history/environment	/Users/bytedance/CodeField/LiteCoder-Terminal-opencode/purge-config-from-history/environment/Dockerfile.prebuilt	hub.byted.org/dwn_open_docker/litecoder-terminal--purge-config-from-history:opencode-1.15.4-2e48f861e323
pyspark-movie-recommender	/Users/bytedance/CodeField/LiteCoder-Terminal-opencode/pyspark-movie-recommender	/Users/bytedance/CodeField/LiteCoder-Terminal-opencode/pyspark-movie-recommender/environment	/Users/bytedance/CodeField/LiteCoder-Terminal-opencode/pyspark-movie-recommender/environment/Dockerfile.prebuilt	hub.byted.org/dwn_open_docker/litecoder-terminal--pyspark-movie-recommender:opencode-1.15.4-f1c80659613a
pyspark-movie-recommender-als	/Users/bytedance/CodeField/LiteCoder-Terminal-opencode/pyspark-movie-recommender-als	/Users/bytedance/CodeField/LiteCoder-Terminal-opencode/pyspark-movie-recommender-als/environment	/Users/bytedance/CodeField/LiteCoder-Terminal-opencode/pyspark-movie-recommender-als/environment/Dockerfile.prebuilt	hub.byted.org/dwn_open_docker/litecoder-terminal--pyspark-movie-recommender-als:opencode-1.15.4-0cae851a6e87
python-auth-proxy-server	/Users/bytedance/CodeField/LiteCoder-Terminal-opencode/python-auth-proxy-server	/Users/bytedance/CodeField/LiteCoder-Terminal-opencode/python-auth-proxy-server/environment	/Users/bytedance/CodeField/LiteCoder-Terminal-opencode/python-auth-proxy-server/environment/Dockerfile.prebuilt	hub.byted.org/dwn_open_docker/litecoder-terminal--python-auth-proxy-server:opencode-1.15.4-9c27eca86539
pytorch-california-housing-regression	/Users/bytedance/CodeField/LiteCoder-Terminal-opencode/pytorch-california-housing-regression	/Users/bytedance/CodeField/LiteCoder-Terminal-opencode/pytorch-california-housing-regression/environment	/Users/bytedance/CodeField/LiteCoder-Terminal-opencode/pytorch-california-housing-regression/environment/Dockerfile.prebuilt	hub.byted.org/dwn_open_docker/litecoder-terminal--pytorch-california-housing-regression:opencode-1.15.4-dc2f7f2ebb77
pytorch-cpu-inference-tuning	/Users/bytedance/CodeField/LiteCoder-Terminal-opencode/pytorch-cpu-inference-tuning	/Users/bytedance/CodeField/LiteCoder-Terminal-opencode/pytorch-cpu-inference-tuning/environment	/Users/bytedance/CodeField/LiteCoder-Terminal-opencode/pytorch-cpu-inference-tuning/environment/Dockerfile.prebuilt	hub.byted.org/dwn_open_docker/litecoder-terminal--pytorch-cpu-inference-tuning:opencode-1.15.4-970cdf9be300
pytorch-cpu-optimize-benchmark	/Users/bytedance/CodeField/LiteCoder-Terminal-opencode/pytorch-cpu-optimize-benchmark	/Users/bytedance/CodeField/LiteCoder-Terminal-opencode/pytorch-cpu-optimize-benchmark/environment	/Users/bytedance/CodeField/LiteCoder-Terminal-opencode/pytorch-cpu-optimize-benchmark/environment/Dockerfile.prebuilt	hub.byted.org/dwn_open_docker/litecoder-terminal--pytorch-cpu-optimize-benchmark:opencode-1.15.4-7cb8f5d687e2
pytorch-mnist-autoencoder	/Users/bytedance/CodeField/LiteCoder-Terminal-opencode/pytorch-mnist-autoencoder	/Users/bytedance/CodeField/LiteCoder-Terminal-opencode/pytorch-mnist-autoencoder/environment	/Users/bytedance/CodeField/LiteCoder-Terminal-opencode/pytorch-mnist-autoencoder/environment/Dockerfile.prebuilt	hub.byted.org/dwn_open_docker/litecoder-terminal--pytorch-mnist-autoencoder:opencode-1.15.4-bf8b51060933
pytorch-mnist-cnn-classifier	/Users/bytedance/CodeField/LiteCoder-Terminal-opencode/pytorch-mnist-cnn-classifier	/Users/bytedance/CodeField/LiteCoder-Terminal-opencode/pytorch-mnist-cnn-classifier/environment	/Users/bytedance/CodeField/LiteCoder-Terminal-opencode/pytorch-mnist-cnn-classifier/environment/Dockerfile.prebuilt	hub.byted.org/dwn_open_docker/litecoder-terminal--pytorch-mnist-cnn-classifier:opencode-1.15.4-8a8271f82b4d
pytorch-resnet-pruning-cifar	/Users/bytedance/CodeField/LiteCoder-Terminal-opencode/pytorch-resnet-pruning-cifar	/Users/bytedance/CodeField/LiteCoder-Terminal-opencode/pytorch-resnet-pruning-cifar/environment	/Users/bytedance/CodeField/LiteCoder-Terminal-opencode/pytorch-resnet-pruning-cifar/environment/Dockerfile.prebuilt	hub.byted.org/dwn_open_docker/litecoder-terminal--pytorch-resnet-pruning-cifar:opencode-1.15.4-4161e058bfbc
pytorch-rnn-stock-prediction	/Users/bytedance/CodeField/LiteCoder-Terminal-opencode/pytorch-rnn-stock-prediction	/Users/bytedance/CodeField/LiteCoder-Terminal-opencode/pytorch-rnn-stock-prediction/environment	/Users/bytedance/CodeField/LiteCoder-Terminal-opencode/pytorch-rnn-stock-prediction/environment/Dockerfile.prebuilt	hub.byted.org/dwn_open_docker/litecoder-terminal--pytorch-rnn-stock-prediction:opencode-1.15.4-7c3c4e6e14bb
qt5-multi-version-build-matrix	/Users/bytedance/CodeField/LiteCoder-Terminal-opencode/qt5-multi-version-build-matrix	/Users/bytedance/CodeField/LiteCoder-Terminal-opencode/qt5-multi-version-build-matrix/environment	/Users/bytedance/CodeField/LiteCoder-Terminal-opencode/qt5-multi-version-build-matrix/environment/Dockerfile.prebuilt	hub.byted.org/dwn_open_docker/litecoder-terminal--qt5-multi-version-build-matrix:opencode-1.15.4-bc590bbbe9c2
quantum-inspired-autoencoder	/Users/bytedance/CodeField/LiteCoder-Terminal-opencode/quantum-inspired-autoencoder	/Users/bytedance/CodeField/LiteCoder-Terminal-opencode/quantum-inspired-autoencoder/environment	/Users/bytedance/CodeField/LiteCoder-Terminal-opencode/quantum-inspired-autoencoder/environment/Dockerfile.prebuilt	hub.byted.org/dwn_open_docker/litecoder-terminal--quantum-inspired-autoencoder:opencode-1.15.4-970cdf9be300
rag-chatbot-ollama-langchain	/Users/bytedance/CodeField/LiteCoder-Terminal-opencode/rag-chatbot-ollama-langchain	/Users/bytedance/CodeField/LiteCoder-Terminal-opencode/rag-chatbot-ollama-langchain/environment	/Users/bytedance/CodeField/LiteCoder-Terminal-opencode/rag-chatbot-ollama-langchain/environment/Dockerfile.prebuilt	hub.byted.org/dwn_open_docker/litecoder-terminal--rag-chatbot-ollama-langchain:opencode-1.15.4-26b5e206590b
rate-limited-flask-service	/Users/bytedance/CodeField/LiteCoder-Terminal-opencode/rate-limited-flask-service	/Users/bytedance/CodeField/LiteCoder-Terminal-opencode/rate-limited-flask-service/environment	/Users/bytedance/CodeField/LiteCoder-Terminal-opencode/rate-limited-flask-service/environment/Dockerfile.prebuilt	hub.byted.org/dwn_open_docker/litecoder-terminal--rate-limited-flask-service:opencode-1.15.4-970cdf9be300
rebase-clean-auth-commits	/Users/bytedance/CodeField/LiteCoder-Terminal-opencode/rebase-clean-auth-commits	/Users/bytedance/CodeField/LiteCoder-Terminal-opencode/rebase-clean-auth-commits/environment	/Users/bytedance/CodeField/LiteCoder-Terminal-opencode/rebase-clean-auth-commits/environment/Dockerfile.prebuilt	hub.byted.org/dwn_open_docker/litecoder-terminal--rebase-clean-auth-commits:opencode-1.15.4-eba232175585
reconstruct-ssh-key	/Users/bytedance/CodeField/LiteCoder-Terminal-opencode/reconstruct-ssh-key	/Users/bytedance/CodeField/LiteCoder-Terminal-opencode/reconstruct-ssh-key/environment	/Users/bytedance/CodeField/LiteCoder-Terminal-opencode/reconstruct-ssh-key/environment/Dockerfile.prebuilt	hub.byted.org/dwn_open_docker/litecoder-terminal--reconstruct-ssh-key:opencode-1.15.4-824ccf215fcb
recover-deleted-branch-merge	/Users/bytedance/CodeField/LiteCoder-Terminal-opencode/recover-deleted-branch-merge	/Users/bytedance/CodeField/LiteCoder-Terminal-opencode/recover-deleted-branch-merge/environment	/Users/bytedance/CodeField/LiteCoder-Terminal-opencode/recover-deleted-branch-merge/environment/Dockerfile.prebuilt	hub.byted.org/dwn_open_docker/litecoder-terminal--recover-deleted-branch-merge:opencode-1.15.4-33221f24014c
recover-feature-branch-git	/Users/bytedance/CodeField/LiteCoder-Terminal-opencode/recover-feature-branch-git	/Users/bytedance/CodeField/LiteCoder-Terminal-opencode/recover-feature-branch-git/environment	/Users/bytedance/CodeField/LiteCoder-Terminal-opencode/recover-feature-branch-git/environment/Dockerfile.prebuilt	hub.byted.org/dwn_open_docker/litecoder-terminal--recover-feature-branch-git:opencode-1.15.4-b5c539475c60
recover-git-branch-reflog	/Users/bytedance/CodeField/LiteCoder-Terminal-opencode/recover-git-branch-reflog	/Users/bytedance/CodeField/LiteCoder-Terminal-opencode/recover-git-branch-reflog/environment	/Users/bytedance/CodeField/LiteCoder-Terminal-opencode/recover-git-branch-reflog/environment/Dockerfile.prebuilt	hub.byted.org/dwn_open_docker/litecoder-terminal--recover-git-branch-reflog:opencode-1.15.4-b2fcff10b02a
recover-hidden-symmetric-key	/Users/bytedance/CodeField/LiteCoder-Terminal-opencode/recover-hidden-symmetric-key	/Users/bytedance/CodeField/LiteCoder-Terminal-opencode/recover-hidden-symmetric-key/environment	/Users/bytedance/CodeField/LiteCoder-Terminal-opencode/recover-hidden-symmetric-key/environment/Dockerfile.prebuilt	hub.byted.org/dwn_open_docker/litecoder-terminal--recover-hidden-symmetric-key:opencode-1.15.4-e03d232b0c79
recover-lost-commits-reflog	/Users/bytedance/CodeField/LiteCoder-Terminal-opencode/recover-lost-commits-reflog	/Users/bytedance/CodeField/LiteCoder-Terminal-opencode/recover-lost-commits-reflog/environment	/Users/bytedance/CodeField/LiteCoder-Terminal-opencode/recover-lost-commits-reflog/environment/Dockerfile.prebuilt	hub.byted.org/dwn_open_docker/litecoder-terminal--recover-lost-commits-reflog:opencode-1.15.4-c12a9679efdc
recover-lost-git-commit	/Users/bytedance/CodeField/LiteCoder-Terminal-opencode/recover-lost-git-commit	/Users/bytedance/CodeField/LiteCoder-Terminal-opencode/recover-lost-git-commit/environment	/Users/bytedance/CodeField/LiteCoder-Terminal-opencode/recover-lost-git-commit/environment/Dockerfile.prebuilt	hub.byted.org/dwn_open_docker/litecoder-terminal--recover-lost-git-commit:opencode-1.15.4-946f3265b010
recover-lost-git-commits	/Users/bytedance/CodeField/LiteCoder-Terminal-opencode/recover-lost-git-commits	/Users/bytedance/CodeField/LiteCoder-Terminal-opencode/recover-lost-git-commits/environment	/Users/bytedance/CodeField/LiteCoder-Terminal-opencode/recover-lost-git-commits/environment/Dockerfile.prebuilt	hub.byted.org/dwn_open_docker/litecoder-terminal--recover-lost-git-commits:opencode-1.15.4-bad6095f540a
reddit-basket-analysis	/Users/bytedance/CodeField/LiteCoder-Terminal-opencode/reddit-basket-analysis	/Users/bytedance/CodeField/LiteCoder-Terminal-opencode/reddit-basket-analysis/environment	/Users/bytedance/CodeField/LiteCoder-Terminal-opencode/reddit-basket-analysis/environment/Dockerfile.prebuilt	hub.byted.org/dwn_open_docker/litecoder-terminal--reddit-basket-analysis:opencode-1.15.4-eba232175585
reddit-toxicity-classifier	/Users/bytedance/CodeField/LiteCoder-Terminal-opencode/reddit-toxicity-classifier	/Users/bytedance/CodeField/LiteCoder-Terminal-opencode/reddit-toxicity-classifier/environment	/Users/bytedance/CodeField/LiteCoder-Terminal-opencode/reddit-toxicity-classifier/environment/Dockerfile.prebuilt	hub.byted.org/dwn_open_docker/litecoder-terminal--reddit-toxicity-classifier:opencode-1.15.4-c74689f0d46a
redis-session-express-app	/Users/bytedance/CodeField/LiteCoder-Terminal-opencode/redis-session-express-app	/Users/bytedance/CodeField/LiteCoder-Terminal-opencode/redis-session-express-app/environment	/Users/bytedance/CodeField/LiteCoder-Terminal-opencode/redis-session-express-app/environment/Dockerfile.prebuilt	hub.byted.org/dwn_open_docker/litecoder-terminal--redis-session-express-app:opencode-1.15.4-de357e1c78d0
refactor-git-commit-history	/Users/bytedance/CodeField/LiteCoder-Terminal-opencode/refactor-git-commit-history	/Users/bytedance/CodeField/LiteCoder-Terminal-opencode/refactor-git-commit-history/environment	/Users/bytedance/CodeField/LiteCoder-Terminal-opencode/refactor-git-commit-history/environment/Dockerfile.prebuilt	hub.byted.org/dwn_open_docker/litecoder-terminal--refactor-git-commit-history:opencode-1.15.4-aebb8c3ac4e0
remove-git-secrets-history	/Users/bytedance/CodeField/LiteCoder-Terminal-opencode/remove-git-secrets-history	/Users/bytedance/CodeField/LiteCoder-Terminal-opencode/remove-git-secrets-history/environment	/Users/bytedance/CodeField/LiteCoder-Terminal-opencode/remove-git-secrets-history/environment/Dockerfile.prebuilt	hub.byted.org/dwn_open_docker/litecoder-terminal--remove-git-secrets-history:opencode-1.15.4-43cecce8fb49
reorder-git-commit-history	/Users/bytedance/CodeField/LiteCoder-Terminal-opencode/reorder-git-commit-history	/Users/bytedance/CodeField/LiteCoder-Terminal-opencode/reorder-git-commit-history/environment	/Users/bytedance/CodeField/LiteCoder-Terminal-opencode/reorder-git-commit-history/environment/Dockerfile.prebuilt	hub.byted.org/dwn_open_docker/litecoder-terminal--reorder-git-commit-history:opencode-1.15.4-2fa2cca43ab6
resnet-distillation-cifar10	/Users/bytedance/CodeField/LiteCoder-Terminal-opencode/resnet-distillation-cifar10	/Users/bytedance/CodeField/LiteCoder-Terminal-opencode/resnet-distillation-cifar10/environment	/Users/bytedance/CodeField/LiteCoder-Terminal-opencode/resnet-distillation-cifar10/environment/Dockerfile.prebuilt	hub.byted.org/dwn_open_docker/litecoder-terminal--resnet-distillation-cifar10:opencode-1.15.4-eba232175585
resnet50-bird-classifier-api	/Users/bytedance/CodeField/LiteCoder-Terminal-opencode/resnet50-bird-classifier-api	/Users/bytedance/CodeField/LiteCoder-Terminal-opencode/resnet50-bird-classifier-api/environment	/Users/bytedance/CodeField/LiteCoder-Terminal-opencode/resnet50-bird-classifier-api/environment/Dockerfile.prebuilt	hub.byted.org/dwn_open_docker/litecoder-terminal--resnet50-bird-classifier-api:opencode-1.15.4-525cbf78ef9c
resolve-git-merge-conflict	/Users/bytedance/CodeField/LiteCoder-Terminal-opencode/resolve-git-merge-conflict	/Users/bytedance/CodeField/LiteCoder-Terminal-opencode/resolve-git-merge-conflict/environment	/Users/bytedance/CodeField/LiteCoder-Terminal-opencode/resolve-git-merge-conflict/environment/Dockerfile.prebuilt	hub.byted.org/dwn_open_docker/litecoder-terminal--resolve-git-merge-conflict:opencode-1.15.4-0e994451308b
resolve-git-merge-conflicts	/Users/bytedance/CodeField/LiteCoder-Terminal-opencode/resolve-git-merge-conflicts	/Users/bytedance/CodeField/LiteCoder-Terminal-opencode/resolve-git-merge-conflicts/environment	/Users/bytedance/CodeField/LiteCoder-Terminal-opencode/resolve-git-merge-conflicts/environment/Dockerfile.prebuilt	hub.byted.org/dwn_open_docker/litecoder-terminal--resolve-git-merge-conflicts:opencode-1.15.4-2398cc6b5630
restore-corrupted-git-repo	/Users/bytedance/CodeField/LiteCoder-Terminal-opencode/restore-corrupted-git-repo	/Users/bytedance/CodeField/LiteCoder-Terminal-opencode/restore-corrupted-git-repo/environment	/Users/bytedance/CodeField/LiteCoder-Terminal-opencode/restore-corrupted-git-repo/environment/Dockerfile.prebuilt	hub.byted.org/dwn_open_docker/litecoder-terminal--restore-corrupted-git-repo:opencode-1.15.4-9eddd839dd6a
restore-git-repo-backup	/Users/bytedance/CodeField/LiteCoder-Terminal-opencode/restore-git-repo-backup	/Users/bytedance/CodeField/LiteCoder-Terminal-opencode/restore-git-repo-backup/environment	/Users/bytedance/CodeField/LiteCoder-Terminal-opencode/restore-git-repo-backup/environment/Dockerfile.prebuilt	hub.byted.org/dwn_open_docker/litecoder-terminal--restore-git-repo-backup:opencode-1.15.4-d28857b5a27a
retail-clustering-profit-pipeline	/Users/bytedance/CodeField/LiteCoder-Terminal-opencode/retail-clustering-profit-pipeline	/Users/bytedance/CodeField/LiteCoder-Terminal-opencode/retail-clustering-profit-pipeline/environment	/Users/bytedance/CodeField/LiteCoder-Terminal-opencode/retail-clustering-profit-pipeline/environment/Dockerfile.prebuilt	hub.byted.org/dwn_open_docker/litecoder-terminal--retail-clustering-profit-pipeline:opencode-1.15.4-1147298c24d0
retail-customer-segmentation	/Users/bytedance/CodeField/LiteCoder-Terminal-opencode/retail-customer-segmentation	/Users/bytedance/CodeField/LiteCoder-Terminal-opencode/retail-customer-segmentation/environment	/Users/bytedance/CodeField/LiteCoder-Terminal-opencode/retail-customer-segmentation/environment/Dockerfile.prebuilt	hub.byted.org/dwn_open_docker/litecoder-terminal--retail-customer-segmentation:opencode-1.15.4-970cdf9be300
review-sentiment-analysis-pipeline	/Users/bytedance/CodeField/LiteCoder-Terminal-opencode/review-sentiment-analysis-pipeline	/Users/bytedance/CodeField/LiteCoder-Terminal-opencode/review-sentiment-analysis-pipeline/environment	/Users/bytedance/CodeField/LiteCoder-Terminal-opencode/review-sentiment-analysis-pipeline/environment/Dockerfile.prebuilt	hub.byted.org/dwn_open_docker/litecoder-terminal--review-sentiment-analysis-pipeline:opencode-1.15.4-2398cc6b5630
rewrite-git-author-history	/Users/bytedance/CodeField/LiteCoder-Terminal-opencode/rewrite-git-author-history	/Users/bytedance/CodeField/LiteCoder-Terminal-opencode/rewrite-git-author-history/environment	/Users/bytedance/CodeField/LiteCoder-Terminal-opencode/rewrite-git-author-history/environment/Dockerfile.prebuilt	hub.byted.org/dwn_open_docker/litecoder-terminal--rewrite-git-author-history:opencode-1.15.4-5d0ca3ec17ad
rewrite-git-history-branches	/Users/bytedance/CodeField/LiteCoder-Terminal-opencode/rewrite-git-history-branches	/Users/bytedance/CodeField/LiteCoder-Terminal-opencode/rewrite-git-history-branches/environment	/Users/bytedance/CodeField/LiteCoder-Terminal-opencode/rewrite-git-history-branches/environment/Dockerfile.prebuilt	hub.byted.org/dwn_open_docker/litecoder-terminal--rewrite-git-history-branches:opencode-1.15.4-9b7b90124b72
rewrite-git-history-cleanup	/Users/bytedance/CodeField/LiteCoder-Terminal-opencode/rewrite-git-history-cleanup	/Users/bytedance/CodeField/LiteCoder-Terminal-opencode/rewrite-git-history-cleanup/environment	/Users/bytedance/CodeField/LiteCoder-Terminal-opencode/rewrite-git-history-cleanup/environment/Dockerfile.prebuilt	hub.byted.org/dwn_open_docker/litecoder-terminal--rewrite-git-history-cleanup:opencode-1.15.4-8f71ac794745
rewrite-multiroot-git-history	/Users/bytedance/CodeField/LiteCoder-Terminal-opencode/rewrite-multiroot-git-history	/Users/bytedance/CodeField/LiteCoder-Terminal-opencode/rewrite-multiroot-git-history/environment	/Users/bytedance/CodeField/LiteCoder-Terminal-opencode/rewrite-multiroot-git-history/environment/Dockerfile.prebuilt	hub.byted.org/dwn_open_docker/litecoder-terminal--rewrite-multiroot-git-history:opencode-1.15.4-bad42bc9a3b6
riscv-cross-toolchain-build	/Users/bytedance/CodeField/LiteCoder-Terminal-opencode/riscv-cross-toolchain-build	/Users/bytedance/CodeField/LiteCoder-Terminal-opencode/riscv-cross-toolchain-build/environment	/Users/bytedance/CodeField/LiteCoder-Terminal-opencode/riscv-cross-toolchain-build/environment/Dockerfile.prebuilt	hub.byted.org/dwn_open_docker/litecoder-terminal--riscv-cross-toolchain-build:opencode-1.15.4-d3aaac999112
rsa-encrypt-decrypt-demo	/Users/bytedance/CodeField/LiteCoder-Terminal-opencode/rsa-encrypt-decrypt-demo	/Users/bytedance/CodeField/LiteCoder-Terminal-opencode/rsa-encrypt-decrypt-demo/environment	/Users/bytedance/CodeField/LiteCoder-Terminal-opencode/rsa-encrypt-decrypt-demo/environment/Dockerfile.prebuilt	hub.byted.org/dwn_open_docker/litecoder-terminal--rsa-encrypt-decrypt-demo:opencode-1.15.4-5955b89d1be5
rsa-encrypt-decrypt-pipeline	/Users/bytedance/CodeField/LiteCoder-Terminal-opencode/rsa-encrypt-decrypt-pipeline	/Users/bytedance/CodeField/LiteCoder-Terminal-opencode/rsa-encrypt-decrypt-pipeline/environment	/Users/bytedance/CodeField/LiteCoder-Terminal-opencode/rsa-encrypt-decrypt-pipeline/environment/Dockerfile.prebuilt	hub.byted.org/dwn_open_docker/litecoder-terminal--rsa-encrypt-decrypt-pipeline:opencode-1.15.4-970cdf9be300
rsa-encryption-tool	/Users/bytedance/CodeField/LiteCoder-Terminal-opencode/rsa-encryption-tool	/Users/bytedance/CodeField/LiteCoder-Terminal-opencode/rsa-encryption-tool/environment	/Users/bytedance/CodeField/LiteCoder-Terminal-opencode/rsa-encryption-tool/environment/Dockerfile.prebuilt	hub.byted.org/dwn_open_docker/litecoder-terminal--rsa-encryption-tool:opencode-1.15.4-e05fe2a7700f
rsa-fermat-factorization-decrypt	/Users/bytedance/CodeField/LiteCoder-Terminal-opencode/rsa-fermat-factorization-decrypt	/Users/bytedance/CodeField/LiteCoder-Terminal-opencode/rsa-fermat-factorization-decrypt/environment	/Users/bytedance/CodeField/LiteCoder-Terminal-opencode/rsa-fermat-factorization-decrypt/environment/Dockerfile.prebuilt	hub.byted.org/dwn_open_docker/litecoder-terminal--rsa-fermat-factorization-decrypt:opencode-1.15.4-5abaa082eb06
rsa-key-reconstruct-decrypt__sample_0090_4784c0d7	/Users/bytedance/CodeField/LiteCoder-Terminal-opencode/rsa-key-reconstruct-decrypt__sample_0090_4784c0d7	/Users/bytedance/CodeField/LiteCoder-Terminal-opencode/rsa-key-reconstruct-decrypt__sample_0090_4784c0d7/environment	/Users/bytedance/CodeField/LiteCoder-Terminal-opencode/rsa-key-reconstruct-decrypt__sample_0090_4784c0d7/environment/Dockerfile.prebuilt	hub.byted.org/dwn_open_docker/litecoder-terminal--rsa-key-reconstruct-decrypt__sample_0090_4784c0d7:opencode-1.15.4-214e3eec3df0
rsa-key-recovery-faulty-oracle	/Users/bytedance/CodeField/LiteCoder-Terminal-opencode/rsa-key-recovery-faulty-oracle	/Users/bytedance/CodeField/LiteCoder-Terminal-opencode/rsa-key-recovery-faulty-oracle/environment	/Users/bytedance/CodeField/LiteCoder-Terminal-opencode/rsa-key-recovery-faulty-oracle/environment/Dockerfile.prebuilt	hub.byted.org/dwn_open_docker/litecoder-terminal--rsa-key-recovery-faulty-oracle:opencode-1.15.4-4cb9222c0111
rsa-openssl-workflow-demo	/Users/bytedance/CodeField/LiteCoder-Terminal-opencode/rsa-openssl-workflow-demo	/Users/bytedance/CodeField/LiteCoder-Terminal-opencode/rsa-openssl-workflow-demo/environment	/Users/bytedance/CodeField/LiteCoder-Terminal-opencode/rsa-openssl-workflow-demo/environment/Dockerfile.prebuilt	hub.byted.org/dwn_open_docker/litecoder-terminal--rsa-openssl-workflow-demo:opencode-1.15.4-2285948563ca
rsa-signature-forgery-detector	/Users/bytedance/CodeField/LiteCoder-Terminal-opencode/rsa-signature-forgery-detector	/Users/bytedance/CodeField/LiteCoder-Terminal-opencode/rsa-signature-forgery-detector/environment	/Users/bytedance/CodeField/LiteCoder-Terminal-opencode/rsa-signature-forgery-detector/environment/Dockerfile.prebuilt	hub.byted.org/dwn_open_docker/litecoder-terminal--rsa-signature-forgery-detector:opencode-1.15.4-78936e335ca1
sales-analytics-dashboard	/Users/bytedance/CodeField/LiteCoder-Terminal-opencode/sales-analytics-dashboard	/Users/bytedance/CodeField/LiteCoder-Terminal-opencode/sales-analytics-dashboard/environment	/Users/bytedance/CodeField/LiteCoder-Terminal-opencode/sales-analytics-dashboard/environment/Dockerfile.prebuilt	hub.byted.org/dwn_open_docker/litecoder-terminal--sales-analytics-dashboard:opencode-1.15.4-1e28eccdef07
sales-funnel-conversion-analysis	/Users/bytedance/CodeField/LiteCoder-Terminal-opencode/sales-funnel-conversion-analysis	/Users/bytedance/CodeField/LiteCoder-Terminal-opencode/sales-funnel-conversion-analysis/environment	/Users/bytedance/CodeField/LiteCoder-Terminal-opencode/sales-funnel-conversion-analysis/environment/Dockerfile.prebuilt	hub.byted.org/dwn_open_docker/litecoder-terminal--sales-funnel-conversion-analysis:opencode-1.15.4-1c94aec86714
sales-performance-dashboard	/Users/bytedance/CodeField/LiteCoder-Terminal-opencode/sales-performance-dashboard	/Users/bytedance/CodeField/LiteCoder-Terminal-opencode/sales-performance-dashboard/environment	/Users/bytedance/CodeField/LiteCoder-Terminal-opencode/sales-performance-dashboard/environment/Dockerfile.prebuilt	hub.byted.org/dwn_open_docker/litecoder-terminal--sales-performance-dashboard:opencode-1.15.4-2398cc6b5630
sales-stream-data-pipeline	/Users/bytedance/CodeField/LiteCoder-Terminal-opencode/sales-stream-data-pipeline	/Users/bytedance/CodeField/LiteCoder-Terminal-opencode/sales-stream-data-pipeline/environment	/Users/bytedance/CodeField/LiteCoder-Terminal-opencode/sales-stream-data-pipeline/environment/Dockerfile.prebuilt	hub.byted.org/dwn_open_docker/litecoder-terminal--sales-stream-data-pipeline:opencode-1.15.4-50f801349a2a
sample_0001_254510e4	/Users/bytedance/CodeField/LiteCoder-Terminal-opencode/sample_0001_254510e4	/Users/bytedance/CodeField/LiteCoder-Terminal-opencode/sample_0001_254510e4/environment	/Users/bytedance/CodeField/LiteCoder-Terminal-opencode/sample_0001_254510e4/environment/Dockerfile.prebuilt	hub.byted.org/dwn_open_docker/litecoder-terminal--sample_0001_254510e4:opencode-1.15.4-32312b5c5227
sample_0042_2bb7e390	/Users/bytedance/CodeField/LiteCoder-Terminal-opencode/sample_0042_2bb7e390	/Users/bytedance/CodeField/LiteCoder-Terminal-opencode/sample_0042_2bb7e390/environment	/Users/bytedance/CodeField/LiteCoder-Terminal-opencode/sample_0042_2bb7e390/environment/Dockerfile.prebuilt	hub.byted.org/dwn_open_docker/litecoder-terminal--sample_0042_2bb7e390:opencode-1.15.4-18cdb88e32ab
sample_0106_10731802	/Users/bytedance/CodeField/LiteCoder-Terminal-opencode/sample_0106_10731802	/Users/bytedance/CodeField/LiteCoder-Terminal-opencode/sample_0106_10731802/environment	/Users/bytedance/CodeField/LiteCoder-Terminal-opencode/sample_0106_10731802/environment/Dockerfile.prebuilt	hub.byted.org/dwn_open_docker/litecoder-terminal--sample_0106_10731802:opencode-1.15.4-f228bf268040
sample_0824_27948585	/Users/bytedance/CodeField/LiteCoder-Terminal-opencode/sample_0824_27948585	/Users/bytedance/CodeField/LiteCoder-Terminal-opencode/sample_0824_27948585/environment	/Users/bytedance/CodeField/LiteCoder-Terminal-opencode/sample_0824_27948585/environment/Dockerfile.prebuilt	hub.byted.org/dwn_open_docker/litecoder-terminal--sample_0824_27948585:opencode-1.15.4-c8a1e92eafc5
sci-article-summarization-pipeline	/Users/bytedance/CodeField/LiteCoder-Terminal-opencode/sci-article-summarization-pipeline	/Users/bytedance/CodeField/LiteCoder-Terminal-opencode/sci-article-summarization-pipeline/environment	/Users/bytedance/CodeField/LiteCoder-Terminal-opencode/sci-article-summarization-pipeline/environment/Dockerfile.prebuilt	hub.byted.org/dwn_open_docker/litecoder-terminal--sci-article-summarization-pipeline:opencode-1.15.4-a732257b60d6
secure-docker-host-hardening	/Users/bytedance/CodeField/LiteCoder-Terminal-opencode/secure-docker-host-hardening	/Users/bytedance/CodeField/LiteCoder-Terminal-opencode/secure-docker-host-hardening/environment	/Users/bytedance/CodeField/LiteCoder-Terminal-opencode/secure-docker-host-hardening/environment/Dockerfile.prebuilt	hub.byted.org/dwn_open_docker/litecoder-terminal--secure-docker-host-hardening:opencode-1.15.4-f5174964eb86
secure-file-sharing-setup	/Users/bytedance/CodeField/LiteCoder-Terminal-opencode/secure-file-sharing-setup	/Users/bytedance/CodeField/LiteCoder-Terminal-opencode/secure-file-sharing-setup/environment	/Users/bytedance/CodeField/LiteCoder-Terminal-opencode/secure-file-sharing-setup/environment/Dockerfile.prebuilt	hub.byted.org/dwn_open_docker/litecoder-terminal--secure-file-sharing-setup:opencode-1.15.4-a0edb03a515e
secure-password-gen-verify	/Users/bytedance/CodeField/LiteCoder-Terminal-opencode/secure-password-gen-verify	/Users/bytedance/CodeField/LiteCoder-Terminal-opencode/secure-password-gen-verify/environment	/Users/bytedance/CodeField/LiteCoder-Terminal-opencode/secure-password-gen-verify/environment/Dockerfile.prebuilt	hub.byted.org/dwn_open_docker/litecoder-terminal--secure-password-gen-verify:opencode-1.15.4-6e4e3d6bfa5a
secure-postgres-tls-setup	/Users/bytedance/CodeField/LiteCoder-Terminal-opencode/secure-postgres-tls-setup	/Users/bytedance/CodeField/LiteCoder-Terminal-opencode/secure-postgres-tls-setup/environment	/Users/bytedance/CodeField/LiteCoder-Terminal-opencode/secure-postgres-tls-setup/environment/Dockerfile.prebuilt	hub.byted.org/dwn_open_docker/litecoder-terminal--secure-postgres-tls-setup:opencode-1.15.4-946871aa780a
secure-ssh-key-auth-setup	/Users/bytedance/CodeField/LiteCoder-Terminal-opencode/secure-ssh-key-auth-setup	/Users/bytedance/CodeField/LiteCoder-Terminal-opencode/secure-ssh-key-auth-setup/environment	/Users/bytedance/CodeField/LiteCoder-Terminal-opencode/secure-ssh-key-auth-setup/environment/Dockerfile.prebuilt	hub.byted.org/dwn_open_docker/litecoder-terminal--secure-ssh-key-auth-setup:opencode-1.15.4-d2479962084c
secure-wordpress-nginx-docker	/Users/bytedance/CodeField/LiteCoder-Terminal-opencode/secure-wordpress-nginx-docker	/Users/bytedance/CodeField/LiteCoder-Terminal-opencode/secure-wordpress-nginx-docker/environment	/Users/bytedance/CodeField/LiteCoder-Terminal-opencode/secure-wordpress-nginx-docker/environment/Dockerfile.prebuilt	hub.byted.org/dwn_open_docker/litecoder-terminal--secure-wordpress-nginx-docker:opencode-1.15.4-90ac7dbeb802
sensor-anomaly-detection-pipeline	/Users/bytedance/CodeField/LiteCoder-Terminal-opencode/sensor-anomaly-detection-pipeline	/Users/bytedance/CodeField/LiteCoder-Terminal-opencode/sensor-anomaly-detection-pipeline/environment	/Users/bytedance/CodeField/LiteCoder-Terminal-opencode/sensor-anomaly-detection-pipeline/environment/Dockerfile.prebuilt	hub.byted.org/dwn_open_docker/litecoder-terminal--sensor-anomaly-detection-pipeline:opencode-1.15.4-4cb9222c0111
sensor-data-pipeline-api	/Users/bytedance/CodeField/LiteCoder-Terminal-opencode/sensor-data-pipeline-api	/Users/bytedance/CodeField/LiteCoder-Terminal-opencode/sensor-data-pipeline-api/environment	/Users/bytedance/CodeField/LiteCoder-Terminal-opencode/sensor-data-pipeline-api/environment/Dockerfile.prebuilt	hub.byted.org/dwn_open_docker/litecoder-terminal--sensor-data-pipeline-api:opencode-1.15.4-4fdfc87adae8
sentiment-analysis-pipeline	/Users/bytedance/CodeField/LiteCoder-Terminal-opencode/sentiment-analysis-pipeline	/Users/bytedance/CodeField/LiteCoder-Terminal-opencode/sentiment-analysis-pipeline/environment	/Users/bytedance/CodeField/LiteCoder-Terminal-opencode/sentiment-analysis-pipeline/environment/Dockerfile.prebuilt	hub.byted.org/dwn_open_docker/litecoder-terminal--sentiment-analysis-pipeline:opencode-1.15.4-f2f791494382
sentiment-backtest-faang	/Users/bytedance/CodeField/LiteCoder-Terminal-opencode/sentiment-backtest-faang	/Users/bytedance/CodeField/LiteCoder-Terminal-opencode/sentiment-backtest-faang/environment	/Users/bytedance/CodeField/LiteCoder-Terminal-opencode/sentiment-backtest-faang/environment/Dockerfile.prebuilt	hub.byted.org/dwn_open_docker/litecoder-terminal--sentiment-backtest-faang:opencode-1.15.4-970cdf9be300
sentiment-classification-cli	/Users/bytedance/CodeField/LiteCoder-Terminal-opencode/sentiment-classification-cli	/Users/bytedance/CodeField/LiteCoder-Terminal-opencode/sentiment-classification-cli/environment	/Users/bytedance/CodeField/LiteCoder-Terminal-opencode/sentiment-classification-cli/environment/Dockerfile.prebuilt	hub.byted.org/dwn_open_docker/litecoder-terminal--sentiment-classification-cli:opencode-1.15.4-49981ea3fb6a
sentiment-classifier-eval-deploy	/Users/bytedance/CodeField/LiteCoder-Terminal-opencode/sentiment-classifier-eval-deploy	/Users/bytedance/CodeField/LiteCoder-Terminal-opencode/sentiment-classifier-eval-deploy/environment	/Users/bytedance/CodeField/LiteCoder-Terminal-opencode/sentiment-classifier-eval-deploy/environment/Dockerfile.prebuilt	hub.byted.org/dwn_open_docker/litecoder-terminal--sentiment-classifier-eval-deploy:opencode-1.15.4-7520f5dff757
sentiment-portfolio-simulation	/Users/bytedance/CodeField/LiteCoder-Terminal-opencode/sentiment-portfolio-simulation	/Users/bytedance/CodeField/LiteCoder-Terminal-opencode/sentiment-portfolio-simulation/environment	/Users/bytedance/CodeField/LiteCoder-Terminal-opencode/sentiment-portfolio-simulation/environment/Dockerfile.prebuilt	hub.byted.org/dwn_open_docker/litecoder-terminal--sentiment-portfolio-simulation:opencode-1.15.4-323e115c409f
sentiment-random-forest-pipeline	/Users/bytedance/CodeField/LiteCoder-Terminal-opencode/sentiment-random-forest-pipeline	/Users/bytedance/CodeField/LiteCoder-Terminal-opencode/sentiment-random-forest-pipeline/environment	/Users/bytedance/CodeField/LiteCoder-Terminal-opencode/sentiment-random-forest-pipeline/environment/Dockerfile.prebuilt	hub.byted.org/dwn_open_docker/litecoder-terminal--sentiment-random-forest-pipeline:opencode-1.15.4-970cdf9be300
server-log-anomaly-detection	/Users/bytedance/CodeField/LiteCoder-Terminal-opencode/server-log-anomaly-detection	/Users/bytedance/CodeField/LiteCoder-Terminal-opencode/server-log-anomaly-detection/environment	/Users/bytedance/CodeField/LiteCoder-Terminal-opencode/server-log-anomaly-detection/environment/Dockerfile.prebuilt	hub.byted.org/dwn_open_docker/litecoder-terminal--server-log-anomaly-detection:opencode-1.15.4-537ee6920e77
setup-bind9-local-dns	/Users/bytedance/CodeField/LiteCoder-Terminal-opencode/setup-bind9-local-dns	/Users/bytedance/CodeField/LiteCoder-Terminal-opencode/setup-bind9-local-dns/environment	/Users/bytedance/CodeField/LiteCoder-Terminal-opencode/setup-bind9-local-dns/environment/Dockerfile.prebuilt	hub.byted.org/dwn_open_docker/litecoder-terminal--setup-bind9-local-dns:opencode-1.15.4-f39bb1abcbd9
setup-chrooted-sftp-server	/Users/bytedance/CodeField/LiteCoder-Terminal-opencode/setup-chrooted-sftp-server	/Users/bytedance/CodeField/LiteCoder-Terminal-opencode/setup-chrooted-sftp-server/environment	/Users/bytedance/CodeField/LiteCoder-Terminal-opencode/setup-chrooted-sftp-server/environment/Dockerfile.prebuilt	hub.byted.org/dwn_open_docker/litecoder-terminal--setup-chrooted-sftp-server:opencode-1.15.4-4ca1f30bc07b
setup-cicd-build-environment	/Users/bytedance/CodeField/LiteCoder-Terminal-opencode/setup-cicd-build-environment	/Users/bytedance/CodeField/LiteCoder-Terminal-opencode/setup-cicd-build-environment/environment	/Users/bytedance/CodeField/LiteCoder-Terminal-opencode/setup-cicd-build-environment/environment/Dockerfile.prebuilt	hub.byted.org/dwn_open_docker/litecoder-terminal--setup-cicd-build-environment:opencode-1.15.4-2398cc6b5630
setup-clang-static-analysis	/Users/bytedance/CodeField/LiteCoder-Terminal-opencode/setup-clang-static-analysis	/Users/bytedance/CodeField/LiteCoder-Terminal-opencode/setup-clang-static-analysis/environment	/Users/bytedance/CodeField/LiteCoder-Terminal-opencode/setup-clang-static-analysis/environment/Dockerfile.prebuilt	hub.byted.org/dwn_open_docker/litecoder-terminal--setup-clang-static-analysis:opencode-1.15.4-12699d33e323
setup-cmake-cross-platform	/Users/bytedance/CodeField/LiteCoder-Terminal-opencode/setup-cmake-cross-platform	/Users/bytedance/CodeField/LiteCoder-Terminal-opencode/setup-cmake-cross-platform/environment	/Users/bytedance/CodeField/LiteCoder-Terminal-opencode/setup-cmake-cross-platform/environment/Dockerfile.prebuilt	hub.byted.org/dwn_open_docker/litecoder-terminal--setup-cmake-cross-platform:opencode-1.15.4-e30ee4c39777
setup-git-ssh-auth	/Users/bytedance/CodeField/LiteCoder-Terminal-opencode/setup-git-ssh-auth	/Users/bytedance/CodeField/LiteCoder-Terminal-opencode/setup-git-ssh-auth/environment	/Users/bytedance/CodeField/LiteCoder-Terminal-opencode/setup-git-ssh-auth/environment/Dockerfile.prebuilt	hub.byted.org/dwn_open_docker/litecoder-terminal--setup-git-ssh-auth:opencode-1.15.4-eae312b63664
setup-git-webdav-server	/Users/bytedance/CodeField/LiteCoder-Terminal-opencode/setup-git-webdav-server	/Users/bytedance/CodeField/LiteCoder-Terminal-opencode/setup-git-webdav-server/environment	/Users/bytedance/CodeField/LiteCoder-Terminal-opencode/setup-git-webdav-server/environment/Dockerfile.prebuilt	hub.byted.org/dwn_open_docker/litecoder-terminal--setup-git-webdav-server:opencode-1.15.4-946871aa780a
setup-git-workshop-repo	/Users/bytedance/CodeField/LiteCoder-Terminal-opencode/setup-git-workshop-repo	/Users/bytedance/CodeField/LiteCoder-Terminal-opencode/setup-git-workshop-repo/environment	/Users/bytedance/CodeField/LiteCoder-Terminal-opencode/setup-git-workshop-repo/environment/Dockerfile.prebuilt	hub.byted.org/dwn_open_docker/litecoder-terminal--setup-git-workshop-repo:opencode-1.15.4-4f80e6bbd03c
setup-lamp-stack-ubuntu	/Users/bytedance/CodeField/LiteCoder-Terminal-opencode/setup-lamp-stack-ubuntu	/Users/bytedance/CodeField/LiteCoder-Terminal-opencode/setup-lamp-stack-ubuntu/environment	/Users/bytedance/CodeField/LiteCoder-Terminal-opencode/setup-lamp-stack-ubuntu/environment/Dockerfile.prebuilt	hub.byted.org/dwn_open_docker/litecoder-terminal--setup-lamp-stack-ubuntu:opencode-1.15.4-eba232175585
setup-lamp-stack-ubuntu__sample_0443_fd4e2f9f	/Users/bytedance/CodeField/LiteCoder-Terminal-opencode/setup-lamp-stack-ubuntu__sample_0443_fd4e2f9f	/Users/bytedance/CodeField/LiteCoder-Terminal-opencode/setup-lamp-stack-ubuntu__sample_0443_fd4e2f9f/environment	/Users/bytedance/CodeField/LiteCoder-Terminal-opencode/setup-lamp-stack-ubuntu__sample_0443_fd4e2f9f/environment/Dockerfile.prebuilt	hub.byted.org/dwn_open_docker/litecoder-terminal--setup-lamp-stack-ubuntu__sample_0443_fd4e2f9f:opencode-1.15.4-eba232175585
setup-lemp-stack-ssl	/Users/bytedance/CodeField/LiteCoder-Terminal-opencode/setup-lemp-stack-ssl	/Users/bytedance/CodeField/LiteCoder-Terminal-opencode/setup-lemp-stack-ssl/environment	/Users/bytedance/CodeField/LiteCoder-Terminal-opencode/setup-lemp-stack-ssl/environment/Dockerfile.prebuilt	hub.byted.org/dwn_open_docker/litecoder-terminal--setup-lemp-stack-ssl:opencode-1.15.4-e33ebce58625
setup-lemp-stack-ubuntu	/Users/bytedance/CodeField/LiteCoder-Terminal-opencode/setup-lemp-stack-ubuntu	/Users/bytedance/CodeField/LiteCoder-Terminal-opencode/setup-lemp-stack-ubuntu/environment	/Users/bytedance/CodeField/LiteCoder-Terminal-opencode/setup-lemp-stack-ubuntu/environment/Dockerfile.prebuilt	hub.byted.org/dwn_open_docker/litecoder-terminal--setup-lemp-stack-ubuntu:opencode-1.15.4-020dcdae5e8a
setup-multi-lang-build-env	/Users/bytedance/CodeField/LiteCoder-Terminal-opencode/setup-multi-lang-build-env	/Users/bytedance/CodeField/LiteCoder-Terminal-opencode/setup-multi-lang-build-env/environment	/Users/bytedance/CodeField/LiteCoder-Terminal-opencode/setup-multi-lang-build-env/environment/Dockerfile.prebuilt	hub.byted.org/dwn_open_docker/litecoder-terminal--setup-multi-lang-build-env:opencode-1.15.4-2f7353384191
setup-postfix-dovecot-mail	/Users/bytedance/CodeField/LiteCoder-Terminal-opencode/setup-postfix-dovecot-mail	/Users/bytedance/CodeField/LiteCoder-Terminal-opencode/setup-postfix-dovecot-mail/environment	/Users/bytedance/CodeField/LiteCoder-Terminal-opencode/setup-postfix-dovecot-mail/environment/Dockerfile.prebuilt	hub.byted.org/dwn_open_docker/litecoder-terminal--setup-postfix-dovecot-mail:opencode-1.15.4-e19bbbbf7425
setup-postfix-dovecot-tls	/Users/bytedance/CodeField/LiteCoder-Terminal-opencode/setup-postfix-dovecot-tls	/Users/bytedance/CodeField/LiteCoder-Terminal-opencode/setup-postfix-dovecot-tls/environment	/Users/bytedance/CodeField/LiteCoder-Terminal-opencode/setup-postfix-dovecot-tls/environment/Dockerfile.prebuilt	hub.byted.org/dwn_open_docker/litecoder-terminal--setup-postfix-dovecot-tls:opencode-1.15.4-970cdf9be300
setup-python39-ubuntu	/Users/bytedance/CodeField/LiteCoder-Terminal-opencode/setup-python39-ubuntu	/Users/bytedance/CodeField/LiteCoder-Terminal-opencode/setup-python39-ubuntu/environment	/Users/bytedance/CodeField/LiteCoder-Terminal-opencode/setup-python39-ubuntu/environment/Dockerfile.prebuilt	hub.byted.org/dwn_open_docker/litecoder-terminal--setup-python39-ubuntu:opencode-1.15.4-eba232175585
setup-samba-marketing-share	/Users/bytedance/CodeField/LiteCoder-Terminal-opencode/setup-samba-marketing-share	/Users/bytedance/CodeField/LiteCoder-Terminal-opencode/setup-samba-marketing-share/environment	/Users/bytedance/CodeField/LiteCoder-Terminal-opencode/setup-samba-marketing-share/environment/Dockerfile.prebuilt	hub.byted.org/dwn_open_docker/litecoder-terminal--setup-samba-marketing-share:opencode-1.15.4-eba232175585
setup-squid-proxy-restrictions	/Users/bytedance/CodeField/LiteCoder-Terminal-opencode/setup-squid-proxy-restrictions	/Users/bytedance/CodeField/LiteCoder-Terminal-opencode/setup-squid-proxy-restrictions/environment	/Users/bytedance/CodeField/LiteCoder-Terminal-opencode/setup-squid-proxy-restrictions/environment/Dockerfile.prebuilt	hub.byted.org/dwn_open_docker/litecoder-terminal--setup-squid-proxy-restrictions:opencode-1.15.4-020dcdae5e8a
setup-ubuntu-apt-mirror	/Users/bytedance/CodeField/LiteCoder-Terminal-opencode/setup-ubuntu-apt-mirror	/Users/bytedance/CodeField/LiteCoder-Terminal-opencode/setup-ubuntu-apt-mirror/environment	/Users/bytedance/CodeField/LiteCoder-Terminal-opencode/setup-ubuntu-apt-mirror/environment/Dockerfile.prebuilt	hub.byted.org/dwn_open_docker/litecoder-terminal--setup-ubuntu-apt-mirror:opencode-1.15.4-9c1c6b7ec136
sha256-length-extension-attack	/Users/bytedance/CodeField/LiteCoder-Terminal-opencode/sha256-length-extension-attack	/Users/bytedance/CodeField/LiteCoder-Terminal-opencode/sha256-length-extension-attack/environment	/Users/bytedance/CodeField/LiteCoder-Terminal-opencode/sha256-length-extension-attack/environment/Dockerfile.prebuilt	hub.byted.org/dwn_open_docker/litecoder-terminal--sha256-length-extension-attack:opencode-1.15.4-1fb19ce98b45
shakespeare-ngram-frequency-pipeline	/Users/bytedance/CodeField/LiteCoder-Terminal-opencode/shakespeare-ngram-frequency-pipeline	/Users/bytedance/CodeField/LiteCoder-Terminal-opencode/shakespeare-ngram-frequency-pipeline/environment	/Users/bytedance/CodeField/LiteCoder-Terminal-opencode/shakespeare-ngram-frequency-pipeline/environment/Dockerfile.prebuilt	hub.byted.org/dwn_open_docker/litecoder-terminal--shakespeare-ngram-frequency-pipeline:opencode-1.15.4-eac1bfba81e1
shallow-clone-deepen-git	/Users/bytedance/CodeField/LiteCoder-Terminal-opencode/shallow-clone-deepen-git	/Users/bytedance/CodeField/LiteCoder-Terminal-opencode/shallow-clone-deepen-git/environment	/Users/bytedance/CodeField/LiteCoder-Terminal-opencode/shallow-clone-deepen-git/environment/Dockerfile.prebuilt	hub.byted.org/dwn_open_docker/litecoder-terminal--shallow-clone-deepen-git:opencode-1.15.4-cc57ff733823
shamir-aes-treasure-decrypt	/Users/bytedance/CodeField/LiteCoder-Terminal-opencode/shamir-aes-treasure-decrypt	/Users/bytedance/CodeField/LiteCoder-Terminal-opencode/shamir-aes-treasure-decrypt/environment	/Users/bytedance/CodeField/LiteCoder-Terminal-opencode/shamir-aes-treasure-decrypt/environment/Dockerfile.prebuilt	hub.byted.org/dwn_open_docker/litecoder-terminal--shamir-aes-treasure-decrypt:opencode-1.15.4-b89ed1b203ff
shell-injection-audit-harden	/Users/bytedance/CodeField/LiteCoder-Terminal-opencode/shell-injection-audit-harden	/Users/bytedance/CodeField/LiteCoder-Terminal-opencode/shell-injection-audit-harden/environment	/Users/bytedance/CodeField/LiteCoder-Terminal-opencode/shell-injection-audit-harden/environment/Dockerfile.prebuilt	hub.byted.org/dwn_open_docker/litecoder-terminal--shell-injection-audit-harden:opencode-1.15.4-84bbf017ab3c
sku-inventory-forecast-pipeline	/Users/bytedance/CodeField/LiteCoder-Terminal-opencode/sku-inventory-forecast-pipeline	/Users/bytedance/CodeField/LiteCoder-Terminal-opencode/sku-inventory-forecast-pipeline/environment	/Users/bytedance/CodeField/LiteCoder-Terminal-opencode/sku-inventory-forecast-pipeline/environment/Dockerfile.prebuilt	hub.byted.org/dwn_open_docker/litecoder-terminal--sku-inventory-forecast-pipeline:opencode-1.15.4-13975a3d40a5
sqlite-stats-extension	/Users/bytedance/CodeField/LiteCoder-Terminal-opencode/sqlite-stats-extension	/Users/bytedance/CodeField/LiteCoder-Terminal-opencode/sqlite-stats-extension/environment	/Users/bytedance/CodeField/LiteCoder-Terminal-opencode/sqlite-stats-extension/environment/Dockerfile.prebuilt	hub.byted.org/dwn_open_docker/litecoder-terminal--sqlite-stats-extension:opencode-1.15.4-ab0e60761511
ssh-bastion-host-setup	/Users/bytedance/CodeField/LiteCoder-Terminal-opencode/ssh-bastion-host-setup	/Users/bytedance/CodeField/LiteCoder-Terminal-opencode/ssh-bastion-host-setup/environment	/Users/bytedance/CodeField/LiteCoder-Terminal-opencode/ssh-bastion-host-setup/environment/Dockerfile.prebuilt	hub.byted.org/dwn_open_docker/litecoder-terminal--ssh-bastion-host-setup:opencode-1.15.4-946871aa780a
ssh-bastion-key-auth-setup	/Users/bytedance/CodeField/LiteCoder-Terminal-opencode/ssh-bastion-key-auth-setup	/Users/bytedance/CodeField/LiteCoder-Terminal-opencode/ssh-bastion-key-auth-setup/environment	/Users/bytedance/CodeField/LiteCoder-Terminal-opencode/ssh-bastion-key-auth-setup/environment/Dockerfile.prebuilt	hub.byted.org/dwn_open_docker/litecoder-terminal--ssh-bastion-key-auth-setup:opencode-1.15.4-946871aa780a
ssh-encrypted-remote-backup	/Users/bytedance/CodeField/LiteCoder-Terminal-opencode/ssh-encrypted-remote-backup	/Users/bytedance/CodeField/LiteCoder-Terminal-opencode/ssh-encrypted-remote-backup/environment	/Users/bytedance/CodeField/LiteCoder-Terminal-opencode/ssh-encrypted-remote-backup/environment/Dockerfile.prebuilt	hub.byted.org/dwn_open_docker/litecoder-terminal--ssh-encrypted-remote-backup:opencode-1.15.4-324f1c115e2c
ssh-jump-host-setup	/Users/bytedance/CodeField/LiteCoder-Terminal-opencode/ssh-jump-host-setup	/Users/bytedance/CodeField/LiteCoder-Terminal-opencode/ssh-jump-host-setup/environment	/Users/bytedance/CodeField/LiteCoder-Terminal-opencode/ssh-jump-host-setup/environment/Dockerfile.prebuilt	hub.byted.org/dwn_open_docker/litecoder-terminal--ssh-jump-host-setup:opencode-1.15.4-dd00ad1f3365
ssh-key-rotation-automation	/Users/bytedance/CodeField/LiteCoder-Terminal-opencode/ssh-key-rotation-automation	/Users/bytedance/CodeField/LiteCoder-Terminal-opencode/ssh-key-rotation-automation/environment	/Users/bytedance/CodeField/LiteCoder-Terminal-opencode/ssh-key-rotation-automation/environment/Dockerfile.prebuilt	hub.byted.org/dwn_open_docker/litecoder-terminal--ssh-key-rotation-automation:opencode-1.15.4-8a49f17e4ba5
ssh-keys-gpg-backup-setup	/Users/bytedance/CodeField/LiteCoder-Terminal-opencode/ssh-keys-gpg-backup-setup	/Users/bytedance/CodeField/LiteCoder-Terminal-opencode/ssh-keys-gpg-backup-setup/environment	/Users/bytedance/CodeField/LiteCoder-Terminal-opencode/ssh-keys-gpg-backup-setup/environment/Dockerfile.prebuilt	hub.byted.org/dwn_open_docker/litecoder-terminal--ssh-keys-gpg-backup-setup:opencode-1.15.4-6b9b53f3acf7
ssh-mfa-google-authenticator	/Users/bytedance/CodeField/LiteCoder-Terminal-opencode/ssh-mfa-google-authenticator	/Users/bytedance/CodeField/LiteCoder-Terminal-opencode/ssh-mfa-google-authenticator/environment	/Users/bytedance/CodeField/LiteCoder-Terminal-opencode/ssh-mfa-google-authenticator/environment/Dockerfile.prebuilt	hub.byted.org/dwn_open_docker/litecoder-terminal--ssh-mfa-google-authenticator:opencode-1.15.4-2398cc6b5630
ssh-port-knock-setup	/Users/bytedance/CodeField/LiteCoder-Terminal-opencode/ssh-port-knock-setup	/Users/bytedance/CodeField/LiteCoder-Terminal-opencode/ssh-port-knock-setup/environment	/Users/bytedance/CodeField/LiteCoder-Terminal-opencode/ssh-port-knock-setup/environment/Dockerfile.prebuilt	hub.byted.org/dwn_open_docker/litecoder-terminal--ssh-port-knock-setup:opencode-1.15.4-eba232175585
ssh-ufw-subnet-config	/Users/bytedance/CodeField/LiteCoder-Terminal-opencode/ssh-ufw-subnet-config	/Users/bytedance/CodeField/LiteCoder-Terminal-opencode/ssh-ufw-subnet-config/environment	/Users/bytedance/CodeField/LiteCoder-Terminal-opencode/ssh-ufw-subnet-config/environment/Dockerfile.prebuilt	hub.byted.org/dwn_open_docker/litecoder-terminal--ssh-ufw-subnet-config:opencode-1.15.4-fa96da5753bd
ssl-flask-postgres-docker	/Users/bytedance/CodeField/LiteCoder-Terminal-opencode/ssl-flask-postgres-docker	/Users/bytedance/CodeField/LiteCoder-Terminal-opencode/ssl-flask-postgres-docker/environment	/Users/bytedance/CodeField/LiteCoder-Terminal-opencode/ssl-flask-postgres-docker/environment/Dockerfile.prebuilt	hub.byted.org/dwn_open_docker/litecoder-terminal--ssl-flask-postgres-docker:opencode-1.15.4-946871aa780a
static-c-tcp-echo-server	/Users/bytedance/CodeField/LiteCoder-Terminal-opencode/static-c-tcp-echo-server	/Users/bytedance/CodeField/LiteCoder-Terminal-opencode/static-c-tcp-echo-server/environment	/Users/bytedance/CodeField/LiteCoder-Terminal-opencode/static-c-tcp-echo-server/environment/Dockerfile.prebuilt	hub.byted.org/dwn_open_docker/litecoder-terminal--static-c-tcp-echo-server:opencode-1.15.4-970cdf9be300
static-ffmpeg-vmaf-build	/Users/bytedance/CodeField/LiteCoder-Terminal-opencode/static-ffmpeg-vmaf-build	/Users/bytedance/CodeField/LiteCoder-Terminal-opencode/static-ffmpeg-vmaf-build/environment	/Users/bytedance/CodeField/LiteCoder-Terminal-opencode/static-ffmpeg-vmaf-build/environment/Dockerfile.prebuilt	hub.byted.org/dwn_open_docker/litecoder-terminal--static-ffmpeg-vmaf-build:opencode-1.15.4-f09558e74918
static-site-git-nginx	/Users/bytedance/CodeField/LiteCoder-Terminal-opencode/static-site-git-nginx	/Users/bytedance/CodeField/LiteCoder-Terminal-opencode/static-site-git-nginx/environment	/Users/bytedance/CodeField/LiteCoder-Terminal-opencode/static-site-git-nginx/environment/Dockerfile.prebuilt	hub.byted.org/dwn_open_docker/litecoder-terminal--static-site-git-nginx:opencode-1.15.4-c619d8e4b44f
stegseek-image-extraction	/Users/bytedance/CodeField/LiteCoder-Terminal-opencode/stegseek-image-extraction	/Users/bytedance/CodeField/LiteCoder-Terminal-opencode/stegseek-image-extraction/environment	/Users/bytedance/CodeField/LiteCoder-Terminal-opencode/stegseek-image-extraction/environment/Dockerfile.prebuilt	hub.byted.org/dwn_open_docker/litecoder-terminal--stegseek-image-extraction:opencode-1.15.4-c042465c1cf7
stickynotes-k8s-three-tier	/Users/bytedance/CodeField/LiteCoder-Terminal-opencode/stickynotes-k8s-three-tier	/Users/bytedance/CodeField/LiteCoder-Terminal-opencode/stickynotes-k8s-three-tier/environment	/Users/bytedance/CodeField/LiteCoder-Terminal-opencode/stickynotes-k8s-three-tier/environment/Dockerfile.prebuilt	hub.byted.org/dwn_open_docker/litecoder-terminal--stickynotes-k8s-three-tier:opencode-1.15.4-b67ca7df2de5
stock-data-analysis-csv-merger	/Users/bytedance/CodeField/LiteCoder-Terminal-opencode/stock-data-analysis-csv-merger	/Users/bytedance/CodeField/LiteCoder-Terminal-opencode/stock-data-analysis-csv-merger/environment	/Users/bytedance/CodeField/LiteCoder-Terminal-opencode/stock-data-analysis-csv-merger/environment/Dockerfile.prebuilt	hub.byted.org/dwn_open_docker/litecoder-terminal--stock-data-analysis-csv-merger:opencode-1.15.4-3cbb21032b06
stock-market-dash-plotly	/Users/bytedance/CodeField/LiteCoder-Terminal-opencode/stock-market-dash-plotly	/Users/bytedance/CodeField/LiteCoder-Terminal-opencode/stock-market-dash-plotly/environment	/Users/bytedance/CodeField/LiteCoder-Terminal-opencode/stock-market-dash-plotly/environment/Dockerfile.prebuilt	hub.byted.org/dwn_open_docker/litecoder-terminal--stock-market-dash-plotly:opencode-1.15.4-a732257b60d6
stock-ohlcv-pdf-report	/Users/bytedance/CodeField/LiteCoder-Terminal-opencode/stock-ohlcv-pdf-report	/Users/bytedance/CodeField/LiteCoder-Terminal-opencode/stock-ohlcv-pdf-report/environment	/Users/bytedance/CodeField/LiteCoder-Terminal-opencode/stock-ohlcv-pdf-report/environment/Dockerfile.prebuilt	hub.byted.org/dwn_open_docker/litecoder-terminal--stock-ohlcv-pdf-report:opencode-1.15.4-d8e4fbcc1226
stock-price-volatility-analysis	/Users/bytedance/CodeField/LiteCoder-Terminal-opencode/stock-price-volatility-analysis	/Users/bytedance/CodeField/LiteCoder-Terminal-opencode/stock-price-volatility-analysis/environment	/Users/bytedance/CodeField/LiteCoder-Terminal-opencode/stock-price-volatility-analysis/environment/Dockerfile.prebuilt	hub.byted.org/dwn_open_docker/litecoder-terminal--stock-price-volatility-analysis:opencode-1.15.4-0439ab3f94f2
student-performance-dashboard	/Users/bytedance/CodeField/LiteCoder-Terminal-opencode/student-performance-dashboard	/Users/bytedance/CodeField/LiteCoder-Terminal-opencode/student-performance-dashboard/environment	/Users/bytedance/CodeField/LiteCoder-Terminal-opencode/student-performance-dashboard/environment/Dockerfile.prebuilt	hub.byted.org/dwn_open_docker/litecoder-terminal--student-performance-dashboard:opencode-1.15.4-4b46b4d791e1
svn-to-git-monorepo-migration	/Users/bytedance/CodeField/LiteCoder-Terminal-opencode/svn-to-git-monorepo-migration	/Users/bytedance/CodeField/LiteCoder-Terminal-opencode/svn-to-git-monorepo-migration/environment	/Users/bytedance/CodeField/LiteCoder-Terminal-opencode/svn-to-git-monorepo-migration/environment/Dockerfile.prebuilt	hub.byted.org/dwn_open_docker/litecoder-terminal--svn-to-git-monorepo-migration:opencode-1.15.4-8edddbd3e7fd
synthetic-dataset-profiler	/Users/bytedance/CodeField/LiteCoder-Terminal-opencode/synthetic-dataset-profiler	/Users/bytedance/CodeField/LiteCoder-Terminal-opencode/synthetic-dataset-profiler/environment	/Users/bytedance/CodeField/LiteCoder-Terminal-opencode/synthetic-dataset-profiler/environment/Dockerfile.prebuilt	hub.byted.org/dwn_open_docker/litecoder-terminal--synthetic-dataset-profiler:opencode-1.15.4-b896da8012e5
systemd-service-builder	/Users/bytedance/CodeField/LiteCoder-Terminal-opencode/systemd-service-builder	/Users/bytedance/CodeField/LiteCoder-Terminal-opencode/systemd-service-builder/environment	/Users/bytedance/CodeField/LiteCoder-Terminal-opencode/systemd-service-builder/environment/Dockerfile.prebuilt	hub.byted.org/dwn_open_docker/litecoder-terminal--systemd-service-builder:opencode-1.15.4-e811f29fe6e6
text-classification-pipeline	/Users/bytedance/CodeField/LiteCoder-Terminal-opencode/text-classification-pipeline	/Users/bytedance/CodeField/LiteCoder-Terminal-opencode/text-classification-pipeline/environment	/Users/bytedance/CodeField/LiteCoder-Terminal-opencode/text-classification-pipeline/environment/Dockerfile.prebuilt	hub.byted.org/dwn_open_docker/litecoder-terminal--text-classification-pipeline:opencode-1.15.4-7b858d22be60
textrank-extractive-summarizer	/Users/bytedance/CodeField/LiteCoder-Terminal-opencode/textrank-extractive-summarizer	/Users/bytedance/CodeField/LiteCoder-Terminal-opencode/textrank-extractive-summarizer/environment	/Users/bytedance/CodeField/LiteCoder-Terminal-opencode/textrank-extractive-summarizer/environment/Dockerfile.prebuilt	hub.byted.org/dwn_open_docker/litecoder-terminal--textrank-extractive-summarizer:opencode-1.15.4-c36ad5f30667
tfidf-product-recommendation-baseline	/Users/bytedance/CodeField/LiteCoder-Terminal-opencode/tfidf-product-recommendation-baseline	/Users/bytedance/CodeField/LiteCoder-Terminal-opencode/tfidf-product-recommendation-baseline/environment	/Users/bytedance/CodeField/LiteCoder-Terminal-opencode/tfidf-product-recommendation-baseline/environment/Dockerfile.prebuilt	hub.byted.org/dwn_open_docker/litecoder-terminal--tfidf-product-recommendation-baseline:opencode-1.15.4-4cb9222c0111
tfidf-svm-newsgroups-classifier	/Users/bytedance/CodeField/LiteCoder-Terminal-opencode/tfidf-svm-newsgroups-classifier	/Users/bytedance/CodeField/LiteCoder-Terminal-opencode/tfidf-svm-newsgroups-classifier/environment	/Users/bytedance/CodeField/LiteCoder-Terminal-opencode/tfidf-svm-newsgroups-classifier/environment/Dockerfile.prebuilt	hub.byted.org/dwn_open_docker/litecoder-terminal--tfidf-svm-newsgroups-classifier:opencode-1.15.4-eba232175585
tflite-int8-optimization	/Users/bytedance/CodeField/LiteCoder-Terminal-opencode/tflite-int8-optimization	/Users/bytedance/CodeField/LiteCoder-Terminal-opencode/tflite-int8-optimization/environment	/Users/bytedance/CodeField/LiteCoder-Terminal-opencode/tflite-int8-optimization/environment/Dockerfile.prebuilt	hub.byted.org/dwn_open_docker/litecoder-terminal--tflite-int8-optimization:opencode-1.15.4-af0be68009f7
tig-network-monitoring	/Users/bytedance/CodeField/LiteCoder-Terminal-opencode/tig-network-monitoring	/Users/bytedance/CodeField/LiteCoder-Terminal-opencode/tig-network-monitoring/environment	/Users/bytedance/CodeField/LiteCoder-Terminal-opencode/tig-network-monitoring/environment/Dockerfile.prebuilt	hub.byted.org/dwn_open_docker/litecoder-terminal--tig-network-monitoring:opencode-1.15.4-3d50dcd1a20c
titanic-ml-vs-deep-learning	/Users/bytedance/CodeField/LiteCoder-Terminal-opencode/titanic-ml-vs-deep-learning	/Users/bytedance/CodeField/LiteCoder-Terminal-opencode/titanic-ml-vs-deep-learning/environment	/Users/bytedance/CodeField/LiteCoder-Terminal-opencode/titanic-ml-vs-deep-learning/environment/Dockerfile.prebuilt	hub.byted.org/dwn_open_docker/litecoder-terminal--titanic-ml-vs-deep-learning:opencode-1.15.4-d844a7f71a85
titanic-survival-ml-pipeline	/Users/bytedance/CodeField/LiteCoder-Terminal-opencode/titanic-survival-ml-pipeline	/Users/bytedance/CodeField/LiteCoder-Terminal-opencode/titanic-survival-ml-pipeline/environment	/Users/bytedance/CodeField/LiteCoder-Terminal-opencode/titanic-survival-ml-pipeline/environment/Dockerfile.prebuilt	hub.byted.org/dwn_open_docker/litecoder-terminal--titanic-survival-ml-pipeline:opencode-1.15.4-4fe2485b2046
tls-cert-chain-verify	/Users/bytedance/CodeField/LiteCoder-Terminal-opencode/tls-cert-chain-verify	/Users/bytedance/CodeField/LiteCoder-Terminal-opencode/tls-cert-chain-verify/environment	/Users/bytedance/CodeField/LiteCoder-Terminal-opencode/tls-cert-chain-verify/environment/Dockerfile.prebuilt	hub.byted.org/dwn_open_docker/litecoder-terminal--tls-cert-chain-verify:opencode-1.15.4-8d40c1fa54c3
train-sentiment-classifier	/Users/bytedance/CodeField/LiteCoder-Terminal-opencode/train-sentiment-classifier	/Users/bytedance/CodeField/LiteCoder-Terminal-opencode/train-sentiment-classifier/environment	/Users/bytedance/CodeField/LiteCoder-Terminal-opencode/train-sentiment-classifier/environment/Dockerfile.prebuilt	hub.byted.org/dwn_open_docker/litecoder-terminal--train-sentiment-classifier:opencode-1.15.4-f6e2108b0808
train-sentiment-classifier__sample_0608_d7de05fe	/Users/bytedance/CodeField/LiteCoder-Terminal-opencode/train-sentiment-classifier__sample_0608_d7de05fe	/Users/bytedance/CodeField/LiteCoder-Terminal-opencode/train-sentiment-classifier__sample_0608_d7de05fe/environment	/Users/bytedance/CodeField/LiteCoder-Terminal-opencode/train-sentiment-classifier__sample_0608_d7de05fe/environment/Dockerfile.prebuilt	hub.byted.org/dwn_open_docker/litecoder-terminal--train-sentiment-classifier__sample_0608_d7de05fe:opencode-1.15.4-970cdf9be300
trim-kernel-config	/Users/bytedance/CodeField/LiteCoder-Terminal-opencode/trim-kernel-config	/Users/bytedance/CodeField/LiteCoder-Terminal-opencode/trim-kernel-config/environment	/Users/bytedance/CodeField/LiteCoder-Terminal-opencode/trim-kernel-config/environment/Dockerfile.prebuilt	hub.byted.org/dwn_open_docker/litecoder-terminal--trim-kernel-config:opencode-1.15.4-bba71b9db0da
tsv-sqlite-data-pipeline	/Users/bytedance/CodeField/LiteCoder-Terminal-opencode/tsv-sqlite-data-pipeline	/Users/bytedance/CodeField/LiteCoder-Terminal-opencode/tsv-sqlite-data-pipeline/environment	/Users/bytedance/CodeField/LiteCoder-Terminal-opencode/tsv-sqlite-data-pipeline/environment/Dockerfile.prebuilt	hub.byted.org/dwn_open_docker/litecoder-terminal--tsv-sqlite-data-pipeline:opencode-1.15.4-dba975ec37d7
tune-postgresql-performance	/Users/bytedance/CodeField/LiteCoder-Terminal-opencode/tune-postgresql-performance	/Users/bytedance/CodeField/LiteCoder-Terminal-opencode/tune-postgresql-performance/environment	/Users/bytedance/CodeField/LiteCoder-Terminal-opencode/tune-postgresql-performance/environment/Dockerfile.prebuilt	hub.byted.org/dwn_open_docker/litecoder-terminal--tune-postgresql-performance:opencode-1.15.4-54eb35a54d70
tweet-sentiment-analysis-pipeline	/Users/bytedance/CodeField/LiteCoder-Terminal-opencode/tweet-sentiment-analysis-pipeline	/Users/bytedance/CodeField/LiteCoder-Terminal-opencode/tweet-sentiment-analysis-pipeline/environment	/Users/bytedance/CodeField/LiteCoder-Terminal-opencode/tweet-sentiment-analysis-pipeline/environment/Dockerfile.prebuilt	hub.byted.org/dwn_open_docker/litecoder-terminal--tweet-sentiment-analysis-pipeline:opencode-1.15.4-f3f42899b19e
ubuntu-network-troubleshoot	/Users/bytedance/CodeField/LiteCoder-Terminal-opencode/ubuntu-network-troubleshoot	/Users/bytedance/CodeField/LiteCoder-Terminal-opencode/ubuntu-network-troubleshoot/environment	/Users/bytedance/CodeField/LiteCoder-Terminal-opencode/ubuntu-network-troubleshoot/environment/Dockerfile.prebuilt	hub.byted.org/dwn_open_docker/litecoder-terminal--ubuntu-network-troubleshoot:opencode-1.15.4-946871aa780a
user-lifecycle-automation	/Users/bytedance/CodeField/LiteCoder-Terminal-opencode/user-lifecycle-automation	/Users/bytedance/CodeField/LiteCoder-Terminal-opencode/user-lifecycle-automation/environment	/Users/bytedance/CodeField/LiteCoder-Terminal-opencode/user-lifecycle-automation/environment/Dockerfile.prebuilt	hub.byted.org/dwn_open_docker/litecoder-terminal--user-lifecycle-automation:opencode-1.15.4-f10062a6e1c4
verify-aes-openssl-crypto	/Users/bytedance/CodeField/LiteCoder-Terminal-opencode/verify-aes-openssl-crypto	/Users/bytedance/CodeField/LiteCoder-Terminal-opencode/verify-aes-openssl-crypto/environment	/Users/bytedance/CodeField/LiteCoder-Terminal-opencode/verify-aes-openssl-crypto/environment/Dockerfile.prebuilt	hub.byted.org/dwn_open_docker/litecoder-terminal--verify-aes-openssl-crypto:opencode-1.15.4-970cdf9be300
verify-cross-compile-toolchain	/Users/bytedance/CodeField/LiteCoder-Terminal-opencode/verify-cross-compile-toolchain	/Users/bytedance/CodeField/LiteCoder-Terminal-opencode/verify-cross-compile-toolchain/environment	/Users/bytedance/CodeField/LiteCoder-Terminal-opencode/verify-cross-compile-toolchain/environment/Dockerfile.prebuilt	hub.byted.org/dwn_open_docker/litecoder-terminal--verify-cross-compile-toolchain:opencode-1.15.4-0eb64b5c423d
verify-reproducible-builds	/Users/bytedance/CodeField/LiteCoder-Terminal-opencode/verify-reproducible-builds	/Users/bytedance/CodeField/LiteCoder-Terminal-opencode/verify-reproducible-builds/environment	/Users/bytedance/CodeField/LiteCoder-Terminal-opencode/verify-reproducible-builds/environment/Dockerfile.prebuilt	hub.byted.org/dwn_open_docker/litecoder-terminal--verify-reproducible-builds:opencode-1.15.4-02381ecbfdc8
vit-cifar10-classifier	/Users/bytedance/CodeField/LiteCoder-Terminal-opencode/vit-cifar10-classifier	/Users/bytedance/CodeField/LiteCoder-Terminal-opencode/vit-cifar10-classifier/environment	/Users/bytedance/CodeField/LiteCoder-Terminal-opencode/vit-cifar10-classifier/environment/Dockerfile.prebuilt	hub.byted.org/dwn_open_docker/litecoder-terminal--vit-cifar10-classifier:opencode-1.15.4-946871aa780a
weather-crime-analysis-model	/Users/bytedance/CodeField/LiteCoder-Terminal-opencode/weather-crime-analysis-model	/Users/bytedance/CodeField/LiteCoder-Terminal-opencode/weather-crime-analysis-model/environment	/Users/bytedance/CodeField/LiteCoder-Terminal-opencode/weather-crime-analysis-model/environment/Dockerfile.prebuilt	hub.byted.org/dwn_open_docker/litecoder-terminal--weather-crime-analysis-model:opencode-1.15.4-73c72e4c1a81
weather-etl-sqlite-pipeline	/Users/bytedance/CodeField/LiteCoder-Terminal-opencode/weather-etl-sqlite-pipeline	/Users/bytedance/CodeField/LiteCoder-Terminal-opencode/weather-etl-sqlite-pipeline/environment	/Users/bytedance/CodeField/LiteCoder-Terminal-opencode/weather-etl-sqlite-pipeline/environment/Dockerfile.prebuilt	hub.byted.org/dwn_open_docker/litecoder-terminal--weather-etl-sqlite-pipeline:opencode-1.15.4-21eeba21c035
wine-quality-logistic-regression	/Users/bytedance/CodeField/LiteCoder-Terminal-opencode/wine-quality-logistic-regression	/Users/bytedance/CodeField/LiteCoder-Terminal-opencode/wine-quality-logistic-regression/environment	/Users/bytedance/CodeField/LiteCoder-Terminal-opencode/wine-quality-logistic-regression/environment/Dockerfile.prebuilt	hub.byted.org/dwn_open_docker/litecoder-terminal--wine-quality-logistic-regression:opencode-1.15.4-eba232175585
wine-quality-prediction-model	/Users/bytedance/CodeField/LiteCoder-Terminal-opencode/wine-quality-prediction-model	/Users/bytedance/CodeField/LiteCoder-Terminal-opencode/wine-quality-prediction-model/environment	/Users/bytedance/CodeField/LiteCoder-Terminal-opencode/wine-quality-prediction-model/environment/Dockerfile.prebuilt	hub.byted.org/dwn_open_docker/litecoder-terminal--wine-quality-prediction-model:opencode-1.15.4-2354e7290e61
wordpress-config-validator	/Users/bytedance/CodeField/LiteCoder-Terminal-opencode/wordpress-config-validator	/Users/bytedance/CodeField/LiteCoder-Terminal-opencode/wordpress-config-validator/environment	/Users/bytedance/CodeField/LiteCoder-Terminal-opencode/wordpress-config-validator/environment/Dockerfile.prebuilt	hub.byted.org/dwn_open_docker/litecoder-terminal--wordpress-config-validator:opencode-1.15.4-0a0a499c49f2
wordpress-docker-compose-ssl	/Users/bytedance/CodeField/LiteCoder-Terminal-opencode/wordpress-docker-compose-ssl	/Users/bytedance/CodeField/LiteCoder-Terminal-opencode/wordpress-docker-compose-ssl/environment	/Users/bytedance/CodeField/LiteCoder-Terminal-opencode/wordpress-docker-compose-ssl/environment/Dockerfile.prebuilt	hub.byted.org/dwn_open_docker/litecoder-terminal--wordpress-docker-compose-ssl:opencode-1.15.4-a1525ff9d942
wordpress-docker-reverse-proxy	/Users/bytedance/CodeField/LiteCoder-Terminal-opencode/wordpress-docker-reverse-proxy	/Users/bytedance/CodeField/LiteCoder-Terminal-opencode/wordpress-docker-reverse-proxy/environment	/Users/bytedance/CodeField/LiteCoder-Terminal-opencode/wordpress-docker-reverse-proxy/environment/Dockerfile.prebuilt	hub.byted.org/dwn_open_docker/litecoder-terminal--wordpress-docker-reverse-proxy:opencode-1.15.4-970cdf9be300
wordpress-multisite-docker-setup	/Users/bytedance/CodeField/LiteCoder-Terminal-opencode/wordpress-multisite-docker-setup	/Users/bytedance/CodeField/LiteCoder-Terminal-opencode/wordpress-multisite-docker-setup/environment	/Users/bytedance/CodeField/LiteCoder-Terminal-opencode/wordpress-multisite-docker-setup/environment/Dockerfile.prebuilt	hub.byted.org/dwn_open_docker/litecoder-terminal--wordpress-multisite-docker-setup:opencode-1.15.4-6117b5313c34
yelp-business-insights	/Users/bytedance/CodeField/LiteCoder-Terminal-opencode/yelp-business-insights	/Users/bytedance/CodeField/LiteCoder-Terminal-opencode/yelp-business-insights/environment	/Users/bytedance/CodeField/LiteCoder-Terminal-opencode/yelp-business-insights/environment/Dockerfile.prebuilt	hub.byted.org/dwn_open_docker/litecoder-terminal--yelp-business-insights:opencode-1.15.4-32173dc1b803
zeroshot-bertopic-news-modeling	/Users/bytedance/CodeField/LiteCoder-Terminal-opencode/zeroshot-bertopic-news-modeling	/Users/bytedance/CodeField/LiteCoder-Terminal-opencode/zeroshot-bertopic-news-modeling/environment	/Users/bytedance/CodeField/LiteCoder-Terminal-opencode/zeroshot-bertopic-news-modeling/environment/Dockerfile.prebuilt	hub.byted.org/dwn_open_docker/litecoder-terminal--zeroshot-bertopic-news-modeling:opencode-1.15.4-eba232175585
