incident_id,date,crime_type
10001,01/01/2022,DRUG OFFENSE
10002,01/01/2022,THEFT
10003,01/01/2022,FRAUD
10004,01/01/2022,THEFT
10005,01-Jan-2022,FRAUD
10006,01/01/2022,BURGLARY
10007,01-Jan-2022,DRUG OFFENSE
10008,01/01/2022,DRUG OFFENSE
10009,2022-01-01,FRAUD
10010,01/01/2022,THEFT
10011,01/01/2022,BURGLARY
10012,01/01/2022,THEFT
10013,2022-01-01,DRUG OFFENSE
10014,2022-01-01,THEFT
10015,01/01/2022,OTHER
10016,01/01/2022,FRAUD
10017,01-Jan-2022,DRUG OFFENSE
10018,2022-01-01,OTHER
10019,01-Jan-2022,THEFT
10020,01-Jan-2022,ASSAULT
10021,01/01/2022,BURGLARY
10022,01-Jan-2022,DRUG OFFENSE
10023,2022-01-01,DRUG OFFENSE
10024,01-Jan-2022,ROBBERY
10025,01/01/2022,FRAUD
10026,2022-01-01,FRAUD
10027,01-Jan-2022,THEFT
10028,01-Jan-2022,ROBBERY
10029,2022-01-01,BURGLARY
10030,01/01/2022,OTHER
10031,2022-01-01,BURGLARY
10032,01-Jan-2022,FRAUD
10033,01/01/2022,DRUG OFFENSE
10034,01-Jan-2022,ASSAULT
10035,2022-01-01,ASSAULT
10036,01/01/2022,DRUG OFFENSE
10037,01/02/2022,DRUG OFFENSE
10038,01/02/2022,FRAUD
10039,01/02/2022,OTHER
10040,2022-01-02,FRAUD
10041,2022-01-02,BURGLARY
10042,01/02/2022,BURGLARY
10043,02-Jan-2022,ROBBERY
10044,2022-01-02,THEFT
10045,01/02/2022,VANDALISM
10046,2022-01-02,VANDALISM
10047,2022-01-02,BURGLARY
10048,02-Jan-2022,ASSAULT
10049,02-Jan-2022,DRUG OFFENSE
10050,2022-01-02,OTHER
10051,01/02/2022,OTHER
10052,01/02/2022,THEFT
10053,02-Jan-2022,FRAUD
10054,01/02/2022,BURGLARY
10055,2022-01-02,ASSAULT
10056,01/02/2022,FRAUD
10057,01/02/2022,ROBBERY
10058,01/02/2022,FRAUD
10059,2022-01-02,THEFT
10060,02-Jan-2022,ROBBERY
10061,01/02/2022,THEFT
10062,01/02/2022,ROBBERY
10063,01/02/2022,FRAUD
10064,02-Jan-2022,BURGLARY
10065,2022-01-02,BURGLARY
10066,2022-01-02,DRUG OFFENSE
10067,01/02/2022,OTHER
10068,02-Jan-2022,ROBBERY
10069,02-Jan-2022,THEFT
10070,01/02/2022,OTHER
10071,2022-01-02,ASSAULT
10072,01/03/2022,DRUG OFFENSE
10073,2022-01-03,ROBBERY
10074,2022-01-03,ROBBERY
10075,2022-01-03,THEFT
10076,2022-01-03,VANDALISM
10077,01/03/2022,DRUG OFFENSE
10078,01/03/2022,VANDALISM
10079,03-Jan-2022,VANDALISM
10080,2022-01-03,THEFT
10081,01/03/2022,DRUG OFFENSE
10082,03-Jan-2022,OTHER
10083,01/03/2022,FRAUD
10084,01/03/2022,OTHER
10085,2022-01-03,OTHER
10086,03-Jan-2022,OTHER
10087,01/04/2022,VANDALISM
10088,01/04/2022,THEFT
10089,2022-01-04,THEFT
10090,2022-01-04,BURGLARY
10091,01/04/2022,BURGLARY
10092,2022-01-04,FRAUD
10093,04-Jan-2022,THEFT
10094,04-Jan-2022,VANDALISM
10095,01/04/2022,THEFT
10096,01/04/2022,DRUG OFFENSE
10097,2022-01-04,ASSAULT
10098,01/04/2022,DRUG OFFENSE
10099,2022-01-04,THEFT
10100,01/04/2022,BURGLARY
10101,04-Jan-2022,VANDALISM
10102,01/04/2022,ROBBERY
10103,01/04/2022,OTHER
10104,01/04/2022,ASSAULT
10105,04-Jan-2022,VANDALISM
10106,2022-01-04,ASSAULT
10107,01/04/2022,OTHER
10108,2022-01-04,DRUG OFFENSE
10109,01/04/2022,FRAUD
10110,01/04/2022,BURGLARY
10111,04-Jan-2022,ROBBERY
10112,2022-01-04,ROBBERY
10113,01/04/2022,THEFT
10114,2022-01-04,FRAUD
10115,04-Jan-2022,ROBBERY
10116,04-Jan-2022,DRUG OFFENSE
10117,01/04/2022,VANDALISM
10118,01/04/2022,FRAUD
10119,04-Jan-2022,THEFT
10120,01/05/2022,DRUG OFFENSE
10121,01/05/2022,ROBBERY
10122,2022-01-05,OTHER
10123,05-Jan-2022,OTHER
10124,01/05/2022,BURGLARY
10125,2022-01-05,FRAUD
10126,01/05/2022,FRAUD
10127,01/05/2022,ROBBERY
10128,01/05/2022,THEFT
10129,2022-01-05,ASSAULT
10130,2022-01-05,ASSAULT
10131,01/05/2022,DRUG OFFENSE
10132,2022-01-05,BURGLARY
10133,01/05/2022,THEFT
10134,01/05/2022,ASSAULT
10135,01/05/2022,ASSAULT
10136,2022-01-05,OTHER
10137,01/05/2022,DRUG OFFENSE
10138,01/05/2022,BURGLARY
10139,01/05/2022,ASSAULT
10140,01/05/2022,THEFT
10141,2022-01-05,ROBBERY
10142,01/05/2022,DRUG OFFENSE
10143,01/06/2022,BURGLARY
10144,01/06/2022,THEFT
10145,01/06/2022,DRUG OFFENSE
10146,2022-01-06,ROBBERY
10147,01/06/2022,ASSAULT
10148,01/06/2022,ROBBERY
10149,2022-01-06,BURGLARY
10150,06-Jan-2022,VANDALISM
10151,01/06/2022,FRAUD
10152,06-Jan-2022,BURGLARY
10153,01/06/2022,VANDALISM
10154,06-Jan-2022,THEFT
10155,2022-01-06,THEFT
10156,2022-01-06,BURGLARY
10157,06-Jan-2022,ASSAULT
10158,01/06/2022,ROBBERY
10159,01/06/2022,ASSAULT
10160,2022-01-06,FRAUD
10161,01/06/2022,BURGLARY
10162,06-Jan-2022,VANDALISM
10163,2022-01-06,BURGLARY
10164,01/06/2022,ASSAULT
10165,01/06/2022,ASSAULT
10166,01/06/2022,ASSAULT
10167,01/06/2022,VANDALISM
10168,06-Jan-2022,VANDALISM
10169,2022-01-06,ASSAULT
10170,01/06/2022,FRAUD
10171,2022-01-06,VANDALISM
10172,06-Jan-2022,ASSAULT
10173,06-Jan-2022,OTHER
10174,2022-01-07,BURGLARY
10175,2022-01-07,THEFT
10176,2022-01-07,THEFT
10177,01/07/2022,ASSAULT
10178,07-Jan-2022,VANDALISM
10179,2022-01-07,DRUG OFFENSE
10180,01/07/2022,THEFT
10181,01/07/2022,DRUG OFFENSE
10182,07-Jan-2022,THEFT
10183,2022-01-07,ROBBERY
10184,07-Jan-2022,FRAUD
10185,01/07/2022,VANDALISM
10186,2022-01-07,ROBBERY
10187,01/07/2022,DRUG OFFENSE
10188,01/07/2022,BURGLARY
10189,07-Jan-2022,THEFT
10190,07-Jan-2022,ASSAULT
10191,07-Jan-2022,DRUG OFFENSE
10192,07-Jan-2022,DRUG OFFENSE
10193,07-Jan-2022,ASSAULT
10194,07-Jan-2022,ASSAULT
10195,2022-01-07,VANDALISM
10196,01/07/2022,THEFT
10197,2022-01-07,ASSAULT
10198,07-Jan-2022,DRUG OFFENSE
10199,01/07/2022,DRUG OFFENSE
10200,2022-01-07,BURGLARY
10201,2022-01-07,DRUG OFFENSE
10202,01/07/2022,THEFT
10203,07-Jan-2022,BURGLARY
10204,01/07/2022,VANDALISM
10205,2022-01-07,DRUG OFFENSE
10206,07-Jan-2022,BURGLARY
10207,07-Jan-2022,ASSAULT
10208,08-Jan-2022,BURGLARY
10209,08-Jan-2022,ASSAULT
10210,01/08/2022,OTHER
10211,2022-01-08,VANDALISM
10212,08-Jan-2022,VANDALISM
10213,01/08/2022,FRAUD
10214,01/08/2022,THEFT
10215,2022-01-08,ASSAULT
10216,08-Jan-2022,DRUG OFFENSE
10217,01/08/2022,ASSAULT
10218,08-Jan-2022,DRUG OFFENSE
10219,2022-01-08,ASSAULT
10220,08-Jan-2022,ROBBERY
10221,01/08/2022,OTHER
10222,08-Jan-2022,DRUG OFFENSE
10223,01/08/2022,VANDALISM
10224,01/08/2022,OTHER
10225,08-Jan-2022,ASSAULT
10226,01/08/2022,BURGLARY
10227,01/08/2022,THEFT
10228,2022-01-08,BURGLARY
10229,08-Jan-2022,BURGLARY
10230,2022-01-08,BURGLARY
10231,2022-01-08,THEFT
10232,01/08/2022,OTHER
10233,08-Jan-2022,DRUG OFFENSE
10234,01/08/2022,DRUG OFFENSE
10235,08-Jan-2022,DRUG OFFENSE
10236,2022-01-08,FRAUD
10237,2022-01-08,THEFT
10238,09-Jan-2022,OTHER
10239,2022-01-09,FRAUD
10240,2022-01-09,BURGLARY
10241,09-Jan-2022,OTHER
10242,09-Jan-2022,FRAUD
10243,2022-01-09,VANDALISM
10244,2022-01-09,VANDALISM
10245,01/09/2022,THEFT
10246,2022-01-09,BURGLARY
10247,2022-01-09,OTHER
10248,01/09/2022,OTHER
10249,01/09/2022,ROBBERY
10250,01/09/2022,ROBBERY
10251,2022-01-09,DRUG OFFENSE
10252,01/09/2022,ASSAULT
10253,01/09/2022,DRUG OFFENSE
10254,01/09/2022,VANDALISM
10255,01/09/2022,ASSAULT
10256,01/09/2022,ROBBERY
10257,09-Jan-2022,ASSAULT
10258,2022-01-09,OTHER
10259,2022-01-09,OTHER
10260,09-Jan-2022,ASSAULT
10261,01/09/2022,DRUG OFFENSE
10262,01/09/2022,FRAUD
10263,01/09/2022,ASSAULT
10264,01/09/2022,BURGLARY
10265,01/09/2022,OTHER
10266,01/09/2022,FRAUD
10267,2022-01-09,ROBBERY
10268,01/09/2022,VANDALISM
10269,01/09/2022,OTHER
10270,10-Jan-2022,THEFT
10271,01/10/2022,ROBBERY
10272,10-Jan-2022,OTHER
10273,01/10/2022,BURGLARY
10274,2022-01-10,OTHER
10275,10-Jan-2022,OTHER
10276,2022-01-10,DRUG OFFENSE
10277,10-Jan-2022,DRUG OFFENSE
10278,01/10/2022,FRAUD
10279,01/10/2022,BURGLARY
10280,01/10/2022,THEFT
10281,2022-01-10,DRUG OFFENSE
10282,10-Jan-2022,VANDALISM
10283,2022-01-10,BURGLARY
10284,10-Jan-2022,DRUG OFFENSE
10285,2022-01-10,DRUG OFFENSE
10286,2022-01-10,BURGLARY
10287,01/10/2022,BURGLARY
10288,2022-01-10,VANDALISM
10289,10-Jan-2022,VANDALISM
10290,01/10/2022,ROBBERY
10291,2022-01-10,THEFT
10292,2022-01-10,ROBBERY
10293,10-Jan-2022,BURGLARY
10294,01/10/2022,BURGLARY
10295,01/10/2022,ASSAULT
10296,01/10/2022,FRAUD
10297,2022-01-10,BURGLARY
10298,10-Jan-2022,ASSAULT
10299,2022-01-10,ROBBERY
10300,01/10/2022,BURGLARY
10301,01/10/2022,VANDALISM
10302,10-Jan-2022,BURGLARY
10303,2022-01-10,THEFT
10304,01/11/2022,BURGLARY
10305,11-Jan-2022,VANDALISM
10306,11-Jan-2022,BURGLARY
10307,01/11/2022,ROBBERY
10308,01/11/2022,BURGLARY
10309,01/11/2022,ASSAULT
10310,2022-01-11,BURGLARY
10311,01/11/2022,DRUG OFFENSE
10312,2022-01-11,ROBBERY
10313,2022-01-11,ASSAULT
10314,01/11/2022,VANDALISM
10315,11-Jan-2022,BURGLARY
10316,11-Jan-2022,THEFT
10317,11-Jan-2022,DRUG OFFENSE
10318,01/11/2022,ASSAULT
10319,2022-01-11,FRAUD
10320,01/11/2022,VANDALISM
10321,2022-01-11,OTHER
10322,01/11/2022,FRAUD
10323,2022-01-11,OTHER
10324,2022-01-11,OTHER
10325,01/11/2022,ASSAULT
10326,12-Jan-2022,FRAUD
10327,2022-01-12,VANDALISM
10328,2022-01-12,THEFT
10329,2022-01-12,OTHER
10330,01/12/2022,ROBBERY
10331,01/12/2022,FRAUD
10332,12-Jan-2022,OTHER
10333,2022-01-12,ROBBERY
10334,01/12/2022,DRUG OFFENSE
10335,12-Jan-2022,FRAUD
10336,2022-01-12,DRUG OFFENSE
10337,2022-01-12,THEFT
10338,01/12/2022,OTHER
10339,01/12/2022,ROBBERY
10340,12-Jan-2022,FRAUD
10341,2022-01-12,FRAUD
10342,01/12/2022,OTHER
10343,01/12/2022,THEFT
10344,01/12/2022,VANDALISM
10345,01/12/2022,VANDALISM
10346,12-Jan-2022,BURGLARY
10347,01/12/2022,BURGLARY
10348,01/12/2022,BURGLARY
10349,12-Jan-2022,VANDALISM
10350,01/12/2022,THEFT
10351,01/12/2022,DRUG OFFENSE
10352,2022-01-12,FRAUD
10353,2022-01-12,OTHER
10354,2022-01-12,ASSAULT
10355,01/12/2022,DRUG OFFENSE
10356,2022-01-12,OTHER
10357,01/12/2022,THEFT
10358,2022-01-12,BURGLARY
10359,2022-01-13,FRAUD
10360,01/13/2022,ROBBERY
10361,01/13/2022,ASSAULT
10362,2022-01-13,OTHER
10363,01/13/2022,ROBBERY
10364,13-Jan-2022,DRUG OFFENSE
10365,2022-01-13,ROBBERY
10366,2022-01-13,ROBBERY
10367,01/13/2022,OTHER
10368,01/13/2022,DRUG OFFENSE
10369,01/13/2022,ROBBERY
10370,13-Jan-2022,FRAUD
10371,13-Jan-2022,ASSAULT
10372,01/13/2022,THEFT
10373,2022-01-13,THEFT
10374,2022-01-13,FRAUD
10375,13-Jan-2022,ROBBERY
10376,2022-01-13,VANDALISM
10377,01/13/2022,VANDALISM
10378,01/13/2022,FRAUD
10379,13-Jan-2022,OTHER
10380,2022-01-13,VANDALISM
10381,01/13/2022,FRAUD
10382,13-Jan-2022,OTHER
10383,13-Jan-2022,BURGLARY
10384,01/13/2022,FRAUD
10385,2022-01-13,OTHER
10386,01/13/2022,THEFT
10387,01/13/2022,ROBBERY
10388,01/13/2022,BURGLARY
10389,01/13/2022,DRUG OFFENSE
10390,01/13/2022,DRUG OFFENSE
10391,2022-01-13,ROBBERY
10392,13-Jan-2022,ROBBERY
10393,01/13/2022,ROBBERY
10394,01/14/2022,OTHER
10395,2022-01-14,ROBBERY
10396,2022-01-14,ASSAULT
10397,14-Jan-2022,DRUG OFFENSE
10398,01/14/2022,DRUG OFFENSE
10399,01/14/2022,ROBBERY
10400,01/14/2022,THEFT
10401,14-Jan-2022,DRUG OFFENSE
10402,01/14/2022,ASSAULT
10403,14-Jan-2022,THEFT
10404,01/14/2022,DRUG OFFENSE
10405,01/14/2022,ASSAULT
10406,2022-01-14,ROBBERY
10407,2022-01-14,ROBBERY
10408,14-Jan-2022,ROBBERY
10409,2022-01-14,BURGLARY
10410,14-Jan-2022,OTHER
10411,01/14/2022,ROBBERY
10412,14-Jan-2022,ASSAULT
10413,14-Jan-2022,FRAUD
10414,01/14/2022,ASSAULT
10415,2022-01-14,OTHER
10416,01/14/2022,BURGLARY
10417,01/14/2022,ROBBERY
10418,2022-01-14,VANDALISM
10419,01/14/2022,ROBBERY
10420,01/14/2022,VANDALISM
10421,2022-01-14,FRAUD
10422,01/14/2022,VANDALISM
10423,14-Jan-2022,ASSAULT
10424,14-Jan-2022,ASSAULT
10425,01/14/2022,DRUG OFFENSE
10426,14-Jan-2022,FRAUD
10427,2022-01-14,ROBBERY
10428,01/15/2022,ASSAULT
10429,01/15/2022,OTHER
10430,15-Jan-2022,THEFT
10431,15-Jan-2022,ROBBERY
10432,01/15/2022,BURGLARY
10433,15-Jan-2022,BURGLARY
10434,2022-01-15,VANDALISM
10435,01/15/2022,OTHER
10436,01/15/2022,ASSAULT
10437,01/15/2022,ASSAULT
10438,01/15/2022,OTHER
10439,2022-01-15,BURGLARY
10440,15-Jan-2022,VANDALISM
10441,15-Jan-2022,FRAUD
10442,01/15/2022,VANDALISM
10443,2022-01-15,ROBBERY
10444,01/15/2022,ASSAULT
10445,2022-01-15,ROBBERY
10446,01/15/2022,DRUG OFFENSE
10447,15-Jan-2022,VANDALISM
10448,2022-01-15,THEFT
10449,01/15/2022,BURGLARY
10450,01/15/2022,DRUG OFFENSE
10451,2022-01-15,OTHER
10452,01/15/2022,VANDALISM
10453,01/15/2022,ROBBERY
10454,01/15/2022,VANDALISM
10455,2022-01-15,FRAUD
10456,01/15/2022,ASSAULT
10457,2022-01-15,THEFT
10458,15-Jan-2022,DRUG OFFENSE
10459,2022-01-15,VANDALISM
10460,2022-01-15,OTHER
10461,01/15/2022,ASSAULT
10462,15-Jan-2022,BURGLARY
10463,01/15/2022,BURGLARY
10464,01/15/2022,VANDALISM
10465,2022-01-15,FRAUD
10466,2022-01-15,OTHER
10467,2022-01-15,THEFT
10468,01/15/2022,DRUG OFFENSE
10469,01/15/2022,VANDALISM
10470,2022-01-15,THEFT
10471,01/16/2022,OTHER
10472,01/16/2022,THEFT
10473,2022-01-16,BURGLARY
10474,01/16/2022,ASSAULT
10475,2022-01-16,OTHER
10476,01/16/2022,BURGLARY
10477,16-Jan-2022,BURGLARY
10478,01/16/2022,THEFT
10479,01/16/2022,ASSAULT
10480,16-Jan-2022,OTHER
10481,01/16/2022,FRAUD
10482,2022-01-16,DRUG OFFENSE
10483,01/16/2022,VANDALISM
10484,2022-01-16,DRUG OFFENSE
10485,2022-01-16,THEFT
10486,2022-01-16,VANDALISM
10487,2022-01-16,DRUG OFFENSE
10488,16-Jan-2022,OTHER
10489,16-Jan-2022,OTHER
10490,16-Jan-2022,ASSAULT
10491,16-Jan-2022,OTHER
10492,01/16/2022,ROBBERY
10493,01/16/2022,THEFT
10494,16-Jan-2022,OTHER
10495,16-Jan-2022,THEFT
10496,2022-01-16,OTHER
10497,01/16/2022,DRUG OFFENSE
10498,01/16/2022,DRUG OFFENSE
10499,01/16/2022,ROBBERY
10500,16-Jan-2022,ROBBERY
10501,01/16/2022,ROBBERY
10502,01/16/2022,DRUG OFFENSE
10503,2022-01-16,BURGLARY
10504,2022-01-16,VANDALISM
10505,2022-01-16,FRAUD
10506,16-Jan-2022,FRAUD
10507,01/16/2022,OTHER
10508,16-Jan-2022,BURGLARY
10509,01/16/2022,ASSAULT
10510,17-Jan-2022,THEFT
10511,01/17/2022,ASSAULT
10512,2022-01-17,FRAUD
10513,01/17/2022,BURGLARY
10514,17-Jan-2022,BURGLARY
10515,01/17/2022,THEFT
10516,01/17/2022,VANDALISM
10517,2022-01-17,ASSAULT
10518,17-Jan-2022,ASSAULT
10519,01/17/2022,ROBBERY
10520,2022-01-17,OTHER
10521,17-Jan-2022,VANDALISM
10522,17-Jan-2022,VANDALISM
10523,2022-01-17,ROBBERY
10524,01/17/2022,DRUG OFFENSE
10525,2022-01-17,BURGLARY
10526,01/17/2022,OTHER
10527,01/17/2022,FRAUD
10528,01/17/2022,THEFT
10529,2022-01-17,BURGLARY
10530,01/17/2022,FRAUD
10531,17-Jan-2022,FRAUD
10532,01/17/2022,THEFT
10533,2022-01-17,BURGLARY
10534,2022-01-17,ROBBERY
10535,17-Jan-2022,ROBBERY
10536,2022-01-17,ROBBERY
10537,2022-01-17,OTHER
10538,17-Jan-2022,DRUG OFFENSE
10539,17-Jan-2022,OTHER
10540,17-Jan-2022,ASSAULT
10541,18-Jan-2022,VANDALISM
10542,01/18/2022,ASSAULT
10543,01/18/2022,ASSAULT
10544,01/18/2022,OTHER
10545,18-Jan-2022,FRAUD
10546,01/18/2022,ROBBERY
10547,01/18/2022,DRUG OFFENSE
10548,01/18/2022,DRUG OFFENSE
10549,2022-01-18,OTHER
10550,01/18/2022,ROBBERY
10551,2022-01-18,ROBBERY
10552,18-Jan-2022,THEFT
10553,2022-01-18,BURGLARY
10554,18-Jan-2022,THEFT
10555,2022-01-18,ROBBERY
10556,01/18/2022,BURGLARY
10557,2022-01-18,BURGLARY
10558,18-Jan-2022,ASSAULT
10559,18-Jan-2022,ASSAULT
10560,01/18/2022,ASSAULT
10561,01/18/2022,ASSAULT
10562,2022-01-18,OTHER
10563,01/18/2022,THEFT
10564,2022-01-18,ASSAULT
10565,18-Jan-2022,DRUG OFFENSE
10566,18-Jan-2022,ROBBERY
10567,18-Jan-2022,ASSAULT
10568,18-Jan-2022,DRUG OFFENSE
10569,01/19/2022,ASSAULT
10570,2022-01-19,OTHER
10571,01/19/2022,DRUG OFFENSE
10572,01/19/2022,ROBBERY
10573,01/19/2022,FRAUD
10574,19-Jan-2022,ASSAULT
10575,2022-01-19,DRUG OFFENSE
10576,2022-01-19,VANDALISM
10577,19-Jan-2022,OTHER
10578,2022-01-19,FRAUD
10579,2022-01-19,DRUG OFFENSE
10580,2022-01-19,OTHER
10581,19-Jan-2022,FRAUD
10582,2022-01-19,ROBBERY
10583,01/19/2022,DRUG OFFENSE
10584,01/19/2022,FRAUD
10585,19-Jan-2022,ASSAULT
10586,19-Jan-2022,FRAUD
10587,2022-01-19,DRUG OFFENSE
10588,2022-01-19,BURGLARY
10589,2022-01-19,THEFT
10590,2022-01-19,DRUG OFFENSE
10591,2022-01-19,VANDALISM
10592,2022-01-19,ASSAULT
10593,01/20/2022,ASSAULT
10594,2022-01-20,FRAUD
10595,2022-01-20,DRUG OFFENSE
10596,2022-01-20,ROBBERY
10597,01/20/2022,VANDALISM
10598,01/20/2022,DRUG OFFENSE
10599,01/20/2022,THEFT
10600,20-Jan-2022,ROBBERY
10601,2022-01-20,THEFT
10602,20-Jan-2022,DRUG OFFENSE
10603,2022-01-20,ASSAULT
10604,01/20/2022,ASSAULT
10605,20-Jan-2022,THEFT
10606,01/20/2022,BURGLARY
10607,2022-01-20,VANDALISM
10608,2022-01-20,FRAUD
10609,01/20/2022,ASSAULT
10610,01/20/2022,DRUG OFFENSE
10611,2022-01-20,ROBBERY
10612,01/20/2022,BURGLARY
10613,01/20/2022,DRUG OFFENSE
10614,01/20/2022,BURGLARY
10615,01/20/2022,FRAUD
10616,2022-01-20,DRUG OFFENSE
10617,01/20/2022,FRAUD
10618,20-Jan-2022,FRAUD
10619,01/20/2022,ROBBERY
10620,2022-01-20,FRAUD
10621,01/20/2022,OTHER
10622,01/20/2022,THEFT
10623,01/20/2022,BURGLARY
10624,21-Jan-2022,ROBBERY
10625,21-Jan-2022,THEFT
10626,01/21/2022,BURGLARY
10627,01/21/2022,ASSAULT
10628,2022-01-21,ROBBERY
10629,2022-01-21,THEFT
10630,21-Jan-2022,FRAUD
10631,21-Jan-2022,ASSAULT
10632,01/21/2022,DRUG OFFENSE
10633,01/21/2022,THEFT
10634,21-Jan-2022,THEFT
10635,21-Jan-2022,VANDALISM
10636,01/21/2022,OTHER
10637,21-Jan-2022,OTHER
10638,21-Jan-2022,FRAUD
10639,01/21/2022,FRAUD
10640,01/21/2022,OTHER
10641,2022-01-21,FRAUD
10642,21-Jan-2022,THEFT
10643,01/21/2022,OTHER
10644,21-Jan-2022,OTHER
10645,21-Jan-2022,BURGLARY
10646,21-Jan-2022,FRAUD
10647,2022-01-21,OTHER
10648,01/21/2022,FRAUD
10649,21-Jan-2022,VANDALISM
10650,21-Jan-2022,FRAUD
10651,21-Jan-2022,DRUG OFFENSE
10652,2022-01-21,BURGLARY
10653,22-Jan-2022,BURGLARY
10654,22-Jan-2022,ASSAULT
10655,22-Jan-2022,VANDALISM
10656,01/22/2022,VANDALISM
10657,01/22/2022,ASSAULT
10658,2022-01-22,BURGLARY
10659,01/22/2022,FRAUD
10660,22-Jan-2022,VANDALISM
10661,01/22/2022,FRAUD
10662,22-Jan-2022,DRUG OFFENSE
10663,22-Jan-2022,DRUG OFFENSE
10664,01/22/2022,VANDALISM
10665,22-Jan-2022,BURGLARY
10666,01/22/2022,OTHER
10667,22-Jan-2022,FRAUD
10668,2022-01-22,OTHER
10669,22-Jan-2022,ASSAULT
10670,2022-01-22,FRAUD
10671,2022-01-22,VANDALISM
10672,01/22/2022,ROBBERY
10673,01/22/2022,BURGLARY
10674,01/22/2022,VANDALISM
10675,01/22/2022,VANDALISM
10676,01/22/2022,ASSAULT
10677,2022-01-22,ASSAULT
10678,2022-01-22,THEFT
10679,22-Jan-2022,ASSAULT
10680,2022-01-22,ROBBERY
10681,01/22/2022,ASSAULT
10682,01/22/2022,VANDALISM
10683,2022-01-22,ASSAULT
10684,2022-01-23,OTHER
10685,2022-01-23,FRAUD
10686,2022-01-23,DRUG OFFENSE
10687,2022-01-23,OTHER
10688,01/23/2022,OTHER
10689,23-Jan-2022,THEFT
10690,23-Jan-2022,VANDALISM
10691,01/23/2022,ASSAULT
10692,2022-01-23,ASSAULT
10693,01/23/2022,THEFT
10694,01/23/2022,ASSAULT
10695,2022-01-23,ROBBERY
10696,23-Jan-2022,THEFT
10697,23-Jan-2022,ROBBERY
10698,01/23/2022,OTHER
10699,23-Jan-2022,ASSAULT
10700,2022-01-23,OTHER
10701,2022-01-23,ROBBERY
10702,23-Jan-2022,FRAUD
10703,2022-01-23,VANDALISM
10704,01/23/2022,FRAUD
10705,2022-01-23,OTHER
10706,2022-01-24,ROBBERY
10707,2022-01-24,DRUG OFFENSE
10708,2022-01-24,ROBBERY
10709,2022-01-24,ROBBERY
10710,2022-01-24,BURGLARY
10711,2022-01-24,DRUG OFFENSE
10712,2022-01-24,BURGLARY
10713,24-Jan-2022,FRAUD
10714,2022-01-24,BURGLARY
10715,2022-01-24,FRAUD
10716,24-Jan-2022,FRAUD
10717,01/24/2022,VANDALISM
10718,01/24/2022,BURGLARY
10719,2022-01-24,DRUG OFFENSE
10720,01/24/2022,ROBBERY
10721,2022-01-24,FRAUD
10722,2022-01-24,VANDALISM
10723,2022-01-24,OTHER
10724,01/24/2022,ASSAULT
10725,24-Jan-2022,ASSAULT
10726,01/24/2022,ROBBERY
10727,2022-01-24,BURGLARY
10728,01/24/2022,DRUG OFFENSE
10729,01/24/2022,OTHER
10730,2022-01-24,OTHER
10731,2022-01-24,BURGLARY
10732,2022-01-24,THEFT
10733,2022-01-24,FRAUD
10734,01/24/2022,VANDALISM
10735,01/24/2022,OTHER
10736,24-Jan-2022,VANDALISM
10737,01/24/2022,BURGLARY
10738,24-Jan-2022,ASSAULT
10739,01/25/2022,FRAUD
10740,2022-01-25,ROBBERY
10741,25-Jan-2022,OTHER
10742,25-Jan-2022,THEFT
10743,2022-01-25,ROBBERY
10744,01/25/2022,FRAUD
10745,01/25/2022,OTHER
10746,01/25/2022,VANDALISM
10747,25-Jan-2022,FRAUD
10748,25-Jan-2022,DRUG OFFENSE
10749,2022-01-25,BURGLARY
10750,2022-01-25,ASSAULT
10751,01/25/2022,ASSAULT
10752,25-Jan-2022,OTHER
10753,25-Jan-2022,ASSAULT
10754,25-Jan-2022,DRUG OFFENSE
10755,01/25/2022,DRUG OFFENSE
10756,2022-01-25,BURGLARY
10757,2022-01-25,FRAUD
10758,25-Jan-2022,THEFT
10759,01/25/2022,BURGLARY
10760,25-Jan-2022,THEFT
10761,01/25/2022,VANDALISM
10762,01/25/2022,DRUG OFFENSE
10763,25-Jan-2022,BURGLARY
10764,25-Jan-2022,DRUG OFFENSE
10765,25-Jan-2022,THEFT
10766,25-Jan-2022,THEFT
10767,2022-01-25,OTHER
10768,25-Jan-2022,DRUG OFFENSE
10769,2022-01-25,ASSAULT
10770,2022-01-25,BURGLARY
10771,25-Jan-2022,FRAUD
10772,01/25/2022,VANDALISM
10773,2022-01-26,THEFT
10774,2022-01-26,ROBBERY
10775,2022-01-26,VANDALISM
10776,26-Jan-2022,BURGLARY
10777,26-Jan-2022,ROBBERY
10778,26-Jan-2022,THEFT
10779,01/26/2022,BURGLARY
10780,2022-01-26,BURGLARY
10781,26-Jan-2022,ASSAULT
10782,01/26/2022,VANDALISM
10783,26-Jan-2022,ROBBERY
10784,26-Jan-2022,ASSAULT
10785,01/26/2022,BURGLARY
10786,26-Jan-2022,BURGLARY
10787,26-Jan-2022,DRUG OFFENSE
10788,01/26/2022,ASSAULT
10789,2022-01-26,FRAUD
10790,01/26/2022,THEFT
10791,2022-01-26,THEFT
10792,2022-01-26,BURGLARY
10793,01/26/2022,BURGLARY
10794,2022-01-26,BURGLARY
10795,01/26/2022,VANDALISM
10796,2022-01-26,ASSAULT
10797,01/27/2022,BURGLARY
10798,27-Jan-2022,ASSAULT
10799,27-Jan-2022,VANDALISM
10800,2022-01-27,DRUG OFFENSE
10801,27-Jan-2022,BURGLARY
10802,27-Jan-2022,OTHER
10803,01/27/2022,OTHER
10804,2022-01-27,THEFT
10805,01/27/2022,DRUG OFFENSE
10806,01/27/2022,VANDALISM
10807,01/27/2022,BURGLARY
10808,01/27/2022,OTHER
10809,01/27/2022,DRUG OFFENSE
10810,01/27/2022,ROBBERY
10811,27-Jan-2022,ROBBERY
10812,01/27/2022,BURGLARY
10813,01/27/2022,ASSAULT
10814,01/27/2022,BURGLARY
10815,27-Jan-2022,THEFT
10816,27-Jan-2022,ASSAULT
10817,2022-01-27,ROBBERY
10818,01/27/2022,THEFT
10819,01/27/2022,ASSAULT
10820,2022-01-27,FRAUD
10821,27-Jan-2022,BURGLARY
10822,01/27/2022,BURGLARY
10823,01/27/2022,FRAUD
10824,2022-01-27,BURGLARY
10825,2022-01-27,FRAUD
10826,01/27/2022,THEFT
10827,01/27/2022,ROBBERY
10828,01/28/2022,VANDALISM
10829,28-Jan-2022,FRAUD
10830,01/28/2022,ROBBERY
10831,01/28/2022,VANDALISM
10832,01/28/2022,OTHER
10833,01/28/2022,THEFT
10834,2022-01-28,THEFT
10835,2022-01-28,DRUG OFFENSE
10836,2022-01-28,BURGLARY
10837,01/28/2022,FRAUD
10838,2022-01-28,ROBBERY
10839,28-Jan-2022,VANDALISM
10840,2022-01-28,OTHER
10841,28-Jan-2022,BURGLARY
10842,28-Jan-2022,BURGLARY
10843,01/28/2022,FRAUD
10844,01/28/2022,DRUG OFFENSE
10845,2022-01-28,ASSAULT
10846,2022-01-28,DRUG OFFENSE
10847,28-Jan-2022,DRUG OFFENSE
10848,01/28/2022,ASSAULT
10849,2022-01-28,DRUG OFFENSE
10850,2022-01-28,FRAUD
10851,01/28/2022,DRUG OFFENSE
10852,2022-01-28,ROBBERY
10853,01/28/2022,THEFT
10854,01/28/2022,FRAUD
10855,2022-01-28,DRUG OFFENSE
10856,01/28/2022,FRAUD
10857,01/28/2022,VANDALISM
10858,28-Jan-2022,ROBBERY
10859,01/28/2022,BURGLARY
10860,28-Jan-2022,OTHER
10861,01/28/2022,THEFT
10862,01/29/2022,VANDALISM
10863,29-Jan-2022,ROBBERY
10864,29-Jan-2022,FRAUD
10865,2022-01-29,DRUG OFFENSE
10866,01/29/2022,ASSAULT
10867,29-Jan-2022,FRAUD
10868,2022-01-29,THEFT
10869,01/29/2022,VANDALISM
10870,01/29/2022,BURGLARY
10871,01/29/2022,DRUG OFFENSE
10872,29-Jan-2022,BURGLARY
10873,2022-01-29,VANDALISM
10874,01/29/2022,OTHER
10875,29-Jan-2022,ASSAULT
10876,2022-01-29,BURGLARY
10877,01/29/2022,ROBBERY
10878,2022-01-29,VANDALISM
10879,01/29/2022,DRUG OFFENSE
10880,01/29/2022,OTHER
10881,2022-01-29,DRUG OFFENSE
10882,01/29/2022,ROBBERY
10883,01/29/2022,BURGLARY
10884,2022-01-29,ASSAULT
10885,2022-01-29,ROBBERY
10886,2022-01-29,VANDALISM
10887,2022-01-29,BURGLARY
10888,01/29/2022,ROBBERY
10889,29-Jan-2022,VANDALISM
10890,01/29/2022,VANDALISM
10891,29-Jan-2022,BURGLARY
10892,2022-01-29,FRAUD
10893,01/29/2022,ROBBERY
10894,2022-01-29,THEFT
10895,2022-01-29,ASSAULT
10896,01/29/2022,FRAUD
10897,2022-01-29,DRUG OFFENSE
10898,2022-01-29,ASSAULT
10899,30-Jan-2022,ASSAULT
10900,30-Jan-2022,BURGLARY
10901,2022-01-30,THEFT
10902,2022-01-30,THEFT
10903,30-Jan-2022,OTHER
10904,2022-01-30,DRUG OFFENSE
10905,30-Jan-2022,ROBBERY
10906,30-Jan-2022,VANDALISM
10907,2022-01-30,FRAUD
10908,2022-01-30,VANDALISM
10909,2022-01-30,FRAUD
10910,2022-01-30,THEFT
10911,2022-01-30,THEFT
10912,2022-01-30,THEFT
10913,01/30/2022,DRUG OFFENSE
10914,2022-01-30,ASSAULT
10915,2022-01-30,THEFT
10916,01/30/2022,ROBBERY
10917,2022-01-30,DRUG OFFENSE
10918,30-Jan-2022,OTHER
10919,30-Jan-2022,ROBBERY
10920,2022-01-30,DRUG OFFENSE
10921,01/30/2022,OTHER
10922,01/30/2022,DRUG OFFENSE
10923,01/30/2022,THEFT
10924,30-Jan-2022,ASSAULT
10925,30-Jan-2022,THEFT
10926,2022-01-31,ASSAULT
10927,01/31/2022,ROBBERY
10928,2022-01-31,VANDALISM
10929,31-Jan-2022,ROBBERY
10930,2022-01-31,ASSAULT
10931,01/31/2022,ROBBERY
10932,31-Jan-2022,ROBBERY
10933,31-Jan-2022,ROBBERY
10934,2022-01-31,OTHER
10935,31-Jan-2022,DRUG OFFENSE
10936,01/31/2022,THEFT
10937,2022-01-31,OTHER
10938,2022-01-31,OTHER
10939,2022-01-31,THEFT
10940,01/31/2022,VANDALISM
10941,01/31/2022,OTHER
10942,01/31/2022,THEFT
10943,01/31/2022,ASSAULT
10944,31-Jan-2022,VANDALISM
10945,2022-01-31,FRAUD
10946,01/31/2022,THEFT
10947,31-Jan-2022,VANDALISM
10948,2022-01-31,BURGLARY
10949,01/31/2022,DRUG OFFENSE
10950,2022-01-31,OTHER
10951,01/31/2022,ASSAULT
10952,2022-01-31,VANDALISM
10953,01/31/2022,ASSAULT
10954,01/31/2022,VANDALISM
10955,2022-01-31,BURGLARY
10956,01/31/2022,DRUG OFFENSE
10957,31-Jan-2022,ROBBERY
10958,01/31/2022,FRAUD
10959,01-Feb-2022,ROBBERY
10960,2022-02-01,BURGLARY
10961,01-Feb-2022,OTHER
10962,02/01/2022,OTHER
10963,2022-02-01,DRUG OFFENSE
10964,02/01/2022,OTHER
10965,02/01/2022,OTHER
10966,2022-02-01,VANDALISM
10967,2022-02-01,ROBBERY
10968,2022-02-01,BURGLARY
10969,02/01/2022,OTHER
10970,02/01/2022,FRAUD
10971,02/01/2022,FRAUD
10972,2022-02-01,VANDALISM
10973,2022-02-01,ASSAULT
10974,02/01/2022,ASSAULT
10975,02/01/2022,THEFT
10976,01-Feb-2022,ROBBERY
10977,02/01/2022,ASSAULT
10978,02/01/2022,ROBBERY
10979,02/01/2022,ASSAULT
10980,01-Feb-2022,DRUG OFFENSE
10981,02/01/2022,DRUG OFFENSE
10982,01-Feb-2022,THEFT
10983,02/01/2022,BURGLARY
10984,02/01/2022,ASSAULT
10985,02/01/2022,ASSAULT
10986,2022-02-01,ASSAULT
10987,02/01/2022,OTHER
10988,02/01/2022,OTHER
10989,02/01/2022,FRAUD
10990,01-Feb-2022,THEFT
10991,02/01/2022,ASSAULT
10992,01-Feb-2022,THEFT
10993,01-Feb-2022,BURGLARY
10994,2022-02-01,FRAUD
10995,02-Feb-2022,OTHER
10996,02/02/2022,VANDALISM
10997,2022-02-02,OTHER
10998,2022-02-02,THEFT
10999,02/02/2022,THEFT
11000,02/02/2022,ASSAULT
11001,02/02/2022,OTHER
11002,02/02/2022,FRAUD
11003,02-Feb-2022,OTHER
11004,02-Feb-2022,ROBBERY
11005,02/02/2022,ROBBERY
11006,2022-02-02,OTHER
11007,02/02/2022,ROBBERY
11008,02-Feb-2022,FRAUD
11009,02-Feb-2022,ASSAULT
11010,02/02/2022,FRAUD
11011,02-Feb-2022,BURGLARY
11012,02-Feb-2022,BURGLARY
11013,02-Feb-2022,FRAUD
11014,02-Feb-2022,OTHER
11015,02/02/2022,DRUG OFFENSE
11016,02-Feb-2022,OTHER
11017,02/02/2022,ROBBERY
11018,02/02/2022,ASSAULT
11019,02/02/2022,DRUG OFFENSE
11020,02/02/2022,ASSAULT
11021,2022-02-03,ASSAULT
11022,02/03/2022,VANDALISM
11023,2022-02-03,FRAUD
11024,03-Feb-2022,ROBBERY
11025,03-Feb-2022,THEFT
11026,2022-02-03,BURGLARY
11027,2022-02-03,BURGLARY
11028,02/03/2022,VANDALISM
11029,02/03/2022,BURGLARY
11030,02/03/2022,OTHER
11031,2022-02-03,ROBBERY
11032,02/03/2022,ASSAULT
11033,02/03/2022,DRUG OFFENSE
11034,03-Feb-2022,OTHER
11035,2022-02-03,VANDALISM
11036,02/03/2022,ASSAULT
11037,03-Feb-2022,VANDALISM
11038,02/03/2022,ROBBERY
11039,02/03/2022,VANDALISM
11040,02/03/2022,ASSAULT
11041,2022-02-03,ROBBERY
11042,02/03/2022,ASSAULT
11043,2022-02-03,ROBBERY
11044,03-Feb-2022,OTHER
11045,2022-02-03,THEFT
11046,2022-02-03,OTHER
11047,03-Feb-2022,OTHER
11048,02/03/2022,BURGLARY
11049,2022-02-03,FRAUD
11050,02/03/2022,FRAUD
11051,2022-02-04,ASSAULT
11052,2022-02-04,OTHER
11053,02/04/2022,FRAUD
11054,04-Feb-2022,OTHER
11055,04-Feb-2022,BURGLARY
11056,2022-02-04,BURGLARY
11057,2022-02-04,ROBBERY
11058,02/04/2022,OTHER
11059,02/04/2022,VANDALISM
11060,02/04/2022,ROBBERY
11061,2022-02-04,VANDALISM
11062,04-Feb-2022,THEFT
11063,02/04/2022,BURGLARY
11064,04-Feb-2022,FRAUD
11065,02/04/2022,DRUG OFFENSE
11066,2022-02-04,OTHER
11067,2022-02-04,FRAUD
11068,04-Feb-2022,OTHER
11069,2022-02-04,ASSAULT
11070,2022-02-04,VANDALISM
11071,02/04/2022,THEFT
11072,02/04/2022,ASSAULT
11073,02/05/2022,VANDALISM
11074,05-Feb-2022,BURGLARY
11075,05-Feb-2022,FRAUD
11076,05-Feb-2022,OTHER
11077,02/05/2022,OTHER
11078,05-Feb-2022,THEFT
11079,2022-02-05,BURGLARY
11080,02/05/2022,OTHER
11081,02/05/2022,DRUG OFFENSE
11082,05-Feb-2022,FRAUD
11083,05-Feb-2022,THEFT
11084,05-Feb-2022,OTHER
11085,2022-02-05,OTHER
11086,02/05/2022,FRAUD
11087,02/05/2022,OTHER
11088,2022-02-05,BURGLARY
11089,02/05/2022,VANDALISM
11090,2022-02-05,FRAUD
11091,2022-02-05,ASSAULT
11092,02/05/2022,FRAUD
11093,02/05/2022,BURGLARY
11094,02/05/2022,DRUG OFFENSE
11095,02/05/2022,OTHER
11096,02/05/2022,THEFT
11097,05-Feb-2022,OTHER
11098,05-Feb-2022,THEFT
11099,02/05/2022,BURGLARY
11100,05-Feb-2022,BURGLARY
11101,06-Feb-2022,OTHER
11102,02/06/2022,ASSAULT
11103,02/06/2022,ROBBERY
11104,02/06/2022,ROBBERY
11105,02/06/2022,DRUG OFFENSE
11106,06-Feb-2022,VANDALISM
11107,2022-02-06,FRAUD
11108,02/06/2022,THEFT
11109,2022-02-06,DRUG OFFENSE
11110,2022-02-06,FRAUD
11111,06-Feb-2022,FRAUD
11112,02/06/2022,VANDALISM
11113,02/06/2022,VANDALISM
11114,02/06/2022,THEFT
11115,02/06/2022,VANDALISM
11116,02/06/2022,ROBBERY
11117,02/06/2022,DRUG OFFENSE
11118,02/06/2022,BURGLARY
11119,02/06/2022,ASSAULT
11120,2022-02-06,DRUG OFFENSE
11121,02/06/2022,BURGLARY
11122,06-Feb-2022,VANDALISM
11123,2022-02-06,THEFT
11124,06-Feb-2022,VANDALISM
11125,02/06/2022,THEFT
11126,06-Feb-2022,ASSAULT
11127,06-Feb-2022,OTHER
11128,06-Feb-2022,VANDALISM
11129,2022-02-06,BURGLARY
11130,06-Feb-2022,BURGLARY
11131,2022-02-06,BURGLARY
11132,02/06/2022,ASSAULT
11133,06-Feb-2022,ASSAULT
11134,07-Feb-2022,BURGLARY
11135,02/07/2022,BURGLARY
11136,07-Feb-2022,DRUG OFFENSE
11137,2022-02-07,DRUG OFFENSE
11138,07-Feb-2022,ROBBERY
11139,07-Feb-2022,DRUG OFFENSE
11140,07-Feb-2022,OTHER
11141,02/07/2022,ROBBERY
11142,02/07/2022,THEFT
11143,2022-02-07,DRUG OFFENSE
11144,02/07/2022,DRUG OFFENSE
11145,02/07/2022,ROBBERY
11146,2022-02-07,DRUG OFFENSE
11147,02/07/2022,ROBBERY
11148,02/07/2022,ROBBERY
11149,02/07/2022,THEFT
11150,02/07/2022,FRAUD
11151,2022-02-07,THEFT
11152,02/07/2022,BURGLARY
11153,2022-02-07,DRUG OFFENSE
11154,2022-02-07,ASSAULT
11155,02/07/2022,ASSAULT
11156,2022-02-07,VANDALISM
11157,02/07/2022,ROBBERY
11158,02/07/2022,THEFT
11159,02/07/2022,VANDALISM
11160,02/07/2022,THEFT
11161,07-Feb-2022,DRUG OFFENSE
11162,02/07/2022,FRAUD
11163,07-Feb-2022,ASSAULT
11164,07-Feb-2022,OTHER
11165,07-Feb-2022,FRAUD
11166,02/07/2022,ROBBERY
11167,02/07/2022,ROBBERY
11168,02/07/2022,ASSAULT
11169,02/07/2022,VANDALISM
11170,02/07/2022,DRUG OFFENSE
11171,02/08/2022,ASSAULT
11172,02/08/2022,ROBBERY
11173,2022-02-08,DRUG OFFENSE
11174,2022-02-08,FRAUD
11175,08-Feb-2022,OTHER
11176,08-Feb-2022,DRUG OFFENSE
11177,02/08/2022,FRAUD
11178,08-Feb-2022,ROBBERY
11179,02/08/2022,BURGLARY
11180,2022-02-08,ROBBERY
11181,02/08/2022,VANDALISM
11182,2022-02-08,DRUG OFFENSE
11183,02/08/2022,FRAUD
11184,02/08/2022,VANDALISM
11185,02/08/2022,DRUG OFFENSE
11186,2022-02-08,VANDALISM
11187,08-Feb-2022,VANDALISM
11188,02/08/2022,FRAUD
11189,02/08/2022,FRAUD
11190,2022-02-08,BURGLARY
11191,08-Feb-2022,ROBBERY
11192,02/08/2022,ASSAULT
11193,02/08/2022,ASSAULT
11194,02/08/2022,THEFT
11195,02/08/2022,THEFT
11196,02/08/2022,FRAUD
11197,02/08/2022,BURGLARY
11198,08-Feb-2022,ASSAULT
11199,2022-02-08,THEFT
11200,08-Feb-2022,VANDALISM
11201,02/09/2022,ASSAULT
11202,02/09/2022,FRAUD
11203,2022-02-09,OTHER
11204,2022-02-09,VANDALISM
11205,09-Feb-2022,ASSAULT
11206,09-Feb-2022,THEFT
11207,2022-02-09,VANDALISM
11208,02/09/2022,THEFT
11209,02/09/2022,DRUG OFFENSE
11210,02/09/2022,DRUG OFFENSE
11211,2022-02-09,ROBBERY
11212,2022-02-09,VANDALISM
11213,02/09/2022,DRUG OFFENSE
11214,09-Feb-2022,DRUG OFFENSE
11215,09-Feb-2022,VANDALISM
11216,09-Feb-2022,OTHER
11217,02/09/2022,VANDALISM
11218,09-Feb-2022,ASSAULT
11219,09-Feb-2022,DRUG OFFENSE
11220,2022-02-09,DRUG OFFENSE
11221,09-Feb-2022,ROBBERY
11222,09-Feb-2022,DRUG OFFENSE
11223,02/09/2022,DRUG OFFENSE
11224,09-Feb-2022,FRAUD
11225,2022-02-09,DRUG OFFENSE
11226,02/09/2022,VANDALISM
11227,2022-02-09,THEFT
11228,09-Feb-2022,BURGLARY
11229,02/09/2022,THEFT
11230,02/10/2022,OTHER
11231,10-Feb-2022,VANDALISM
11232,10-Feb-2022,DRUG OFFENSE
11233,02/10/2022,FRAUD
11234,2022-02-10,BURGLARY
11235,2022-02-10,BURGLARY
11236,10-Feb-2022,DRUG OFFENSE
11237,2022-02-10,VANDALISM
11238,02/10/2022,THEFT
11239,02/10/2022,FRAUD
11240,02/10/2022,DRUG OFFENSE
11241,02/10/2022,OTHER
11242,02/10/2022,VANDALISM
11243,10-Feb-2022,BURGLARY
11244,02/10/2022,BURGLARY
11245,2022-02-10,DRUG OFFENSE
11246,2022-02-10,OTHER
11247,10-Feb-2022,VANDALISM
11248,02/10/2022,FRAUD
11249,2022-02-10,FRAUD
11250,02/10/2022,BURGLARY
11251,2022-02-10,VANDALISM
11252,02/10/2022,FRAUD
11253,02/10/2022,VANDALISM
11254,2022-02-10,BURGLARY
11255,10-Feb-2022,VANDALISM
11256,2022-02-10,FRAUD
11257,2022-02-10,ASSAULT
11258,10-Feb-2022,THEFT
11259,2022-02-10,ASSAULT
11260,02/10/2022,ASSAULT
11261,02/10/2022,FRAUD
11262,02/10/2022,THEFT
11263,10-Feb-2022,ASSAULT
11264,10-Feb-2022,ROBBERY
11265,02/10/2022,OTHER
11266,02/11/2022,OTHER
11267,02/11/2022,VANDALISM
11268,2022-02-11,BURGLARY
11269,2022-02-11,BURGLARY
11270,02/11/2022,OTHER
11271,02/11/2022,THEFT
11272,02/11/2022,ROBBERY
11273,02/11/2022,THEFT
11274,11-Feb-2022,THEFT
11275,11-Feb-2022,BURGLARY
11276,02/11/2022,BURGLARY
11277,02/11/2022,VANDALISM
11278,02/11/2022,ROBBERY
11279,02/11/2022,ASSAULT
11280,02/11/2022,THEFT
11281,02/11/2022,FRAUD
11282,11-Feb-2022,ROBBERY
11283,11-Feb-2022,ROBBERY
11284,11-Feb-2022,FRAUD
11285,02/11/2022,THEFT
11286,11-Feb-2022,OTHER
11287,02/11/2022,OTHER
11288,11-Feb-2022,DRUG OFFENSE
11289,11-Feb-2022,ASSAULT
11290,2022-02-11,ASSAULT
11291,02/11/2022,FRAUD
11292,2022-02-11,THEFT
11293,02/11/2022,ASSAULT
11294,11-Feb-2022,FRAUD
11295,02/11/2022,FRAUD
11296,2022-02-11,DRUG OFFENSE
11297,2022-02-11,VANDALISM
11298,11-Feb-2022,THEFT
11299,2022-02-11,VANDALISM
11300,02/11/2022,DRUG OFFENSE
11301,02/11/2022,DRUG OFFENSE
11302,02/12/2022,THEFT
11303,12-Feb-2022,OTHER
11304,2022-02-12,BURGLARY
11305,02/12/2022,ASSAULT
11306,12-Feb-2022,BURGLARY
11307,2022-02-12,ASSAULT
11308,02/12/2022,ROBBERY
11309,02/12/2022,BURGLARY
11310,12-Feb-2022,VANDALISM
11311,02/12/2022,THEFT
11312,12-Feb-2022,ASSAULT
11313,12-Feb-2022,ROBBERY
11314,02/12/2022,THEFT
11315,12-Feb-2022,ASSAULT
11316,2022-02-12,VANDALISM
11317,2022-02-12,OTHER
11318,2022-02-12,BURGLARY
11319,2022-02-12,BURGLARY
11320,2022-02-12,BURGLARY
11321,02/12/2022,ASSAULT
11322,2022-02-12,VANDALISM
11323,2022-02-12,VANDALISM
11324,02/12/2022,DRUG OFFENSE
11325,12-Feb-2022,ROBBERY
11326,2022-02-12,FRAUD
11327,12-Feb-2022,FRAUD
11328,02/12/2022,FRAUD
11329,12-Feb-2022,BURGLARY
11330,12-Feb-2022,ROBBERY
11331,02/12/2022,DRUG OFFENSE
11332,02/12/2022,VANDALISM
11333,02/12/2022,OTHER
11334,2022-02-12,BURGLARY
11335,2022-02-12,VANDALISM
11336,12-Feb-2022,BURGLARY
11337,12-Feb-2022,OTHER
11338,12-Feb-2022,ROBBERY
11339,2022-02-12,BURGLARY
11340,12-Feb-2022,OTHER
11341,02/12/2022,FRAUD
11342,2022-02-12,DRUG OFFENSE
11343,02/12/2022,FRAUD
11344,2022-02-12,BURGLARY
11345,12-Feb-2022,ASSAULT
11346,02/13/2022,VANDALISM
11347,02/13/2022,FRAUD
11348,02/13/2022,FRAUD
11349,2022-02-13,FRAUD
11350,13-Feb-2022,VANDALISM
11351,02/13/2022,OTHER
11352,2022-02-13,OTHER
11353,02/13/2022,VANDALISM
11354,02/13/2022,THEFT
11355,2022-02-13,THEFT
11356,2022-02-13,OTHER
11357,2022-02-13,BURGLARY
11358,2022-02-13,THEFT
11359,2022-02-13,FRAUD
11360,2022-02-13,OTHER
11361,13-Feb-2022,OTHER
11362,13-Feb-2022,DRUG OFFENSE
11363,02/13/2022,VANDALISM
11364,2022-02-13,ROBBERY
11365,02/13/2022,BURGLARY
11366,02/13/2022,FRAUD
11367,2022-02-13,OTHER
11368,13-Feb-2022,VANDALISM
11369,13-Feb-2022,VANDALISM
11370,02/13/2022,OTHER
11371,2022-02-13,ROBBERY
11372,02/14/2022,THEFT
11373,2022-02-14,ASSAULT
11374,02/14/2022,THEFT
11375,14-Feb-2022,ASSAULT
11376,2022-02-14,BURGLARY
11377,02/14/2022,THEFT
11378,14-Feb-2022,OTHER
11379,02/14/2022,DRUG OFFENSE
11380,14-Feb-2022,OTHER
11381,14-Feb-2022,OTHER
11382,14-Feb-2022,FRAUD
11383,14-Feb-2022,VANDALISM
11384,2022-02-14,FRAUD
11385,2022-02-14,ROBBERY
11386,02/14/2022,ASSAULT
11387,02/14/2022,BURGLARY
11388,02/14/2022,FRAUD
11389,02/14/2022,ASSAULT
11390,02/14/2022,OTHER
11391,02/14/2022,DRUG OFFENSE
11392,14-Feb-2022,THEFT
11393,2022-02-14,BURGLARY
11394,14-Feb-2022,VANDALISM
11395,14-Feb-2022,VANDALISM
11396,02/14/2022,BURGLARY
11397,14-Feb-2022,FRAUD
11398,02/14/2022,ASSAULT
11399,2022-02-15,ASSAULT
11400,02/15/2022,DRUG OFFENSE
11401,02/15/2022,VANDALISM
11402,02/15/2022,OTHER
11403,2022-02-15,VANDALISM
11404,15-Feb-2022,DRUG OFFENSE
11405,02/15/2022,THEFT
11406,15-Feb-2022,BURGLARY
11407,15-Feb-2022,ROBBERY
11408,15-Feb-2022,VANDALISM
11409,02/15/2022,BURGLARY
11410,2022-02-15,FRAUD
11411,15-Feb-2022,ROBBERY
11412,2022-02-15,FRAUD
11413,2022-02-15,THEFT
11414,15-Feb-2022,BURGLARY
11415,02/15/2022,THEFT
11416,15-Feb-2022,THEFT
11417,2022-02-15,OTHER
11418,02/15/2022,OTHER
11419,15-Feb-2022,THEFT
11420,02/15/2022,FRAUD
11421,2022-02-15,THEFT
11422,02/15/2022,OTHER
11423,15-Feb-2022,VANDALISM
11424,2022-02-15,BURGLARY
11425,2022-02-15,FRAUD
11426,2022-02-15,OTHER
11427,02/15/2022,OTHER
11428,2022-02-15,BURGLARY
11429,02/15/2022,FRAUD
11430,15-Feb-2022,VANDALISM
11431,02/15/2022,ASSAULT
11432,2022-02-15,THEFT
11433,2022-02-15,OTHER
11434,02/15/2022,FRAUD
11435,15-Feb-2022,DRUG OFFENSE
11436,2022-02-15,VANDALISM
11437,2022-02-15,ROBBERY
11438,02/15/2022,ROBBERY
11439,15-Feb-2022,VANDALISM
11440,02/15/2022,DRUG OFFENSE
11441,02/15/2022,ASSAULT
11442,15-Feb-2022,ROBBERY
11443,02/15/2022,FRAUD
11444,02/15/2022,DRUG OFFENSE
11445,02/15/2022,FRAUD
11446,15-Feb-2022,OTHER
11447,02/16/2022,OTHER
11448,16-Feb-2022,OTHER
11449,02/16/2022,BURGLARY
11450,16-Feb-2022,BURGLARY
11451,02/16/2022,BURGLARY
11452,02/16/2022,DRUG OFFENSE
11453,2022-02-16,ROBBERY
11454,02/16/2022,ASSAULT
11455,02/16/2022,ASSAULT
11456,02/16/2022,DRUG OFFENSE
11457,16-Feb-2022,BURGLARY
11458,2022-02-16,FRAUD
11459,02/16/2022,FRAUD
11460,16-Feb-2022,FRAUD
11461,02/16/2022,ASSAULT
11462,16-Feb-2022,ROBBERY
11463,16-Feb-2022,OTHER
11464,02/16/2022,BURGLARY
11465,02/16/2022,THEFT
11466,02/16/2022,BURGLARY
11467,02/16/2022,THEFT
11468,02/16/2022,VANDALISM
11469,16-Feb-2022,ROBBERY
11470,02/16/2022,VANDALISM
11471,02/16/2022,OTHER
11472,16-Feb-2022,BURGLARY
11473,2022-02-16,THEFT
11474,16-Feb-2022,ROBBERY
11475,16-Feb-2022,DRUG OFFENSE
11476,16-Feb-2022,OTHER
11477,02/16/2022,THEFT
11478,16-Feb-2022,THEFT
11479,2022-02-16,VANDALISM
11480,2022-02-16,FRAUD
11481,16-Feb-2022,BURGLARY
11482,2022-02-16,BURGLARY
11483,2022-02-16,VANDALISM
11484,2022-02-16,ROBBERY
11485,2022-02-17,OTHER
11486,17-Feb-2022,ROBBERY
11487,2022-02-17,OTHER
11488,02/17/2022,OTHER
11489,2022-02-17,OTHER
11490,02/17/2022,ASSAULT
11491,17-Feb-2022,ASSAULT
11492,02/17/2022,THEFT
11493,17-Feb-2022,BURGLARY
11494,02/17/2022,FRAUD
11495,02/17/2022,ROBBERY
11496,02/17/2022,VANDALISM
11497,02/17/2022,VANDALISM
11498,2022-02-17,DRUG OFFENSE
11499,02/17/2022,BURGLARY
11500,02/17/2022,ASSAULT
11501,2022-02-17,ROBBERY
11502,2022-02-17,BURGLARY
11503,2022-02-17,DRUG OFFENSE
11504,2022-02-17,ASSAULT
11505,02/17/2022,ASSAULT
11506,2022-02-17,ROBBERY
11507,02/17/2022,OTHER
11508,02/17/2022,THEFT
11509,17-Feb-2022,FRAUD
11510,02/17/2022,DRUG OFFENSE
11511,2022-02-17,DRUG OFFENSE
11512,17-Feb-2022,FRAUD
11513,2022-02-17,OTHER
11514,17-Feb-2022,OTHER
11515,2022-02-17,FRAUD
11516,17-Feb-2022,VANDALISM
11517,02/17/2022,FRAUD
11518,02/17/2022,BURGLARY
11519,02/17/2022,ASSAULT
11520,2022-02-17,ROBBERY
11521,2022-02-17,OTHER
11522,02/17/2022,ASSAULT
11523,02/17/2022,BURGLARY
11524,2022-02-17,VANDALISM
11525,17-Feb-2022,ROBBERY
11526,2022-02-17,ROBBERY
11527,2022-02-17,ASSAULT
11528,2022-02-17,OTHER
11529,02/17/2022,ASSAULT
11530,17-Feb-2022,ASSAULT
11531,2022-02-17,ASSAULT
11532,02/18/2022,DRUG OFFENSE
11533,2022-02-18,ASSAULT
11534,18-Feb-2022,FRAUD
11535,2022-02-18,OTHER
11536,02/18/2022,ASSAULT
11537,02/18/2022,VANDALISM
11538,18-Feb-2022,FRAUD
11539,18-Feb-2022,ROBBERY
11540,18-Feb-2022,DRUG OFFENSE
11541,18-Feb-2022,VANDALISM
11542,02/18/2022,VANDALISM
11543,2022-02-18,VANDALISM
11544,02/18/2022,DRUG OFFENSE
11545,2022-02-18,OTHER
11546,18-Feb-2022,VANDALISM
11547,2022-02-18,OTHER
11548,02/18/2022,FRAUD
11549,18-Feb-2022,ASSAULT
11550,02/18/2022,ROBBERY
11551,02/18/2022,ROBBERY
11552,2022-02-18,BURGLARY
11553,18-Feb-2022,THEFT
11554,2022-02-18,FRAUD
11555,18-Feb-2022,VANDALISM
11556,02/18/2022,VANDALISM
11557,02/18/2022,BURGLARY
11558,02/18/2022,THEFT
11559,18-Feb-2022,FRAUD
11560,02/18/2022,ASSAULT
11561,2022-02-18,VANDALISM
11562,18-Feb-2022,THEFT
11563,02/18/2022,ROBBERY
11564,18-Feb-2022,VANDALISM
11565,02/18/2022,ASSAULT
11566,2022-02-18,THEFT
11567,2022-02-18,BURGLARY
11568,19-Feb-2022,DRUG OFFENSE
11569,19-Feb-2022,THEFT
11570,2022-02-19,THEFT
11571,02/19/2022,DRUG OFFENSE
11572,02/19/2022,THEFT
11573,02/19/2022,OTHER
11574,02/19/2022,VANDALISM
11575,02/19/2022,DRUG OFFENSE
11576,02/19/2022,ROBBERY
11577,2022-02-19,ROBBERY
11578,02/19/2022,THEFT
11579,19-Feb-2022,BURGLARY
11580,19-Feb-2022,ASSAULT
11581,02/19/2022,THEFT
11582,02/19/2022,ROBBERY
11583,02/19/2022,BURGLARY
11584,2022-02-19,THEFT
11585,19-Feb-2022,VANDALISM
11586,02/19/2022,BURGLARY
11587,02/19/2022,THEFT
11588,19-Feb-2022,THEFT
11589,19-Feb-2022,ASSAULT
11590,02/19/2022,VANDALISM
11591,19-Feb-2022,THEFT
11592,19-Feb-2022,OTHER
11593,02/19/2022,VANDALISM
11594,2022-02-19,OTHER
11595,02/19/2022,BURGLARY
11596,19-Feb-2022,VANDALISM
11597,2022-02-19,VANDALISM
11598,2022-02-19,FRAUD
11599,2022-02-19,VANDALISM
11600,19-Feb-2022,VANDALISM
11601,20-Feb-2022,BURGLARY
11602,2022-02-20,OTHER
11603,20-Feb-2022,BURGLARY
11604,20-Feb-2022,THEFT
11605,20-Feb-2022,FRAUD
11606,20-Feb-2022,VANDALISM
11607,2022-02-20,FRAUD
11608,02/20/2022,OTHER
11609,2022-02-20,ASSAULT
11610,2022-02-20,ROBBERY
11611,20-Feb-2022,VANDALISM
11612,2022-02-20,THEFT
11613,20-Feb-2022,BURGLARY
11614,2022-02-20,BURGLARY
11615,2022-02-20,FRAUD
11616,2022-02-20,BURGLARY
11617,20-Feb-2022,ASSAULT
11618,2022-02-20,ROBBERY
11619,02/20/2022,VANDALISM
11620,20-Feb-2022,FRAUD
11621,02/20/2022,OTHER
11622,02/20/2022,BURGLARY
11623,20-Feb-2022,FRAUD
11624,20-Feb-2022,BURGLARY
11625,2022-02-20,OTHER
11626,02/20/2022,VANDALISM
11627,02/20/2022,ROBBERY
11628,20-Feb-2022,BURGLARY
11629,02/20/2022,OTHER
11630,02/20/2022,VANDALISM
11631,02/20/2022,VANDALISM
11632,02/20/2022,OTHER
11633,02/21/2022,ROBBERY
11634,21-Feb-2022,ASSAULT
11635,2022-02-21,DRUG OFFENSE
11636,2022-02-21,BURGLARY
11637,21-Feb-2022,THEFT
11638,2022-02-21,THEFT
11639,02/21/2022,VANDALISM
11640,21-Feb-2022,OTHER
11641,02/21/2022,VANDALISM
11642,02/21/2022,THEFT
11643,2022-02-21,DRUG OFFENSE
11644,02/21/2022,ROBBERY
11645,2022-02-21,ROBBERY
11646,2022-02-21,VANDALISM
11647,02/21/2022,ASSAULT
11648,02/21/2022,ASSAULT
11649,02/21/2022,BURGLARY
11650,2022-02-21,BURGLARY
11651,21-Feb-2022,ASSAULT
11652,02/22/2022,BURGLARY
11653,2022-02-22,DRUG OFFENSE
11654,2022-02-22,THEFT
11655,2022-02-22,THEFT
11656,22-Feb-2022,THEFT
11657,02/22/2022,THEFT
11658,02/22/2022,FRAUD
11659,02/22/2022,DRUG OFFENSE
11660,22-Feb-2022,VANDALISM
11661,02/22/2022,ROBBERY
11662,22-Feb-2022,BURGLARY
11663,22-Feb-2022,ROBBERY
11664,02/22/2022,BURGLARY
11665,2022-02-22,ROBBERY
11666,22-Feb-2022,THEFT
11667,22-Feb-2022,ASSAULT
11668,22-Feb-2022,OTHER
11669,02/22/2022,THEFT
11670,2022-02-22,ROBBERY
11671,2022-02-22,THEFT
11672,02/22/2022,BURGLARY
11673,22-Feb-2022,DRUG OFFENSE
11674,22-Feb-2022,ROBBERY
11675,2022-02-22,DRUG OFFENSE
11676,22-Feb-2022,ROBBERY
11677,02/22/2022,ROBBERY
11678,22-Feb-2022,BURGLARY
11679,22-Feb-2022,OTHER
11680,22-Feb-2022,VANDALISM
11681,02/22/2022,ROBBERY
11682,22-Feb-2022,FRAUD
11683,02/22/2022,FRAUD
11684,2022-02-22,ASSAULT
11685,22-Feb-2022,BURGLARY
11686,22-Feb-2022,THEFT
11687,2022-02-22,OTHER
11688,02/23/2022,FRAUD
11689,02/23/2022,FRAUD
11690,23-Feb-2022,VANDALISM
11691,02/23/2022,VANDALISM
11692,02/23/2022,ASSAULT
11693,2022-02-23,FRAUD
11694,02/23/2022,VANDALISM
11695,02/23/2022,FRAUD
11696,2022-02-23,FRAUD
11697,02/23/2022,THEFT
11698,23-Feb-2022,BURGLARY
11699,2022-02-23,FRAUD
11700,23-Feb-2022,OTHER
11701,23-Feb-2022,ROBBERY
11702,2022-02-23,ROBBERY
11703,23-Feb-2022,VANDALISM
11704,02/23/2022,FRAUD
11705,23-Feb-2022,OTHER
11706,23-Feb-2022,BURGLARY
11707,02/23/2022,FRAUD
11708,23-Feb-2022,ROBBERY
11709,02/23/2022,FRAUD
11710,02/23/2022,FRAUD
11711,2022-02-23,OTHER
11712,02/23/2022,THEFT
11713,23-Feb-2022,OTHER
11714,02/23/2022,THEFT
11715,2022-02-23,THEFT
11716,2022-02-23,ROBBERY
11717,02/23/2022,VANDALISM
11718,02/23/2022,BURGLARY
11719,02/23/2022,VANDALISM
11720,23-Feb-2022,DRUG OFFENSE
11721,2022-02-23,OTHER
11722,02/23/2022,DRUG OFFENSE
11723,2022-02-24,THEFT
11724,02/24/2022,VANDALISM
11725,2022-02-24,ROBBERY
11726,02/24/2022,DRUG OFFENSE
11727,2022-02-24,FRAUD
11728,24-Feb-2022,ROBBERY
11729,02/24/2022,FRAUD
11730,2022-02-24,ROBBERY
11731,02/24/2022,VANDALISM
11732,02/24/2022,ROBBERY
11733,2022-02-24,OTHER
11734,24-Feb-2022,VANDALISM
11735,02/24/2022,THEFT
11736,24-Feb-2022,FRAUD
11737,02/24/2022,BURGLARY
11738,24-Feb-2022,FRAUD
11739,2022-02-24,ASSAULT
11740,2022-02-24,DRUG OFFENSE
11741,2022-02-24,THEFT
11742,2022-02-24,BURGLARY
11743,24-Feb-2022,THEFT
11744,2022-02-24,OTHER
11745,02/24/2022,OTHER
11746,2022-02-24,FRAUD
11747,2022-02-24,ROBBERY
11748,24-Feb-2022,ASSAULT
11749,24-Feb-2022,BURGLARY
11750,02/24/2022,THEFT
11751,02/24/2022,ASSAULT
11752,24-Feb-2022,THEFT
11753,02/24/2022,THEFT
11754,2022-02-24,VANDALISM
11755,02/24/2022,OTHER
11756,24-Feb-2022,DRUG OFFENSE
11757,02/24/2022,THEFT
11758,25-Feb-2022,BURGLARY
11759,02/25/2022,ROBBERY
11760,2022-02-25,DRUG OFFENSE
11761,2022-02-25,ROBBERY
11762,02/25/2022,DRUG OFFENSE
11763,25-Feb-2022,ROBBERY
11764,25-Feb-2022,THEFT
11765,02/25/2022,DRUG OFFENSE
11766,25-Feb-2022,BURGLARY
11767,02/25/2022,FRAUD
11768,2022-02-25,BURGLARY
11769,25-Feb-2022,BURGLARY
11770,2022-02-25,VANDALISM
11771,02/25/2022,DRUG OFFENSE
11772,25-Feb-2022,ROBBERY
11773,02/25/2022,OTHER
11774,2022-02-25,ASSAULT
11775,02/25/2022,DRUG OFFENSE
11776,02/25/2022,THEFT
11777,02/25/2022,THEFT
11778,02/25/2022,FRAUD
11779,2022-02-25,ASSAULT
11780,2022-02-25,ASSAULT
11781,25-Feb-2022,ASSAULT
11782,25-Feb-2022,DRUG OFFENSE
11783,02/25/2022,BURGLARY
11784,25-Feb-2022,FRAUD
11785,02/25/2022,FRAUD
11786,25-Feb-2022,ROBBERY
11787,2022-02-25,DRUG OFFENSE
11788,2022-02-25,ROBBERY
11789,02/25/2022,ROBBERY
11790,25-Feb-2022,THEFT
11791,25-Feb-2022,FRAUD
11792,02/26/2022,VANDALISM
11793,2022-02-26,ROBBERY
11794,02/26/2022,BURGLARY
11795,2022-02-26,THEFT
11796,2022-02-26,THEFT
11797,2022-02-26,VANDALISM
11798,02/26/2022,ASSAULT
11799,02/26/2022,OTHER
11800,02/26/2022,FRAUD
11801,2022-02-26,THEFT
11802,02/26/2022,FRAUD
11803,2022-02-26,THEFT
11804,26-Feb-2022,ROBBERY
11805,2022-02-26,ROBBERY
11806,2022-02-26,THEFT
11807,26-Feb-2022,OTHER
11808,2022-02-26,FRAUD
11809,26-Feb-2022,VANDALISM
11810,02/26/2022,VANDALISM
11811,02/26/2022,THEFT
11812,02/26/2022,VANDALISM
11813,26-Feb-2022,DRUG OFFENSE
11814,2022-02-26,ROBBERY
11815,02/26/2022,ASSAULT
11816,26-Feb-2022,BURGLARY
11817,2022-02-26,ROBBERY
11818,26-Feb-2022,OTHER
11819,2022-02-26,VANDALISM
11820,02/26/2022,BURGLARY
11821,27-Feb-2022,THEFT
11822,27-Feb-2022,ROBBERY
11823,02/27/2022,VANDALISM
11824,02/27/2022,OTHER
11825,27-Feb-2022,DRUG OFFENSE
11826,02/27/2022,THEFT
11827,02/27/2022,OTHER
11828,27-Feb-2022,VANDALISM
11829,27-Feb-2022,BURGLARY
11830,27-Feb-2022,THEFT
11831,02/27/2022,ROBBERY
11832,27-Feb-2022,ASSAULT
11833,2022-02-27,BURGLARY
11834,02/27/2022,BURGLARY
11835,02/27/2022,ROBBERY
11836,2022-02-27,VANDALISM
11837,27-Feb-2022,ASSAULT
11838,02/27/2022,BURGLARY
11839,02/27/2022,OTHER
11840,02/27/2022,THEFT
11841,02/27/2022,ROBBERY
11842,02/27/2022,OTHER
11843,02/27/2022,BURGLARY
11844,27-Feb-2022,VANDALISM
11845,02/27/2022,OTHER
11846,2022-02-27,OTHER
11847,02/27/2022,ASSAULT
11848,27-Feb-2022,VANDALISM
11849,2022-02-27,BURGLARY
11850,27-Feb-2022,VANDALISM
11851,02/27/2022,ASSAULT
11852,02/27/2022,THEFT
11853,28-Feb-2022,THEFT
11854,02/28/2022,VANDALISM
11855,02/28/2022,THEFT
11856,28-Feb-2022,THEFT
11857,2022-02-28,DRUG OFFENSE
11858,28-Feb-2022,FRAUD
11859,02/28/2022,FRAUD
11860,28-Feb-2022,VANDALISM
11861,2022-02-28,THEFT
11862,28-Feb-2022,DRUG OFFENSE
11863,02/28/2022,OTHER
11864,28-Feb-2022,THEFT
11865,2022-02-28,DRUG OFFENSE
11866,28-Feb-2022,THEFT
11867,28-Feb-2022,THEFT
11868,28-Feb-2022,OTHER
11869,02/28/2022,FRAUD
11870,28-Feb-2022,ASSAULT
11871,28-Feb-2022,VANDALISM
11872,28-Feb-2022,ROBBERY
11873,02/28/2022,ROBBERY
11874,2022-02-28,DRUG OFFENSE
11875,2022-02-28,ASSAULT
11876,2022-02-28,VANDALISM
11877,02/28/2022,FRAUD
11878,28-Feb-2022,VANDALISM
11879,28-Feb-2022,OTHER
11880,2022-02-28,VANDALISM
11881,2022-02-28,ROBBERY
11882,28-Feb-2022,ROBBERY
11883,2022-02-28,DRUG OFFENSE
11884,03/01/2022,ASSAULT
11885,03/01/2022,FRAUD
11886,2022-03-01,VANDALISM
11887,03/01/2022,ROBBERY
11888,03/01/2022,OTHER
11889,2022-03-01,VANDALISM
11890,01-Mar-2022,BURGLARY
11891,2022-03-01,THEFT
11892,01-Mar-2022,DRUG OFFENSE
11893,2022-03-01,ROBBERY
11894,03/01/2022,VANDALISM
11895,03/01/2022,FRAUD
11896,2022-03-01,FRAUD
11897,01-Mar-2022,VANDALISM
11898,01-Mar-2022,DRUG OFFENSE
11899,2022-03-01,ROBBERY
11900,03/01/2022,DRUG OFFENSE
11901,03/01/2022,VANDALISM
11902,01-Mar-2022,VANDALISM
11903,03/01/2022,FRAUD
11904,01-Mar-2022,THEFT
11905,03/01/2022,ASSAULT
11906,03/01/2022,FRAUD
11907,01-Mar-2022,THEFT
11908,01-Mar-2022,BURGLARY
11909,2022-03-01,ROBBERY
11910,03/01/2022,OTHER
11911,03/01/2022,FRAUD
11912,01-Mar-2022,BURGLARY
11913,2022-03-01,ROBBERY
11914,01-Mar-2022,DRUG OFFENSE
11915,03/01/2022,FRAUD
11916,01-Mar-2022,BURGLARY
11917,2022-03-01,ROBBERY
11918,01-Mar-2022,FRAUD
11919,03/01/2022,OTHER
11920,03/02/2022,ASSAULT
11921,03/02/2022,BURGLARY
11922,03/02/2022,FRAUD
11923,02-Mar-2022,DRUG OFFENSE
11924,03/02/2022,OTHER
11925,2022-03-02,OTHER
11926,02-Mar-2022,OTHER
11927,03/02/2022,BURGLARY
11928,2022-03-02,FRAUD
11929,03/02/2022,OTHER
11930,03/02/2022,FRAUD
11931,02-Mar-2022,FRAUD
11932,2022-03-02,ASSAULT
11933,2022-03-02,ROBBERY
11934,02-Mar-2022,OTHER
11935,02-Mar-2022,ROBBERY
11936,03/02/2022,ROBBERY
11937,02-Mar-2022,ASSAULT
11938,03/02/2022,THEFT
11939,03/02/2022,THEFT
11940,02-Mar-2022,FRAUD
11941,03/02/2022,ROBBERY
11942,02-Mar-2022,ASSAULT
11943,03/02/2022,OTHER
11944,2022-03-02,ASSAULT
11945,03/02/2022,ROBBERY
11946,03/02/2022,ROBBERY
11947,03/02/2022,OTHER
11948,03/02/2022,BURGLARY
11949,02-Mar-2022,ROBBERY
11950,02-Mar-2022,VANDALISM
11951,2022-03-02,THEFT
11952,02-Mar-2022,ASSAULT
11953,2022-03-02,ASSAULT
11954,02-Mar-2022,ROBBERY
11955,2022-03-02,ROBBERY
11956,2022-03-02,OTHER
11957,03/02/2022,ASSAULT
11958,2022-03-02,ROBBERY
11959,03/03/2022,THEFT
11960,2022-03-03,FRAUD
11961,03/03/2022,DRUG OFFENSE
11962,03/03/2022,OTHER
11963,03/03/2022,ROBBERY
11964,2022-03-03,VANDALISM
11965,2022-03-03,VANDALISM
11966,03/03/2022,THEFT
11967,03-Mar-2022,THEFT
11968,03-Mar-2022,DRUG OFFENSE
11969,03-Mar-2022,DRUG OFFENSE
11970,2022-03-03,BURGLARY
11971,03-Mar-2022,ROBBERY
11972,03-Mar-2022,THEFT
11973,03-Mar-2022,FRAUD
11974,03-Mar-2022,DRUG OFFENSE
11975,03/03/2022,OTHER
11976,03/03/2022,BURGLARY
11977,2022-03-03,THEFT
11978,03-Mar-2022,DRUG OFFENSE
11979,03/03/2022,ASSAULT
11980,03-Mar-2022,FRAUD
11981,03-Mar-2022,OTHER
11982,03/03/2022,OTHER
11983,03/03/2022,ASSAULT
11984,2022-03-03,OTHER
11985,03/03/2022,ROBBERY
11986,03/03/2022,VANDALISM
11987,03-Mar-2022,OTHER
11988,03/03/2022,DRUG OFFENSE
11989,2022-03-03,OTHER
11990,03-Mar-2022,THEFT
11991,03-Mar-2022,THEFT
11992,03-Mar-2022,BURGLARY
11993,03/03/2022,BURGLARY
11994,03-Mar-2022,ASSAULT
11995,03/03/2022,ASSAULT
11996,03/03/2022,ROBBERY
11997,03/03/2022,FRAUD
11998,2022-03-03,BURGLARY
11999,03/03/2022,ASSAULT
12000,03-Mar-2022,ASSAULT
12001,2022-03-03,DRUG OFFENSE
12002,2022-03-03,VANDALISM
12003,03/03/2022,DRUG OFFENSE
12004,03-Mar-2022,FRAUD
12005,03-Mar-2022,THEFT
12006,04-Mar-2022,BURGLARY
12007,03/04/2022,ASSAULT
12008,2022-03-04,VANDALISM
12009,2022-03-04,OTHER
12010,2022-03-04,FRAUD
12011,2022-03-04,VANDALISM
12012,04-Mar-2022,ROBBERY
12013,2022-03-04,BURGLARY
12014,2022-03-04,ROBBERY
12015,03/04/2022,VANDALISM
12016,2022-03-04,ROBBERY
12017,03/04/2022,DRUG OFFENSE
12018,2022-03-04,OTHER
12019,04-Mar-2022,DRUG OFFENSE
12020,04-Mar-2022,BURGLARY
12021,03/04/2022,DRUG OFFENSE
12022,04-Mar-2022,BURGLARY
12023,2022-03-04,FRAUD
12024,04-Mar-2022,FRAUD
12025,03/04/2022,THEFT
12026,03/04/2022,BURGLARY
12027,2022-03-04,DRUG OFFENSE
12028,04-Mar-2022,BURGLARY
12029,2022-03-04,THEFT
12030,03/04/2022,DRUG OFFENSE
12031,03/04/2022,DRUG OFFENSE
12032,2022-03-04,THEFT
12033,2022-03-04,ASSAULT
12034,04-Mar-2022,BURGLARY
12035,04-Mar-2022,FRAUD
12036,03/04/2022,THEFT
12037,03/04/2022,ASSAULT
12038,03/04/2022,BURGLARY
12039,03/04/2022,FRAUD
12040,03/04/2022,VANDALISM
12041,04-Mar-2022,VANDALISM
12042,03/05/2022,OTHER
12043,2022-03-05,OTHER
12044,05-Mar-2022,DRUG OFFENSE
12045,05-Mar-2022,VANDALISM
12046,03/05/2022,OTHER
12047,03/05/2022,FRAUD
12048,03/05/2022,FRAUD
12049,03/05/2022,ROBBERY
12050,05-Mar-2022,ASSAULT
12051,2022-03-05,FRAUD
12052,2022-03-05,ROBBERY
12053,2022-03-05,BURGLARY
12054,05-Mar-2022,VANDALISM
12055,2022-03-05,ROBBERY
12056,03/05/2022,FRAUD
12057,2022-03-05,THEFT
12058,03/05/2022,DRUG OFFENSE
12059,2022-03-05,VANDALISM
12060,03/05/2022,ROBBERY
12061,2022-03-05,OTHER
12062,03/05/2022,ASSAULT
12063,03/05/2022,OTHER
12064,05-Mar-2022,THEFT
12065,2022-03-05,ASSAULT
12066,05-Mar-2022,VANDALISM
12067,03/05/2022,ROBBERY
12068,03/05/2022,ASSAULT
12069,2022-03-05,VANDALISM
12070,03/05/2022,ASSAULT
12071,03/05/2022,DRUG OFFENSE
12072,2022-03-05,VANDALISM
12073,2022-03-05,ROBBERY
12074,03/05/2022,FRAUD
12075,05-Mar-2022,ASSAULT
12076,05-Mar-2022,THEFT
12077,03/05/2022,BURGLARY
12078,05-Mar-2022,VANDALISM
12079,03/06/2022,OTHER
12080,2022-03-06,VANDALISM
12081,2022-03-06,ASSAULT
12082,06-Mar-2022,OTHER
12083,03/06/2022,VANDALISM
12084,2022-03-06,DRUG OFFENSE
12085,03/06/2022,THEFT
12086,06-Mar-2022,OTHER
12087,06-Mar-2022,FRAUD
12088,06-Mar-2022,BURGLARY
12089,2022-03-06,ASSAULT
12090,06-Mar-2022,BURGLARY
12091,03/06/2022,DRUG OFFENSE
12092,2022-03-06,DRUG OFFENSE
12093,03/06/2022,OTHER
12094,06-Mar-2022,FRAUD
12095,03/06/2022,OTHER
12096,2022-03-06,VANDALISM
12097,06-Mar-2022,ROBBERY
12098,03/06/2022,THEFT
12099,03/06/2022,OTHER
12100,06-Mar-2022,ASSAULT
12101,06-Mar-2022,FRAUD
12102,06-Mar-2022,DRUG OFFENSE
12103,06-Mar-2022,ROBBERY
12104,03/06/2022,THEFT
12105,03/06/2022,VANDALISM
12106,03/06/2022,OTHER
12107,03/06/2022,OTHER
12108,03/06/2022,BURGLARY
12109,03/06/2022,THEFT
12110,03/06/2022,ASSAULT
12111,2022-03-06,ROBBERY
12112,03/06/2022,THEFT
12113,2022-03-06,OTHER
12114,06-Mar-2022,ROBBERY
12115,03/06/2022,VANDALISM
12116,06-Mar-2022,OTHER
12117,03/06/2022,ASSAULT
12118,06-Mar-2022,VANDALISM
12119,06-Mar-2022,THEFT
12120,03/06/2022,THEFT
12121,03/06/2022,BURGLARY
12122,2022-03-06,THEFT
12123,03/06/2022,OTHER
12124,2022-03-06,THEFT
12125,03/06/2022,BURGLARY
12126,2022-03-06,OTHER
12127,03/06/2022,THEFT
12128,06-Mar-2022,OTHER
12129,03/06/2022,VANDALISM
12130,2022-03-06,OTHER
12131,2022-03-07,BURGLARY
12132,2022-03-07,OTHER
12133,03/07/2022,VANDALISM
12134,07-Mar-2022,THEFT
12135,03/07/2022,ASSAULT
12136,03/07/2022,THEFT
12137,07-Mar-2022,VANDALISM
12138,03/07/2022,THEFT
12139,07-Mar-2022,FRAUD
12140,07-Mar-2022,BURGLARY
12141,07-Mar-2022,FRAUD
12142,07-Mar-2022,BURGLARY
12143,07-Mar-2022,DRUG OFFENSE
12144,03/07/2022,THEFT
12145,07-Mar-2022,FRAUD
12146,2022-03-07,FRAUD
12147,03/07/2022,DRUG OFFENSE
12148,03/07/2022,THEFT
12149,07-Mar-2022,VANDALISM
12150,03/07/2022,OTHER
12151,03/07/2022,ASSAULT
12152,07-Mar-2022,VANDALISM
12153,07-Mar-2022,ROBBERY
12154,07-Mar-2022,ASSAULT
12155,2022-03-07,THEFT
12156,03/07/2022,THEFT
12157,03/07/2022,DRUG OFFENSE
12158,08-Mar-2022,ROBBERY
12159,2022-03-08,THEFT
12160,08-Mar-2022,OTHER
12161,2022-03-08,BURGLARY
12162,08-Mar-2022,VANDALISM
12163,2022-03-08,DRUG OFFENSE
12164,2022-03-08,OTHER
12165,03/08/2022,VANDALISM
12166,08-Mar-2022,ROBBERY
12167,03/08/2022,BURGLARY
12168,03/08/2022,OTHER
12169,03/08/2022,ROBBERY
12170,08-Mar-2022,ROBBERY
12171,2022-03-08,THEFT
12172,2022-03-08,ROBBERY
12173,08-Mar-2022,ROBBERY
12174,03/08/2022,DRUG OFFENSE
12175,2022-03-08,ASSAULT
12176,03/08/2022,OTHER
12177,2022-03-08,OTHER
12178,2022-03-08,OTHER
12179,08-Mar-2022,ASSAULT
12180,08-Mar-2022,DRUG OFFENSE
12181,03/08/2022,ASSAULT
12182,03/08/2022,VANDALISM
12183,08-Mar-2022,THEFT
12184,08-Mar-2022,VANDALISM
12185,2022-03-08,FRAUD
12186,08-Mar-2022,BURGLARY
12187,03/08/2022,VANDALISM
12188,2022-03-08,DRUG OFFENSE
12189,03/08/2022,ROBBERY
12190,03/08/2022,VANDALISM
12191,2022-03-08,ASSAULT
12192,03/08/2022,ROBBERY
12193,2022-03-08,THEFT
12194,03/08/2022,ROBBERY
12195,08-Mar-2022,FRAUD
12196,08-Mar-2022,VANDALISM
12197,08-Mar-2022,FRAUD
12198,03/08/2022,VANDALISM
12199,03/08/2022,ASSAULT
12200,2022-03-08,VANDALISM
12201,2022-03-08,FRAUD
12202,09-Mar-2022,VANDALISM
12203,2022-03-09,THEFT
12204,2022-03-09,BURGLARY
12205,03/09/2022,ASSAULT
12206,03/09/2022,ROBBERY
12207,03/09/2022,ASSAULT
12208,03/09/2022,FRAUD
12209,09-Mar-2022,ASSAULT
12210,2022-03-09,ROBBERY
12211,03/09/2022,FRAUD
12212,09-Mar-2022,DRUG OFFENSE
12213,09-Mar-2022,FRAUD
12214,03/09/2022,DRUG OFFENSE
12215,03/09/2022,VANDALISM
12216,03/09/2022,DRUG OFFENSE
12217,2022-03-09,FRAUD
12218,09-Mar-2022,BURGLARY
12219,03/09/2022,VANDALISM
12220,03/09/2022,DRUG OFFENSE
12221,03/09/2022,FRAUD
12222,2022-03-09,ROBBERY
12223,09-Mar-2022,THEFT
12224,09-Mar-2022,VANDALISM
12225,03/09/2022,VANDALISM
12226,09-Mar-2022,ASSAULT
12227,09-Mar-2022,VANDALISM
12228,2022-03-09,BURGLARY
12229,03/09/2022,BURGLARY
12230,2022-03-09,ASSAULT
12231,03/09/2022,OTHER
12232,03/09/2022,DRUG OFFENSE
12233,2022-03-09,DRUG OFFENSE
12234,03/09/2022,VANDALISM
12235,09-Mar-2022,DRUG OFFENSE
12236,09-Mar-2022,OTHER
12237,09-Mar-2022,OTHER
12238,03/10/2022,ROBBERY
12239,10-Mar-2022,BURGLARY
12240,2022-03-10,ASSAULT
12241,03/10/2022,VANDALISM
12242,2022-03-10,VANDALISM
12243,10-Mar-2022,ASSAULT
12244,10-Mar-2022,THEFT
12245,03/10/2022,FRAUD
12246,03/10/2022,ROBBERY
12247,03/10/2022,DRUG OFFENSE
12248,2022-03-10,OTHER
12249,10-Mar-2022,ASSAULT
12250,10-Mar-2022,OTHER
12251,2022-03-10,ASSAULT
12252,10-Mar-2022,OTHER
12253,2022-03-10,OTHER
12254,10-Mar-2022,FRAUD
12255,2022-03-10,ROBBERY
12256,10-Mar-2022,BURGLARY
12257,03/10/2022,ROBBERY
12258,2022-03-10,BURGLARY
12259,03/10/2022,BURGLARY
12260,2022-03-10,OTHER
12261,10-Mar-2022,ROBBERY
12262,2022-03-10,BURGLARY
12263,03/10/2022,DRUG OFFENSE
12264,10-Mar-2022,DRUG OFFENSE
12265,2022-03-10,FRAUD
12266,03/10/2022,ROBBERY
12267,03/10/2022,ASSAULT
12268,03/10/2022,VANDALISM
12269,2022-03-10,BURGLARY
12270,10-Mar-2022,FRAUD
12271,2022-03-10,OTHER
12272,10-Mar-2022,DRUG OFFENSE
12273,10-Mar-2022,OTHER
12274,10-Mar-2022,BURGLARY
12275,2022-03-10,THEFT
12276,03/10/2022,DRUG OFFENSE
12277,03/10/2022,ROBBERY
12278,03/10/2022,BURGLARY
12279,03/11/2022,ROBBERY
12280,03/11/2022,DRUG OFFENSE
12281,11-Mar-2022,FRAUD
12282,11-Mar-2022,ROBBERY
12283,03/11/2022,VANDALISM
12284,2022-03-11,THEFT
12285,2022-03-11,ASSAULT
12286,03/11/2022,VANDALISM
12287,2022-03-11,ASSAULT
12288,2022-03-11,ASSAULT
12289,11-Mar-2022,ROBBERY
12290,11-Mar-2022,FRAUD
12291,03/11/2022,DRUG OFFENSE
12292,2022-03-11,ROBBERY
12293,11-Mar-2022,VANDALISM
12294,11-Mar-2022,ASSAULT
12295,11-Mar-2022,THEFT
12296,11-Mar-2022,FRAUD
12297,03/11/2022,THEFT
12298,11-Mar-2022,BURGLARY
12299,11-Mar-2022,ASSAULT
12300,2022-03-11,ASSAULT
12301,03/11/2022,OTHER
12302,03/11/2022,ROBBERY
12303,03/11/2022,OTHER
12304,11-Mar-2022,FRAUD
12305,2022-03-11,OTHER
12306,2022-03-12,THEFT
12307,03/12/2022,ROBBERY
12308,2022-03-12,ASSAULT
12309,2022-03-12,DRUG OFFENSE
12310,12-Mar-2022,THEFT
12311,12-Mar-2022,THEFT
12312,03/12/2022,ROBBERY
12313,12-Mar-2022,OTHER
12314,2022-03-12,ASSAULT
12315,12-Mar-2022,OTHER
12316,03/12/2022,DRUG OFFENSE
12317,2022-03-12,FRAUD
12318,12-Mar-2022,DRUG OFFENSE
12319,03/12/2022,ASSAULT
12320,2022-03-12,BURGLARY
12321,2022-03-12,OTHER
12322,2022-03-12,DRUG OFFENSE
12323,12-Mar-2022,ASSAULT
12324,12-Mar-2022,ROBBERY
12325,12-Mar-2022,OTHER
12326,03/12/2022,FRAUD
12327,12-Mar-2022,ROBBERY
12328,03/12/2022,THEFT
12329,12-Mar-2022,THEFT
12330,03/12/2022,ASSAULT
12331,12-Mar-2022,ASSAULT
12332,03/12/2022,ROBBERY
12333,12-Mar-2022,ASSAULT
12334,2022-03-12,ASSAULT
12335,2022-03-12,BURGLARY
12336,03/12/2022,DRUG OFFENSE
12337,2022-03-12,DRUG OFFENSE
12338,2022-03-12,FRAUD
12339,12-Mar-2022,FRAUD
12340,03/12/2022,OTHER
12341,03/12/2022,ROBBERY
12342,12-Mar-2022,THEFT
12343,2022-03-12,ROBBERY
12344,03/12/2022,ASSAULT
12345,2022-03-12,DRUG OFFENSE
12346,12-Mar-2022,ROBBERY
12347,03/13/2022,ROBBERY
12348,2022-03-13,ROBBERY
12349,13-Mar-2022,VANDALISM
12350,13-Mar-2022,FRAUD
12351,03/13/2022,ROBBERY
12352,2022-03-13,ASSAULT
12353,13-Mar-2022,DRUG OFFENSE
12354,03/13/2022,ASSAULT
12355,2022-03-13,THEFT
12356,2022-03-13,THEFT
12357,03/13/2022,THEFT
12358,13-Mar-2022,VANDALISM
12359,03/13/2022,DRUG OFFENSE
12360,13-Mar-2022,DRUG OFFENSE
12361,03/13/2022,BURGLARY
12362,03/13/2022,THEFT
12363,13-Mar-2022,DRUG OFFENSE
12364,13-Mar-2022,FRAUD
12365,13-Mar-2022,THEFT
12366,03/13/2022,ROBBERY
12367,03/13/2022,ASSAULT
12368,03/13/2022,FRAUD
12369,13-Mar-2022,FRAUD
12370,13-Mar-2022,THEFT
12371,2022-03-13,ASSAULT
12372,03/13/2022,OTHER
12373,13-Mar-2022,VANDALISM
12374,13-Mar-2022,BURGLARY
12375,03/13/2022,OTHER
12376,03/13/2022,ASSAULT
12377,13-Mar-2022,OTHER
12378,03/13/2022,THEFT
12379,2022-03-13,VANDALISM
12380,03/13/2022,ROBBERY
12381,03/13/2022,VANDALISM
12382,2022-03-13,ASSAULT
12383,2022-03-13,VANDALISM
12384,2022-03-13,VANDALISM
12385,03/13/2022,OTHER
12386,2022-03-13,FRAUD
12387,13-Mar-2022,ROBBERY
12388,13-Mar-2022,ROBBERY
12389,2022-03-13,ROBBERY
12390,2022-03-14,THEFT
12391,14-Mar-2022,VANDALISM
12392,14-Mar-2022,DRUG OFFENSE
12393,03/14/2022,VANDALISM
12394,14-Mar-2022,VANDALISM
12395,2022-03-14,THEFT
12396,2022-03-14,VANDALISM
12397,14-Mar-2022,ROBBERY
12398,03/14/2022,OTHER
12399,2022-03-14,BURGLARY
12400,03/14/2022,ROBBERY
12401,14-Mar-2022,OTHER
12402,03/14/2022,OTHER
12403,2022-03-14,ASSAULT
12404,2022-03-14,DRUG OFFENSE
12405,03/14/2022,ROBBERY
12406,14-Mar-2022,THEFT
12407,03/14/2022,VANDALISM
12408,14-Mar-2022,FRAUD
12409,03/14/2022,DRUG OFFENSE
12410,2022-03-14,OTHER
12411,14-Mar-2022,BURGLARY
12412,2022-03-14,THEFT
12413,2022-03-14,THEFT
12414,03/14/2022,FRAUD
12415,14-Mar-2022,DRUG OFFENSE
12416,2022-03-14,THEFT
12417,14-Mar-2022,ASSAULT
12418,14-Mar-2022,ROBBERY
12419,14-Mar-2022,BURGLARY
12420,03/14/2022,ASSAULT
12421,2022-03-14,FRAUD
12422,2022-03-14,VANDALISM
12423,14-Mar-2022,ASSAULT
12424,03/14/2022,DRUG OFFENSE
12425,14-Mar-2022,THEFT
12426,14-Mar-2022,THEFT
12427,14-Mar-2022,VANDALISM
12428,03/15/2022,VANDALISM
12429,15-Mar-2022,OTHER
12430,15-Mar-2022,ASSAULT
12431,15-Mar-2022,THEFT
12432,03/15/2022,FRAUD
12433,03/15/2022,OTHER
12434,03/15/2022,OTHER
12435,03/15/2022,ROBBERY
12436,03/15/2022,DRUG OFFENSE
12437,2022-03-15,FRAUD
12438,2022-03-15,DRUG OFFENSE
12439,03/15/2022,VANDALISM
12440,03/15/2022,DRUG OFFENSE
12441,15-Mar-2022,VANDALISM
12442,03/15/2022,BURGLARY
12443,15-Mar-2022,OTHER
12444,03/15/2022,FRAUD
12445,03/15/2022,THEFT
12446,03/15/2022,VANDALISM
12447,2022-03-15,ASSAULT
12448,03/15/2022,BURGLARY
12449,03/15/2022,VANDALISM
12450,03/15/2022,FRAUD
12451,2022-03-15,FRAUD
12452,2022-03-15,VANDALISM
12453,2022-03-15,ROBBERY
12454,2022-03-15,VANDALISM
12455,15-Mar-2022,FRAUD
12456,2022-03-15,DRUG OFFENSE
12457,03/15/2022,OTHER
12458,2022-03-15,OTHER
12459,15-Mar-2022,OTHER
12460,2022-03-15,DRUG OFFENSE
12461,2022-03-15,ROBBERY
12462,03/15/2022,VANDALISM
12463,03/15/2022,DRUG OFFENSE
12464,15-Mar-2022,DRUG OFFENSE
12465,2022-03-15,OTHER
12466,03/15/2022,ROBBERY
12467,03/15/2022,OTHER
12468,16-Mar-2022,VANDALISM
12469,2022-03-16,ROBBERY
12470,2022-03-16,THEFT
12471,2022-03-16,OTHER
12472,03/16/2022,ROBBERY
12473,16-Mar-2022,BURGLARY
12474,03/16/2022,VANDALISM
12475,03/16/2022,VANDALISM
12476,03/16/2022,ASSAULT
12477,2022-03-16,FRAUD
12478,2022-03-16,ASSAULT
12479,16-Mar-2022,OTHER
12480,03/16/2022,THEFT
12481,03/16/2022,VANDALISM
12482,2022-03-16,VANDALISM
12483,03/16/2022,ASSAULT
12484,03/16/2022,DRUG OFFENSE
12485,03/16/2022,DRUG OFFENSE
12486,03/16/2022,THEFT
12487,2022-03-16,ROBBERY
12488,16-Mar-2022,BURGLARY
12489,03/16/2022,DRUG OFFENSE
12490,03/16/2022,ROBBERY
12491,16-Mar-2022,DRUG OFFENSE
12492,2022-03-16,BURGLARY
12493,03/16/2022,DRUG OFFENSE
12494,2022-03-16,BURGLARY
12495,03/16/2022,ASSAULT
12496,2022-03-16,BURGLARY
12497,2022-03-16,OTHER
12498,16-Mar-2022,VANDALISM
12499,2022-03-16,VANDALISM
12500,03/16/2022,OTHER
12501,2022-03-16,OTHER
12502,16-Mar-2022,ASSAULT
12503,17-Mar-2022,ROBBERY
12504,2022-03-17,OTHER
12505,03/17/2022,ASSAULT
12506,17-Mar-2022,THEFT
12507,03/17/2022,ROBBERY
12508,17-Mar-2022,DRUG OFFENSE
12509,03/17/2022,BURGLARY
12510,03/17/2022,OTHER
12511,03/17/2022,OTHER
12512,03/17/2022,ASSAULT
12513,2022-03-17,ROBBERY
12514,17-Mar-2022,OTHER
12515,2022-03-17,ROBBERY
12516,03/17/2022,THEFT
12517,2022-03-17,THEFT
12518,17-Mar-2022,FRAUD
12519,17-Mar-2022,FRAUD
12520,2022-03-17,FRAUD
12521,03/17/2022,VANDALISM
12522,2022-03-17,THEFT
12523,03/17/2022,FRAUD
12524,2022-03-17,ASSAULT
12525,17-Mar-2022,THEFT
12526,03/17/2022,DRUG OFFENSE
12527,17-Mar-2022,ROBBERY
12528,2022-03-17,BURGLARY
12529,03/17/2022,ROBBERY
12530,03/17/2022,ASSAULT
12531,03/17/2022,DRUG OFFENSE
12532,17-Mar-2022,DRUG OFFENSE
12533,2022-03-17,OTHER
12534,2022-03-17,OTHER
12535,2022-03-17,BURGLARY
12536,2022-03-17,DRUG OFFENSE
12537,17-Mar-2022,VANDALISM
12538,17-Mar-2022,ASSAULT
12539,17-Mar-2022,THEFT
12540,2022-03-17,ASSAULT
12541,17-Mar-2022,OTHER
12542,03/17/2022,OTHER
12543,03/18/2022,ROBBERY
12544,03/18/2022,OTHER
12545,03/18/2022,THEFT
12546,03/18/2022,FRAUD
12547,18-Mar-2022,FRAUD
12548,18-Mar-2022,ROBBERY
12549,03/18/2022,DRUG OFFENSE
12550,03/18/2022,BURGLARY
12551,18-Mar-2022,OTHER
12552,18-Mar-2022,BURGLARY
12553,03/18/2022,ASSAULT
12554,03/18/2022,FRAUD
12555,2022-03-18,ASSAULT
12556,18-Mar-2022,DRUG OFFENSE
12557,18-Mar-2022,DRUG OFFENSE
12558,18-Mar-2022,OTHER
12559,18-Mar-2022,ASSAULT
12560,18-Mar-2022,BURGLARY
12561,18-Mar-2022,BURGLARY
12562,18-Mar-2022,THEFT
12563,18-Mar-2022,BURGLARY
12564,03/18/2022,DRUG OFFENSE
12565,2022-03-18,DRUG OFFENSE
12566,18-Mar-2022,FRAUD
12567,03/18/2022,ASSAULT
12568,18-Mar-2022,VANDALISM
12569,18-Mar-2022,OTHER
12570,2022-03-18,THEFT
12571,2022-03-18,ASSAULT
12572,03/18/2022,THEFT
12573,18-Mar-2022,THEFT
12574,03/18/2022,BURGLARY
12575,2022-03-18,ASSAULT
12576,19-Mar-2022,ASSAULT
12577,2022-03-19,FRAUD
12578,19-Mar-2022,THEFT
12579,19-Mar-2022,ROBBERY
12580,03/19/2022,BURGLARY
12581,03/19/2022,FRAUD
12582,19-Mar-2022,DRUG OFFENSE
12583,03/19/2022,ASSAULT
12584,03/19/2022,BURGLARY
12585,19-Mar-2022,VANDALISM
12586,19-Mar-2022,FRAUD
12587,03/19/2022,ASSAULT
12588,19-Mar-2022,FRAUD
12589,03/19/2022,BURGLARY
12590,2022-03-19,DRUG OFFENSE
12591,03/19/2022,FRAUD
12592,19-Mar-2022,OTHER
12593,2022-03-19,ASSAULT
12594,03/19/2022,ASSAULT
12595,19-Mar-2022,BURGLARY
12596,2022-03-19,FRAUD
12597,2022-03-19,VANDALISM
12598,2022-03-19,FRAUD
12599,2022-03-19,ROBBERY
12600,03/19/2022,OTHER
12601,2022-03-19,FRAUD
12602,2022-03-19,VANDALISM
12603,03/19/2022,BURGLARY
12604,2022-03-19,DRUG OFFENSE
12605,03/19/2022,THEFT
12606,2022-03-19,THEFT
12607,19-Mar-2022,FRAUD
12608,03/19/2022,BURGLARY
12609,19-Mar-2022,OTHER
12610,19-Mar-2022,DRUG OFFENSE
12611,19-Mar-2022,OTHER
12612,19-Mar-2022,ROBBERY
12613,19-Mar-2022,BURGLARY
12614,19-Mar-2022,FRAUD
12615,19-Mar-2022,DRUG OFFENSE
12616,03/19/2022,ROBBERY
12617,03/19/2022,OTHER
12618,03/19/2022,BURGLARY
12619,03/19/2022,BURGLARY
12620,03/19/2022,VANDALISM
12621,2022-03-19,VANDALISM
12622,03/19/2022,ASSAULT
12623,19-Mar-2022,OTHER
12624,2022-03-19,FRAUD
12625,2022-03-19,THEFT
12626,03/20/2022,OTHER
12627,20-Mar-2022,VANDALISM
12628,03/20/2022,ASSAULT
12629,2022-03-20,ASSAULT
12630,2022-03-20,FRAUD
12631,03/20/2022,DRUG OFFENSE
12632,2022-03-20,THEFT
12633,20-Mar-2022,ASSAULT
12634,03/20/2022,FRAUD
12635,20-Mar-2022,THEFT
12636,03/20/2022,ASSAULT
12637,03/20/2022,ASSAULT
12638,2022-03-20,DRUG OFFENSE
12639,20-Mar-2022,FRAUD
12640,2022-03-20,THEFT
12641,20-Mar-2022,ROBBERY
12642,03/20/2022,OTHER
12643,03/20/2022,VANDALISM
12644,2022-03-20,THEFT
12645,20-Mar-2022,THEFT
12646,2022-03-20,OTHER
12647,03/20/2022,ROBBERY
12648,2022-03-20,ASSAULT
12649,03/20/2022,DRUG OFFENSE
12650,03/20/2022,BURGLARY
12651,2022-03-20,OTHER
12652,20-Mar-2022,THEFT
12653,03/20/2022,VANDALISM
12654,2022-03-20,ROBBERY
12655,20-Mar-2022,THEFT
12656,03/20/2022,OTHER
12657,2022-03-20,FRAUD
12658,03/20/2022,FRAUD
12659,03/20/2022,VANDALISM
12660,20-Mar-2022,ROBBERY
12661,20-Mar-2022,BURGLARY
12662,03/20/2022,FRAUD
12663,2022-03-20,THEFT
12664,03/20/2022,ROBBERY
12665,2022-03-20,FRAUD
12666,03/20/2022,OTHER
12667,03/20/2022,VANDALISM
12668,20-Mar-2022,BURGLARY
12669,2022-03-20,BURGLARY
12670,20-Mar-2022,ASSAULT
12671,20-Mar-2022,ASSAULT
12672,2022-03-20,OTHER
12673,2022-03-21,BURGLARY
12674,03/21/2022,FRAUD
12675,03/21/2022,ASSAULT
12676,21-Mar-2022,FRAUD
12677,21-Mar-2022,THEFT
12678,2022-03-21,OTHER
12679,03/21/2022,THEFT
12680,2022-03-21,OTHER
12681,03/21/2022,VANDALISM
12682,03/21/2022,OTHER
12683,2022-03-21,FRAUD
12684,2022-03-21,BURGLARY
12685,21-Mar-2022,VANDALISM
12686,03/21/2022,VANDALISM
12687,2022-03-21,THEFT
12688,21-Mar-2022,THEFT
12689,03/21/2022,DRUG OFFENSE
12690,03/21/2022,DRUG OFFENSE
12691,21-Mar-2022,DRUG OFFENSE
12692,2022-03-21,THEFT
12693,21-Mar-2022,ROBBERY
12694,21-Mar-2022,OTHER
12695,21-Mar-2022,BURGLARY
12696,03/21/2022,VANDALISM
12697,2022-03-21,ROBBERY
12698,03/21/2022,THEFT
12699,21-Mar-2022,DRUG OFFENSE
12700,03/21/2022,OTHER
12701,2022-03-21,ASSAULT
12702,03/21/2022,DRUG OFFENSE
12703,21-Mar-2022,OTHER
12704,03/21/2022,BURGLARY
12705,21-Mar-2022,FRAUD
12706,2022-03-21,THEFT
12707,21-Mar-2022,ASSAULT
12708,21-Mar-2022,FRAUD
12709,21-Mar-2022,ROBBERY
12710,22-Mar-2022,DRUG OFFENSE
12711,2022-03-22,DRUG OFFENSE
12712,22-Mar-2022,DRUG OFFENSE
12713,03/22/2022,VANDALISM
12714,2022-03-22,ROBBERY
12715,22-Mar-2022,BURGLARY
12716,22-Mar-2022,ROBBERY
12717,03/22/2022,VANDALISM
12718,22-Mar-2022,DRUG OFFENSE
12719,03/22/2022,OTHER
12720,22-Mar-2022,OTHER
12721,03/22/2022,ROBBERY
12722,03/22/2022,ASSAULT
12723,22-Mar-2022,BURGLARY
12724,03/22/2022,DRUG OFFENSE
12725,03/22/2022,ASSAULT
12726,2022-03-22,FRAUD
12727,22-Mar-2022,THEFT
12728,2022-03-22,THEFT
12729,2022-03-22,ROBBERY
12730,22-Mar-2022,THEFT
12731,03/22/2022,DRUG OFFENSE
12732,03/22/2022,DRUG OFFENSE
12733,22-Mar-2022,ASSAULT
12734,03/22/2022,OTHER
12735,22-Mar-2022,OTHER
12736,2022-03-22,THEFT
12737,22-Mar-2022,THEFT
12738,03/22/2022,ASSAULT
12739,22-Mar-2022,OTHER
12740,22-Mar-2022,OTHER
12741,22-Mar-2022,BURGLARY
12742,03/22/2022,OTHER
12743,22-Mar-2022,ASSAULT
12744,2022-03-22,THEFT
12745,22-Mar-2022,BURGLARY
12746,22-Mar-2022,THEFT
12747,22-Mar-2022,FRAUD
12748,22-Mar-2022,THEFT
12749,22-Mar-2022,THEFT
12750,03/22/2022,FRAUD
12751,2022-03-22,VANDALISM
12752,2022-03-22,DRUG OFFENSE
12753,2022-03-23,DRUG OFFENSE
12754,23-Mar-2022,ASSAULT
12755,2022-03-23,DRUG OFFENSE
12756,23-Mar-2022,BURGLARY
12757,03/23/2022,VANDALISM
12758,23-Mar-2022,FRAUD
12759,03/23/2022,DRUG OFFENSE
12760,23-Mar-2022,VANDALISM
12761,2022-03-23,VANDALISM
12762,03/23/2022,DRUG OFFENSE
12763,2022-03-23,THEFT
12764,2022-03-23,ROBBERY
12765,03/23/2022,ASSAULT
12766,03/23/2022,DRUG OFFENSE
12767,03/23/2022,OTHER
12768,23-Mar-2022,DRUG OFFENSE
12769,03/23/2022,FRAUD
12770,2022-03-23,DRUG OFFENSE
12771,23-Mar-2022,THEFT
12772,03/23/2022,OTHER
12773,03/23/2022,ASSAULT
12774,2022-03-23,OTHER
12775,2022-03-23,VANDALISM
12776,23-Mar-2022,ASSAULT
12777,23-Mar-2022,THEFT
12778,23-Mar-2022,OTHER
12779,03/23/2022,VANDALISM
12780,03/23/2022,BURGLARY
12781,03/23/2022,THEFT
12782,03/23/2022,FRAUD
12783,03/23/2022,FRAUD
12784,2022-03-23,VANDALISM
12785,03/23/2022,OTHER
12786,03/24/2022,BURGLARY
12787,2022-03-24,DRUG OFFENSE
12788,24-Mar-2022,ASSAULT
12789,2022-03-24,DRUG OFFENSE
12790,03/24/2022,OTHER
12791,03/24/2022,VANDALISM
12792,2022-03-24,FRAUD
12793,2022-03-24,DRUG OFFENSE
12794,2022-03-24,THEFT
12795,24-Mar-2022,OTHER
12796,24-Mar-2022,FRAUD
12797,2022-03-24,THEFT
12798,24-Mar-2022,ROBBERY
12799,24-Mar-2022,THEFT
12800,2022-03-24,THEFT
12801,03/24/2022,VANDALISM
12802,03/24/2022,ROBBERY
12803,03/24/2022,VANDALISM
12804,03/24/2022,ROBBERY
12805,24-Mar-2022,DRUG OFFENSE
12806,03/24/2022,ROBBERY
12807,2022-03-24,BURGLARY
12808,2022-03-24,ROBBERY
12809,24-Mar-2022,OTHER
12810,24-Mar-2022,DRUG OFFENSE
12811,24-Mar-2022,DRUG OFFENSE
12812,2022-03-24,BURGLARY
12813,03/24/2022,DRUG OFFENSE
12814,24-Mar-2022,DRUG OFFENSE
12815,03/24/2022,VANDALISM
12816,2022-03-24,ROBBERY
12817,03/24/2022,ASSAULT
12818,2022-03-24,FRAUD
12819,03/24/2022,VANDALISM
12820,03/25/2022,VANDALISM
12821,2022-03-25,DRUG OFFENSE
12822,25-Mar-2022,OTHER
12823,2022-03-25,BURGLARY
12824,2022-03-25,THEFT
12825,25-Mar-2022,VANDALISM
12826,03/25/2022,DRUG OFFENSE
12827,25-Mar-2022,ROBBERY
12828,2022-03-25,ASSAULT
12829,25-Mar-2022,THEFT
12830,03/25/2022,FRAUD
12831,03/25/2022,VANDALISM
12832,25-Mar-2022,THEFT
12833,03/25/2022,VANDALISM
12834,2022-03-25,OTHER
12835,25-Mar-2022,OTHER
12836,03/25/2022,OTHER
12837,2022-03-25,ASSAULT
12838,03/25/2022,THEFT
12839,03/25/2022,FRAUD
12840,2022-03-25,ASSAULT
12841,2022-03-25,ASSAULT
12842,2022-03-25,DRUG OFFENSE
12843,03/25/2022,FRAUD
12844,03/25/2022,BURGLARY
12845,03/25/2022,FRAUD
12846,25-Mar-2022,THEFT
12847,2022-03-25,THEFT
12848,25-Mar-2022,THEFT
12849,03/25/2022,ASSAULT
12850,2022-03-25,FRAUD
12851,25-Mar-2022,BURGLARY
12852,03/25/2022,OTHER
12853,03/25/2022,VANDALISM
12854,2022-03-25,OTHER
12855,03/25/2022,ROBBERY
12856,03/26/2022,DRUG OFFENSE
12857,03/26/2022,VANDALISM
12858,03/26/2022,FRAUD
12859,03/26/2022,OTHER
12860,2022-03-26,OTHER
12861,03/26/2022,ROBBERY
12862,03/26/2022,THEFT
12863,26-Mar-2022,VANDALISM
12864,26-Mar-2022,THEFT
12865,03/26/2022,ROBBERY
12866,03/26/2022,OTHER
12867,2022-03-26,DRUG OFFENSE
12868,03/26/2022,THEFT
12869,26-Mar-2022,THEFT
12870,03/26/2022,VANDALISM
12871,2022-03-26,FRAUD
12872,03/26/2022,OTHER
12873,03/26/2022,DRUG OFFENSE
12874,26-Mar-2022,ROBBERY
12875,26-Mar-2022,ROBBERY
12876,03/26/2022,THEFT
12877,03/26/2022,ASSAULT
12878,03/26/2022,THEFT
12879,03/26/2022,DRUG OFFENSE
12880,2022-03-26,DRUG OFFENSE
12881,2022-03-26,OTHER
12882,03/26/2022,ROBBERY
12883,2022-03-26,OTHER
12884,2022-03-26,VANDALISM
12885,03/26/2022,THEFT
12886,03/26/2022,DRUG OFFENSE
12887,03/26/2022,OTHER
12888,03/26/2022,DRUG OFFENSE
12889,03/26/2022,THEFT
12890,2022-03-26,BURGLARY
12891,03/26/2022,FRAUD
12892,03/26/2022,FRAUD
12893,03/26/2022,ASSAULT
12894,2022-03-26,FRAUD
12895,03/26/2022,VANDALISM
12896,03/26/2022,FRAUD
12897,26-Mar-2022,OTHER
12898,2022-03-27,THEFT
12899,03/27/2022,DRUG OFFENSE
12900,03/27/2022,OTHER
12901,2022-03-27,FRAUD
12902,27-Mar-2022,FRAUD
12903,27-Mar-2022,BURGLARY
12904,2022-03-27,OTHER
12905,2022-03-27,OTHER
12906,03/27/2022,OTHER
12907,03/27/2022,BURGLARY
12908,03/27/2022,FRAUD
12909,03/27/2022,DRUG OFFENSE
12910,27-Mar-2022,THEFT
12911,27-Mar-2022,OTHER
12912,03/27/2022,THEFT
12913,03/27/2022,DRUG OFFENSE
12914,2022-03-27,ASSAULT
12915,2022-03-27,ASSAULT
12916,27-Mar-2022,BURGLARY
12917,03/27/2022,BURGLARY
12918,2022-03-27,ASSAULT
12919,2022-03-27,VANDALISM
12920,27-Mar-2022,BURGLARY
12921,2022-03-27,THEFT
12922,2022-03-27,ASSAULT
12923,2022-03-27,THEFT
12924,27-Mar-2022,ROBBERY
12925,03/27/2022,FRAUD
12926,03/27/2022,OTHER
12927,2022-03-27,BURGLARY
12928,27-Mar-2022,FRAUD
12929,2022-03-27,VANDALISM
12930,27-Mar-2022,BURGLARY
12931,2022-03-27,OTHER
12932,2022-03-27,THEFT
12933,27-Mar-2022,VANDALISM
12934,2022-03-27,ASSAULT
12935,03/27/2022,BURGLARY
12936,27-Mar-2022,DRUG OFFENSE
12937,2022-03-28,DRUG OFFENSE
12938,28-Mar-2022,ROBBERY
12939,28-Mar-2022,ASSAULT
12940,03/28/2022,FRAUD
12941,2022-03-28,ASSAULT
12942,03/28/2022,DRUG OFFENSE
12943,03/28/2022,BURGLARY
12944,03/28/2022,ROBBERY
12945,2022-03-28,DRUG OFFENSE
12946,03/28/2022,BURGLARY
12947,2022-03-28,THEFT
12948,03/28/2022,ROBBERY
12949,2022-03-28,VANDALISM
12950,28-Mar-2022,FRAUD
12951,2022-03-28,THEFT
12952,03/28/2022,ROBBERY
12953,28-Mar-2022,ASSAULT
12954,03/28/2022,THEFT
12955,28-Mar-2022,ROBBERY
12956,03/28/2022,FRAUD
12957,28-Mar-2022,THEFT
12958,2022-03-28,ROBBERY
12959,28-Mar-2022,DRUG OFFENSE
12960,28-Mar-2022,BURGLARY
12961,2022-03-28,ROBBERY
12962,28-Mar-2022,BURGLARY
12963,28-Mar-2022,FRAUD
12964,2022-03-28,ASSAULT
12965,2022-03-28,BURGLARY
12966,2022-03-28,ASSAULT
12967,2022-03-29,ASSAULT
12968,03/29/2022,ROBBERY
12969,03/29/2022,BURGLARY
12970,03/29/2022,OTHER
12971,29-Mar-2022,THEFT
12972,03/29/2022,FRAUD
12973,2022-03-29,BURGLARY
12974,29-Mar-2022,FRAUD
12975,03/29/2022,VANDALISM
12976,2022-03-29,DRUG OFFENSE
12977,03/29/2022,ASSAULT
12978,03/29/2022,ASSAULT
12979,03/29/2022,VANDALISM
12980,29-Mar-2022,THEFT
12981,03/29/2022,BURGLARY
12982,29-Mar-2022,BURGLARY
12983,2022-03-29,BURGLARY
12984,03/29/2022,THEFT
12985,2022-03-29,THEFT
12986,03/29/2022,OTHER
12987,2022-03-29,BURGLARY
12988,2022-03-29,ROBBERY
12989,03/29/2022,DRUG OFFENSE
12990,2022-03-29,VANDALISM
12991,03/29/2022,ASSAULT
12992,2022-03-29,BURGLARY
12993,29-Mar-2022,ROBBERY
12994,03/29/2022,FRAUD
12995,03/29/2022,VANDALISM
12996,2022-03-29,THEFT
12997,29-Mar-2022,FRAUD
12998,03/29/2022,ROBBERY
12999,03/29/2022,THEFT
13000,03/29/2022,FRAUD
13001,29-Mar-2022,ROBBERY
13002,29-Mar-2022,VANDALISM
13003,29-Mar-2022,ROBBERY
13004,29-Mar-2022,FRAUD
13005,03/29/2022,FRAUD
13006,03/29/2022,FRAUD
13007,2022-03-29,BURGLARY
13008,03/29/2022,DRUG OFFENSE
13009,03/29/2022,VANDALISM
13010,03/29/2022,BURGLARY
13011,29-Mar-2022,ASSAULT
13012,2022-03-29,FRAUD
13013,2022-03-29,THEFT
13014,30-Mar-2022,ROBBERY
13015,30-Mar-2022,ROBBERY
13016,03/30/2022,FRAUD
13017,03/30/2022,ROBBERY
13018,2022-03-30,ASSAULT
13019,30-Mar-2022,OTHER
13020,30-Mar-2022,BURGLARY
13021,03/30/2022,OTHER
13022,30-Mar-2022,ASSAULT
13023,2022-03-30,BURGLARY
13024,03/30/2022,BURGLARY
13025,03/30/2022,FRAUD
13026,2022-03-30,OTHER
13027,2022-03-30,ROBBERY
13028,03/30/2022,ASSAULT
13029,03/30/2022,ROBBERY
13030,2022-03-30,THEFT
13031,30-Mar-2022,OTHER
13032,03/30/2022,DRUG OFFENSE
13033,03/30/2022,ASSAULT
13034,2022-03-30,ASSAULT
13035,03/30/2022,ROBBERY
13036,03/30/2022,OTHER
13037,30-Mar-2022,THEFT
13038,2022-03-30,THEFT
13039,30-Mar-2022,OTHER
13040,2022-03-30,DRUG OFFENSE
13041,2022-03-31,ROBBERY
13042,2022-03-31,OTHER
13043,31-Mar-2022,DRUG OFFENSE
13044,03/31/2022,ASSAULT
13045,31-Mar-2022,THEFT
13046,2022-03-31,ASSAULT
13047,03/31/2022,ROBBERY
13048,03/31/2022,BURGLARY
13049,31-Mar-2022,FRAUD
13050,31-Mar-2022,ASSAULT
13051,03/31/2022,ROBBERY
13052,31-Mar-2022,FRAUD
13053,2022-03-31,ASSAULT
13054,03/31/2022,THEFT
13055,03/31/2022,THEFT
13056,31-Mar-2022,VANDALISM
13057,03/31/2022,ASSAULT
13058,2022-03-31,THEFT
13059,2022-03-31,ROBBERY
13060,31-Mar-2022,ASSAULT
13061,03/31/2022,BURGLARY
13062,2022-03-31,VANDALISM
13063,31-Mar-2022,FRAUD
13064,03/31/2022,FRAUD
13065,2022-03-31,BURGLARY
13066,04/01/2022,DRUG OFFENSE
13067,2022-04-01,VANDALISM
13068,01-Apr-2022,BURGLARY
13069,04/01/2022,OTHER
13070,01-Apr-2022,BURGLARY
13071,01-Apr-2022,FRAUD
13072,01-Apr-2022,FRAUD
13073,04/01/2022,ROBBERY
13074,01-Apr-2022,ASSAULT
13075,04/01/2022,FRAUD
13076,01-Apr-2022,DRUG OFFENSE
13077,04/01/2022,ASSAULT
13078,04/01/2022,FRAUD
13079,04/01/2022,OTHER
13080,04/01/2022,DRUG OFFENSE
13081,04/01/2022,OTHER
13082,04/01/2022,THEFT
13083,2022-04-01,ASSAULT
13084,01-Apr-2022,DRUG OFFENSE
13085,01-Apr-2022,DRUG OFFENSE
13086,2022-04-01,DRUG OFFENSE
13087,01-Apr-2022,DRUG OFFENSE
13088,04/01/2022,BURGLARY
13089,04/01/2022,ROBBERY
13090,2022-04-01,ASSAULT
13091,04/01/2022,DRUG OFFENSE
13092,2022-04-01,OTHER
13093,04/01/2022,BURGLARY
13094,04/01/2022,VANDALISM
13095,2022-04-01,BURGLARY
13096,2022-04-01,ASSAULT
13097,04/01/2022,OTHER
13098,2022-04-01,OTHER
13099,01-Apr-2022,BURGLARY
13100,2022-04-01,DRUG OFFENSE
13101,04/01/2022,DRUG OFFENSE
13102,04/01/2022,OTHER
13103,04/01/2022,OTHER
13104,04/01/2022,BURGLARY
13105,01-Apr-2022,ROBBERY
13106,04/01/2022,OTHER
13107,04/01/2022,VANDALISM
13108,2022-04-02,BURGLARY
13109,04/02/2022,FRAUD
13110,2022-04-02,ROBBERY
13111,2022-04-02,VANDALISM
13112,2022-04-02,FRAUD
13113,2022-04-02,VANDALISM
13114,04/02/2022,ASSAULT
13115,02-Apr-2022,THEFT
13116,02-Apr-2022,OTHER
13117,2022-04-02,DRUG OFFENSE
13118,04/02/2022,DRUG OFFENSE
13119,02-Apr-2022,VANDALISM
13120,02-Apr-2022,OTHER
13121,04/02/2022,ROBBERY
13122,2022-04-02,VANDALISM
13123,2022-04-02,OTHER
13124,04/02/2022,ROBBERY
13125,04/02/2022,DRUG OFFENSE
13126,04/02/2022,OTHER
13127,02-Apr-2022,ROBBERY
13128,2022-04-02,THEFT
13129,04/02/2022,VANDALISM
13130,02-Apr-2022,OTHER
13131,02-Apr-2022,DRUG OFFENSE
13132,2022-04-02,VANDALISM
13133,04/02/2022,VANDALISM
13134,04/02/2022,ROBBERY
13135,04/02/2022,FRAUD
13136,2022-04-02,BURGLARY
13137,04/02/2022,THEFT
13138,04/02/2022,OTHER
13139,2022-04-02,BURGLARY
13140,2022-04-02,DRUG OFFENSE
13141,04/02/2022,BURGLARY
13142,04/02/2022,ROBBERY
13143,04/02/2022,FRAUD
13144,02-Apr-2022,FRAUD
13145,02-Apr-2022,ASSAULT
13146,04/02/2022,BURGLARY
13147,04/02/2022,DRUG OFFENSE
13148,2022-04-02,OTHER
13149,2022-04-02,BURGLARY
13150,02-Apr-2022,FRAUD
13151,2022-04-02,VANDALISM
13152,04/02/2022,VANDALISM
13153,04/02/2022,BURGLARY
13154,02-Apr-2022,FRAUD
13155,04/02/2022,ASSAULT
13156,04/02/2022,DRUG OFFENSE
13157,02-Apr-2022,THEFT
13158,02-Apr-2022,DRUG OFFENSE
13159,04/02/2022,DRUG OFFENSE
13160,2022-04-03,ROBBERY
13161,03-Apr-2022,BURGLARY
13162,04/03/2022,ROBBERY
13163,2022-04-03,OTHER
13164,03-Apr-2022,OTHER
13165,04/03/2022,ASSAULT
13166,03-Apr-2022,OTHER
13167,03-Apr-2022,ASSAULT
13168,04/03/2022,THEFT
13169,2022-04-03,VANDALISM
13170,03-Apr-2022,BURGLARY
13171,04/03/2022,ASSAULT
13172,04/03/2022,VANDALISM
13173,2022-04-03,VANDALISM
13174,2022-04-03,THEFT
13175,04/03/2022,OTHER
13176,03-Apr-2022,FRAUD
13177,03-Apr-2022,DRUG OFFENSE
13178,04/03/2022,OTHER
13179,03-Apr-2022,DRUG OFFENSE
13180,04/03/2022,THEFT
13181,2022-04-03,BURGLARY
13182,03-Apr-2022,ASSAULT
13183,04/03/2022,BURGLARY
13184,04/03/2022,DRUG OFFENSE
13185,04/03/2022,FRAUD
13186,2022-04-03,DRUG OFFENSE
13187,2022-04-03,VANDALISM
13188,04/03/2022,OTHER
13189,03-Apr-2022,DRUG OFFENSE
13190,04/03/2022,DRUG OFFENSE
13191,03-Apr-2022,OTHER
13192,2022-04-03,DRUG OFFENSE
13193,03-Apr-2022,ROBBERY
13194,04/03/2022,ROBBERY
13195,03-Apr-2022,BURGLARY
13196,03-Apr-2022,ROBBERY
13197,2022-04-03,VANDALISM
13198,2022-04-03,THEFT
13199,2022-04-03,THEFT
13200,03-Apr-2022,VANDALISM
13201,2022-04-03,ASSAULT
13202,04/03/2022,DRUG OFFENSE
13203,2022-04-03,OTHER
13204,04/03/2022,ASSAULT
13205,04-Apr-2022,VANDALISM
13206,04/04/2022,VANDALISM
13207,04-Apr-2022,VANDALISM
13208,04/04/2022,THEFT
13209,2022-04-04,THEFT
13210,04-Apr-2022,FRAUD
13211,04-Apr-2022,ASSAULT
13212,04-Apr-2022,VANDALISM
13213,04/04/2022,DRUG OFFENSE
13214,04/04/2022,DRUG OFFENSE
13215,04/04/2022,ASSAULT
13216,04-Apr-2022,ASSAULT
13217,04/04/2022,DRUG OFFENSE
13218,04/04/2022,VANDALISM
13219,04-Apr-2022,FRAUD
13220,2022-04-04,FRAUD
13221,04-Apr-2022,FRAUD
13222,2022-04-04,ASSAULT
13223,04-Apr-2022,BURGLARY
13224,2022-04-04,BURGLARY
13225,04/04/2022,DRUG OFFENSE
13226,04/04/2022,VANDALISM
13227,04/04/2022,FRAUD
13228,04-Apr-2022,VANDALISM
13229,04/04/2022,ASSAULT
13230,2022-04-04,OTHER
13231,04-Apr-2022,OTHER
13232,04/04/2022,VANDALISM
13233,2022-04-04,ASSAULT
13234,04-Apr-2022,FRAUD
13235,04/04/2022,ROBBERY
13236,04/04/2022,ROBBERY
13237,04/04/2022,VANDALISM
13238,04-Apr-2022,DRUG OFFENSE
13239,04-Apr-2022,ROBBERY
13240,04/04/2022,ASSAULT
13241,04/04/2022,ASSAULT
13242,2022-04-04,VANDALISM
13243,2022-04-04,FRAUD
13244,2022-04-04,ASSAULT
13245,04/04/2022,FRAUD
13246,2022-04-04,OTHER
13247,2022-04-04,FRAUD
13248,04-Apr-2022,BURGLARY
13249,04/05/2022,THEFT
13250,04/05/2022,ROBBERY
13251,04/05/2022,BURGLARY
13252,2022-04-05,THEFT
13253,04/05/2022,BURGLARY
13254,04/05/2022,FRAUD
13255,2022-04-05,OTHER
13256,04/05/2022,FRAUD
13257,04/05/2022,THEFT
13258,04/05/2022,VANDALISM
13259,2022-04-05,BURGLARY
13260,04/05/2022,OTHER
13261,05-Apr-2022,OTHER
13262,05-Apr-2022,ASSAULT
13263,04/05/2022,ASSAULT
13264,04/05/2022,BURGLARY
13265,04/05/2022,ROBBERY
13266,05-Apr-2022,FRAUD
13267,05-Apr-2022,DRUG OFFENSE
13268,04/05/2022,ASSAULT
13269,05-Apr-2022,THEFT
13270,05-Apr-2022,THEFT
13271,05-Apr-2022,THEFT
13272,05-Apr-2022,ROBBERY
13273,04/05/2022,THEFT
13274,04/05/2022,OTHER
13275,04/05/2022,DRUG OFFENSE
13276,05-Apr-2022,BURGLARY
13277,04/05/2022,OTHER
13278,04/05/2022,ASSAULT
13279,04/05/2022,THEFT
13280,2022-04-05,THEFT
13281,04/05/2022,VANDALISM
13282,04/05/2022,THEFT
13283,05-Apr-2022,THEFT
13284,2022-04-05,FRAUD
13285,04/05/2022,BURGLARY
13286,04/05/2022,VANDALISM
13287,05-Apr-2022,THEFT
13288,05-Apr-2022,BURGLARY
13289,2022-04-05,FRAUD
13290,2022-04-05,THEFT
13291,2022-04-06,DRUG OFFENSE
13292,06-Apr-2022,ROBBERY
13293,04/06/2022,VANDALISM
13294,06-Apr-2022,VANDALISM
13295,04/06/2022,BURGLARY
13296,2022-04-06,BURGLARY
13297,04/06/2022,ROBBERY
13298,04/06/2022,FRAUD
13299,06-Apr-2022,BURGLARY
13300,06-Apr-2022,BURGLARY
13301,04/06/2022,VANDALISM
13302,04/06/2022,DRUG OFFENSE
13303,04/06/2022,FRAUD
13304,2022-04-06,VANDALISM
13305,2022-04-06,THEFT
13306,04/06/2022,ROBBERY
13307,2022-04-06,VANDALISM
13308,04/06/2022,ROBBERY
13309,04/06/2022,OTHER
13310,04/06/2022,DRUG OFFENSE
13311,2022-04-06,DRUG OFFENSE
13312,2022-04-06,BURGLARY
13313,2022-04-06,BURGLARY
13314,2022-04-06,THEFT
13315,04/06/2022,VANDALISM
13316,2022-04-06,VANDALISM
13317,06-Apr-2022,OTHER
13318,04/06/2022,VANDALISM
13319,06-Apr-2022,OTHER
13320,04/06/2022,FRAUD
13321,04/06/2022,FRAUD
13322,04/06/2022,ROBBERY
13323,04/06/2022,DRUG OFFENSE
13324,06-Apr-2022,OTHER
13325,06-Apr-2022,OTHER
13326,06-Apr-2022,DRUG OFFENSE
13327,04/06/2022,DRUG OFFENSE
13328,04/06/2022,OTHER
13329,2022-04-06,THEFT
13330,04/06/2022,ROBBERY
13331,2022-04-06,DRUG OFFENSE
13332,07-Apr-2022,BURGLARY
13333,2022-04-07,FRAUD
13334,04/07/2022,ASSAULT
13335,2022-04-07,ROBBERY
13336,07-Apr-2022,BURGLARY
13337,2022-04-07,OTHER
13338,07-Apr-2022,FRAUD
13339,04/07/2022,ASSAULT
13340,04/07/2022,ASSAULT
13341,07-Apr-2022,FRAUD
13342,04/07/2022,BURGLARY
13343,04/07/2022,ROBBERY
13344,2022-04-07,OTHER
13345,07-Apr-2022,OTHER
13346,04/07/2022,ROBBERY
13347,2022-04-07,THEFT
13348,04/07/2022,ASSAULT
13349,07-Apr-2022,OTHER
13350,07-Apr-2022,THEFT
13351,07-Apr-2022,ROBBERY
13352,2022-04-07,OTHER
13353,04/07/2022,OTHER
13354,07-Apr-2022,FRAUD
13355,07-Apr-2022,ROBBERY
13356,07-Apr-2022,THEFT
13357,2022-04-07,DRUG OFFENSE
13358,07-Apr-2022,THEFT
13359,04/07/2022,DRUG OFFENSE
13360,04/07/2022,ROBBERY
13361,2022-04-07,ROBBERY
13362,04/07/2022,FRAUD
13363,04/07/2022,BURGLARY
13364,2022-04-07,THEFT
13365,04/07/2022,VANDALISM
13366,2022-04-07,VANDALISM
13367,08-Apr-2022,ASSAULT
13368,04/08/2022,ROBBERY
13369,04/08/2022,ASSAULT
13370,2022-04-08,ASSAULT
13371,08-Apr-2022,ROBBERY
13372,08-Apr-2022,ROBBERY
13373,2022-04-08,FRAUD
13374,08-Apr-2022,VANDALISM
13375,2022-04-08,ROBBERY
13376,2022-04-08,DRUG OFFENSE
13377,08-Apr-2022,FRAUD
13378,04/08/2022,THEFT
13379,08-Apr-2022,BURGLARY
13380,2022-04-08,BURGLARY
13381,2022-04-08,OTHER
13382,04/08/2022,BURGLARY
13383,08-Apr-2022,OTHER
13384,08-Apr-2022,VANDALISM
13385,04/08/2022,THEFT
13386,2022-04-08,BURGLARY
13387,04/08/2022,ROBBERY
13388,04/08/2022,ROBBERY
13389,04/08/2022,ROBBERY
13390,04/08/2022,DRUG OFFENSE
13391,04/08/2022,FRAUD
13392,2022-04-08,VANDALISM
13393,2022-04-08,THEFT
13394,2022-04-08,DRUG OFFENSE
13395,04/08/2022,ROBBERY
13396,04/08/2022,THEFT
13397,04/08/2022,BURGLARY
13398,08-Apr-2022,FRAUD
13399,04/08/2022,ASSAULT
13400,2022-04-08,THEFT
13401,2022-04-08,THEFT
13402,04/08/2022,THEFT
13403,2022-04-08,BURGLARY
13404,2022-04-08,BURGLARY
13405,04/08/2022,VANDALISM
13406,04/08/2022,DRUG OFFENSE
13407,2022-04-08,DRUG OFFENSE
13408,08-Apr-2022,FRAUD
13409,04/08/2022,THEFT
13410,04/08/2022,ASSAULT
13411,09-Apr-2022,OTHER
13412,04/09/2022,DRUG OFFENSE
13413,2022-04-09,THEFT
13414,04/09/2022,THEFT
13415,04/09/2022,FRAUD
13416,04/09/2022,ROBBERY
13417,04/09/2022,ROBBERY
13418,2022-04-09,FRAUD
13419,04/09/2022,DRUG OFFENSE
13420,09-Apr-2022,VANDALISM
13421,2022-04-09,VANDALISM
13422,2022-04-09,THEFT
13423,2022-04-09,FRAUD
13424,2022-04-09,THEFT
13425,09-Apr-2022,THEFT
13426,2022-04-09,BURGLARY
13427,09-Apr-2022,VANDALISM
13428,09-Apr-2022,OTHER
13429,09-Apr-2022,VANDALISM
13430,09-Apr-2022,OTHER
13431,2022-04-09,THEFT
13432,2022-04-09,ASSAULT
13433,2022-04-09,DRUG OFFENSE
13434,09-Apr-2022,THEFT
13435,04/09/2022,ROBBERY
13436,09-Apr-2022,FRAUD
13437,04/09/2022,ASSAULT
13438,04/09/2022,VANDALISM
13439,04/09/2022,ROBBERY
13440,04/09/2022,ROBBERY
13441,04/09/2022,OTHER
13442,04/09/2022,ASSAULT
13443,2022-04-09,VANDALISM
13444,2022-04-09,ROBBERY
13445,09-Apr-2022,FRAUD
13446,04/09/2022,BURGLARY
13447,04/09/2022,BURGLARY
13448,09-Apr-2022,OTHER
13449,2022-04-09,OTHER
13450,04/09/2022,ASSAULT
13451,10-Apr-2022,DRUG OFFENSE
13452,10-Apr-2022,THEFT
13453,10-Apr-2022,VANDALISM
13454,2022-04-10,FRAUD
13455,04/10/2022,OTHER
13456,10-Apr-2022,FRAUD
13457,2022-04-10,FRAUD
13458,2022-04-10,VANDALISM
13459,10-Apr-2022,ASSAULT
13460,04/10/2022,THEFT
13461,2022-04-10,FRAUD
13462,2022-04-10,THEFT
13463,2022-04-10,THEFT
13464,10-Apr-2022,DRUG OFFENSE
13465,10-Apr-2022,BURGLARY
13466,10-Apr-2022,DRUG OFFENSE
13467,04/10/2022,DRUG OFFENSE
13468,10-Apr-2022,THEFT
13469,10-Apr-2022,THEFT
13470,10-Apr-2022,FRAUD
13471,10-Apr-2022,DRUG OFFENSE
13472,04/10/2022,ASSAULT
13473,2022-04-10,VANDALISM
13474,2022-04-10,ASSAULT
13475,10-Apr-2022,FRAUD
13476,10-Apr-2022,BURGLARY
13477,04/10/2022,OTHER
13478,04/10/2022,FRAUD
13479,04/10/2022,THEFT
13480,04/10/2022,THEFT
13481,10-Apr-2022,VANDALISM
13482,2022-04-10,BURGLARY
13483,10-Apr-2022,OTHER
13484,2022-04-10,THEFT
13485,04/11/2022,VANDALISM
13486,11-Apr-2022,ASSAULT
13487,2022-04-11,FRAUD
13488,04/11/2022,BURGLARY
13489,2022-04-11,ASSAULT
13490,2022-04-11,OTHER
13491,11-Apr-2022,ASSAULT
13492,04/11/2022,ROBBERY
13493,04/11/2022,DRUG OFFENSE
13494,2022-04-11,ROBBERY
13495,2022-04-11,OTHER
13496,2022-04-11,FRAUD
13497,04/11/2022,ASSAULT
13498,04/11/2022,OTHER
13499,2022-04-11,FRAUD
13500,2022-04-11,BURGLARY
13501,2022-04-11,VANDALISM
13502,2022-04-11,BURGLARY
13503,04/11/2022,BURGLARY
13504,11-Apr-2022,VANDALISM
13505,2022-04-11,BURGLARY
13506,2022-04-11,OTHER
13507,04/11/2022,FRAUD
13508,04/11/2022,OTHER
13509,11-Apr-2022,THEFT
13510,2022-04-11,DRUG OFFENSE
13511,11-Apr-2022,BURGLARY
13512,04/11/2022,OTHER
13513,2022-04-11,VANDALISM
13514,11-Apr-2022,FRAUD
13515,04/11/2022,OTHER
13516,04/11/2022,BURGLARY
13517,2022-04-11,ROBBERY
13518,11-Apr-2022,VANDALISM
13519,2022-04-11,OTHER
13520,11-Apr-2022,VANDALISM
13521,04/11/2022,BURGLARY
13522,11-Apr-2022,VANDALISM
13523,04/11/2022,ROBBERY
13524,2022-04-11,ASSAULT
13525,04/11/2022,ROBBERY
13526,2022-04-11,DRUG OFFENSE
13527,04/11/2022,THEFT
13528,04/11/2022,FRAUD
13529,04/11/2022,VANDALISM
13530,2022-04-11,ROBBERY
13531,11-Apr-2022,ASSAULT
13532,04/11/2022,DRUG OFFENSE
13533,11-Apr-2022,ROBBERY
13534,11-Apr-2022,OTHER
13535,04/11/2022,ROBBERY
13536,04/12/2022,FRAUD
13537,12-Apr-2022,BURGLARY
13538,04/12/2022,FRAUD
13539,04/12/2022,BURGLARY
13540,2022-04-12,FRAUD
13541,04/12/2022,ROBBERY
13542,2022-04-12,OTHER
13543,12-Apr-2022,ASSAULT
13544,04/12/2022,FRAUD
13545,04/12/2022,FRAUD
13546,12-Apr-2022,VANDALISM
13547,04/12/2022,BURGLARY
13548,2022-04-12,ASSAULT
13549,2022-04-12,ROBBERY
13550,2022-04-12,BURGLARY
13551,2022-04-12,OTHER
13552,04/12/2022,ASSAULT
13553,2022-04-12,ROBBERY
13554,04/12/2022,VANDALISM
13555,04/12/2022,THEFT
13556,12-Apr-2022,OTHER
13557,2022-04-12,THEFT
13558,04/12/2022,BURGLARY
13559,12-Apr-2022,THEFT
13560,04/12/2022,OTHER
13561,04/12/2022,THEFT
13562,12-Apr-2022,FRAUD
13563,04/12/2022,BURGLARY
13564,2022-04-12,ROBBERY
13565,12-Apr-2022,ROBBERY
13566,04/12/2022,DRUG OFFENSE
13567,12-Apr-2022,ROBBERY
13568,04/12/2022,BURGLARY
13569,04/12/2022,OTHER
13570,12-Apr-2022,THEFT
13571,2022-04-12,DRUG OFFENSE
13572,2022-04-12,FRAUD
13573,12-Apr-2022,THEFT
13574,12-Apr-2022,THEFT
13575,04/12/2022,OTHER
13576,2022-04-12,ROBBERY
13577,04/12/2022,VANDALISM
13578,12-Apr-2022,FRAUD
13579,12-Apr-2022,VANDALISM
13580,13-Apr-2022,BURGLARY
13581,04/13/2022,ASSAULT
13582,13-Apr-2022,BURGLARY
13583,13-Apr-2022,DRUG OFFENSE
13584,04/13/2022,THEFT
13585,04/13/2022,VANDALISM
13586,04/13/2022,ROBBERY
13587,2022-04-13,ROBBERY
13588,04/13/2022,ASSAULT
13589,04/13/2022,VANDALISM
13590,04/13/2022,BURGLARY
13591,2022-04-13,OTHER
13592,04/13/2022,OTHER
13593,04/13/2022,ROBBERY
13594,13-Apr-2022,THEFT
13595,04/13/2022,FRAUD
13596,04/13/2022,VANDALISM
13597,04/13/2022,ROBBERY
13598,2022-04-13,ROBBERY
13599,04/13/2022,THEFT
13600,04/13/2022,OTHER
13601,04/13/2022,BURGLARY
13602,13-Apr-2022,FRAUD
13603,13-Apr-2022,ROBBERY
13604,13-Apr-2022,DRUG OFFENSE
13605,2022-04-13,OTHER
13606,04/13/2022,FRAUD
13607,04/13/2022,ROBBERY
13608,2022-04-13,OTHER
13609,04/13/2022,FRAUD
13610,04/13/2022,ASSAULT
13611,14-Apr-2022,OTHER
13612,2022-04-14,DRUG OFFENSE
13613,04/14/2022,THEFT
13614,04/14/2022,DRUG OFFENSE
13615,04/14/2022,THEFT
13616,04/14/2022,OTHER
13617,04/14/2022,ASSAULT
13618,2022-04-14,ASSAULT
13619,2022-04-14,FRAUD
13620,14-Apr-2022,VANDALISM
13621,04/14/2022,FRAUD
13622,04/14/2022,FRAUD
13623,2022-04-14,ASSAULT
13624,14-Apr-2022,FRAUD
13625,04/14/2022,BURGLARY
13626,14-Apr-2022,OTHER
13627,2022-04-14,OTHER
13628,2022-04-14,ROBBERY
13629,04/14/2022,ROBBERY
13630,04/14/2022,FRAUD
13631,04/14/2022,ROBBERY
13632,2022-04-14,ROBBERY
13633,14-Apr-2022,ROBBERY
13634,14-Apr-2022,BURGLARY
13635,14-Apr-2022,ASSAULT
13636,14-Apr-2022,THEFT
13637,2022-04-14,THEFT
13638,14-Apr-2022,FRAUD
13639,04/14/2022,THEFT
13640,04/14/2022,OTHER
13641,14-Apr-2022,VANDALISM
13642,2022-04-14,THEFT
13643,2022-04-14,VANDALISM
13644,2022-04-14,OTHER
13645,14-Apr-2022,VANDALISM
13646,04/14/2022,THEFT
13647,04/14/2022,VANDALISM
13648,2022-04-14,VANDALISM
13649,04/14/2022,VANDALISM
13650,2022-04-14,ROBBERY
13651,2022-04-14,DRUG OFFENSE
13652,2022-04-14,VANDALISM
13653,14-Apr-2022,BURGLARY
13654,04/14/2022,THEFT
13655,15-Apr-2022,FRAUD
13656,2022-04-15,DRUG OFFENSE
13657,2022-04-15,THEFT
13658,2022-04-15,OTHER
13659,2022-04-15,DRUG OFFENSE
13660,04/15/2022,BURGLARY
13661,15-Apr-2022,VANDALISM
13662,15-Apr-2022,THEFT
13663,04/15/2022,VANDALISM
13664,04/15/2022,ASSAULT
13665,2022-04-15,THEFT
13666,04/15/2022,FRAUD
13667,2022-04-15,ROBBERY
13668,04/15/2022,THEFT
13669,15-Apr-2022,FRAUD
13670,04/15/2022,OTHER
13671,15-Apr-2022,FRAUD
13672,15-Apr-2022,VANDALISM
13673,15-Apr-2022,ROBBERY
13674,15-Apr-2022,VANDALISM
13675,15-Apr-2022,VANDALISM
13676,04/15/2022,BURGLARY
13677,04/15/2022,OTHER
13678,2022-04-15,DRUG OFFENSE
13679,04/15/2022,OTHER
13680,2022-04-15,BURGLARY
13681,04/15/2022,FRAUD
13682,04/15/2022,ROBBERY
13683,2022-04-15,BURGLARY
13684,2022-04-15,VANDALISM
13685,04/15/2022,OTHER
13686,15-Apr-2022,OTHER
13687,15-Apr-2022,OTHER
13688,2022-04-15,FRAUD
13689,04/15/2022,DRUG OFFENSE
13690,2022-04-15,THEFT
13691,16-Apr-2022,DRUG OFFENSE
13692,2022-04-16,ASSAULT
13693,2022-04-16,OTHER
13694,04/16/2022,OTHER
13695,04/16/2022,BURGLARY
13696,04/16/2022,ROBBERY
13697,2022-04-16,OTHER
13698,04/16/2022,DRUG OFFENSE
13699,04/16/2022,OTHER
13700,04/16/2022,DRUG OFFENSE
13701,04/16/2022,ASSAULT
13702,04/16/2022,THEFT
13703,2022-04-16,BURGLARY
13704,2022-04-16,ROBBERY
13705,16-Apr-2022,BURGLARY
13706,04/16/2022,VANDALISM
13707,16-Apr-2022,OTHER
13708,04/16/2022,THEFT
13709,04/16/2022,BURGLARY
13710,04/16/2022,ASSAULT
13711,16-Apr-2022,ASSAULT
13712,2022-04-16,THEFT
13713,2022-04-16,BURGLARY
13714,16-Apr-2022,BURGLARY
13715,04/16/2022,ASSAULT
13716,2022-04-16,DRUG OFFENSE
13717,16-Apr-2022,VANDALISM
13718,2022-04-16,VANDALISM
13719,04/16/2022,DRUG OFFENSE
13720,2022-04-16,FRAUD
13721,16-Apr-2022,VANDALISM
13722,04/16/2022,VANDALISM
13723,2022-04-16,ASSAULT
13724,16-Apr-2022,VANDALISM
13725,04/16/2022,THEFT
13726,04/16/2022,BURGLARY
13727,16-Apr-2022,OTHER
13728,2022-04-16,FRAUD
13729,2022-04-17,ASSAULT
13730,04/17/2022,OTHER
13731,17-Apr-2022,THEFT
13732,2022-04-17,ROBBERY
13733,04/17/2022,OTHER
13734,04/17/2022,VANDALISM
13735,17-Apr-2022,THEFT
13736,04/17/2022,DRUG OFFENSE
13737,2022-04-17,BURGLARY
13738,04/17/2022,ROBBERY
13739,2022-04-17,OTHER
13740,2022-04-17,DRUG OFFENSE
13741,04/17/2022,ROBBERY
13742,04/17/2022,VANDALISM
13743,04/17/2022,ROBBERY
13744,17-Apr-2022,DRUG OFFENSE
13745,04/17/2022,FRAUD
13746,2022-04-17,OTHER
13747,04/17/2022,ASSAULT
13748,17-Apr-2022,VANDALISM
13749,04/17/2022,BURGLARY
13750,2022-04-17,ASSAULT
13751,17-Apr-2022,THEFT
13752,04/17/2022,OTHER
13753,17-Apr-2022,ASSAULT
13754,2022-04-17,FRAUD
13755,04/17/2022,THEFT
13756,04/17/2022,FRAUD
13757,2022-04-17,ASSAULT
13758,17-Apr-2022,FRAUD
13759,04/17/2022,BURGLARY
13760,2022-04-17,FRAUD
13761,2022-04-17,FRAUD
13762,2022-04-17,THEFT
13763,04/18/2022,OTHER
13764,04/18/2022,ASSAULT
13765,04/18/2022,ASSAULT
13766,18-Apr-2022,FRAUD
13767,18-Apr-2022,ROBBERY
13768,18-Apr-2022,OTHER
13769,04/18/2022,BURGLARY
13770,04/18/2022,ASSAULT
13771,04/18/2022,DRUG OFFENSE
13772,2022-04-18,ROBBERY
13773,18-Apr-2022,BURGLARY
13774,04/18/2022,VANDALISM
13775,2022-04-18,ROBBERY
13776,2022-04-18,ASSAULT
13777,2022-04-18,VANDALISM
13778,04/18/2022,OTHER
13779,04/18/2022,DRUG OFFENSE
13780,04/18/2022,ROBBERY
13781,04/18/2022,OTHER
13782,18-Apr-2022,VANDALISM
13783,2022-04-18,DRUG OFFENSE
13784,18-Apr-2022,BURGLARY
13785,18-Apr-2022,BURGLARY
13786,2022-04-18,ROBBERY
13787,2022-04-18,FRAUD
13788,04/18/2022,ROBBERY
13789,04/18/2022,OTHER
13790,04/18/2022,FRAUD
13791,18-Apr-2022,ROBBERY
13792,04/18/2022,THEFT
13793,2022-04-18,DRUG OFFENSE
13794,04/18/2022,THEFT
13795,04/18/2022,THEFT
13796,18-Apr-2022,DRUG OFFENSE
13797,04/18/2022,OTHER
13798,04/18/2022,DRUG OFFENSE
13799,04/18/2022,OTHER
13800,18-Apr-2022,DRUG OFFENSE
13801,04/18/2022,THEFT
13802,04/18/2022,THEFT
13803,2022-04-18,FRAUD
13804,19-Apr-2022,BURGLARY
13805,19-Apr-2022,FRAUD
13806,2022-04-19,VANDALISM
13807,04/19/2022,ASSAULT
13808,04/19/2022,THEFT
13809,19-Apr-2022,BURGLARY
13810,04/19/2022,VANDALISM
13811,04/19/2022,OTHER
13812,04/19/2022,ROBBERY
13813,04/19/2022,BURGLARY
13814,19-Apr-2022,ASSAULT
13815,19-Apr-2022,ASSAULT
13816,19-Apr-2022,DRUG OFFENSE
13817,04/19/2022,VANDALISM
13818,04/19/2022,FRAUD
13819,19-Apr-2022,OTHER
13820,04/19/2022,THEFT
13821,2022-04-19,FRAUD
13822,19-Apr-2022,THEFT
13823,04/19/2022,DRUG OFFENSE
13824,2022-04-19,FRAUD
13825,04/19/2022,OTHER
13826,19-Apr-2022,DRUG OFFENSE
13827,2022-04-19,FRAUD
13828,2022-04-19,OTHER
13829,04/19/2022,ROBBERY
13830,04/19/2022,THEFT
13831,2022-04-19,VANDALISM
13832,2022-04-19,ASSAULT
13833,04/19/2022,OTHER
13834,04/19/2022,BURGLARY
13835,2022-04-20,ASSAULT
13836,04/20/2022,ASSAULT
13837,2022-04-20,ASSAULT
13838,2022-04-20,VANDALISM
13839,04/20/2022,VANDALISM
13840,20-Apr-2022,BURGLARY
13841,2022-04-20,DRUG OFFENSE
13842,20-Apr-2022,VANDALISM
13843,04/20/2022,ASSAULT
13844,2022-04-20,ROBBERY
13845,2022-04-20,BURGLARY
13846,20-Apr-2022,BURGLARY
13847,2022-04-20,THEFT
13848,04/20/2022,ASSAULT
13849,20-Apr-2022,BURGLARY
13850,04/20/2022,ASSAULT
13851,20-Apr-2022,THEFT
13852,04/20/2022,ASSAULT
13853,20-Apr-2022,ROBBERY
13854,04/20/2022,DRUG OFFENSE
13855,04/20/2022,ASSAULT
13856,2022-04-20,BURGLARY
13857,04/20/2022,VANDALISM
13858,04/20/2022,VANDALISM
13859,20-Apr-2022,THEFT
13860,20-Apr-2022,DRUG OFFENSE
13861,2022-04-20,FRAUD
13862,04/20/2022,ASSAULT
13863,04/20/2022,ASSAULT
13864,20-Apr-2022,ROBBERY
13865,2022-04-20,BURGLARY
13866,04/20/2022,FRAUD
13867,2022-04-20,DRUG OFFENSE
13868,2022-04-20,BURGLARY
13869,2022-04-20,THEFT
13870,04/20/2022,FRAUD
13871,21-Apr-2022,THEFT
13872,04/21/2022,ASSAULT
13873,21-Apr-2022,ASSAULT
13874,21-Apr-2022,FRAUD
13875,04/21/2022,BURGLARY
13876,04/21/2022,OTHER
13877,21-Apr-2022,ROBBERY
13878,2022-04-21,ASSAULT
13879,21-Apr-2022,ROBBERY
13880,2022-04-21,VANDALISM
13881,21-Apr-2022,VANDALISM
13882,2022-04-21,BURGLARY
13883,21-Apr-2022,DRUG OFFENSE
13884,04/21/2022,DRUG OFFENSE
13885,2022-04-21,BURGLARY
13886,21-Apr-2022,BURGLARY
13887,21-Apr-2022,ROBBERY
13888,04/21/2022,ROBBERY
13889,21-Apr-2022,VANDALISM
13890,04/21/2022,OTHER
13891,04/21/2022,THEFT
13892,21-Apr-2022,FRAUD
13893,2022-04-21,DRUG OFFENSE
13894,2022-04-21,DRUG OFFENSE
13895,2022-04-21,OTHER
13896,04/21/2022,VANDALISM
13897,21-Apr-2022,THEFT
13898,21-Apr-2022,VANDALISM
13899,21-Apr-2022,VANDALISM
13900,2022-04-21,ROBBERY
13901,04/21/2022,ROBBERY
13902,21-Apr-2022,THEFT
13903,04/21/2022,OTHER
13904,2022-04-21,THEFT
13905,04/21/2022,ASSAULT
13906,04/21/2022,BURGLARY
13907,21-Apr-2022,OTHER
13908,21-Apr-2022,ASSAULT
13909,21-Apr-2022,ROBBERY
13910,04/21/2022,VANDALISM
13911,04/21/2022,OTHER
13912,04/21/2022,FRAUD
13913,04/21/2022,ROBBERY
13914,21-Apr-2022,BURGLARY
13915,21-Apr-2022,DRUG OFFENSE
13916,2022-04-21,ASSAULT
13917,21-Apr-2022,FRAUD
13918,21-Apr-2022,DRUG OFFENSE
13919,2022-04-21,THEFT
13920,21-Apr-2022,VANDALISM
13921,04/22/2022,THEFT
13922,22-Apr-2022,VANDALISM
13923,2022-04-22,THEFT
13924,04/22/2022,ROBBERY
13925,22-Apr-2022,DRUG OFFENSE
13926,2022-04-22,ROBBERY
13927,22-Apr-2022,BURGLARY
13928,22-Apr-2022,ASSAULT
13929,04/22/2022,ASSAULT
13930,22-Apr-2022,VANDALISM
13931,22-Apr-2022,OTHER
13932,22-Apr-2022,ASSAULT
13933,22-Apr-2022,ASSAULT
13934,2022-04-22,THEFT
13935,2022-04-22,VANDALISM
13936,04/22/2022,ROBBERY
13937,22-Apr-2022,OTHER
13938,22-Apr-2022,VANDALISM
13939,04/22/2022,DRUG OFFENSE
13940,22-Apr-2022,BURGLARY
13941,04/22/2022,DRUG OFFENSE
13942,04/22/2022,ROBBERY
13943,2022-04-22,BURGLARY
13944,2022-04-22,THEFT
13945,04/22/2022,DRUG OFFENSE
13946,22-Apr-2022,ASSAULT
13947,2022-04-22,OTHER
13948,2022-04-22,ROBBERY
13949,2022-04-22,ASSAULT
13950,04/22/2022,DRUG OFFENSE
13951,04/22/2022,FRAUD
13952,22-Apr-2022,FRAUD
13953,04/22/2022,FRAUD
13954,2022-04-22,THEFT
13955,22-Apr-2022,THEFT
13956,2022-04-22,BURGLARY
13957,04/22/2022,DRUG OFFENSE
13958,22-Apr-2022,FRAUD
13959,2022-04-22,OTHER
13960,22-Apr-2022,FRAUD
13961,22-Apr-2022,FRAUD
13962,22-Apr-2022,OTHER
13963,2022-04-23,DRUG OFFENSE
13964,04/23/2022,THEFT
13965,2022-04-23,ROBBERY
13966,2022-04-23,ROBBERY
13967,2022-04-23,BURGLARY
13968,04/23/2022,BURGLARY
13969,23-Apr-2022,ROBBERY
13970,2022-04-23,ROBBERY
13971,23-Apr-2022,FRAUD
13972,04/23/2022,ASSAULT
13973,23-Apr-2022,DRUG OFFENSE
13974,23-Apr-2022,FRAUD
13975,23-Apr-2022,FRAUD
13976,23-Apr-2022,ROBBERY
13977,04/23/2022,THEFT
13978,04/23/2022,ASSAULT
13979,23-Apr-2022,THEFT
13980,04/23/2022,OTHER
13981,04/23/2022,DRUG OFFENSE
13982,04/23/2022,VANDALISM
13983,23-Apr-2022,THEFT
13984,2022-04-23,DRUG OFFENSE
13985,2022-04-23,DRUG OFFENSE
13986,2022-04-23,OTHER
13987,2022-04-23,ASSAULT
13988,2022-04-23,FRAUD
13989,04/23/2022,DRUG OFFENSE
13990,04/23/2022,ROBBERY
13991,23-Apr-2022,FRAUD
13992,2022-04-23,OTHER
13993,2022-04-23,ASSAULT
13994,04/23/2022,DRUG OFFENSE
13995,2022-04-23,FRAUD
13996,04/23/2022,FRAUD
13997,2022-04-23,ROBBERY
13998,04/23/2022,THEFT
13999,04/23/2022,ROBBERY
14000,2022-04-23,VANDALISM
14001,23-Apr-2022,OTHER
14002,2022-04-23,OTHER
14003,2022-04-24,ASSAULT
14004,24-Apr-2022,BURGLARY
14005,04/24/2022,FRAUD
14006,24-Apr-2022,FRAUD
14007,2022-04-24,VANDALISM
14008,04/24/2022,FRAUD
14009,2022-04-24,ROBBERY
14010,04/24/2022,FRAUD
14011,2022-04-24,OTHER
14012,04/24/2022,FRAUD
14013,04/24/2022,FRAUD
14014,24-Apr-2022,FRAUD
14015,2022-04-24,FRAUD
14016,04/24/2022,VANDALISM
14017,04/24/2022,FRAUD
14018,04/24/2022,THEFT
14019,24-Apr-2022,ASSAULT
14020,24-Apr-2022,BURGLARY
14021,2022-04-24,BURGLARY
14022,04/24/2022,OTHER
14023,24-Apr-2022,VANDALISM
14024,04/24/2022,ASSAULT
14025,04/24/2022,VANDALISM
14026,2022-04-24,VANDALISM
14027,04/24/2022,OTHER
14028,04/24/2022,DRUG OFFENSE
14029,2022-04-24,THEFT
14030,2022-04-24,BURGLARY
14031,2022-04-24,FRAUD
14032,04/24/2022,ASSAULT
14033,24-Apr-2022,DRUG OFFENSE
14034,04/24/2022,VANDALISM
14035,24-Apr-2022,THEFT
14036,24-Apr-2022,OTHER
14037,04/24/2022,ASSAULT
14038,04/24/2022,VANDALISM
14039,2022-04-24,OTHER
14040,04/24/2022,ASSAULT
14041,04/24/2022,OTHER
14042,2022-04-24,VANDALISM
14043,2022-04-25,ASSAULT
14044,25-Apr-2022,THEFT
14045,25-Apr-2022,ASSAULT
14046,04/25/2022,ASSAULT
14047,04/25/2022,OTHER
14048,2022-04-25,OTHER
14049,04/25/2022,VANDALISM
14050,25-Apr-2022,THEFT
14051,25-Apr-2022,ROBBERY
14052,04/25/2022,VANDALISM
14053,04/25/2022,VANDALISM
14054,04/25/2022,ASSAULT
14055,25-Apr-2022,ASSAULT
14056,25-Apr-2022,VANDALISM
14057,04/25/2022,FRAUD
14058,2022-04-25,OTHER
14059,2022-04-25,DRUG OFFENSE
14060,04/25/2022,FRAUD
14061,2022-04-25,THEFT
14062,04/25/2022,VANDALISM
14063,2022-04-25,ROBBERY
14064,25-Apr-2022,FRAUD
14065,04/25/2022,VANDALISM
14066,04/25/2022,FRAUD
14067,2022-04-25,BURGLARY
14068,04/25/2022,THEFT
14069,2022-04-25,ASSAULT
14070,25-Apr-2022,FRAUD
14071,04/25/2022,BURGLARY
14072,25-Apr-2022,FRAUD
14073,04/25/2022,DRUG OFFENSE
14074,04/25/2022,ROBBERY
14075,25-Apr-2022,ROBBERY
14076,2022-04-25,BURGLARY
14077,04/25/2022,DRUG OFFENSE
14078,04/25/2022,FRAUD
14079,04/25/2022,ROBBERY
14080,2022-04-25,ROBBERY
14081,2022-04-25,OTHER
14082,25-Apr-2022,FRAUD
14083,2022-04-25,FRAUD
14084,2022-04-25,VANDALISM
14085,04/25/2022,THEFT
14086,04/25/2022,ASSAULT
14087,2022-04-25,DRUG OFFENSE
14088,25-Apr-2022,OTHER
14089,25-Apr-2022,THEFT
14090,25-Apr-2022,FRAUD
14091,25-Apr-2022,DRUG OFFENSE
14092,04/25/2022,ASSAULT
14093,04/25/2022,ASSAULT
14094,2022-04-26,FRAUD
14095,04/26/2022,BURGLARY
14096,2022-04-26,DRUG OFFENSE
14097,2022-04-26,FRAUD
14098,04/26/2022,ROBBERY
14099,04/26/2022,OTHER
14100,04/26/2022,THEFT
14101,04/26/2022,BURGLARY
14102,26-Apr-2022,ROBBERY
14103,04/26/2022,VANDALISM
14104,04/26/2022,ASSAULT
14105,26-Apr-2022,DRUG OFFENSE
14106,2022-04-26,ASSAULT
14107,26-Apr-2022,THEFT
14108,04/26/2022,DRUG OFFENSE
14109,2022-04-26,BURGLARY
14110,04/26/2022,THEFT
14111,04/26/2022,DRUG OFFENSE
14112,26-Apr-2022,THEFT
14113,04/26/2022,OTHER
14114,04/26/2022,BURGLARY
14115,26-Apr-2022,VANDALISM
14116,04/26/2022,ROBBERY
14117,04/26/2022,VANDALISM
14118,26-Apr-2022,VANDALISM
14119,26-Apr-2022,FRAUD
14120,26-Apr-2022,THEFT
14121,2022-04-26,FRAUD
14122,2022-04-26,OTHER
14123,04/27/2022,ROBBERY
14124,04/27/2022,OTHER
14125,04/27/2022,DRUG OFFENSE
14126,04/27/2022,THEFT
14127,2022-04-27,ROBBERY
14128,27-Apr-2022,THEFT
14129,27-Apr-2022,OTHER
14130,04/27/2022,ASSAULT
14131,04/27/2022,ASSAULT
14132,2022-04-27,DRUG OFFENSE
14133,04/27/2022,ASSAULT
14134,04/27/2022,ROBBERY
14135,27-Apr-2022,THEFT
14136,2022-04-27,BURGLARY
14137,27-Apr-2022,DRUG OFFENSE
14138,27-Apr-2022,ROBBERY
14139,27-Apr-2022,FRAUD
14140,04/27/2022,OTHER
14141,04/27/2022,THEFT
14142,04/27/2022,BURGLARY
14143,2022-04-27,BURGLARY
14144,04/27/2022,FRAUD
14145,2022-04-27,OTHER
14146,27-Apr-2022,BURGLARY
14147,27-Apr-2022,DRUG OFFENSE
14148,27-Apr-2022,VANDALISM
14149,04/27/2022,THEFT
14150,27-Apr-2022,ASSAULT
14151,04/27/2022,THEFT
14152,04/27/2022,BURGLARY
14153,04/27/2022,DRUG OFFENSE
14154,27-Apr-2022,ROBBERY
14155,27-Apr-2022,BURGLARY
14156,2022-04-27,THEFT
14157,04/27/2022,ROBBERY
14158,2022-04-27,FRAUD
14159,2022-04-27,VANDALISM
14160,04/27/2022,THEFT
14161,2022-04-28,THEFT
14162,04/28/2022,BURGLARY
14163,28-Apr-2022,FRAUD
14164,04/28/2022,FRAUD
14165,2022-04-28,BURGLARY
14166,2022-04-28,BURGLARY
14167,04/28/2022,ROBBERY
14168,2022-04-28,VANDALISM
14169,2022-04-28,BURGLARY
14170,28-Apr-2022,OTHER
14171,04/28/2022,FRAUD
14172,28-Apr-2022,ROBBERY
14173,04/28/2022,OTHER
14174,2022-04-28,FRAUD
14175,28-Apr-2022,FRAUD
14176,04/28/2022,ASSAULT
14177,04/28/2022,FRAUD
14178,2022-04-28,THEFT
14179,04/28/2022,OTHER
14180,04/28/2022,BURGLARY
14181,04/28/2022,THEFT
14182,04/28/2022,BURGLARY
14183,28-Apr-2022,DRUG OFFENSE
14184,04/28/2022,BURGLARY
14185,28-Apr-2022,BURGLARY
14186,2022-04-28,BURGLARY
14187,04/28/2022,THEFT
14188,2022-04-28,FRAUD
14189,28-Apr-2022,ASSAULT
14190,04/28/2022,DRUG OFFENSE
14191,04/28/2022,ASSAULT
14192,2022-04-28,ASSAULT
14193,28-Apr-2022,THEFT
14194,28-Apr-2022,BURGLARY
14195,04/28/2022,DRUG OFFENSE
14196,28-Apr-2022,DRUG OFFENSE
14197,28-Apr-2022,VANDALISM
14198,04/28/2022,ROBBERY
14199,04/28/2022,FRAUD
14200,28-Apr-2022,FRAUD
14201,2022-04-28,VANDALISM
14202,04/28/2022,ASSAULT
14203,04/28/2022,BURGLARY
14204,28-Apr-2022,FRAUD
14205,2022-04-28,FRAUD
14206,2022-04-28,FRAUD
14207,28-Apr-2022,OTHER
14208,2022-04-28,ASSAULT
14209,2022-04-29,ASSAULT
14210,04/29/2022,FRAUD
14211,04/29/2022,ASSAULT
14212,2022-04-29,VANDALISM
14213,29-Apr-2022,VANDALISM
14214,2022-04-29,ROBBERY
14215,2022-04-29,ASSAULT
14216,04/29/2022,ASSAULT
14217,2022-04-29,ASSAULT
14218,29-Apr-2022,OTHER
14219,2022-04-29,ROBBERY
14220,29-Apr-2022,OTHER
14221,04/29/2022,ROBBERY
14222,04/29/2022,BURGLARY
14223,2022-04-29,DRUG OFFENSE
14224,04/29/2022,FRAUD
14225,29-Apr-2022,OTHER
14226,29-Apr-2022,ASSAULT
14227,2022-04-29,THEFT
14228,2022-04-29,OTHER
14229,04/29/2022,OTHER
14230,2022-04-29,DRUG OFFENSE
14231,29-Apr-2022,DRUG OFFENSE
14232,29-Apr-2022,ASSAULT
14233,04/29/2022,DRUG OFFENSE
14234,29-Apr-2022,ASSAULT
14235,2022-04-29,THEFT
14236,04/29/2022,ROBBERY
14237,29-Apr-2022,VANDALISM
14238,04/29/2022,BURGLARY
14239,04/29/2022,OTHER
14240,29-Apr-2022,ASSAULT
14241,29-Apr-2022,OTHER
14242,29-Apr-2022,THEFT
14243,30-Apr-2022,DRUG OFFENSE
14244,30-Apr-2022,OTHER
14245,30-Apr-2022,ASSAULT
14246,30-Apr-2022,OTHER
14247,2022-04-30,ROBBERY
14248,04/30/2022,THEFT
14249,04/30/2022,FRAUD
14250,04/30/2022,ROBBERY
14251,04/30/2022,THEFT
14252,30-Apr-2022,OTHER
14253,04/30/2022,OTHER
14254,04/30/2022,THEFT
14255,30-Apr-2022,ASSAULT
14256,04/30/2022,ASSAULT
14257,2022-04-30,ROBBERY
14258,04/30/2022,ROBBERY
14259,04/30/2022,FRAUD
14260,04/30/2022,FRAUD
14261,30-Apr-2022,THEFT
14262,30-Apr-2022,OTHER
14263,30-Apr-2022,VANDALISM
14264,30-Apr-2022,THEFT
14265,04/30/2022,ROBBERY
14266,30-Apr-2022,ROBBERY
14267,04/30/2022,THEFT
14268,04/30/2022,DRUG OFFENSE
14269,04/30/2022,VANDALISM
14270,30-Apr-2022,ROBBERY
14271,2022-04-30,BURGLARY
14272,04/30/2022,OTHER
14273,2022-04-30,ROBBERY
14274,2022-04-30,THEFT
14275,04/30/2022,ASSAULT
14276,04/30/2022,FRAUD
14277,04/30/2022,FRAUD
14278,04/30/2022,THEFT
14279,04/30/2022,ROBBERY
14280,04/30/2022,FRAUD
14281,30-Apr-2022,ASSAULT
14282,04/30/2022,BURGLARY
14283,30-Apr-2022,ASSAULT
14284,2022-04-30,DRUG OFFENSE
14285,30-Apr-2022,FRAUD
14286,30-Apr-2022,OTHER
14287,30-Apr-2022,ROBBERY
14288,30-Apr-2022,VANDALISM
14289,04/30/2022,FRAUD
14290,30-Apr-2022,BURGLARY
14291,2022-04-30,ASSAULT
14292,04/30/2022,VANDALISM
14293,30-Apr-2022,OTHER
14294,04/30/2022,VANDALISM
14295,04/30/2022,OTHER
14296,2022-04-30,FRAUD
14297,04/30/2022,THEFT
14298,04/30/2022,OTHER
14299,01-May-2022,ROBBERY
14300,01-May-2022,OTHER
14301,2022-05-01,OTHER
14302,01-May-2022,DRUG OFFENSE
14303,01-May-2022,DRUG OFFENSE
14304,2022-05-01,DRUG OFFENSE
14305,2022-05-01,OTHER
14306,2022-05-01,ASSAULT
14307,01-May-2022,FRAUD
14308,05/01/2022,BURGLARY
14309,2022-05-01,OTHER
14310,01-May-2022,ASSAULT
14311,05/01/2022,THEFT
14312,05/01/2022,BURGLARY
14313,2022-05-01,VANDALISM
14314,05/01/2022,THEFT
14315,05/01/2022,DRUG OFFENSE
14316,2022-05-01,DRUG OFFENSE
14317,05/01/2022,ROBBERY
14318,01-May-2022,THEFT
14319,2022-05-01,FRAUD
14320,01-May-2022,FRAUD
14321,2022-05-01,THEFT
14322,2022-05-01,OTHER
14323,01-May-2022,ROBBERY
14324,05/01/2022,VANDALISM
14325,05/01/2022,FRAUD
14326,01-May-2022,OTHER
14327,01-May-2022,ROBBERY
14328,05/01/2022,OTHER
14329,01-May-2022,ROBBERY
14330,05/01/2022,VANDALISM
14331,2022-05-01,OTHER
14332,01-May-2022,ROBBERY
14333,05/01/2022,ASSAULT
14334,01-May-2022,ASSAULT
14335,05/01/2022,DRUG OFFENSE
14336,05/01/2022,OTHER
14337,05/01/2022,OTHER
14338,2022-05-01,VANDALISM
14339,01-May-2022,BURGLARY
14340,05/01/2022,BURGLARY
14341,2022-05-01,OTHER
14342,05/01/2022,THEFT
14343,05/01/2022,ASSAULT
14344,01-May-2022,THEFT
14345,05/01/2022,OTHER
14346,01-May-2022,ROBBERY
14347,05/01/2022,BURGLARY
14348,2022-05-01,BURGLARY
14349,05/01/2022,FRAUD
14350,01-May-2022,FRAUD
14351,01-May-2022,THEFT
14352,05/02/2022,VANDALISM
14353,05/02/2022,ASSAULT
14354,2022-05-02,ASSAULT
14355,2022-05-02,BURGLARY
14356,05/02/2022,FRAUD
14357,05/02/2022,ROBBERY
14358,2022-05-02,DRUG OFFENSE
14359,05/02/2022,ROBBERY
14360,2022-05-02,THEFT
14361,02-May-2022,DRUG OFFENSE
14362,05/02/2022,FRAUD
14363,2022-05-02,DRUG OFFENSE
14364,02-May-2022,FRAUD
14365,02-May-2022,OTHER
14366,05/02/2022,VANDALISM
14367,05/02/2022,THEFT
14368,05/02/2022,OTHER
14369,2022-05-02,THEFT
14370,2022-05-02,OTHER
14371,02-May-2022,THEFT
14372,05/02/2022,DRUG OFFENSE
14373,2022-05-02,BURGLARY
14374,02-May-2022,DRUG OFFENSE
14375,05/02/2022,BURGLARY
14376,05/02/2022,OTHER
14377,2022-05-02,ROBBERY
14378,2022-05-02,THEFT
14379,2022-05-02,VANDALISM
14380,05/02/2022,THEFT
14381,2022-05-02,BURGLARY
14382,2022-05-02,FRAUD
14383,2022-05-02,DRUG OFFENSE
14384,2022-05-02,THEFT
14385,05/02/2022,OTHER
14386,05/02/2022,BURGLARY
14387,05/02/2022,OTHER
14388,02-May-2022,ASSAULT
14389,2022-05-02,VANDALISM
14390,02-May-2022,VANDALISM
14391,03-May-2022,OTHER
14392,05/03/2022,DRUG OFFENSE
14393,03-May-2022,THEFT
14394,05/03/2022,OTHER
14395,05/03/2022,ROBBERY
14396,05/03/2022,VANDALISM
14397,2022-05-03,DRUG OFFENSE
14398,05/03/2022,FRAUD
14399,05/03/2022,FRAUD
14400,05/03/2022,BURGLARY
14401,03-May-2022,THEFT
14402,2022-05-03,ASSAULT
14403,2022-05-03,ROBBERY
14404,2022-05-03,VANDALISM
14405,2022-05-03,OTHER
14406,03-May-2022,ROBBERY
14407,03-May-2022,ASSAULT
14408,05/03/2022,THEFT
14409,2022-05-03,ROBBERY
14410,05/03/2022,ASSAULT
14411,2022-05-03,OTHER
14412,2022-05-03,OTHER
14413,03-May-2022,BURGLARY
14414,03-May-2022,BURGLARY
14415,03-May-2022,DRUG OFFENSE
14416,05/03/2022,VANDALISM
14417,05/03/2022,ROBBERY
14418,2022-05-03,FRAUD
14419,05/03/2022,ASSAULT
14420,05/03/2022,ASSAULT
14421,03-May-2022,FRAUD
14422,2022-05-03,VANDALISM
14423,03-May-2022,THEFT
14424,2022-05-03,VANDALISM
14425,03-May-2022,ASSAULT
14426,2022-05-03,ASSAULT
14427,05/03/2022,OTHER
14428,03-May-2022,DRUG OFFENSE
14429,05/03/2022,VANDALISM
14430,2022-05-03,FRAUD
14431,05/03/2022,ROBBERY
14432,05/04/2022,OTHER
14433,2022-05-04,THEFT
14434,04-May-2022,BURGLARY
14435,2022-05-04,ROBBERY
14436,05/04/2022,THEFT
14437,05/04/2022,ASSAULT
14438,04-May-2022,BURGLARY
14439,2022-05-04,OTHER
14440,05/04/2022,THEFT
14441,05/04/2022,THEFT
14442,2022-05-04,ROBBERY
14443,05/04/2022,ASSAULT
14444,05/04/2022,DRUG OFFENSE
14445,2022-05-04,BURGLARY
14446,04-May-2022,VANDALISM
14447,05/04/2022,BURGLARY
14448,05/04/2022,FRAUD
14449,05/04/2022,VANDALISM
14450,05/04/2022,FRAUD
14451,05/04/2022,FRAUD
14452,05/04/2022,BURGLARY
14453,05/04/2022,OTHER
14454,05/04/2022,BURGLARY
14455,2022-05-04,OTHER
14456,05/04/2022,ASSAULT
14457,2022-05-04,BURGLARY
14458,04-May-2022,ROBBERY
14459,04-May-2022,BURGLARY
14460,04-May-2022,OTHER
14461,04-May-2022,ASSAULT
14462,2022-05-04,VANDALISM
14463,05/04/2022,ROBBERY
14464,04-May-2022,FRAUD
14465,05/05/2022,FRAUD
14466,2022-05-05,BURGLARY
14467,2022-05-05,DRUG OFFENSE
14468,05/05/2022,BURGLARY
14469,2022-05-05,FRAUD
14470,2022-05-05,THEFT
14471,2022-05-05,VANDALISM
14472,05-May-2022,ASSAULT
14473,05/05/2022,OTHER
14474,2022-05-05,OTHER
14475,2022-05-05,OTHER
14476,05-May-2022,THEFT
14477,05/05/2022,THEFT
14478,05/05/2022,OTHER
14479,2022-05-05,ASSAULT
14480,2022-05-05,ASSAULT
14481,05/05/2022,VANDALISM
14482,2022-05-05,OTHER
14483,05-May-2022,ASSAULT
14484,05/05/2022,DRUG OFFENSE
14485,2022-05-05,DRUG OFFENSE
14486,05/05/2022,FRAUD
14487,2022-05-05,THEFT
14488,2022-05-05,DRUG OFFENSE
14489,05-May-2022,VANDALISM
14490,05/05/2022,ASSAULT
14491,05-May-2022,OTHER
14492,05/05/2022,DRUG OFFENSE
14493,05/05/2022,DRUG OFFENSE
14494,05-May-2022,BURGLARY
14495,2022-05-05,BURGLARY
14496,05/05/2022,BURGLARY
14497,05/05/2022,ROBBERY
14498,05-May-2022,THEFT
14499,05-May-2022,DRUG OFFENSE
14500,05-May-2022,FRAUD
14501,05/06/2022,DRUG OFFENSE
14502,05/06/2022,ROBBERY
14503,06-May-2022,ROBBERY
14504,2022-05-06,DRUG OFFENSE
14505,06-May-2022,VANDALISM
14506,05/06/2022,OTHER
14507,05/06/2022,DRUG OFFENSE
14508,05/06/2022,DRUG OFFENSE
14509,06-May-2022,OTHER
14510,06-May-2022,FRAUD
14511,05/06/2022,FRAUD
14512,2022-05-06,THEFT
14513,05/06/2022,ASSAULT
14514,2022-05-06,ROBBERY
14515,06-May-2022,BURGLARY
14516,2022-05-06,OTHER
14517,05/06/2022,BURGLARY
14518,05/06/2022,OTHER
14519,05/06/2022,BURGLARY
14520,06-May-2022,DRUG OFFENSE
14521,2022-05-06,VANDALISM
14522,05/06/2022,THEFT
14523,06-May-2022,OTHER
14524,05/06/2022,ASSAULT
14525,05/06/2022,OTHER
14526,06-May-2022,DRUG OFFENSE
14527,06-May-2022,FRAUD
14528,06-May-2022,FRAUD
14529,06-May-2022,DRUG OFFENSE
14530,2022-05-06,ROBBERY
14531,05/06/2022,OTHER
14532,2022-05-06,THEFT
14533,05/06/2022,OTHER
14534,2022-05-06,BURGLARY
14535,2022-05-06,DRUG OFFENSE
14536,06-May-2022,FRAUD
14537,06-May-2022,ASSAULT
14538,06-May-2022,OTHER
14539,06-May-2022,VANDALISM
14540,05/06/2022,FRAUD
14541,05/06/2022,THEFT
14542,05/06/2022,OTHER
14543,2022-05-06,DRUG OFFENSE
14544,06-May-2022,ROBBERY
14545,06-May-2022,OTHER
14546,05/07/2022,THEFT
14547,05/07/2022,FRAUD
14548,2022-05-07,VANDALISM
14549,05/07/2022,BURGLARY
14550,2022-05-07,BURGLARY
14551,05/07/2022,VANDALISM
14552,2022-05-07,THEFT
14553,05/07/2022,DRUG OFFENSE
14554,05/07/2022,THEFT
14555,2022-05-07,ASSAULT
14556,07-May-2022,ROBBERY
14557,05/07/2022,ASSAULT
14558,07-May-2022,ROBBERY
14559,05/07/2022,FRAUD
14560,2022-05-07,ASSAULT
14561,05/07/2022,ROBBERY
14562,05/07/2022,VANDALISM
14563,07-May-2022,ROBBERY
14564,05/07/2022,FRAUD
14565,2022-05-07,OTHER
14566,05/07/2022,OTHER
14567,2022-05-07,ROBBERY
14568,07-May-2022,DRUG OFFENSE
14569,05/07/2022,ROBBERY
14570,07-May-2022,BURGLARY
14571,05/07/2022,BURGLARY
14572,2022-05-07,OTHER
14573,05/07/2022,OTHER
14574,07-May-2022,ROBBERY
14575,2022-05-07,VANDALISM
14576,05/07/2022,ROBBERY
14577,2022-05-07,BURGLARY
14578,2022-05-07,ROBBERY
14579,2022-05-07,OTHER
14580,05/07/2022,ASSAULT
14581,2022-05-07,ROBBERY
14582,07-May-2022,THEFT
14583,07-May-2022,FRAUD
14584,2022-05-07,ROBBERY
14585,05/07/2022,FRAUD
14586,2022-05-07,ROBBERY
14587,2022-05-07,ROBBERY
14588,2022-05-07,BURGLARY
14589,07-May-2022,FRAUD
14590,07-May-2022,ASSAULT
14591,05/07/2022,BURGLARY
14592,05/07/2022,DRUG OFFENSE
14593,07-May-2022,FRAUD
14594,07-May-2022,THEFT
14595,05/07/2022,BURGLARY
14596,05/07/2022,ROBBERY
14597,2022-05-07,BURGLARY
14598,2022-05-07,FRAUD
14599,08-May-2022,FRAUD
14600,05/08/2022,BURGLARY
14601,05/08/2022,BURGLARY
14602,08-May-2022,THEFT
14603,2022-05-08,THEFT
14604,05/08/2022,OTHER
14605,05/08/2022,FRAUD
14606,05/08/2022,DRUG OFFENSE
14607,05/08/2022,ROBBERY
14608,08-May-2022,ASSAULT
14609,08-May-2022,ASSAULT
14610,05/08/2022,ROBBERY
14611,05/08/2022,DRUG OFFENSE
14612,08-May-2022,BURGLARY
14613,05/08/2022,VANDALISM
14614,2022-05-08,ROBBERY
14615,2022-05-08,DRUG OFFENSE
14616,05/08/2022,VANDALISM
14617,05/08/2022,THEFT
14618,08-May-2022,VANDALISM
14619,08-May-2022,BURGLARY
14620,2022-05-08,ROBBERY
14621,08-May-2022,DRUG OFFENSE
14622,05/08/2022,ASSAULT
14623,05/08/2022,BURGLARY
14624,05/08/2022,ROBBERY
14625,05/08/2022,OTHER
14626,08-May-2022,FRAUD
14627,08-May-2022,DRUG OFFENSE
14628,05/08/2022,DRUG OFFENSE
14629,05/08/2022,ASSAULT
14630,05/08/2022,THEFT
14631,08-May-2022,VANDALISM
14632,05/08/2022,ASSAULT
14633,08-May-2022,BURGLARY
14634,08-May-2022,ASSAULT
14635,2022-05-08,FRAUD
14636,08-May-2022,FRAUD
14637,05/08/2022,ROBBERY
14638,08-May-2022,OTHER
14639,05/08/2022,BURGLARY
14640,05/08/2022,DRUG OFFENSE
14641,08-May-2022,ROBBERY
14642,08-May-2022,BURGLARY
14643,05/08/2022,ASSAULT
14644,08-May-2022,THEFT
14645,08-May-2022,ROBBERY
14646,05/08/2022,ASSAULT
14647,2022-05-09,BURGLARY
14648,09-May-2022,BURGLARY
14649,05/09/2022,VANDALISM
14650,05/09/2022,DRUG OFFENSE
14651,05/09/2022,VANDALISM
14652,2022-05-09,ASSAULT
14653,09-May-2022,THEFT
14654,05/09/2022,VANDALISM
14655,09-May-2022,BURGLARY
14656,05/09/2022,DRUG OFFENSE
14657,2022-05-09,DRUG OFFENSE
14658,09-May-2022,ROBBERY
14659,09-May-2022,BURGLARY
14660,05/09/2022,BURGLARY
14661,09-May-2022,FRAUD
14662,05/09/2022,DRUG OFFENSE
14663,2022-05-09,DRUG OFFENSE
14664,05/09/2022,ASSAULT
14665,2022-05-09,ASSAULT
14666,09-May-2022,DRUG OFFENSE
14667,09-May-2022,DRUG OFFENSE
14668,05/09/2022,THEFT
14669,2022-05-09,OTHER
14670,05/09/2022,THEFT
14671,09-May-2022,OTHER
14672,2022-05-09,THEFT
14673,05/09/2022,DRUG OFFENSE
14674,05/09/2022,THEFT
14675,09-May-2022,BURGLARY
14676,09-May-2022,ROBBERY
14677,05/09/2022,BURGLARY
14678,05/09/2022,FRAUD
14679,05/09/2022,ASSAULT
14680,2022-05-09,DRUG OFFENSE
14681,05/09/2022,FRAUD
14682,05/09/2022,BURGLARY
14683,09-May-2022,VANDALISM
14684,09-May-2022,ROBBERY
14685,09-May-2022,ASSAULT
14686,05/09/2022,ASSAULT
14687,09-May-2022,THEFT
14688,05/09/2022,DRUG OFFENSE
14689,05/09/2022,DRUG OFFENSE
14690,09-May-2022,OTHER
14691,09-May-2022,DRUG OFFENSE
14692,09-May-2022,ROBBERY
14693,2022-05-09,VANDALISM
14694,09-May-2022,OTHER
14695,05/10/2022,OTHER
14696,2022-05-10,DRUG OFFENSE
14697,05/10/2022,BURGLARY
14698,10-May-2022,BURGLARY
14699,05/10/2022,OTHER
14700,10-May-2022,DRUG OFFENSE
14701,05/10/2022,THEFT
14702,10-May-2022,VANDALISM
14703,05/10/2022,VANDALISM
14704,2022-05-10,ROBBERY
14705,10-May-2022,ASSAULT
14706,05/10/2022,ASSAULT
14707,10-May-2022,VANDALISM
14708,2022-05-10,FRAUD
14709,05/10/2022,VANDALISM
14710,05/10/2022,ROBBERY
14711,10-May-2022,ASSAULT
14712,10-May-2022,VANDALISM
14713,10-May-2022,ROBBERY
14714,10-May-2022,OTHER
14715,05/10/2022,VANDALISM
14716,2022-05-10,ROBBERY
14717,05/10/2022,THEFT
14718,05/10/2022,ASSAULT
14719,05/10/2022,THEFT
14720,10-May-2022,ROBBERY
14721,05/10/2022,FRAUD
14722,05/10/2022,BURGLARY
14723,10-May-2022,OTHER
14724,10-May-2022,ASSAULT
14725,10-May-2022,BURGLARY
14726,05/10/2022,OTHER
14727,10-May-2022,ASSAULT
14728,2022-05-10,DRUG OFFENSE
14729,10-May-2022,ASSAULT
14730,2022-05-10,DRUG OFFENSE
14731,10-May-2022,ROBBERY
14732,2022-05-10,THEFT
14733,10-May-2022,OTHER
14734,2022-05-10,VANDALISM
14735,05/10/2022,FRAUD
14736,05/10/2022,ROBBERY
14737,05/10/2022,BURGLARY
14738,10-May-2022,THEFT
14739,05/10/2022,ROBBERY
14740,10-May-2022,ROBBERY
14741,10-May-2022,ASSAULT
14742,10-May-2022,VANDALISM
14743,2022-05-10,BURGLARY
14744,05/11/2022,BURGLARY
14745,11-May-2022,ROBBERY
14746,05/11/2022,OTHER
14747,2022-05-11,DRUG OFFENSE
14748,11-May-2022,DRUG OFFENSE
14749,2022-05-11,VANDALISM
14750,11-May-2022,THEFT
14751,05/11/2022,THEFT
14752,05/11/2022,FRAUD
14753,2022-05-11,OTHER
14754,2022-05-11,BURGLARY
14755,11-May-2022,FRAUD
14756,11-May-2022,FRAUD
14757,2022-05-11,DRUG OFFENSE
14758,05/11/2022,ASSAULT
14759,05/11/2022,DRUG OFFENSE
14760,2022-05-11,ASSAULT
14761,11-May-2022,BURGLARY
14762,11-May-2022,BURGLARY
14763,2022-05-11,THEFT
14764,11-May-2022,VANDALISM
14765,2022-05-11,ROBBERY
14766,05/11/2022,VANDALISM
14767,2022-05-11,BURGLARY
14768,2022-05-11,ROBBERY
14769,11-May-2022,THEFT
14770,11-May-2022,OTHER
14771,05/11/2022,ROBBERY
14772,05/11/2022,ASSAULT
14773,05/11/2022,BURGLARY
14774,11-May-2022,OTHER
14775,2022-05-11,DRUG OFFENSE
14776,11-May-2022,BURGLARY
14777,11-May-2022,THEFT
14778,05/11/2022,THEFT
14779,2022-05-11,DRUG OFFENSE
14780,05/11/2022,DRUG OFFENSE
14781,11-May-2022,ROBBERY
14782,05/11/2022,DRUG OFFENSE
14783,2022-05-11,ROBBERY
14784,11-May-2022,FRAUD
14785,11-May-2022,VANDALISM
14786,2022-05-11,THEFT
14787,2022-05-11,OTHER
14788,05/11/2022,VANDALISM
14789,11-May-2022,VANDALISM
14790,05/11/2022,BURGLARY
14791,11-May-2022,VANDALISM
14792,2022-05-11,FRAUD
14793,12-May-2022,ASSAULT
14794,2022-05-12,DRUG OFFENSE
14795,2022-05-12,BURGLARY
14796,05/12/2022,DRUG OFFENSE
14797,05/12/2022,DRUG OFFENSE
14798,05/12/2022,OTHER
14799,05/12/2022,DRUG OFFENSE
14800,12-May-2022,FRAUD
14801,2022-05-12,ASSAULT
14802,05/12/2022,DRUG OFFENSE
14803,12-May-2022,ASSAULT
14804,12-May-2022,FRAUD
14805,05/12/2022,OTHER
14806,05/12/2022,BURGLARY
14807,05/12/2022,ASSAULT
14808,2022-05-12,ROBBERY
14809,05/12/2022,FRAUD
14810,2022-05-12,THEFT
14811,12-May-2022,THEFT
14812,2022-05-12,DRUG OFFENSE
14813,12-May-2022,OTHER
14814,12-May-2022,VANDALISM
14815,12-May-2022,FRAUD
14816,12-May-2022,THEFT
14817,2022-05-12,VANDALISM
14818,2022-05-12,DRUG OFFENSE
14819,2022-05-12,ROBBERY
14820,12-May-2022,OTHER
14821,05/12/2022,OTHER
14822,2022-05-12,THEFT
14823,2022-05-12,OTHER
14824,2022-05-12,ASSAULT
14825,2022-05-12,OTHER
14826,12-May-2022,OTHER
14827,12-May-2022,BURGLARY
14828,12-May-2022,FRAUD
14829,05/12/2022,ASSAULT
14830,12-May-2022,THEFT
14831,2022-05-12,FRAUD
14832,05/12/2022,VANDALISM
14833,05/12/2022,THEFT
14834,12-May-2022,FRAUD
14835,05/12/2022,VANDALISM
14836,05/12/2022,OTHER
14837,12-May-2022,THEFT
14838,2022-05-12,FRAUD
14839,05/12/2022,VANDALISM
14840,2022-05-12,FRAUD
14841,05/12/2022,THEFT
14842,2022-05-12,FRAUD
14843,2022-05-12,OTHER
14844,12-May-2022,OTHER
14845,12-May-2022,ROBBERY
14846,05/12/2022,ASSAULT
14847,13-May-2022,VANDALISM
14848,2022-05-13,FRAUD
14849,05/13/2022,OTHER
14850,2022-05-13,BURGLARY
14851,05/13/2022,FRAUD
14852,05/13/2022,FRAUD
14853,13-May-2022,DRUG OFFENSE
14854,2022-05-13,VANDALISM
14855,2022-05-13,OTHER
14856,2022-05-13,ROBBERY
14857,2022-05-13,DRUG OFFENSE
14858,13-May-2022,THEFT
14859,05/13/2022,FRAUD
14860,13-May-2022,DRUG OFFENSE
14861,05/13/2022,OTHER
14862,2022-05-13,ROBBERY
14863,05/13/2022,THEFT
14864,13-May-2022,DRUG OFFENSE
14865,2022-05-13,OTHER
14866,2022-05-13,FRAUD
14867,13-May-2022,BURGLARY
14868,05/13/2022,FRAUD
14869,13-May-2022,VANDALISM
14870,2022-05-13,OTHER
14871,13-May-2022,VANDALISM
14872,13-May-2022,DRUG OFFENSE
14873,05/13/2022,ASSAULT
14874,2022-05-13,ASSAULT
14875,05/13/2022,ROBBERY
14876,05/13/2022,BURGLARY
14877,05/13/2022,BURGLARY
14878,2022-05-13,BURGLARY
14879,13-May-2022,VANDALISM
14880,2022-05-13,ROBBERY
14881,13-May-2022,THEFT
14882,05/13/2022,DRUG OFFENSE
14883,13-May-2022,ROBBERY
14884,13-May-2022,VANDALISM
14885,05/13/2022,THEFT
14886,13-May-2022,BURGLARY
14887,14-May-2022,FRAUD
14888,05/14/2022,VANDALISM
14889,2022-05-14,ROBBERY
14890,14-May-2022,THEFT
14891,2022-05-14,FRAUD
14892,14-May-2022,ASSAULT
14893,05/14/2022,BURGLARY
14894,05/14/2022,VANDALISM
14895,2022-05-14,ASSAULT
14896,05/14/2022,ASSAULT
14897,2022-05-14,THEFT
14898,14-May-2022,BURGLARY
14899,2022-05-14,DRUG OFFENSE
14900,05/14/2022,ROBBERY
14901,2022-05-14,FRAUD
14902,14-May-2022,ASSAULT
14903,2022-05-14,THEFT
14904,05/14/2022,DRUG OFFENSE
14905,2022-05-14,ASSAULT
14906,14-May-2022,ASSAULT
14907,14-May-2022,ROBBERY
14908,05/14/2022,FRAUD
14909,14-May-2022,FRAUD
14910,2022-05-14,FRAUD
14911,05/14/2022,ASSAULT
14912,2022-05-14,DRUG OFFENSE
14913,05/14/2022,FRAUD
14914,14-May-2022,FRAUD
14915,05/14/2022,FRAUD
14916,2022-05-14,BURGLARY
14917,14-May-2022,ASSAULT
14918,14-May-2022,FRAUD
14919,05/14/2022,FRAUD
14920,2022-05-14,ASSAULT
14921,05/14/2022,DRUG OFFENSE
14922,14-May-2022,OTHER
14923,2022-05-14,ASSAULT
14924,14-May-2022,DRUG OFFENSE
14925,2022-05-14,BURGLARY
14926,05/14/2022,OTHER
14927,2022-05-14,BURGLARY
14928,14-May-2022,BURGLARY
14929,05/14/2022,OTHER
14930,14-May-2022,VANDALISM
14931,14-May-2022,FRAUD
14932,14-May-2022,DRUG OFFENSE
14933,2022-05-14,VANDALISM
14934,05/14/2022,BURGLARY
14935,14-May-2022,FRAUD
14936,05/14/2022,FRAUD
14937,14-May-2022,THEFT
14938,14-May-2022,THEFT
14939,05/14/2022,OTHER
14940,2022-05-14,THEFT
14941,05/14/2022,ROBBERY
14942,14-May-2022,ROBBERY
14943,2022-05-15,ASSAULT
14944,15-May-2022,THEFT
14945,15-May-2022,VANDALISM
14946,15-May-2022,OTHER
14947,05/15/2022,FRAUD
14948,05/15/2022,DRUG OFFENSE
14949,05/15/2022,BURGLARY
14950,2022-05-15,FRAUD
14951,05/15/2022,BURGLARY
14952,15-May-2022,ROBBERY
14953,2022-05-15,VANDALISM
14954,15-May-2022,THEFT
14955,2022-05-15,BURGLARY
14956,2022-05-15,OTHER
14957,2022-05-15,FRAUD
14958,2022-05-15,DRUG OFFENSE
14959,15-May-2022,FRAUD
14960,05/15/2022,THEFT
14961,15-May-2022,ROBBERY
14962,2022-05-15,VANDALISM
14963,2022-05-15,ASSAULT
14964,2022-05-15,VANDALISM
14965,05/15/2022,DRUG OFFENSE
14966,15-May-2022,ASSAULT
14967,05/15/2022,FRAUD
14968,05/15/2022,VANDALISM
14969,15-May-2022,DRUG OFFENSE
14970,05/15/2022,BURGLARY
14971,05/15/2022,VANDALISM
14972,15-May-2022,THEFT
14973,05/15/2022,VANDALISM
14974,2022-05-15,OTHER
14975,2022-05-15,OTHER
14976,2022-05-15,VANDALISM
14977,15-May-2022,ROBBERY
14978,15-May-2022,OTHER
14979,15-May-2022,ROBBERY
14980,2022-05-15,THEFT
14981,15-May-2022,VANDALISM
14982,15-May-2022,ROBBERY
14983,05/15/2022,ROBBERY
14984,2022-05-15,ROBBERY
14985,05/15/2022,VANDALISM
14986,05/15/2022,OTHER
14987,05/15/2022,BURGLARY
14988,05/15/2022,THEFT
14989,05/15/2022,OTHER
14990,05/15/2022,OTHER
14991,05/16/2022,VANDALISM
14992,2022-05-16,ROBBERY
14993,16-May-2022,DRUG OFFENSE
14994,2022-05-16,FRAUD
14995,2022-05-16,DRUG OFFENSE
14996,16-May-2022,ASSAULT
14997,2022-05-16,ASSAULT
14998,16-May-2022,BURGLARY
14999,05/16/2022,FRAUD
15000,16-May-2022,DRUG OFFENSE
15001,2022-05-16,OTHER
15002,05/16/2022,FRAUD
15003,2022-05-16,DRUG OFFENSE
15004,05/16/2022,VANDALISM
15005,05/16/2022,DRUG OFFENSE
15006,2022-05-16,VANDALISM
15007,2022-05-16,BURGLARY
15008,16-May-2022,THEFT
15009,2022-05-16,OTHER
15010,2022-05-16,ASSAULT
15011,05/16/2022,ROBBERY
15012,16-May-2022,OTHER
15013,05/16/2022,FRAUD
15014,05/16/2022,FRAUD
15015,16-May-2022,FRAUD
15016,16-May-2022,OTHER
15017,2022-05-16,FRAUD
15018,16-May-2022,VANDALISM
15019,2022-05-16,THEFT
15020,05/16/2022,ASSAULT
15021,2022-05-16,FRAUD
15022,2022-05-16,OTHER
15023,2022-05-16,THEFT
15024,05/16/2022,BURGLARY
15025,16-May-2022,THEFT
15026,05/16/2022,ASSAULT
15027,05/16/2022,BURGLARY
15028,16-May-2022,FRAUD
15029,2022-05-16,ROBBERY
15030,16-May-2022,OTHER
15031,2022-05-16,BURGLARY
15032,05/16/2022,VANDALISM
15033,05/16/2022,DRUG OFFENSE
15034,05/16/2022,THEFT
15035,2022-05-16,OTHER
15036,2022-05-16,BURGLARY
15037,16-May-2022,FRAUD
15038,16-May-2022,BURGLARY
15039,05/16/2022,FRAUD
15040,16-May-2022,DRUG OFFENSE
15041,05/16/2022,ASSAULT
15042,2022-05-16,OTHER
15043,05/16/2022,VANDALISM
15044,05/16/2022,VANDALISM
15045,17-May-2022,FRAUD
15046,05/17/2022,DRUG OFFENSE
15047,05/17/2022,ROBBERY
15048,2022-05-17,THEFT
15049,17-May-2022,FRAUD
15050,17-May-2022,VANDALISM
15051,05/17/2022,VANDALISM
15052,2022-05-17,DRUG OFFENSE
15053,17-May-2022,DRUG OFFENSE
15054,05/17/2022,BURGLARY
15055,05/17/2022,FRAUD
15056,2022-05-17,ROBBERY
15057,2022-05-17,VANDALISM
15058,05/17/2022,FRAUD
15059,17-May-2022,FRAUD
15060,2022-05-17,THEFT
15061,05/17/2022,DRUG OFFENSE
15062,05/17/2022,OTHER
15063,05/17/2022,VANDALISM
15064,17-May-2022,VANDALISM
15065,2022-05-17,BURGLARY
15066,2022-05-17,DRUG OFFENSE
15067,2022-05-17,ROBBERY
15068,05/17/2022,OTHER
15069,2022-05-17,VANDALISM
15070,2022-05-17,DRUG OFFENSE
15071,05/17/2022,ROBBERY
15072,05/17/2022,VANDALISM
15073,17-May-2022,VANDALISM
15074,05/17/2022,VANDALISM
15075,05/17/2022,THEFT
15076,05/17/2022,FRAUD
15077,17-May-2022,THEFT
15078,17-May-2022,VANDALISM
15079,2022-05-17,FRAUD
15080,17-May-2022,ASSAULT
15081,05/17/2022,VANDALISM
15082,05/17/2022,OTHER
15083,05/17/2022,DRUG OFFENSE
15084,05/17/2022,FRAUD
15085,2022-05-17,ROBBERY
15086,17-May-2022,THEFT
15087,2022-05-17,THEFT
15088,2022-05-18,THEFT
15089,18-May-2022,VANDALISM
15090,05/18/2022,BURGLARY
15091,05/18/2022,ROBBERY
15092,18-May-2022,THEFT
15093,18-May-2022,FRAUD
15094,2022-05-18,VANDALISM
15095,05/18/2022,ASSAULT
15096,18-May-2022,DRUG OFFENSE
15097,18-May-2022,THEFT
15098,05/18/2022,BURGLARY
15099,18-May-2022,ASSAULT
15100,2022-05-18,THEFT
15101,2022-05-18,THEFT
15102,05/18/2022,FRAUD
15103,05/18/2022,OTHER
15104,05/18/2022,VANDALISM
15105,2022-05-18,ASSAULT
15106,18-May-2022,ROBBERY
15107,2022-05-18,DRUG OFFENSE
15108,05/18/2022,DRUG OFFENSE
15109,2022-05-18,DRUG OFFENSE
15110,05/18/2022,FRAUD
15111,05/18/2022,FRAUD
15112,05/18/2022,VANDALISM
15113,18-May-2022,BURGLARY
15114,2022-05-18,OTHER
15115,05/18/2022,DRUG OFFENSE
15116,2022-05-18,VANDALISM
15117,05/18/2022,OTHER
15118,18-May-2022,OTHER
15119,2022-05-18,ROBBERY
15120,05/18/2022,THEFT
15121,2022-05-18,VANDALISM
15122,05/18/2022,THEFT
15123,2022-05-18,DRUG OFFENSE
15124,18-May-2022,THEFT
15125,05/18/2022,DRUG OFFENSE
15126,05/18/2022,DRUG OFFENSE
15127,05/19/2022,ASSAULT
15128,05/19/2022,ASSAULT
15129,2022-05-19,BURGLARY
15130,2022-05-19,THEFT
15131,19-May-2022,THEFT
15132,2022-05-19,THEFT
15133,2022-05-19,OTHER
15134,2022-05-19,FRAUD
15135,05/19/2022,ROBBERY
15136,05/19/2022,ASSAULT
15137,19-May-2022,DRUG OFFENSE
15138,05/19/2022,THEFT
15139,05/19/2022,BURGLARY
15140,19-May-2022,FRAUD
15141,2022-05-19,FRAUD
15142,05/19/2022,VANDALISM
15143,2022-05-19,ROBBERY
15144,05/19/2022,OTHER
15145,19-May-2022,BURGLARY
15146,2022-05-19,OTHER
15147,05/19/2022,VANDALISM
15148,2022-05-19,VANDALISM
15149,19-May-2022,VANDALISM
15150,19-May-2022,BURGLARY
15151,2022-05-19,BURGLARY
15152,19-May-2022,VANDALISM
15153,05/19/2022,OTHER
15154,2022-05-19,ROBBERY
15155,19-May-2022,OTHER
15156,2022-05-19,BURGLARY
15157,19-May-2022,VANDALISM
15158,19-May-2022,OTHER
15159,05/19/2022,ROBBERY
15160,2022-05-19,FRAUD
15161,05/19/2022,DRUG OFFENSE
15162,2022-05-19,VANDALISM
15163,05/19/2022,OTHER
15164,05/19/2022,THEFT
15165,19-May-2022,ROBBERY
15166,05/19/2022,DRUG OFFENSE
15167,2022-05-19,VANDALISM
15168,2022-05-19,DRUG OFFENSE
15169,20-May-2022,FRAUD
15170,05/20/2022,BURGLARY
15171,05/20/2022,ASSAULT
15172,05/20/2022,ROBBERY
15173,2022-05-20,VANDALISM
15174,20-May-2022,ROBBERY
15175,20-May-2022,BURGLARY
15176,05/20/2022,VANDALISM
15177,05/20/2022,VANDALISM
15178,20-May-2022,VANDALISM
15179,05/20/2022,ASSAULT
15180,2022-05-20,ROBBERY
15181,2022-05-20,DRUG OFFENSE
15182,2022-05-20,FRAUD
15183,2022-05-20,ASSAULT
15184,2022-05-20,THEFT
15185,20-May-2022,THEFT
15186,20-May-2022,OTHER
15187,05/20/2022,OTHER
15188,20-May-2022,VANDALISM
15189,05/20/2022,VANDALISM
15190,2022-05-20,VANDALISM
15191,20-May-2022,BURGLARY
15192,05/20/2022,ROBBERY
15193,05/20/2022,DRUG OFFENSE
15194,20-May-2022,THEFT
15195,05/20/2022,ROBBERY
15196,2022-05-20,ASSAULT
15197,05/20/2022,BURGLARY
15198,05/20/2022,THEFT
15199,05/20/2022,ASSAULT
15200,05/20/2022,BURGLARY
15201,05/20/2022,VANDALISM
15202,05/20/2022,THEFT
15203,2022-05-20,ASSAULT
15204,2022-05-20,BURGLARY
15205,05/20/2022,FRAUD
15206,05/20/2022,VANDALISM
15207,05/20/2022,VANDALISM
15208,05/20/2022,OTHER
15209,05/20/2022,ASSAULT
15210,05/20/2022,FRAUD
15211,05/20/2022,FRAUD
15212,2022-05-20,FRAUD
15213,2022-05-20,THEFT
15214,05/20/2022,FRAUD
15215,21-May-2022,ASSAULT
15216,2022-05-21,OTHER
15217,05/21/2022,DRUG OFFENSE
15218,05/21/2022,VANDALISM
15219,2022-05-21,OTHER
15220,2022-05-21,ASSAULT
15221,05/21/2022,THEFT
15222,05/21/2022,ASSAULT
15223,2022-05-21,OTHER
15224,05/21/2022,FRAUD
15225,05/21/2022,VANDALISM
15226,21-May-2022,VANDALISM
15227,21-May-2022,ASSAULT
15228,21-May-2022,VANDALISM
15229,21-May-2022,OTHER
15230,2022-05-21,THEFT
15231,05/21/2022,DRUG OFFENSE
15232,05/21/2022,ASSAULT
15233,2022-05-21,DRUG OFFENSE
15234,05/21/2022,THEFT
15235,2022-05-21,VANDALISM
15236,2022-05-21,ROBBERY
15237,2022-05-21,OTHER
15238,2022-05-21,FRAUD
15239,21-May-2022,THEFT
15240,21-May-2022,BURGLARY
15241,2022-05-21,ASSAULT
15242,2022-05-21,ROBBERY
15243,05/21/2022,DRUG OFFENSE
15244,2022-05-21,ROBBERY
15245,05/21/2022,BURGLARY
15246,05/21/2022,BURGLARY
15247,21-May-2022,ASSAULT
15248,21-May-2022,DRUG OFFENSE
15249,05/21/2022,VANDALISM
15250,2022-05-21,ASSAULT
15251,21-May-2022,BURGLARY
15252,2022-05-21,ASSAULT
15253,2022-05-21,VANDALISM
15254,2022-05-21,OTHER
15255,05/21/2022,THEFT
15256,21-May-2022,OTHER
15257,2022-05-21,ASSAULT
15258,05/21/2022,BURGLARY
15259,05/21/2022,ROBBERY
15260,2022-05-21,DRUG OFFENSE
15261,21-May-2022,ROBBERY
15262,21-May-2022,VANDALISM
15263,05/21/2022,ROBBERY
15264,05/21/2022,ASSAULT
15265,05/21/2022,DRUG OFFENSE
15266,21-May-2022,FRAUD
15267,22-May-2022,THEFT
15268,22-May-2022,BURGLARY
15269,05/22/2022,BURGLARY
15270,05/22/2022,ROBBERY
15271,05/22/2022,VANDALISM
15272,05/22/2022,BURGLARY
15273,22-May-2022,ROBBERY
15274,05/22/2022,OTHER
15275,05/22/2022,DRUG OFFENSE
15276,05/22/2022,DRUG OFFENSE
15277,22-May-2022,OTHER
15278,22-May-2022,DRUG OFFENSE
15279,05/22/2022,DRUG OFFENSE
15280,05/22/2022,ROBBERY
15281,22-May-2022,THEFT
15282,22-May-2022,DRUG OFFENSE
15283,22-May-2022,THEFT
15284,05/22/2022,ASSAULT
15285,2022-05-22,BURGLARY
15286,2022-05-22,BURGLARY
15287,22-May-2022,THEFT
15288,2022-05-22,ASSAULT
15289,2022-05-22,THEFT
15290,05/22/2022,BURGLARY
15291,05/22/2022,ASSAULT
15292,05/22/2022,DRUG OFFENSE
15293,22-May-2022,BURGLARY
15294,2022-05-22,BURGLARY
15295,05/22/2022,BURGLARY
15296,22-May-2022,OTHER
15297,22-May-2022,DRUG OFFENSE
15298,2022-05-22,FRAUD
15299,22-May-2022,ROBBERY
15300,2022-05-22,OTHER
15301,22-May-2022,VANDALISM
15302,2022-05-22,OTHER
15303,22-May-2022,DRUG OFFENSE
15304,2022-05-22,OTHER
15305,22-May-2022,ROBBERY
15306,22-May-2022,ASSAULT
15307,22-May-2022,THEFT
15308,22-May-2022,DRUG OFFENSE
15309,05/22/2022,BURGLARY
15310,2022-05-22,THEFT
15311,2022-05-22,VANDALISM
15312,05/22/2022,ASSAULT
15313,2022-05-22,ASSAULT
15314,05/22/2022,THEFT
15315,2022-05-22,ASSAULT
15316,2022-05-22,THEFT
15317,2022-05-22,FRAUD
15318,22-May-2022,VANDALISM
15319,05/22/2022,BURGLARY
15320,22-May-2022,THEFT
15321,2022-05-22,ROBBERY
15322,05/22/2022,ASSAULT
15323,05/22/2022,OTHER
15324,05/22/2022,OTHER
15325,22-May-2022,OTHER
15326,05/22/2022,DRUG OFFENSE
15327,05/22/2022,VANDALISM
15328,2022-05-22,FRAUD
15329,2022-05-23,ASSAULT
15330,05/23/2022,ASSAULT
15331,23-May-2022,THEFT
15332,05/23/2022,ROBBERY
15333,23-May-2022,DRUG OFFENSE
15334,23-May-2022,BURGLARY
15335,2022-05-23,ROBBERY
15336,2022-05-23,VANDALISM
15337,2022-05-23,ASSAULT
15338,05/23/2022,ROBBERY
15339,05/23/2022,BURGLARY
15340,05/23/2022,ROBBERY
15341,23-May-2022,OTHER
15342,2022-05-23,DRUG OFFENSE
15343,05/23/2022,VANDALISM
15344,05/23/2022,ASSAULT
15345,2022-05-23,VANDALISM
15346,2022-05-23,DRUG OFFENSE
15347,2022-05-23,VANDALISM
15348,05/23/2022,ASSAULT
15349,05/23/2022,DRUG OFFENSE
15350,2022-05-23,DRUG OFFENSE
15351,05/23/2022,OTHER
15352,2022-05-23,THEFT
15353,23-May-2022,BURGLARY
15354,05/23/2022,BURGLARY
15355,05/23/2022,THEFT
15356,05/23/2022,FRAUD
15357,05/23/2022,ASSAULT
15358,2022-05-23,THEFT
15359,05/23/2022,VANDALISM
15360,05/23/2022,OTHER
15361,23-May-2022,BURGLARY
15362,23-May-2022,ASSAULT
15363,2022-05-23,ROBBERY
15364,2022-05-23,BURGLARY
15365,23-May-2022,DRUG OFFENSE
15366,05/23/2022,BURGLARY
15367,2022-05-23,VANDALISM
15368,23-May-2022,ROBBERY
15369,23-May-2022,OTHER
15370,23-May-2022,BURGLARY
15371,05/23/2022,THEFT
15372,23-May-2022,VANDALISM
15373,23-May-2022,THEFT
15374,24-May-2022,VANDALISM
15375,2022-05-24,DRUG OFFENSE
15376,05/24/2022,ASSAULT
15377,24-May-2022,VANDALISM
15378,24-May-2022,FRAUD
15379,2022-05-24,OTHER
15380,2022-05-24,VANDALISM
15381,24-May-2022,FRAUD
15382,05/24/2022,OTHER
15383,24-May-2022,OTHER
15384,2022-05-24,OTHER
15385,24-May-2022,BURGLARY
15386,24-May-2022,DRUG OFFENSE
15387,24-May-2022,FRAUD
15388,24-May-2022,BURGLARY
15389,24-May-2022,ROBBERY
15390,24-May-2022,ASSAULT
15391,05/24/2022,BURGLARY
15392,24-May-2022,ASSAULT
15393,24-May-2022,DRUG OFFENSE
15394,05/24/2022,THEFT
15395,2022-05-24,VANDALISM
15396,05/24/2022,VANDALISM
15397,2022-05-24,DRUG OFFENSE
15398,24-May-2022,BURGLARY
15399,05/24/2022,DRUG OFFENSE
15400,05/24/2022,DRUG OFFENSE
15401,05/24/2022,ASSAULT
15402,05/24/2022,DRUG OFFENSE
15403,24-May-2022,ASSAULT
15404,2022-05-24,OTHER
15405,2022-05-24,ASSAULT
15406,05/24/2022,ASSAULT
15407,05/25/2022,ROBBERY
15408,05/25/2022,FRAUD
15409,25-May-2022,VANDALISM
15410,2022-05-25,FRAUD
15411,05/25/2022,ROBBERY
15412,05/25/2022,VANDALISM
15413,05/25/2022,ROBBERY
15414,05/25/2022,ROBBERY
15415,2022-05-25,OTHER
15416,05/25/2022,FRAUD
15417,05/25/2022,FRAUD
15418,2022-05-25,THEFT
15419,2022-05-25,FRAUD
15420,2022-05-25,OTHER
15421,05/25/2022,ASSAULT
15422,05/25/2022,BURGLARY
15423,05/25/2022,VANDALISM
15424,2022-05-25,BURGLARY
15425,25-May-2022,DRUG OFFENSE
15426,05/25/2022,VANDALISM
15427,05/25/2022,ROBBERY
15428,05/25/2022,ROBBERY
15429,25-May-2022,ROBBERY
15430,25-May-2022,FRAUD
15431,05/25/2022,OTHER
15432,25-May-2022,VANDALISM
15433,05/25/2022,FRAUD
15434,05/25/2022,OTHER
15435,2022-05-25,ROBBERY
15436,2022-05-25,FRAUD
15437,2022-05-25,THEFT
15438,05/25/2022,ROBBERY
15439,25-May-2022,THEFT
15440,25-May-2022,ROBBERY
15441,2022-05-25,FRAUD
15442,25-May-2022,OTHER
15443,25-May-2022,VANDALISM
15444,25-May-2022,FRAUD
15445,05/25/2022,THEFT
15446,05/25/2022,THEFT
15447,05/25/2022,VANDALISM
15448,2022-05-25,ASSAULT
15449,2022-05-25,BURGLARY
15450,05/26/2022,FRAUD
15451,26-May-2022,FRAUD
15452,05/26/2022,FRAUD
15453,05/26/2022,OTHER
15454,2022-05-26,OTHER
15455,26-May-2022,THEFT
15456,05/26/2022,OTHER
15457,26-May-2022,OTHER
15458,05/26/2022,BURGLARY
15459,26-May-2022,VANDALISM
15460,2022-05-26,VANDALISM
15461,05/26/2022,FRAUD
15462,05/26/2022,VANDALISM
15463,05/26/2022,BURGLARY
15464,2022-05-26,FRAUD
15465,05/26/2022,THEFT
15466,05/26/2022,OTHER
15467,26-May-2022,BURGLARY
15468,2022-05-26,ROBBERY
15469,26-May-2022,BURGLARY
15470,2022-05-26,ROBBERY
15471,26-May-2022,OTHER
15472,05/26/2022,THEFT
15473,05/26/2022,VANDALISM
15474,05/26/2022,OTHER
15475,05/26/2022,ROBBERY
15476,05/26/2022,ROBBERY
15477,26-May-2022,ROBBERY
15478,05/26/2022,THEFT
15479,26-May-2022,VANDALISM
15480,05/26/2022,BURGLARY
15481,2022-05-26,OTHER
15482,05/26/2022,THEFT
15483,26-May-2022,THEFT
15484,05/26/2022,DRUG OFFENSE
15485,05/26/2022,ROBBERY
15486,05/26/2022,ASSAULT
15487,05/26/2022,FRAUD
15488,26-May-2022,BURGLARY
15489,26-May-2022,DRUG OFFENSE
15490,2022-05-26,DRUG OFFENSE
15491,26-May-2022,THEFT
15492,26-May-2022,ROBBERY
15493,2022-05-26,OTHER
15494,2022-05-26,DRUG OFFENSE
15495,2022-05-26,THEFT
15496,05/27/2022,ROBBERY
15497,05/27/2022,ASSAULT
15498,2022-05-27,BURGLARY
15499,2022-05-27,FRAUD
15500,2022-05-27,THEFT
15501,27-May-2022,ASSAULT
15502,05/27/2022,BURGLARY
15503,05/27/2022,OTHER
15504,2022-05-27,ASSAULT
15505,05/27/2022,THEFT
15506,2022-05-27,OTHER
15507,2022-05-27,ASSAULT
15508,05/27/2022,FRAUD
15509,27-May-2022,VANDALISM
15510,05/27/2022,BURGLARY
15511,05/27/2022,OTHER
15512,05/27/2022,FRAUD
15513,27-May-2022,ASSAULT
15514,05/27/2022,VANDALISM
15515,05/27/2022,THEFT
15516,2022-05-27,ROBBERY
15517,05/27/2022,ROBBERY
15518,27-May-2022,ASSAULT
15519,05/27/2022,OTHER
15520,05/27/2022,BURGLARY
15521,05/27/2022,FRAUD
15522,05/27/2022,BURGLARY
15523,05/27/2022,ROBBERY
15524,27-May-2022,VANDALISM
15525,2022-05-27,VANDALISM
15526,2022-05-27,VANDALISM
15527,05/27/2022,ASSAULT
15528,27-May-2022,VANDALISM
15529,05/27/2022,FRAUD
15530,2022-05-27,THEFT
15531,2022-05-27,THEFT
15532,2022-05-27,ASSAULT
15533,27-May-2022,FRAUD
15534,05/27/2022,DRUG OFFENSE
15535,2022-05-27,THEFT
15536,05/27/2022,ROBBERY
15537,2022-05-27,THEFT
15538,27-May-2022,VANDALISM
15539,05/27/2022,BURGLARY
15540,05/27/2022,ROBBERY
15541,05/28/2022,BURGLARY
15542,05/28/2022,VANDALISM
15543,2022-05-28,FRAUD
15544,28-May-2022,ASSAULT
15545,2022-05-28,BURGLARY
15546,28-May-2022,BURGLARY
15547,2022-05-28,ROBBERY
15548,05/28/2022,DRUG OFFENSE
15549,28-May-2022,THEFT
15550,05/28/2022,DRUG OFFENSE
15551,05/28/2022,VANDALISM
15552,05/28/2022,BURGLARY
15553,28-May-2022,THEFT
15554,05/28/2022,DRUG OFFENSE
15555,05/28/2022,FRAUD
15556,2022-05-28,OTHER
15557,28-May-2022,DRUG OFFENSE
15558,28-May-2022,FRAUD
15559,28-May-2022,FRAUD
15560,05/28/2022,OTHER
15561,05/28/2022,ROBBERY
15562,2022-05-28,BURGLARY
15563,2022-05-28,VANDALISM
15564,2022-05-28,BURGLARY
15565,05/28/2022,THEFT
15566,05/28/2022,ASSAULT
15567,05/28/2022,THEFT
15568,28-May-2022,OTHER
15569,2022-05-28,DRUG OFFENSE
15570,2022-05-28,VANDALISM
15571,28-May-2022,THEFT
15572,05/28/2022,DRUG OFFENSE
15573,05/28/2022,DRUG OFFENSE
15574,2022-05-28,VANDALISM
15575,05/28/2022,FRAUD
15576,05/28/2022,OTHER
15577,05/28/2022,FRAUD
15578,28-May-2022,FRAUD
15579,05/28/2022,VANDALISM
15580,28-May-2022,BURGLARY
15581,2022-05-28,ROBBERY
15582,2022-05-28,OTHER
15583,2022-05-28,ROBBERY
15584,2022-05-28,VANDALISM
15585,05/28/2022,VANDALISM
15586,28-May-2022,BURGLARY
15587,05/28/2022,ASSAULT
15588,05/28/2022,ROBBERY
15589,2022-05-29,DRUG OFFENSE
15590,2022-05-29,FRAUD
15591,2022-05-29,ASSAULT
15592,2022-05-29,DRUG OFFENSE
15593,29-May-2022,ROBBERY
15594,29-May-2022,FRAUD
15595,29-May-2022,ROBBERY
15596,2022-05-29,ROBBERY
15597,05/29/2022,FRAUD
15598,2022-05-29,ROBBERY
15599,05/29/2022,OTHER
15600,2022-05-29,BURGLARY
15601,05/29/2022,FRAUD
15602,29-May-2022,THEFT
15603,2022-05-29,FRAUD
15604,2022-05-29,ROBBERY
15605,2022-05-29,DRUG OFFENSE
15606,29-May-2022,DRUG OFFENSE
15607,29-May-2022,ASSAULT
15608,05/29/2022,THEFT
15609,2022-05-29,BURGLARY
15610,2022-05-29,VANDALISM
15611,29-May-2022,ROBBERY
15612,2022-05-29,ASSAULT
15613,05/29/2022,BURGLARY
15614,05/29/2022,FRAUD
15615,05/29/2022,ROBBERY
15616,05/29/2022,FRAUD
15617,05/29/2022,BURGLARY
15618,05/29/2022,OTHER
15619,29-May-2022,ROBBERY
15620,05/29/2022,ASSAULT
15621,05/29/2022,VANDALISM
15622,29-May-2022,DRUG OFFENSE
15623,29-May-2022,ROBBERY
15624,29-May-2022,ASSAULT
15625,29-May-2022,BURGLARY
15626,29-May-2022,ASSAULT
15627,05/29/2022,BURGLARY
15628,2022-05-29,DRUG OFFENSE
15629,05/29/2022,ROBBERY
15630,2022-05-29,ROBBERY
15631,29-May-2022,ROBBERY
15632,29-May-2022,ASSAULT
15633,05/29/2022,ASSAULT
15634,29-May-2022,OTHER
15635,05/29/2022,BURGLARY
15636,2022-05-30,VANDALISM
15637,05/30/2022,OTHER
15638,30-May-2022,ASSAULT
15639,05/30/2022,OTHER
15640,2022-05-30,BURGLARY
15641,2022-05-30,BURGLARY
15642,30-May-2022,ROBBERY
15643,05/30/2022,OTHER
15644,2022-05-30,ASSAULT
15645,2022-05-30,VANDALISM
15646,05/30/2022,ASSAULT
15647,30-May-2022,ROBBERY
15648,05/30/2022,BURGLARY
15649,30-May-2022,THEFT
15650,30-May-2022,OTHER
15651,05/30/2022,DRUG OFFENSE
15652,2022-05-30,VANDALISM
15653,2022-05-30,THEFT
15654,30-May-2022,FRAUD
15655,05/30/2022,FRAUD
15656,30-May-2022,ASSAULT
15657,2022-05-30,ASSAULT
15658,05/30/2022,ROBBERY
15659,2022-05-30,ASSAULT
15660,05/30/2022,ASSAULT
15661,30-May-2022,ASSAULT
15662,05/30/2022,VANDALISM
15663,30-May-2022,VANDALISM
15664,05/30/2022,THEFT
15665,30-May-2022,ASSAULT
15666,30-May-2022,THEFT
15667,2022-05-30,VANDALISM
15668,2022-05-30,THEFT
15669,2022-05-30,ASSAULT
15670,05/30/2022,BURGLARY
15671,30-May-2022,BURGLARY
15672,2022-05-30,OTHER
15673,05/30/2022,BURGLARY
15674,31-May-2022,BURGLARY
15675,2022-05-31,ROBBERY
15676,05/31/2022,THEFT
15677,05/31/2022,VANDALISM
15678,05/31/2022,FRAUD
15679,2022-05-31,DRUG OFFENSE
15680,05/31/2022,ROBBERY
15681,05/31/2022,FRAUD
15682,2022-05-31,VANDALISM
15683,31-May-2022,OTHER
15684,31-May-2022,OTHER
15685,31-May-2022,DRUG OFFENSE
15686,2022-05-31,BURGLARY
15687,05/31/2022,THEFT
15688,05/31/2022,FRAUD
15689,2022-05-31,VANDALISM
15690,05/31/2022,THEFT
15691,2022-05-31,DRUG OFFENSE
15692,31-May-2022,ASSAULT
15693,31-May-2022,DRUG OFFENSE
15694,2022-05-31,ROBBERY
15695,05/31/2022,ASSAULT
15696,31-May-2022,DRUG OFFENSE
15697,05/31/2022,FRAUD
15698,2022-05-31,BURGLARY
15699,05/31/2022,VANDALISM
15700,31-May-2022,BURGLARY
15701,31-May-2022,OTHER
15702,05/31/2022,ROBBERY
15703,2022-05-31,ASSAULT
15704,2022-05-31,FRAUD
15705,05/31/2022,OTHER
15706,05/31/2022,ROBBERY
15707,05/31/2022,FRAUD
15708,31-May-2022,DRUG OFFENSE
15709,31-May-2022,THEFT
15710,31-May-2022,BURGLARY
15711,2022-05-31,ROBBERY
15712,05/31/2022,ASSAULT
15713,31-May-2022,BURGLARY
15714,31-May-2022,BURGLARY
15715,05/31/2022,BURGLARY
15716,2022-06-01,DRUG OFFENSE
15717,01-Jun-2022,DRUG OFFENSE
15718,01-Jun-2022,ASSAULT
15719,2022-06-01,ASSAULT
15720,06/01/2022,OTHER
15721,01-Jun-2022,DRUG OFFENSE
15722,2022-06-01,THEFT
15723,2022-06-01,OTHER
15724,01-Jun-2022,ASSAULT
15725,06/01/2022,ROBBERY
15726,01-Jun-2022,ROBBERY
15727,06/01/2022,THEFT
15728,06/01/2022,VANDALISM
15729,06/01/2022,VANDALISM
15730,2022-06-01,ROBBERY
15731,01-Jun-2022,THEFT
15732,01-Jun-2022,BURGLARY
15733,01-Jun-2022,THEFT
15734,01-Jun-2022,DRUG OFFENSE
15735,06/01/2022,ROBBERY
15736,06/01/2022,ASSAULT
15737,2022-06-01,DRUG OFFENSE
15738,2022-06-01,VANDALISM
15739,01-Jun-2022,DRUG OFFENSE
15740,01-Jun-2022,FRAUD
15741,2022-06-01,FRAUD
15742,06/01/2022,BURGLARY
15743,06/01/2022,BURGLARY
15744,06/01/2022,BURGLARY
15745,01-Jun-2022,OTHER
15746,2022-06-01,FRAUD
15747,06/01/2022,DRUG OFFENSE
15748,06/01/2022,OTHER
15749,2022-06-01,ASSAULT
15750,06/01/2022,DRUG OFFENSE
15751,06/01/2022,BURGLARY
15752,01-Jun-2022,DRUG OFFENSE
15753,06/01/2022,ASSAULT
15754,06/01/2022,BURGLARY
15755,06/01/2022,ROBBERY
15756,01-Jun-2022,ASSAULT
15757,2022-06-02,FRAUD
15758,2022-06-02,ASSAULT
15759,06/02/2022,ROBBERY
15760,02-Jun-2022,DRUG OFFENSE
15761,06/02/2022,THEFT
15762,06/02/2022,BURGLARY
15763,02-Jun-2022,OTHER
15764,06/02/2022,DRUG OFFENSE
15765,06/02/2022,DRUG OFFENSE
15766,02-Jun-2022,BURGLARY
15767,06/02/2022,ASSAULT
15768,2022-06-02,ROBBERY
15769,2022-06-02,THEFT
15770,06/02/2022,ROBBERY
15771,02-Jun-2022,BURGLARY
15772,02-Jun-2022,OTHER
15773,02-Jun-2022,VANDALISM
15774,02-Jun-2022,BURGLARY
15775,02-Jun-2022,DRUG OFFENSE
15776,02-Jun-2022,VANDALISM
15777,2022-06-02,DRUG OFFENSE
15778,2022-06-02,ROBBERY
15779,02-Jun-2022,OTHER
15780,02-Jun-2022,ASSAULT
15781,02-Jun-2022,VANDALISM
15782,02-Jun-2022,VANDALISM
15783,2022-06-02,ROBBERY
15784,2022-06-02,DRUG OFFENSE
15785,02-Jun-2022,FRAUD
15786,02-Jun-2022,DRUG OFFENSE
15787,2022-06-02,BURGLARY
15788,02-Jun-2022,ROBBERY
15789,02-Jun-2022,VANDALISM
15790,02-Jun-2022,BURGLARY
15791,06/02/2022,THEFT
15792,02-Jun-2022,ASSAULT
15793,03-Jun-2022,OTHER
15794,06/03/2022,OTHER
15795,03-Jun-2022,FRAUD
15796,2022-06-03,FRAUD
15797,03-Jun-2022,ASSAULT
15798,03-Jun-2022,VANDALISM
15799,06/03/2022,FRAUD
15800,06/03/2022,FRAUD
15801,06/03/2022,VANDALISM
15802,2022-06-03,THEFT
15803,03-Jun-2022,THEFT
15804,06/03/2022,FRAUD
15805,03-Jun-2022,ASSAULT
15806,06/03/2022,FRAUD
15807,03-Jun-2022,OTHER
15808,06/03/2022,VANDALISM
15809,03-Jun-2022,VANDALISM
15810,2022-06-03,VANDALISM
15811,06/03/2022,BURGLARY
15812,06/03/2022,FRAUD
15813,06/03/2022,OTHER
15814,03-Jun-2022,BURGLARY
15815,06/03/2022,BURGLARY
15816,2022-06-03,DRUG OFFENSE
15817,06/03/2022,ASSAULT
15818,03-Jun-2022,VANDALISM
15819,06/03/2022,OTHER
15820,2022-06-03,FRAUD
15821,06/03/2022,BURGLARY
15822,06/03/2022,DRUG OFFENSE
15823,06/03/2022,VANDALISM
15824,03-Jun-2022,ASSAULT
15825,06/03/2022,BURGLARY
15826,2022-06-03,BURGLARY
15827,2022-06-03,OTHER
15828,03-Jun-2022,DRUG OFFENSE
15829,03-Jun-2022,ROBBERY
15830,03-Jun-2022,BURGLARY
15831,03-Jun-2022,FRAUD
15832,2022-06-03,ASSAULT
15833,06/03/2022,ROBBERY
15834,03-Jun-2022,DRUG OFFENSE
15835,03-Jun-2022,ROBBERY
15836,06/03/2022,FRAUD
15837,2022-06-03,DRUG OFFENSE
15838,06/03/2022,BURGLARY
15839,03-Jun-2022,ASSAULT
15840,2022-06-03,ROBBERY
15841,2022-06-03,ROBBERY
15842,03-Jun-2022,ROBBERY
15843,04-Jun-2022,FRAUD
15844,06/04/2022,ASSAULT
15845,06/04/2022,BURGLARY
15846,04-Jun-2022,ASSAULT
15847,04-Jun-2022,ROBBERY
15848,06/04/2022,OTHER
15849,06/04/2022,OTHER
15850,04-Jun-2022,ROBBERY
15851,2022-06-04,BURGLARY
15852,04-Jun-2022,OTHER
15853,2022-06-04,THEFT
15854,2022-06-04,ASSAULT
15855,2022-06-04,FRAUD
15856,2022-06-04,FRAUD
15857,2022-06-04,OTHER
15858,2022-06-04,OTHER
15859,04-Jun-2022,ASSAULT
15860,04-Jun-2022,DRUG OFFENSE
15861,04-Jun-2022,OTHER
15862,06/04/2022,THEFT
15863,04-Jun-2022,OTHER
15864,2022-06-04,DRUG OFFENSE
15865,04-Jun-2022,THEFT
15866,06/04/2022,DRUG OFFENSE
15867,04-Jun-2022,FRAUD
15868,04-Jun-2022,ASSAULT
15869,06/04/2022,DRUG OFFENSE
15870,2022-06-04,VANDALISM
15871,2022-06-04,BURGLARY
15872,04-Jun-2022,THEFT
15873,06/04/2022,THEFT
15874,06/04/2022,VANDALISM
15875,06/04/2022,DRUG OFFENSE
15876,06/04/2022,FRAUD
15877,06/04/2022,ROBBERY
15878,2022-06-04,ASSAULT
15879,04-Jun-2022,BURGLARY
15880,06/04/2022,FRAUD
15881,06/04/2022,DRUG OFFENSE
15882,06/04/2022,ASSAULT
15883,2022-06-04,VANDALISM
15884,04-Jun-2022,VANDALISM
15885,04-Jun-2022,BURGLARY
15886,2022-06-04,OTHER
15887,04-Jun-2022,FRAUD
15888,04-Jun-2022,FRAUD
15889,06/04/2022,ASSAULT
15890,2022-06-04,THEFT
15891,2022-06-04,ROBBERY
15892,04-Jun-2022,ROBBERY
15893,04-Jun-2022,DRUG OFFENSE
15894,2022-06-05,BURGLARY
15895,05-Jun-2022,THEFT
15896,2022-06-05,BURGLARY
15897,06/05/2022,OTHER
15898,05-Jun-2022,FRAUD
15899,06/05/2022,FRAUD
15900,06/05/2022,ASSAULT
15901,2022-06-05,ROBBERY
15902,05-Jun-2022,ROBBERY
15903,06/05/2022,VANDALISM
15904,2022-06-05,FRAUD
15905,06/05/2022,FRAUD
15906,06/05/2022,THEFT
15907,05-Jun-2022,ROBBERY
15908,06/05/2022,THEFT
15909,06/05/2022,THEFT
15910,2022-06-05,OTHER
15911,06/05/2022,VANDALISM
15912,06/05/2022,OTHER
15913,06/05/2022,VANDALISM
15914,05-Jun-2022,ASSAULT
15915,05-Jun-2022,OTHER
15916,06/05/2022,ASSAULT
15917,05-Jun-2022,ROBBERY
15918,06/05/2022,ASSAULT
15919,05-Jun-2022,DRUG OFFENSE
15920,06/05/2022,BURGLARY
15921,2022-06-05,VANDALISM
15922,2022-06-05,ASSAULT
15923,06/05/2022,DRUG OFFENSE
15924,06/05/2022,ASSAULT
15925,06/05/2022,BURGLARY
15926,05-Jun-2022,BURGLARY
15927,05-Jun-2022,BURGLARY
15928,06/05/2022,DRUG OFFENSE
15929,2022-06-05,DRUG OFFENSE
15930,06/05/2022,DRUG OFFENSE
15931,06/05/2022,ROBBERY
15932,05-Jun-2022,ROBBERY
15933,06/05/2022,FRAUD
15934,05-Jun-2022,ASSAULT
15935,06/05/2022,THEFT
15936,05-Jun-2022,ASSAULT
15937,05-Jun-2022,DRUG OFFENSE
15938,06/05/2022,ROBBERY
15939,05-Jun-2022,OTHER
15940,2022-06-05,OTHER
15941,2022-06-05,BURGLARY
15942,05-Jun-2022,DRUG OFFENSE
15943,05-Jun-2022,DRUG OFFENSE
15944,05-Jun-2022,BURGLARY
15945,2022-06-05,DRUG OFFENSE
15946,05-Jun-2022,ASSAULT
15947,2022-06-05,BURGLARY
15948,2022-06-06,ROBBERY
15949,06-Jun-2022,FRAUD
15950,06/06/2022,OTHER
15951,06/06/2022,BURGLARY
15952,06/06/2022,VANDALISM
15953,06-Jun-2022,BURGLARY
15954,06-Jun-2022,DRUG OFFENSE
15955,06/06/2022,ASSAULT
15956,06/06/2022,THEFT
15957,2022-06-06,BURGLARY
15958,06-Jun-2022,OTHER
15959,06/06/2022,THEFT
15960,06/06/2022,THEFT
15961,06/06/2022,FRAUD
15962,06-Jun-2022,ASSAULT
15963,06/06/2022,VANDALISM
15964,06-Jun-2022,OTHER
15965,2022-06-06,FRAUD
15966,06/06/2022,VANDALISM
15967,06-Jun-2022,BURGLARY
15968,2022-06-06,THEFT
15969,06/06/2022,FRAUD
15970,06/06/2022,ROBBERY
15971,06/06/2022,ROBBERY
15972,06/06/2022,OTHER
15973,2022-06-06,OTHER
15974,2022-06-06,VANDALISM
15975,06/06/2022,DRUG OFFENSE
15976,06-Jun-2022,ASSAULT
15977,06-Jun-2022,THEFT
15978,06-Jun-2022,ROBBERY
15979,06/06/2022,THEFT
15980,06/06/2022,VANDALISM
15981,06/06/2022,VANDALISM
15982,06/06/2022,VANDALISM
15983,06/06/2022,FRAUD
15984,06/06/2022,ROBBERY
15985,2022-06-06,BURGLARY
15986,2022-06-06,OTHER
15987,2022-06-07,BURGLARY
15988,06/07/2022,FRAUD
15989,06/07/2022,ASSAULT
15990,06/07/2022,ROBBERY
15991,2022-06-07,DRUG OFFENSE
15992,07-Jun-2022,DRUG OFFENSE
15993,07-Jun-2022,BURGLARY
15994,06/07/2022,OTHER
15995,2022-06-07,OTHER
15996,06/07/2022,VANDALISM
15997,07-Jun-2022,BURGLARY
15998,07-Jun-2022,ASSAULT
15999,07-Jun-2022,FRAUD
16000,2022-06-07,BURGLARY
16001,07-Jun-2022,OTHER
16002,2022-06-07,VANDALISM
16003,07-Jun-2022,THEFT
16004,07-Jun-2022,VANDALISM
16005,2022-06-07,ROBBERY
16006,07-Jun-2022,ROBBERY
16007,07-Jun-2022,THEFT
16008,06/07/2022,OTHER
16009,07-Jun-2022,VANDALISM
16010,06/07/2022,BURGLARY
16011,06/07/2022,ROBBERY
16012,06/07/2022,FRAUD
16013,07-Jun-2022,VANDALISM
16014,06/07/2022,BURGLARY
16015,06/07/2022,DRUG OFFENSE
16016,06/07/2022,ASSAULT
16017,07-Jun-2022,FRAUD
16018,2022-06-07,ROBBERY
16019,2022-06-07,BURGLARY
16020,2022-06-07,OTHER
16021,06/07/2022,VANDALISM
16022,2022-06-07,OTHER
16023,06/07/2022,ASSAULT
16024,2022-06-07,VANDALISM
16025,07-Jun-2022,ROBBERY
16026,07-Jun-2022,ROBBERY
16027,2022-06-07,ASSAULT
16028,06/07/2022,OTHER
16029,2022-06-07,FRAUD
16030,06/07/2022,OTHER
16031,07-Jun-2022,VANDALISM
16032,07-Jun-2022,ASSAULT
16033,07-Jun-2022,VANDALISM
16034,07-Jun-2022,VANDALISM
16035,07-Jun-2022,THEFT
16036,06/07/2022,OTHER
16037,06/07/2022,VANDALISM
16038,06/07/2022,VANDALISM
16039,2022-06-07,VANDALISM
16040,2022-06-07,THEFT
16041,07-Jun-2022,VANDALISM
16042,2022-06-07,ASSAULT
16043,2022-06-07,FRAUD
16044,07-Jun-2022,DRUG OFFENSE
16045,06/07/2022,OTHER
16046,2022-06-08,OTHER
16047,08-Jun-2022,OTHER
16048,2022-06-08,DRUG OFFENSE
16049,2022-06-08,BURGLARY
16050,08-Jun-2022,FRAUD
16051,08-Jun-2022,THEFT
16052,06/08/2022,OTHER
16053,08-Jun-2022,THEFT
16054,08-Jun-2022,OTHER
16055,06/08/2022,THEFT
16056,2022-06-08,VANDALISM
16057,08-Jun-2022,BURGLARY
16058,2022-06-08,FRAUD
16059,06/08/2022,THEFT
16060,08-Jun-2022,DRUG OFFENSE
16061,08-Jun-2022,BURGLARY
16062,2022-06-08,VANDALISM
16063,2022-06-08,FRAUD
16064,06/08/2022,BURGLARY
16065,08-Jun-2022,OTHER
16066,06/08/2022,BURGLARY
16067,06/08/2022,DRUG OFFENSE
16068,06/08/2022,VANDALISM
16069,06/08/2022,ROBBERY
16070,06/08/2022,ASSAULT
16071,06/08/2022,BURGLARY
16072,2022-06-08,ASSAULT
16073,2022-06-08,BURGLARY
16074,2022-06-08,ROBBERY
16075,06/08/2022,THEFT
16076,08-Jun-2022,VANDALISM
16077,06/08/2022,ROBBERY
16078,06/08/2022,THEFT
16079,2022-06-08,ASSAULT
16080,06/08/2022,OTHER
16081,2022-06-08,FRAUD
16082,2022-06-08,DRUG OFFENSE
16083,08-Jun-2022,THEFT
16084,2022-06-08,DRUG OFFENSE
16085,06/08/2022,DRUG OFFENSE
16086,2022-06-08,OTHER
16087,06/08/2022,ROBBERY
16088,2022-06-08,FRAUD
16089,08-Jun-2022,FRAUD
16090,08-Jun-2022,ASSAULT
16091,06/08/2022,ASSAULT
16092,06/08/2022,THEFT
16093,2022-06-08,ROBBERY
16094,06/08/2022,ASSAULT
16095,06/08/2022,BURGLARY
16096,06/08/2022,OTHER
16097,08-Jun-2022,BURGLARY
16098,06/08/2022,FRAUD
16099,08-Jun-2022,THEFT
16100,2022-06-08,ROBBERY
16101,2022-06-09,BURGLARY
16102,06/09/2022,ROBBERY
16103,06/09/2022,FRAUD
16104,06/09/2022,DRUG OFFENSE
16105,09-Jun-2022,ASSAULT
16106,06/09/2022,VANDALISM
16107,2022-06-09,FRAUD
16108,06/09/2022,THEFT
16109,06/09/2022,THEFT
16110,06/09/2022,OTHER
16111,09-Jun-2022,ROBBERY
16112,2022-06-09,FRAUD
16113,09-Jun-2022,OTHER
16114,09-Jun-2022,BURGLARY
16115,09-Jun-2022,ASSAULT
16116,06/09/2022,FRAUD
16117,06/09/2022,OTHER
16118,09-Jun-2022,VANDALISM
16119,06/09/2022,OTHER
16120,06/09/2022,VANDALISM
16121,2022-06-09,FRAUD
16122,09-Jun-2022,BURGLARY
16123,2022-06-09,OTHER
16124,06/09/2022,ASSAULT
16125,09-Jun-2022,ROBBERY
16126,06/09/2022,BURGLARY
16127,06/09/2022,ROBBERY
16128,06/09/2022,ROBBERY
16129,2022-06-09,THEFT
16130,09-Jun-2022,VANDALISM
16131,2022-06-09,BURGLARY
16132,09-Jun-2022,THEFT
16133,2022-06-09,VANDALISM
16134,2022-06-09,DRUG OFFENSE
16135,06/09/2022,ASSAULT
16136,09-Jun-2022,BURGLARY
16137,2022-06-09,BURGLARY
16138,2022-06-09,OTHER
16139,06/09/2022,ASSAULT
16140,06/09/2022,OTHER
16141,2022-06-09,BURGLARY
16142,09-Jun-2022,DRUG OFFENSE
16143,09-Jun-2022,VANDALISM
16144,09-Jun-2022,BURGLARY
16145,06/09/2022,ASSAULT
16146,09-Jun-2022,THEFT
16147,06/09/2022,OTHER
16148,09-Jun-2022,THEFT
16149,06/09/2022,DRUG OFFENSE
16150,06/09/2022,BURGLARY
16151,2022-06-09,FRAUD
16152,09-Jun-2022,DRUG OFFENSE
16153,2022-06-10,ROBBERY
16154,2022-06-10,OTHER
16155,06/10/2022,VANDALISM
16156,10-Jun-2022,DRUG OFFENSE
16157,10-Jun-2022,BURGLARY
16158,06/10/2022,THEFT
16159,2022-06-10,BURGLARY
16160,10-Jun-2022,DRUG OFFENSE
16161,06/10/2022,DRUG OFFENSE
16162,06/10/2022,THEFT
16163,2022-06-10,DRUG OFFENSE
16164,10-Jun-2022,OTHER
16165,06/10/2022,FRAUD
16166,2022-06-10,ASSAULT
16167,10-Jun-2022,OTHER
16168,06/10/2022,OTHER
16169,06/10/2022,ROBBERY
16170,06/10/2022,OTHER
16171,06/10/2022,THEFT
16172,10-Jun-2022,ROBBERY
16173,06/10/2022,THEFT
16174,2022-06-10,THEFT
16175,06/10/2022,BURGLARY
16176,06/10/2022,THEFT
16177,10-Jun-2022,BURGLARY
16178,2022-06-10,OTHER
16179,06/10/2022,BURGLARY
16180,10-Jun-2022,BURGLARY
16181,2022-06-10,DRUG OFFENSE
16182,06/10/2022,ROBBERY
16183,06/10/2022,BURGLARY
16184,2022-06-10,THEFT
16185,2022-06-10,ASSAULT
16186,06/10/2022,VANDALISM
16187,06/10/2022,THEFT
16188,06/10/2022,ASSAULT
16189,10-Jun-2022,THEFT
16190,06/10/2022,ROBBERY
16191,10-Jun-2022,FRAUD
16192,06/10/2022,ROBBERY
16193,06/10/2022,ASSAULT
16194,06/10/2022,FRAUD
16195,2022-06-10,ASSAULT
16196,10-Jun-2022,THEFT
16197,10-Jun-2022,ASSAULT
16198,06/10/2022,ASSAULT
16199,2022-06-10,VANDALISM
16200,10-Jun-2022,DRUG OFFENSE
16201,2022-06-10,OTHER
16202,10-Jun-2022,FRAUD
16203,10-Jun-2022,FRAUD
16204,06/10/2022,ROBBERY
16205,10-Jun-2022,ROBBERY
16206,06/10/2022,BURGLARY
16207,2022-06-11,VANDALISM
16208,06/11/2022,OTHER
16209,11-Jun-2022,ROBBERY
16210,11-Jun-2022,ROBBERY
16211,2022-06-11,BURGLARY
16212,2022-06-11,OTHER
16213,06/11/2022,ROBBERY
16214,11-Jun-2022,THEFT
16215,11-Jun-2022,ASSAULT
16216,06/11/2022,THEFT
16217,06/11/2022,ASSAULT
16218,11-Jun-2022,THEFT
16219,2022-06-11,FRAUD
16220,11-Jun-2022,ASSAULT
16221,11-Jun-2022,OTHER
16222,06/11/2022,THEFT
16223,11-Jun-2022,THEFT
16224,06/11/2022,BURGLARY
16225,06/11/2022,FRAUD
16226,06/11/2022,DRUG OFFENSE
16227,11-Jun-2022,ASSAULT
16228,11-Jun-2022,VANDALISM
16229,11-Jun-2022,ROBBERY
16230,06/11/2022,ASSAULT
16231,2022-06-11,ASSAULT
16232,06/11/2022,THEFT
16233,11-Jun-2022,ASSAULT
16234,2022-06-11,VANDALISM
16235,2022-06-11,ASSAULT
16236,06/11/2022,BURGLARY
16237,11-Jun-2022,FRAUD
16238,06/11/2022,OTHER
16239,11-Jun-2022,VANDALISM
16240,11-Jun-2022,THEFT
16241,2022-06-11,THEFT
16242,2022-06-11,ASSAULT
16243,2022-06-11,ROBBERY
16244,06/11/2022,DRUG OFFENSE
16245,11-Jun-2022,DRUG OFFENSE
16246,2022-06-11,ROBBERY
16247,2022-06-11,DRUG OFFENSE
16248,2022-06-11,DRUG OFFENSE
16249,06/11/2022,BURGLARY
16250,11-Jun-2022,DRUG OFFENSE
16251,2022-06-11,THEFT
16252,11-Jun-2022,DRUG OFFENSE
16253,06/11/2022,FRAUD
16254,11-Jun-2022,DRUG OFFENSE
16255,11-Jun-2022,DRUG OFFENSE
16256,2022-06-11,ROBBERY
16257,06/11/2022,ASSAULT
16258,11-Jun-2022,OTHER
16259,2022-06-11,ROBBERY
16260,06/11/2022,ROBBERY
16261,06/11/2022,ROBBERY
16262,2022-06-11,DRUG OFFENSE
16263,2022-06-11,OTHER
16264,06/11/2022,VANDALISM
16265,2022-06-12,FRAUD
16266,12-Jun-2022,DRUG OFFENSE
16267,06/12/2022,ROBBERY
16268,12-Jun-2022,ROBBERY
16269,12-Jun-2022,ASSAULT
16270,2022-06-12,ASSAULT
16271,06/12/2022,DRUG OFFENSE
16272,06/12/2022,FRAUD
16273,06/12/2022,OTHER
16274,06/12/2022,OTHER
16275,06/12/2022,BURGLARY
16276,2022-06-12,VANDALISM
16277,06/12/2022,ASSAULT
16278,12-Jun-2022,ASSAULT
16279,2022-06-12,ROBBERY
16280,2022-06-12,FRAUD
16281,06/12/2022,VANDALISM
16282,2022-06-12,FRAUD
16283,12-Jun-2022,FRAUD
16284,06/12/2022,FRAUD
16285,12-Jun-2022,FRAUD
16286,06/12/2022,OTHER
16287,2022-06-12,ASSAULT
16288,06/12/2022,VANDALISM
16289,2022-06-12,DRUG OFFENSE
16290,2022-06-12,VANDALISM
16291,2022-06-12,THEFT
16292,06/12/2022,FRAUD
16293,12-Jun-2022,OTHER
16294,12-Jun-2022,ROBBERY
16295,12-Jun-2022,VANDALISM
16296,2022-06-12,VANDALISM
16297,12-Jun-2022,THEFT
16298,06/12/2022,THEFT
16299,12-Jun-2022,BURGLARY
16300,06/12/2022,BURGLARY
16301,2022-06-12,THEFT
16302,06/12/2022,ROBBERY
16303,2022-06-12,THEFT
16304,2022-06-12,DRUG OFFENSE
16305,2022-06-12,ROBBERY
16306,12-Jun-2022,BURGLARY
16307,06/12/2022,ROBBERY
16308,06/12/2022,DRUG OFFENSE
16309,06/12/2022,FRAUD
16310,06/12/2022,ASSAULT
16311,12-Jun-2022,FRAUD
16312,2022-06-12,FRAUD
16313,06/12/2022,VANDALISM
16314,2022-06-12,ASSAULT
16315,2022-06-12,THEFT
16316,12-Jun-2022,VANDALISM
16317,2022-06-12,DRUG OFFENSE
16318,06/12/2022,BURGLARY
16319,2022-06-13,ROBBERY
16320,13-Jun-2022,ROBBERY
16321,06/13/2022,ASSAULT
16322,2022-06-13,OTHER
16323,2022-06-13,THEFT
16324,13-Jun-2022,OTHER
16325,06/13/2022,ROBBERY
16326,2022-06-13,DRUG OFFENSE
16327,13-Jun-2022,ROBBERY
16328,2022-06-13,FRAUD
16329,06/13/2022,OTHER
16330,06/13/2022,DRUG OFFENSE
16331,06/13/2022,ROBBERY
16332,13-Jun-2022,THEFT
16333,13-Jun-2022,OTHER
16334,13-Jun-2022,ROBBERY
16335,2022-06-13,FRAUD
16336,06/13/2022,THEFT
16337,06/13/2022,ASSAULT
16338,2022-06-13,BURGLARY
16339,2022-06-13,ASSAULT
16340,06/13/2022,ASSAULT
16341,13-Jun-2022,THEFT
16342,2022-06-13,ROBBERY
16343,13-Jun-2022,THEFT
16344,06/13/2022,OTHER
16345,06/13/2022,THEFT
16346,13-Jun-2022,THEFT
16347,2022-06-13,DRUG OFFENSE
16348,06/13/2022,DRUG OFFENSE
16349,06/13/2022,THEFT
16350,2022-06-13,BURGLARY
16351,06/13/2022,OTHER
16352,13-Jun-2022,ASSAULT
16353,2022-06-13,ASSAULT
16354,13-Jun-2022,OTHER
16355,13-Jun-2022,VANDALISM
16356,13-Jun-2022,FRAUD
16357,2022-06-13,ROBBERY
16358,06/13/2022,OTHER
16359,06/13/2022,ASSAULT
16360,13-Jun-2022,VANDALISM
16361,06/13/2022,FRAUD
16362,06/13/2022,ROBBERY
16363,06/13/2022,FRAUD
16364,06/13/2022,OTHER
16365,13-Jun-2022,THEFT
16366,2022-06-14,ROBBERY
16367,06/14/2022,ROBBERY
16368,14-Jun-2022,ASSAULT
16369,06/14/2022,ASSAULT
16370,2022-06-14,DRUG OFFENSE
16371,2022-06-14,OTHER
16372,14-Jun-2022,ROBBERY
16373,06/14/2022,ROBBERY
16374,14-Jun-2022,DRUG OFFENSE
16375,2022-06-14,FRAUD
16376,2022-06-14,ASSAULT
16377,06/14/2022,BURGLARY
16378,14-Jun-2022,THEFT
16379,2022-06-14,DRUG OFFENSE
16380,06/14/2022,BURGLARY
16381,14-Jun-2022,DRUG OFFENSE
16382,14-Jun-2022,VANDALISM
16383,14-Jun-2022,VANDALISM
16384,06/14/2022,BURGLARY
16385,06/14/2022,FRAUD
16386,14-Jun-2022,ROBBERY
16387,2022-06-14,ROBBERY
16388,06/14/2022,VANDALISM
16389,14-Jun-2022,OTHER
16390,06/14/2022,OTHER
16391,2022-06-14,OTHER
16392,14-Jun-2022,OTHER
16393,06/14/2022,VANDALISM
16394,06/14/2022,FRAUD
16395,06/14/2022,BURGLARY
16396,2022-06-14,VANDALISM
16397,14-Jun-2022,THEFT
16398,06/14/2022,ROBBERY
16399,14-Jun-2022,BURGLARY
16400,06/14/2022,ROBBERY
16401,06/14/2022,THEFT
16402,2022-06-14,THEFT
16403,2022-06-14,ROBBERY
16404,14-Jun-2022,ROBBERY
16405,14-Jun-2022,THEFT
16406,2022-06-14,VANDALISM
16407,14-Jun-2022,DRUG OFFENSE
16408,06/14/2022,THEFT
16409,2022-06-14,BURGLARY
16410,14-Jun-2022,OTHER
16411,2022-06-14,THEFT
16412,06/14/2022,OTHER
16413,06/14/2022,ROBBERY
16414,2022-06-14,FRAUD
16415,2022-06-14,VANDALISM
16416,14-Jun-2022,ROBBERY
16417,14-Jun-2022,FRAUD
16418,14-Jun-2022,ASSAULT
16419,14-Jun-2022,BURGLARY
16420,06/14/2022,OTHER
16421,06/14/2022,FRAUD
16422,06/15/2022,ROBBERY
16423,2022-06-15,ROBBERY
16424,2022-06-15,FRAUD
16425,06/15/2022,THEFT
16426,2022-06-15,THEFT
16427,2022-06-15,ROBBERY
16428,2022-06-15,OTHER
16429,06/15/2022,BURGLARY
16430,06/15/2022,ROBBERY
16431,15-Jun-2022,THEFT
16432,2022-06-15,FRAUD
16433,06/15/2022,THEFT
16434,06/15/2022,OTHER
16435,2022-06-15,DRUG OFFENSE
16436,2022-06-15,THEFT
16437,2022-06-15,OTHER
16438,2022-06-15,THEFT
16439,15-Jun-2022,ASSAULT
16440,15-Jun-2022,VANDALISM
16441,2022-06-15,THEFT
16442,15-Jun-2022,DRUG OFFENSE
16443,2022-06-15,VANDALISM
16444,2022-06-15,FRAUD
16445,15-Jun-2022,VANDALISM
16446,2022-06-15,DRUG OFFENSE
16447,06/15/2022,DRUG OFFENSE
16448,2022-06-15,ROBBERY
16449,15-Jun-2022,DRUG OFFENSE
16450,15-Jun-2022,FRAUD
16451,06/15/2022,THEFT
16452,15-Jun-2022,ASSAULT
16453,2022-06-15,ROBBERY
16454,06/15/2022,VANDALISM
16455,06/15/2022,ASSAULT
16456,06/15/2022,DRUG OFFENSE
16457,2022-06-15,FRAUD
16458,2022-06-15,BURGLARY
16459,06/15/2022,FRAUD
16460,06/15/2022,THEFT
16461,2022-06-15,THEFT
16462,06/15/2022,ASSAULT
16463,2022-06-15,VANDALISM
16464,06/15/2022,VANDALISM
16465,06/15/2022,THEFT
16466,2022-06-15,BURGLARY
16467,2022-06-15,BURGLARY
16468,2022-06-15,THEFT
16469,16-Jun-2022,THEFT
16470,2022-06-16,ASSAULT
16471,16-Jun-2022,ROBBERY
16472,2022-06-16,OTHER
16473,2022-06-16,BURGLARY
16474,06/16/2022,BURGLARY
16475,2022-06-16,BURGLARY
16476,2022-06-16,ROBBERY
16477,16-Jun-2022,ASSAULT
16478,06/16/2022,DRUG OFFENSE
16479,2022-06-16,FRAUD
16480,06/16/2022,ROBBERY
16481,06/16/2022,THEFT
16482,16-Jun-2022,FRAUD
16483,16-Jun-2022,DRUG OFFENSE
16484,06/16/2022,DRUG OFFENSE
16485,06/16/2022,BURGLARY
16486,06/16/2022,VANDALISM
16487,16-Jun-2022,OTHER
16488,06/16/2022,FRAUD
16489,16-Jun-2022,THEFT
16490,16-Jun-2022,ASSAULT
16491,16-Jun-2022,FRAUD
16492,2022-06-16,THEFT
16493,06/16/2022,VANDALISM
16494,06/16/2022,OTHER
16495,06/16/2022,BURGLARY
16496,16-Jun-2022,FRAUD
16497,16-Jun-2022,FRAUD
16498,2022-06-16,VANDALISM
16499,2022-06-16,BURGLARY
16500,06/16/2022,FRAUD
16501,16-Jun-2022,BURGLARY
16502,2022-06-16,BURGLARY
16503,16-Jun-2022,OTHER
16504,16-Jun-2022,THEFT
16505,06/16/2022,VANDALISM
16506,2022-06-16,ASSAULT
16507,06/16/2022,VANDALISM
16508,06/16/2022,ASSAULT
16509,2022-06-16,FRAUD
16510,2022-06-16,OTHER
16511,2022-06-16,ASSAULT
16512,06/16/2022,THEFT
16513,06/16/2022,ASSAULT
16514,06/17/2022,THEFT
16515,2022-06-17,ROBBERY
16516,2022-06-17,FRAUD
16517,2022-06-17,ROBBERY
16518,2022-06-17,OTHER
16519,06/17/2022,VANDALISM
16520,06/17/2022,VANDALISM
16521,06/17/2022,ASSAULT
16522,06/17/2022,FRAUD
16523,06/17/2022,ASSAULT
16524,17-Jun-2022,FRAUD
16525,2022-06-17,VANDALISM
16526,06/17/2022,OTHER
16527,17-Jun-2022,ROBBERY
16528,17-Jun-2022,DRUG OFFENSE
16529,06/17/2022,ROBBERY
16530,06/17/2022,THEFT
16531,06/17/2022,DRUG OFFENSE
16532,06/17/2022,ROBBERY
16533,06/17/2022,THEFT
16534,06/17/2022,ASSAULT
16535,17-Jun-2022,FRAUD
16536,2022-06-17,THEFT
16537,17-Jun-2022,ROBBERY
16538,2022-06-17,ROBBERY
16539,2022-06-17,OTHER
16540,2022-06-17,THEFT
16541,17-Jun-2022,THEFT
16542,06/17/2022,BURGLARY
16543,2022-06-17,DRUG OFFENSE
16544,06/17/2022,THEFT
16545,2022-06-17,VANDALISM
16546,2022-06-17,VANDALISM
16547,2022-06-17,OTHER
16548,06/17/2022,FRAUD
16549,06/17/2022,ROBBERY
16550,2022-06-17,THEFT
16551,2022-06-17,ASSAULT
16552,17-Jun-2022,OTHER
16553,06/17/2022,VANDALISM
16554,06/17/2022,DRUG OFFENSE
16555,18-Jun-2022,BURGLARY
16556,06/18/2022,ASSAULT
16557,2022-06-18,VANDALISM
16558,2022-06-18,ROBBERY
16559,2022-06-18,ASSAULT
16560,06/18/2022,VANDALISM
16561,18-Jun-2022,OTHER
16562,06/18/2022,ASSAULT
16563,18-Jun-2022,FRAUD
16564,06/18/2022,FRAUD
16565,2022-06-18,DRUG OFFENSE
16566,2022-06-18,VANDALISM
16567,2022-06-18,DRUG OFFENSE
16568,06/18/2022,FRAUD
16569,18-Jun-2022,DRUG OFFENSE
16570,2022-06-18,FRAUD
16571,06/18/2022,ASSAULT
16572,18-Jun-2022,ASSAULT
16573,18-Jun-2022,ASSAULT
16574,2022-06-18,FRAUD
16575,06/18/2022,FRAUD
16576,06/18/2022,ASSAULT
16577,06/18/2022,DRUG OFFENSE
16578,2022-06-18,ASSAULT
16579,06/18/2022,BURGLARY
16580,06/18/2022,DRUG OFFENSE
16581,18-Jun-2022,BURGLARY
16582,06/18/2022,FRAUD
16583,2022-06-18,FRAUD
16584,2022-06-18,ROBBERY
16585,2022-06-18,THEFT
16586,18-Jun-2022,ROBBERY
16587,06/18/2022,VANDALISM
16588,2022-06-18,FRAUD
16589,2022-06-18,BURGLARY
16590,2022-06-18,ROBBERY
16591,2022-06-18,THEFT
16592,18-Jun-2022,VANDALISM
16593,2022-06-18,VANDALISM
16594,18-Jun-2022,THEFT
16595,06/18/2022,OTHER
16596,06/18/2022,FRAUD
16597,18-Jun-2022,ASSAULT
16598,18-Jun-2022,BURGLARY
16599,06/18/2022,DRUG OFFENSE
16600,18-Jun-2022,THEFT
16601,18-Jun-2022,THEFT
16602,06/18/2022,DRUG OFFENSE
16603,18-Jun-2022,ROBBERY
16604,18-Jun-2022,BURGLARY
16605,18-Jun-2022,ASSAULT
16606,2022-06-18,OTHER
16607,06/18/2022,ASSAULT
16608,18-Jun-2022,FRAUD
16609,18-Jun-2022,BURGLARY
16610,06/19/2022,THEFT
16611,2022-06-19,VANDALISM
16612,19-Jun-2022,FRAUD
16613,2022-06-19,FRAUD
16614,2022-06-19,ROBBERY
16615,2022-06-19,BURGLARY
16616,06/19/2022,OTHER
16617,19-Jun-2022,OTHER
16618,19-Jun-2022,FRAUD
16619,06/19/2022,BURGLARY
16620,19-Jun-2022,BURGLARY
16621,06/19/2022,ROBBERY
16622,06/19/2022,BURGLARY
16623,19-Jun-2022,BURGLARY
16624,19-Jun-2022,DRUG OFFENSE
16625,06/19/2022,VANDALISM
16626,06/19/2022,ROBBERY
16627,06/19/2022,THEFT
16628,06/19/2022,DRUG OFFENSE
16629,2022-06-19,ASSAULT
16630,19-Jun-2022,THEFT
16631,06/19/2022,THEFT
16632,2022-06-19,ROBBERY
16633,2022-06-19,THEFT
16634,2022-06-19,ASSAULT
16635,06/19/2022,FRAUD
16636,2022-06-19,VANDALISM
16637,06/19/2022,OTHER
16638,06/19/2022,THEFT
16639,19-Jun-2022,OTHER
16640,06/19/2022,THEFT
16641,06/19/2022,OTHER
16642,06/19/2022,THEFT
16643,06/19/2022,ASSAULT
16644,19-Jun-2022,ROBBERY
16645,19-Jun-2022,ASSAULT
16646,19-Jun-2022,FRAUD
16647,19-Jun-2022,ASSAULT
16648,2022-06-19,DRUG OFFENSE
16649,19-Jun-2022,THEFT
16650,06/19/2022,ASSAULT
16651,19-Jun-2022,THEFT
16652,19-Jun-2022,OTHER
16653,19-Jun-2022,ASSAULT
16654,06/19/2022,ASSAULT
16655,2022-06-19,ASSAULT
16656,19-Jun-2022,THEFT
16657,19-Jun-2022,OTHER
16658,06/19/2022,FRAUD
16659,2022-06-19,ROBBERY
16660,2022-06-19,DRUG OFFENSE
16661,19-Jun-2022,BURGLARY
16662,06/20/2022,ASSAULT
16663,2022-06-20,ROBBERY
16664,06/20/2022,OTHER
16665,20-Jun-2022,OTHER
16666,06/20/2022,FRAUD
16667,2022-06-20,OTHER
16668,2022-06-20,THEFT
16669,06/20/2022,VANDALISM
16670,06/20/2022,BURGLARY
16671,06/20/2022,OTHER
16672,06/20/2022,OTHER
16673,20-Jun-2022,VANDALISM
16674,20-Jun-2022,OTHER
16675,20-Jun-2022,VANDALISM
16676,06/20/2022,ROBBERY
16677,06/20/2022,BURGLARY
16678,20-Jun-2022,FRAUD
16679,2022-06-20,FRAUD
16680,2022-06-20,VANDALISM
16681,06/20/2022,OTHER
16682,20-Jun-2022,BURGLARY
16683,06/20/2022,ROBBERY
16684,06/20/2022,OTHER
16685,06/20/2022,DRUG OFFENSE
16686,06/20/2022,VANDALISM
16687,06/20/2022,FRAUD
16688,06/20/2022,THEFT
16689,06/20/2022,FRAUD
16690,2022-06-20,ASSAULT
16691,06/20/2022,FRAUD
16692,06/20/2022,THEFT
16693,2022-06-20,OTHER
16694,06/20/2022,BURGLARY
16695,2022-06-20,ROBBERY
16696,20-Jun-2022,VANDALISM
16697,20-Jun-2022,FRAUD
16698,20-Jun-2022,ASSAULT
16699,2022-06-20,ASSAULT
16700,2022-06-20,ASSAULT
16701,06/20/2022,FRAUD
16702,20-Jun-2022,ASSAULT
16703,20-Jun-2022,BURGLARY
16704,20-Jun-2022,OTHER
16705,20-Jun-2022,DRUG OFFENSE
16706,2022-06-20,FRAUD
16707,2022-06-20,DRUG OFFENSE
16708,06/20/2022,VANDALISM
16709,06/20/2022,DRUG OFFENSE
16710,2022-06-20,DRUG OFFENSE
16711,20-Jun-2022,ASSAULT
16712,20-Jun-2022,DRUG OFFENSE
16713,2022-06-20,OTHER
16714,06/21/2022,ROBBERY
16715,21-Jun-2022,ASSAULT
16716,2022-06-21,ROBBERY
16717,21-Jun-2022,DRUG OFFENSE
16718,06/21/2022,ASSAULT
16719,06/21/2022,THEFT
16720,06/21/2022,ASSAULT
16721,2022-06-21,ASSAULT
16722,21-Jun-2022,ROBBERY
16723,21-Jun-2022,VANDALISM
16724,06/21/2022,FRAUD
16725,06/21/2022,VANDALISM
16726,21-Jun-2022,FRAUD
16727,2022-06-21,ASSAULT
16728,06/21/2022,ASSAULT
16729,21-Jun-2022,ROBBERY
16730,06/21/2022,VANDALISM
16731,06/21/2022,ROBBERY
16732,06/21/2022,BURGLARY
16733,2022-06-21,OTHER
16734,2022-06-21,ASSAULT
16735,06/21/2022,BURGLARY
16736,06/21/2022,THEFT
16737,06/21/2022,OTHER
16738,06/21/2022,DRUG OFFENSE
16739,06/21/2022,FRAUD
16740,06/21/2022,ASSAULT
16741,06/21/2022,FRAUD
16742,06/21/2022,ROBBERY
16743,06/21/2022,ROBBERY
16744,21-Jun-2022,FRAUD
16745,21-Jun-2022,ASSAULT
16746,2022-06-21,OTHER
16747,06/21/2022,OTHER
16748,2022-06-21,THEFT
16749,2022-06-21,DRUG OFFENSE
16750,2022-06-21,VANDALISM
16751,21-Jun-2022,ROBBERY
16752,06/21/2022,DRUG OFFENSE
16753,21-Jun-2022,DRUG OFFENSE
16754,06/21/2022,THEFT
16755,06/21/2022,ASSAULT
16756,06/21/2022,FRAUD
16757,2022-06-21,OTHER
16758,21-Jun-2022,ROBBERY
16759,2022-06-21,FRAUD
16760,06/21/2022,DRUG OFFENSE
16761,06/21/2022,VANDALISM
16762,06/21/2022,ROBBERY
16763,06/21/2022,DRUG OFFENSE
16764,21-Jun-2022,ROBBERY
16765,21-Jun-2022,BURGLARY
16766,06/22/2022,VANDALISM
16767,22-Jun-2022,BURGLARY
16768,06/22/2022,FRAUD
16769,2022-06-22,VANDALISM
16770,2022-06-22,THEFT
16771,2022-06-22,FRAUD
16772,06/22/2022,THEFT
16773,2022-06-22,THEFT
16774,22-Jun-2022,OTHER
16775,06/22/2022,ROBBERY
16776,2022-06-22,VANDALISM
16777,2022-06-22,OTHER
16778,06/22/2022,ROBBERY
16779,22-Jun-2022,ASSAULT
16780,22-Jun-2022,VANDALISM
16781,22-Jun-2022,FRAUD
16782,06/22/2022,ROBBERY
16783,22-Jun-2022,OTHER
16784,06/22/2022,BURGLARY
16785,22-Jun-2022,DRUG OFFENSE
16786,22-Jun-2022,FRAUD
16787,06/22/2022,BURGLARY
16788,06/22/2022,FRAUD
16789,2022-06-22,THEFT
16790,22-Jun-2022,THEFT
16791,06/22/2022,ROBBERY
16792,06/22/2022,BURGLARY
16793,2022-06-22,VANDALISM
16794,06/22/2022,ROBBERY
16795,06/22/2022,ASSAULT
16796,06/22/2022,THEFT
16797,2022-06-22,DRUG OFFENSE
16798,06/22/2022,THEFT
16799,2022-06-22,VANDALISM
16800,06/22/2022,ROBBERY
16801,22-Jun-2022,BURGLARY
16802,23-Jun-2022,BURGLARY
16803,06/23/2022,VANDALISM
16804,2022-06-23,ASSAULT
16805,23-Jun-2022,BURGLARY
16806,2022-06-23,OTHER
16807,06/23/2022,DRUG OFFENSE
16808,06/23/2022,FRAUD
16809,2022-06-23,ROBBERY
16810,23-Jun-2022,ASSAULT
16811,06/23/2022,FRAUD
16812,06/23/2022,ASSAULT
16813,06/23/2022,ASSAULT
16814,06/23/2022,THEFT
16815,23-Jun-2022,DRUG OFFENSE
16816,06/23/2022,ROBBERY
16817,06/23/2022,OTHER
16818,23-Jun-2022,OTHER
16819,06/23/2022,ASSAULT
16820,06/23/2022,ASSAULT
16821,2022-06-23,ROBBERY
16822,06/23/2022,FRAUD
16823,2022-06-23,ASSAULT
16824,06/23/2022,VANDALISM
16825,23-Jun-2022,FRAUD
16826,06/23/2022,VANDALISM
16827,23-Jun-2022,VANDALISM
16828,06/23/2022,ASSAULT
16829,06/23/2022,DRUG OFFENSE
16830,2022-06-23,VANDALISM
16831,06/23/2022,VANDALISM
16832,23-Jun-2022,VANDALISM
16833,23-Jun-2022,ASSAULT
16834,06/23/2022,DRUG OFFENSE
16835,06/23/2022,FRAUD
16836,06/23/2022,VANDALISM
16837,06/23/2022,BURGLARY
16838,06/23/2022,VANDALISM
16839,06/23/2022,OTHER
16840,23-Jun-2022,BURGLARY
16841,06/23/2022,DRUG OFFENSE
16842,2022-06-23,THEFT
16843,06/23/2022,ROBBERY
16844,23-Jun-2022,ASSAULT
16845,06/23/2022,BURGLARY
16846,06/23/2022,FRAUD
16847,06/23/2022,VANDALISM
16848,23-Jun-2022,BURGLARY
16849,23-Jun-2022,VANDALISM
16850,06/23/2022,ROBBERY
16851,06/23/2022,BURGLARY
16852,2022-06-23,ASSAULT
16853,06/23/2022,THEFT
16854,2022-06-23,VANDALISM
16855,06/23/2022,THEFT
16856,23-Jun-2022,FRAUD
16857,06/23/2022,VANDALISM
16858,2022-06-23,BURGLARY
16859,06/24/2022,BURGLARY
16860,24-Jun-2022,ASSAULT
16861,2022-06-24,VANDALISM
16862,2022-06-24,VANDALISM
16863,24-Jun-2022,ROBBERY
16864,2022-06-24,OTHER
16865,06/24/2022,THEFT
16866,06/24/2022,THEFT
16867,2022-06-24,BURGLARY
16868,2022-06-24,BURGLARY
16869,2022-06-24,ROBBERY
16870,06/24/2022,ASSAULT
16871,24-Jun-2022,VANDALISM
16872,2022-06-24,ROBBERY
16873,24-Jun-2022,THEFT
16874,06/24/2022,FRAUD
16875,2022-06-24,ASSAULT
16876,06/24/2022,VANDALISM
16877,06/24/2022,ROBBERY
16878,24-Jun-2022,ASSAULT
16879,24-Jun-2022,THEFT
16880,2022-06-24,VANDALISM
16881,2022-06-24,VANDALISM
16882,06/24/2022,OTHER
16883,2022-06-24,DRUG OFFENSE
16884,06/24/2022,OTHER
16885,24-Jun-2022,THEFT
16886,06/24/2022,DRUG OFFENSE
16887,06/24/2022,ASSAULT
16888,06/24/2022,DRUG OFFENSE
16889,06/24/2022,ROBBERY
16890,2022-06-24,ROBBERY
16891,06/24/2022,ROBBERY
16892,06/24/2022,THEFT
16893,2022-06-24,OTHER
16894,2022-06-24,DRUG OFFENSE
16895,24-Jun-2022,ASSAULT
16896,24-Jun-2022,FRAUD
16897,2022-06-24,ASSAULT
16898,06/24/2022,OTHER
16899,24-Jun-2022,FRAUD
16900,2022-06-24,FRAUD
16901,24-Jun-2022,ROBBERY
16902,2022-06-24,ROBBERY
16903,24-Jun-2022,THEFT
16904,24-Jun-2022,BURGLARY
16905,06/24/2022,VANDALISM
16906,2022-06-24,VANDALISM
16907,06/25/2022,ROBBERY
16908,2022-06-25,ROBBERY
16909,06/25/2022,BURGLARY
16910,2022-06-25,VANDALISM
16911,06/25/2022,BURGLARY
16912,2022-06-25,ROBBERY
16913,06/25/2022,FRAUD
16914,25-Jun-2022,OTHER
16915,25-Jun-2022,THEFT
16916,25-Jun-2022,VANDALISM
16917,06/25/2022,VANDALISM
16918,06/25/2022,BURGLARY
16919,2022-06-25,DRUG OFFENSE
16920,2022-06-25,ROBBERY
16921,06/25/2022,BURGLARY
16922,06/25/2022,FRAUD
16923,06/25/2022,OTHER
16924,25-Jun-2022,OTHER
16925,06/25/2022,ROBBERY
16926,2022-06-25,ROBBERY
16927,06/25/2022,BURGLARY
16928,25-Jun-2022,VANDALISM
16929,06/25/2022,VANDALISM
16930,06/25/2022,DRUG OFFENSE
16931,06/25/2022,VANDALISM
16932,2022-06-25,VANDALISM
16933,06/25/2022,DRUG OFFENSE
16934,25-Jun-2022,ASSAULT
16935,06/25/2022,DRUG OFFENSE
16936,2022-06-25,THEFT
16937,25-Jun-2022,DRUG OFFENSE
16938,25-Jun-2022,OTHER
16939,06/25/2022,OTHER
16940,2022-06-25,THEFT
16941,2022-06-25,VANDALISM
16942,06/25/2022,ROBBERY
16943,25-Jun-2022,ASSAULT
16944,25-Jun-2022,DRUG OFFENSE
16945,06/25/2022,DRUG OFFENSE
16946,25-Jun-2022,ASSAULT
16947,06/25/2022,ASSAULT
16948,06/25/2022,BURGLARY
16949,2022-06-25,BURGLARY
16950,2022-06-25,ROBBERY
16951,06/25/2022,FRAUD
16952,06/25/2022,THEFT
16953,2022-06-25,FRAUD
16954,25-Jun-2022,BURGLARY
16955,2022-06-25,VANDALISM
16956,25-Jun-2022,OTHER
16957,2022-06-25,OTHER
16958,2022-06-26,BURGLARY
16959,26-Jun-2022,ASSAULT
16960,06/26/2022,BURGLARY
16961,2022-06-26,ASSAULT
16962,06/26/2022,ROBBERY
16963,2022-06-26,DRUG OFFENSE
16964,26-Jun-2022,OTHER
16965,06/26/2022,DRUG OFFENSE
16966,2022-06-26,THEFT
16967,26-Jun-2022,DRUG OFFENSE
16968,26-Jun-2022,ASSAULT
16969,26-Jun-2022,VANDALISM
16970,26-Jun-2022,OTHER
16971,06/26/2022,VANDALISM
16972,2022-06-26,ASSAULT
16973,06/26/2022,ASSAULT
16974,06/26/2022,VANDALISM
16975,26-Jun-2022,THEFT
16976,26-Jun-2022,THEFT
16977,2022-06-26,DRUG OFFENSE
16978,2022-06-26,THEFT
16979,06/26/2022,ASSAULT
16980,06/26/2022,BURGLARY
16981,26-Jun-2022,ASSAULT
16982,06/26/2022,OTHER
16983,26-Jun-2022,BURGLARY
16984,26-Jun-2022,ASSAULT
16985,06/26/2022,DRUG OFFENSE
16986,06/26/2022,FRAUD
16987,06/26/2022,ASSAULT
16988,2022-06-26,FRAUD
16989,26-Jun-2022,FRAUD
16990,2022-06-26,VANDALISM
16991,26-Jun-2022,FRAUD
16992,2022-06-26,ROBBERY
16993,26-Jun-2022,ASSAULT
16994,06/26/2022,ASSAULT
16995,26-Jun-2022,THEFT
16996,06/26/2022,OTHER
16997,06/26/2022,FRAUD
16998,2022-06-26,OTHER
16999,06/26/2022,VANDALISM
17000,06/26/2022,FRAUD
17001,26-Jun-2022,VANDALISM
17002,26-Jun-2022,THEFT
17003,26-Jun-2022,BURGLARY
17004,2022-06-26,VANDALISM
17005,06/26/2022,ASSAULT
17006,2022-06-26,OTHER
17007,06/26/2022,ROBBERY
17008,27-Jun-2022,VANDALISM
17009,2022-06-27,ASSAULT
17010,2022-06-27,VANDALISM
17011,2022-06-27,OTHER
17012,2022-06-27,OTHER
17013,27-Jun-2022,FRAUD
17014,06/27/2022,BURGLARY
17015,2022-06-27,BURGLARY
17016,06/27/2022,THEFT
17017,06/27/2022,DRUG OFFENSE
17018,2022-06-27,FRAUD
17019,27-Jun-2022,DRUG OFFENSE
17020,27-Jun-2022,THEFT
17021,27-Jun-2022,OTHER
17022,27-Jun-2022,ROBBERY
17023,27-Jun-2022,FRAUD
17024,06/27/2022,OTHER
17025,06/27/2022,FRAUD
17026,06/27/2022,FRAUD
17027,27-Jun-2022,BURGLARY
17028,06/27/2022,DRUG OFFENSE
17029,2022-06-27,DRUG OFFENSE
17030,27-Jun-2022,ASSAULT
17031,27-Jun-2022,THEFT
17032,27-Jun-2022,DRUG OFFENSE
17033,06/27/2022,FRAUD
17034,2022-06-27,DRUG OFFENSE
17035,06/27/2022,OTHER
17036,2022-06-27,DRUG OFFENSE
17037,06/27/2022,BURGLARY
17038,2022-06-27,FRAUD
17039,27-Jun-2022,FRAUD
17040,27-Jun-2022,ROBBERY
17041,06/27/2022,THEFT
17042,27-Jun-2022,THEFT
17043,27-Jun-2022,OTHER
17044,2022-06-27,BURGLARY
17045,06/27/2022,ROBBERY
17046,06/27/2022,VANDALISM
17047,27-Jun-2022,THEFT
17048,27-Jun-2022,VANDALISM
17049,2022-06-27,VANDALISM
17050,06/27/2022,VANDALISM
17051,27-Jun-2022,OTHER
17052,2022-06-27,BURGLARY
17053,27-Jun-2022,ASSAULT
17054,06/27/2022,FRAUD
17055,2022-06-28,VANDALISM
17056,06/28/2022,THEFT
17057,06/28/2022,BURGLARY
17058,28-Jun-2022,DRUG OFFENSE
17059,2022-06-28,OTHER
17060,28-Jun-2022,FRAUD
17061,28-Jun-2022,OTHER
17062,28-Jun-2022,BURGLARY
17063,2022-06-28,OTHER
17064,06/28/2022,DRUG OFFENSE
17065,2022-06-28,BURGLARY
17066,06/28/2022,FRAUD
17067,28-Jun-2022,BURGLARY
17068,28-Jun-2022,BURGLARY
17069,28-Jun-2022,VANDALISM
17070,2022-06-28,VANDALISM
17071,2022-06-28,THEFT
17072,2022-06-28,BURGLARY
17073,2022-06-28,OTHER
17074,28-Jun-2022,ROBBERY
17075,28-Jun-2022,DRUG OFFENSE
17076,06/28/2022,ASSAULT
17077,28-Jun-2022,THEFT
17078,2022-06-28,FRAUD
17079,06/28/2022,FRAUD
17080,28-Jun-2022,FRAUD
17081,2022-06-28,ROBBERY
17082,06/28/2022,DRUG OFFENSE
17083,28-Jun-2022,DRUG OFFENSE
17084,2022-06-28,ROBBERY
17085,2022-06-28,THEFT
17086,2022-06-28,FRAUD
17087,28-Jun-2022,ROBBERY
17088,2022-06-28,ASSAULT
17089,06/28/2022,ROBBERY
17090,28-Jun-2022,THEFT
17091,06/28/2022,ROBBERY
17092,06/28/2022,OTHER
17093,2022-06-28,BURGLARY
17094,06/28/2022,FRAUD
17095,06/28/2022,BURGLARY
17096,06/28/2022,DRUG OFFENSE
17097,2022-06-28,OTHER
17098,2022-06-28,OTHER
17099,06/28/2022,FRAUD
17100,2022-06-28,ASSAULT
17101,2022-06-28,FRAUD
17102,06/28/2022,FRAUD
17103,2022-06-28,OTHER
17104,06/28/2022,ASSAULT
17105,2022-06-29,FRAUD
17106,2022-06-29,THEFT
17107,29-Jun-2022,THEFT
17108,29-Jun-2022,FRAUD
17109,2022-06-29,FRAUD
17110,2022-06-29,BURGLARY
17111,06/29/2022,DRUG OFFENSE
17112,06/29/2022,THEFT
17113,06/29/2022,VANDALISM
17114,29-Jun-2022,OTHER
17115,29-Jun-2022,BURGLARY
17116,2022-06-29,THEFT
17117,29-Jun-2022,FRAUD
17118,06/29/2022,VANDALISM
17119,29-Jun-2022,BURGLARY
17120,06/29/2022,BURGLARY
17121,29-Jun-2022,VANDALISM
17122,2022-06-29,FRAUD
17123,29-Jun-2022,DRUG OFFENSE
17124,06/29/2022,VANDALISM
17125,06/29/2022,THEFT
17126,2022-06-29,OTHER
17127,06/29/2022,ROBBERY
17128,29-Jun-2022,FRAUD
17129,2022-06-29,OTHER
17130,06/29/2022,FRAUD
17131,29-Jun-2022,OTHER
17132,06/29/2022,BURGLARY
17133,06/29/2022,DRUG OFFENSE
17134,06/29/2022,ROBBERY
17135,06/29/2022,DRUG OFFENSE
17136,29-Jun-2022,THEFT
17137,29-Jun-2022,DRUG OFFENSE
17138,29-Jun-2022,VANDALISM
17139,29-Jun-2022,FRAUD
17140,29-Jun-2022,ASSAULT
17141,2022-06-29,THEFT
17142,2022-06-29,OTHER
17143,06/29/2022,THEFT
17144,2022-06-29,ROBBERY
17145,06/29/2022,OTHER
17146,29-Jun-2022,ASSAULT
17147,29-Jun-2022,THEFT
17148,06/30/2022,BURGLARY
17149,06/30/2022,THEFT
17150,2022-06-30,FRAUD
17151,2022-06-30,DRUG OFFENSE
17152,06/30/2022,VANDALISM
17153,30-Jun-2022,FRAUD
17154,06/30/2022,VANDALISM
17155,06/30/2022,FRAUD
17156,2022-06-30,ASSAULT
17157,06/30/2022,OTHER
17158,30-Jun-2022,VANDALISM
17159,06/30/2022,THEFT
17160,06/30/2022,THEFT
17161,2022-06-30,FRAUD
17162,30-Jun-2022,OTHER
17163,06/30/2022,FRAUD
17164,2022-06-30,VANDALISM
17165,06/30/2022,FRAUD
17166,06/30/2022,ASSAULT
17167,30-Jun-2022,FRAUD
17168,06/30/2022,DRUG OFFENSE
17169,30-Jun-2022,FRAUD
17170,30-Jun-2022,ROBBERY
17171,2022-06-30,FRAUD
17172,06/30/2022,ASSAULT
17173,06/30/2022,BURGLARY
17174,30-Jun-2022,BURGLARY
17175,06/30/2022,BURGLARY
17176,06/30/2022,THEFT
17177,30-Jun-2022,OTHER
17178,30-Jun-2022,OTHER
17179,30-Jun-2022,VANDALISM
17180,06/30/2022,BURGLARY
17181,2022-06-30,THEFT
17182,2022-06-30,ROBBERY
17183,30-Jun-2022,VANDALISM
17184,30-Jun-2022,OTHER
17185,30-Jun-2022,VANDALISM
17186,2022-06-30,BURGLARY
17187,06/30/2022,BURGLARY
17188,30-Jun-2022,THEFT
17189,2022-06-30,OTHER
17190,06/30/2022,ASSAULT
17191,07/01/2022,THEFT
17192,2022-07-01,FRAUD
17193,07/01/2022,BURGLARY
17194,07/01/2022,FRAUD
17195,07/01/2022,FRAUD
17196,07/01/2022,ROBBERY
17197,07/01/2022,ROBBERY
17198,07/01/2022,DRUG OFFENSE
17199,01-Jul-2022,ROBBERY
17200,01-Jul-2022,VANDALISM
17201,07/01/2022,DRUG OFFENSE
17202,01-Jul-2022,ROBBERY
17203,07/01/2022,DRUG OFFENSE
17204,01-Jul-2022,DRUG OFFENSE
17205,2022-07-01,FRAUD
17206,07/01/2022,FRAUD
17207,07/01/2022,OTHER
17208,2022-07-01,FRAUD
17209,07/01/2022,THEFT
17210,01-Jul-2022,ROBBERY
17211,01-Jul-2022,OTHER
17212,2022-07-01,ROBBERY
17213,01-Jul-2022,ASSAULT
17214,07/01/2022,BURGLARY
17215,07/01/2022,BURGLARY
17216,2022-07-01,VANDALISM
17217,01-Jul-2022,THEFT
17218,07/01/2022,OTHER
17219,07/01/2022,ASSAULT
17220,01-Jul-2022,BURGLARY
17221,2022-07-01,ASSAULT
17222,01-Jul-2022,ASSAULT
17223,07/01/2022,OTHER
17224,07/01/2022,ROBBERY
17225,01-Jul-2022,ASSAULT
17226,01-Jul-2022,FRAUD
17227,07/01/2022,FRAUD
17228,07/01/2022,DRUG OFFENSE
17229,01-Jul-2022,ROBBERY
17230,01-Jul-2022,BURGLARY
17231,01-Jul-2022,ROBBERY
17232,07/01/2022,OTHER
17233,2022-07-01,VANDALISM
17234,07/01/2022,FRAUD
17235,2022-07-01,FRAUD
17236,01-Jul-2022,VANDALISM
17237,2022-07-01,BURGLARY
17238,07/02/2022,ASSAULT
17239,07/02/2022,VANDALISM
17240,2022-07-02,ROBBERY
17241,2022-07-02,OTHER
17242,07/02/2022,THEFT
17243,02-Jul-2022,DRUG OFFENSE
17244,02-Jul-2022,OTHER
17245,2022-07-02,BURGLARY
17246,02-Jul-2022,DRUG OFFENSE
17247,2022-07-02,VANDALISM
17248,07/02/2022,DRUG OFFENSE
17249,07/02/2022,OTHER
17250,07/02/2022,DRUG OFFENSE
17251,07/02/2022,THEFT
17252,07/02/2022,BURGLARY
17253,02-Jul-2022,FRAUD
17254,02-Jul-2022,FRAUD
17255,07/02/2022,THEFT
17256,02-Jul-2022,BURGLARY
17257,07/02/2022,FRAUD
17258,07/02/2022,OTHER
17259,02-Jul-2022,DRUG OFFENSE
17260,02-Jul-2022,OTHER
17261,07/02/2022,OTHER
17262,2022-07-02,OTHER
17263,02-Jul-2022,DRUG OFFENSE
17264,02-Jul-2022,THEFT
17265,07/02/2022,FRAUD
17266,07/02/2022,THEFT
17267,07/02/2022,FRAUD
17268,2022-07-02,VANDALISM
17269,07/02/2022,DRUG OFFENSE
17270,02-Jul-2022,VANDALISM
17271,02-Jul-2022,VANDALISM
17272,07/02/2022,OTHER
17273,2022-07-02,OTHER
17274,07/02/2022,OTHER
17275,02-Jul-2022,DRUG OFFENSE
17276,07/02/2022,OTHER
17277,07/02/2022,THEFT
17278,2022-07-02,BURGLARY
17279,07/02/2022,BURGLARY
17280,07/02/2022,THEFT
17281,07/02/2022,ROBBERY
17282,2022-07-02,OTHER
17283,2022-07-02,VANDALISM
17284,07/02/2022,FRAUD
17285,07/02/2022,ASSAULT
17286,2022-07-02,OTHER
17287,2022-07-02,ROBBERY
17288,07/02/2022,ROBBERY
17289,2022-07-02,THEFT
17290,07/02/2022,THEFT
17291,02-Jul-2022,OTHER
17292,07/02/2022,BURGLARY
17293,2022-07-02,VANDALISM
17294,2022-07-02,BURGLARY
17295,07/02/2022,ASSAULT
17296,02-Jul-2022,BURGLARY
17297,07/02/2022,ROBBERY
17298,02-Jul-2022,BURGLARY
17299,2022-07-02,FRAUD
17300,02-Jul-2022,VANDALISM
17301,02-Jul-2022,FRAUD
17302,02-Jul-2022,BURGLARY
17303,2022-07-03,ROBBERY
17304,07/03/2022,BURGLARY
17305,07/03/2022,VANDALISM
17306,07/03/2022,ROBBERY
17307,03-Jul-2022,OTHER
17308,07/03/2022,DRUG OFFENSE
17309,03-Jul-2022,THEFT
17310,07/03/2022,FRAUD
17311,07/03/2022,ASSAULT
17312,03-Jul-2022,BURGLARY
17313,2022-07-03,DRUG OFFENSE
17314,03-Jul-2022,THEFT
17315,2022-07-03,OTHER
17316,07/03/2022,THEFT
17317,03-Jul-2022,ROBBERY
17318,03-Jul-2022,BURGLARY
17319,07/03/2022,FRAUD
17320,2022-07-03,OTHER
17321,03-Jul-2022,FRAUD
17322,2022-07-03,VANDALISM
17323,07/03/2022,FRAUD
17324,2022-07-03,FRAUD
17325,07/03/2022,VANDALISM
17326,07/03/2022,OTHER
17327,03-Jul-2022,ASSAULT
17328,03-Jul-2022,VANDALISM
17329,2022-07-03,ASSAULT
17330,07/03/2022,ASSAULT
17331,2022-07-03,ROBBERY
17332,2022-07-03,ROBBERY
17333,07/03/2022,DRUG OFFENSE
17334,2022-07-03,VANDALISM
17335,07/03/2022,ROBBERY
17336,03-Jul-2022,ASSAULT
17337,03-Jul-2022,DRUG OFFENSE
17338,03-Jul-2022,ASSAULT
17339,07/03/2022,OTHER
17340,03-Jul-2022,ASSAULT
17341,07/03/2022,VANDALISM
17342,2022-07-03,ASSAULT
17343,03-Jul-2022,THEFT
17344,2022-07-03,BURGLARY
17345,07/03/2022,ASSAULT
17346,03-Jul-2022,ROBBERY
17347,2022-07-03,DRUG OFFENSE
17348,07/03/2022,BURGLARY
17349,07/03/2022,BURGLARY
17350,03-Jul-2022,BURGLARY
17351,2022-07-03,BURGLARY
17352,03-Jul-2022,DRUG OFFENSE
17353,07/03/2022,THEFT
17354,07/03/2022,OTHER
17355,03-Jul-2022,DRUG OFFENSE
17356,07/03/2022,VANDALISM
17357,07/03/2022,ROBBERY
17358,07/04/2022,BURGLARY
17359,04-Jul-2022,ASSAULT
17360,04-Jul-2022,FRAUD
17361,04-Jul-2022,OTHER
17362,04-Jul-2022,DRUG OFFENSE
17363,04-Jul-2022,THEFT
17364,07/04/2022,ASSAULT
17365,04-Jul-2022,VANDALISM
17366,07/04/2022,OTHER
17367,07/04/2022,THEFT
17368,07/04/2022,OTHER
17369,04-Jul-2022,ROBBERY
17370,07/04/2022,ROBBERY
17371,07/04/2022,DRUG OFFENSE
17372,07/04/2022,FRAUD
17373,07/04/2022,DRUG OFFENSE
17374,04-Jul-2022,DRUG OFFENSE
17375,07/04/2022,THEFT
17376,2022-07-04,THEFT
17377,04-Jul-2022,OTHER
17378,2022-07-04,FRAUD
17379,2022-07-04,DRUG OFFENSE
17380,04-Jul-2022,BURGLARY
17381,2022-07-04,THEFT
17382,07/04/2022,THEFT
17383,2022-07-04,BURGLARY
17384,07/04/2022,BURGLARY
17385,2022-07-04,OTHER
17386,07/04/2022,BURGLARY
17387,04-Jul-2022,BURGLARY
17388,04-Jul-2022,DRUG OFFENSE
17389,2022-07-04,ROBBERY
17390,07/04/2022,OTHER
17391,2022-07-04,ROBBERY
17392,04-Jul-2022,DRUG OFFENSE
17393,2022-07-04,OTHER
17394,07/04/2022,FRAUD
17395,07/04/2022,VANDALISM
17396,07/04/2022,THEFT
17397,2022-07-04,ASSAULT
17398,2022-07-04,ROBBERY
17399,07/04/2022,DRUG OFFENSE
17400,07/04/2022,ASSAULT
17401,07/04/2022,ASSAULT
17402,2022-07-04,FRAUD
17403,04-Jul-2022,VANDALISM
17404,04-Jul-2022,THEFT
17405,2022-07-04,VANDALISM
17406,07/04/2022,FRAUD
17407,04-Jul-2022,VANDALISM
17408,04-Jul-2022,ROBBERY
17409,2022-07-04,BURGLARY
17410,2022-07-04,THEFT
17411,07/05/2022,ASSAULT
17412,07/05/2022,DRUG OFFENSE
17413,05-Jul-2022,THEFT
17414,2022-07-05,FRAUD
17415,2022-07-05,BURGLARY
17416,05-Jul-2022,ASSAULT
17417,07/05/2022,THEFT
17418,05-Jul-2022,ROBBERY
17419,07/05/2022,ASSAULT
17420,05-Jul-2022,BURGLARY
17421,07/05/2022,ROBBERY
17422,2022-07-05,THEFT
17423,2022-07-05,THEFT
17424,07/05/2022,VANDALISM
17425,05-Jul-2022,THEFT
17426,05-Jul-2022,ASSAULT
17427,05-Jul-2022,VANDALISM
17428,07/05/2022,ASSAULT
17429,2022-07-05,BURGLARY
17430,05-Jul-2022,OTHER
17431,05-Jul-2022,BURGLARY
17432,05-Jul-2022,DRUG OFFENSE
17433,07/05/2022,ROBBERY
17434,07/05/2022,VANDALISM
17435,07/05/2022,FRAUD
17436,05-Jul-2022,DRUG OFFENSE
17437,05-Jul-2022,BURGLARY
17438,07/05/2022,ROBBERY
17439,05-Jul-2022,FRAUD
17440,07/05/2022,FRAUD
17441,07/05/2022,ROBBERY
17442,07/05/2022,ASSAULT
17443,2022-07-05,OTHER
17444,2022-07-05,VANDALISM
17445,07/05/2022,FRAUD
17446,07/05/2022,THEFT
17447,07/05/2022,THEFT
17448,05-Jul-2022,BURGLARY
17449,07/05/2022,DRUG OFFENSE
17450,07/05/2022,OTHER
17451,05-Jul-2022,BURGLARY
17452,05-Jul-2022,THEFT
17453,2022-07-05,THEFT
17454,2022-07-05,OTHER
17455,2022-07-05,THEFT
17456,07/05/2022,VANDALISM
17457,07/05/2022,BURGLARY
17458,07/05/2022,BURGLARY
17459,05-Jul-2022,FRAUD
17460,05-Jul-2022,ASSAULT
17461,2022-07-05,DRUG OFFENSE
17462,05-Jul-2022,FRAUD
17463,2022-07-05,FRAUD
17464,05-Jul-2022,ASSAULT
17465,06-Jul-2022,FRAUD
17466,06-Jul-2022,DRUG OFFENSE
17467,2022-07-06,FRAUD
17468,07/06/2022,DRUG OFFENSE
17469,07/06/2022,BURGLARY
17470,07/06/2022,THEFT
17471,2022-07-06,ROBBERY
17472,2022-07-06,ASSAULT
17473,07/06/2022,FRAUD
17474,2022-07-06,FRAUD
17475,07/06/2022,OTHER
17476,07/06/2022,ROBBERY
17477,06-Jul-2022,VANDALISM
17478,07/06/2022,FRAUD
17479,07/06/2022,THEFT
17480,06-Jul-2022,THEFT
17481,2022-07-06,OTHER
17482,06-Jul-2022,ASSAULT
17483,06-Jul-2022,DRUG OFFENSE
17484,2022-07-06,DRUG OFFENSE
17485,2022-07-06,DRUG OFFENSE
17486,07/06/2022,FRAUD
17487,06-Jul-2022,VANDALISM
17488,2022-07-06,BURGLARY
17489,2022-07-06,FRAUD
17490,07/06/2022,THEFT
17491,2022-07-06,BURGLARY
17492,07/06/2022,VANDALISM
17493,06-Jul-2022,OTHER
17494,07/06/2022,VANDALISM
17495,06-Jul-2022,VANDALISM
17496,06-Jul-2022,VANDALISM
17497,07/06/2022,BURGLARY
17498,07/06/2022,OTHER
17499,07/06/2022,ROBBERY
17500,06-Jul-2022,DRUG OFFENSE
17501,07/06/2022,DRUG OFFENSE
17502,06-Jul-2022,ROBBERY
17503,07/06/2022,VANDALISM
17504,07/06/2022,THEFT
17505,07/06/2022,BURGLARY
17506,06-Jul-2022,OTHER
17507,07/06/2022,ROBBERY
17508,06-Jul-2022,OTHER
17509,2022-07-06,DRUG OFFENSE
17510,07/06/2022,BURGLARY
17511,07/06/2022,ROBBERY
17512,07/06/2022,ROBBERY
17513,07/06/2022,BURGLARY
17514,07/07/2022,FRAUD
17515,2022-07-07,VANDALISM
17516,07-Jul-2022,ASSAULT
17517,2022-07-07,DRUG OFFENSE
17518,07/07/2022,ROBBERY
17519,2022-07-07,ROBBERY
17520,07/07/2022,VANDALISM
17521,07/07/2022,BURGLARY
17522,07/07/2022,ROBBERY
17523,07/07/2022,DRUG OFFENSE
17524,2022-07-07,THEFT
17525,2022-07-07,DRUG OFFENSE
17526,07/07/2022,BURGLARY
17527,07/07/2022,BURGLARY
17528,07/07/2022,ROBBERY
17529,07-Jul-2022,VANDALISM
17530,07/07/2022,BURGLARY
17531,2022-07-07,OTHER
17532,07-Jul-2022,DRUG OFFENSE
17533,2022-07-07,THEFT
17534,2022-07-07,OTHER
17535,07-Jul-2022,ROBBERY
17536,07/07/2022,ROBBERY
17537,07/07/2022,ASSAULT
17538,07-Jul-2022,ASSAULT
17539,2022-07-07,VANDALISM
17540,2022-07-07,THEFT
17541,07-Jul-2022,ROBBERY
17542,07/07/2022,FRAUD
17543,07-Jul-2022,ASSAULT
17544,07-Jul-2022,BURGLARY
17545,07-Jul-2022,THEFT
17546,07/07/2022,BURGLARY
17547,07-Jul-2022,ROBBERY
17548,2022-07-07,OTHER
17549,2022-07-07,VANDALISM
17550,07/07/2022,THEFT
17551,07-Jul-2022,BURGLARY
17552,07/07/2022,BURGLARY
17553,2022-07-07,ROBBERY
17554,07/07/2022,DRUG OFFENSE
17555,2022-07-07,ASSAULT
17556,2022-07-07,FRAUD
17557,07/07/2022,THEFT
17558,2022-07-07,FRAUD
17559,2022-07-07,VANDALISM
17560,07/07/2022,DRUG OFFENSE
17561,07/07/2022,ROBBERY
17562,07/07/2022,VANDALISM
17563,07-Jul-2022,ASSAULT
17564,07/08/2022,BURGLARY
17565,2022-07-08,FRAUD
17566,2022-07-08,OTHER
17567,08-Jul-2022,THEFT
17568,08-Jul-2022,VANDALISM
17569,2022-07-08,OTHER
17570,2022-07-08,FRAUD
17571,07/08/2022,THEFT
17572,2022-07-08,BURGLARY
17573,2022-07-08,OTHER
17574,2022-07-08,THEFT
17575,07/08/2022,BURGLARY
17576,07/08/2022,ROBBERY
17577,2022-07-08,DRUG OFFENSE
17578,2022-07-08,ROBBERY
17579,08-Jul-2022,VANDALISM
17580,2022-07-08,THEFT
17581,07/08/2022,OTHER
17582,07/08/2022,ROBBERY
17583,2022-07-08,ROBBERY
17584,08-Jul-2022,ROBBERY
17585,07/08/2022,OTHER
17586,2022-07-08,OTHER
17587,08-Jul-2022,THEFT
17588,08-Jul-2022,DRUG OFFENSE
17589,08-Jul-2022,THEFT
17590,08-Jul-2022,ASSAULT
17591,08-Jul-2022,ROBBERY
17592,2022-07-08,DRUG OFFENSE
17593,08-Jul-2022,ROBBERY
17594,07/08/2022,OTHER
17595,07/08/2022,BURGLARY
17596,2022-07-08,BURGLARY
17597,08-Jul-2022,DRUG OFFENSE
17598,07/08/2022,FRAUD
17599,08-Jul-2022,ROBBERY
17600,08-Jul-2022,VANDALISM
17601,07/08/2022,OTHER
17602,08-Jul-2022,OTHER
17603,2022-07-08,BURGLARY
17604,09-Jul-2022,FRAUD
17605,09-Jul-2022,OTHER
17606,07/09/2022,DRUG OFFENSE
17607,09-Jul-2022,ASSAULT
17608,09-Jul-2022,THEFT
17609,09-Jul-2022,THEFT
17610,09-Jul-2022,THEFT
17611,2022-07-09,FRAUD
17612,2022-07-09,DRUG OFFENSE
17613,07/09/2022,OTHER
17614,09-Jul-2022,DRUG OFFENSE
17615,2022-07-09,ASSAULT
17616,09-Jul-2022,BURGLARY
17617,2022-07-09,ROBBERY
17618,2022-07-09,DRUG OFFENSE
17619,07/09/2022,ASSAULT
17620,07/09/2022,DRUG OFFENSE
17621,2022-07-09,BURGLARY
17622,07/09/2022,ASSAULT
17623,07/09/2022,ASSAULT
17624,09-Jul-2022,THEFT
17625,07/09/2022,BURGLARY
17626,09-Jul-2022,VANDALISM
17627,09-Jul-2022,DRUG OFFENSE
17628,07/09/2022,ROBBERY
17629,07/09/2022,THEFT
17630,07/09/2022,FRAUD
17631,2022-07-09,FRAUD
17632,09-Jul-2022,FRAUD
17633,07/09/2022,FRAUD
17634,07/09/2022,BURGLARY
17635,09-Jul-2022,BURGLARY
17636,09-Jul-2022,ROBBERY
17637,2022-07-09,BURGLARY
17638,2022-07-09,OTHER
17639,07/09/2022,VANDALISM
17640,07/09/2022,FRAUD
17641,09-Jul-2022,VANDALISM
17642,09-Jul-2022,ASSAULT
17643,09-Jul-2022,FRAUD
17644,2022-07-09,FRAUD
17645,07/09/2022,BURGLARY
17646,09-Jul-2022,ASSAULT
17647,07/09/2022,THEFT
17648,09-Jul-2022,DRUG OFFENSE
17649,09-Jul-2022,OTHER
17650,07/09/2022,ASSAULT
17651,07/09/2022,OTHER
17652,09-Jul-2022,ASSAULT
17653,2022-07-09,OTHER
17654,07/09/2022,ROBBERY
17655,07/09/2022,DRUG OFFENSE
17656,2022-07-10,FRAUD
17657,07/10/2022,BURGLARY
17658,10-Jul-2022,VANDALISM
17659,07/10/2022,ASSAULT
17660,07/10/2022,THEFT
17661,07/10/2022,ASSAULT
17662,2022-07-10,ROBBERY
17663,07/10/2022,BURGLARY
17664,2022-07-10,ROBBERY
17665,07/10/2022,ROBBERY
17666,2022-07-10,VANDALISM
17667,07/10/2022,ROBBERY
17668,07/10/2022,FRAUD
17669,07/10/2022,ROBBERY
17670,07/10/2022,THEFT
17671,2022-07-10,THEFT
17672,07/10/2022,BURGLARY
17673,10-Jul-2022,THEFT
17674,2022-07-10,ROBBERY
17675,07/10/2022,FRAUD
17676,2022-07-10,THEFT
17677,10-Jul-2022,ROBBERY
17678,07/10/2022,FRAUD
17679,10-Jul-2022,DRUG OFFENSE
17680,10-Jul-2022,BURGLARY
17681,2022-07-10,BURGLARY
17682,2022-07-10,BURGLARY
17683,2022-07-10,OTHER
17684,07/10/2022,DRUG OFFENSE
17685,07/10/2022,BURGLARY
17686,10-Jul-2022,ASSAULT
17687,2022-07-10,VANDALISM
17688,07/10/2022,OTHER
17689,10-Jul-2022,DRUG OFFENSE
17690,2022-07-10,FRAUD
17691,2022-07-10,DRUG OFFENSE
17692,2022-07-10,THEFT
17693,07/10/2022,BURGLARY
17694,2022-07-10,VANDALISM
17695,07/10/2022,DRUG OFFENSE
17696,10-Jul-2022,OTHER
17697,07/10/2022,OTHER
17698,10-Jul-2022,THEFT
17699,07/10/2022,BURGLARY
17700,07/10/2022,THEFT
17701,2022-07-10,OTHER
17702,07/10/2022,OTHER
17703,07/10/2022,ROBBERY
17704,2022-07-10,DRUG OFFENSE
17705,10-Jul-2022,DRUG OFFENSE
17706,10-Jul-2022,VANDALISM
17707,07/10/2022,THEFT
17708,07/10/2022,ROBBERY
17709,2022-07-10,ASSAULT
17710,07/10/2022,VANDALISM
17711,07/10/2022,OTHER
17712,07/10/2022,DRUG OFFENSE
17713,2022-07-10,THEFT
17714,2022-07-10,FRAUD
17715,2022-07-10,FRAUD
17716,07/10/2022,ROBBERY
17717,10-Jul-2022,THEFT
17718,07/10/2022,THEFT
17719,2022-07-11,BURGLARY
17720,11-Jul-2022,DRUG OFFENSE
17721,07/11/2022,FRAUD
17722,11-Jul-2022,OTHER
17723,2022-07-11,VANDALISM
17724,11-Jul-2022,VANDALISM
17725,07/11/2022,BURGLARY
17726,07/11/2022,ROBBERY
17727,11-Jul-2022,ASSAULT
17728,2022-07-11,ROBBERY
17729,07/11/2022,ASSAULT
17730,2022-07-11,THEFT
17731,2022-07-11,ASSAULT
17732,11-Jul-2022,BURGLARY
17733,11-Jul-2022,ASSAULT
17734,07/11/2022,THEFT
17735,11-Jul-2022,VANDALISM
17736,07/11/2022,THEFT
17737,11-Jul-2022,ROBBERY
17738,11-Jul-2022,FRAUD
17739,2022-07-11,THEFT
17740,2022-07-11,VANDALISM
17741,2022-07-11,FRAUD
17742,11-Jul-2022,ROBBERY
17743,07/11/2022,BURGLARY
17744,07/11/2022,BURGLARY
17745,11-Jul-2022,THEFT
17746,07/11/2022,THEFT
17747,11-Jul-2022,FRAUD
17748,11-Jul-2022,ROBBERY
17749,2022-07-11,ROBBERY
17750,2022-07-11,ASSAULT
17751,11-Jul-2022,OTHER
17752,11-Jul-2022,OTHER
17753,07/11/2022,BURGLARY
17754,11-Jul-2022,ASSAULT
17755,2022-07-11,OTHER
17756,2022-07-11,ASSAULT
17757,07/11/2022,BURGLARY
17758,11-Jul-2022,ASSAULT
17759,11-Jul-2022,THEFT
17760,2022-07-11,ASSAULT
17761,11-Jul-2022,VANDALISM
17762,07/11/2022,VANDALISM
17763,2022-07-11,FRAUD
17764,2022-07-11,OTHER
17765,11-Jul-2022,OTHER
17766,2022-07-11,THEFT
17767,07/11/2022,OTHER
17768,07/11/2022,VANDALISM
17769,2022-07-12,DRUG OFFENSE
17770,2022-07-12,BURGLARY
17771,07/12/2022,THEFT
17772,2022-07-12,VANDALISM
17773,12-Jul-2022,VANDALISM
17774,2022-07-12,BURGLARY
17775,07/12/2022,DRUG OFFENSE
17776,12-Jul-2022,ASSAULT
17777,07/12/2022,THEFT
17778,07/12/2022,BURGLARY
17779,2022-07-12,VANDALISM
17780,12-Jul-2022,DRUG OFFENSE
17781,2022-07-12,DRUG OFFENSE
17782,12-Jul-2022,BURGLARY
17783,12-Jul-2022,DRUG OFFENSE
17784,12-Jul-2022,FRAUD
17785,07/12/2022,DRUG OFFENSE
17786,12-Jul-2022,OTHER
17787,07/12/2022,FRAUD
17788,07/12/2022,BURGLARY
17789,07/12/2022,THEFT
17790,2022-07-12,BURGLARY
17791,2022-07-12,THEFT
17792,07/12/2022,BURGLARY
17793,2022-07-12,OTHER
17794,12-Jul-2022,DRUG OFFENSE
17795,07/12/2022,FRAUD
17796,07/12/2022,ASSAULT
17797,12-Jul-2022,FRAUD
17798,07/12/2022,THEFT
17799,12-Jul-2022,OTHER
17800,2022-07-12,THEFT
17801,07/12/2022,VANDALISM
17802,07/12/2022,THEFT
17803,07/12/2022,ROBBERY
17804,07/12/2022,OTHER
17805,07/12/2022,FRAUD
17806,12-Jul-2022,ROBBERY
17807,12-Jul-2022,THEFT
17808,12-Jul-2022,THEFT
17809,07/12/2022,ROBBERY
17810,12-Jul-2022,OTHER
17811,07/12/2022,ASSAULT
17812,2022-07-12,OTHER
17813,2022-07-12,OTHER
17814,2022-07-12,THEFT
17815,12-Jul-2022,THEFT
17816,2022-07-12,THEFT
17817,12-Jul-2022,BURGLARY
17818,07/12/2022,DRUG OFFENSE
17819,12-Jul-2022,ASSAULT
17820,2022-07-12,OTHER
17821,07/13/2022,VANDALISM
17822,13-Jul-2022,ROBBERY
17823,2022-07-13,DRUG OFFENSE
17824,2022-07-13,THEFT
17825,13-Jul-2022,ROBBERY
17826,2022-07-13,THEFT
17827,07/13/2022,OTHER
17828,13-Jul-2022,FRAUD
17829,13-Jul-2022,ASSAULT
17830,07/13/2022,BURGLARY
17831,13-Jul-2022,THEFT
17832,2022-07-13,FRAUD
17833,13-Jul-2022,THEFT
17834,07/13/2022,VANDALISM
17835,2022-07-13,ASSAULT
17836,07/13/2022,BURGLARY
17837,07/13/2022,DRUG OFFENSE
17838,2022-07-13,ASSAULT
17839,2022-07-13,ROBBERY
17840,2022-07-13,BURGLARY
17841,13-Jul-2022,VANDALISM
17842,13-Jul-2022,ROBBERY
17843,13-Jul-2022,OTHER
17844,07/13/2022,ROBBERY
17845,2022-07-13,ASSAULT
17846,13-Jul-2022,FRAUD
17847,2022-07-13,ASSAULT
17848,13-Jul-2022,THEFT
17849,13-Jul-2022,THEFT
17850,13-Jul-2022,ASSAULT
17851,07/13/2022,THEFT
17852,07/13/2022,THEFT
17853,07/13/2022,BURGLARY
17854,13-Jul-2022,VANDALISM
17855,2022-07-13,DRUG OFFENSE
17856,07/13/2022,DRUG OFFENSE
17857,07/13/2022,DRUG OFFENSE
17858,13-Jul-2022,ROBBERY
17859,13-Jul-2022,ROBBERY
17860,13-Jul-2022,VANDALISM
17861,07/13/2022,FRAUD
17862,13-Jul-2022,VANDALISM
17863,07/13/2022,VANDALISM
17864,13-Jul-2022,OTHER
17865,2022-07-13,ROBBERY
17866,07/13/2022,ROBBERY
17867,2022-07-14,BURGLARY
17868,14-Jul-2022,THEFT
17869,07/14/2022,BURGLARY
17870,07/14/2022,VANDALISM
17871,07/14/2022,BURGLARY
17872,07/14/2022,THEFT
17873,07/14/2022,FRAUD
17874,14-Jul-2022,DRUG OFFENSE
17875,07/14/2022,VANDALISM
17876,14-Jul-2022,BURGLARY
17877,07/14/2022,ASSAULT
17878,2022-07-14,VANDALISM
17879,07/14/2022,ASSAULT
17880,14-Jul-2022,VANDALISM
17881,07/14/2022,THEFT
17882,14-Jul-2022,FRAUD
17883,07/14/2022,FRAUD
17884,2022-07-14,OTHER
17885,2022-07-14,VANDALISM
17886,2022-07-14,ASSAULT
17887,2022-07-14,OTHER
17888,14-Jul-2022,DRUG OFFENSE
17889,14-Jul-2022,THEFT
17890,07/14/2022,OTHER
17891,2022-07-14,OTHER
17892,14-Jul-2022,VANDALISM
17893,07/14/2022,ROBBERY
17894,07/14/2022,OTHER
17895,2022-07-14,DRUG OFFENSE
17896,07/14/2022,BURGLARY
17897,2022-07-14,THEFT
17898,07/14/2022,BURGLARY
17899,2022-07-14,VANDALISM
17900,07/14/2022,THEFT
17901,2022-07-14,DRUG OFFENSE
17902,07/14/2022,BURGLARY
17903,2022-07-14,VANDALISM
17904,14-Jul-2022,OTHER
17905,2022-07-14,OTHER
17906,07/14/2022,ROBBERY
17907,07/14/2022,FRAUD
17908,07/14/2022,THEFT
17909,07/14/2022,ASSAULT
17910,14-Jul-2022,VANDALISM
17911,14-Jul-2022,FRAUD
17912,14-Jul-2022,OTHER
17913,14-Jul-2022,ASSAULT
17914,07/14/2022,DRUG OFFENSE
17915,07/14/2022,FRAUD
17916,07/14/2022,FRAUD
17917,2022-07-14,BURGLARY
17918,07/14/2022,ASSAULT
17919,2022-07-14,VANDALISM
17920,07/14/2022,ASSAULT
17921,14-Jul-2022,OTHER
17922,07/14/2022,ROBBERY
17923,07/14/2022,ASSAULT
17924,2022-07-14,FRAUD
17925,15-Jul-2022,ASSAULT
17926,15-Jul-2022,DRUG OFFENSE
17927,07/15/2022,ASSAULT
17928,07/15/2022,DRUG OFFENSE
17929,2022-07-15,OTHER
17930,07/15/2022,THEFT
17931,07/15/2022,ROBBERY
17932,07/15/2022,ROBBERY
17933,2022-07-15,DRUG OFFENSE
17934,2022-07-15,FRAUD
17935,07/15/2022,THEFT
17936,15-Jul-2022,ROBBERY
17937,07/15/2022,FRAUD
17938,2022-07-15,OTHER
17939,07/15/2022,DRUG OFFENSE
17940,2022-07-15,ROBBERY
17941,07/15/2022,ASSAULT
17942,07/15/2022,OTHER
17943,15-Jul-2022,BURGLARY
17944,07/15/2022,ROBBERY
17945,07/15/2022,ASSAULT
17946,15-Jul-2022,ASSAULT
17947,2022-07-15,FRAUD
17948,07/15/2022,VANDALISM
17949,2022-07-15,BURGLARY
17950,15-Jul-2022,ASSAULT
17951,2022-07-15,ASSAULT
17952,15-Jul-2022,OTHER
17953,07/15/2022,THEFT
17954,2022-07-15,OTHER
17955,07/15/2022,ASSAULT
17956,15-Jul-2022,OTHER
17957,2022-07-15,ROBBERY
17958,15-Jul-2022,VANDALISM
17959,2022-07-15,DRUG OFFENSE
17960,15-Jul-2022,VANDALISM
17961,07/15/2022,VANDALISM
17962,07/15/2022,THEFT
17963,15-Jul-2022,VANDALISM
17964,07/15/2022,ASSAULT
17965,07/15/2022,VANDALISM
17966,2022-07-15,ROBBERY
17967,2022-07-15,BURGLARY
17968,2022-07-15,OTHER
17969,15-Jul-2022,OTHER
17970,07/15/2022,DRUG OFFENSE
17971,2022-07-16,VANDALISM
17972,07/16/2022,OTHER
17973,16-Jul-2022,THEFT
17974,07/16/2022,ASSAULT
17975,2022-07-16,ASSAULT
17976,07/16/2022,FRAUD
17977,07/16/2022,BURGLARY
17978,07/16/2022,ASSAULT
17979,2022-07-16,ROBBERY
17980,2022-07-16,ASSAULT
17981,16-Jul-2022,OTHER
17982,16-Jul-2022,BURGLARY
17983,2022-07-16,VANDALISM
17984,16-Jul-2022,THEFT
17985,2022-07-16,VANDALISM
17986,2022-07-16,FRAUD
17987,07/16/2022,DRUG OFFENSE
17988,07/16/2022,FRAUD
17989,2022-07-16,FRAUD
17990,07/16/2022,OTHER
17991,16-Jul-2022,ASSAULT
17992,16-Jul-2022,OTHER
17993,16-Jul-2022,DRUG OFFENSE
17994,16-Jul-2022,DRUG OFFENSE
17995,16-Jul-2022,BURGLARY
17996,07/16/2022,DRUG OFFENSE
17997,07/16/2022,VANDALISM
17998,07/16/2022,ROBBERY
17999,07/16/2022,DRUG OFFENSE
18000,16-Jul-2022,ROBBERY
18001,07/16/2022,VANDALISM
18002,07/16/2022,ROBBERY
18003,2022-07-16,OTHER
18004,2022-07-16,BURGLARY
18005,2022-07-16,ROBBERY
18006,2022-07-16,THEFT
18007,07/16/2022,VANDALISM
18008,16-Jul-2022,ROBBERY
18009,16-Jul-2022,ROBBERY
18010,07/16/2022,ASSAULT
18011,07/16/2022,ROBBERY
18012,2022-07-16,OTHER
18013,07/16/2022,FRAUD
18014,2022-07-16,OTHER
18015,07/16/2022,ROBBERY
18016,07/16/2022,VANDALISM
18017,07/16/2022,VANDALISM
18018,16-Jul-2022,FRAUD
18019,07/16/2022,ASSAULT
18020,07/16/2022,ASSAULT
18021,2022-07-16,BURGLARY
18022,2022-07-16,OTHER
18023,07/16/2022,THEFT
18024,2022-07-16,BURGLARY
18025,07/17/2022,VANDALISM
18026,17-Jul-2022,OTHER
18027,17-Jul-2022,BURGLARY
18028,2022-07-17,THEFT
18029,2022-07-17,FRAUD
18030,17-Jul-2022,OTHER
18031,17-Jul-2022,DRUG OFFENSE
18032,07/17/2022,OTHER
18033,07/17/2022,OTHER
18034,17-Jul-2022,BURGLARY
18035,17-Jul-2022,BURGLARY
18036,07/17/2022,ASSAULT
18037,07/17/2022,THEFT
18038,07/17/2022,DRUG OFFENSE
18039,17-Jul-2022,FRAUD
18040,17-Jul-2022,ASSAULT
18041,17-Jul-2022,DRUG OFFENSE
18042,2022-07-17,FRAUD
18043,07/17/2022,DRUG OFFENSE
18044,07/17/2022,ASSAULT
18045,17-Jul-2022,OTHER
18046,17-Jul-2022,ROBBERY
18047,17-Jul-2022,OTHER
18048,17-Jul-2022,OTHER
18049,2022-07-17,ASSAULT
18050,17-Jul-2022,OTHER
18051,07/17/2022,ASSAULT
18052,07/17/2022,DRUG OFFENSE
18053,2022-07-17,VANDALISM
18054,17-Jul-2022,THEFT
18055,17-Jul-2022,ROBBERY
18056,07/17/2022,OTHER
18057,07/17/2022,OTHER
18058,07/17/2022,BURGLARY
18059,07/17/2022,OTHER
18060,07/17/2022,OTHER
18061,07/17/2022,ASSAULT
18062,17-Jul-2022,DRUG OFFENSE
18063,2022-07-17,BURGLARY
18064,07/17/2022,ROBBERY
18065,07/17/2022,OTHER
18066,17-Jul-2022,OTHER
18067,17-Jul-2022,OTHER
18068,2022-07-17,ASSAULT
18069,2022-07-17,OTHER
18070,2022-07-17,THEFT
18071,2022-07-17,VANDALISM
18072,2022-07-17,ASSAULT
18073,17-Jul-2022,ROBBERY
18074,17-Jul-2022,DRUG OFFENSE
18075,07/17/2022,ASSAULT
18076,2022-07-17,BURGLARY
18077,18-Jul-2022,BURGLARY
18078,07/18/2022,ASSAULT
18079,07/18/2022,OTHER
18080,07/18/2022,ASSAULT
18081,07/18/2022,VANDALISM
18082,07/18/2022,DRUG OFFENSE
18083,2022-07-18,ROBBERY
18084,07/18/2022,DRUG OFFENSE
18085,2022-07-18,OTHER
18086,18-Jul-2022,VANDALISM
18087,18-Jul-2022,THEFT
18088,07/18/2022,THEFT
18089,2022-07-18,ROBBERY
18090,07/18/2022,DRUG OFFENSE
18091,18-Jul-2022,ROBBERY
18092,18-Jul-2022,FRAUD
18093,18-Jul-2022,THEFT
18094,07/18/2022,BURGLARY
18095,2022-07-18,ASSAULT
18096,07/18/2022,ROBBERY
18097,2022-07-18,DRUG OFFENSE
18098,18-Jul-2022,BURGLARY
18099,18-Jul-2022,FRAUD
18100,18-Jul-2022,FRAUD
18101,2022-07-18,DRUG OFFENSE
18102,07/18/2022,BURGLARY
18103,18-Jul-2022,BURGLARY
18104,07/18/2022,FRAUD
18105,07/18/2022,FRAUD
18106,18-Jul-2022,FRAUD
18107,07/18/2022,VANDALISM
18108,18-Jul-2022,FRAUD
18109,2022-07-18,DRUG OFFENSE
18110,2022-07-18,ASSAULT
18111,18-Jul-2022,ASSAULT
18112,18-Jul-2022,BURGLARY
18113,2022-07-18,DRUG OFFENSE
18114,18-Jul-2022,THEFT
18115,18-Jul-2022,OTHER
18116,18-Jul-2022,FRAUD
18117,2022-07-18,ROBBERY
18118,07/18/2022,ASSAULT
18119,18-Jul-2022,FRAUD
18120,18-Jul-2022,BURGLARY
18121,07/18/2022,VANDALISM
18122,2022-07-18,ASSAULT
18123,2022-07-18,FRAUD
18124,07/18/2022,FRAUD
18125,18-Jul-2022,ASSAULT
18126,18-Jul-2022,OTHER
18127,07/18/2022,DRUG OFFENSE
18128,07/18/2022,THEFT
18129,19-Jul-2022,ROBBERY
18130,19-Jul-2022,BURGLARY
18131,07/19/2022,ROBBERY
18132,19-Jul-2022,ASSAULT
18133,07/19/2022,THEFT
18134,2022-07-19,OTHER
18135,19-Jul-2022,DRUG OFFENSE
18136,07/19/2022,OTHER
18137,19-Jul-2022,VANDALISM
18138,07/19/2022,VANDALISM
18139,2022-07-19,ROBBERY
18140,2022-07-19,DRUG OFFENSE
18141,19-Jul-2022,BURGLARY
18142,2022-07-19,ROBBERY
18143,07/19/2022,VANDALISM
18144,2022-07-19,VANDALISM
18145,19-Jul-2022,BURGLARY
18146,19-Jul-2022,BURGLARY
18147,19-Jul-2022,FRAUD
18148,07/19/2022,BURGLARY
18149,07/19/2022,BURGLARY
18150,07/19/2022,THEFT
18151,19-Jul-2022,DRUG OFFENSE
18152,07/19/2022,THEFT
18153,19-Jul-2022,ASSAULT
18154,19-Jul-2022,OTHER
18155,19-Jul-2022,VANDALISM
18156,19-Jul-2022,DRUG OFFENSE
18157,07/19/2022,BURGLARY
18158,2022-07-19,FRAUD
18159,19-Jul-2022,OTHER
18160,2022-07-19,DRUG OFFENSE
18161,19-Jul-2022,OTHER
18162,2022-07-20,DRUG OFFENSE
18163,07/20/2022,FRAUD
18164,07/20/2022,ASSAULT
18165,07/20/2022,FRAUD
18166,07/20/2022,THEFT
18167,07/20/2022,FRAUD
18168,07/20/2022,BURGLARY
18169,2022-07-20,ASSAULT
18170,07/20/2022,THEFT
18171,20-Jul-2022,THEFT
18172,07/20/2022,ASSAULT
18173,07/20/2022,FRAUD
18174,07/20/2022,ASSAULT
18175,2022-07-20,FRAUD
18176,07/20/2022,ASSAULT
18177,20-Jul-2022,VANDALISM
18178,2022-07-20,ASSAULT
18179,20-Jul-2022,DRUG OFFENSE
18180,2022-07-20,DRUG OFFENSE
18181,07/20/2022,ROBBERY
18182,07/20/2022,OTHER
18183,20-Jul-2022,ASSAULT
18184,2022-07-20,DRUG OFFENSE
18185,2022-07-20,THEFT
18186,2022-07-20,THEFT
18187,20-Jul-2022,THEFT
18188,07/20/2022,ROBBERY
18189,20-Jul-2022,OTHER
18190,20-Jul-2022,ASSAULT
18191,20-Jul-2022,BURGLARY
18192,2022-07-20,ASSAULT
18193,2022-07-20,DRUG OFFENSE
18194,07/20/2022,OTHER
18195,20-Jul-2022,BURGLARY
18196,2022-07-20,ROBBERY
18197,20-Jul-2022,THEFT
18198,2022-07-20,THEFT
18199,07/20/2022,OTHER
18200,20-Jul-2022,ROBBERY
18201,07/20/2022,FRAUD
18202,2022-07-20,ROBBERY
18203,07/20/2022,FRAUD
18204,20-Jul-2022,FRAUD
18205,07/20/2022,DRUG OFFENSE
18206,07/20/2022,VANDALISM
18207,20-Jul-2022,ROBBERY
18208,07/21/2022,VANDALISM
18209,2022-07-21,ASSAULT
18210,07/21/2022,ASSAULT
18211,2022-07-21,ROBBERY
18212,07/21/2022,FRAUD
18213,07/21/2022,THEFT
18214,07/21/2022,BURGLARY
18215,07/21/2022,OTHER
18216,2022-07-21,DRUG OFFENSE
18217,2022-07-21,DRUG OFFENSE
18218,2022-07-21,BURGLARY
18219,07/21/2022,VANDALISM
18220,2022-07-21,ASSAULT
18221,2022-07-21,BURGLARY
18222,07/21/2022,BURGLARY
18223,07/21/2022,VANDALISM
18224,21-Jul-2022,ROBBERY
18225,2022-07-21,VANDALISM
18226,21-Jul-2022,BURGLARY
18227,21-Jul-2022,OTHER
18228,21-Jul-2022,DRUG OFFENSE
18229,2022-07-21,THEFT
18230,2022-07-21,FRAUD
18231,21-Jul-2022,ASSAULT
18232,2022-07-21,THEFT
18233,07/21/2022,BURGLARY
18234,07/21/2022,ASSAULT
18235,21-Jul-2022,VANDALISM
18236,2022-07-21,DRUG OFFENSE
18237,2022-07-21,ASSAULT
18238,21-Jul-2022,ROBBERY
18239,2022-07-21,FRAUD
18240,07/21/2022,BURGLARY
18241,21-Jul-2022,DRUG OFFENSE
18242,2022-07-21,FRAUD
18243,07/21/2022,BURGLARY
18244,2022-07-21,THEFT
18245,07/21/2022,ASSAULT
18246,2022-07-21,ASSAULT
18247,2022-07-21,OTHER
18248,21-Jul-2022,DRUG OFFENSE
18249,07/21/2022,DRUG OFFENSE
18250,07/21/2022,DRUG OFFENSE
18251,2022-07-21,OTHER
18252,21-Jul-2022,DRUG OFFENSE
18253,07/21/2022,ASSAULT
18254,07/21/2022,FRAUD
18255,07/21/2022,ROBBERY
18256,2022-07-21,BURGLARY
18257,2022-07-21,VANDALISM
18258,2022-07-21,ASSAULT
18259,07/21/2022,ROBBERY
18260,07/21/2022,OTHER
18261,07/21/2022,ASSAULT
18262,07/21/2022,FRAUD
18263,07/21/2022,BURGLARY
18264,21-Jul-2022,ROBBERY
18265,07/22/2022,OTHER
18266,07/22/2022,VANDALISM
18267,07/22/2022,BURGLARY
18268,07/22/2022,ASSAULT
18269,22-Jul-2022,DRUG OFFENSE
18270,22-Jul-2022,ROBBERY
18271,2022-07-22,VANDALISM
18272,22-Jul-2022,BURGLARY
18273,22-Jul-2022,FRAUD
18274,2022-07-22,VANDALISM
18275,2022-07-22,ASSAULT
18276,22-Jul-2022,DRUG OFFENSE
18277,22-Jul-2022,THEFT
18278,22-Jul-2022,DRUG OFFENSE
18279,07/22/2022,FRAUD
18280,22-Jul-2022,FRAUD
18281,22-Jul-2022,ROBBERY
18282,07/22/2022,FRAUD
18283,22-Jul-2022,BURGLARY
18284,22-Jul-2022,VANDALISM
18285,07/22/2022,FRAUD
18286,22-Jul-2022,BURGLARY
18287,22-Jul-2022,OTHER
18288,22-Jul-2022,VANDALISM
18289,07/22/2022,BURGLARY
18290,22-Jul-2022,OTHER
18291,07/22/2022,OTHER
18292,07/22/2022,THEFT
18293,22-Jul-2022,DRUG OFFENSE
18294,22-Jul-2022,ASSAULT
18295,2022-07-22,FRAUD
18296,22-Jul-2022,FRAUD
18297,07/22/2022,ASSAULT
18298,2022-07-22,FRAUD
18299,07/22/2022,DRUG OFFENSE
18300,2022-07-22,BURGLARY
18301,22-Jul-2022,ROBBERY
18302,22-Jul-2022,VANDALISM
18303,07/22/2022,FRAUD
18304,2022-07-22,ASSAULT
18305,2022-07-22,BURGLARY
18306,2022-07-22,OTHER
18307,2022-07-22,ASSAULT
18308,2022-07-22,DRUG OFFENSE
18309,07/22/2022,OTHER
18310,22-Jul-2022,VANDALISM
18311,07/22/2022,OTHER
18312,22-Jul-2022,ROBBERY
18313,07/22/2022,THEFT
18314,07/22/2022,BURGLARY
18315,07/22/2022,BURGLARY
18316,2022-07-23,ASSAULT
18317,23-Jul-2022,BURGLARY
18318,07/23/2022,ASSAULT
18319,2022-07-23,ASSAULT
18320,07/23/2022,THEFT
18321,2022-07-23,OTHER
18322,23-Jul-2022,FRAUD
18323,23-Jul-2022,ROBBERY
18324,2022-07-23,ROBBERY
18325,23-Jul-2022,DRUG OFFENSE
18326,2022-07-23,THEFT
18327,23-Jul-2022,THEFT
18328,23-Jul-2022,FRAUD
18329,2022-07-23,BURGLARY
18330,07/23/2022,DRUG OFFENSE
18331,2022-07-23,THEFT
18332,07/23/2022,BURGLARY
18333,23-Jul-2022,ROBBERY
18334,07/23/2022,FRAUD
18335,07/23/2022,ASSAULT
18336,23-Jul-2022,VANDALISM
18337,23-Jul-2022,ROBBERY
18338,07/23/2022,OTHER
18339,07/23/2022,BURGLARY
18340,23-Jul-2022,THEFT
18341,2022-07-23,ROBBERY
18342,07/23/2022,ROBBERY
18343,2022-07-23,DRUG OFFENSE
18344,2022-07-23,BURGLARY
18345,07/23/2022,FRAUD
18346,2022-07-23,THEFT
18347,23-Jul-2022,VANDALISM
18348,2022-07-23,DRUG OFFENSE
18349,07/23/2022,THEFT
18350,07/23/2022,VANDALISM
18351,2022-07-23,OTHER
18352,07/23/2022,ASSAULT
18353,07/23/2022,FRAUD
18354,2022-07-23,ROBBERY
18355,07/23/2022,ROBBERY
18356,07/23/2022,OTHER
18357,23-Jul-2022,THEFT
18358,07/23/2022,BURGLARY
18359,2022-07-23,BURGLARY
18360,2022-07-24,ASSAULT
18361,07/24/2022,BURGLARY
18362,24-Jul-2022,FRAUD
18363,2022-07-24,THEFT
18364,07/24/2022,THEFT
18365,24-Jul-2022,FRAUD
18366,07/24/2022,VANDALISM
18367,2022-07-24,ROBBERY
18368,24-Jul-2022,BURGLARY
18369,07/24/2022,OTHER
18370,24-Jul-2022,ASSAULT
18371,2022-07-24,DRUG OFFENSE
18372,24-Jul-2022,OTHER
18373,24-Jul-2022,VANDALISM
18374,24-Jul-2022,FRAUD
18375,2022-07-24,ROBBERY
18376,24-Jul-2022,DRUG OFFENSE
18377,2022-07-24,ROBBERY
18378,07/24/2022,OTHER
18379,2022-07-24,FRAUD
18380,07/24/2022,FRAUD
18381,24-Jul-2022,DRUG OFFENSE
18382,07/24/2022,FRAUD
18383,24-Jul-2022,OTHER
18384,07/24/2022,THEFT
18385,24-Jul-2022,DRUG OFFENSE
18386,07/24/2022,ROBBERY
18387,2022-07-24,DRUG OFFENSE
18388,07/24/2022,DRUG OFFENSE
18389,24-Jul-2022,OTHER
18390,24-Jul-2022,VANDALISM
18391,24-Jul-2022,THEFT
18392,24-Jul-2022,ROBBERY
18393,2022-07-24,DRUG OFFENSE
18394,07/24/2022,BURGLARY
18395,07/24/2022,DRUG OFFENSE
18396,07/24/2022,ASSAULT
18397,07/24/2022,BURGLARY
18398,24-Jul-2022,DRUG OFFENSE
18399,07/24/2022,BURGLARY
18400,2022-07-24,FRAUD
18401,07/24/2022,BURGLARY
18402,2022-07-24,BURGLARY
18403,07/24/2022,ROBBERY
18404,2022-07-24,ASSAULT
18405,07/24/2022,OTHER
18406,07/24/2022,ROBBERY
18407,24-Jul-2022,FRAUD
18408,2022-07-24,ASSAULT
18409,07/24/2022,OTHER
18410,2022-07-24,FRAUD
18411,2022-07-24,DRUG OFFENSE
18412,2022-07-24,ASSAULT
18413,07/24/2022,BURGLARY
18414,24-Jul-2022,ROBBERY
18415,07/24/2022,DRUG OFFENSE
18416,24-Jul-2022,OTHER
18417,24-Jul-2022,THEFT
18418,24-Jul-2022,DRUG OFFENSE
18419,2022-07-24,VANDALISM
18420,24-Jul-2022,ASSAULT
18421,07/24/2022,THEFT
18422,07/24/2022,ASSAULT
18423,2022-07-24,ASSAULT
18424,07/25/2022,OTHER
18425,07/25/2022,VANDALISM
18426,25-Jul-2022,VANDALISM
18427,2022-07-25,OTHER
18428,07/25/2022,FRAUD
18429,07/25/2022,THEFT
18430,2022-07-25,ROBBERY
18431,25-Jul-2022,OTHER
18432,07/25/2022,VANDALISM
18433,25-Jul-2022,BURGLARY
18434,25-Jul-2022,VANDALISM
18435,2022-07-25,DRUG OFFENSE
18436,07/25/2022,THEFT
18437,07/25/2022,FRAUD
18438,07/25/2022,BURGLARY
18439,2022-07-25,DRUG OFFENSE
18440,25-Jul-2022,ROBBERY
18441,07/25/2022,THEFT
18442,25-Jul-2022,ASSAULT
18443,25-Jul-2022,BURGLARY
18444,07/25/2022,VANDALISM
18445,07/25/2022,DRUG OFFENSE
18446,2022-07-25,THEFT
18447,25-Jul-2022,THEFT
18448,2022-07-25,VANDALISM
18449,07/25/2022,BURGLARY
18450,25-Jul-2022,DRUG OFFENSE
18451,2022-07-25,FRAUD
18452,07/25/2022,BURGLARY
18453,07/25/2022,DRUG OFFENSE
18454,2022-07-25,BURGLARY
18455,07/25/2022,DRUG OFFENSE
18456,07/25/2022,ROBBERY
18457,2022-07-25,FRAUD
18458,25-Jul-2022,BURGLARY
18459,07/25/2022,DRUG OFFENSE
18460,07/25/2022,DRUG OFFENSE
18461,07/25/2022,THEFT
18462,07/25/2022,ASSAULT
18463,2022-07-25,ROBBERY
18464,25-Jul-2022,ROBBERY
18465,07/25/2022,VANDALISM
18466,07/25/2022,ROBBERY
18467,25-Jul-2022,VANDALISM
18468,2022-07-25,ROBBERY
18469,25-Jul-2022,OTHER
18470,2022-07-25,ASSAULT
18471,07/25/2022,ASSAULT
18472,2022-07-25,OTHER
18473,25-Jul-2022,FRAUD
18474,25-Jul-2022,FRAUD
18475,2022-07-25,FRAUD
18476,25-Jul-2022,FRAUD
18477,25-Jul-2022,ASSAULT
18478,07/25/2022,THEFT
18479,2022-07-25,THEFT
18480,2022-07-25,OTHER
18481,25-Jul-2022,OTHER
18482,2022-07-25,THEFT
18483,2022-07-25,FRAUD
18484,25-Jul-2022,ROBBERY
18485,2022-07-25,THEFT
18486,07/25/2022,BURGLARY
18487,2022-07-26,ROBBERY
18488,26-Jul-2022,BURGLARY
18489,07/26/2022,ROBBERY
18490,26-Jul-2022,THEFT
18491,26-Jul-2022,VANDALISM
18492,26-Jul-2022,THEFT
18493,07/26/2022,ROBBERY
18494,2022-07-26,ASSAULT
18495,2022-07-26,OTHER
18496,07/26/2022,DRUG OFFENSE
18497,26-Jul-2022,DRUG OFFENSE
18498,07/26/2022,ASSAULT
18499,07/26/2022,BURGLARY
18500,26-Jul-2022,THEFT
18501,26-Jul-2022,FRAUD
18502,07/26/2022,THEFT
18503,2022-07-26,DRUG OFFENSE
18504,07/26/2022,ROBBERY
18505,07/26/2022,ROBBERY
18506,26-Jul-2022,DRUG OFFENSE
18507,2022-07-26,ASSAULT
18508,07/26/2022,BURGLARY
18509,07/26/2022,THEFT
18510,2022-07-26,FRAUD
18511,26-Jul-2022,BURGLARY
18512,26-Jul-2022,OTHER
18513,26-Jul-2022,FRAUD
18514,07/26/2022,VANDALISM
18515,2022-07-26,ROBBERY
18516,07/26/2022,ASSAULT
18517,07/26/2022,VANDALISM
18518,07/26/2022,ASSAULT
18519,26-Jul-2022,BURGLARY
18520,26-Jul-2022,OTHER
18521,07/26/2022,OTHER
18522,07/26/2022,THEFT
18523,07/26/2022,DRUG OFFENSE
18524,07/26/2022,DRUG OFFENSE
18525,07/26/2022,DRUG OFFENSE
18526,2022-07-26,BURGLARY
18527,2022-07-26,BURGLARY
18528,26-Jul-2022,VANDALISM
18529,2022-07-26,DRUG OFFENSE
18530,07/26/2022,FRAUD
18531,26-Jul-2022,FRAUD
18532,2022-07-26,THEFT
18533,2022-07-26,BURGLARY
18534,26-Jul-2022,DRUG OFFENSE
18535,2022-07-27,BURGLARY
18536,2022-07-27,ASSAULT
18537,07/27/2022,BURGLARY
18538,2022-07-27,VANDALISM
18539,07/27/2022,DRUG OFFENSE
18540,2022-07-27,BURGLARY
18541,07/27/2022,ROBBERY
18542,07/27/2022,FRAUD
18543,07/27/2022,ROBBERY
18544,27-Jul-2022,ASSAULT
18545,07/27/2022,OTHER
18546,07/27/2022,FRAUD
18547,07/27/2022,BURGLARY
18548,27-Jul-2022,DRUG OFFENSE
18549,07/27/2022,ROBBERY
18550,2022-07-27,DRUG OFFENSE
18551,2022-07-27,VANDALISM
18552,2022-07-27,ASSAULT
18553,27-Jul-2022,FRAUD
18554,07/27/2022,ASSAULT
18555,27-Jul-2022,VANDALISM
18556,2022-07-27,ASSAULT
18557,2022-07-27,ROBBERY
18558,07/27/2022,VANDALISM
18559,07/27/2022,DRUG OFFENSE
18560,2022-07-27,BURGLARY
18561,27-Jul-2022,FRAUD
18562,27-Jul-2022,VANDALISM
18563,2022-07-27,ASSAULT
18564,07/27/2022,DRUG OFFENSE
18565,2022-07-27,BURGLARY
18566,07/27/2022,ASSAULT
18567,07/27/2022,OTHER
18568,07/27/2022,DRUG OFFENSE
18569,07/27/2022,THEFT
18570,07/27/2022,OTHER
18571,27-Jul-2022,FRAUD
18572,27-Jul-2022,OTHER
18573,07/27/2022,BURGLARY
18574,27-Jul-2022,DRUG OFFENSE
18575,2022-07-27,FRAUD
18576,07/27/2022,VANDALISM
18577,07/27/2022,VANDALISM
18578,2022-07-27,OTHER
18579,27-Jul-2022,ASSAULT
18580,27-Jul-2022,FRAUD
18581,2022-07-27,BURGLARY
18582,27-Jul-2022,ASSAULT
18583,2022-07-27,ROBBERY
18584,2022-07-27,OTHER
18585,2022-07-27,FRAUD
18586,07/27/2022,OTHER
18587,2022-07-27,THEFT
18588,07/27/2022,ROBBERY
18589,07/27/2022,BURGLARY
18590,07/28/2022,VANDALISM
18591,28-Jul-2022,FRAUD
18592,28-Jul-2022,ASSAULT
18593,28-Jul-2022,VANDALISM
18594,2022-07-28,VANDALISM
18595,07/28/2022,BURGLARY
18596,28-Jul-2022,ROBBERY
18597,28-Jul-2022,DRUG OFFENSE
18598,07/28/2022,BURGLARY
18599,07/28/2022,BURGLARY
18600,2022-07-28,ROBBERY
18601,28-Jul-2022,ASSAULT
18602,28-Jul-2022,THEFT
18603,07/28/2022,OTHER
18604,2022-07-28,ROBBERY
18605,2022-07-28,BURGLARY
18606,07/28/2022,FRAUD
18607,07/28/2022,VANDALISM
18608,2022-07-28,OTHER
18609,07/28/2022,ASSAULT
18610,28-Jul-2022,FRAUD
18611,07/28/2022,ROBBERY
18612,07/28/2022,VANDALISM
18613,07/28/2022,BURGLARY
18614,2022-07-28,BURGLARY
18615,07/28/2022,FRAUD
18616,2022-07-28,VANDALISM
18617,28-Jul-2022,ASSAULT
18618,07/28/2022,FRAUD
18619,07/28/2022,FRAUD
18620,28-Jul-2022,ROBBERY
18621,07/28/2022,ROBBERY
18622,2022-07-28,BURGLARY
18623,07/28/2022,VANDALISM
18624,28-Jul-2022,OTHER
18625,28-Jul-2022,BURGLARY
18626,28-Jul-2022,THEFT
18627,07/28/2022,FRAUD
18628,07/28/2022,VANDALISM
18629,2022-07-28,VANDALISM
18630,07/28/2022,BURGLARY
18631,28-Jul-2022,FRAUD
18632,07/28/2022,BURGLARY
18633,28-Jul-2022,THEFT
18634,28-Jul-2022,THEFT
18635,28-Jul-2022,BURGLARY
18636,28-Jul-2022,DRUG OFFENSE
18637,07/28/2022,ROBBERY
18638,07/28/2022,THEFT
18639,28-Jul-2022,THEFT
18640,28-Jul-2022,VANDALISM
18641,2022-07-29,BURGLARY
18642,2022-07-29,DRUG OFFENSE
18643,29-Jul-2022,VANDALISM
18644,29-Jul-2022,BURGLARY
18645,07/29/2022,OTHER
18646,07/29/2022,ROBBERY
18647,07/29/2022,DRUG OFFENSE
18648,2022-07-29,ASSAULT
18649,29-Jul-2022,FRAUD
18650,07/29/2022,ASSAULT
18651,2022-07-29,ASSAULT
18652,07/29/2022,VANDALISM
18653,2022-07-29,FRAUD
18654,07/29/2022,OTHER
18655,07/29/2022,ROBBERY
18656,29-Jul-2022,ASSAULT
18657,29-Jul-2022,BURGLARY
18658,29-Jul-2022,THEFT
18659,2022-07-29,ASSAULT
18660,2022-07-29,VANDALISM
18661,2022-07-29,FRAUD
18662,29-Jul-2022,OTHER
18663,07/29/2022,OTHER
18664,07/29/2022,DRUG OFFENSE
18665,07/29/2022,DRUG OFFENSE
18666,2022-07-29,ROBBERY
18667,07/29/2022,FRAUD
18668,07/29/2022,ROBBERY
18669,07/29/2022,ROBBERY
18670,07/29/2022,DRUG OFFENSE
18671,07/29/2022,ASSAULT
18672,07/29/2022,FRAUD
18673,07/29/2022,ASSAULT
18674,07/29/2022,ROBBERY
18675,2022-07-29,FRAUD
18676,2022-07-29,OTHER
18677,07/29/2022,VANDALISM
18678,2022-07-29,BURGLARY
18679,07/29/2022,FRAUD
18680,29-Jul-2022,ASSAULT
18681,07/29/2022,ROBBERY
18682,29-Jul-2022,VANDALISM
18683,07/29/2022,DRUG OFFENSE
18684,07/29/2022,FRAUD
18685,29-Jul-2022,ASSAULT
18686,29-Jul-2022,THEFT
18687,07/29/2022,OTHER
18688,07/29/2022,THEFT
18689,2022-07-29,ROBBERY
18690,29-Jul-2022,OTHER
18691,2022-07-29,ROBBERY
18692,07/29/2022,ASSAULT
18693,2022-07-29,THEFT
18694,2022-07-29,FRAUD
18695,07/29/2022,FRAUD
18696,29-Jul-2022,FRAUD
18697,07/30/2022,DRUG OFFENSE
18698,07/30/2022,ROBBERY
18699,30-Jul-2022,ASSAULT
18700,2022-07-30,BURGLARY
18701,30-Jul-2022,VANDALISM
18702,30-Jul-2022,THEFT
18703,07/30/2022,ASSAULT
18704,30-Jul-2022,ASSAULT
18705,2022-07-30,DRUG OFFENSE
18706,07/30/2022,ASSAULT
18707,07/30/2022,THEFT
18708,30-Jul-2022,ROBBERY
18709,2022-07-30,DRUG OFFENSE
18710,30-Jul-2022,VANDALISM
18711,30-Jul-2022,DRUG OFFENSE
18712,2022-07-30,FRAUD
18713,30-Jul-2022,DRUG OFFENSE
18714,2022-07-30,FRAUD
18715,07/30/2022,FRAUD
18716,2022-07-30,THEFT
18717,2022-07-30,DRUG OFFENSE
18718,07/30/2022,THEFT
18719,07/30/2022,ASSAULT
18720,2022-07-30,DRUG OFFENSE
18721,30-Jul-2022,DRUG OFFENSE
18722,07/30/2022,ROBBERY
18723,07/30/2022,ROBBERY
18724,07/30/2022,VANDALISM
18725,2022-07-30,FRAUD
18726,30-Jul-2022,THEFT
18727,07/30/2022,ASSAULT
18728,2022-07-30,THEFT
18729,07/30/2022,BURGLARY
18730,30-Jul-2022,THEFT
18731,30-Jul-2022,BURGLARY
18732,30-Jul-2022,DRUG OFFENSE
18733,30-Jul-2022,ASSAULT
18734,30-Jul-2022,ROBBERY
18735,2022-07-30,FRAUD
18736,30-Jul-2022,VANDALISM
18737,07/30/2022,VANDALISM
18738,07/30/2022,OTHER
18739,2022-07-30,OTHER
18740,07/30/2022,OTHER
18741,30-Jul-2022,VANDALISM
18742,07/30/2022,ROBBERY
18743,30-Jul-2022,DRUG OFFENSE
18744,07/31/2022,BURGLARY
18745,2022-07-31,BURGLARY
18746,07/31/2022,BURGLARY
18747,07/31/2022,FRAUD
18748,31-Jul-2022,DRUG OFFENSE
18749,2022-07-31,ROBBERY
18750,31-Jul-2022,THEFT
18751,07/31/2022,ASSAULT
18752,31-Jul-2022,FRAUD
18753,07/31/2022,ASSAULT
18754,2022-07-31,BURGLARY
18755,07/31/2022,BURGLARY
18756,07/31/2022,DRUG OFFENSE
18757,31-Jul-2022,ROBBERY
18758,07/31/2022,BURGLARY
18759,2022-07-31,OTHER
18760,2022-07-31,BURGLARY
18761,07/31/2022,THEFT
18762,07/31/2022,BURGLARY
18763,31-Jul-2022,FRAUD
18764,31-Jul-2022,THEFT
18765,31-Jul-2022,FRAUD
18766,2022-07-31,BURGLARY
18767,2022-07-31,ASSAULT
18768,31-Jul-2022,BURGLARY
18769,31-Jul-2022,OTHER
18770,2022-07-31,FRAUD
18771,07/31/2022,THEFT
18772,2022-07-31,THEFT
18773,31-Jul-2022,THEFT
18774,31-Jul-2022,ASSAULT
18775,07/31/2022,VANDALISM
18776,07/31/2022,FRAUD
18777,07/31/2022,VANDALISM
18778,07/31/2022,DRUG OFFENSE
18779,31-Jul-2022,VANDALISM
18780,07/31/2022,DRUG OFFENSE
18781,31-Jul-2022,THEFT
18782,31-Jul-2022,ROBBERY
18783,31-Jul-2022,THEFT
18784,07/31/2022,ROBBERY
18785,07/31/2022,OTHER
18786,07/31/2022,DRUG OFFENSE
18787,31-Jul-2022,DRUG OFFENSE
18788,31-Jul-2022,VANDALISM
18789,07/31/2022,DRUG OFFENSE
18790,07/31/2022,BURGLARY
18791,07/31/2022,OTHER
18792,07/31/2022,BURGLARY
18793,07/31/2022,THEFT
18794,31-Jul-2022,VANDALISM
18795,07/31/2022,ASSAULT
18796,31-Jul-2022,BURGLARY
18797,07/31/2022,FRAUD
18798,2022-07-31,ASSAULT
18799,07/31/2022,THEFT
18800,2022-07-31,THEFT
18801,31-Jul-2022,FRAUD
18802,08/01/2022,DRUG OFFENSE
18803,2022-08-01,OTHER
18804,01-Aug-2022,ROBBERY
18805,08/01/2022,VANDALISM
18806,08/01/2022,VANDALISM
18807,08/01/2022,ASSAULT
18808,01-Aug-2022,FRAUD
18809,08/01/2022,ASSAULT
18810,2022-08-01,OTHER
18811,2022-08-01,DRUG OFFENSE
18812,01-Aug-2022,OTHER
18813,08/01/2022,BURGLARY
18814,01-Aug-2022,OTHER
18815,2022-08-01,BURGLARY
18816,01-Aug-2022,DRUG OFFENSE
18817,08/01/2022,THEFT
18818,2022-08-01,ROBBERY
18819,2022-08-01,THEFT
18820,08/01/2022,ROBBERY
18821,2022-08-01,BURGLARY
18822,08/01/2022,VANDALISM
18823,2022-08-01,ROBBERY
18824,08/01/2022,THEFT
18825,01-Aug-2022,VANDALISM
18826,2022-08-01,FRAUD
18827,08/01/2022,ROBBERY
18828,01-Aug-2022,ASSAULT
18829,08/01/2022,ROBBERY
18830,01-Aug-2022,OTHER
18831,08/01/2022,ROBBERY
18832,08/01/2022,THEFT
18833,08/01/2022,OTHER
18834,08/01/2022,ROBBERY
18835,08/01/2022,ROBBERY
18836,01-Aug-2022,DRUG OFFENSE
18837,2022-08-01,FRAUD
18838,08/01/2022,ROBBERY
18839,08/01/2022,THEFT
18840,2022-08-01,VANDALISM
18841,2022-08-01,OTHER
18842,2022-08-01,ASSAULT
18843,08/01/2022,ROBBERY
18844,08/01/2022,FRAUD
18845,08/01/2022,OTHER
18846,01-Aug-2022,ASSAULT
18847,2022-08-01,THEFT
18848,08/01/2022,THEFT
18849,01-Aug-2022,OTHER
18850,08/01/2022,BURGLARY
18851,08/01/2022,OTHER
18852,08/02/2022,ROBBERY
18853,2022-08-02,FRAUD
18854,2022-08-02,BURGLARY
18855,02-Aug-2022,BURGLARY
18856,2022-08-02,ASSAULT
18857,2022-08-02,ROBBERY
18858,2022-08-02,BURGLARY
18859,02-Aug-2022,DRUG OFFENSE
18860,2022-08-02,ROBBERY
18861,08/02/2022,VANDALISM
18862,08/02/2022,OTHER
18863,2022-08-02,ROBBERY
18864,2022-08-02,ROBBERY
18865,08/02/2022,THEFT
18866,08/02/2022,OTHER
18867,2022-08-02,VANDALISM
18868,08/02/2022,ASSAULT
18869,08/02/2022,BURGLARY
18870,02-Aug-2022,BURGLARY
18871,2022-08-02,ROBBERY
18872,02-Aug-2022,FRAUD
18873,08/02/2022,OTHER
18874,2022-08-02,BURGLARY
18875,02-Aug-2022,THEFT
18876,02-Aug-2022,THEFT
18877,08/02/2022,VANDALISM
18878,02-Aug-2022,ASSAULT
18879,2022-08-02,ROBBERY
18880,08/02/2022,VANDALISM
18881,08/02/2022,ROBBERY
18882,08/02/2022,OTHER
18883,08/02/2022,FRAUD
18884,08/02/2022,FRAUD
18885,08/02/2022,OTHER
18886,08/02/2022,ROBBERY
18887,02-Aug-2022,FRAUD
18888,2022-08-02,ASSAULT
18889,2022-08-02,VANDALISM
18890,02-Aug-2022,ASSAULT
18891,02-Aug-2022,OTHER
18892,08/02/2022,ASSAULT
18893,2022-08-02,BURGLARY
18894,02-Aug-2022,OTHER
18895,02-Aug-2022,FRAUD
18896,2022-08-02,VANDALISM
18897,08/02/2022,FRAUD
18898,02-Aug-2022,FRAUD
18899,02-Aug-2022,FRAUD
18900,2022-08-02,THEFT
18901,2022-08-02,DRUG OFFENSE
18902,08/03/2022,OTHER
18903,03-Aug-2022,DRUG OFFENSE
18904,08/03/2022,OTHER
18905,2022-08-03,OTHER
18906,03-Aug-2022,OTHER
18907,08/03/2022,FRAUD
18908,03-Aug-2022,THEFT
18909,03-Aug-2022,DRUG OFFENSE
18910,2022-08-03,OTHER
18911,08/03/2022,VANDALISM
18912,08/03/2022,ASSAULT
18913,08/03/2022,DRUG OFFENSE
18914,08/03/2022,ROBBERY
18915,2022-08-03,ROBBERY
18916,08/03/2022,ASSAULT
18917,2022-08-03,FRAUD
18918,08/03/2022,DRUG OFFENSE
18919,08/03/2022,THEFT
18920,08/03/2022,OTHER
18921,03-Aug-2022,ASSAULT
18922,03-Aug-2022,ROBBERY
18923,08/03/2022,BURGLARY
18924,2022-08-03,ROBBERY
18925,08/03/2022,THEFT
18926,2022-08-03,THEFT
18927,08/03/2022,THEFT
18928,2022-08-03,FRAUD
18929,08/03/2022,THEFT
18930,08/03/2022,ROBBERY
18931,08/03/2022,ASSAULT
18932,03-Aug-2022,VANDALISM
18933,2022-08-03,BURGLARY
18934,03-Aug-2022,VANDALISM
18935,03-Aug-2022,ROBBERY
18936,2022-08-03,ROBBERY
18937,03-Aug-2022,BURGLARY
18938,03-Aug-2022,ASSAULT
18939,08/03/2022,VANDALISM
18940,08/03/2022,ASSAULT
18941,2022-08-03,OTHER
18942,2022-08-03,ASSAULT
18943,03-Aug-2022,THEFT
18944,03-Aug-2022,ASSAULT
18945,2022-08-03,OTHER
18946,08/03/2022,ASSAULT
18947,2022-08-03,OTHER
18948,08/03/2022,FRAUD
18949,03-Aug-2022,VANDALISM
18950,03-Aug-2022,BURGLARY
18951,2022-08-03,ASSAULT
18952,03-Aug-2022,ROBBERY
18953,08/03/2022,VANDALISM
18954,2022-08-03,VANDALISM
18955,04-Aug-2022,VANDALISM
18956,04-Aug-2022,OTHER
18957,04-Aug-2022,THEFT
18958,2022-08-04,BURGLARY
18959,08/04/2022,OTHER
18960,08/04/2022,DRUG OFFENSE
18961,04-Aug-2022,DRUG OFFENSE
18962,2022-08-04,OTHER
18963,04-Aug-2022,FRAUD
18964,08/04/2022,ASSAULT
18965,04-Aug-2022,OTHER
18966,08/04/2022,THEFT
18967,08/04/2022,ASSAULT
18968,2022-08-04,ASSAULT
18969,2022-08-04,BURGLARY
18970,08/04/2022,OTHER
18971,04-Aug-2022,DRUG OFFENSE
18972,2022-08-04,ASSAULT
18973,2022-08-04,ASSAULT
18974,08/04/2022,ASSAULT
18975,08/04/2022,THEFT
18976,2022-08-04,VANDALISM
18977,2022-08-04,OTHER
18978,04-Aug-2022,FRAUD
18979,08/04/2022,DRUG OFFENSE
18980,2022-08-04,OTHER
18981,2022-08-04,DRUG OFFENSE
18982,04-Aug-2022,OTHER
18983,08/04/2022,DRUG OFFENSE
18984,04-Aug-2022,THEFT
18985,04-Aug-2022,ROBBERY
18986,08/04/2022,BURGLARY
18987,08/04/2022,VANDALISM
18988,08/04/2022,BURGLARY
18989,04-Aug-2022,FRAUD
18990,08/04/2022,THEFT
18991,04-Aug-2022,VANDALISM
18992,08/04/2022,OTHER
18993,04-Aug-2022,FRAUD
18994,04-Aug-2022,BURGLARY
18995,04-Aug-2022,ASSAULT
18996,04-Aug-2022,ROBBERY
18997,2022-08-04,BURGLARY
18998,08/04/2022,BURGLARY
18999,2022-08-04,OTHER
19000,2022-08-04,OTHER
19001,08/04/2022,THEFT
19002,08/05/2022,THEFT
19003,05-Aug-2022,FRAUD
19004,08/05/2022,FRAUD
19005,08/05/2022,THEFT
19006,08/05/2022,DRUG OFFENSE
19007,08/05/2022,DRUG OFFENSE
19008,08/05/2022,BURGLARY
19009,2022-08-05,ASSAULT
19010,05-Aug-2022,ASSAULT
19011,08/05/2022,DRUG OFFENSE
19012,08/05/2022,BURGLARY
19013,2022-08-05,FRAUD
19014,08/05/2022,THEFT
19015,08/05/2022,THEFT
19016,05-Aug-2022,VANDALISM
19017,08/05/2022,THEFT
19018,05-Aug-2022,ROBBERY
19019,08/05/2022,DRUG OFFENSE
19020,08/05/2022,DRUG OFFENSE
19021,2022-08-05,ASSAULT
19022,08/05/2022,THEFT
19023,08/05/2022,THEFT
19024,05-Aug-2022,FRAUD
19025,2022-08-05,BURGLARY
19026,05-Aug-2022,DRUG OFFENSE
19027,2022-08-05,FRAUD
19028,05-Aug-2022,OTHER
19029,08/05/2022,THEFT
19030,08/05/2022,DRUG OFFENSE
19031,2022-08-05,VANDALISM
19032,08/05/2022,ASSAULT
19033,05-Aug-2022,ASSAULT
19034,05-Aug-2022,FRAUD
19035,05-Aug-2022,ROBBERY
19036,08/05/2022,THEFT
19037,2022-08-05,OTHER
19038,2022-08-05,VANDALISM
19039,05-Aug-2022,BURGLARY
19040,08/05/2022,ASSAULT
19041,08/05/2022,BURGLARY
19042,05-Aug-2022,ROBBERY
19043,05-Aug-2022,BURGLARY
19044,2022-08-05,FRAUD
19045,08/05/2022,VANDALISM
19046,2022-08-05,VANDALISM
19047,08/06/2022,VANDALISM
19048,06-Aug-2022,VANDALISM
19049,08/06/2022,THEFT
19050,2022-08-06,THEFT
19051,06-Aug-2022,OTHER
19052,08/06/2022,THEFT
19053,06-Aug-2022,VANDALISM
19054,08/06/2022,VANDALISM
19055,2022-08-06,BURGLARY
19056,06-Aug-2022,VANDALISM
19057,2022-08-06,ASSAULT
19058,08/06/2022,ROBBERY
19059,06-Aug-2022,OTHER
19060,08/06/2022,VANDALISM
19061,08/06/2022,ASSAULT
19062,06-Aug-2022,FRAUD
19063,2022-08-06,BURGLARY
19064,08/06/2022,ASSAULT
19065,08/06/2022,OTHER
19066,06-Aug-2022,ASSAULT
19067,2022-08-06,THEFT
19068,08/06/2022,ASSAULT
19069,08/06/2022,THEFT
19070,08/06/2022,VANDALISM
19071,2022-08-06,ROBBERY
19072,08/06/2022,THEFT
19073,06-Aug-2022,VANDALISM
19074,2022-08-06,OTHER
19075,2022-08-06,ASSAULT
19076,06-Aug-2022,FRAUD
19077,06-Aug-2022,BURGLARY
19078,06-Aug-2022,ROBBERY
19079,2022-08-06,ASSAULT
19080,06-Aug-2022,BURGLARY
19081,06-Aug-2022,BURGLARY
19082,06-Aug-2022,FRAUD
19083,2022-08-06,OTHER
19084,2022-08-06,OTHER
19085,2022-08-06,VANDALISM
19086,2022-08-06,OTHER
19087,08/06/2022,OTHER
19088,06-Aug-2022,DRUG OFFENSE
19089,2022-08-06,THEFT
19090,2022-08-06,BURGLARY
19091,06-Aug-2022,THEFT
19092,08/06/2022,THEFT
19093,08/06/2022,FRAUD
19094,2022-08-06,ROBBERY
19095,06-Aug-2022,BURGLARY
19096,08/06/2022,ROBBERY
19097,08/06/2022,ROBBERY
19098,2022-08-06,VANDALISM
19099,08/06/2022,ASSAULT
19100,08/06/2022,FRAUD
19101,06-Aug-2022,DRUG OFFENSE
19102,08/06/2022,BURGLARY
19103,07-Aug-2022,ASSAULT
19104,08/07/2022,FRAUD
19105,07-Aug-2022,ROBBERY
19106,08/07/2022,ASSAULT
19107,07-Aug-2022,OTHER
19108,07-Aug-2022,OTHER
19109,08/07/2022,FRAUD
19110,07-Aug-2022,FRAUD
19111,07-Aug-2022,VANDALISM
19112,07-Aug-2022,OTHER
19113,2022-08-07,ASSAULT
19114,07-Aug-2022,ASSAULT
19115,07-Aug-2022,ASSAULT
19116,08/07/2022,OTHER
19117,2022-08-07,ROBBERY
19118,2022-08-07,FRAUD
19119,08/07/2022,VANDALISM
19120,07-Aug-2022,DRUG OFFENSE
19121,07-Aug-2022,ROBBERY
19122,08/07/2022,BURGLARY
19123,07-Aug-2022,FRAUD
19124,07-Aug-2022,VANDALISM
19125,07-Aug-2022,THEFT
19126,2022-08-07,THEFT
19127,08/07/2022,THEFT
19128,07-Aug-2022,ASSAULT
19129,08/07/2022,FRAUD
19130,08/07/2022,ASSAULT
19131,2022-08-07,BURGLARY
19132,07-Aug-2022,DRUG OFFENSE
19133,07-Aug-2022,VANDALISM
19134,2022-08-07,DRUG OFFENSE
19135,2022-08-07,FRAUD
19136,08/07/2022,THEFT
19137,07-Aug-2022,VANDALISM
19138,07-Aug-2022,ROBBERY
19139,07-Aug-2022,VANDALISM
19140,2022-08-07,OTHER
19141,2022-08-07,FRAUD
19142,2022-08-07,OTHER
19143,08/07/2022,ROBBERY
19144,08/07/2022,VANDALISM
19145,07-Aug-2022,VANDALISM
19146,07-Aug-2022,BURGLARY
19147,2022-08-07,BURGLARY
19148,2022-08-07,BURGLARY
19149,07-Aug-2022,THEFT
19150,07-Aug-2022,BURGLARY
19151,08/07/2022,ROBBERY
19152,2022-08-07,ROBBERY
19153,07-Aug-2022,DRUG OFFENSE
19154,2022-08-07,ASSAULT
19155,08/07/2022,FRAUD
19156,2022-08-07,FRAUD
19157,2022-08-07,THEFT
19158,07-Aug-2022,ASSAULT
19159,08-Aug-2022,ASSAULT
19160,08-Aug-2022,ROBBERY
19161,08-Aug-2022,FRAUD
19162,08/08/2022,DRUG OFFENSE
19163,08/08/2022,ROBBERY
19164,08/08/2022,THEFT
19165,08-Aug-2022,ASSAULT
19166,08/08/2022,OTHER
19167,2022-08-08,FRAUD
19168,2022-08-08,VANDALISM
19169,2022-08-08,THEFT
19170,08/08/2022,ROBBERY
19171,08/08/2022,VANDALISM
19172,08-Aug-2022,DRUG OFFENSE
19173,08-Aug-2022,ROBBERY
19174,08/08/2022,OTHER
19175,08/08/2022,OTHER
19176,08/08/2022,FRAUD
19177,08/08/2022,DRUG OFFENSE
19178,2022-08-08,OTHER
19179,08/08/2022,FRAUD
19180,08-Aug-2022,ASSAULT
19181,08-Aug-2022,DRUG OFFENSE
19182,08-Aug-2022,THEFT
19183,08/08/2022,THEFT
19184,08-Aug-2022,VANDALISM
19185,08/08/2022,ASSAULT
19186,08-Aug-2022,OTHER
19187,08/08/2022,VANDALISM
19188,2022-08-08,DRUG OFFENSE
19189,08-Aug-2022,BURGLARY
19190,2022-08-08,ROBBERY
19191,2022-08-08,FRAUD
19192,2022-08-08,ASSAULT
19193,08-Aug-2022,ASSAULT
19194,08/08/2022,DRUG OFFENSE
19195,08/08/2022,OTHER
19196,2022-08-08,ASSAULT
19197,08/08/2022,VANDALISM
19198,08-Aug-2022,OTHER
19199,08/08/2022,DRUG OFFENSE
19200,08-Aug-2022,VANDALISM
19201,08-Aug-2022,BURGLARY
19202,2022-08-08,DRUG OFFENSE
19203,08-Aug-2022,THEFT
19204,08/08/2022,FRAUD
19205,2022-08-08,THEFT
19206,09-Aug-2022,THEFT
19207,08/09/2022,THEFT
19208,08/09/2022,THEFT
19209,09-Aug-2022,FRAUD
19210,2022-08-09,THEFT
19211,2022-08-09,THEFT
19212,08/09/2022,FRAUD
19213,08/09/2022,DRUG OFFENSE
19214,08/09/2022,THEFT
19215,2022-08-09,ASSAULT
19216,2022-08-09,FRAUD
19217,09-Aug-2022,DRUG OFFENSE
19218,08/09/2022,THEFT
19219,09-Aug-2022,BURGLARY
19220,08/09/2022,VANDALISM
19221,09-Aug-2022,BURGLARY
19222,2022-08-09,THEFT
19223,08/09/2022,FRAUD
19224,2022-08-09,FRAUD
19225,2022-08-09,DRUG OFFENSE
19226,2022-08-09,ROBBERY
19227,2022-08-09,ASSAULT
19228,09-Aug-2022,BURGLARY
19229,08/09/2022,DRUG OFFENSE
19230,09-Aug-2022,THEFT
19231,2022-08-09,DRUG OFFENSE
19232,2022-08-09,ROBBERY
19233,08/09/2022,BURGLARY
19234,09-Aug-2022,THEFT
19235,2022-08-09,THEFT
19236,09-Aug-2022,ROBBERY
19237,08/09/2022,ROBBERY
19238,09-Aug-2022,VANDALISM
19239,09-Aug-2022,ROBBERY
19240,08/09/2022,DRUG OFFENSE
19241,2022-08-09,BURGLARY
19242,2022-08-09,VANDALISM
19243,2022-08-09,BURGLARY
19244,2022-08-09,DRUG OFFENSE
19245,2022-08-09,DRUG OFFENSE
19246,2022-08-09,ROBBERY
19247,09-Aug-2022,THEFT
19248,2022-08-09,DRUG OFFENSE
19249,2022-08-09,DRUG OFFENSE
19250,2022-08-09,BURGLARY
19251,09-Aug-2022,ROBBERY
19252,2022-08-09,ASSAULT
19253,08/09/2022,BURGLARY
19254,2022-08-09,ASSAULT
19255,10-Aug-2022,VANDALISM
19256,08/10/2022,OTHER
19257,10-Aug-2022,BURGLARY
19258,2022-08-10,ROBBERY
19259,2022-08-10,OTHER
19260,10-Aug-2022,THEFT
19261,08/10/2022,DRUG OFFENSE
19262,2022-08-10,ASSAULT
19263,2022-08-10,THEFT
19264,2022-08-10,BURGLARY
19265,08/10/2022,BURGLARY
19266,10-Aug-2022,ASSAULT
19267,08/10/2022,ASSAULT
19268,08/10/2022,FRAUD
19269,08/10/2022,BURGLARY
19270,10-Aug-2022,THEFT
19271,10-Aug-2022,BURGLARY
19272,10-Aug-2022,DRUG OFFENSE
19273,2022-08-10,DRUG OFFENSE
19274,10-Aug-2022,THEFT
19275,08/10/2022,DRUG OFFENSE
19276,10-Aug-2022,FRAUD
19277,2022-08-10,DRUG OFFENSE
19278,2022-08-10,DRUG OFFENSE
19279,2022-08-10,THEFT
19280,2022-08-10,FRAUD
19281,10-Aug-2022,ROBBERY
19282,2022-08-10,OTHER
19283,10-Aug-2022,BURGLARY
19284,10-Aug-2022,THEFT
19285,2022-08-10,OTHER
19286,10-Aug-2022,BURGLARY
19287,08/10/2022,FRAUD
19288,08/10/2022,ASSAULT
19289,08/10/2022,OTHER
19290,2022-08-10,ASSAULT
19291,08/10/2022,DRUG OFFENSE
19292,2022-08-10,THEFT
19293,2022-08-10,ASSAULT
19294,2022-08-10,OTHER
19295,08/10/2022,OTHER
19296,10-Aug-2022,FRAUD
19297,08/10/2022,OTHER
19298,10-Aug-2022,OTHER
19299,2022-08-10,DRUG OFFENSE
19300,10-Aug-2022,BURGLARY
19301,10-Aug-2022,VANDALISM
19302,2022-08-10,THEFT
19303,10-Aug-2022,ASSAULT
19304,10-Aug-2022,DRUG OFFENSE
19305,2022-08-11,BURGLARY
19306,08/11/2022,BURGLARY
19307,2022-08-11,ROBBERY
19308,11-Aug-2022,BURGLARY
19309,08/11/2022,ASSAULT
19310,2022-08-11,DRUG OFFENSE
19311,2022-08-11,VANDALISM
19312,11-Aug-2022,VANDALISM
19313,2022-08-11,DRUG OFFENSE
19314,2022-08-11,ROBBERY
19315,11-Aug-2022,THEFT
19316,2022-08-11,DRUG OFFENSE
19317,11-Aug-2022,FRAUD
19318,08/11/2022,THEFT
19319,08/11/2022,THEFT
19320,11-Aug-2022,DRUG OFFENSE
19321,08/11/2022,ROBBERY
19322,2022-08-11,THEFT
19323,08/11/2022,OTHER
19324,11-Aug-2022,BURGLARY
19325,11-Aug-2022,BURGLARY
19326,11-Aug-2022,OTHER
19327,11-Aug-2022,BURGLARY
19328,11-Aug-2022,THEFT
19329,08/11/2022,OTHER
19330,2022-08-11,ROBBERY
19331,11-Aug-2022,ASSAULT
19332,08/11/2022,THEFT
19333,2022-08-11,VANDALISM
19334,08/11/2022,VANDALISM
19335,08/11/2022,OTHER
19336,2022-08-11,OTHER
19337,08/11/2022,ASSAULT
19338,08/11/2022,DRUG OFFENSE
19339,08/11/2022,OTHER
19340,08/11/2022,FRAUD
19341,2022-08-11,ASSAULT
19342,08/11/2022,BURGLARY
19343,2022-08-11,VANDALISM
19344,2022-08-11,ROBBERY
19345,2022-08-11,THEFT
19346,11-Aug-2022,DRUG OFFENSE
19347,2022-08-11,OTHER
19348,08/11/2022,VANDALISM
19349,11-Aug-2022,OTHER
19350,2022-08-11,FRAUD
19351,11-Aug-2022,BURGLARY
19352,2022-08-11,VANDALISM
19353,11-Aug-2022,ROBBERY
19354,08/12/2022,VANDALISM
19355,2022-08-12,VANDALISM
19356,2022-08-12,ASSAULT
19357,12-Aug-2022,DRUG OFFENSE
19358,2022-08-12,OTHER
19359,08/12/2022,VANDALISM
19360,2022-08-12,VANDALISM
19361,08/12/2022,BURGLARY
19362,08/12/2022,DRUG OFFENSE
19363,12-Aug-2022,VANDALISM
19364,12-Aug-2022,ASSAULT
19365,2022-08-12,THEFT
19366,08/12/2022,FRAUD
19367,2022-08-12,VANDALISM
19368,08/12/2022,FRAUD
19369,08/12/2022,ROBBERY
19370,12-Aug-2022,THEFT
19371,08/12/2022,DRUG OFFENSE
19372,2022-08-12,VANDALISM
19373,12-Aug-2022,ROBBERY
19374,12-Aug-2022,ASSAULT
19375,08/12/2022,ASSAULT
19376,12-Aug-2022,VANDALISM
19377,12-Aug-2022,THEFT
19378,2022-08-12,ASSAULT
19379,2022-08-12,DRUG OFFENSE
19380,2022-08-12,DRUG OFFENSE
19381,12-Aug-2022,ROBBERY
19382,12-Aug-2022,VANDALISM
19383,2022-08-12,THEFT
19384,12-Aug-2022,OTHER
19385,2022-08-12,VANDALISM
19386,08/12/2022,ROBBERY
19387,08/12/2022,THEFT
19388,12-Aug-2022,ROBBERY
19389,2022-08-12,ASSAULT
19390,08/12/2022,THEFT
19391,2022-08-12,ROBBERY
19392,08/12/2022,OTHER
19393,08/12/2022,ROBBERY
19394,08/12/2022,VANDALISM
19395,08/12/2022,DRUG OFFENSE
19396,08/12/2022,OTHER
19397,08/12/2022,ROBBERY
19398,12-Aug-2022,VANDALISM
19399,08/12/2022,OTHER
19400,08/12/2022,FRAUD
19401,12-Aug-2022,BURGLARY
19402,2022-08-12,DRUG OFFENSE
19403,13-Aug-2022,FRAUD
19404,13-Aug-2022,FRAUD
19405,08/13/2022,THEFT
19406,2022-08-13,VANDALISM
19407,08/13/2022,THEFT
19408,08/13/2022,BURGLARY
19409,08/13/2022,ASSAULT
19410,08/13/2022,ROBBERY
19411,2022-08-13,FRAUD
19412,08/13/2022,VANDALISM
19413,2022-08-13,DRUG OFFENSE
19414,13-Aug-2022,DRUG OFFENSE
19415,08/13/2022,OTHER
19416,2022-08-13,ROBBERY
19417,08/13/2022,OTHER
19418,08/13/2022,DRUG OFFENSE
19419,2022-08-13,ROBBERY
19420,13-Aug-2022,DRUG OFFENSE
19421,13-Aug-2022,VANDALISM
19422,13-Aug-2022,THEFT
19423,08/13/2022,THEFT
19424,08/13/2022,ROBBERY
19425,2022-08-13,ROBBERY
19426,08/13/2022,ROBBERY
19427,08/13/2022,ASSAULT
19428,13-Aug-2022,ROBBERY
19429,2022-08-13,ASSAULT
19430,08/13/2022,BURGLARY
19431,2022-08-13,FRAUD
19432,2022-08-13,THEFT
19433,13-Aug-2022,THEFT
19434,2022-08-13,ROBBERY
19435,2022-08-13,FRAUD
19436,2022-08-13,VANDALISM
19437,13-Aug-2022,DRUG OFFENSE
19438,08/13/2022,OTHER
19439,08/13/2022,FRAUD
19440,08/13/2022,FRAUD
19441,2022-08-13,THEFT
19442,13-Aug-2022,BURGLARY
19443,13-Aug-2022,DRUG OFFENSE
19444,2022-08-13,THEFT
19445,2022-08-13,ASSAULT
19446,2022-08-13,BURGLARY
19447,13-Aug-2022,BURGLARY
19448,08/13/2022,THEFT
19449,08/13/2022,ASSAULT
19450,08/13/2022,OTHER
19451,2022-08-13,FRAUD
19452,2022-08-13,THEFT
19453,2022-08-13,VANDALISM
19454,08/13/2022,DRUG OFFENSE
19455,13-Aug-2022,BURGLARY
19456,13-Aug-2022,ROBBERY
19457,2022-08-13,ASSAULT
19458,13-Aug-2022,DRUG OFFENSE
19459,13-Aug-2022,DRUG OFFENSE
19460,13-Aug-2022,THEFT
19461,2022-08-14,BURGLARY
19462,08/14/2022,DRUG OFFENSE
19463,14-Aug-2022,ASSAULT
19464,08/14/2022,DRUG OFFENSE
19465,2022-08-14,DRUG OFFENSE
19466,08/14/2022,ROBBERY
19467,08/14/2022,BURGLARY
19468,2022-08-14,FRAUD
19469,14-Aug-2022,BURGLARY
19470,2022-08-14,ROBBERY
19471,08/14/2022,DRUG OFFENSE
19472,2022-08-14,VANDALISM
19473,2022-08-14,THEFT
19474,08/14/2022,FRAUD
19475,08/14/2022,ASSAULT
19476,08/14/2022,DRUG OFFENSE
19477,08/14/2022,DRUG OFFENSE
19478,08/14/2022,THEFT
19479,08/14/2022,ASSAULT
19480,08/14/2022,ROBBERY
19481,2022-08-14,ROBBERY
19482,14-Aug-2022,THEFT
19483,2022-08-14,OTHER
19484,08/14/2022,OTHER
19485,14-Aug-2022,BURGLARY
19486,08/14/2022,ASSAULT
19487,2022-08-14,ASSAULT
19488,08/14/2022,DRUG OFFENSE
19489,14-Aug-2022,THEFT
19490,14-Aug-2022,FRAUD
19491,14-Aug-2022,BURGLARY
19492,08/14/2022,FRAUD
19493,14-Aug-2022,DRUG OFFENSE
19494,14-Aug-2022,BURGLARY
19495,2022-08-14,ASSAULT
19496,2022-08-14,VANDALISM
19497,08/14/2022,OTHER
19498,14-Aug-2022,DRUG OFFENSE
19499,08/14/2022,OTHER
19500,08/14/2022,FRAUD
19501,08/14/2022,THEFT
19502,08/14/2022,ASSAULT
19503,08/14/2022,ASSAULT
19504,14-Aug-2022,ROBBERY
19505,14-Aug-2022,THEFT
19506,2022-08-14,VANDALISM
19507,15-Aug-2022,VANDALISM
19508,2022-08-15,OTHER
19509,08/15/2022,ROBBERY
19510,08/15/2022,FRAUD
19511,2022-08-15,OTHER
19512,2022-08-15,VANDALISM
19513,08/15/2022,OTHER
19514,15-Aug-2022,OTHER
19515,08/15/2022,ROBBERY
19516,08/15/2022,ROBBERY
19517,15-Aug-2022,FRAUD
19518,08/15/2022,ROBBERY
19519,08/15/2022,VANDALISM
19520,08/15/2022,OTHER
19521,15-Aug-2022,THEFT
19522,15-Aug-2022,THEFT
19523,2022-08-15,OTHER
19524,15-Aug-2022,BURGLARY
19525,15-Aug-2022,ASSAULT
19526,08/15/2022,DRUG OFFENSE
19527,15-Aug-2022,ROBBERY
19528,08/15/2022,VANDALISM
19529,15-Aug-2022,ASSAULT
19530,15-Aug-2022,OTHER
19531,08/15/2022,OTHER
19532,2022-08-15,FRAUD
19533,15-Aug-2022,ROBBERY
19534,15-Aug-2022,ASSAULT
19535,15-Aug-2022,DRUG OFFENSE
19536,2022-08-15,ASSAULT
19537,15-Aug-2022,ASSAULT
19538,2022-08-15,OTHER
19539,08/15/2022,BURGLARY
19540,15-Aug-2022,ROBBERY
19541,2022-08-15,FRAUD
19542,15-Aug-2022,DRUG OFFENSE
19543,15-Aug-2022,FRAUD
19544,15-Aug-2022,VANDALISM
19545,08/15/2022,THEFT
19546,2022-08-15,OTHER
19547,08/15/2022,BURGLARY
19548,08/15/2022,ROBBERY
19549,2022-08-15,BURGLARY
19550,15-Aug-2022,DRUG OFFENSE
19551,08/15/2022,BURGLARY
19552,08/15/2022,ASSAULT
19553,2022-08-16,THEFT
19554,16-Aug-2022,FRAUD
19555,2022-08-16,BURGLARY
19556,08/16/2022,VANDALISM
19557,08/16/2022,OTHER
19558,08/16/2022,VANDALISM
19559,2022-08-16,DRUG OFFENSE
19560,08/16/2022,THEFT
19561,2022-08-16,FRAUD
19562,08/16/2022,BURGLARY
19563,2022-08-16,OTHER
19564,08/16/2022,ROBBERY
19565,08/16/2022,ASSAULT
19566,16-Aug-2022,BURGLARY
19567,2022-08-16,VANDALISM
19568,2022-08-16,OTHER
19569,2022-08-16,BURGLARY
19570,2022-08-16,ASSAULT
19571,08/16/2022,OTHER
19572,16-Aug-2022,FRAUD
19573,2022-08-16,VANDALISM
19574,08/16/2022,VANDALISM
19575,08/16/2022,ROBBERY
19576,08/16/2022,ROBBERY
19577,08/16/2022,BURGLARY
19578,2022-08-16,DRUG OFFENSE
19579,16-Aug-2022,VANDALISM
19580,08/16/2022,BURGLARY
19581,2022-08-16,FRAUD
19582,08/16/2022,ROBBERY
19583,08/16/2022,DRUG OFFENSE
19584,08/16/2022,BURGLARY
19585,08/16/2022,BURGLARY
19586,08/16/2022,VANDALISM
19587,08/16/2022,THEFT
19588,16-Aug-2022,FRAUD
19589,2022-08-16,ASSAULT
19590,08/16/2022,VANDALISM
19591,16-Aug-2022,THEFT
19592,16-Aug-2022,BURGLARY
19593,2022-08-16,ASSAULT
19594,08/16/2022,OTHER
19595,08/16/2022,OTHER
19596,16-Aug-2022,ROBBERY
19597,2022-08-16,FRAUD
19598,16-Aug-2022,THEFT
19599,08/16/2022,ASSAULT
19600,16-Aug-2022,DRUG OFFENSE
19601,2022-08-16,THEFT
19602,08/16/2022,VANDALISM
19603,08/16/2022,BURGLARY
19604,2022-08-16,VANDALISM
19605,08/17/2022,ROBBERY
19606,2022-08-17,VANDALISM
19607,08/17/2022,VANDALISM
19608,2022-08-17,ASSAULT
19609,2022-08-17,ASSAULT
19610,17-Aug-2022,ROBBERY
19611,2022-08-17,OTHER
19612,08/17/2022,ASSAULT
19613,08/17/2022,FRAUD
19614,08/17/2022,ROBBERY
19615,08/17/2022,BURGLARY
19616,2022-08-17,THEFT
19617,17-Aug-2022,OTHER
19618,17-Aug-2022,BURGLARY
19619,17-Aug-2022,ROBBERY
19620,2022-08-17,ASSAULT
19621,2022-08-17,DRUG OFFENSE
19622,17-Aug-2022,ASSAULT
19623,08/17/2022,FRAUD
19624,08/17/2022,ROBBERY
19625,17-Aug-2022,DRUG OFFENSE
19626,08/17/2022,OTHER
19627,2022-08-17,FRAUD
19628,2022-08-17,DRUG OFFENSE
19629,08/17/2022,ASSAULT
19630,17-Aug-2022,THEFT
19631,08/17/2022,DRUG OFFENSE
19632,2022-08-17,FRAUD
19633,08/17/2022,OTHER
19634,2022-08-17,OTHER
19635,17-Aug-2022,ROBBERY
19636,17-Aug-2022,BURGLARY
19637,08/17/2022,THEFT
19638,17-Aug-2022,ASSAULT
19639,08/17/2022,BURGLARY
19640,2022-08-17,FRAUD
19641,2022-08-17,VANDALISM
19642,17-Aug-2022,BURGLARY
19643,08/17/2022,ROBBERY
19644,08/17/2022,FRAUD
19645,2022-08-17,DRUG OFFENSE
19646,17-Aug-2022,ASSAULT
19647,2022-08-17,THEFT
19648,17-Aug-2022,DRUG OFFENSE
19649,2022-08-17,FRAUD
19650,17-Aug-2022,THEFT
19651,2022-08-17,THEFT
19652,2022-08-17,THEFT
19653,08/18/2022,VANDALISM
19654,18-Aug-2022,FRAUD
19655,2022-08-18,ROBBERY
19656,08/18/2022,ASSAULT
19657,08/18/2022,ROBBERY
19658,18-Aug-2022,FRAUD
19659,2022-08-18,VANDALISM
19660,08/18/2022,THEFT
19661,2022-08-18,VANDALISM
19662,2022-08-18,FRAUD
19663,08/18/2022,ASSAULT
19664,08/18/2022,VANDALISM
19665,08/18/2022,OTHER
19666,08/18/2022,FRAUD
19667,08/18/2022,ROBBERY
19668,18-Aug-2022,VANDALISM
19669,2022-08-18,ASSAULT
19670,2022-08-18,ASSAULT
19671,2022-08-18,OTHER
19672,18-Aug-2022,VANDALISM
19673,08/18/2022,DRUG OFFENSE
19674,18-Aug-2022,DRUG OFFENSE
19675,18-Aug-2022,FRAUD
19676,2022-08-18,OTHER
19677,2022-08-18,VANDALISM
19678,18-Aug-2022,ASSAULT
19679,2022-08-18,THEFT
19680,08/18/2022,OTHER
19681,08/18/2022,BURGLARY
19682,08/18/2022,VANDALISM
19683,2022-08-18,OTHER
19684,18-Aug-2022,THEFT
19685,18-Aug-2022,ASSAULT
19686,18-Aug-2022,FRAUD
19687,2022-08-18,FRAUD
19688,2022-08-18,BURGLARY
19689,18-Aug-2022,VANDALISM
19690,08/18/2022,VANDALISM
19691,18-Aug-2022,VANDALISM
19692,2022-08-18,DRUG OFFENSE
19693,2022-08-18,ASSAULT
19694,2022-08-18,FRAUD
19695,18-Aug-2022,VANDALISM
19696,18-Aug-2022,ASSAULT
19697,2022-08-18,FRAUD
19698,2022-08-18,OTHER
19699,08/18/2022,OTHER
19700,18-Aug-2022,VANDALISM
19701,18-Aug-2022,DRUG OFFENSE
19702,2022-08-18,THEFT
19703,2022-08-18,ASSAULT
19704,2022-08-19,ASSAULT
19705,2022-08-19,ASSAULT
19706,2022-08-19,THEFT
19707,2022-08-19,ROBBERY
19708,19-Aug-2022,OTHER
19709,08/19/2022,ROBBERY
19710,2022-08-19,DRUG OFFENSE
19711,2022-08-19,DRUG OFFENSE
19712,19-Aug-2022,FRAUD
19713,08/19/2022,DRUG OFFENSE
19714,08/19/2022,OTHER
19715,08/19/2022,DRUG OFFENSE
19716,19-Aug-2022,THEFT
19717,2022-08-19,ASSAULT
19718,08/19/2022,OTHER
19719,08/19/2022,OTHER
19720,19-Aug-2022,BURGLARY
19721,19-Aug-2022,DRUG OFFENSE
19722,2022-08-19,VANDALISM
19723,2022-08-19,DRUG OFFENSE
19724,19-Aug-2022,DRUG OFFENSE
19725,2022-08-19,ROBBERY
19726,19-Aug-2022,FRAUD
19727,08/19/2022,THEFT
19728,19-Aug-2022,THEFT
19729,08/19/2022,OTHER
19730,2022-08-19,VANDALISM
19731,08/19/2022,ASSAULT
19732,08/19/2022,ASSAULT
19733,08/19/2022,DRUG OFFENSE
19734,2022-08-19,ASSAULT
19735,19-Aug-2022,BURGLARY
19736,08/19/2022,BURGLARY
19737,08/19/2022,OTHER
19738,19-Aug-2022,BURGLARY
19739,08/19/2022,BURGLARY
19740,19-Aug-2022,BURGLARY
19741,08/19/2022,VANDALISM
19742,2022-08-19,THEFT
19743,08/19/2022,VANDALISM
19744,19-Aug-2022,ROBBERY
19745,2022-08-19,DRUG OFFENSE
19746,19-Aug-2022,DRUG OFFENSE
19747,2022-08-19,ROBBERY
19748,19-Aug-2022,VANDALISM
19749,2022-08-19,BURGLARY
19750,2022-08-19,BURGLARY
19751,2022-08-20,BURGLARY
19752,20-Aug-2022,FRAUD
19753,20-Aug-2022,DRUG OFFENSE
19754,08/20/2022,DRUG OFFENSE
19755,08/20/2022,ROBBERY
19756,2022-08-20,THEFT
19757,2022-08-20,THEFT
19758,08/20/2022,OTHER
19759,08/20/2022,OTHER
19760,08/20/2022,OTHER
19761,20-Aug-2022,FRAUD
19762,08/20/2022,BURGLARY
19763,20-Aug-2022,DRUG OFFENSE
19764,2022-08-20,BURGLARY
19765,2022-08-20,ROBBERY
19766,20-Aug-2022,ASSAULT
19767,08/20/2022,ASSAULT
19768,08/20/2022,ASSAULT
19769,08/20/2022,BURGLARY
19770,2022-08-20,FRAUD
19771,2022-08-20,DRUG OFFENSE
19772,08/20/2022,BURGLARY
19773,20-Aug-2022,ROBBERY
19774,2022-08-20,ROBBERY
19775,08/20/2022,DRUG OFFENSE
19776,20-Aug-2022,DRUG OFFENSE
19777,08/20/2022,BURGLARY
19778,20-Aug-2022,VANDALISM
19779,08/20/2022,THEFT
19780,08/20/2022,DRUG OFFENSE
19781,08/20/2022,VANDALISM
19782,08/20/2022,ASSAULT
19783,20-Aug-2022,ROBBERY
19784,08/20/2022,FRAUD
19785,2022-08-20,DRUG OFFENSE
19786,08/20/2022,DRUG OFFENSE
19787,2022-08-20,VANDALISM
19788,08/20/2022,DRUG OFFENSE
19789,20-Aug-2022,DRUG OFFENSE
19790,20-Aug-2022,THEFT
19791,08/20/2022,OTHER
19792,20-Aug-2022,THEFT
19793,20-Aug-2022,VANDALISM
19794,2022-08-20,OTHER
19795,08/20/2022,OTHER
19796,08/20/2022,THEFT
19797,20-Aug-2022,VANDALISM
19798,08/20/2022,FRAUD
19799,08/20/2022,THEFT
19800,2022-08-20,VANDALISM
19801,08/20/2022,VANDALISM
19802,08/20/2022,ROBBERY
19803,08/20/2022,OTHER
19804,2022-08-20,BURGLARY
19805,2022-08-20,FRAUD
19806,2022-08-20,ROBBERY
19807,20-Aug-2022,VANDALISM
19808,08/20/2022,VANDALISM
19809,08/20/2022,DRUG OFFENSE
19810,08/20/2022,ASSAULT
19811,2022-08-20,ASSAULT
19812,20-Aug-2022,BURGLARY
19813,2022-08-20,DRUG OFFENSE
19814,2022-08-21,DRUG OFFENSE
19815,2022-08-21,DRUG OFFENSE
19816,2022-08-21,DRUG OFFENSE
19817,2022-08-21,VANDALISM
19818,21-Aug-2022,ASSAULT
19819,08/21/2022,THEFT
19820,2022-08-21,ASSAULT
19821,21-Aug-2022,ASSAULT
19822,08/21/2022,FRAUD
19823,2022-08-21,VANDALISM
19824,2022-08-21,FRAUD
19825,08/21/2022,BURGLARY
19826,21-Aug-2022,ROBBERY
19827,21-Aug-2022,BURGLARY
19828,08/21/2022,ROBBERY
19829,08/21/2022,THEFT
19830,2022-08-21,BURGLARY
19831,21-Aug-2022,BURGLARY
19832,2022-08-21,ROBBERY
19833,21-Aug-2022,DRUG OFFENSE
19834,08/21/2022,VANDALISM
19835,08/21/2022,ROBBERY
19836,08/21/2022,VANDALISM
19837,21-Aug-2022,FRAUD
19838,21-Aug-2022,ASSAULT
19839,21-Aug-2022,ASSAULT
19840,21-Aug-2022,THEFT
19841,21-Aug-2022,BURGLARY
19842,08/21/2022,VANDALISM
19843,21-Aug-2022,FRAUD
19844,08/21/2022,THEFT
19845,21-Aug-2022,OTHER
19846,08/21/2022,FRAUD
19847,08/21/2022,ROBBERY
19848,08/21/2022,ROBBERY
19849,08/21/2022,BURGLARY
19850,08/21/2022,OTHER
19851,2022-08-21,ROBBERY
19852,2022-08-21,ROBBERY
19853,08/21/2022,VANDALISM
19854,2022-08-21,THEFT
19855,2022-08-21,FRAUD
19856,2022-08-21,THEFT
19857,2022-08-21,ROBBERY
19858,21-Aug-2022,OTHER
19859,08/21/2022,FRAUD
19860,21-Aug-2022,VANDALISM
19861,21-Aug-2022,THEFT
19862,21-Aug-2022,VANDALISM
19863,08/21/2022,FRAUD
19864,2022-08-21,FRAUD
19865,21-Aug-2022,FRAUD
19866,08/21/2022,THEFT
19867,08/21/2022,BURGLARY
19868,21-Aug-2022,FRAUD
19869,08/21/2022,THEFT
19870,08/21/2022,ROBBERY
19871,2022-08-21,THEFT
19872,08/21/2022,ASSAULT
19873,08/21/2022,FRAUD
19874,2022-08-21,VANDALISM
19875,08/22/2022,FRAUD
19876,08/22/2022,DRUG OFFENSE
19877,2022-08-22,FRAUD
19878,08/22/2022,ROBBERY
19879,2022-08-22,THEFT
19880,2022-08-22,OTHER
19881,22-Aug-2022,VANDALISM
19882,08/22/2022,THEFT
19883,2022-08-22,ROBBERY
19884,08/22/2022,ROBBERY
19885,22-Aug-2022,BURGLARY
19886,2022-08-22,ROBBERY
19887,2022-08-22,THEFT
19888,2022-08-22,BURGLARY
19889,08/22/2022,ROBBERY
19890,2022-08-22,DRUG OFFENSE
19891,08/22/2022,ASSAULT
19892,08/22/2022,ROBBERY
19893,2022-08-22,FRAUD
19894,08/22/2022,BURGLARY
19895,08/22/2022,ASSAULT
19896,22-Aug-2022,ASSAULT
19897,08/22/2022,FRAUD
19898,2022-08-22,FRAUD
19899,22-Aug-2022,FRAUD
19900,22-Aug-2022,ROBBERY
19901,2022-08-22,FRAUD
19902,22-Aug-2022,THEFT
19903,22-Aug-2022,DRUG OFFENSE
19904,08/22/2022,ASSAULT
19905,22-Aug-2022,BURGLARY
19906,22-Aug-2022,DRUG OFFENSE
19907,08/22/2022,BURGLARY
19908,22-Aug-2022,OTHER
19909,08/22/2022,ROBBERY
19910,2022-08-22,FRAUD
19911,2022-08-22,ASSAULT
19912,22-Aug-2022,THEFT
19913,08/22/2022,OTHER
19914,22-Aug-2022,BURGLARY
19915,2022-08-22,ASSAULT
19916,08/23/2022,DRUG OFFENSE
19917,08/23/2022,THEFT
19918,08/23/2022,DRUG OFFENSE
19919,08/23/2022,VANDALISM
19920,2022-08-23,THEFT
19921,08/23/2022,ROBBERY
19922,23-Aug-2022,FRAUD
19923,08/23/2022,ASSAULT
19924,2022-08-23,BURGLARY
19925,08/23/2022,ASSAULT
19926,2022-08-23,ASSAULT
19927,23-Aug-2022,OTHER
19928,2022-08-23,OTHER
19929,23-Aug-2022,THEFT
19930,08/23/2022,FRAUD
19931,2022-08-23,DRUG OFFENSE
19932,2022-08-23,FRAUD
19933,2022-08-23,DRUG OFFENSE
19934,08/23/2022,DRUG OFFENSE
19935,08/23/2022,FRAUD
19936,23-Aug-2022,ASSAULT
19937,2022-08-23,VANDALISM
19938,2022-08-23,BURGLARY
19939,2022-08-23,THEFT
19940,23-Aug-2022,VANDALISM
19941,08/23/2022,VANDALISM
19942,23-Aug-2022,VANDALISM
19943,2022-08-23,THEFT
19944,23-Aug-2022,ASSAULT
19945,08/23/2022,VANDALISM
19946,23-Aug-2022,VANDALISM
19947,23-Aug-2022,DRUG OFFENSE
19948,23-Aug-2022,FRAUD
19949,23-Aug-2022,BURGLARY
19950,23-Aug-2022,THEFT
19951,08/23/2022,FRAUD
19952,23-Aug-2022,ASSAULT
19953,08/23/2022,THEFT
19954,08/23/2022,FRAUD
19955,2022-08-23,THEFT
19956,2022-08-23,OTHER
19957,23-Aug-2022,ROBBERY
19958,2022-08-23,THEFT
19959,23-Aug-2022,THEFT
19960,08/23/2022,DRUG OFFENSE
19961,08/23/2022,THEFT
19962,23-Aug-2022,DRUG OFFENSE
19963,23-Aug-2022,BURGLARY
19964,2022-08-24,ROBBERY
19965,08/24/2022,THEFT
19966,2022-08-24,FRAUD
19967,2022-08-24,BURGLARY
19968,2022-08-24,FRAUD
19969,24-Aug-2022,OTHER
19970,08/24/2022,BURGLARY
19971,2022-08-24,ROBBERY
19972,08/24/2022,ASSAULT
19973,08/24/2022,OTHER
19974,2022-08-24,ASSAULT
19975,08/24/2022,FRAUD
19976,24-Aug-2022,OTHER
19977,24-Aug-2022,BURGLARY
19978,2022-08-24,FRAUD
19979,08/24/2022,DRUG OFFENSE
19980,2022-08-24,ROBBERY
19981,2022-08-24,BURGLARY
19982,24-Aug-2022,VANDALISM
19983,08/24/2022,FRAUD
19984,08/24/2022,DRUG OFFENSE
19985,2022-08-24,BURGLARY
19986,08/24/2022,THEFT
19987,24-Aug-2022,BURGLARY
19988,08/24/2022,ROBBERY
19989,08/24/2022,VANDALISM
19990,2022-08-24,VANDALISM
19991,08/24/2022,BURGLARY
19992,08/24/2022,ROBBERY
19993,2022-08-24,VANDALISM
19994,24-Aug-2022,ROBBERY
19995,08/24/2022,THEFT
19996,08/24/2022,VANDALISM
19997,08/24/2022,VANDALISM
19998,08/24/2022,BURGLARY
19999,08/24/2022,BURGLARY
20000,24-Aug-2022,ASSAULT
20001,2022-08-24,FRAUD
20002,2022-08-24,DRUG OFFENSE
20003,2022-08-24,THEFT
20004,08/24/2022,FRAUD
20005,08/24/2022,VANDALISM
20006,24-Aug-2022,VANDALISM
20007,2022-08-24,DRUG OFFENSE
20008,08/24/2022,ROBBERY
20009,08/24/2022,DRUG OFFENSE
20010,24-Aug-2022,FRAUD
20011,2022-08-24,OTHER
20012,2022-08-24,VANDALISM
20013,08/25/2022,THEFT
20014,25-Aug-2022,ROBBERY
20015,25-Aug-2022,FRAUD
20016,2022-08-25,THEFT
20017,25-Aug-2022,BURGLARY
20018,25-Aug-2022,VANDALISM
20019,2022-08-25,DRUG OFFENSE
20020,08/25/2022,THEFT
20021,08/25/2022,OTHER
20022,2022-08-25,BURGLARY
20023,08/25/2022,ROBBERY
20024,08/25/2022,OTHER
20025,2022-08-25,ASSAULT
20026,08/25/2022,ROBBERY
20027,08/25/2022,OTHER
20028,25-Aug-2022,VANDALISM
20029,25-Aug-2022,ROBBERY
20030,25-Aug-2022,OTHER
20031,08/25/2022,ROBBERY
20032,08/25/2022,OTHER
20033,08/25/2022,DRUG OFFENSE
20034,2022-08-25,THEFT
20035,08/25/2022,OTHER
20036,08/25/2022,ROBBERY
20037,08/25/2022,THEFT
20038,25-Aug-2022,FRAUD
20039,25-Aug-2022,DRUG OFFENSE
20040,25-Aug-2022,THEFT
20041,2022-08-25,BURGLARY
20042,08/25/2022,DRUG OFFENSE
20043,25-Aug-2022,ROBBERY
20044,25-Aug-2022,FRAUD
20045,08/25/2022,DRUG OFFENSE
20046,08/25/2022,VANDALISM
20047,25-Aug-2022,ASSAULT
20048,2022-08-25,ASSAULT
20049,25-Aug-2022,DRUG OFFENSE
20050,08/25/2022,ROBBERY
20051,08/25/2022,BURGLARY
20052,2022-08-25,FRAUD
20053,2022-08-26,ASSAULT
20054,08/26/2022,VANDALISM
20055,08/26/2022,BURGLARY
20056,08/26/2022,BURGLARY
20057,26-Aug-2022,BURGLARY
20058,08/26/2022,ROBBERY
20059,08/26/2022,ROBBERY
20060,26-Aug-2022,DRUG OFFENSE
20061,08/26/2022,FRAUD
20062,2022-08-26,ROBBERY
20063,08/26/2022,THEFT
20064,26-Aug-2022,ASSAULT
20065,26-Aug-2022,THEFT
20066,26-Aug-2022,OTHER
20067,2022-08-26,FRAUD
20068,26-Aug-2022,ROBBERY
20069,2022-08-26,THEFT
20070,08/26/2022,BURGLARY
20071,2022-08-26,ASSAULT
20072,26-Aug-2022,OTHER
20073,08/26/2022,DRUG OFFENSE
20074,26-Aug-2022,THEFT
20075,08/26/2022,ASSAULT
20076,08/26/2022,OTHER
20077,2022-08-26,THEFT
20078,08/26/2022,OTHER
20079,2022-08-26,ASSAULT
20080,2022-08-26,FRAUD
20081,08/26/2022,BURGLARY
20082,2022-08-26,FRAUD
20083,26-Aug-2022,OTHER
20084,2022-08-26,FRAUD
20085,08/26/2022,FRAUD
20086,26-Aug-2022,ASSAULT
20087,08/26/2022,FRAUD
20088,26-Aug-2022,FRAUD
20089,08/26/2022,VANDALISM
20090,26-Aug-2022,BURGLARY
20091,08/26/2022,ROBBERY
20092,2022-08-26,VANDALISM
20093,26-Aug-2022,THEFT
20094,2022-08-26,THEFT
20095,08/26/2022,FRAUD
20096,08/26/2022,OTHER
20097,2022-08-26,BURGLARY
20098,08/26/2022,OTHER
20099,26-Aug-2022,ROBBERY
20100,26-Aug-2022,FRAUD
20101,08/26/2022,FRAUD
20102,2022-08-27,ROBBERY
20103,27-Aug-2022,BURGLARY
20104,08/27/2022,VANDALISM
20105,08/27/2022,ROBBERY
20106,08/27/2022,ROBBERY
20107,27-Aug-2022,VANDALISM
20108,08/27/2022,FRAUD
20109,27-Aug-2022,VANDALISM
20110,27-Aug-2022,BURGLARY
20111,27-Aug-2022,DRUG OFFENSE
20112,2022-08-27,BURGLARY
20113,2022-08-27,BURGLARY
20114,27-Aug-2022,VANDALISM
20115,08/27/2022,ASSAULT
20116,2022-08-27,BURGLARY
20117,2022-08-27,THEFT
20118,27-Aug-2022,ASSAULT
20119,2022-08-27,ASSAULT
20120,2022-08-27,VANDALISM
20121,08/27/2022,OTHER
20122,08/27/2022,BURGLARY
20123,2022-08-27,ASSAULT
20124,27-Aug-2022,VANDALISM
20125,27-Aug-2022,FRAUD
20126,2022-08-27,ROBBERY
20127,27-Aug-2022,DRUG OFFENSE
20128,08/27/2022,ASSAULT
20129,08/27/2022,ASSAULT
20130,08/27/2022,VANDALISM
20131,08/27/2022,BURGLARY
20132,27-Aug-2022,OTHER
20133,08/27/2022,ASSAULT
20134,27-Aug-2022,FRAUD
20135,08/27/2022,FRAUD
20136,08/27/2022,DRUG OFFENSE
20137,08/27/2022,THEFT
20138,2022-08-27,ASSAULT
20139,27-Aug-2022,OTHER
20140,08/27/2022,DRUG OFFENSE
20141,08/27/2022,ASSAULT
20142,2022-08-27,BURGLARY
20143,08/27/2022,BURGLARY
20144,2022-08-27,DRUG OFFENSE
20145,27-Aug-2022,BURGLARY
20146,08/28/2022,VANDALISM
20147,08/28/2022,ROBBERY
20148,08/28/2022,BURGLARY
20149,28-Aug-2022,OTHER
20150,2022-08-28,THEFT
20151,2022-08-28,DRUG OFFENSE
20152,08/28/2022,BURGLARY
20153,2022-08-28,ASSAULT
20154,08/28/2022,DRUG OFFENSE
20155,28-Aug-2022,FRAUD
20156,08/28/2022,VANDALISM
20157,28-Aug-2022,ROBBERY
20158,28-Aug-2022,ASSAULT
20159,2022-08-28,DRUG OFFENSE
20160,2022-08-28,DRUG OFFENSE
20161,28-Aug-2022,VANDALISM
20162,08/28/2022,OTHER
20163,08/28/2022,VANDALISM
20164,28-Aug-2022,ASSAULT
20165,28-Aug-2022,THEFT
20166,2022-08-28,ASSAULT
20167,08/28/2022,BURGLARY
20168,28-Aug-2022,VANDALISM
20169,28-Aug-2022,THEFT
20170,08/28/2022,OTHER
20171,08/28/2022,DRUG OFFENSE
20172,08/28/2022,BURGLARY
20173,28-Aug-2022,VANDALISM
20174,08/28/2022,THEFT
20175,2022-08-28,BURGLARY
20176,08/28/2022,BURGLARY
20177,28-Aug-2022,ROBBERY
20178,08/28/2022,FRAUD
20179,28-Aug-2022,OTHER
20180,28-Aug-2022,THEFT
20181,2022-08-28,DRUG OFFENSE
20182,2022-08-28,OTHER
20183,08/28/2022,FRAUD
20184,28-Aug-2022,THEFT
20185,2022-08-28,THEFT
20186,2022-08-28,ASSAULT
20187,08/28/2022,ROBBERY
20188,08/28/2022,BURGLARY
20189,2022-08-28,THEFT
20190,28-Aug-2022,BURGLARY
20191,28-Aug-2022,FRAUD
20192,08/28/2022,ASSAULT
20193,08/28/2022,ROBBERY
20194,2022-08-28,FRAUD
20195,08/28/2022,ASSAULT
20196,08/29/2022,OTHER
20197,08/29/2022,OTHER
20198,29-Aug-2022,DRUG OFFENSE
20199,29-Aug-2022,THEFT
20200,08/29/2022,DRUG OFFENSE
20201,08/29/2022,VANDALISM
20202,08/29/2022,VANDALISM
20203,08/29/2022,ASSAULT
20204,29-Aug-2022,FRAUD
20205,2022-08-29,ASSAULT
20206,2022-08-29,ROBBERY
20207,2022-08-29,THEFT
20208,08/29/2022,OTHER
20209,2022-08-29,FRAUD
20210,08/29/2022,ASSAULT
20211,2022-08-29,THEFT
20212,29-Aug-2022,BURGLARY
20213,29-Aug-2022,OTHER
20214,2022-08-29,VANDALISM
20215,2022-08-29,ROBBERY
20216,29-Aug-2022,THEFT
20217,08/29/2022,ROBBERY
20218,08/29/2022,THEFT
20219,2022-08-29,DRUG OFFENSE
20220,2022-08-29,THEFT
20221,08/29/2022,OTHER
20222,08/29/2022,ASSAULT
20223,2022-08-29,VANDALISM
20224,08/29/2022,ASSAULT
20225,29-Aug-2022,VANDALISM
20226,08/29/2022,OTHER
20227,08/29/2022,DRUG OFFENSE
20228,08/29/2022,ROBBERY
20229,2022-08-29,ASSAULT
20230,2022-08-29,ROBBERY
20231,2022-08-29,OTHER
20232,2022-08-29,THEFT
20233,2022-08-29,FRAUD
20234,29-Aug-2022,DRUG OFFENSE
20235,2022-08-29,THEFT
20236,08/29/2022,BURGLARY
20237,29-Aug-2022,BURGLARY
20238,2022-08-30,DRUG OFFENSE
20239,30-Aug-2022,OTHER
20240,08/30/2022,ROBBERY
20241,08/30/2022,VANDALISM
20242,2022-08-30,DRUG OFFENSE
20243,30-Aug-2022,ASSAULT
20244,30-Aug-2022,OTHER
20245,08/30/2022,DRUG OFFENSE
20246,08/30/2022,FRAUD
20247,08/30/2022,ASSAULT
20248,2022-08-30,DRUG OFFENSE
20249,30-Aug-2022,ROBBERY
20250,2022-08-30,VANDALISM
20251,30-Aug-2022,VANDALISM
20252,08/30/2022,DRUG OFFENSE
20253,08/30/2022,DRUG OFFENSE
20254,08/30/2022,ROBBERY
20255,08/30/2022,FRAUD
20256,08/30/2022,OTHER
20257,08/30/2022,THEFT
20258,08/30/2022,ASSAULT
20259,2022-08-30,DRUG OFFENSE
20260,2022-08-30,VANDALISM
20261,08/30/2022,ASSAULT
20262,30-Aug-2022,OTHER
20263,30-Aug-2022,DRUG OFFENSE
20264,30-Aug-2022,VANDALISM
20265,2022-08-30,ROBBERY
20266,2022-08-30,VANDALISM
20267,2022-08-30,FRAUD
20268,30-Aug-2022,DRUG OFFENSE
20269,30-Aug-2022,ASSAULT
20270,2022-08-30,BURGLARY
20271,30-Aug-2022,ASSAULT
20272,2022-08-30,BURGLARY
20273,08/31/2022,ASSAULT
20274,08/31/2022,DRUG OFFENSE
20275,31-Aug-2022,ASSAULT
20276,08/31/2022,DRUG OFFENSE
20277,08/31/2022,OTHER
20278,2022-08-31,FRAUD
20279,31-Aug-2022,ASSAULT
20280,2022-08-31,THEFT
20281,08/31/2022,ROBBERY
20282,31-Aug-2022,FRAUD
20283,08/31/2022,THEFT
20284,31-Aug-2022,OTHER
20285,2022-08-31,VANDALISM
20286,2022-08-31,FRAUD
20287,08/31/2022,THEFT
20288,08/31/2022,VANDALISM
20289,08/31/2022,BURGLARY
20290,08/31/2022,BURGLARY
20291,08/31/2022,ASSAULT
20292,31-Aug-2022,OTHER
20293,31-Aug-2022,VANDALISM
20294,08/31/2022,BURGLARY
20295,08/31/2022,ROBBERY
20296,2022-08-31,ASSAULT
20297,31-Aug-2022,BURGLARY
20298,31-Aug-2022,THEFT
20299,2022-08-31,THEFT
20300,08/31/2022,ASSAULT
20301,31-Aug-2022,THEFT
20302,31-Aug-2022,VANDALISM
20303,31-Aug-2022,ROBBERY
20304,31-Aug-2022,BURGLARY
20305,08/31/2022,BURGLARY
20306,31-Aug-2022,BURGLARY
20307,2022-08-31,ASSAULT
20308,2022-08-31,DRUG OFFENSE
20309,2022-08-31,ROBBERY
20310,2022-08-31,VANDALISM
20311,31-Aug-2022,VANDALISM
20312,31-Aug-2022,ASSAULT
20313,31-Aug-2022,VANDALISM
20314,31-Aug-2022,VANDALISM
20315,08/31/2022,OTHER
20316,31-Aug-2022,FRAUD
20317,2022-08-31,DRUG OFFENSE
20318,31-Aug-2022,OTHER
20319,31-Aug-2022,OTHER
20320,2022-08-31,OTHER
20321,2022-09-01,FRAUD
20322,09/01/2022,OTHER
20323,2022-09-01,ROBBERY
20324,01-Sep-2022,ROBBERY
20325,01-Sep-2022,DRUG OFFENSE
20326,09/01/2022,DRUG OFFENSE
20327,01-Sep-2022,FRAUD
20328,09/01/2022,BURGLARY
20329,2022-09-01,BURGLARY
20330,09/01/2022,DRUG OFFENSE
20331,09/01/2022,OTHER
20332,01-Sep-2022,VANDALISM
20333,2022-09-01,THEFT
20334,09/01/2022,BURGLARY
20335,2022-09-01,FRAUD
20336,2022-09-01,ROBBERY
20337,01-Sep-2022,ASSAULT
20338,2022-09-01,OTHER
20339,2022-09-01,THEFT
20340,01-Sep-2022,OTHER
20341,09/01/2022,BURGLARY
20342,09/01/2022,DRUG OFFENSE
20343,2022-09-01,ASSAULT
20344,2022-09-01,ROBBERY
20345,09/01/2022,FRAUD
20346,09/01/2022,ASSAULT
20347,09/01/2022,DRUG OFFENSE
20348,01-Sep-2022,OTHER
20349,09/01/2022,FRAUD
20350,01-Sep-2022,VANDALISM
20351,01-Sep-2022,BURGLARY
20352,09/01/2022,DRUG OFFENSE
20353,09/01/2022,OTHER
20354,2022-09-01,BURGLARY
20355,09/01/2022,VANDALISM
20356,01-Sep-2022,DRUG OFFENSE
20357,01-Sep-2022,DRUG OFFENSE
20358,09/01/2022,DRUG OFFENSE
20359,01-Sep-2022,DRUG OFFENSE
20360,09/01/2022,FRAUD
20361,2022-09-01,ROBBERY
20362,09/01/2022,VANDALISM
20363,01-Sep-2022,DRUG OFFENSE
20364,01-Sep-2022,FRAUD
20365,09/01/2022,OTHER
20366,09/01/2022,THEFT
20367,09/01/2022,OTHER
20368,2022-09-01,OTHER
20369,09/01/2022,BURGLARY
20370,2022-09-01,THEFT
20371,01-Sep-2022,DRUG OFFENSE
20372,01-Sep-2022,ASSAULT
20373,2022-09-01,ROBBERY
20374,01-Sep-2022,THEFT
20375,01-Sep-2022,BURGLARY
20376,01-Sep-2022,VANDALISM
20377,2022-09-02,DRUG OFFENSE
20378,02-Sep-2022,THEFT
20379,02-Sep-2022,ASSAULT
20380,09/02/2022,THEFT
20381,09/02/2022,THEFT
20382,2022-09-02,THEFT
20383,02-Sep-2022,BURGLARY
20384,2022-09-02,VANDALISM
20385,09/02/2022,BURGLARY
20386,2022-09-02,ROBBERY
20387,2022-09-02,FRAUD
20388,02-Sep-2022,OTHER
20389,2022-09-02,THEFT
20390,09/02/2022,FRAUD
20391,2022-09-02,THEFT
20392,2022-09-02,DRUG OFFENSE
20393,02-Sep-2022,ASSAULT
20394,09/02/2022,ROBBERY
20395,2022-09-02,OTHER
20396,09/02/2022,OTHER
20397,2022-09-02,FRAUD
20398,2022-09-02,FRAUD
20399,02-Sep-2022,FRAUD
20400,09/02/2022,BURGLARY
20401,02-Sep-2022,FRAUD
20402,02-Sep-2022,BURGLARY
20403,2022-09-02,FRAUD
20404,09/02/2022,THEFT
20405,02-Sep-2022,ASSAULT
20406,02-Sep-2022,VANDALISM
20407,02-Sep-2022,OTHER
20408,09/02/2022,VANDALISM
20409,02-Sep-2022,ASSAULT
20410,2022-09-02,ASSAULT
20411,2022-09-02,VANDALISM
20412,02-Sep-2022,DRUG OFFENSE
20413,2022-09-02,OTHER
20414,09/02/2022,ASSAULT
20415,09/02/2022,BURGLARY
20416,2022-09-02,VANDALISM
20417,09/02/2022,FRAUD
20418,2022-09-02,ASSAULT
20419,2022-09-02,VANDALISM
20420,2022-09-02,THEFT
20421,02-Sep-2022,OTHER
20422,09/03/2022,DRUG OFFENSE
20423,2022-09-03,FRAUD
20424,09/03/2022,DRUG OFFENSE
20425,2022-09-03,DRUG OFFENSE
20426,2022-09-03,THEFT
20427,03-Sep-2022,THEFT
20428,09/03/2022,OTHER
20429,03-Sep-2022,FRAUD
20430,03-Sep-2022,OTHER
20431,03-Sep-2022,ROBBERY
20432,03-Sep-2022,VANDALISM
20433,03-Sep-2022,FRAUD
20434,09/03/2022,VANDALISM
20435,09/03/2022,THEFT
20436,09/03/2022,OTHER
20437,2022-09-03,ASSAULT
20438,09/03/2022,ROBBERY
20439,03-Sep-2022,THEFT
20440,09/03/2022,THEFT
20441,03-Sep-2022,FRAUD
20442,2022-09-03,OTHER
20443,09/03/2022,ROBBERY
20444,09/03/2022,FRAUD
20445,09/03/2022,OTHER
20446,03-Sep-2022,FRAUD
20447,2022-09-03,OTHER
20448,2022-09-03,FRAUD
20449,2022-09-03,BURGLARY
20450,03-Sep-2022,DRUG OFFENSE
20451,09/03/2022,BURGLARY
20452,2022-09-03,DRUG OFFENSE
20453,2022-09-03,THEFT
20454,09/03/2022,FRAUD
20455,09/03/2022,FRAUD
20456,09/03/2022,OTHER
20457,09/03/2022,ROBBERY
20458,09/03/2022,VANDALISM
20459,09/03/2022,DRUG OFFENSE
20460,03-Sep-2022,THEFT
20461,2022-09-03,OTHER
20462,09/03/2022,THEFT
20463,2022-09-03,OTHER
20464,03-Sep-2022,DRUG OFFENSE
20465,03-Sep-2022,THEFT
20466,09/03/2022,VANDALISM
20467,09/03/2022,ROBBERY
20468,03-Sep-2022,FRAUD
20469,09/03/2022,OTHER
20470,09/03/2022,ROBBERY
20471,09/03/2022,VANDALISM
20472,09/03/2022,ROBBERY
20473,09/03/2022,BURGLARY
20474,03-Sep-2022,BURGLARY
20475,2022-09-03,ROBBERY
20476,03-Sep-2022,BURGLARY
20477,2022-09-03,BURGLARY
20478,09/03/2022,FRAUD
20479,2022-09-03,OTHER
20480,2022-09-04,THEFT
20481,2022-09-04,ROBBERY
20482,09/04/2022,ROBBERY
20483,04-Sep-2022,OTHER
20484,04-Sep-2022,THEFT
20485,04-Sep-2022,ASSAULT
20486,04-Sep-2022,BURGLARY
20487,04-Sep-2022,VANDALISM
20488,2022-09-04,ROBBERY
20489,2022-09-04,ROBBERY
20490,2022-09-04,FRAUD
20491,09/04/2022,ROBBERY
20492,2022-09-04,FRAUD
20493,2022-09-04,OTHER
20494,09/04/2022,ROBBERY
20495,04-Sep-2022,ROBBERY
20496,2022-09-04,ASSAULT
20497,04-Sep-2022,FRAUD
20498,2022-09-04,OTHER
20499,2022-09-04,DRUG OFFENSE
20500,2022-09-04,BURGLARY
20501,2022-09-04,VANDALISM
20502,2022-09-04,VANDALISM
20503,04-Sep-2022,THEFT
20504,04-Sep-2022,FRAUD
20505,2022-09-04,VANDALISM
20506,2022-09-04,FRAUD
20507,2022-09-04,DRUG OFFENSE
20508,2022-09-04,ASSAULT
20509,04-Sep-2022,OTHER
20510,09/04/2022,OTHER
20511,09/04/2022,FRAUD
20512,09/04/2022,FRAUD
20513,09/04/2022,BURGLARY
20514,09/04/2022,ROBBERY
20515,04-Sep-2022,DRUG OFFENSE
20516,04-Sep-2022,BURGLARY
20517,04-Sep-2022,THEFT
20518,2022-09-04,VANDALISM
20519,09/04/2022,ROBBERY
20520,2022-09-04,THEFT
20521,09/04/2022,BURGLARY
20522,09/04/2022,DRUG OFFENSE
20523,04-Sep-2022,FRAUD
20524,04-Sep-2022,OTHER
20525,04-Sep-2022,ASSAULT
20526,09/04/2022,ASSAULT
20527,09/04/2022,BURGLARY
20528,04-Sep-2022,VANDALISM
20529,2022-09-04,BURGLARY
20530,05-Sep-2022,VANDALISM
20531,05-Sep-2022,VANDALISM
20532,05-Sep-2022,BURGLARY
20533,05-Sep-2022,BURGLARY
20534,05-Sep-2022,OTHER
20535,2022-09-05,OTHER
20536,09/05/2022,FRAUD
20537,05-Sep-2022,ROBBERY
20538,05-Sep-2022,BURGLARY
20539,2022-09-05,ASSAULT
20540,09/05/2022,THEFT
20541,2022-09-05,DRUG OFFENSE
20542,09/05/2022,BURGLARY
20543,2022-09-05,DRUG OFFENSE
20544,2022-09-05,VANDALISM
20545,09/05/2022,ASSAULT
20546,09/05/2022,VANDALISM
20547,09/05/2022,ROBBERY
20548,09/05/2022,DRUG OFFENSE
20549,05-Sep-2022,VANDALISM
20550,05-Sep-2022,VANDALISM
20551,2022-09-05,DRUG OFFENSE
20552,09/05/2022,FRAUD
20553,09/05/2022,VANDALISM
20554,05-Sep-2022,OTHER
20555,09/05/2022,ROBBERY
20556,09/05/2022,DRUG OFFENSE
20557,09/05/2022,OTHER
20558,2022-09-05,ASSAULT
20559,09/05/2022,BURGLARY
20560,2022-09-05,ROBBERY
20561,2022-09-05,VANDALISM
20562,05-Sep-2022,THEFT
20563,09/05/2022,BURGLARY
20564,09/05/2022,ASSAULT
20565,05-Sep-2022,THEFT
20566,09/05/2022,DRUG OFFENSE
20567,2022-09-05,VANDALISM
20568,05-Sep-2022,ASSAULT
20569,09/05/2022,ASSAULT
20570,09/05/2022,BURGLARY
20571,09/05/2022,ROBBERY
20572,05-Sep-2022,ROBBERY
20573,09/05/2022,ROBBERY
20574,2022-09-06,DRUG OFFENSE
20575,09/06/2022,ASSAULT
20576,2022-09-06,THEFT
20577,06-Sep-2022,THEFT
20578,2022-09-06,VANDALISM
20579,06-Sep-2022,ROBBERY
20580,06-Sep-2022,ASSAULT
20581,2022-09-06,ROBBERY
20582,2022-09-06,ASSAULT
20583,09/06/2022,BURGLARY
20584,06-Sep-2022,VANDALISM
20585,06-Sep-2022,THEFT
20586,2022-09-06,ASSAULT
20587,2022-09-06,FRAUD
20588,06-Sep-2022,FRAUD
20589,06-Sep-2022,ROBBERY
20590,2022-09-06,OTHER
20591,09/06/2022,OTHER
20592,09/06/2022,FRAUD
20593,2022-09-06,DRUG OFFENSE
20594,09/06/2022,VANDALISM
20595,09/06/2022,VANDALISM
20596,06-Sep-2022,BURGLARY
20597,09/06/2022,VANDALISM
20598,2022-09-06,ASSAULT
20599,2022-09-06,VANDALISM
20600,09/06/2022,BURGLARY
20601,2022-09-06,VANDALISM
20602,2022-09-06,ASSAULT
20603,06-Sep-2022,THEFT
20604,2022-09-06,ROBBERY
20605,09/06/2022,DRUG OFFENSE
20606,09/06/2022,ROBBERY
20607,09/06/2022,FRAUD
20608,09/06/2022,ASSAULT
20609,09/06/2022,FRAUD
20610,09/06/2022,ASSAULT
20611,06-Sep-2022,VANDALISM
20612,06-Sep-2022,VANDALISM
20613,2022-09-06,DRUG OFFENSE
20614,09/06/2022,OTHER
20615,2022-09-06,VANDALISM
20616,09/06/2022,ROBBERY
20617,2022-09-06,FRAUD
20618,2022-09-06,BURGLARY
20619,06-Sep-2022,FRAUD
20620,06-Sep-2022,DRUG OFFENSE
20621,09/06/2022,FRAUD
20622,06-Sep-2022,THEFT
20623,2022-09-07,OTHER
20624,07-Sep-2022,THEFT
20625,2022-09-07,ASSAULT
20626,2022-09-07,VANDALISM
20627,09/07/2022,THEFT
20628,2022-09-07,OTHER
20629,07-Sep-2022,OTHER
20630,09/07/2022,DRUG OFFENSE
20631,2022-09-07,FRAUD
20632,2022-09-07,ROBBERY
20633,09/07/2022,ROBBERY
20634,07-Sep-2022,BURGLARY
20635,07-Sep-2022,ROBBERY
20636,2022-09-07,ROBBERY
20637,07-Sep-2022,BURGLARY
20638,09/07/2022,VANDALISM
20639,2022-09-07,ROBBERY
20640,2022-09-07,ROBBERY
20641,09/07/2022,ASSAULT
20642,09/07/2022,ROBBERY
20643,07-Sep-2022,VANDALISM
20644,2022-09-07,DRUG OFFENSE
20645,2022-09-07,VANDALISM
20646,2022-09-07,DRUG OFFENSE
20647,09/07/2022,ROBBERY
20648,07-Sep-2022,ROBBERY
20649,2022-09-07,VANDALISM
20650,07-Sep-2022,DRUG OFFENSE
20651,07-Sep-2022,DRUG OFFENSE
20652,2022-09-07,BURGLARY
20653,07-Sep-2022,THEFT
20654,09/07/2022,OTHER
20655,09/07/2022,OTHER
20656,09/07/2022,ASSAULT
20657,2022-09-07,ASSAULT
20658,07-Sep-2022,THEFT
20659,07-Sep-2022,ROBBERY
20660,09/07/2022,ASSAULT
20661,09/07/2022,THEFT
20662,07-Sep-2022,THEFT
20663,2022-09-07,THEFT
20664,2022-09-07,ROBBERY
20665,07-Sep-2022,FRAUD
20666,2022-09-07,OTHER
20667,2022-09-07,THEFT
20668,2022-09-08,ROBBERY
20669,09/08/2022,OTHER
20670,09/08/2022,ROBBERY
20671,08-Sep-2022,ASSAULT
20672,08-Sep-2022,ROBBERY
20673,08-Sep-2022,ASSAULT
20674,08-Sep-2022,ROBBERY
20675,2022-09-08,ASSAULT
20676,09/08/2022,FRAUD
20677,09/08/2022,VANDALISM
20678,09/08/2022,FRAUD
20679,08-Sep-2022,BURGLARY
20680,2022-09-08,THEFT
20681,08-Sep-2022,VANDALISM
20682,08-Sep-2022,ASSAULT
20683,2022-09-08,OTHER
20684,08-Sep-2022,FRAUD
20685,2022-09-08,ASSAULT
20686,08-Sep-2022,BURGLARY
20687,08-Sep-2022,OTHER
20688,09/08/2022,BURGLARY
20689,09/08/2022,OTHER
20690,2022-09-08,DRUG OFFENSE
20691,09/08/2022,OTHER
20692,2022-09-08,THEFT
20693,09/08/2022,THEFT
20694,09/08/2022,OTHER
20695,2022-09-08,ASSAULT
20696,08-Sep-2022,VANDALISM
20697,08-Sep-2022,DRUG OFFENSE
20698,2022-09-08,OTHER
20699,2022-09-08,FRAUD
20700,09/08/2022,ASSAULT
20701,08-Sep-2022,OTHER
20702,09/08/2022,OTHER
20703,09/08/2022,OTHER
20704,08-Sep-2022,THEFT
20705,09/08/2022,DRUG OFFENSE
20706,2022-09-08,BURGLARY
20707,2022-09-08,VANDALISM
20708,2022-09-08,VANDALISM
20709,09/08/2022,OTHER
20710,09/08/2022,BURGLARY
20711,08-Sep-2022,ROBBERY
20712,09/08/2022,ROBBERY
20713,09/09/2022,ASSAULT
20714,2022-09-09,ASSAULT
20715,09-Sep-2022,THEFT
20716,09/09/2022,THEFT
20717,2022-09-09,ROBBERY
20718,09/09/2022,OTHER
20719,09-Sep-2022,THEFT
20720,09/09/2022,ROBBERY
20721,09/09/2022,BURGLARY
20722,09-Sep-2022,BURGLARY
20723,2022-09-09,FRAUD
20724,09/09/2022,VANDALISM
20725,09/09/2022,DRUG OFFENSE
20726,2022-09-09,FRAUD
20727,2022-09-09,VANDALISM
20728,2022-09-09,ROBBERY
20729,09-Sep-2022,ASSAULT
20730,09/09/2022,BURGLARY
20731,09-Sep-2022,ROBBERY
20732,09/09/2022,DRUG OFFENSE
20733,2022-09-09,FRAUD
20734,2022-09-09,DRUG OFFENSE
20735,2022-09-09,OTHER
20736,09-Sep-2022,BURGLARY
20737,09-Sep-2022,DRUG OFFENSE
20738,09/09/2022,ASSAULT
20739,09/09/2022,ASSAULT
20740,09/09/2022,VANDALISM
20741,09/09/2022,ROBBERY
20742,2022-09-09,OTHER
20743,09-Sep-2022,DRUG OFFENSE
20744,09-Sep-2022,ASSAULT
20745,09/09/2022,ROBBERY
20746,2022-09-09,BURGLARY
20747,2022-09-09,FRAUD
20748,09-Sep-2022,ASSAULT
20749,2022-09-09,ROBBERY
20750,2022-09-09,THEFT
20751,09/09/2022,VANDALISM
20752,2022-09-09,ROBBERY
20753,09/09/2022,DRUG OFFENSE
20754,09-Sep-2022,BURGLARY
20755,2022-09-09,BURGLARY
20756,09-Sep-2022,FRAUD
20757,10-Sep-2022,DRUG OFFENSE
20758,09/10/2022,ROBBERY
20759,10-Sep-2022,FRAUD
20760,10-Sep-2022,DRUG OFFENSE
20761,09/10/2022,DRUG OFFENSE
20762,09/10/2022,ASSAULT
20763,10-Sep-2022,ROBBERY
20764,10-Sep-2022,ROBBERY
20765,2022-09-10,OTHER
20766,09/10/2022,FRAUD
20767,09/10/2022,ROBBERY
20768,10-Sep-2022,ROBBERY
20769,10-Sep-2022,ASSAULT
20770,10-Sep-2022,THEFT
20771,09/10/2022,FRAUD
20772,09/10/2022,BURGLARY
20773,09/10/2022,ASSAULT
20774,10-Sep-2022,ASSAULT
20775,09/10/2022,ASSAULT
20776,2022-09-10,ROBBERY
20777,10-Sep-2022,VANDALISM
20778,10-Sep-2022,ROBBERY
20779,2022-09-10,OTHER
20780,2022-09-10,DRUG OFFENSE
20781,2022-09-10,VANDALISM
20782,09/10/2022,THEFT
20783,09/10/2022,ASSAULT
20784,09/10/2022,VANDALISM
20785,10-Sep-2022,BURGLARY
20786,2022-09-10,ROBBERY
20787,2022-09-10,BURGLARY
20788,2022-09-10,VANDALISM
20789,09/10/2022,ROBBERY
20790,09/10/2022,FRAUD
20791,10-Sep-2022,DRUG OFFENSE
20792,2022-09-10,ASSAULT
20793,2022-09-10,ASSAULT
20794,10-Sep-2022,OTHER
20795,10-Sep-2022,ASSAULT
20796,09/10/2022,BURGLARY
20797,09/10/2022,VANDALISM
20798,09/10/2022,BURGLARY
20799,10-Sep-2022,THEFT
20800,2022-09-10,FRAUD
20801,2022-09-10,OTHER
20802,10-Sep-2022,VANDALISM
20803,09/10/2022,ROBBERY
20804,2022-09-10,FRAUD
20805,2022-09-10,OTHER
20806,2022-09-10,FRAUD
20807,10-Sep-2022,DRUG OFFENSE
20808,09/11/2022,VANDALISM
20809,09/11/2022,THEFT
20810,09/11/2022,OTHER
20811,2022-09-11,ASSAULT
20812,2022-09-11,ASSAULT
20813,2022-09-11,DRUG OFFENSE
20814,11-Sep-2022,ASSAULT
20815,11-Sep-2022,BURGLARY
20816,09/11/2022,ROBBERY
20817,11-Sep-2022,FRAUD
20818,09/11/2022,VANDALISM
20819,2022-09-11,DRUG OFFENSE
20820,2022-09-11,BURGLARY
20821,09/11/2022,ROBBERY
20822,09/11/2022,VANDALISM
20823,09/11/2022,ASSAULT
20824,11-Sep-2022,ASSAULT
20825,11-Sep-2022,ROBBERY
20826,2022-09-11,BURGLARY
20827,11-Sep-2022,DRUG OFFENSE
20828,09/11/2022,ASSAULT
20829,11-Sep-2022,VANDALISM
20830,09/11/2022,DRUG OFFENSE
20831,2022-09-11,ROBBERY
20832,2022-09-11,OTHER
20833,11-Sep-2022,FRAUD
20834,09/11/2022,DRUG OFFENSE
20835,2022-09-11,OTHER
20836,2022-09-11,DRUG OFFENSE
20837,09/11/2022,BURGLARY
20838,09/11/2022,VANDALISM
20839,09/11/2022,ASSAULT
20840,11-Sep-2022,THEFT
20841,11-Sep-2022,BURGLARY
20842,09/11/2022,DRUG OFFENSE
20843,09/11/2022,OTHER
20844,2022-09-11,THEFT
20845,09/11/2022,THEFT
20846,11-Sep-2022,BURGLARY
20847,11-Sep-2022,BURGLARY
20848,11-Sep-2022,ASSAULT
20849,09/11/2022,FRAUD
20850,11-Sep-2022,DRUG OFFENSE
20851,09/11/2022,ASSAULT
20852,2022-09-11,THEFT
20853,09/12/2022,ROBBERY
20854,09/12/2022,OTHER
20855,2022-09-12,FRAUD
20856,12-Sep-2022,VANDALISM
20857,12-Sep-2022,BURGLARY
20858,09/12/2022,FRAUD
20859,12-Sep-2022,FRAUD
20860,09/12/2022,OTHER
20861,2022-09-12,FRAUD
20862,2022-09-12,DRUG OFFENSE
20863,12-Sep-2022,DRUG OFFENSE
20864,12-Sep-2022,FRAUD
20865,09/12/2022,DRUG OFFENSE
20866,12-Sep-2022,DRUG OFFENSE
20867,2022-09-12,OTHER
20868,09/12/2022,ASSAULT
20869,09/12/2022,ROBBERY
20870,2022-09-12,ROBBERY
20871,09/12/2022,ASSAULT
20872,12-Sep-2022,DRUG OFFENSE
20873,2022-09-12,ASSAULT
20874,12-Sep-2022,OTHER
20875,12-Sep-2022,ROBBERY
20876,12-Sep-2022,ASSAULT
20877,12-Sep-2022,BURGLARY
20878,2022-09-12,VANDALISM
20879,2022-09-12,THEFT
20880,2022-09-12,OTHER
20881,09/12/2022,THEFT
20882,12-Sep-2022,BURGLARY
20883,09/12/2022,FRAUD
20884,12-Sep-2022,BURGLARY
20885,12-Sep-2022,THEFT
20886,2022-09-12,BURGLARY
20887,2022-09-12,BURGLARY
20888,2022-09-12,DRUG OFFENSE
20889,2022-09-12,ROBBERY
20890,12-Sep-2022,ROBBERY
20891,12-Sep-2022,VANDALISM
20892,09/12/2022,ASSAULT
20893,2022-09-12,BURGLARY
20894,09/12/2022,DRUG OFFENSE
20895,09/12/2022,VANDALISM
20896,09/12/2022,VANDALISM
20897,2022-09-13,OTHER
20898,09/13/2022,ROBBERY
20899,09/13/2022,OTHER
20900,2022-09-13,DRUG OFFENSE
20901,09/13/2022,DRUG OFFENSE
20902,2022-09-13,DRUG OFFENSE
20903,09/13/2022,DRUG OFFENSE
20904,09/13/2022,ASSAULT
20905,09/13/2022,VANDALISM
20906,13-Sep-2022,VANDALISM
20907,13-Sep-2022,FRAUD
20908,13-Sep-2022,DRUG OFFENSE
20909,2022-09-13,ASSAULT
20910,09/13/2022,DRUG OFFENSE
20911,09/13/2022,OTHER
20912,09/13/2022,ASSAULT
20913,09/13/2022,BURGLARY
20914,09/13/2022,FRAUD
20915,13-Sep-2022,ROBBERY
20916,13-Sep-2022,ASSAULT
20917,09/13/2022,DRUG OFFENSE
20918,2022-09-13,ASSAULT
20919,13-Sep-2022,BURGLARY
20920,13-Sep-2022,OTHER
20921,09/13/2022,VANDALISM
20922,13-Sep-2022,VANDALISM
20923,13-Sep-2022,ASSAULT
20924,2022-09-13,OTHER
20925,09/13/2022,VANDALISM
20926,2022-09-13,OTHER
20927,2022-09-13,VANDALISM
20928,2022-09-13,VANDALISM
20929,13-Sep-2022,OTHER
20930,2022-09-13,FRAUD
20931,09/13/2022,DRUG OFFENSE
20932,09/14/2022,BURGLARY
20933,09/14/2022,THEFT
20934,09/14/2022,OTHER
20935,14-Sep-2022,ROBBERY
20936,14-Sep-2022,DRUG OFFENSE
20937,2022-09-14,THEFT
20938,14-Sep-2022,OTHER
20939,2022-09-14,ROBBERY
20940,14-Sep-2022,ASSAULT
20941,09/14/2022,THEFT
20942,09/14/2022,OTHER
20943,09/14/2022,ROBBERY
20944,09/14/2022,BURGLARY
20945,14-Sep-2022,ROBBERY
20946,2022-09-14,ASSAULT
20947,09/14/2022,THEFT
20948,14-Sep-2022,ASSAULT
20949,09/14/2022,ASSAULT
20950,09/14/2022,FRAUD
20951,14-Sep-2022,BURGLARY
20952,2022-09-14,FRAUD
20953,2022-09-14,FRAUD
20954,09/14/2022,FRAUD
20955,09/14/2022,BURGLARY
20956,2022-09-14,THEFT
20957,14-Sep-2022,ASSAULT
20958,14-Sep-2022,DRUG OFFENSE
20959,2022-09-14,THEFT
20960,14-Sep-2022,THEFT
20961,14-Sep-2022,OTHER
20962,14-Sep-2022,ASSAULT
20963,09/14/2022,THEFT
20964,2022-09-14,BURGLARY
20965,14-Sep-2022,DRUG OFFENSE
20966,09/14/2022,OTHER
20967,2022-09-14,BURGLARY
20968,2022-09-14,FRAUD
20969,09/14/2022,DRUG OFFENSE
20970,09/15/2022,THEFT
20971,15-Sep-2022,BURGLARY
20972,09/15/2022,ASSAULT
20973,2022-09-15,FRAUD
20974,2022-09-15,VANDALISM
20975,09/15/2022,ASSAULT
20976,2022-09-15,VANDALISM
20977,15-Sep-2022,THEFT
20978,09/15/2022,BURGLARY
20979,15-Sep-2022,THEFT
20980,2022-09-15,FRAUD
20981,09/15/2022,ROBBERY
20982,09/15/2022,ROBBERY
20983,09/15/2022,ASSAULT
20984,09/15/2022,DRUG OFFENSE
20985,15-Sep-2022,FRAUD
20986,15-Sep-2022,BURGLARY
20987,2022-09-15,BURGLARY
20988,15-Sep-2022,ROBBERY
20989,2022-09-15,ROBBERY
20990,09/15/2022,ASSAULT
20991,09/15/2022,DRUG OFFENSE
20992,2022-09-15,ROBBERY
20993,09/15/2022,THEFT
20994,2022-09-15,ROBBERY
20995,09/15/2022,DRUG OFFENSE
20996,15-Sep-2022,ASSAULT
20997,2022-09-15,FRAUD
20998,2022-09-15,FRAUD
20999,09/15/2022,ASSAULT
21000,2022-09-15,FRAUD
21001,15-Sep-2022,BURGLARY
21002,2022-09-15,BURGLARY
21003,16-Sep-2022,DRUG OFFENSE
21004,09/16/2022,FRAUD
21005,09/16/2022,DRUG OFFENSE
21006,2022-09-16,OTHER
21007,16-Sep-2022,BURGLARY
21008,16-Sep-2022,VANDALISM
21009,16-Sep-2022,VANDALISM
21010,16-Sep-2022,ASSAULT
21011,2022-09-16,ROBBERY
21012,09/16/2022,FRAUD
21013,2022-09-16,ASSAULT
21014,09/16/2022,OTHER
21015,09/16/2022,THEFT
21016,09/16/2022,ROBBERY
21017,09/16/2022,OTHER
21018,2022-09-16,ROBBERY
21019,09/16/2022,BURGLARY
21020,09/16/2022,ROBBERY
21021,09/16/2022,VANDALISM
21022,09/16/2022,BURGLARY
21023,09/16/2022,OTHER
21024,16-Sep-2022,OTHER
21025,09/16/2022,BURGLARY
21026,16-Sep-2022,ASSAULT
21027,09/16/2022,VANDALISM
21028,16-Sep-2022,DRUG OFFENSE
21029,09/16/2022,DRUG OFFENSE
21030,09/16/2022,FRAUD
21031,2022-09-16,THEFT
21032,16-Sep-2022,THEFT
21033,16-Sep-2022,FRAUD
21034,2022-09-16,THEFT
21035,2022-09-16,ROBBERY
21036,09/16/2022,ASSAULT
21037,16-Sep-2022,ASSAULT
21038,2022-09-16,ROBBERY
21039,09/16/2022,ASSAULT
21040,17-Sep-2022,ASSAULT
21041,09/17/2022,OTHER
21042,09/17/2022,THEFT
21043,2022-09-17,DRUG OFFENSE
21044,17-Sep-2022,ASSAULT
21045,17-Sep-2022,ASSAULT
21046,09/17/2022,ASSAULT
21047,2022-09-17,DRUG OFFENSE
21048,09/17/2022,OTHER
21049,17-Sep-2022,VANDALISM
21050,2022-09-17,VANDALISM
21051,09/17/2022,ASSAULT
21052,09/17/2022,BURGLARY
21053,09/17/2022,ROBBERY
21054,09/17/2022,OTHER
21055,09/17/2022,DRUG OFFENSE
21056,17-Sep-2022,FRAUD
21057,09/17/2022,VANDALISM
21058,2022-09-17,OTHER
21059,2022-09-17,ROBBERY
21060,09/17/2022,THEFT
21061,2022-09-17,ASSAULT
21062,09/17/2022,OTHER
21063,17-Sep-2022,OTHER
21064,09/17/2022,OTHER
21065,2022-09-17,DRUG OFFENSE
21066,2022-09-17,ASSAULT
21067,09/17/2022,VANDALISM
21068,17-Sep-2022,VANDALISM
21069,17-Sep-2022,OTHER
21070,17-Sep-2022,OTHER
21071,09/17/2022,ROBBERY
21072,09/17/2022,THEFT
21073,17-Sep-2022,BURGLARY
21074,09/17/2022,BURGLARY
21075,2022-09-17,ROBBERY
21076,17-Sep-2022,VANDALISM
21077,09/17/2022,ROBBERY
21078,2022-09-17,BURGLARY
21079,17-Sep-2022,BURGLARY
21080,09/17/2022,ASSAULT
21081,09/17/2022,VANDALISM
21082,09/17/2022,ASSAULT
21083,09/17/2022,THEFT
21084,2022-09-17,VANDALISM
21085,2022-09-17,VANDALISM
21086,2022-09-17,THEFT
21087,09/17/2022,VANDALISM
21088,2022-09-17,ROBBERY
21089,2022-09-17,BURGLARY
21090,09/17/2022,VANDALISM
21091,17-Sep-2022,THEFT
21092,17-Sep-2022,FRAUD
21093,17-Sep-2022,DRUG OFFENSE
21094,09/17/2022,THEFT
21095,17-Sep-2022,DRUG OFFENSE
21096,17-Sep-2022,ROBBERY
21097,17-Sep-2022,OTHER
21098,2022-09-17,BURGLARY
21099,2022-09-17,BURGLARY
21100,09/17/2022,OTHER
21101,2022-09-17,VANDALISM
21102,2022-09-17,BURGLARY
21103,09/18/2022,THEFT
21104,09/18/2022,ASSAULT
21105,18-Sep-2022,FRAUD
21106,09/18/2022,THEFT
21107,09/18/2022,OTHER
21108,2022-09-18,DRUG OFFENSE
21109,18-Sep-2022,OTHER
21110,2022-09-18,FRAUD
21111,09/18/2022,DRUG OFFENSE
21112,09/18/2022,THEFT
21113,09/18/2022,DRUG OFFENSE
21114,18-Sep-2022,DRUG OFFENSE
21115,18-Sep-2022,VANDALISM
21116,18-Sep-2022,FRAUD
21117,2022-09-18,FRAUD
21118,2022-09-18,VANDALISM
21119,18-Sep-2022,ASSAULT
21120,18-Sep-2022,VANDALISM
21121,18-Sep-2022,ASSAULT
21122,09/18/2022,VANDALISM
21123,18-Sep-2022,FRAUD
21124,09/18/2022,OTHER
21125,18-Sep-2022,ASSAULT
21126,09/18/2022,DRUG OFFENSE
21127,09/18/2022,THEFT
21128,18-Sep-2022,ROBBERY
21129,18-Sep-2022,ROBBERY
21130,09/18/2022,BURGLARY
21131,2022-09-18,THEFT
21132,09/18/2022,BURGLARY
21133,18-Sep-2022,OTHER
21134,18-Sep-2022,BURGLARY
21135,18-Sep-2022,ROBBERY
21136,09/18/2022,OTHER
21137,18-Sep-2022,THEFT
21138,18-Sep-2022,FRAUD
21139,09/18/2022,DRUG OFFENSE
21140,2022-09-18,FRAUD
21141,09/18/2022,FRAUD
21142,09/18/2022,DRUG OFFENSE
21143,18-Sep-2022,VANDALISM
21144,2022-09-18,OTHER
21145,18-Sep-2022,BURGLARY
21146,09/18/2022,OTHER
21147,18-Sep-2022,BURGLARY
21148,09/18/2022,VANDALISM
21149,2022-09-18,VANDALISM
21150,18-Sep-2022,BURGLARY
21151,09/18/2022,BURGLARY
21152,2022-09-18,FRAUD
21153,18-Sep-2022,THEFT
21154,2022-09-18,ROBBERY
21155,18-Sep-2022,THEFT
21156,09/18/2022,OTHER
21157,09/18/2022,THEFT
21158,2022-09-18,OTHER
21159,18-Sep-2022,VANDALISM
21160,09/18/2022,OTHER
21161,09/18/2022,ROBBERY
21162,18-Sep-2022,ASSAULT
21163,2022-09-18,OTHER
21164,2022-09-18,ASSAULT
21165,09/19/2022,ASSAULT
21166,19-Sep-2022,THEFT
21167,09/19/2022,VANDALISM
21168,19-Sep-2022,THEFT
21169,09/19/2022,OTHER
21170,09/19/2022,DRUG OFFENSE
21171,2022-09-19,BURGLARY
21172,19-Sep-2022,BURGLARY
21173,09/19/2022,BURGLARY
21174,09/19/2022,OTHER
21175,09/19/2022,BURGLARY
21176,09/19/2022,OTHER
21177,19-Sep-2022,THEFT
21178,2022-09-19,FRAUD
21179,2022-09-19,DRUG OFFENSE
21180,19-Sep-2022,VANDALISM
21181,09/19/2022,THEFT
21182,19-Sep-2022,VANDALISM
21183,2022-09-19,BURGLARY
21184,09/19/2022,ROBBERY
21185,2022-09-19,VANDALISM
21186,2022-09-19,ASSAULT
21187,09/19/2022,BURGLARY
21188,09/19/2022,BURGLARY
21189,09/19/2022,FRAUD
21190,09/19/2022,ROBBERY
21191,19-Sep-2022,BURGLARY
21192,19-Sep-2022,OTHER
21193,2022-09-19,BURGLARY
21194,2022-09-19,FRAUD
21195,09/19/2022,VANDALISM
21196,09/19/2022,ASSAULT
21197,09/19/2022,FRAUD
21198,09/19/2022,FRAUD
21199,2022-09-19,DRUG OFFENSE
21200,19-Sep-2022,FRAUD
21201,09/19/2022,THEFT
21202,09/19/2022,VANDALISM
21203,2022-09-19,THEFT
21204,19-Sep-2022,THEFT
21205,19-Sep-2022,THEFT
21206,2022-09-19,BURGLARY
21207,2022-09-20,ROBBERY
21208,2022-09-20,THEFT
21209,2022-09-20,ROBBERY
21210,2022-09-20,VANDALISM
21211,2022-09-20,DRUG OFFENSE
21212,2022-09-20,ROBBERY
21213,09/20/2022,OTHER
21214,20-Sep-2022,ROBBERY
21215,20-Sep-2022,ASSAULT
21216,2022-09-20,DRUG OFFENSE
21217,09/20/2022,BURGLARY
21218,20-Sep-2022,THEFT
21219,2022-09-20,FRAUD
21220,09/20/2022,THEFT
21221,20-Sep-2022,VANDALISM
21222,20-Sep-2022,ASSAULT
21223,09/20/2022,THEFT
21224,09/20/2022,OTHER
21225,2022-09-20,DRUG OFFENSE
21226,20-Sep-2022,ROBBERY
21227,20-Sep-2022,THEFT
21228,2022-09-20,DRUG OFFENSE
21229,20-Sep-2022,OTHER
21230,09/20/2022,DRUG OFFENSE
21231,09/20/2022,FRAUD
21232,20-Sep-2022,THEFT
21233,09/20/2022,ASSAULT
21234,2022-09-20,OTHER
21235,09/20/2022,BURGLARY
21236,2022-09-20,BURGLARY
21237,2022-09-20,VANDALISM
21238,09/20/2022,ASSAULT
21239,2022-09-20,FRAUD
21240,2022-09-20,OTHER
21241,20-Sep-2022,ROBBERY
21242,2022-09-20,ROBBERY
21243,09/20/2022,ASSAULT
21244,2022-09-20,THEFT
21245,2022-09-20,THEFT
21246,09/20/2022,BURGLARY
21247,2022-09-20,BURGLARY
21248,20-Sep-2022,ROBBERY
21249,09/20/2022,OTHER
21250,21-Sep-2022,VANDALISM
21251,21-Sep-2022,VANDALISM
21252,21-Sep-2022,ASSAULT
21253,09/21/2022,DRUG OFFENSE
21254,21-Sep-2022,THEFT
21255,21-Sep-2022,DRUG OFFENSE
21256,09/21/2022,BURGLARY
21257,09/21/2022,BURGLARY
21258,09/21/2022,VANDALISM
21259,2022-09-21,ASSAULT
21260,09/21/2022,OTHER
21261,21-Sep-2022,THEFT
21262,2022-09-21,FRAUD
21263,09/21/2022,ASSAULT
21264,2022-09-21,THEFT
21265,21-Sep-2022,BURGLARY
21266,09/21/2022,DRUG OFFENSE
21267,09/21/2022,ASSAULT
21268,09/21/2022,THEFT
21269,2022-09-21,VANDALISM
21270,09/21/2022,THEFT
21271,2022-09-21,THEFT
21272,21-Sep-2022,VANDALISM
21273,09/21/2022,VANDALISM
21274,2022-09-21,ROBBERY
21275,2022-09-21,ROBBERY
21276,09/21/2022,OTHER
21277,09/21/2022,VANDALISM
21278,21-Sep-2022,DRUG OFFENSE
21279,21-Sep-2022,THEFT
21280,09/21/2022,ROBBERY
21281,2022-09-21,BURGLARY
21282,09/21/2022,BURGLARY
21283,2022-09-21,BURGLARY
21284,21-Sep-2022,VANDALISM
21285,21-Sep-2022,DRUG OFFENSE
21286,2022-09-22,FRAUD
21287,2022-09-22,ASSAULT
21288,09/22/2022,FRAUD
21289,2022-09-22,ROBBERY
21290,2022-09-22,BURGLARY
21291,09/22/2022,VANDALISM
21292,22-Sep-2022,VANDALISM
21293,2022-09-22,DRUG OFFENSE
21294,09/22/2022,BURGLARY
21295,22-Sep-2022,BURGLARY
21296,2022-09-22,ROBBERY
21297,22-Sep-2022,THEFT
21298,09/22/2022,FRAUD
21299,2022-09-22,ROBBERY
21300,2022-09-22,VANDALISM
21301,09/22/2022,THEFT
21302,22-Sep-2022,BURGLARY
21303,22-Sep-2022,OTHER
21304,22-Sep-2022,FRAUD
21305,09/22/2022,ASSAULT
21306,22-Sep-2022,ASSAULT
21307,09/22/2022,OTHER
21308,22-Sep-2022,BURGLARY
21309,22-Sep-2022,ASSAULT
21310,2022-09-22,OTHER
21311,09/22/2022,ROBBERY
21312,09/22/2022,ASSAULT
21313,22-Sep-2022,FRAUD
21314,09/22/2022,ASSAULT
21315,09/22/2022,THEFT
21316,22-Sep-2022,OTHER
21317,22-Sep-2022,THEFT
21318,2022-09-22,ROBBERY
21319,2022-09-22,ASSAULT
21320,09/22/2022,FRAUD
21321,2022-09-22,VANDALISM
21322,22-Sep-2022,ASSAULT
21323,2022-09-22,ASSAULT
21324,22-Sep-2022,VANDALISM
21325,09/22/2022,OTHER
21326,22-Sep-2022,DRUG OFFENSE
21327,22-Sep-2022,ASSAULT
21328,2022-09-22,OTHER
21329,09/22/2022,ROBBERY
21330,2022-09-22,THEFT
21331,09/23/2022,ROBBERY
21332,09/23/2022,ROBBERY
21333,2022-09-23,ROBBERY
21334,09/23/2022,DRUG OFFENSE
21335,23-Sep-2022,VANDALISM
21336,09/23/2022,VANDALISM
21337,2022-09-23,FRAUD
21338,23-Sep-2022,OTHER
21339,2022-09-23,ASSAULT
21340,09/23/2022,FRAUD
21341,23-Sep-2022,VANDALISM
21342,09/23/2022,THEFT
21343,09/23/2022,THEFT
21344,2022-09-23,FRAUD
21345,23-Sep-2022,OTHER
21346,2022-09-23,THEFT
21347,2022-09-23,ASSAULT
21348,2022-09-23,OTHER
21349,09/23/2022,BURGLARY
21350,2022-09-23,VANDALISM
21351,2022-09-23,BURGLARY
21352,09/23/2022,VANDALISM
21353,2022-09-23,DRUG OFFENSE
21354,23-Sep-2022,OTHER
21355,23-Sep-2022,ROBBERY
21356,2022-09-23,THEFT
21357,09/23/2022,VANDALISM
21358,2022-09-23,VANDALISM
21359,09/23/2022,ROBBERY
21360,2022-09-23,THEFT
21361,09/23/2022,FRAUD
21362,09/23/2022,FRAUD
21363,23-Sep-2022,VANDALISM
21364,09/23/2022,THEFT
21365,23-Sep-2022,BURGLARY
21366,2022-09-23,ASSAULT
21367,09/23/2022,ROBBERY
21368,09/23/2022,BURGLARY
21369,2022-09-23,VANDALISM
21370,2022-09-23,THEFT
21371,23-Sep-2022,BURGLARY
21372,23-Sep-2022,VANDALISM
21373,2022-09-23,BURGLARY
21374,09/23/2022,ROBBERY
21375,23-Sep-2022,VANDALISM
21376,2022-09-23,BURGLARY
21377,09/23/2022,BURGLARY
21378,23-Sep-2022,OTHER
21379,09/24/2022,VANDALISM
21380,09/24/2022,VANDALISM
21381,09/24/2022,ASSAULT
21382,09/24/2022,DRUG OFFENSE
21383,24-Sep-2022,BURGLARY
21384,24-Sep-2022,ROBBERY
21385,09/24/2022,ROBBERY
21386,24-Sep-2022,THEFT
21387,2022-09-24,BURGLARY
21388,09/24/2022,BURGLARY
21389,09/24/2022,ROBBERY
21390,24-Sep-2022,VANDALISM
21391,09/24/2022,FRAUD
21392,09/24/2022,THEFT
21393,09/24/2022,THEFT
21394,24-Sep-2022,OTHER
21395,09/24/2022,THEFT
21396,09/24/2022,VANDALISM
21397,2022-09-24,ASSAULT
21398,24-Sep-2022,ASSAULT
21399,2022-09-24,BURGLARY
21400,2022-09-24,VANDALISM
21401,2022-09-24,THEFT
21402,09/24/2022,ASSAULT
21403,2022-09-24,FRAUD
21404,2022-09-24,FRAUD
21405,24-Sep-2022,ROBBERY
21406,2022-09-24,FRAUD
21407,2022-09-24,ASSAULT
21408,24-Sep-2022,FRAUD
21409,09/24/2022,OTHER
21410,24-Sep-2022,OTHER
21411,2022-09-24,VANDALISM
21412,24-Sep-2022,ROBBERY
21413,2022-09-24,THEFT
21414,09/24/2022,BURGLARY
21415,2022-09-24,THEFT
21416,24-Sep-2022,OTHER
21417,2022-09-24,ASSAULT
21418,24-Sep-2022,VANDALISM
21419,24-Sep-2022,VANDALISM
21420,09/24/2022,THEFT
21421,09/24/2022,DRUG OFFENSE
21422,24-Sep-2022,VANDALISM
21423,24-Sep-2022,OTHER
21424,09/24/2022,THEFT
21425,2022-09-25,FRAUD
21426,09/25/2022,DRUG OFFENSE
21427,25-Sep-2022,THEFT
21428,2022-09-25,OTHER
21429,09/25/2022,VANDALISM
21430,09/25/2022,ASSAULT
21431,2022-09-25,FRAUD
21432,25-Sep-2022,FRAUD
21433,09/25/2022,BURGLARY
21434,25-Sep-2022,DRUG OFFENSE
21435,25-Sep-2022,ROBBERY
21436,09/25/2022,ROBBERY
21437,09/25/2022,THEFT
21438,09/25/2022,DRUG OFFENSE
21439,2022-09-25,ASSAULT
21440,09/25/2022,ASSAULT
21441,2022-09-25,OTHER
21442,2022-09-25,OTHER
21443,09/25/2022,OTHER
21444,09/25/2022,OTHER
21445,09/25/2022,OTHER
21446,25-Sep-2022,THEFT
21447,2022-09-25,THEFT
21448,25-Sep-2022,VANDALISM
21449,09/25/2022,VANDALISM
21450,25-Sep-2022,DRUG OFFENSE
21451,25-Sep-2022,ASSAULT
21452,25-Sep-2022,VANDALISM
21453,2022-09-25,FRAUD
21454,25-Sep-2022,DRUG OFFENSE
21455,25-Sep-2022,ROBBERY
21456,09/25/2022,FRAUD
21457,25-Sep-2022,ASSAULT
21458,2022-09-25,VANDALISM
21459,2022-09-25,BURGLARY
21460,09/25/2022,DRUG OFFENSE
21461,09/25/2022,ASSAULT
21462,09/25/2022,FRAUD
21463,2022-09-25,ASSAULT
21464,2022-09-25,DRUG OFFENSE
21465,09/25/2022,BURGLARY
21466,25-Sep-2022,BURGLARY
21467,09/25/2022,BURGLARY
21468,25-Sep-2022,BURGLARY
21469,2022-09-25,VANDALISM
21470,09/25/2022,THEFT
21471,2022-09-25,DRUG OFFENSE
21472,25-Sep-2022,BURGLARY
21473,25-Sep-2022,BURGLARY
21474,25-Sep-2022,BURGLARY
21475,2022-09-25,THEFT
21476,2022-09-26,ASSAULT
21477,2022-09-26,DRUG OFFENSE
21478,26-Sep-2022,ROBBERY
21479,26-Sep-2022,OTHER
21480,09/26/2022,FRAUD
21481,09/26/2022,ASSAULT
21482,26-Sep-2022,FRAUD
21483,09/26/2022,VANDALISM
21484,09/26/2022,OTHER
21485,26-Sep-2022,DRUG OFFENSE
21486,09/26/2022,ROBBERY
21487,09/26/2022,ROBBERY
21488,26-Sep-2022,OTHER
21489,09/26/2022,ROBBERY
21490,09/26/2022,VANDALISM
21491,26-Sep-2022,ROBBERY
21492,26-Sep-2022,ASSAULT
21493,09/26/2022,ROBBERY
21494,26-Sep-2022,ASSAULT
21495,2022-09-26,ASSAULT
21496,09/26/2022,BURGLARY
21497,2022-09-26,ASSAULT
21498,09/26/2022,ASSAULT
21499,09/26/2022,OTHER
21500,09/26/2022,FRAUD
21501,09/26/2022,ASSAULT
21502,26-Sep-2022,BURGLARY
21503,09/26/2022,DRUG OFFENSE
21504,26-Sep-2022,FRAUD
21505,09/26/2022,ASSAULT
21506,09/26/2022,ROBBERY
21507,09/26/2022,FRAUD
21508,2022-09-26,OTHER
21509,09/26/2022,BURGLARY
21510,09/26/2022,THEFT
21511,26-Sep-2022,THEFT
21512,26-Sep-2022,DRUG OFFENSE
21513,2022-09-26,BURGLARY
21514,09/26/2022,BURGLARY
21515,09/26/2022,VANDALISM
21516,2022-09-26,OTHER
21517,26-Sep-2022,VANDALISM
21518,09/26/2022,DRUG OFFENSE
21519,09/26/2022,DRUG OFFENSE
21520,26-Sep-2022,DRUG OFFENSE
21521,09/27/2022,OTHER
21522,09/27/2022,FRAUD
21523,2022-09-27,ROBBERY
21524,09/27/2022,ROBBERY
21525,09/27/2022,VANDALISM
21526,2022-09-27,FRAUD
21527,2022-09-27,THEFT
21528,09/27/2022,DRUG OFFENSE
21529,2022-09-27,VANDALISM
21530,09/27/2022,ROBBERY
21531,09/27/2022,OTHER
21532,27-Sep-2022,THEFT
21533,09/27/2022,BURGLARY
21534,2022-09-27,VANDALISM
21535,27-Sep-2022,BURGLARY
21536,09/27/2022,ROBBERY
21537,09/27/2022,THEFT
21538,27-Sep-2022,ROBBERY
21539,27-Sep-2022,BURGLARY
21540,09/27/2022,OTHER
21541,2022-09-27,THEFT
21542,27-Sep-2022,VANDALISM
21543,27-Sep-2022,BURGLARY
21544,2022-09-27,ROBBERY
21545,27-Sep-2022,BURGLARY
21546,09/27/2022,DRUG OFFENSE
21547,27-Sep-2022,FRAUD
21548,27-Sep-2022,ROBBERY
21549,27-Sep-2022,BURGLARY
21550,2022-09-27,DRUG OFFENSE
21551,09/27/2022,BURGLARY
21552,09/27/2022,BURGLARY
21553,09/27/2022,BURGLARY
21554,09/27/2022,ASSAULT
21555,09/27/2022,THEFT
21556,09/27/2022,OTHER
21557,27-Sep-2022,BURGLARY
21558,2022-09-27,VANDALISM
21559,09/27/2022,FRAUD
21560,09/27/2022,THEFT
21561,09/27/2022,FRAUD
21562,27-Sep-2022,DRUG OFFENSE
21563,09/28/2022,OTHER
21564,28-Sep-2022,FRAUD
21565,09/28/2022,ROBBERY
21566,28-Sep-2022,VANDALISM
21567,28-Sep-2022,THEFT
21568,2022-09-28,ASSAULT
21569,2022-09-28,FRAUD
21570,09/28/2022,VANDALISM
21571,28-Sep-2022,ROBBERY
21572,2022-09-28,DRUG OFFENSE
21573,2022-09-28,FRAUD
21574,2022-09-28,THEFT
21575,2022-09-28,THEFT
21576,2022-09-28,BURGLARY
21577,09/28/2022,DRUG OFFENSE
21578,2022-09-28,ROBBERY
21579,09/28/2022,FRAUD
21580,09/28/2022,FRAUD
21581,09/28/2022,OTHER
21582,09/28/2022,FRAUD
21583,28-Sep-2022,ROBBERY
21584,28-Sep-2022,VANDALISM
21585,28-Sep-2022,FRAUD
21586,28-Sep-2022,FRAUD
21587,28-Sep-2022,DRUG OFFENSE
21588,2022-09-28,DRUG OFFENSE
21589,09/28/2022,THEFT
21590,28-Sep-2022,FRAUD
21591,09/28/2022,THEFT
21592,2022-09-28,FRAUD
21593,28-Sep-2022,OTHER
21594,09/28/2022,THEFT
21595,09/28/2022,VANDALISM
21596,2022-09-28,OTHER
21597,09/28/2022,THEFT
21598,2022-09-28,DRUG OFFENSE
21599,09/28/2022,OTHER
21600,2022-09-28,ROBBERY
21601,09/28/2022,THEFT
21602,09/28/2022,ASSAULT
21603,2022-09-28,OTHER
21604,09/28/2022,ASSAULT
21605,28-Sep-2022,VANDALISM
21606,28-Sep-2022,FRAUD
21607,28-Sep-2022,OTHER
21608,28-Sep-2022,BURGLARY
21609,09/29/2022,BURGLARY
21610,29-Sep-2022,OTHER
21611,29-Sep-2022,THEFT
21612,2022-09-29,DRUG OFFENSE
21613,09/29/2022,VANDALISM
21614,29-Sep-2022,ROBBERY
21615,29-Sep-2022,OTHER
21616,09/29/2022,FRAUD
21617,09/29/2022,VANDALISM
21618,2022-09-29,ASSAULT
21619,09/29/2022,DRUG OFFENSE
21620,29-Sep-2022,OTHER
21621,09/29/2022,DRUG OFFENSE
21622,09/29/2022,THEFT
21623,29-Sep-2022,FRAUD
21624,29-Sep-2022,THEFT
21625,09/29/2022,THEFT
21626,09/29/2022,ASSAULT
21627,29-Sep-2022,FRAUD
21628,09/29/2022,FRAUD
21629,09/29/2022,ASSAULT
21630,09/29/2022,ROBBERY
21631,09/29/2022,ASSAULT
21632,2022-09-29,BURGLARY
21633,2022-09-29,ROBBERY
21634,2022-09-29,THEFT
21635,29-Sep-2022,ASSAULT
21636,2022-09-29,DRUG OFFENSE
21637,09/29/2022,ASSAULT
21638,2022-09-29,BURGLARY
21639,2022-09-29,VANDALISM
21640,2022-09-29,DRUG OFFENSE
21641,29-Sep-2022,DRUG OFFENSE
21642,09/29/2022,OTHER
21643,29-Sep-2022,OTHER
21644,09/29/2022,BURGLARY
21645,2022-09-29,OTHER
21646,09/29/2022,DRUG OFFENSE
21647,2022-09-29,ROBBERY
21648,09/29/2022,OTHER
21649,29-Sep-2022,BURGLARY
21650,09/29/2022,ROBBERY
21651,09/29/2022,THEFT
21652,29-Sep-2022,DRUG OFFENSE
21653,29-Sep-2022,OTHER
21654,09/29/2022,BURGLARY
21655,2022-09-30,DRUG OFFENSE
21656,2022-09-30,VANDALISM
21657,30-Sep-2022,ASSAULT
21658,2022-09-30,ASSAULT
21659,30-Sep-2022,ASSAULT
21660,09/30/2022,THEFT
21661,09/30/2022,ROBBERY
21662,09/30/2022,DRUG OFFENSE
21663,30-Sep-2022,ASSAULT
21664,09/30/2022,FRAUD
21665,30-Sep-2022,FRAUD
21666,30-Sep-2022,THEFT
21667,09/30/2022,OTHER
21668,2022-09-30,VANDALISM
21669,2022-09-30,OTHER
21670,30-Sep-2022,ASSAULT
21671,09/30/2022,ASSAULT
21672,2022-09-30,BURGLARY
21673,09/30/2022,VANDALISM
21674,09/30/2022,VANDALISM
21675,30-Sep-2022,OTHER
21676,09/30/2022,BURGLARY
21677,30-Sep-2022,OTHER
21678,2022-09-30,ROBBERY
21679,2022-09-30,OTHER
21680,2022-09-30,OTHER
21681,30-Sep-2022,VANDALISM
21682,30-Sep-2022,BURGLARY
21683,09/30/2022,ROBBERY
21684,30-Sep-2022,OTHER
21685,30-Sep-2022,VANDALISM
21686,30-Sep-2022,FRAUD
21687,09/30/2022,VANDALISM
21688,09/30/2022,THEFT
21689,09/30/2022,BURGLARY
21690,09/30/2022,THEFT
21691,2022-09-30,BURGLARY
21692,09/30/2022,FRAUD
21693,2022-09-30,FRAUD
21694,2022-09-30,VANDALISM
21695,2022-09-30,DRUG OFFENSE
21696,09/30/2022,BURGLARY
21697,2022-09-30,ASSAULT
21698,30-Sep-2022,ROBBERY
21699,09/30/2022,DRUG OFFENSE
21700,30-Sep-2022,ASSAULT
21701,09/30/2022,BURGLARY
21702,2022-09-30,ROBBERY
21703,2022-10-01,FRAUD
21704,10/01/2022,FRAUD
21705,10/01/2022,DRUG OFFENSE
21706,01-Oct-2022,DRUG OFFENSE
21707,10/01/2022,DRUG OFFENSE
21708,10/01/2022,OTHER
21709,2022-10-01,BURGLARY
21710,10/01/2022,ASSAULT
21711,10/01/2022,VANDALISM
21712,2022-10-01,DRUG OFFENSE
21713,2022-10-01,ROBBERY
21714,01-Oct-2022,ASSAULT
21715,2022-10-01,ROBBERY
21716,01-Oct-2022,ASSAULT
21717,10/01/2022,THEFT
21718,01-Oct-2022,DRUG OFFENSE
21719,01-Oct-2022,BURGLARY
21720,2022-10-01,THEFT
21721,2022-10-01,VANDALISM
21722,10/01/2022,FRAUD
21723,10/01/2022,DRUG OFFENSE
21724,2022-10-01,VANDALISM
21725,2022-10-01,FRAUD
21726,10/01/2022,FRAUD
21727,01-Oct-2022,VANDALISM
21728,01-Oct-2022,FRAUD
21729,2022-10-01,ASSAULT
21730,01-Oct-2022,ASSAULT
21731,2022-10-01,FRAUD
21732,01-Oct-2022,VANDALISM
21733,2022-10-01,OTHER
21734,2022-10-01,FRAUD
21735,2022-10-01,ASSAULT
21736,01-Oct-2022,ROBBERY
21737,2022-10-01,THEFT
21738,10/01/2022,DRUG OFFENSE
21739,10/01/2022,ROBBERY
21740,10/01/2022,VANDALISM
21741,2022-10-01,ROBBERY
21742,01-Oct-2022,ASSAULT
21743,01-Oct-2022,FRAUD
21744,2022-10-01,VANDALISM
21745,10/01/2022,DRUG OFFENSE
21746,2022-10-01,ASSAULT
21747,2022-10-01,THEFT
21748,10/02/2022,DRUG OFFENSE
21749,10/02/2022,BURGLARY
21750,10/02/2022,ASSAULT
21751,2022-10-02,VANDALISM
21752,2022-10-02,THEFT
21753,02-Oct-2022,THEFT
21754,2022-10-02,THEFT
21755,2022-10-02,BURGLARY
21756,10/02/2022,BURGLARY
21757,2022-10-02,DRUG OFFENSE
21758,02-Oct-2022,VANDALISM
21759,02-Oct-2022,VANDALISM
21760,10/02/2022,ASSAULT
21761,2022-10-02,ASSAULT
21762,02-Oct-2022,DRUG OFFENSE
21763,10/02/2022,ASSAULT
21764,02-Oct-2022,OTHER
21765,10/02/2022,FRAUD
21766,02-Oct-2022,ROBBERY
21767,10/02/2022,FRAUD
21768,2022-10-02,VANDALISM
21769,10/02/2022,ASSAULT
21770,02-Oct-2022,ROBBERY
21771,02-Oct-2022,ASSAULT
21772,10/02/2022,VANDALISM
21773,2022-10-02,THEFT
21774,02-Oct-2022,BURGLARY
21775,02-Oct-2022,OTHER
21776,10/02/2022,VANDALISM
21777,02-Oct-2022,ASSAULT
21778,02-Oct-2022,BURGLARY
21779,2022-10-02,THEFT
21780,2022-10-02,ASSAULT
21781,10/02/2022,DRUG OFFENSE
21782,10/02/2022,ASSAULT
21783,10/02/2022,ASSAULT
21784,2022-10-03,ASSAULT
21785,10/03/2022,ASSAULT
21786,03-Oct-2022,FRAUD
21787,03-Oct-2022,ASSAULT
21788,2022-10-03,FRAUD
21789,2022-10-03,OTHER
21790,2022-10-03,ASSAULT
21791,10/03/2022,ASSAULT
21792,10/03/2022,BURGLARY
21793,03-Oct-2022,DRUG OFFENSE
21794,10/03/2022,ASSAULT
21795,10/03/2022,ASSAULT
21796,2022-10-03,THEFT
21797,03-Oct-2022,ASSAULT
21798,03-Oct-2022,ROBBERY
21799,2022-10-03,THEFT
21800,10/03/2022,OTHER
21801,03-Oct-2022,VANDALISM
21802,2022-10-03,ASSAULT
21803,2022-10-03,VANDALISM
21804,10/03/2022,THEFT
21805,10/03/2022,ASSAULT
21806,03-Oct-2022,THEFT
21807,03-Oct-2022,ROBBERY
21808,2022-10-03,ROBBERY
21809,10/03/2022,ASSAULT
21810,03-Oct-2022,DRUG OFFENSE
21811,10/03/2022,THEFT
21812,10/03/2022,THEFT
21813,10/03/2022,BURGLARY
21814,10/03/2022,THEFT
21815,10/03/2022,DRUG OFFENSE
21816,10/03/2022,THEFT
21817,03-Oct-2022,THEFT
21818,03-Oct-2022,VANDALISM
21819,2022-10-03,VANDALISM
21820,10/03/2022,VANDALISM
21821,10/03/2022,BURGLARY
21822,03-Oct-2022,OTHER
21823,10/04/2022,BURGLARY
21824,04-Oct-2022,THEFT
21825,04-Oct-2022,OTHER
21826,2022-10-04,BURGLARY
21827,10/04/2022,THEFT
21828,10/04/2022,BURGLARY
21829,2022-10-04,ASSAULT
21830,2022-10-04,OTHER
21831,2022-10-04,DRUG OFFENSE
21832,10/04/2022,DRUG OFFENSE
21833,04-Oct-2022,FRAUD
21834,04-Oct-2022,DRUG OFFENSE
21835,04-Oct-2022,VANDALISM
21836,10/04/2022,VANDALISM
21837,04-Oct-2022,OTHER
21838,04-Oct-2022,VANDALISM
21839,10/04/2022,ASSAULT
21840,2022-10-04,BURGLARY
21841,04-Oct-2022,DRUG OFFENSE
21842,10/04/2022,OTHER
21843,2022-10-04,ASSAULT
21844,2022-10-04,OTHER
21845,2022-10-04,VANDALISM
21846,2022-10-04,ROBBERY
21847,10/04/2022,THEFT
21848,2022-10-04,ASSAULT
21849,10/04/2022,VANDALISM
21850,04-Oct-2022,OTHER
21851,2022-10-04,DRUG OFFENSE
21852,10/04/2022,THEFT
21853,10/04/2022,ROBBERY
21854,10/04/2022,OTHER
21855,04-Oct-2022,BURGLARY
21856,2022-10-04,FRAUD
21857,10/04/2022,FRAUD
21858,04-Oct-2022,THEFT
21859,04-Oct-2022,FRAUD
21860,10/04/2022,ROBBERY
21861,2022-10-04,BURGLARY
21862,10/04/2022,ROBBERY
21863,10/04/2022,FRAUD
21864,2022-10-04,OTHER
21865,10/04/2022,FRAUD
21866,10/04/2022,THEFT
21867,2022-10-04,ROBBERY
21868,10/04/2022,OTHER
21869,2022-10-05,OTHER
21870,10/05/2022,DRUG OFFENSE
21871,05-Oct-2022,ROBBERY
21872,2022-10-05,VANDALISM
21873,10/05/2022,ROBBERY
21874,2022-10-05,ASSAULT
21875,2022-10-05,OTHER
21876,2022-10-05,ASSAULT
21877,05-Oct-2022,VANDALISM
21878,10/05/2022,OTHER
21879,10/05/2022,DRUG OFFENSE
21880,05-Oct-2022,FRAUD
21881,2022-10-05,DRUG OFFENSE
21882,10/05/2022,OTHER
21883,10/05/2022,ROBBERY
21884,05-Oct-2022,FRAUD
21885,10/05/2022,DRUG OFFENSE
21886,05-Oct-2022,BURGLARY
21887,10/05/2022,ROBBERY
21888,2022-10-05,DRUG OFFENSE
21889,05-Oct-2022,ASSAULT
21890,05-Oct-2022,DRUG OFFENSE
21891,10/05/2022,ASSAULT
21892,2022-10-05,DRUG OFFENSE
21893,05-Oct-2022,THEFT
21894,10/05/2022,FRAUD
21895,10/05/2022,OTHER
21896,05-Oct-2022,ASSAULT
21897,05-Oct-2022,FRAUD
21898,05-Oct-2022,THEFT
21899,2022-10-05,ASSAULT
21900,2022-10-05,THEFT
21901,05-Oct-2022,DRUG OFFENSE
21902,10/05/2022,DRUG OFFENSE
21903,2022-10-05,DRUG OFFENSE
21904,10/05/2022,DRUG OFFENSE
21905,2022-10-05,ASSAULT
21906,05-Oct-2022,OTHER
21907,05-Oct-2022,VANDALISM
21908,2022-10-05,BURGLARY
21909,10/06/2022,FRAUD
21910,2022-10-06,OTHER
21911,2022-10-06,OTHER
21912,2022-10-06,BURGLARY
21913,06-Oct-2022,DRUG OFFENSE
21914,10/06/2022,DRUG OFFENSE
21915,10/06/2022,ASSAULT
21916,2022-10-06,THEFT
21917,2022-10-06,ROBBERY
21918,10/06/2022,BURGLARY
21919,10/06/2022,FRAUD
21920,10/06/2022,OTHER
21921,10/06/2022,DRUG OFFENSE
21922,06-Oct-2022,DRUG OFFENSE
21923,06-Oct-2022,BURGLARY
21924,06-Oct-2022,FRAUD
21925,06-Oct-2022,BURGLARY
21926,06-Oct-2022,ASSAULT
21927,10/06/2022,DRUG OFFENSE
21928,06-Oct-2022,ASSAULT
21929,2022-10-06,DRUG OFFENSE
21930,2022-10-06,VANDALISM
21931,10/06/2022,FRAUD
21932,10/06/2022,ASSAULT
21933,06-Oct-2022,THEFT
21934,2022-10-06,DRUG OFFENSE
21935,2022-10-06,VANDALISM
21936,06-Oct-2022,ROBBERY
21937,10/06/2022,OTHER
21938,10/06/2022,THEFT
21939,06-Oct-2022,ASSAULT
21940,10/06/2022,FRAUD
21941,06-Oct-2022,FRAUD
21942,06-Oct-2022,ASSAULT
21943,10/06/2022,ROBBERY
21944,06-Oct-2022,VANDALISM
21945,10/06/2022,BURGLARY
21946,10/06/2022,FRAUD
21947,2022-10-07,VANDALISM
21948,2022-10-07,OTHER
21949,10/07/2022,FRAUD
21950,07-Oct-2022,VANDALISM
21951,10/07/2022,OTHER
21952,07-Oct-2022,THEFT
21953,2022-10-07,DRUG OFFENSE
21954,10/07/2022,OTHER
21955,2022-10-07,BURGLARY
21956,2022-10-07,FRAUD
21957,10/07/2022,OTHER
21958,07-Oct-2022,BURGLARY
21959,2022-10-07,DRUG OFFENSE
21960,10/07/2022,VANDALISM
21961,2022-10-07,DRUG OFFENSE
21962,10/07/2022,OTHER
21963,2022-10-07,ROBBERY
21964,2022-10-07,ROBBERY
21965,07-Oct-2022,FRAUD
21966,10/07/2022,VANDALISM
21967,07-Oct-2022,OTHER
21968,2022-10-07,DRUG OFFENSE
21969,10/07/2022,FRAUD
21970,2022-10-07,ASSAULT
21971,07-Oct-2022,OTHER
21972,10/07/2022,BURGLARY
21973,10/07/2022,VANDALISM
21974,07-Oct-2022,VANDALISM
21975,2022-10-07,THEFT
21976,07-Oct-2022,FRAUD
21977,10/07/2022,ROBBERY
21978,07-Oct-2022,ASSAULT
21979,10/07/2022,ASSAULT
21980,07-Oct-2022,ROBBERY
21981,07-Oct-2022,FRAUD
21982,2022-10-07,VANDALISM
21983,07-Oct-2022,BURGLARY
21984,07-Oct-2022,ROBBERY
21985,2022-10-07,ROBBERY
21986,07-Oct-2022,BURGLARY
21987,07-Oct-2022,THEFT
21988,08-Oct-2022,VANDALISM
21989,10/08/2022,FRAUD
21990,08-Oct-2022,THEFT
21991,10/08/2022,VANDALISM
21992,08-Oct-2022,DRUG OFFENSE
21993,2022-10-08,VANDALISM
21994,10/08/2022,BURGLARY
21995,2022-10-08,DRUG OFFENSE
21996,08-Oct-2022,BURGLARY
21997,08-Oct-2022,OTHER
21998,2022-10-08,THEFT
21999,08-Oct-2022,OTHER
22000,08-Oct-2022,FRAUD
22001,10/08/2022,BURGLARY
22002,08-Oct-2022,VANDALISM
22003,08-Oct-2022,OTHER
22004,08-Oct-2022,OTHER
22005,10/08/2022,VANDALISM
22006,08-Oct-2022,VANDALISM
22007,10/08/2022,ROBBERY
22008,10/08/2022,ASSAULT
22009,2022-10-08,THEFT
22010,10/08/2022,THEFT
22011,10/08/2022,BURGLARY
22012,10/08/2022,OTHER
22013,08-Oct-2022,DRUG OFFENSE
22014,2022-10-08,VANDALISM
22015,2022-10-08,FRAUD
22016,08-Oct-2022,ASSAULT
22017,08-Oct-2022,THEFT
22018,08-Oct-2022,THEFT
22019,2022-10-08,ROBBERY
22020,10/08/2022,THEFT
22021,2022-10-08,FRAUD
22022,08-Oct-2022,ASSAULT
22023,10/08/2022,OTHER
22024,10/08/2022,DRUG OFFENSE
22025,2022-10-08,ROBBERY
22026,08-Oct-2022,ROBBERY
22027,2022-10-08,BURGLARY
22028,10/08/2022,DRUG OFFENSE
22029,2022-10-08,DRUG OFFENSE
22030,2022-10-08,ROBBERY
22031,10/08/2022,DRUG OFFENSE
22032,08-Oct-2022,VANDALISM
22033,10/08/2022,THEFT
22034,2022-10-09,ASSAULT
22035,2022-10-09,ASSAULT
22036,10/09/2022,ROBBERY
22037,09-Oct-2022,FRAUD
22038,2022-10-09,OTHER
22039,09-Oct-2022,ROBBERY
22040,09-Oct-2022,FRAUD
22041,10/09/2022,DRUG OFFENSE
22042,09-Oct-2022,VANDALISM
22043,2022-10-09,THEFT
22044,10/09/2022,FRAUD
22045,2022-10-09,DRUG OFFENSE
22046,10/09/2022,OTHER
22047,2022-10-09,OTHER
22048,10/09/2022,OTHER
22049,2022-10-09,ROBBERY
22050,10/09/2022,ASSAULT
22051,09-Oct-2022,VANDALISM
22052,10/09/2022,ASSAULT
22053,2022-10-09,DRUG OFFENSE
22054,10/09/2022,BURGLARY
22055,10/09/2022,VANDALISM
22056,2022-10-09,BURGLARY
22057,2022-10-09,THEFT
22058,10/09/2022,FRAUD
22059,10/09/2022,BURGLARY
22060,2022-10-09,FRAUD
22061,2022-10-09,OTHER
22062,09-Oct-2022,VANDALISM
22063,10/09/2022,FRAUD
22064,2022-10-09,ASSAULT
22065,09-Oct-2022,ASSAULT
22066,09-Oct-2022,FRAUD
22067,10/09/2022,DRUG OFFENSE
22068,10/09/2022,ASSAULT
22069,2022-10-09,BURGLARY
22070,10/09/2022,VANDALISM
22071,10/09/2022,BURGLARY
22072,10/09/2022,DRUG OFFENSE
22073,10/09/2022,BURGLARY
22074,10-Oct-2022,ROBBERY
22075,10-Oct-2022,FRAUD
22076,10-Oct-2022,THEFT
22077,10/10/2022,BURGLARY
22078,2022-10-10,OTHER
22079,10/10/2022,THEFT
22080,10/10/2022,OTHER
22081,2022-10-10,ROBBERY
22082,2022-10-10,FRAUD
22083,2022-10-10,ROBBERY
22084,10-Oct-2022,ASSAULT
22085,10/10/2022,DRUG OFFENSE
22086,10/10/2022,DRUG OFFENSE
22087,2022-10-10,THEFT
22088,2022-10-10,ASSAULT
22089,10/10/2022,THEFT
22090,2022-10-10,VANDALISM
22091,10/10/2022,ROBBERY
22092,10/10/2022,VANDALISM
22093,10-Oct-2022,BURGLARY
22094,2022-10-10,ASSAULT
22095,10-Oct-2022,DRUG OFFENSE
22096,2022-10-10,BURGLARY
22097,2022-10-10,ROBBERY
22098,10/10/2022,FRAUD
22099,10/10/2022,BURGLARY
22100,10/10/2022,THEFT
22101,2022-10-10,VANDALISM
22102,10-Oct-2022,DRUG OFFENSE
22103,2022-10-10,OTHER
22104,10/10/2022,BURGLARY
22105,2022-10-10,BURGLARY
22106,10-Oct-2022,ASSAULT
22107,10-Oct-2022,ASSAULT
22108,10-Oct-2022,BURGLARY
22109,2022-10-10,DRUG OFFENSE
22110,10/10/2022,OTHER
22111,10-Oct-2022,BURGLARY
22112,2022-10-10,THEFT
22113,10/11/2022,OTHER
22114,10/11/2022,ROBBERY
22115,11-Oct-2022,FRAUD
22116,10/11/2022,BURGLARY
22117,11-Oct-2022,VANDALISM
22118,10/11/2022,THEFT
22119,2022-10-11,ROBBERY
22120,10/11/2022,OTHER
22121,11-Oct-2022,VANDALISM
22122,2022-10-11,BURGLARY
22123,11-Oct-2022,ASSAULT
22124,10/11/2022,THEFT
22125,10/11/2022,FRAUD
22126,2022-10-11,FRAUD
22127,2022-10-11,VANDALISM
22128,10/11/2022,FRAUD
22129,2022-10-11,OTHER
22130,11-Oct-2022,BURGLARY
22131,11-Oct-2022,ROBBERY
22132,10/11/2022,VANDALISM
22133,11-Oct-2022,DRUG OFFENSE
22134,11-Oct-2022,FRAUD
22135,2022-10-11,ASSAULT
22136,2022-10-11,THEFT
22137,10/11/2022,VANDALISM
22138,10/11/2022,VANDALISM
22139,11-Oct-2022,ASSAULT
22140,10/11/2022,DRUG OFFENSE
22141,2022-10-11,DRUG OFFENSE
22142,11-Oct-2022,FRAUD
22143,11-Oct-2022,OTHER
22144,2022-10-11,THEFT
22145,10/11/2022,THEFT
22146,2022-10-11,FRAUD
22147,10/11/2022,BURGLARY
22148,12-Oct-2022,VANDALISM
22149,2022-10-12,OTHER
22150,10/12/2022,BURGLARY
22151,10/12/2022,ASSAULT
22152,12-Oct-2022,THEFT
22153,10/12/2022,DRUG OFFENSE
22154,2022-10-12,ASSAULT
22155,12-Oct-2022,THEFT
22156,2022-10-12,BURGLARY
22157,2022-10-12,ASSAULT
22158,2022-10-12,ROBBERY
22159,10/12/2022,THEFT
22160,2022-10-12,THEFT
22161,10/12/2022,ASSAULT
22162,2022-10-12,BURGLARY
22163,12-Oct-2022,BURGLARY
22164,12-Oct-2022,ROBBERY
22165,10/12/2022,BURGLARY
22166,2022-10-12,FRAUD
22167,10/12/2022,DRUG OFFENSE
22168,10/12/2022,THEFT
22169,2022-10-12,THEFT
22170,2022-10-12,VANDALISM
22171,12-Oct-2022,FRAUD
22172,12-Oct-2022,ROBBERY
22173,10/12/2022,ROBBERY
22174,2022-10-12,THEFT
22175,12-Oct-2022,ROBBERY
22176,12-Oct-2022,THEFT
22177,10/12/2022,ASSAULT
22178,10/12/2022,FRAUD
22179,2022-10-12,ROBBERY
22180,2022-10-12,OTHER
22181,10/12/2022,ROBBERY
22182,2022-10-12,DRUG OFFENSE
22183,10/12/2022,THEFT
22184,10/12/2022,ASSAULT
22185,2022-10-12,FRAUD
22186,12-Oct-2022,DRUG OFFENSE
22187,10/12/2022,VANDALISM
22188,2022-10-13,BURGLARY
22189,2022-10-13,FRAUD
22190,10/13/2022,FRAUD
22191,13-Oct-2022,ASSAULT
22192,10/13/2022,FRAUD
22193,2022-10-13,THEFT
22194,10/13/2022,THEFT
22195,10/13/2022,ROBBERY
22196,13-Oct-2022,ASSAULT
22197,2022-10-13,OTHER
22198,10/13/2022,VANDALISM
22199,13-Oct-2022,VANDALISM
22200,10/13/2022,OTHER
22201,2022-10-13,OTHER
22202,13-Oct-2022,THEFT
22203,2022-10-13,FRAUD
22204,10/13/2022,FRAUD
22205,2022-10-13,VANDALISM
22206,2022-10-13,ASSAULT
22207,13-Oct-2022,THEFT
22208,10/13/2022,BURGLARY
22209,13-Oct-2022,OTHER
22210,13-Oct-2022,THEFT
22211,2022-10-13,FRAUD
22212,13-Oct-2022,FRAUD
22213,2022-10-13,VANDALISM
22214,13-Oct-2022,VANDALISM
22215,13-Oct-2022,BURGLARY
22216,13-Oct-2022,ROBBERY
22217,14-Oct-2022,FRAUD
22218,10/14/2022,VANDALISM
22219,10/14/2022,ASSAULT
22220,10/14/2022,BURGLARY
22221,10/14/2022,ROBBERY
22222,10/14/2022,THEFT
22223,10/14/2022,BURGLARY
22224,10/14/2022,ASSAULT
22225,2022-10-14,BURGLARY
22226,14-Oct-2022,FRAUD
22227,14-Oct-2022,ROBBERY
22228,10/14/2022,DRUG OFFENSE
22229,10/14/2022,DRUG OFFENSE
22230,14-Oct-2022,VANDALISM
22231,2022-10-14,DRUG OFFENSE
22232,2022-10-14,ROBBERY
22233,14-Oct-2022,FRAUD
22234,2022-10-14,VANDALISM
22235,14-Oct-2022,FRAUD
22236,2022-10-14,ASSAULT
22237,10/14/2022,DRUG OFFENSE
22238,14-Oct-2022,THEFT
22239,14-Oct-2022,ASSAULT
22240,14-Oct-2022,VANDALISM
22241,2022-10-14,DRUG OFFENSE
22242,10/14/2022,DRUG OFFENSE
22243,10/14/2022,VANDALISM
22244,10/14/2022,FRAUD
22245,10/14/2022,DRUG OFFENSE
22246,14-Oct-2022,FRAUD
22247,10/14/2022,ASSAULT
22248,2022-10-14,BURGLARY
22249,14-Oct-2022,BURGLARY
22250,10/14/2022,ROBBERY
22251,14-Oct-2022,VANDALISM
22252,10/14/2022,BURGLARY
22253,14-Oct-2022,VANDALISM
22254,2022-10-14,ASSAULT
22255,10/14/2022,ASSAULT
22256,10/14/2022,BURGLARY
22257,2022-10-14,BURGLARY
22258,14-Oct-2022,BURGLARY
22259,2022-10-14,ROBBERY
22260,14-Oct-2022,ASSAULT
22261,10/15/2022,ASSAULT
22262,2022-10-15,BURGLARY
22263,15-Oct-2022,VANDALISM
22264,10/15/2022,DRUG OFFENSE
22265,2022-10-15,BURGLARY
22266,2022-10-15,THEFT
22267,15-Oct-2022,BURGLARY
22268,10/15/2022,THEFT
22269,10/15/2022,ROBBERY
22270,10/15/2022,FRAUD
22271,15-Oct-2022,BURGLARY
22272,2022-10-15,ASSAULT
22273,10/15/2022,FRAUD
22274,15-Oct-2022,ROBBERY
22275,2022-10-15,FRAUD
22276,15-Oct-2022,DRUG OFFENSE
22277,2022-10-15,FRAUD
22278,10/15/2022,VANDALISM
22279,10/15/2022,DRUG OFFENSE
22280,10/15/2022,ASSAULT
22281,2022-10-15,FRAUD
22282,10/15/2022,OTHER
22283,15-Oct-2022,ASSAULT
22284,15-Oct-2022,FRAUD
22285,15-Oct-2022,ASSAULT
22286,15-Oct-2022,BURGLARY
22287,15-Oct-2022,ASSAULT
22288,15-Oct-2022,FRAUD
22289,10/15/2022,VANDALISM
22290,10/15/2022,THEFT
22291,10/15/2022,OTHER
22292,15-Oct-2022,VANDALISM
22293,15-Oct-2022,ROBBERY
22294,10/15/2022,FRAUD
22295,2022-10-15,VANDALISM
22296,2022-10-15,DRUG OFFENSE
22297,15-Oct-2022,FRAUD
22298,10/15/2022,ROBBERY
22299,2022-10-15,THEFT
22300,10/15/2022,FRAUD
22301,10/15/2022,ROBBERY
22302,2022-10-15,FRAUD
22303,15-Oct-2022,THEFT
22304,2022-10-15,ASSAULT
22305,10/15/2022,VANDALISM
22306,10/15/2022,OTHER
22307,15-Oct-2022,DRUG OFFENSE
22308,15-Oct-2022,OTHER
22309,15-Oct-2022,ASSAULT
22310,2022-10-15,OTHER
22311,15-Oct-2022,OTHER
22312,10/15/2022,BURGLARY
22313,15-Oct-2022,VANDALISM
22314,2022-10-15,ROBBERY
22315,10/15/2022,FRAUD
22316,2022-10-15,ASSAULT
22317,15-Oct-2022,FRAUD
22318,2022-10-15,THEFT
22319,10/15/2022,DRUG OFFENSE
22320,2022-10-16,FRAUD
22321,10/16/2022,VANDALISM
22322,16-Oct-2022,THEFT
22323,10/16/2022,VANDALISM
22324,10/16/2022,THEFT
22325,2022-10-16,BURGLARY
22326,10/16/2022,OTHER
22327,10/16/2022,DRUG OFFENSE
22328,2022-10-16,ROBBERY
22329,16-Oct-2022,THEFT
22330,10/16/2022,ASSAULT
22331,2022-10-16,DRUG OFFENSE
22332,10/16/2022,THEFT
22333,2022-10-16,ASSAULT
22334,16-Oct-2022,ROBBERY
22335,16-Oct-2022,DRUG OFFENSE
22336,10/16/2022,ASSAULT
22337,2022-10-16,ASSAULT
22338,16-Oct-2022,ROBBERY
22339,10/16/2022,ASSAULT
22340,10/16/2022,VANDALISM
22341,10/16/2022,DRUG OFFENSE
22342,10/16/2022,VANDALISM
22343,2022-10-16,FRAUD
22344,2022-10-16,THEFT
22345,10/16/2022,ROBBERY
22346,2022-10-16,FRAUD
22347,10/16/2022,ASSAULT
22348,16-Oct-2022,FRAUD
22349,2022-10-16,ROBBERY
22350,10/16/2022,BURGLARY
22351,16-Oct-2022,ASSAULT
22352,10/16/2022,DRUG OFFENSE
22353,2022-10-17,ASSAULT
22354,2022-10-17,THEFT
22355,10/17/2022,ASSAULT
22356,2022-10-17,VANDALISM
22357,17-Oct-2022,FRAUD
22358,17-Oct-2022,THEFT
22359,2022-10-17,ASSAULT
22360,17-Oct-2022,OTHER
22361,10/17/2022,DRUG OFFENSE
22362,2022-10-17,THEFT
22363,17-Oct-2022,BURGLARY
22364,10/17/2022,OTHER
22365,10/17/2022,ROBBERY
22366,17-Oct-2022,OTHER
22367,2022-10-17,ROBBERY
22368,10/17/2022,BURGLARY
22369,10/17/2022,OTHER
22370,2022-10-17,THEFT
22371,2022-10-17,ROBBERY
22372,10/17/2022,OTHER
22373,10/17/2022,ROBBERY
22374,2022-10-17,ASSAULT
22375,17-Oct-2022,BURGLARY
22376,2022-10-17,DRUG OFFENSE
22377,10/17/2022,THEFT
22378,17-Oct-2022,THEFT
22379,17-Oct-2022,VANDALISM
22380,17-Oct-2022,BURGLARY
22381,2022-10-18,VANDALISM
22382,2022-10-18,DRUG OFFENSE
22383,18-Oct-2022,THEFT
22384,18-Oct-2022,ASSAULT
22385,2022-10-18,BURGLARY
22386,18-Oct-2022,BURGLARY
22387,10/18/2022,OTHER
22388,2022-10-18,VANDALISM
22389,10/18/2022,BURGLARY
22390,2022-10-18,DRUG OFFENSE
22391,2022-10-18,FRAUD
22392,10/18/2022,DRUG OFFENSE
22393,18-Oct-2022,ASSAULT
22394,2022-10-18,BURGLARY
22395,2022-10-18,VANDALISM
22396,10/18/2022,THEFT
22397,10/18/2022,ROBBERY
22398,2022-10-18,ASSAULT
22399,18-Oct-2022,DRUG OFFENSE
22400,2022-10-18,DRUG OFFENSE
22401,2022-10-18,OTHER
22402,18-Oct-2022,VANDALISM
22403,18-Oct-2022,ASSAULT
22404,18-Oct-2022,BURGLARY
22405,18-Oct-2022,BURGLARY
22406,2022-10-18,OTHER
22407,18-Oct-2022,ASSAULT
22408,18-Oct-2022,FRAUD
22409,2022-10-18,THEFT
22410,10/18/2022,ROBBERY
22411,10/18/2022,ROBBERY
22412,2022-10-18,OTHER
22413,10/18/2022,ROBBERY
22414,10/18/2022,OTHER
22415,10/18/2022,BURGLARY
22416,10/18/2022,BURGLARY
22417,10/18/2022,OTHER
22418,18-Oct-2022,ROBBERY
22419,10/18/2022,THEFT
22420,10/18/2022,BURGLARY
22421,18-Oct-2022,BURGLARY
22422,2022-10-18,ROBBERY
22423,2022-10-18,DRUG OFFENSE
22424,18-Oct-2022,THEFT
22425,18-Oct-2022,ASSAULT
22426,10/19/2022,OTHER
22427,10/19/2022,THEFT
22428,19-Oct-2022,OTHER
22429,10/19/2022,ROBBERY
22430,10/19/2022,THEFT
22431,10/19/2022,ASSAULT
22432,10/19/2022,THEFT
22433,10/19/2022,ROBBERY
22434,10/19/2022,OTHER
22435,10/19/2022,THEFT
22436,2022-10-19,DRUG OFFENSE
22437,19-Oct-2022,ROBBERY
22438,10/19/2022,ASSAULT
22439,10/19/2022,FRAUD
22440,2022-10-19,VANDALISM
22441,10/19/2022,FRAUD
22442,10/19/2022,THEFT
22443,19-Oct-2022,DRUG OFFENSE
22444,10/19/2022,VANDALISM
22445,19-Oct-2022,ROBBERY
22446,2022-10-19,FRAUD
22447,2022-10-19,BURGLARY
22448,10/19/2022,BURGLARY
22449,2022-10-19,OTHER
22450,2022-10-19,FRAUD
22451,19-Oct-2022,ROBBERY
22452,19-Oct-2022,ROBBERY
22453,19-Oct-2022,FRAUD
22454,10/19/2022,OTHER
22455,19-Oct-2022,VANDALISM
22456,10/19/2022,ROBBERY
22457,10/19/2022,BURGLARY
22458,10/19/2022,DRUG OFFENSE
22459,2022-10-19,ASSAULT
22460,10/19/2022,VANDALISM
22461,19-Oct-2022,THEFT
22462,19-Oct-2022,FRAUD
22463,2022-10-19,OTHER
22464,10/19/2022,FRAUD
22465,10/19/2022,BURGLARY
22466,2022-10-19,OTHER
22467,2022-10-19,THEFT
22468,10/19/2022,ASSAULT
22469,19-Oct-2022,THEFT
22470,2022-10-19,OTHER
22471,2022-10-19,DRUG OFFENSE
22472,2022-10-19,ASSAULT
22473,2022-10-19,ROBBERY
22474,2022-10-20,FRAUD
22475,10/20/2022,DRUG OFFENSE
22476,2022-10-20,DRUG OFFENSE
22477,10/20/2022,OTHER
22478,20-Oct-2022,THEFT
22479,10/20/2022,VANDALISM
22480,2022-10-20,ASSAULT
22481,20-Oct-2022,VANDALISM
22482,10/20/2022,OTHER
22483,2022-10-20,ROBBERY
22484,10/20/2022,FRAUD
22485,10/20/2022,BURGLARY
22486,10/20/2022,DRUG OFFENSE
22487,10/20/2022,THEFT
22488,20-Oct-2022,THEFT
22489,20-Oct-2022,FRAUD
22490,10/20/2022,ROBBERY
22491,20-Oct-2022,DRUG OFFENSE
22492,10/20/2022,BURGLARY
22493,20-Oct-2022,BURGLARY
22494,20-Oct-2022,BURGLARY
22495,10/20/2022,OTHER
22496,10/20/2022,BURGLARY
22497,10/20/2022,FRAUD
22498,10/20/2022,THEFT
22499,10/20/2022,BURGLARY
22500,20-Oct-2022,BURGLARY
22501,20-Oct-2022,THEFT
22502,2022-10-20,OTHER
22503,20-Oct-2022,FRAUD
22504,10/20/2022,VANDALISM
22505,20-Oct-2022,VANDALISM
22506,10/20/2022,DRUG OFFENSE
22507,20-Oct-2022,THEFT
22508,20-Oct-2022,VANDALISM
22509,2022-10-20,ROBBERY
22510,2022-10-20,DRUG OFFENSE
22511,20-Oct-2022,ASSAULT
22512,2022-10-20,OTHER
22513,2022-10-20,THEFT
22514,10/20/2022,THEFT
22515,2022-10-20,DRUG OFFENSE
22516,20-Oct-2022,BURGLARY
22517,21-Oct-2022,ASSAULT
22518,21-Oct-2022,BURGLARY
22519,21-Oct-2022,ROBBERY
22520,10/21/2022,OTHER
22521,2022-10-21,THEFT
22522,2022-10-21,BURGLARY
22523,10/21/2022,THEFT
22524,10/21/2022,DRUG OFFENSE
22525,10/21/2022,VANDALISM
22526,2022-10-21,DRUG OFFENSE
22527,21-Oct-2022,ASSAULT
22528,2022-10-21,BURGLARY
22529,21-Oct-2022,BURGLARY
22530,2022-10-21,THEFT
22531,10/21/2022,OTHER
22532,10/21/2022,DRUG OFFENSE
22533,21-Oct-2022,DRUG OFFENSE
22534,10/21/2022,ROBBERY
22535,2022-10-21,THEFT
22536,2022-10-21,THEFT
22537,2022-10-21,VANDALISM
22538,2022-10-21,THEFT
22539,10/21/2022,ROBBERY
22540,21-Oct-2022,ASSAULT
22541,10/21/2022,FRAUD
22542,2022-10-21,OTHER
22543,21-Oct-2022,OTHER
22544,21-Oct-2022,ASSAULT
22545,2022-10-21,OTHER
22546,21-Oct-2022,DRUG OFFENSE
22547,2022-10-21,BURGLARY
22548,2022-10-21,OTHER
22549,2022-10-21,THEFT
22550,10/21/2022,FRAUD
22551,2022-10-21,DRUG OFFENSE
22552,21-Oct-2022,THEFT
22553,21-Oct-2022,DRUG OFFENSE
22554,10/21/2022,ROBBERY
22555,2022-10-21,DRUG OFFENSE
22556,2022-10-21,BURGLARY
22557,21-Oct-2022,BURGLARY
22558,21-Oct-2022,ROBBERY
22559,10/21/2022,BURGLARY
22560,10/21/2022,ROBBERY
22561,10/21/2022,VANDALISM
22562,21-Oct-2022,VANDALISM
22563,10/21/2022,ASSAULT
22564,2022-10-21,BURGLARY
22565,21-Oct-2022,FRAUD
22566,21-Oct-2022,BURGLARY
22567,22-Oct-2022,OTHER
22568,10/22/2022,DRUG OFFENSE
22569,10/22/2022,VANDALISM
22570,2022-10-22,DRUG OFFENSE
22571,10/22/2022,THEFT
22572,22-Oct-2022,ROBBERY
22573,2022-10-22,DRUG OFFENSE
22574,10/22/2022,THEFT
22575,10/22/2022,BURGLARY
22576,2022-10-22,DRUG OFFENSE
22577,10/22/2022,BURGLARY
22578,2022-10-22,BURGLARY
22579,10/22/2022,VANDALISM
22580,10/22/2022,DRUG OFFENSE
22581,10/22/2022,BURGLARY
22582,2022-10-22,THEFT
22583,10/22/2022,DRUG OFFENSE
22584,10/22/2022,VANDALISM
22585,22-Oct-2022,VANDALISM
22586,2022-10-22,THEFT
22587,10/22/2022,ASSAULT
22588,22-Oct-2022,ASSAULT
22589,10/22/2022,ASSAULT
22590,22-Oct-2022,THEFT
22591,10/22/2022,VANDALISM
22592,10/22/2022,VANDALISM
22593,22-Oct-2022,ASSAULT
22594,10/22/2022,BURGLARY
22595,10/22/2022,ASSAULT
22596,2022-10-22,BURGLARY
22597,2022-10-22,FRAUD
22598,10/22/2022,OTHER
22599,10/22/2022,ASSAULT
22600,22-Oct-2022,ASSAULT
22601,2022-10-22,BURGLARY
22602,2022-10-22,OTHER
22603,22-Oct-2022,VANDALISM
22604,22-Oct-2022,DRUG OFFENSE
22605,10/22/2022,OTHER
22606,2022-10-22,BURGLARY
22607,22-Oct-2022,THEFT
22608,10/22/2022,ROBBERY
22609,22-Oct-2022,ROBBERY
22610,22-Oct-2022,VANDALISM
22611,22-Oct-2022,FRAUD
22612,2022-10-22,FRAUD
22613,22-Oct-2022,VANDALISM
22614,2022-10-23,VANDALISM
22615,23-Oct-2022,DRUG OFFENSE
22616,23-Oct-2022,FRAUD
22617,2022-10-23,BURGLARY
22618,10/23/2022,OTHER
22619,10/23/2022,DRUG OFFENSE
22620,10/23/2022,BURGLARY
22621,10/23/2022,OTHER
22622,2022-10-23,OTHER
22623,23-Oct-2022,ASSAULT
22624,10/23/2022,DRUG OFFENSE
22625,2022-10-23,DRUG OFFENSE
22626,2022-10-23,OTHER
22627,2022-10-23,DRUG OFFENSE
22628,10/23/2022,OTHER
22629,10/23/2022,THEFT
22630,2022-10-23,FRAUD
22631,10/23/2022,OTHER
22632,2022-10-23,BURGLARY
22633,23-Oct-2022,BURGLARY
22634,10/23/2022,ASSAULT
22635,23-Oct-2022,BURGLARY
22636,23-Oct-2022,THEFT
22637,23-Oct-2022,ROBBERY
22638,10/23/2022,OTHER
22639,23-Oct-2022,DRUG OFFENSE
22640,10/23/2022,THEFT
22641,10/23/2022,ASSAULT
22642,10/23/2022,THEFT
22643,23-Oct-2022,FRAUD
22644,10/23/2022,DRUG OFFENSE
22645,2022-10-23,ROBBERY
22646,2022-10-23,ROBBERY
22647,2022-10-23,BURGLARY
22648,2022-10-23,VANDALISM
22649,10/23/2022,DRUG OFFENSE
22650,10/23/2022,VANDALISM
22651,10/23/2022,ASSAULT
22652,10/23/2022,THEFT
22653,23-Oct-2022,FRAUD
22654,23-Oct-2022,DRUG OFFENSE
22655,10/23/2022,ASSAULT
22656,2022-10-23,ROBBERY
22657,2022-10-24,FRAUD
22658,10/24/2022,FRAUD
22659,10/24/2022,ASSAULT
22660,24-Oct-2022,ASSAULT
22661,10/24/2022,ROBBERY
22662,10/24/2022,BURGLARY
22663,24-Oct-2022,THEFT
22664,2022-10-24,OTHER
22665,24-Oct-2022,ROBBERY
22666,10/24/2022,DRUG OFFENSE
22667,10/24/2022,ROBBERY
22668,24-Oct-2022,THEFT
22669,24-Oct-2022,VANDALISM
22670,24-Oct-2022,DRUG OFFENSE
22671,10/24/2022,FRAUD
22672,2022-10-24,THEFT
22673,10/24/2022,BURGLARY
22674,10/24/2022,DRUG OFFENSE
22675,24-Oct-2022,ROBBERY
22676,2022-10-24,THEFT
22677,2022-10-24,FRAUD
22678,10/24/2022,THEFT
22679,10/24/2022,DRUG OFFENSE
22680,10/24/2022,DRUG OFFENSE
22681,24-Oct-2022,OTHER
22682,24-Oct-2022,DRUG OFFENSE
22683,10/24/2022,OTHER
22684,2022-10-24,ASSAULT
22685,10/24/2022,OTHER
22686,10/24/2022,DRUG OFFENSE
22687,10/24/2022,ASSAULT
22688,10/24/2022,BURGLARY
22689,24-Oct-2022,ASSAULT
22690,10/24/2022,THEFT
22691,2022-10-24,BURGLARY
22692,24-Oct-2022,ASSAULT
22693,10/24/2022,OTHER
22694,24-Oct-2022,FRAUD
22695,2022-10-24,ASSAULT
22696,10/24/2022,BURGLARY
22697,10/24/2022,VANDALISM
22698,24-Oct-2022,THEFT
22699,2022-10-24,BURGLARY
22700,24-Oct-2022,OTHER
22701,10/24/2022,THEFT
22702,10/25/2022,BURGLARY
22703,10/25/2022,BURGLARY
22704,25-Oct-2022,FRAUD
22705,10/25/2022,BURGLARY
22706,10/25/2022,ROBBERY
22707,2022-10-25,ROBBERY
22708,10/25/2022,BURGLARY
22709,2022-10-25,THEFT
22710,25-Oct-2022,BURGLARY
22711,25-Oct-2022,ROBBERY
22712,2022-10-25,FRAUD
22713,25-Oct-2022,FRAUD
22714,25-Oct-2022,FRAUD
22715,25-Oct-2022,ROBBERY
22716,25-Oct-2022,FRAUD
22717,2022-10-25,ASSAULT
22718,25-Oct-2022,ROBBERY
22719,25-Oct-2022,THEFT
22720,2022-10-25,THEFT
22721,25-Oct-2022,ROBBERY
22722,25-Oct-2022,ROBBERY
22723,10/25/2022,FRAUD
22724,25-Oct-2022,OTHER
22725,25-Oct-2022,OTHER
22726,25-Oct-2022,DRUG OFFENSE
22727,2022-10-25,THEFT
22728,25-Oct-2022,THEFT
22729,10/25/2022,OTHER
22730,10/25/2022,BURGLARY
22731,2022-10-25,FRAUD
22732,10/25/2022,OTHER
22733,2022-10-25,DRUG OFFENSE
22734,25-Oct-2022,THEFT
22735,2022-10-25,BURGLARY
22736,2022-10-25,FRAUD
22737,2022-10-25,THEFT
22738,2022-10-25,THEFT
22739,10/25/2022,THEFT
22740,10/25/2022,OTHER
22741,25-Oct-2022,FRAUD
22742,2022-10-25,FRAUD
22743,10/25/2022,ROBBERY
22744,25-Oct-2022,BURGLARY
22745,10/25/2022,VANDALISM
22746,10/25/2022,ASSAULT
22747,2022-10-25,ASSAULT
22748,2022-10-25,FRAUD
22749,25-Oct-2022,DRUG OFFENSE
22750,25-Oct-2022,THEFT
22751,25-Oct-2022,DRUG OFFENSE
22752,26-Oct-2022,ROBBERY
22753,10/26/2022,FRAUD
22754,26-Oct-2022,FRAUD
22755,10/26/2022,ASSAULT
22756,10/26/2022,THEFT
22757,26-Oct-2022,ASSAULT
22758,26-Oct-2022,DRUG OFFENSE
22759,26-Oct-2022,DRUG OFFENSE
22760,26-Oct-2022,ASSAULT
22761,26-Oct-2022,THEFT
22762,2022-10-26,DRUG OFFENSE
22763,2022-10-26,DRUG OFFENSE
22764,2022-10-26,ASSAULT
22765,26-Oct-2022,FRAUD
22766,10/26/2022,ROBBERY
22767,2022-10-26,BURGLARY
22768,10/26/2022,THEFT
22769,2022-10-26,BURGLARY
22770,10/26/2022,ASSAULT
22771,26-Oct-2022,THEFT
22772,26-Oct-2022,ASSAULT
22773,26-Oct-2022,ASSAULT
22774,26-Oct-2022,VANDALISM
22775,10/26/2022,ROBBERY
22776,2022-10-26,ASSAULT
22777,26-Oct-2022,ROBBERY
22778,10/26/2022,ROBBERY
22779,2022-10-26,DRUG OFFENSE
22780,10/26/2022,DRUG OFFENSE
22781,26-Oct-2022,BURGLARY
22782,10/26/2022,BURGLARY
22783,2022-10-26,FRAUD
22784,10/26/2022,ASSAULT
22785,10/26/2022,BURGLARY
22786,26-Oct-2022,OTHER
22787,2022-10-26,OTHER
22788,26-Oct-2022,ROBBERY
22789,10/26/2022,VANDALISM
22790,10/26/2022,FRAUD
22791,26-Oct-2022,BURGLARY
22792,10/26/2022,ROBBERY
22793,2022-10-27,ROBBERY
22794,27-Oct-2022,FRAUD
22795,27-Oct-2022,FRAUD
22796,10/27/2022,VANDALISM
22797,2022-10-27,THEFT
22798,10/27/2022,FRAUD
22799,10/27/2022,ROBBERY
22800,2022-10-27,BURGLARY
22801,10/27/2022,OTHER
22802,27-Oct-2022,THEFT
22803,27-Oct-2022,ASSAULT
22804,27-Oct-2022,OTHER
22805,2022-10-27,THEFT
22806,27-Oct-2022,FRAUD
22807,27-Oct-2022,FRAUD
22808,10/27/2022,ASSAULT
22809,27-Oct-2022,ROBBERY
22810,10/27/2022,ASSAULT
22811,27-Oct-2022,ROBBERY
22812,10/27/2022,ASSAULT
22813,27-Oct-2022,DRUG OFFENSE
22814,2022-10-27,THEFT
22815,2022-10-27,VANDALISM
22816,27-Oct-2022,DRUG OFFENSE
22817,10/27/2022,VANDALISM
22818,27-Oct-2022,DRUG OFFENSE
22819,27-Oct-2022,THEFT
22820,2022-10-27,VANDALISM
22821,27-Oct-2022,ASSAULT
22822,2022-10-27,VANDALISM
22823,2022-10-27,DRUG OFFENSE
22824,10/27/2022,ROBBERY
22825,2022-10-27,ROBBERY
22826,10/27/2022,OTHER
22827,27-Oct-2022,OTHER
22828,10/27/2022,BURGLARY
22829,2022-10-27,VANDALISM
22830,10/27/2022,FRAUD
22831,27-Oct-2022,BURGLARY
22832,10/27/2022,ROBBERY
22833,27-Oct-2022,ASSAULT
22834,10/27/2022,OTHER
22835,10/28/2022,ASSAULT
22836,2022-10-28,VANDALISM
22837,28-Oct-2022,BURGLARY
22838,28-Oct-2022,THEFT
22839,2022-10-28,THEFT
22840,10/28/2022,BURGLARY
22841,2022-10-28,ASSAULT
22842,10/28/2022,DRUG OFFENSE
22843,2022-10-28,FRAUD
22844,2022-10-28,VANDALISM
22845,28-Oct-2022,OTHER
22846,10/28/2022,VANDALISM
22847,10/28/2022,OTHER
22848,28-Oct-2022,OTHER
22849,28-Oct-2022,DRUG OFFENSE
22850,2022-10-28,OTHER
22851,2022-10-28,THEFT
22852,10/28/2022,THEFT
22853,28-Oct-2022,OTHER
22854,10/28/2022,ASSAULT
22855,10/28/2022,DRUG OFFENSE
22856,10/28/2022,OTHER
22857,28-Oct-2022,THEFT
22858,28-Oct-2022,ASSAULT
22859,10/28/2022,ROBBERY
22860,28-Oct-2022,FRAUD
22861,10/28/2022,OTHER
22862,28-Oct-2022,OTHER
22863,28-Oct-2022,ROBBERY
22864,10/28/2022,ASSAULT
22865,28-Oct-2022,DRUG OFFENSE
22866,10/28/2022,VANDALISM
22867,28-Oct-2022,THEFT
22868,10/29/2022,OTHER
22869,29-Oct-2022,FRAUD
22870,2022-10-29,FRAUD
22871,29-Oct-2022,VANDALISM
22872,2022-10-29,VANDALISM
22873,2022-10-29,ASSAULT
22874,2022-10-29,BURGLARY
22875,10/29/2022,VANDALISM
22876,29-Oct-2022,FRAUD
22877,10/29/2022,THEFT
22878,10/29/2022,DRUG OFFENSE
22879,10/29/2022,BURGLARY
22880,29-Oct-2022,ROBBERY
22881,29-Oct-2022,FRAUD
22882,2022-10-29,ASSAULT
22883,10/29/2022,VANDALISM
22884,10/29/2022,BURGLARY
22885,10/29/2022,OTHER
22886,10/29/2022,DRUG OFFENSE
22887,2022-10-29,FRAUD
22888,2022-10-29,ROBBERY
22889,29-Oct-2022,ROBBERY
22890,10/29/2022,VANDALISM
22891,10/29/2022,BURGLARY
22892,10/29/2022,ASSAULT
22893,29-Oct-2022,DRUG OFFENSE
22894,29-Oct-2022,ROBBERY
22895,29-Oct-2022,ROBBERY
22896,10/29/2022,ASSAULT
22897,2022-10-29,ROBBERY
22898,2022-10-29,FRAUD
22899,29-Oct-2022,DRUG OFFENSE
22900,2022-10-29,BURGLARY
22901,10/29/2022,OTHER
22902,29-Oct-2022,VANDALISM
22903,29-Oct-2022,DRUG OFFENSE
22904,29-Oct-2022,VANDALISM
22905,2022-10-29,ASSAULT
22906,29-Oct-2022,DRUG OFFENSE
22907,10/29/2022,THEFT
22908,10/29/2022,DRUG OFFENSE
22909,29-Oct-2022,FRAUD
22910,2022-10-29,VANDALISM
22911,29-Oct-2022,OTHER
22912,30-Oct-2022,OTHER
22913,30-Oct-2022,ASSAULT
22914,2022-10-30,FRAUD
22915,2022-10-30,THEFT
22916,2022-10-30,ROBBERY
22917,30-Oct-2022,VANDALISM
22918,10/30/2022,OTHER
22919,10/30/2022,DRUG OFFENSE
22920,2022-10-30,ROBBERY
22921,30-Oct-2022,OTHER
22922,10/30/2022,OTHER
22923,2022-10-30,BURGLARY
22924,2022-10-30,THEFT
22925,30-Oct-2022,ASSAULT
22926,30-Oct-2022,ROBBERY
22927,30-Oct-2022,FRAUD
22928,2022-10-30,BURGLARY
22929,2022-10-30,VANDALISM
22930,2022-10-30,FRAUD
22931,10/30/2022,ROBBERY
22932,10/30/2022,ASSAULT
22933,10/30/2022,OTHER
22934,2022-10-30,THEFT
22935,2022-10-30,OTHER
22936,10/30/2022,ROBBERY
22937,2022-10-30,THEFT
22938,2022-10-30,DRUG OFFENSE
22939,30-Oct-2022,BURGLARY
22940,30-Oct-2022,DRUG OFFENSE
22941,10/30/2022,VANDALISM
22942,30-Oct-2022,OTHER
22943,10/30/2022,VANDALISM
22944,30-Oct-2022,VANDALISM
22945,10/30/2022,FRAUD
22946,10/30/2022,BURGLARY
22947,10/30/2022,BURGLARY
22948,2022-10-30,THEFT
22949,2022-10-30,VANDALISM
22950,10/30/2022,VANDALISM
22951,10/30/2022,DRUG OFFENSE
22952,30-Oct-2022,BURGLARY
22953,30-Oct-2022,THEFT
22954,10/30/2022,DRUG OFFENSE
22955,2022-10-30,THEFT
22956,2022-10-30,OTHER
22957,10/30/2022,DRUG OFFENSE
22958,30-Oct-2022,OTHER
22959,2022-10-30,DRUG OFFENSE
22960,2022-10-30,ROBBERY
22961,31-Oct-2022,ASSAULT
22962,10/31/2022,ROBBERY
22963,2022-10-31,DRUG OFFENSE
22964,31-Oct-2022,OTHER
22965,10/31/2022,ASSAULT
22966,10/31/2022,DRUG OFFENSE
22967,10/31/2022,THEFT
22968,10/31/2022,OTHER
22969,10/31/2022,FRAUD
22970,31-Oct-2022,BURGLARY
22971,10/31/2022,OTHER
22972,2022-10-31,DRUG OFFENSE
22973,10/31/2022,BURGLARY
22974,10/31/2022,ROBBERY
22975,31-Oct-2022,OTHER
22976,31-Oct-2022,THEFT
22977,2022-10-31,DRUG OFFENSE
22978,2022-10-31,FRAUD
22979,31-Oct-2022,BURGLARY
22980,10/31/2022,THEFT
22981,2022-10-31,ASSAULT
22982,10/31/2022,ROBBERY
22983,31-Oct-2022,FRAUD
22984,10/31/2022,VANDALISM
22985,10/31/2022,OTHER
22986,31-Oct-2022,BURGLARY
22987,10/31/2022,ROBBERY
22988,10/31/2022,BURGLARY
22989,10/31/2022,VANDALISM
22990,2022-10-31,ASSAULT
22991,10/31/2022,ROBBERY
22992,10/31/2022,THEFT
22993,31-Oct-2022,DRUG OFFENSE
22994,2022-11-01,ROBBERY
22995,2022-11-01,VANDALISM
22996,11/01/2022,ASSAULT
22997,01-Nov-2022,THEFT
22998,2022-11-01,OTHER
22999,01-Nov-2022,OTHER
23000,11/01/2022,BURGLARY
23001,11/01/2022,FRAUD
23002,2022-11-01,ROBBERY
23003,2022-11-01,DRUG OFFENSE
23004,01-Nov-2022,ROBBERY
23005,11/01/2022,OTHER
23006,11/01/2022,THEFT
23007,2022-11-01,VANDALISM
23008,01-Nov-2022,FRAUD
23009,2022-11-01,FRAUD
23010,01-Nov-2022,VANDALISM
23011,2022-11-01,BURGLARY
23012,2022-11-01,VANDALISM
23013,11/01/2022,OTHER
23014,11/01/2022,ROBBERY
23015,2022-11-01,BURGLARY
23016,01-Nov-2022,THEFT
23017,2022-11-01,ASSAULT
23018,01-Nov-2022,OTHER
23019,11/01/2022,THEFT
23020,2022-11-01,FRAUD
23021,2022-11-01,ASSAULT
23022,11/01/2022,ASSAULT
23023,01-Nov-2022,ROBBERY
23024,2022-11-01,BURGLARY
23025,01-Nov-2022,FRAUD
23026,11/01/2022,THEFT
23027,01-Nov-2022,ROBBERY
23028,2022-11-01,FRAUD
23029,01-Nov-2022,THEFT
23030,11/02/2022,FRAUD
23031,2022-11-02,FRAUD
23032,02-Nov-2022,FRAUD
23033,2022-11-02,THEFT
23034,11/02/2022,ASSAULT
23035,11/02/2022,FRAUD
23036,02-Nov-2022,VANDALISM
23037,02-Nov-2022,THEFT
23038,11/02/2022,BURGLARY
23039,2022-11-02,THEFT
23040,02-Nov-2022,ROBBERY
23041,02-Nov-2022,OTHER
23042,02-Nov-2022,FRAUD
23043,11/02/2022,BURGLARY
23044,2022-11-02,VANDALISM
23045,2022-11-02,BURGLARY
23046,11/02/2022,BURGLARY
23047,2022-11-02,OTHER
23048,11/02/2022,FRAUD
23049,2022-11-02,DRUG OFFENSE
23050,2022-11-02,OTHER
23051,2022-11-02,ROBBERY
23052,2022-11-02,FRAUD
23053,02-Nov-2022,OTHER
23054,2022-11-02,ASSAULT
23055,2022-11-02,DRUG OFFENSE
23056,2022-11-02,FRAUD
23057,2022-11-02,FRAUD
23058,02-Nov-2022,ROBBERY
23059,11/02/2022,VANDALISM
23060,11/02/2022,DRUG OFFENSE
23061,11/02/2022,ASSAULT
23062,02-Nov-2022,OTHER
23063,2022-11-02,DRUG OFFENSE
23064,02-Nov-2022,OTHER
23065,02-Nov-2022,ASSAULT
23066,2022-11-02,VANDALISM
23067,11/02/2022,VANDALISM
23068,2022-11-02,THEFT
23069,11/02/2022,VANDALISM
23070,11/02/2022,DRUG OFFENSE
23071,11/02/2022,OTHER
23072,11/02/2022,THEFT
23073,2022-11-03,ROBBERY
23074,11/03/2022,ROBBERY
23075,2022-11-03,FRAUD
23076,11/03/2022,ASSAULT
23077,11/03/2022,OTHER
23078,03-Nov-2022,FRAUD
23079,2022-11-03,ASSAULT
23080,03-Nov-2022,FRAUD
23081,2022-11-03,ROBBERY
23082,11/03/2022,BURGLARY
23083,11/03/2022,BURGLARY
23084,11/03/2022,VANDALISM
23085,11/03/2022,OTHER
23086,03-Nov-2022,OTHER
23087,2022-11-03,DRUG OFFENSE
23088,11/03/2022,VANDALISM
23089,03-Nov-2022,DRUG OFFENSE
23090,2022-11-03,FRAUD
23091,2022-11-03,BURGLARY
23092,11/03/2022,ASSAULT
23093,03-Nov-2022,THEFT
23094,03-Nov-2022,ROBBERY
23095,11/03/2022,VANDALISM
23096,11/03/2022,DRUG OFFENSE
23097,03-Nov-2022,DRUG OFFENSE
23098,11/03/2022,BURGLARY
23099,11/03/2022,ROBBERY
23100,11/03/2022,DRUG OFFENSE
23101,2022-11-03,ROBBERY
23102,11/04/2022,ASSAULT
23103,04-Nov-2022,BURGLARY
23104,04-Nov-2022,ASSAULT
23105,11/04/2022,ROBBERY
23106,2022-11-04,OTHER
23107,11/04/2022,FRAUD
23108,11/04/2022,VANDALISM
23109,04-Nov-2022,VANDALISM
23110,04-Nov-2022,ASSAULT
23111,11/04/2022,ASSAULT
23112,11/04/2022,FRAUD
23113,04-Nov-2022,OTHER
23114,2022-11-04,VANDALISM
23115,2022-11-04,DRUG OFFENSE
23116,11/04/2022,VANDALISM
23117,11/04/2022,THEFT
23118,04-Nov-2022,VANDALISM
23119,2022-11-04,VANDALISM
23120,04-Nov-2022,ROBBERY
23121,11/04/2022,VANDALISM
23122,11/04/2022,ASSAULT
23123,11/04/2022,DRUG OFFENSE
23124,04-Nov-2022,VANDALISM
23125,2022-11-04,ROBBERY
23126,11/04/2022,ROBBERY
23127,11/04/2022,ROBBERY
23128,11/04/2022,ROBBERY
23129,2022-11-04,BURGLARY
23130,11/04/2022,VANDALISM
23131,04-Nov-2022,ASSAULT
23132,11/04/2022,THEFT
23133,11/04/2022,FRAUD
23134,04-Nov-2022,ASSAULT
23135,2022-11-04,VANDALISM
23136,11/04/2022,ROBBERY
23137,04-Nov-2022,DRUG OFFENSE
23138,2022-11-04,ROBBERY
23139,11/04/2022,VANDALISM
23140,04-Nov-2022,ASSAULT
23141,04-Nov-2022,THEFT
23142,11/04/2022,VANDALISM
23143,11/04/2022,ASSAULT
23144,04-Nov-2022,ROBBERY
23145,11/04/2022,ASSAULT
23146,04-Nov-2022,BURGLARY
23147,11/04/2022,THEFT
23148,05-Nov-2022,FRAUD
23149,2022-11-05,VANDALISM
23150,11/05/2022,FRAUD
23151,11/05/2022,ROBBERY
23152,2022-11-05,ROBBERY
23153,05-Nov-2022,THEFT
23154,05-Nov-2022,FRAUD
23155,05-Nov-2022,VANDALISM
23156,11/05/2022,ROBBERY
23157,11/05/2022,ASSAULT
23158,11/05/2022,THEFT
23159,11/05/2022,VANDALISM
23160,11/05/2022,THEFT
23161,11/05/2022,OTHER
23162,11/05/2022,ROBBERY
23163,05-Nov-2022,OTHER
23164,2022-11-05,BURGLARY
23165,2022-11-05,VANDALISM
23166,05-Nov-2022,ASSAULT
23167,11/05/2022,ROBBERY
23168,11/05/2022,DRUG OFFENSE
23169,05-Nov-2022,FRAUD
23170,05-Nov-2022,DRUG OFFENSE
23171,11/05/2022,VANDALISM
23172,11/05/2022,OTHER
23173,05-Nov-2022,ROBBERY
23174,05-Nov-2022,THEFT
23175,05-Nov-2022,ASSAULT
23176,05-Nov-2022,VANDALISM
23177,11/05/2022,ROBBERY
23178,05-Nov-2022,DRUG OFFENSE
23179,2022-11-05,FRAUD
23180,2022-11-05,VANDALISM
23181,05-Nov-2022,ROBBERY
23182,05-Nov-2022,THEFT
23183,05-Nov-2022,FRAUD
23184,11/05/2022,THEFT
23185,05-Nov-2022,VANDALISM
23186,11/05/2022,THEFT
23187,11/05/2022,ASSAULT
23188,11/05/2022,FRAUD
23189,11/05/2022,ASSAULT
23190,11/05/2022,ASSAULT
23191,05-Nov-2022,THEFT
23192,2022-11-05,OTHER
23193,11/06/2022,ASSAULT
23194,11/06/2022,ROBBERY
23195,2022-11-06,VANDALISM
23196,11/06/2022,FRAUD
23197,2022-11-06,DRUG OFFENSE
23198,2022-11-06,DRUG OFFENSE
23199,11/06/2022,THEFT
23200,2022-11-06,THEFT
23201,11/06/2022,ROBBERY
23202,11/06/2022,OTHER
23203,11/06/2022,VANDALISM
23204,06-Nov-2022,OTHER
23205,06-Nov-2022,FRAUD
23206,06-Nov-2022,VANDALISM
23207,11/06/2022,THEFT
23208,11/06/2022,VANDALISM
23209,11/06/2022,THEFT
23210,06-Nov-2022,DRUG OFFENSE
23211,2022-11-06,ASSAULT
23212,11/06/2022,BURGLARY
23213,2022-11-06,ROBBERY
23214,2022-11-06,VANDALISM
23215,11/06/2022,ROBBERY
23216,11/06/2022,VANDALISM
23217,06-Nov-2022,DRUG OFFENSE
23218,06-Nov-2022,ASSAULT
23219,11/06/2022,VANDALISM
23220,11/06/2022,BURGLARY
23221,2022-11-06,FRAUD
23222,11/06/2022,ASSAULT
23223,11/06/2022,ASSAULT
23224,06-Nov-2022,BURGLARY
23225,11/06/2022,ROBBERY
23226,06-Nov-2022,OTHER
23227,11/06/2022,THEFT
23228,06-Nov-2022,DRUG OFFENSE
23229,06-Nov-2022,DRUG OFFENSE
23230,11/06/2022,THEFT
23231,11/06/2022,ASSAULT
23232,2022-11-06,FRAUD
23233,2022-11-06,OTHER
23234,11/06/2022,BURGLARY
23235,06-Nov-2022,OTHER
23236,2022-11-06,FRAUD
23237,11/07/2022,FRAUD
23238,07-Nov-2022,ROBBERY
23239,11/07/2022,ROBBERY
23240,07-Nov-2022,ROBBERY
23241,2022-11-07,DRUG OFFENSE
23242,07-Nov-2022,FRAUD
23243,11/07/2022,ROBBERY
23244,11/07/2022,THEFT
23245,2022-11-07,ROBBERY
23246,07-Nov-2022,ASSAULT
23247,07-Nov-2022,ROBBERY
23248,11/07/2022,THEFT
23249,11/07/2022,FRAUD
23250,07-Nov-2022,OTHER
23251,2022-11-07,ASSAULT
23252,11/07/2022,BURGLARY
23253,11/07/2022,ROBBERY
23254,2022-11-07,VANDALISM
23255,11/07/2022,OTHER
23256,2022-11-07,ROBBERY
23257,11/07/2022,ROBBERY
23258,11/07/2022,DRUG OFFENSE
23259,07-Nov-2022,OTHER
23260,2022-11-07,ASSAULT
23261,07-Nov-2022,FRAUD
23262,2022-11-07,ASSAULT
23263,11/07/2022,DRUG OFFENSE
23264,2022-11-07,ASSAULT
23265,11/07/2022,ROBBERY
23266,11/07/2022,BURGLARY
23267,08-Nov-2022,VANDALISM
23268,11/08/2022,VANDALISM
23269,08-Nov-2022,DRUG OFFENSE
23270,11/08/2022,THEFT
23271,2022-11-08,BURGLARY
23272,11/08/2022,ASSAULT
23273,11/08/2022,VANDALISM
23274,2022-11-08,ASSAULT
23275,11/08/2022,OTHER
23276,2022-11-08,VANDALISM
23277,08-Nov-2022,VANDALISM
23278,11/08/2022,ASSAULT
23279,08-Nov-2022,FRAUD
23280,08-Nov-2022,ROBBERY
23281,2022-11-08,THEFT
23282,11/08/2022,THEFT
23283,2022-11-08,BURGLARY
23284,2022-11-08,ASSAULT
23285,11/08/2022,OTHER
23286,2022-11-08,ROBBERY
23287,11/08/2022,BURGLARY
23288,2022-11-08,BURGLARY
23289,2022-11-08,FRAUD
23290,11/08/2022,VANDALISM
23291,08-Nov-2022,OTHER
23292,08-Nov-2022,FRAUD
23293,2022-11-08,OTHER
23294,11/08/2022,OTHER
23295,11/08/2022,ASSAULT
23296,11/08/2022,ROBBERY
23297,08-Nov-2022,ROBBERY
23298,08-Nov-2022,OTHER
23299,11/08/2022,VANDALISM
23300,2022-11-08,BURGLARY
23301,11/08/2022,THEFT
23302,2022-11-08,BURGLARY
23303,11/09/2022,FRAUD
23304,11/09/2022,BURGLARY
23305,09-Nov-2022,OTHER
23306,2022-11-09,ROBBERY
23307,2022-11-09,ASSAULT
23308,11/09/2022,VANDALISM
23309,11/09/2022,THEFT
23310,2022-11-09,OTHER
23311,09-Nov-2022,OTHER
23312,09-Nov-2022,FRAUD
23313,2022-11-09,VANDALISM
23314,09-Nov-2022,FRAUD
23315,2022-11-09,THEFT
23316,2022-11-09,OTHER
23317,2022-11-09,ASSAULT
23318,09-Nov-2022,DRUG OFFENSE
23319,09-Nov-2022,ASSAULT
23320,2022-11-09,ROBBERY
23321,2022-11-09,VANDALISM
23322,11/09/2022,OTHER
23323,11/09/2022,DRUG OFFENSE
23324,09-Nov-2022,DRUG OFFENSE
23325,11/09/2022,VANDALISM
23326,09-Nov-2022,DRUG OFFENSE
23327,09-Nov-2022,THEFT
23328,11/09/2022,DRUG OFFENSE
23329,11/09/2022,THEFT
23330,2022-11-09,ASSAULT
23331,09-Nov-2022,ASSAULT
23332,11/09/2022,OTHER
23333,09-Nov-2022,ASSAULT
23334,2022-11-09,OTHER
23335,2022-11-10,DRUG OFFENSE
23336,11/10/2022,THEFT
23337,10-Nov-2022,VANDALISM
23338,2022-11-10,BURGLARY
23339,11/10/2022,OTHER
23340,10-Nov-2022,ROBBERY
23341,11/10/2022,THEFT
23342,2022-11-10,ASSAULT
23343,10-Nov-2022,FRAUD
23344,2022-11-10,BURGLARY
23345,10-Nov-2022,FRAUD
23346,10-Nov-2022,FRAUD
23347,10-Nov-2022,OTHER
23348,2022-11-10,ROBBERY
23349,2022-11-10,OTHER
23350,10-Nov-2022,OTHER
23351,10-Nov-2022,DRUG OFFENSE
23352,11/10/2022,OTHER
23353,10-Nov-2022,OTHER
23354,2022-11-10,ROBBERY
23355,10-Nov-2022,THEFT
23356,10-Nov-2022,THEFT
23357,10-Nov-2022,BURGLARY
23358,10-Nov-2022,ASSAULT
23359,11/10/2022,ASSAULT
23360,2022-11-10,ROBBERY
23361,2022-11-10,OTHER
23362,11/10/2022,DRUG OFFENSE
23363,10-Nov-2022,VANDALISM
23364,11/10/2022,THEFT
23365,11/10/2022,OTHER
23366,10-Nov-2022,ASSAULT
23367,2022-11-10,DRUG OFFENSE
23368,2022-11-10,THEFT
23369,2022-11-10,ROBBERY
23370,10-Nov-2022,VANDALISM
23371,2022-11-10,ROBBERY
23372,11/10/2022,DRUG OFFENSE
23373,11/10/2022,FRAUD
23374,11/10/2022,THEFT
23375,11/10/2022,ROBBERY
23376,11/10/2022,BURGLARY
23377,11/11/2022,VANDALISM
23378,11/11/2022,FRAUD
23379,2022-11-11,BURGLARY
23380,2022-11-11,OTHER
23381,2022-11-11,BURGLARY
23382,2022-11-11,ASSAULT
23383,11-Nov-2022,BURGLARY
23384,11/11/2022,BURGLARY
23385,11-Nov-2022,THEFT
23386,11-Nov-2022,DRUG OFFENSE
23387,11-Nov-2022,DRUG OFFENSE
23388,11-Nov-2022,DRUG OFFENSE
23389,11-Nov-2022,FRAUD
23390,2022-11-11,OTHER
23391,11-Nov-2022,THEFT
23392,11-Nov-2022,OTHER
23393,11-Nov-2022,DRUG OFFENSE
23394,2022-11-11,THEFT
23395,11-Nov-2022,THEFT
23396,11-Nov-2022,DRUG OFFENSE
23397,11/11/2022,BURGLARY
23398,11/11/2022,FRAUD
23399,11-Nov-2022,THEFT
23400,11/11/2022,VANDALISM
23401,11-Nov-2022,FRAUD
23402,11-Nov-2022,ASSAULT
23403,11/11/2022,DRUG OFFENSE
23404,2022-11-11,OTHER
23405,11-Nov-2022,ROBBERY
23406,2022-11-11,ROBBERY
23407,2022-11-11,OTHER
23408,2022-11-11,DRUG OFFENSE
23409,11/11/2022,THEFT
23410,11-Nov-2022,THEFT
23411,2022-11-11,ROBBERY
23412,11/11/2022,ROBBERY
23413,11/11/2022,FRAUD
23414,11/11/2022,ASSAULT
23415,11-Nov-2022,DRUG OFFENSE
23416,11/12/2022,DRUG OFFENSE
23417,11/12/2022,FRAUD
23418,2022-11-12,BURGLARY
23419,12-Nov-2022,OTHER
23420,11/12/2022,ASSAULT
23421,2022-11-12,THEFT
23422,2022-11-12,ASSAULT
23423,11/12/2022,ASSAULT
23424,12-Nov-2022,FRAUD
23425,2022-11-12,DRUG OFFENSE
23426,2022-11-12,BURGLARY
23427,2022-11-12,BURGLARY
23428,12-Nov-2022,DRUG OFFENSE
23429,11/12/2022,OTHER
23430,2022-11-12,DRUG OFFENSE
23431,11/12/2022,ASSAULT
23432,11/12/2022,THEFT
23433,12-Nov-2022,DRUG OFFENSE
23434,2022-11-12,BURGLARY
23435,11/12/2022,ROBBERY
23436,11/12/2022,ASSAULT
23437,11/12/2022,FRAUD
23438,2022-11-12,OTHER
23439,11/12/2022,THEFT
23440,11/12/2022,ROBBERY
23441,2022-11-12,ROBBERY
23442,12-Nov-2022,DRUG OFFENSE
23443,11/12/2022,OTHER
23444,12-Nov-2022,FRAUD
23445,11/12/2022,VANDALISM
23446,2022-11-12,OTHER
23447,2022-11-12,THEFT
23448,11/12/2022,BURGLARY
23449,11/12/2022,ROBBERY
23450,12-Nov-2022,THEFT
23451,12-Nov-2022,BURGLARY
23452,11/12/2022,BURGLARY
23453,2022-11-12,THEFT
23454,2022-11-13,BURGLARY
23455,11/13/2022,THEFT
23456,2022-11-13,VANDALISM
23457,2022-11-13,THEFT
23458,11/13/2022,OTHER
23459,13-Nov-2022,ASSAULT
23460,2022-11-13,ROBBERY
23461,2022-11-13,BURGLARY
23462,2022-11-13,FRAUD
23463,11/13/2022,OTHER
23464,13-Nov-2022,ASSAULT
23465,11/13/2022,OTHER
23466,11/13/2022,VANDALISM
23467,13-Nov-2022,VANDALISM
23468,2022-11-13,VANDALISM
23469,11/13/2022,BURGLARY
23470,2022-11-13,VANDALISM
23471,11/13/2022,FRAUD
23472,11/13/2022,VANDALISM
23473,13-Nov-2022,ASSAULT
23474,13-Nov-2022,VANDALISM
23475,2022-11-13,VANDALISM
23476,2022-11-13,FRAUD
23477,11/13/2022,DRUG OFFENSE
23478,13-Nov-2022,FRAUD
23479,11/13/2022,DRUG OFFENSE
23480,11/13/2022,DRUG OFFENSE
23481,2022-11-13,VANDALISM
23482,2022-11-13,VANDALISM
23483,11/13/2022,ASSAULT
23484,11/13/2022,OTHER
23485,2022-11-13,VANDALISM
23486,11/13/2022,VANDALISM
23487,11/13/2022,ASSAULT
23488,11/13/2022,DRUG OFFENSE
23489,2022-11-13,BURGLARY
23490,11/13/2022,THEFT
23491,2022-11-13,VANDALISM
23492,11/13/2022,OTHER
23493,13-Nov-2022,VANDALISM
23494,2022-11-13,BURGLARY
23495,2022-11-13,VANDALISM
23496,11/13/2022,DRUG OFFENSE
23497,2022-11-13,FRAUD
23498,11/13/2022,ASSAULT
23499,11/14/2022,ASSAULT
23500,11/14/2022,FRAUD
23501,2022-11-14,ASSAULT
23502,11/14/2022,DRUG OFFENSE
23503,14-Nov-2022,DRUG OFFENSE
23504,14-Nov-2022,BURGLARY
23505,14-Nov-2022,FRAUD
23506,2022-11-14,DRUG OFFENSE
23507,11/14/2022,DRUG OFFENSE
23508,14-Nov-2022,ROBBERY
23509,14-Nov-2022,ROBBERY
23510,11/14/2022,THEFT
23511,2022-11-14,OTHER
23512,11/14/2022,THEFT
23513,11/14/2022,FRAUD
23514,14-Nov-2022,ASSAULT
23515,2022-11-14,ROBBERY
23516,11/14/2022,FRAUD
23517,11/14/2022,OTHER
23518,11/14/2022,DRUG OFFENSE
23519,11/14/2022,ASSAULT
23520,14-Nov-2022,ASSAULT
23521,2022-11-14,BURGLARY
23522,11/14/2022,BURGLARY
23523,14-Nov-2022,THEFT
23524,2022-11-14,VANDALISM
23525,11/14/2022,THEFT
23526,11/14/2022,ASSAULT
23527,2022-11-14,FRAUD
23528,14-Nov-2022,VANDALISM
23529,11/14/2022,VANDALISM
23530,14-Nov-2022,FRAUD
23531,11/14/2022,OTHER
23532,14-Nov-2022,DRUG OFFENSE
23533,11/14/2022,OTHER
23534,11/14/2022,FRAUD
23535,2022-11-15,ASSAULT
23536,11/15/2022,ASSAULT
23537,11/15/2022,FRAUD
23538,11/15/2022,ROBBERY
23539,11/15/2022,ROBBERY
23540,11/15/2022,THEFT
23541,11/15/2022,ASSAULT
23542,11/15/2022,FRAUD
23543,2022-11-15,FRAUD
23544,11/15/2022,THEFT
23545,2022-11-15,FRAUD
23546,15-Nov-2022,VANDALISM
23547,2022-11-15,THEFT
23548,11/15/2022,FRAUD
23549,11/15/2022,ASSAULT
23550,15-Nov-2022,DRUG OFFENSE
23551,15-Nov-2022,FRAUD
23552,2022-11-15,VANDALISM
23553,2022-11-15,THEFT
23554,11/15/2022,VANDALISM
23555,11/15/2022,VANDALISM
23556,15-Nov-2022,OTHER
23557,11/15/2022,BURGLARY
23558,15-Nov-2022,BURGLARY
23559,2022-11-15,THEFT
23560,15-Nov-2022,THEFT
23561,15-Nov-2022,ASSAULT
23562,11/15/2022,THEFT
23563,15-Nov-2022,FRAUD
23564,2022-11-15,BURGLARY
23565,15-Nov-2022,OTHER
23566,11/15/2022,VANDALISM
23567,15-Nov-2022,DRUG OFFENSE
23568,15-Nov-2022,OTHER
23569,11/15/2022,VANDALISM
23570,11/15/2022,VANDALISM
23571,15-Nov-2022,THEFT
23572,11/15/2022,FRAUD
23573,15-Nov-2022,ASSAULT
23574,15-Nov-2022,DRUG OFFENSE
23575,11/15/2022,ROBBERY
23576,2022-11-15,DRUG OFFENSE
23577,11/16/2022,BURGLARY
23578,11/16/2022,VANDALISM
23579,11/16/2022,VANDALISM
23580,11/16/2022,ASSAULT
23581,11/16/2022,THEFT
23582,16-Nov-2022,VANDALISM
23583,2022-11-16,ROBBERY
23584,16-Nov-2022,BURGLARY
23585,11/16/2022,BURGLARY
23586,2022-11-16,VANDALISM
23587,11/16/2022,THEFT
23588,2022-11-16,FRAUD
23589,16-Nov-2022,ROBBERY
23590,16-Nov-2022,THEFT
23591,11/16/2022,ROBBERY
23592,2022-11-16,DRUG OFFENSE
23593,16-Nov-2022,THEFT
23594,11/16/2022,OTHER
23595,11/16/2022,ROBBERY
23596,11/16/2022,ASSAULT
23597,11/16/2022,ROBBERY
23598,11/16/2022,ASSAULT
23599,11/16/2022,OTHER
23600,2022-11-16,VANDALISM
23601,11/16/2022,DRUG OFFENSE
23602,16-Nov-2022,BURGLARY
23603,11/16/2022,DRUG OFFENSE
23604,11/16/2022,ROBBERY
23605,16-Nov-2022,THEFT
23606,11/16/2022,DRUG OFFENSE
23607,16-Nov-2022,ASSAULT
23608,16-Nov-2022,ROBBERY
23609,2022-11-16,ASSAULT
23610,2022-11-16,OTHER
23611,16-Nov-2022,FRAUD
23612,11/16/2022,OTHER
23613,2022-11-16,FRAUD
23614,11/16/2022,FRAUD
23615,2022-11-16,BURGLARY
23616,17-Nov-2022,FRAUD
23617,2022-11-17,BURGLARY
23618,11/17/2022,ASSAULT
23619,11/17/2022,ASSAULT
23620,2022-11-17,BURGLARY
23621,17-Nov-2022,DRUG OFFENSE
23622,2022-11-17,VANDALISM
23623,2022-11-17,ASSAULT
23624,11/17/2022,THEFT
23625,2022-11-17,ASSAULT
23626,2022-11-17,VANDALISM
23627,11/17/2022,ROBBERY
23628,2022-11-17,FRAUD
23629,17-Nov-2022,OTHER
23630,11/17/2022,THEFT
23631,11/17/2022,VANDALISM
23632,2022-11-17,ROBBERY
23633,11/17/2022,FRAUD
23634,11/17/2022,THEFT
23635,2022-11-17,VANDALISM
23636,2022-11-17,ASSAULT
23637,11/17/2022,FRAUD
23638,11/17/2022,THEFT
23639,2022-11-17,VANDALISM
23640,17-Nov-2022,THEFT
23641,11/17/2022,FRAUD
23642,11/17/2022,FRAUD
23643,11/17/2022,VANDALISM
23644,17-Nov-2022,ROBBERY
23645,11/17/2022,VANDALISM
23646,2022-11-17,ASSAULT
23647,17-Nov-2022,VANDALISM
23648,18-Nov-2022,BURGLARY
23649,18-Nov-2022,THEFT
23650,11/18/2022,ASSAULT
23651,18-Nov-2022,ROBBERY
23652,2022-11-18,OTHER
23653,2022-11-18,VANDALISM
23654,2022-11-18,FRAUD
23655,2022-11-18,OTHER
23656,18-Nov-2022,THEFT
23657,18-Nov-2022,FRAUD
23658,2022-11-18,BURGLARY
23659,11/18/2022,BURGLARY
23660,18-Nov-2022,THEFT
23661,2022-11-18,THEFT
23662,11/18/2022,ASSAULT
23663,18-Nov-2022,ASSAULT
23664,2022-11-18,ASSAULT
23665,18-Nov-2022,ASSAULT
23666,11/18/2022,FRAUD
23667,18-Nov-2022,OTHER
23668,18-Nov-2022,DRUG OFFENSE
23669,18-Nov-2022,DRUG OFFENSE
23670,2022-11-18,ROBBERY
23671,11/18/2022,FRAUD
23672,11/18/2022,FRAUD
23673,18-Nov-2022,ROBBERY
23674,18-Nov-2022,OTHER
23675,18-Nov-2022,ROBBERY
23676,11/19/2022,ASSAULT
23677,19-Nov-2022,BURGLARY
23678,11/19/2022,THEFT
23679,2022-11-19,ASSAULT
23680,19-Nov-2022,ASSAULT
23681,11/19/2022,FRAUD
23682,2022-11-19,FRAUD
23683,19-Nov-2022,VANDALISM
23684,19-Nov-2022,ROBBERY
23685,11/19/2022,VANDALISM
23686,19-Nov-2022,OTHER
23687,11/19/2022,DRUG OFFENSE
23688,2022-11-19,BURGLARY
23689,2022-11-19,DRUG OFFENSE
23690,11/19/2022,THEFT
23691,19-Nov-2022,BURGLARY
23692,2022-11-19,ROBBERY
23693,11/19/2022,FRAUD
23694,2022-11-19,THEFT
23695,2022-11-19,BURGLARY
23696,19-Nov-2022,FRAUD
23697,11/19/2022,BURGLARY
23698,2022-11-19,BURGLARY
23699,19-Nov-2022,ROBBERY
23700,19-Nov-2022,BURGLARY
23701,19-Nov-2022,ASSAULT
23702,19-Nov-2022,BURGLARY
23703,11/19/2022,VANDALISM
23704,2022-11-19,ROBBERY
23705,2022-11-19,ASSAULT
23706,11/19/2022,ROBBERY
23707,11/19/2022,FRAUD
23708,11/19/2022,ROBBERY
23709,19-Nov-2022,ROBBERY
23710,2022-11-19,ASSAULT
23711,11/19/2022,THEFT
23712,11/19/2022,THEFT
23713,11/19/2022,THEFT
23714,11/19/2022,FRAUD
23715,11/19/2022,THEFT
23716,11/19/2022,ASSAULT
23717,11/19/2022,FRAUD
23718,11/19/2022,DRUG OFFENSE
23719,2022-11-20,OTHER
23720,20-Nov-2022,OTHER
23721,2022-11-20,DRUG OFFENSE
23722,11/20/2022,FRAUD
23723,20-Nov-2022,ROBBERY
23724,20-Nov-2022,OTHER
23725,20-Nov-2022,VANDALISM
23726,20-Nov-2022,FRAUD
23727,11/20/2022,ASSAULT
23728,20-Nov-2022,THEFT
23729,11/20/2022,VANDALISM
23730,11/20/2022,THEFT
23731,20-Nov-2022,ASSAULT
23732,11/20/2022,BURGLARY
23733,11/20/2022,BURGLARY
23734,11/20/2022,DRUG OFFENSE
23735,20-Nov-2022,VANDALISM
23736,11/20/2022,ROBBERY
23737,11/20/2022,VANDALISM
23738,2022-11-20,ROBBERY
23739,2022-11-20,DRUG OFFENSE
23740,11/20/2022,DRUG OFFENSE
23741,11/20/2022,VANDALISM
23742,2022-11-20,DRUG OFFENSE
23743,11/20/2022,OTHER
23744,11/20/2022,BURGLARY
23745,2022-11-20,DRUG OFFENSE
23746,11/20/2022,OTHER
23747,11/20/2022,THEFT
23748,2022-11-20,ASSAULT
23749,11/20/2022,ASSAULT
23750,11/20/2022,VANDALISM
23751,11/20/2022,ASSAULT
23752,2022-11-20,DRUG OFFENSE
23753,11/20/2022,ROBBERY
23754,2022-11-20,BURGLARY
23755,11/20/2022,VANDALISM
23756,11/20/2022,OTHER
23757,2022-11-20,OTHER
23758,11/20/2022,ROBBERY
23759,2022-11-20,BURGLARY
23760,11/20/2022,BURGLARY
23761,2022-11-20,FRAUD
23762,11/20/2022,FRAUD
23763,20-Nov-2022,BURGLARY
23764,2022-11-20,BURGLARY
23765,20-Nov-2022,OTHER
23766,20-Nov-2022,BURGLARY
23767,11/20/2022,BURGLARY
23768,11/20/2022,BURGLARY
23769,2022-11-20,FRAUD
23770,11/21/2022,VANDALISM
23771,21-Nov-2022,ASSAULT
23772,21-Nov-2022,VANDALISM
23773,11/21/2022,BURGLARY
23774,2022-11-21,DRUG OFFENSE
23775,11/21/2022,OTHER
23776,2022-11-21,ROBBERY
23777,11/21/2022,BURGLARY
23778,21-Nov-2022,VANDALISM
23779,21-Nov-2022,THEFT
23780,2022-11-21,VANDALISM
23781,21-Nov-2022,THEFT
23782,11/21/2022,THEFT
23783,11/21/2022,DRUG OFFENSE
23784,21-Nov-2022,ROBBERY
23785,11/21/2022,OTHER
23786,11/21/2022,BURGLARY
23787,2022-11-21,BURGLARY
23788,11/21/2022,ROBBERY
23789,11/21/2022,BURGLARY
23790,11/21/2022,DRUG OFFENSE
23791,21-Nov-2022,BURGLARY
23792,11/21/2022,BURGLARY
23793,2022-11-21,THEFT
23794,2022-11-21,THEFT
23795,2022-11-21,DRUG OFFENSE
23796,11/21/2022,ASSAULT
23797,11/21/2022,ROBBERY
23798,11/21/2022,ASSAULT
23799,11/21/2022,BURGLARY
23800,11/21/2022,FRAUD
23801,21-Nov-2022,DRUG OFFENSE
23802,2022-11-21,FRAUD
23803,11/21/2022,THEFT
23804,2022-11-21,THEFT
23805,11/21/2022,FRAUD
23806,21-Nov-2022,FRAUD
23807,11/21/2022,OTHER
23808,21-Nov-2022,FRAUD
23809,21-Nov-2022,FRAUD
23810,11/21/2022,FRAUD
23811,21-Nov-2022,ROBBERY
23812,11/21/2022,FRAUD
23813,21-Nov-2022,OTHER
23814,11/22/2022,BURGLARY
23815,22-Nov-2022,ASSAULT
23816,11/22/2022,BURGLARY
23817,11/22/2022,THEFT
23818,2022-11-22,DRUG OFFENSE
23819,11/22/2022,ASSAULT
23820,2022-11-22,DRUG OFFENSE
23821,2022-11-22,VANDALISM
23822,2022-11-22,VANDALISM
23823,11/22/2022,DRUG OFFENSE
23824,2022-11-22,ASSAULT
23825,11/22/2022,ROBBERY
23826,11/22/2022,OTHER
23827,22-Nov-2022,ROBBERY
23828,22-Nov-2022,FRAUD
23829,2022-11-22,THEFT
23830,11/22/2022,DRUG OFFENSE
23831,2022-11-22,ROBBERY
23832,11/22/2022,ASSAULT
23833,11/22/2022,ROBBERY
23834,2022-11-22,THEFT
23835,22-Nov-2022,OTHER
23836,22-Nov-2022,DRUG OFFENSE
23837,11/22/2022,ROBBERY
23838,2022-11-22,VANDALISM
23839,11/22/2022,ROBBERY
23840,22-Nov-2022,THEFT
23841,2022-11-22,ROBBERY
23842,11/22/2022,VANDALISM
23843,2022-11-22,ROBBERY
23844,11/22/2022,THEFT
23845,2022-11-22,FRAUD
23846,2022-11-22,FRAUD
23847,22-Nov-2022,BURGLARY
23848,22-Nov-2022,THEFT
23849,22-Nov-2022,BURGLARY
23850,11/22/2022,ASSAULT
23851,2022-11-22,FRAUD
23852,22-Nov-2022,VANDALISM
23853,2022-11-22,FRAUD
23854,2022-11-22,DRUG OFFENSE
23855,11/22/2022,THEFT
23856,11/22/2022,ASSAULT
23857,22-Nov-2022,FRAUD
23858,2022-11-22,OTHER
23859,11/22/2022,BURGLARY
23860,23-Nov-2022,THEFT
23861,23-Nov-2022,VANDALISM
23862,23-Nov-2022,BURGLARY
23863,11/23/2022,OTHER
23864,2022-11-23,ROBBERY
23865,11/23/2022,FRAUD
23866,2022-11-23,VANDALISM
23867,11/23/2022,OTHER
23868,11/23/2022,ROBBERY
23869,11/23/2022,FRAUD
23870,2022-11-23,OTHER
23871,11/23/2022,DRUG OFFENSE
23872,11/23/2022,ASSAULT
23873,11/23/2022,ASSAULT
23874,2022-11-23,VANDALISM
23875,2022-11-23,THEFT
23876,11/23/2022,ASSAULT
23877,2022-11-23,VANDALISM
23878,11/23/2022,FRAUD
23879,2022-11-23,BURGLARY
23880,23-Nov-2022,THEFT
23881,11/23/2022,BURGLARY
23882,23-Nov-2022,ROBBERY
23883,11/23/2022,BURGLARY
23884,23-Nov-2022,VANDALISM
23885,23-Nov-2022,ASSAULT
23886,11/23/2022,OTHER
23887,2022-11-23,VANDALISM
23888,23-Nov-2022,ROBBERY
23889,2022-11-23,DRUG OFFENSE
23890,2022-11-23,ASSAULT
23891,23-Nov-2022,VANDALISM
23892,11/23/2022,VANDALISM
23893,2022-11-23,VANDALISM
23894,11/23/2022,OTHER
23895,23-Nov-2022,FRAUD
23896,23-Nov-2022,FRAUD
23897,11/23/2022,BURGLARY
23898,11/23/2022,OTHER
23899,2022-11-23,ROBBERY
23900,23-Nov-2022,THEFT
23901,23-Nov-2022,OTHER
23902,11/23/2022,OTHER
23903,2022-11-23,OTHER
23904,24-Nov-2022,THEFT
23905,24-Nov-2022,DRUG OFFENSE
23906,2022-11-24,VANDALISM
23907,11/24/2022,OTHER
23908,11/24/2022,FRAUD
23909,11/24/2022,VANDALISM
23910,24-Nov-2022,OTHER
23911,24-Nov-2022,VANDALISM
23912,2022-11-24,THEFT
23913,11/24/2022,OTHER
23914,24-Nov-2022,ROBBERY
23915,11/24/2022,OTHER
23916,24-Nov-2022,BURGLARY
23917,11/24/2022,THEFT
23918,11/24/2022,ROBBERY
23919,11/24/2022,FRAUD
23920,11/24/2022,DRUG OFFENSE
23921,2022-11-24,THEFT
23922,2022-11-24,ROBBERY
23923,2022-11-24,DRUG OFFENSE
23924,11/24/2022,BURGLARY
23925,24-Nov-2022,THEFT
23926,11/24/2022,ASSAULT
23927,11/24/2022,DRUG OFFENSE
23928,24-Nov-2022,THEFT
23929,11/24/2022,THEFT
23930,24-Nov-2022,DRUG OFFENSE
23931,24-Nov-2022,ASSAULT
23932,11/24/2022,ROBBERY
23933,24-Nov-2022,THEFT
23934,24-Nov-2022,VANDALISM
23935,2022-11-24,ASSAULT
23936,24-Nov-2022,BURGLARY
23937,11/24/2022,DRUG OFFENSE
23938,11/24/2022,FRAUD
23939,25-Nov-2022,DRUG OFFENSE
23940,25-Nov-2022,FRAUD
23941,2022-11-25,ASSAULT
23942,25-Nov-2022,OTHER
23943,25-Nov-2022,ASSAULT
23944,11/25/2022,DRUG OFFENSE
23945,11/25/2022,ASSAULT
23946,11/25/2022,THEFT
23947,2022-11-25,BURGLARY
23948,11/25/2022,VANDALISM
23949,25-Nov-2022,FRAUD
23950,2022-11-25,FRAUD
23951,25-Nov-2022,BURGLARY
23952,2022-11-25,VANDALISM
23953,25-Nov-2022,FRAUD
23954,11/25/2022,THEFT
23955,2022-11-25,OTHER
23956,11/25/2022,DRUG OFFENSE
23957,25-Nov-2022,BURGLARY
23958,25-Nov-2022,BURGLARY
23959,25-Nov-2022,ASSAULT
23960,11/25/2022,DRUG OFFENSE
23961,11/25/2022,VANDALISM
23962,2022-11-25,BURGLARY
23963,25-Nov-2022,BURGLARY
23964,2022-11-25,VANDALISM
23965,25-Nov-2022,BURGLARY
23966,2022-11-25,THEFT
23967,11/25/2022,OTHER
23968,2022-11-25,ASSAULT
23969,2022-11-25,DRUG OFFENSE
23970,11/25/2022,FRAUD
23971,2022-11-25,FRAUD
23972,2022-11-25,FRAUD
23973,2022-11-25,OTHER
23974,11/26/2022,OTHER
23975,26-Nov-2022,THEFT
23976,11/26/2022,VANDALISM
23977,26-Nov-2022,DRUG OFFENSE
23978,2022-11-26,DRUG OFFENSE
23979,11/26/2022,BURGLARY
23980,2022-11-26,DRUG OFFENSE
23981,2022-11-26,ROBBERY
23982,2022-11-26,VANDALISM
23983,11/26/2022,THEFT
23984,26-Nov-2022,THEFT
23985,2022-11-26,ASSAULT
23986,11/26/2022,BURGLARY
23987,26-Nov-2022,THEFT
23988,11/26/2022,FRAUD
23989,11/26/2022,THEFT
23990,2022-11-26,OTHER
23991,2022-11-26,THEFT
23992,11/26/2022,VANDALISM
23993,26-Nov-2022,THEFT
23994,11/26/2022,DRUG OFFENSE
23995,26-Nov-2022,ASSAULT
23996,11/26/2022,FRAUD
23997,2022-11-26,BURGLARY
23998,26-Nov-2022,FRAUD
23999,26-Nov-2022,ASSAULT
24000,11/26/2022,FRAUD
24001,2022-11-26,ASSAULT
24002,26-Nov-2022,OTHER
24003,11/26/2022,BURGLARY
24004,11/26/2022,THEFT
24005,2022-11-26,OTHER
24006,11/26/2022,DRUG OFFENSE
24007,26-Nov-2022,DRUG OFFENSE
24008,11/26/2022,FRAUD
24009,11/26/2022,VANDALISM
24010,2022-11-26,ROBBERY
24011,11/26/2022,OTHER
24012,11/26/2022,FRAUD
24013,11/26/2022,VANDALISM
24014,26-Nov-2022,VANDALISM
24015,11/26/2022,ROBBERY
24016,11/26/2022,BURGLARY
24017,11/26/2022,DRUG OFFENSE
24018,2022-11-26,ASSAULT
24019,11/26/2022,BURGLARY
24020,2022-11-26,OTHER
24021,26-Nov-2022,ROBBERY
24022,27-Nov-2022,ROBBERY
24023,2022-11-27,VANDALISM
24024,2022-11-27,ROBBERY
24025,2022-11-27,THEFT
24026,2022-11-27,VANDALISM
24027,27-Nov-2022,ROBBERY
24028,27-Nov-2022,OTHER
24029,2022-11-27,DRUG OFFENSE
24030,2022-11-27,FRAUD
24031,27-Nov-2022,BURGLARY
24032,2022-11-27,ASSAULT
24033,27-Nov-2022,VANDALISM
24034,11/27/2022,OTHER
24035,27-Nov-2022,OTHER
24036,11/27/2022,FRAUD
24037,27-Nov-2022,THEFT
24038,27-Nov-2022,FRAUD
24039,27-Nov-2022,THEFT
24040,2022-11-27,BURGLARY
24041,27-Nov-2022,VANDALISM
24042,11/27/2022,ASSAULT
24043,2022-11-27,ASSAULT
24044,11/27/2022,ROBBERY
24045,2022-11-27,ROBBERY
24046,27-Nov-2022,OTHER
24047,11/27/2022,FRAUD
24048,2022-11-27,ASSAULT
24049,2022-11-27,ROBBERY
24050,27-Nov-2022,ROBBERY
24051,27-Nov-2022,BURGLARY
24052,11/27/2022,ASSAULT
24053,27-Nov-2022,FRAUD
24054,2022-11-27,FRAUD
24055,11/27/2022,THEFT
24056,11/27/2022,VANDALISM
24057,11/27/2022,DRUG OFFENSE
24058,11/27/2022,DRUG OFFENSE
24059,27-Nov-2022,VANDALISM
24060,2022-11-27,OTHER
24061,2022-11-27,ASSAULT
24062,2022-11-27,BURGLARY
24063,27-Nov-2022,FRAUD
24064,11/27/2022,ASSAULT
24065,2022-11-27,ROBBERY
24066,27-Nov-2022,VANDALISM
24067,11/27/2022,ASSAULT
24068,11/27/2022,FRAUD
24069,28-Nov-2022,VANDALISM
24070,11/28/2022,THEFT
24071,2022-11-28,BURGLARY
24072,2022-11-28,FRAUD
24073,28-Nov-2022,VANDALISM
24074,11/28/2022,VANDALISM
24075,11/28/2022,OTHER
24076,11/28/2022,FRAUD
24077,28-Nov-2022,ROBBERY
24078,11/28/2022,ASSAULT
24079,28-Nov-2022,BURGLARY
24080,2022-11-28,ROBBERY
24081,11/28/2022,VANDALISM
24082,2022-11-28,VANDALISM
24083,2022-11-28,VANDALISM
24084,28-Nov-2022,ASSAULT
24085,11/28/2022,OTHER
24086,2022-11-28,ASSAULT
24087,11/28/2022,ASSAULT
24088,11/28/2022,BURGLARY
24089,2022-11-28,DRUG OFFENSE
24090,2022-11-28,THEFT
24091,11/28/2022,ROBBERY
24092,2022-11-28,OTHER
24093,11/28/2022,BURGLARY
24094,11/28/2022,DRUG OFFENSE
24095,28-Nov-2022,OTHER
24096,28-Nov-2022,THEFT
24097,11/28/2022,ROBBERY
24098,28-Nov-2022,ASSAULT
24099,28-Nov-2022,ROBBERY
24100,2022-11-28,VANDALISM
24101,11/28/2022,VANDALISM
24102,28-Nov-2022,THEFT
24103,2022-11-28,DRUG OFFENSE
24104,11/28/2022,OTHER
24105,11/28/2022,FRAUD
24106,2022-11-28,ASSAULT
24107,2022-11-28,THEFT
24108,29-Nov-2022,BURGLARY
24109,29-Nov-2022,FRAUD
24110,11/29/2022,THEFT
24111,11/29/2022,BURGLARY
24112,2022-11-29,ROBBERY
24113,2022-11-29,ROBBERY
24114,2022-11-29,OTHER
24115,29-Nov-2022,THEFT
24116,29-Nov-2022,FRAUD
24117,2022-11-29,OTHER
24118,2022-11-29,ROBBERY
24119,2022-11-29,OTHER
24120,2022-11-29,BURGLARY
24121,11/29/2022,FRAUD
24122,29-Nov-2022,THEFT
24123,29-Nov-2022,BURGLARY
24124,29-Nov-2022,ASSAULT
24125,11/29/2022,VANDALISM
24126,11/29/2022,FRAUD
24127,2022-11-29,OTHER
24128,2022-11-29,FRAUD
24129,2022-11-29,BURGLARY
24130,11/29/2022,ROBBERY
24131,2022-11-29,ASSAULT
24132,29-Nov-2022,ASSAULT
24133,2022-11-29,FRAUD
24134,2022-11-29,ROBBERY
24135,11/29/2022,ROBBERY
24136,11/29/2022,THEFT
24137,11/30/2022,THEFT
24138,11/30/2022,ROBBERY
24139,11/30/2022,VANDALISM
24140,2022-11-30,FRAUD
24141,2022-11-30,BURGLARY
24142,30-Nov-2022,VANDALISM
24143,30-Nov-2022,BURGLARY
24144,11/30/2022,BURGLARY
24145,2022-11-30,FRAUD
24146,2022-11-30,VANDALISM
24147,30-Nov-2022,BURGLARY
24148,2022-11-30,BURGLARY
24149,2022-11-30,ROBBERY
24150,2022-11-30,DRUG OFFENSE
24151,11/30/2022,ROBBERY
24152,11/30/2022,BURGLARY
24153,11/30/2022,THEFT
24154,30-Nov-2022,THEFT
24155,11/30/2022,FRAUD
24156,2022-11-30,OTHER
24157,2022-11-30,FRAUD
24158,30-Nov-2022,BURGLARY
24159,11/30/2022,THEFT
24160,11/30/2022,FRAUD
24161,30-Nov-2022,DRUG OFFENSE
24162,30-Nov-2022,DRUG OFFENSE
24163,30-Nov-2022,FRAUD
24164,11/30/2022,BURGLARY
24165,2022-11-30,ASSAULT
24166,30-Nov-2022,FRAUD
24167,2022-11-30,ROBBERY
24168,2022-11-30,THEFT
24169,11/30/2022,ASSAULT
24170,30-Nov-2022,FRAUD
24171,30-Nov-2022,ASSAULT
24172,2022-11-30,DRUG OFFENSE
24173,11/30/2022,BURGLARY
24174,2022-11-30,OTHER
24175,2022-12-01,ASSAULT
24176,2022-12-01,THEFT
24177,01-Dec-2022,BURGLARY
24178,12/01/2022,THEFT
24179,2022-12-01,FRAUD
24180,12/01/2022,BURGLARY
24181,12/01/2022,ASSAULT
24182,01-Dec-2022,BURGLARY
24183,12/01/2022,FRAUD
24184,01-Dec-2022,THEFT
24185,12/01/2022,FRAUD
24186,12/01/2022,ROBBERY
24187,01-Dec-2022,OTHER
24188,12/01/2022,BURGLARY
24189,2022-12-01,VANDALISM
24190,01-Dec-2022,ASSAULT
24191,01-Dec-2022,ROBBERY
24192,2022-12-01,OTHER
24193,2022-12-01,THEFT
24194,12/01/2022,ASSAULT
24195,2022-12-01,VANDALISM
24196,12/01/2022,FRAUD
24197,01-Dec-2022,BURGLARY
24198,02-Dec-2022,DRUG OFFENSE
24199,2022-12-02,BURGLARY
24200,2022-12-02,THEFT
24201,02-Dec-2022,ASSAULT
24202,12/02/2022,OTHER
24203,02-Dec-2022,OTHER
24204,02-Dec-2022,ASSAULT
24205,12/02/2022,THEFT
24206,02-Dec-2022,VANDALISM
24207,02-Dec-2022,ROBBERY
24208,2022-12-02,DRUG OFFENSE
24209,02-Dec-2022,ASSAULT
24210,02-Dec-2022,FRAUD
24211,12/02/2022,VANDALISM
24212,12/02/2022,OTHER
24213,12/02/2022,ASSAULT
24214,02-Dec-2022,ROBBERY
24215,12/02/2022,FRAUD
24216,12/02/2022,FRAUD
24217,2022-12-02,OTHER
24218,2022-12-02,THEFT
24219,02-Dec-2022,OTHER
24220,2022-12-02,ROBBERY
24221,12/02/2022,OTHER
24222,12/02/2022,THEFT
24223,2022-12-02,OTHER
24224,12/02/2022,OTHER
24225,12/02/2022,ASSAULT
24226,02-Dec-2022,BURGLARY
24227,12/02/2022,OTHER
24228,02-Dec-2022,OTHER
24229,2022-12-03,FRAUD
24230,03-Dec-2022,THEFT
24231,03-Dec-2022,ROBBERY
24232,2022-12-03,FRAUD
24233,03-Dec-2022,VANDALISM
24234,12/03/2022,THEFT
24235,12/03/2022,VANDALISM
24236,2022-12-03,ASSAULT
24237,2022-12-03,OTHER
24238,12/03/2022,VANDALISM
24239,2022-12-03,FRAUD
24240,2022-12-03,FRAUD
24241,03-Dec-2022,ROBBERY
24242,12/03/2022,OTHER
24243,12/03/2022,DRUG OFFENSE
24244,12/03/2022,THEFT
24245,2022-12-03,FRAUD
24246,03-Dec-2022,ROBBERY
24247,12/03/2022,THEFT
24248,12/03/2022,THEFT
24249,12/03/2022,ROBBERY
24250,12/03/2022,BURGLARY
24251,03-Dec-2022,VANDALISM
24252,03-Dec-2022,THEFT
24253,03-Dec-2022,OTHER
24254,12/03/2022,BURGLARY
24255,12/03/2022,THEFT
24256,2022-12-03,THEFT
24257,12/03/2022,THEFT
24258,12/03/2022,BURGLARY
24259,2022-12-03,BURGLARY
24260,03-Dec-2022,BURGLARY
24261,12/03/2022,ASSAULT
24262,03-Dec-2022,ASSAULT
24263,03-Dec-2022,OTHER
24264,2022-12-03,DRUG OFFENSE
24265,04-Dec-2022,OTHER
24266,2022-12-04,OTHER
24267,2022-12-04,OTHER
24268,04-Dec-2022,FRAUD
24269,2022-12-04,VANDALISM
24270,04-Dec-2022,ASSAULT
24271,12/04/2022,THEFT
24272,04-Dec-2022,DRUG OFFENSE
24273,2022-12-04,ROBBERY
24274,04-Dec-2022,ASSAULT
24275,04-Dec-2022,BURGLARY
24276,04-Dec-2022,OTHER
24277,12/04/2022,BURGLARY
24278,2022-12-04,ROBBERY
24279,04-Dec-2022,BURGLARY
24280,12/04/2022,THEFT
24281,04-Dec-2022,ASSAULT
24282,12/04/2022,OTHER
24283,12/04/2022,BURGLARY
24284,12/04/2022,OTHER
24285,12/04/2022,OTHER
24286,12/04/2022,VANDALISM
24287,2022-12-04,OTHER
24288,12/04/2022,DRUG OFFENSE
24289,2022-12-04,DRUG OFFENSE
24290,12/04/2022,DRUG OFFENSE
24291,04-Dec-2022,FRAUD
24292,2022-12-04,FRAUD
24293,2022-12-04,ASSAULT
24294,2022-12-04,BURGLARY
24295,04-Dec-2022,THEFT
24296,2022-12-04,ROBBERY
24297,04-Dec-2022,BURGLARY
24298,04-Dec-2022,BURGLARY
24299,2022-12-04,BURGLARY
24300,12/04/2022,ROBBERY
24301,04-Dec-2022,DRUG OFFENSE
24302,12/04/2022,VANDALISM
24303,12/04/2022,BURGLARY
24304,12/04/2022,BURGLARY
24305,2022-12-04,DRUG OFFENSE
24306,04-Dec-2022,BURGLARY
24307,2022-12-04,VANDALISM
24308,2022-12-04,BURGLARY
24309,04-Dec-2022,THEFT
24310,2022-12-04,BURGLARY
24311,2022-12-04,ASSAULT
24312,04-Dec-2022,THEFT
24313,12/04/2022,OTHER
24314,2022-12-04,FRAUD
24315,04-Dec-2022,DRUG OFFENSE
24316,12/04/2022,BURGLARY
24317,12/04/2022,OTHER
24318,2022-12-04,ROBBERY
24319,05-Dec-2022,VANDALISM
24320,12/05/2022,FRAUD
24321,2022-12-05,FRAUD
24322,05-Dec-2022,OTHER
24323,12/05/2022,DRUG OFFENSE
24324,12/05/2022,DRUG OFFENSE
24325,12/05/2022,BURGLARY
24326,05-Dec-2022,OTHER
24327,05-Dec-2022,VANDALISM
24328,05-Dec-2022,BURGLARY
24329,05-Dec-2022,ASSAULT
24330,12/05/2022,DRUG OFFENSE
24331,2022-12-05,FRAUD
24332,05-Dec-2022,OTHER
24333,05-Dec-2022,ROBBERY
24334,12/05/2022,BURGLARY
24335,2022-12-05,THEFT
24336,05-Dec-2022,DRUG OFFENSE
24337,05-Dec-2022,ROBBERY
24338,05-Dec-2022,THEFT
24339,2022-12-05,FRAUD
24340,2022-12-05,ASSAULT
24341,2022-12-05,ASSAULT
24342,2022-12-05,DRUG OFFENSE
24343,12/05/2022,THEFT
24344,2022-12-05,ASSAULT
24345,05-Dec-2022,VANDALISM
24346,05-Dec-2022,ASSAULT
24347,05-Dec-2022,BURGLARY
24348,06-Dec-2022,DRUG OFFENSE
24349,06-Dec-2022,OTHER
24350,2022-12-06,FRAUD
24351,12/06/2022,OTHER
24352,2022-12-06,ROBBERY
24353,12/06/2022,VANDALISM
24354,06-Dec-2022,DRUG OFFENSE
24355,12/06/2022,ROBBERY
24356,06-Dec-2022,ROBBERY
24357,12/06/2022,BURGLARY
24358,12/06/2022,DRUG OFFENSE
24359,06-Dec-2022,DRUG OFFENSE
24360,06-Dec-2022,THEFT
24361,12/06/2022,VANDALISM
24362,2022-12-06,VANDALISM
24363,2022-12-06,ASSAULT
24364,12/06/2022,BURGLARY
24365,06-Dec-2022,VANDALISM
24366,12/06/2022,BURGLARY
24367,2022-12-06,THEFT
24368,2022-12-06,THEFT
24369,06-Dec-2022,THEFT
24370,2022-12-06,ROBBERY
24371,2022-12-06,OTHER
24372,12/06/2022,THEFT
24373,2022-12-06,DRUG OFFENSE
24374,2022-12-06,FRAUD
24375,12/06/2022,VANDALISM
24376,12/06/2022,OTHER
24377,2022-12-07,THEFT
24378,2022-12-07,VANDALISM
24379,07-Dec-2022,FRAUD
24380,07-Dec-2022,FRAUD
24381,12/07/2022,ASSAULT
24382,07-Dec-2022,BURGLARY
24383,12/07/2022,ASSAULT
24384,07-Dec-2022,VANDALISM
24385,12/07/2022,THEFT
24386,2022-12-07,OTHER
24387,12/07/2022,ROBBERY
24388,07-Dec-2022,ROBBERY
24389,07-Dec-2022,DRUG OFFENSE
24390,12/07/2022,FRAUD
24391,07-Dec-2022,THEFT
24392,12/07/2022,FRAUD
24393,12/07/2022,VANDALISM
24394,12/07/2022,ASSAULT
24395,2022-12-07,ASSAULT
24396,12/07/2022,FRAUD
24397,12/07/2022,ASSAULT
24398,07-Dec-2022,THEFT
24399,12/07/2022,BURGLARY
24400,07-Dec-2022,ASSAULT
24401,12/07/2022,OTHER
24402,2022-12-07,THEFT
24403,07-Dec-2022,DRUG OFFENSE
24404,2022-12-07,OTHER
24405,07-Dec-2022,FRAUD
24406,07-Dec-2022,ROBBERY
24407,07-Dec-2022,DRUG OFFENSE
24408,12/07/2022,FRAUD
24409,2022-12-07,THEFT
24410,12/07/2022,THEFT
24411,12/07/2022,DRUG OFFENSE
24412,2022-12-07,OTHER
24413,07-Dec-2022,THEFT
24414,12/07/2022,FRAUD
24415,12/08/2022,BURGLARY
24416,12/08/2022,ASSAULT
24417,08-Dec-2022,DRUG OFFENSE
24418,08-Dec-2022,VANDALISM
24419,2022-12-08,ASSAULT
24420,12/08/2022,THEFT
24421,12/08/2022,ASSAULT
24422,12/08/2022,VANDALISM
24423,08-Dec-2022,FRAUD
24424,2022-12-08,VANDALISM
24425,08-Dec-2022,OTHER
24426,08-Dec-2022,ASSAULT
24427,2022-12-08,THEFT
24428,2022-12-08,THEFT
24429,12/08/2022,OTHER
24430,2022-12-08,THEFT
24431,12/08/2022,DRUG OFFENSE
24432,08-Dec-2022,ROBBERY
24433,08-Dec-2022,BURGLARY
24434,2022-12-08,OTHER
24435,2022-12-08,FRAUD
24436,12/08/2022,ASSAULT
24437,2022-12-08,BURGLARY
24438,2022-12-08,ROBBERY
24439,2022-12-08,ROBBERY
24440,12/08/2022,THEFT
24441,2022-12-08,THEFT
24442,08-Dec-2022,ASSAULT
24443,08-Dec-2022,ASSAULT
24444,08-Dec-2022,FRAUD
24445,12/08/2022,DRUG OFFENSE
24446,12/08/2022,DRUG OFFENSE
24447,08-Dec-2022,DRUG OFFENSE
24448,08-Dec-2022,ROBBERY
24449,12/08/2022,OTHER
24450,2022-12-08,FRAUD
24451,08-Dec-2022,BURGLARY
24452,08-Dec-2022,FRAUD
24453,12/09/2022,ROBBERY
24454,2022-12-09,THEFT
24455,2022-12-09,DRUG OFFENSE
24456,09-Dec-2022,ROBBERY
24457,2022-12-09,BURGLARY
24458,09-Dec-2022,VANDALISM
24459,09-Dec-2022,BURGLARY
24460,2022-12-09,ASSAULT
24461,2022-12-09,FRAUD
24462,2022-12-09,OTHER
24463,12/09/2022,OTHER
24464,12/09/2022,BURGLARY
24465,2022-12-09,OTHER
24466,09-Dec-2022,VANDALISM
24467,12/09/2022,DRUG OFFENSE
24468,12/09/2022,VANDALISM
24469,2022-12-09,ROBBERY
24470,09-Dec-2022,FRAUD
24471,12/09/2022,OTHER
24472,12/09/2022,FRAUD
24473,12/09/2022,BURGLARY
24474,12/09/2022,THEFT
24475,12/09/2022,THEFT
24476,2022-12-09,OTHER
24477,2022-12-09,DRUG OFFENSE
24478,2022-12-10,OTHER
24479,2022-12-10,THEFT
24480,12/10/2022,OTHER
24481,10-Dec-2022,VANDALISM
24482,12/10/2022,DRUG OFFENSE
24483,10-Dec-2022,OTHER
24484,10-Dec-2022,VANDALISM
24485,10-Dec-2022,OTHER
24486,10-Dec-2022,OTHER
24487,2022-12-10,FRAUD
24488,10-Dec-2022,ASSAULT
24489,12/10/2022,ROBBERY
24490,10-Dec-2022,OTHER
24491,2022-12-10,DRUG OFFENSE
24492,2022-12-10,VANDALISM
24493,12/10/2022,FRAUD
24494,10-Dec-2022,THEFT
24495,10-Dec-2022,VANDALISM
24496,10-Dec-2022,ROBBERY
24497,12/10/2022,THEFT
24498,12/10/2022,ROBBERY
24499,12/10/2022,ROBBERY
24500,12/10/2022,ROBBERY
24501,12/10/2022,ROBBERY
24502,12/10/2022,ASSAULT
24503,10-Dec-2022,BURGLARY
24504,2022-12-10,FRAUD
24505,12/10/2022,DRUG OFFENSE
24506,2022-12-10,ASSAULT
24507,2022-12-10,DRUG OFFENSE
24508,12/10/2022,VANDALISM
24509,12/10/2022,ROBBERY
24510,2022-12-10,ASSAULT
24511,10-Dec-2022,FRAUD
24512,12/10/2022,THEFT
24513,12/10/2022,ROBBERY
24514,2022-12-10,ROBBERY
24515,10-Dec-2022,OTHER
24516,12/10/2022,FRAUD
24517,2022-12-11,ROBBERY
24518,12/11/2022,OTHER
24519,12/11/2022,DRUG OFFENSE
24520,11-Dec-2022,DRUG OFFENSE
24521,12/11/2022,DRUG OFFENSE
24522,12/11/2022,ROBBERY
24523,11-Dec-2022,VANDALISM
24524,12/11/2022,ASSAULT
24525,2022-12-11,ROBBERY
24526,11-Dec-2022,THEFT
24527,2022-12-11,THEFT
24528,11-Dec-2022,DRUG OFFENSE
24529,2022-12-11,ASSAULT
24530,12/11/2022,DRUG OFFENSE
24531,2022-12-11,ASSAULT
24532,11-Dec-2022,FRAUD
24533,11-Dec-2022,VANDALISM
24534,2022-12-11,OTHER
24535,2022-12-11,THEFT
24536,11-Dec-2022,ASSAULT
24537,12/11/2022,ASSAULT
24538,12/11/2022,ROBBERY
24539,12/11/2022,OTHER
24540,12/11/2022,FRAUD
24541,2022-12-11,BURGLARY
24542,11-Dec-2022,VANDALISM
24543,11-Dec-2022,DRUG OFFENSE
24544,12/11/2022,ROBBERY
24545,2022-12-11,OTHER
24546,11-Dec-2022,ROBBERY
24547,2022-12-11,THEFT
24548,2022-12-11,THEFT
24549,2022-12-11,FRAUD
24550,12/11/2022,FRAUD
24551,12/11/2022,DRUG OFFENSE
24552,12/11/2022,ROBBERY
24553,11-Dec-2022,ROBBERY
24554,11-Dec-2022,OTHER
24555,12/11/2022,ASSAULT
24556,12/11/2022,BURGLARY
24557,12/11/2022,THEFT
24558,11-Dec-2022,ASSAULT
24559,2022-12-11,ROBBERY
24560,12/12/2022,ASSAULT
24561,12/12/2022,OTHER
24562,12/12/2022,ROBBERY
24563,12/12/2022,DRUG OFFENSE
24564,2022-12-12,FRAUD
24565,12/12/2022,BURGLARY
24566,12-Dec-2022,VANDALISM
24567,12/12/2022,FRAUD
24568,12/12/2022,FRAUD
24569,2022-12-12,THEFT
24570,12-Dec-2022,DRUG OFFENSE
24571,12-Dec-2022,BURGLARY
24572,12/12/2022,OTHER
24573,12/12/2022,VANDALISM
24574,2022-12-12,FRAUD
24575,12/12/2022,VANDALISM
24576,12/12/2022,ROBBERY
24577,12-Dec-2022,FRAUD
24578,2022-12-12,FRAUD
24579,2022-12-12,ROBBERY
24580,12/12/2022,ASSAULT
24581,2022-12-12,VANDALISM
24582,12/12/2022,FRAUD
24583,12-Dec-2022,OTHER
24584,2022-12-12,FRAUD
24585,2022-12-12,FRAUD
24586,12-Dec-2022,THEFT
24587,12/12/2022,FRAUD
24588,12/12/2022,THEFT
24589,2022-12-12,ROBBERY
24590,12-Dec-2022,FRAUD
24591,12/12/2022,BURGLARY
24592,12-Dec-2022,BURGLARY
24593,2022-12-12,BURGLARY
24594,12/12/2022,VANDALISM
24595,2022-12-12,BURGLARY
24596,2022-12-12,ROBBERY
24597,2022-12-12,BURGLARY
24598,2022-12-12,OTHER
24599,2022-12-12,VANDALISM
24600,12/12/2022,BURGLARY
24601,12/12/2022,THEFT
24602,12-Dec-2022,OTHER
24603,12-Dec-2022,VANDALISM
24604,12/13/2022,FRAUD
24605,13-Dec-2022,BURGLARY
24606,13-Dec-2022,FRAUD
24607,13-Dec-2022,BURGLARY
24608,12/13/2022,THEFT
24609,12/13/2022,ASSAULT
24610,12/13/2022,BURGLARY
24611,13-Dec-2022,FRAUD
24612,12/13/2022,VANDALISM
24613,2022-12-13,ROBBERY
24614,12/13/2022,VANDALISM
24615,2022-12-13,THEFT
24616,13-Dec-2022,ASSAULT
24617,13-Dec-2022,FRAUD
24618,13-Dec-2022,ASSAULT
24619,2022-12-13,BURGLARY
24620,12/13/2022,THEFT
24621,12/13/2022,FRAUD
24622,2022-12-13,FRAUD
24623,12/13/2022,ROBBERY
24624,13-Dec-2022,VANDALISM
24625,2022-12-13,ROBBERY
24626,13-Dec-2022,BURGLARY
24627,13-Dec-2022,VANDALISM
24628,13-Dec-2022,ROBBERY
24629,2022-12-13,ROBBERY
24630,12/14/2022,DRUG OFFENSE
24631,12/14/2022,VANDALISM
24632,12/14/2022,FRAUD
24633,14-Dec-2022,ASSAULT
24634,12/14/2022,ASSAULT
24635,2022-12-14,ROBBERY
24636,12/14/2022,BURGLARY
24637,12/14/2022,ASSAULT
24638,14-Dec-2022,THEFT
24639,2022-12-14,OTHER
24640,12/14/2022,BURGLARY
24641,2022-12-14,DRUG OFFENSE
24642,2022-12-14,FRAUD
24643,14-Dec-2022,DRUG OFFENSE
24644,14-Dec-2022,VANDALISM
24645,14-Dec-2022,OTHER
24646,14-Dec-2022,DRUG OFFENSE
24647,14-Dec-2022,DRUG OFFENSE
24648,12/14/2022,FRAUD
24649,2022-12-14,OTHER
24650,12/14/2022,FRAUD
24651,14-Dec-2022,ASSAULT
24652,14-Dec-2022,OTHER
24653,2022-12-14,ASSAULT
24654,14-Dec-2022,OTHER
24655,2022-12-14,BURGLARY
24656,12/14/2022,ASSAULT
24657,12/15/2022,ROBBERY
24658,15-Dec-2022,ASSAULT
24659,2022-12-15,DRUG OFFENSE
24660,12/15/2022,ASSAULT
24661,15-Dec-2022,THEFT
24662,15-Dec-2022,FRAUD
24663,12/15/2022,FRAUD
24664,12/15/2022,FRAUD
24665,2022-12-15,FRAUD
24666,12/15/2022,VANDALISM
24667,2022-12-15,ROBBERY
24668,12/15/2022,ROBBERY
24669,12/15/2022,OTHER
24670,2022-12-15,ASSAULT
24671,15-Dec-2022,VANDALISM
24672,12/15/2022,THEFT
24673,12/15/2022,DRUG OFFENSE
24674,12/15/2022,FRAUD
24675,2022-12-15,ASSAULT
24676,15-Dec-2022,ASSAULT
24677,15-Dec-2022,DRUG OFFENSE
24678,2022-12-15,THEFT
24679,15-Dec-2022,OTHER
24680,2022-12-15,OTHER
24681,12/15/2022,VANDALISM
24682,2022-12-15,VANDALISM
24683,2022-12-15,BURGLARY
24684,2022-12-15,VANDALISM
24685,12/15/2022,BURGLARY
24686,15-Dec-2022,ASSAULT
24687,12/15/2022,DRUG OFFENSE
24688,12/15/2022,BURGLARY
24689,2022-12-15,DRUG OFFENSE
24690,12/15/2022,ASSAULT
24691,12/15/2022,ASSAULT
24692,15-Dec-2022,BURGLARY
24693,15-Dec-2022,ASSAULT
24694,15-Dec-2022,THEFT
24695,16-Dec-2022,BURGLARY
24696,12/16/2022,BURGLARY
24697,12/16/2022,ASSAULT
24698,12/16/2022,FRAUD
24699,12/16/2022,OTHER
24700,12/16/2022,ROBBERY
24701,16-Dec-2022,BURGLARY
24702,16-Dec-2022,OTHER
24703,12/16/2022,ROBBERY
24704,2022-12-16,DRUG OFFENSE
24705,16-Dec-2022,DRUG OFFENSE
24706,16-Dec-2022,DRUG OFFENSE
24707,16-Dec-2022,ASSAULT
24708,16-Dec-2022,FRAUD
24709,16-Dec-2022,THEFT
24710,12/16/2022,BURGLARY
24711,12/16/2022,OTHER
24712,12/16/2022,THEFT
24713,12/16/2022,THEFT
24714,2022-12-16,THEFT
24715,2022-12-16,OTHER
24716,12/16/2022,DRUG OFFENSE
24717,12/16/2022,BURGLARY
24718,2022-12-16,BURGLARY
24719,16-Dec-2022,ROBBERY
24720,12/16/2022,ROBBERY
24721,2022-12-16,THEFT
24722,2022-12-16,ROBBERY
24723,2022-12-17,OTHER
24724,17-Dec-2022,ROBBERY
24725,17-Dec-2022,BURGLARY
24726,2022-12-17,BURGLARY
24727,2022-12-17,ASSAULT
24728,17-Dec-2022,DRUG OFFENSE
24729,2022-12-17,ROBBERY
24730,12/17/2022,THEFT
24731,12/17/2022,THEFT
24732,17-Dec-2022,BURGLARY
24733,2022-12-17,VANDALISM
24734,17-Dec-2022,FRAUD
24735,12/17/2022,OTHER
24736,12/17/2022,VANDALISM
24737,12/17/2022,FRAUD
24738,2022-12-17,VANDALISM
24739,2022-12-17,THEFT
24740,17-Dec-2022,THEFT
24741,2022-12-17,OTHER
24742,2022-12-17,ROBBERY
24743,12/17/2022,ROBBERY
24744,17-Dec-2022,ROBBERY
24745,12/17/2022,OTHER
24746,12/17/2022,DRUG OFFENSE
24747,2022-12-17,ASSAULT
24748,17-Dec-2022,THEFT
24749,12/17/2022,ASSAULT
24750,17-Dec-2022,ASSAULT
24751,12/17/2022,ASSAULT
24752,2022-12-17,BURGLARY
24753,12/17/2022,THEFT
24754,12/17/2022,FRAUD
24755,2022-12-17,OTHER
24756,12/17/2022,ASSAULT
24757,17-Dec-2022,THEFT
24758,2022-12-17,THEFT
24759,17-Dec-2022,OTHER
24760,12/18/2022,DRUG OFFENSE
24761,2022-12-18,DRUG OFFENSE
24762,12/18/2022,VANDALISM
24763,18-Dec-2022,ASSAULT
24764,18-Dec-2022,ASSAULT
24765,12/18/2022,FRAUD
24766,12/18/2022,BURGLARY
24767,2022-12-18,ASSAULT
24768,2022-12-18,ROBBERY
24769,12/18/2022,OTHER
24770,12/18/2022,FRAUD
24771,12/18/2022,ASSAULT
24772,2022-12-18,BURGLARY
24773,18-Dec-2022,BURGLARY
24774,12/18/2022,ROBBERY
24775,2022-12-18,ROBBERY
24776,12/18/2022,VANDALISM
24777,12/18/2022,FRAUD
24778,12/18/2022,ASSAULT
24779,12/18/2022,BURGLARY
24780,18-Dec-2022,ROBBERY
24781,12/18/2022,BURGLARY
24782,2022-12-18,VANDALISM
24783,12/18/2022,ASSAULT
24784,12/18/2022,FRAUD
24785,2022-12-18,ROBBERY
24786,2022-12-18,FRAUD
24787,12/18/2022,FRAUD
24788,18-Dec-2022,BURGLARY
24789,12/18/2022,OTHER
24790,12/19/2022,DRUG OFFENSE
24791,19-Dec-2022,VANDALISM
24792,12/19/2022,BURGLARY
24793,19-Dec-2022,FRAUD
24794,19-Dec-2022,THEFT
24795,19-Dec-2022,ASSAULT
24796,12/19/2022,DRUG OFFENSE
24797,12/19/2022,VANDALISM
24798,12/19/2022,THEFT
24799,12/19/2022,DRUG OFFENSE
24800,2022-12-19,DRUG OFFENSE
24801,2022-12-19,THEFT
24802,19-Dec-2022,ROBBERY
24803,19-Dec-2022,DRUG OFFENSE
24804,12/19/2022,FRAUD
24805,12/19/2022,BURGLARY
24806,19-Dec-2022,BURGLARY
24807,12/19/2022,FRAUD
24808,12/19/2022,FRAUD
24809,2022-12-19,DRUG OFFENSE
24810,19-Dec-2022,FRAUD
24811,19-Dec-2022,ASSAULT
24812,2022-12-19,FRAUD
24813,12/19/2022,THEFT
24814,2022-12-19,OTHER
24815,19-Dec-2022,BURGLARY
24816,19-Dec-2022,OTHER
24817,12/19/2022,THEFT
24818,12/19/2022,THEFT
24819,12/19/2022,ROBBERY
24820,12/19/2022,FRAUD
24821,19-Dec-2022,THEFT
24822,12/19/2022,ROBBERY
24823,19-Dec-2022,BURGLARY
24824,12/19/2022,THEFT
24825,2022-12-20,BURGLARY
24826,2022-12-20,ASSAULT
24827,20-Dec-2022,OTHER
24828,20-Dec-2022,ASSAULT
24829,20-Dec-2022,DRUG OFFENSE
24830,20-Dec-2022,THEFT
24831,12/20/2022,BURGLARY
24832,12/20/2022,OTHER
24833,20-Dec-2022,ROBBERY
24834,12/20/2022,DRUG OFFENSE
24835,20-Dec-2022,DRUG OFFENSE
24836,12/20/2022,DRUG OFFENSE
24837,12/20/2022,BURGLARY
24838,20-Dec-2022,ROBBERY
24839,12/20/2022,ROBBERY
24840,12/20/2022,VANDALISM
24841,2022-12-20,OTHER
24842,2022-12-20,DRUG OFFENSE
24843,12/20/2022,DRUG OFFENSE
24844,12/20/2022,BURGLARY
24845,12/20/2022,THEFT
24846,12/20/2022,VANDALISM
24847,2022-12-20,FRAUD
24848,2022-12-20,THEFT
24849,21-Dec-2022,ROBBERY
24850,21-Dec-2022,OTHER
24851,2022-12-21,BURGLARY
24852,12/21/2022,FRAUD
24853,2022-12-21,ASSAULT
24854,21-Dec-2022,VANDALISM
24855,2022-12-21,FRAUD
24856,21-Dec-2022,THEFT
24857,2022-12-21,THEFT
24858,2022-12-21,DRUG OFFENSE
24859,12/21/2022,BURGLARY
24860,21-Dec-2022,THEFT
24861,12/21/2022,BURGLARY
24862,12/21/2022,FRAUD
24863,2022-12-21,ROBBERY
24864,2022-12-21,THEFT
24865,21-Dec-2022,DRUG OFFENSE
24866,2022-12-21,OTHER
24867,21-Dec-2022,THEFT
24868,12/21/2022,VANDALISM
24869,2022-12-21,DRUG OFFENSE
24870,12/21/2022,VANDALISM
24871,12/21/2022,FRAUD
24872,2022-12-21,ROBBERY
24873,12/21/2022,OTHER
24874,21-Dec-2022,VANDALISM
24875,12/21/2022,BURGLARY
24876,21-Dec-2022,BURGLARY
24877,12/21/2022,FRAUD
24878,2022-12-21,THEFT
24879,2022-12-21,FRAUD
24880,21-Dec-2022,DRUG OFFENSE
24881,2022-12-21,DRUG OFFENSE
24882,21-Dec-2022,ASSAULT
24883,2022-12-21,OTHER
24884,21-Dec-2022,VANDALISM
24885,21-Dec-2022,THEFT
24886,12/21/2022,BURGLARY
24887,12/21/2022,ROBBERY
24888,12/22/2022,DRUG OFFENSE
24889,2022-12-22,BURGLARY
24890,12/22/2022,ASSAULT
24891,22-Dec-2022,THEFT
24892,12/22/2022,OTHER
24893,12/22/2022,FRAUD
24894,2022-12-22,ROBBERY
24895,2022-12-22,ASSAULT
24896,2022-12-22,BURGLARY
24897,12/22/2022,FRAUD
24898,22-Dec-2022,OTHER
24899,12/22/2022,OTHER
24900,22-Dec-2022,ROBBERY
24901,2022-12-22,ASSAULT
24902,22-Dec-2022,DRUG OFFENSE
24903,22-Dec-2022,BURGLARY
24904,2022-12-22,VANDALISM
24905,22-Dec-2022,BURGLARY
24906,12/22/2022,DRUG OFFENSE
24907,2022-12-22,VANDALISM
24908,22-Dec-2022,ASSAULT
24909,22-Dec-2022,THEFT
24910,2022-12-22,ROBBERY
24911,2022-12-22,VANDALISM
24912,22-Dec-2022,DRUG OFFENSE
24913,2022-12-22,ROBBERY
24914,12/22/2022,FRAUD
24915,22-Dec-2022,VANDALISM
24916,22-Dec-2022,FRAUD
24917,2022-12-22,ROBBERY
24918,12/22/2022,DRUG OFFENSE
24919,2022-12-22,THEFT
24920,2022-12-22,FRAUD
24921,12/22/2022,DRUG OFFENSE
24922,12/22/2022,VANDALISM
24923,2022-12-22,DRUG OFFENSE
24924,2022-12-22,BURGLARY
24925,12/23/2022,DRUG OFFENSE
24926,23-Dec-2022,THEFT
24927,12/23/2022,DRUG OFFENSE
24928,2022-12-23,OTHER
24929,12/23/2022,VANDALISM
24930,2022-12-23,FRAUD
24931,2022-12-23,THEFT
24932,12/23/2022,BURGLARY
24933,12/23/2022,FRAUD
24934,2022-12-23,ASSAULT
24935,2022-12-23,FRAUD
24936,2022-12-23,OTHER
24937,12/23/2022,DRUG OFFENSE
24938,23-Dec-2022,BURGLARY
24939,2022-12-23,THEFT
24940,12/23/2022,ASSAULT
24941,12/23/2022,FRAUD
24942,12/23/2022,VANDALISM
24943,2022-12-23,OTHER
24944,23-Dec-2022,THEFT
24945,12/23/2022,FRAUD
24946,23-Dec-2022,OTHER
24947,2022-12-23,BURGLARY
24948,12/23/2022,ROBBERY
24949,2022-12-23,VANDALISM
24950,12/23/2022,ROBBERY
24951,2022-12-23,FRAUD
24952,2022-12-24,VANDALISM
24953,2022-12-24,ROBBERY
24954,2022-12-24,OTHER
24955,24-Dec-2022,THEFT
24956,2022-12-24,ASSAULT
24957,12/24/2022,FRAUD
24958,2022-12-24,OTHER
24959,24-Dec-2022,ASSAULT
24960,2022-12-24,BURGLARY
24961,12/24/2022,OTHER
24962,24-Dec-2022,THEFT
24963,12/24/2022,VANDALISM
24964,12/24/2022,ASSAULT
24965,24-Dec-2022,THEFT
24966,2022-12-24,THEFT
24967,12/24/2022,VANDALISM
24968,12/24/2022,ROBBERY
24969,24-Dec-2022,BURGLARY
24970,24-Dec-2022,DRUG OFFENSE
24971,12/24/2022,VANDALISM
24972,12/24/2022,VANDALISM
24973,12/24/2022,ROBBERY
24974,24-Dec-2022,BURGLARY
24975,2022-12-24,BURGLARY
24976,2022-12-24,BURGLARY
24977,2022-12-24,ASSAULT
24978,12/24/2022,FRAUD
24979,12/24/2022,ASSAULT
24980,12/24/2022,OTHER
24981,12/24/2022,BURGLARY
24982,12/24/2022,OTHER
24983,12/24/2022,FRAUD
24984,12/24/2022,ROBBERY
24985,12/24/2022,VANDALISM
24986,12/24/2022,DRUG OFFENSE
24987,25-Dec-2022,THEFT
24988,12/25/2022,BURGLARY
24989,2022-12-25,FRAUD
24990,2022-12-25,FRAUD
24991,12/25/2022,DRUG OFFENSE
24992,12/25/2022,VANDALISM
24993,25-Dec-2022,THEFT
24994,25-Dec-2022,BURGLARY
24995,25-Dec-2022,THEFT
24996,2022-12-25,VANDALISM
24997,2022-12-25,VANDALISM
24998,12/25/2022,THEFT
24999,25-Dec-2022,FRAUD
25000,25-Dec-2022,ASSAULT
25001,12/25/2022,BURGLARY
25002,25-Dec-2022,VANDALISM
25003,2022-12-25,ROBBERY
25004,12/25/2022,ASSAULT
25005,12/25/2022,OTHER
25006,25-Dec-2022,VANDALISM
25007,25-Dec-2022,THEFT
25008,2022-12-25,ROBBERY
25009,12/25/2022,ROBBERY
25010,12/25/2022,ROBBERY
25011,12/25/2022,DRUG OFFENSE
25012,25-Dec-2022,BURGLARY
25013,25-Dec-2022,ASSAULT
25014,25-Dec-2022,DRUG OFFENSE
25015,12/25/2022,FRAUD
25016,25-Dec-2022,DRUG OFFENSE
25017,2022-12-25,DRUG OFFENSE
25018,12/25/2022,ASSAULT
25019,2022-12-25,BURGLARY
25020,2022-12-25,OTHER
25021,12/25/2022,FRAUD
25022,25-Dec-2022,BURGLARY
25023,2022-12-25,THEFT
25024,25-Dec-2022,FRAUD
25025,2022-12-26,BURGLARY
25026,2022-12-26,FRAUD
25027,12/26/2022,VANDALISM
25028,26-Dec-2022,OTHER
25029,12/26/2022,FRAUD
25030,2022-12-26,OTHER
25031,12/26/2022,THEFT
25032,12/26/2022,THEFT
25033,12/26/2022,DRUG OFFENSE
25034,26-Dec-2022,THEFT
25035,26-Dec-2022,FRAUD
25036,2022-12-26,DRUG OFFENSE
25037,26-Dec-2022,ROBBERY
25038,12/26/2022,OTHER
25039,12/26/2022,THEFT
25040,2022-12-26,THEFT
25041,12/26/2022,VANDALISM
25042,26-Dec-2022,ASSAULT
25043,26-Dec-2022,FRAUD
25044,2022-12-26,DRUG OFFENSE
25045,2022-12-26,ROBBERY
25046,12/26/2022,THEFT
25047,12/26/2022,DRUG OFFENSE
25048,12/26/2022,FRAUD
25049,26-Dec-2022,FRAUD
25050,2022-12-26,OTHER
25051,2022-12-26,OTHER
25052,2022-12-26,ASSAULT
25053,12/26/2022,ROBBERY
25054,12/26/2022,DRUG OFFENSE
25055,12/27/2022,DRUG OFFENSE
25056,2022-12-27,FRAUD
25057,12/27/2022,VANDALISM
25058,12/27/2022,DRUG OFFENSE
25059,12/27/2022,OTHER
25060,12/27/2022,THEFT
25061,2022-12-27,OTHER
25062,2022-12-27,ROBBERY
25063,12/27/2022,FRAUD
25064,12/27/2022,ASSAULT
25065,2022-12-27,ASSAULT
25066,27-Dec-2022,FRAUD
25067,12/27/2022,DRUG OFFENSE
25068,27-Dec-2022,ROBBERY
25069,12/27/2022,DRUG OFFENSE
25070,27-Dec-2022,VANDALISM
25071,2022-12-27,OTHER
25072,27-Dec-2022,OTHER
25073,12/27/2022,VANDALISM
25074,27-Dec-2022,BURGLARY
25075,12/27/2022,VANDALISM
25076,12/27/2022,ASSAULT
25077,2022-12-27,ASSAULT
25078,27-Dec-2022,DRUG OFFENSE
25079,27-Dec-2022,VANDALISM
25080,2022-12-27,ASSAULT
25081,12/27/2022,DRUG OFFENSE
25082,27-Dec-2022,BURGLARY
25083,27-Dec-2022,FRAUD
25084,12/27/2022,OTHER
25085,27-Dec-2022,OTHER
25086,2022-12-27,ROBBERY
25087,12/27/2022,ASSAULT
25088,12/27/2022,OTHER
25089,27-Dec-2022,ASSAULT
25090,12/27/2022,DRUG OFFENSE
25091,28-Dec-2022,BURGLARY
25092,28-Dec-2022,FRAUD
25093,28-Dec-2022,DRUG OFFENSE
25094,12/28/2022,VANDALISM
25095,12/28/2022,VANDALISM
25096,12/28/2022,OTHER
25097,2022-12-28,DRUG OFFENSE
25098,12/28/2022,ASSAULT
25099,12/28/2022,DRUG OFFENSE
25100,12/28/2022,ROBBERY
25101,12/28/2022,VANDALISM
25102,12/28/2022,OTHER
25103,28-Dec-2022,FRAUD
25104,12/28/2022,VANDALISM
25105,28-Dec-2022,FRAUD
25106,12/28/2022,BURGLARY
25107,2022-12-28,THEFT
25108,12/28/2022,DRUG OFFENSE
25109,2022-12-28,OTHER
25110,2022-12-28,OTHER
25111,28-Dec-2022,ROBBERY
25112,12/28/2022,BURGLARY
25113,12/28/2022,FRAUD
25114,12/28/2022,ASSAULT
25115,2022-12-28,FRAUD
25116,12/28/2022,DRUG OFFENSE
25117,12/28/2022,BURGLARY
25118,12/28/2022,VANDALISM
25119,12/28/2022,FRAUD
25120,12/28/2022,VANDALISM
25121,12/28/2022,THEFT
25122,28-Dec-2022,VANDALISM
25123,2022-12-28,DRUG OFFENSE
25124,12/28/2022,OTHER
25125,12/28/2022,OTHER
25126,28-Dec-2022,VANDALISM
25127,28-Dec-2022,VANDALISM
25128,2022-12-28,ROBBERY
25129,12/29/2022,THEFT
25130,12/29/2022,OTHER
25131,2022-12-29,FRAUD
25132,2022-12-29,THEFT
25133,2022-12-29,THEFT
25134,2022-12-29,VANDALISM
25135,12/29/2022,THEFT
25136,2022-12-29,ASSAULT
25137,12/29/2022,BURGLARY
25138,2022-12-29,VANDALISM
25139,12/29/2022,FRAUD
25140,12/29/2022,OTHER
25141,2022-12-29,BURGLARY
25142,12/29/2022,BURGLARY
25143,12/29/2022,ROBBERY
25144,29-Dec-2022,BURGLARY
25145,29-Dec-2022,BURGLARY
25146,12/29/2022,ASSAULT
25147,12/29/2022,THEFT
25148,12/29/2022,FRAUD
25149,12/29/2022,BURGLARY
25150,2022-12-29,DRUG OFFENSE
25151,2022-12-29,BURGLARY
25152,12/29/2022,BURGLARY
25153,29-Dec-2022,FRAUD
25154,2022-12-29,ROBBERY
25155,12/29/2022,ASSAULT
25156,12/29/2022,ROBBERY
25157,12/29/2022,DRUG OFFENSE
25158,29-Dec-2022,BURGLARY
25159,2022-12-29,VANDALISM
25160,2022-12-29,VANDALISM
25161,30-Dec-2022,VANDALISM
25162,30-Dec-2022,BURGLARY
25163,12/30/2022,DRUG OFFENSE
25164,30-Dec-2022,ROBBERY
25165,2022-12-30,DRUG OFFENSE
25166,12/30/2022,ROBBERY
25167,12/30/2022,BURGLARY
25168,2022-12-30,FRAUD
25169,2022-12-30,FRAUD
25170,30-Dec-2022,BURGLARY
25171,30-Dec-2022,OTHER
25172,2022-12-30,OTHER
25173,30-Dec-2022,ASSAULT
25174,12/30/2022,ROBBERY
25175,12/30/2022,ROBBERY
25176,2022-12-30,FRAUD
25177,12/30/2022,FRAUD
25178,2022-12-30,ROBBERY
25179,12/30/2022,OTHER
25180,12/30/2022,ROBBERY
25181,2022-12-30,BURGLARY
25182,2022-12-30,THEFT
25183,30-Dec-2022,DRUG OFFENSE
25184,30-Dec-2022,VANDALISM
25185,12/30/2022,ROBBERY
25186,12/30/2022,THEFT
25187,30-Dec-2022,DRUG OFFENSE
25188,2022-12-31,VANDALISM
25189,2022-12-31,OTHER
25190,31-Dec-2022,OTHER
25191,2022-12-31,FRAUD
25192,12/31/2022,ROBBERY
25193,2022-12-31,FRAUD
25194,31-Dec-2022,ROBBERY
25195,2022-12-31,ASSAULT
25196,2022-12-31,BURGLARY
25197,31-Dec-2022,THEFT
25198,31-Dec-2022,OTHER
25199,12/31/2022,OTHER
25200,2022-12-31,FRAUD
25201,12/31/2022,FRAUD
25202,2022-12-31,THEFT
25203,12/31/2022,ASSAULT
25204,12/31/2022,BURGLARY
25205,12/31/2022,OTHER
25206,12/31/2022,BURGLARY
25207,12/31/2022,ROBBERY
25208,2022-12-31,ROBBERY
25209,12/31/2022,ROBBERY
25210,31-Dec-2022,BURGLARY
25211,2022-12-31,BURGLARY
25212,2022-12-31,VANDALISM
25213,31-Dec-2022,FRAUD
25214,2022-12-31,FRAUD
25215,31-Dec-2022,OTHER
25216,31-Dec-2022,ASSAULT
25217,12/31/2022,BURGLARY
25218,12/31/2022,BURGLARY
25219,31-Dec-2022,BURGLARY
25220,2022-12-31,BURGLARY
25221,2023-01-01,ROBBERY
25222,2023-01-01,BURGLARY
25223,2023-01-01,OTHER
25224,01/01/2023,OTHER
25225,01-Jan-2023,FRAUD
25226,01-Jan-2023,ASSAULT
25227,01/01/2023,THEFT
25228,01/01/2023,ASSAULT
25229,01/01/2023,THEFT
25230,01/01/2023,OTHER
25231,2023-01-01,OTHER
25232,2023-01-01,DRUG OFFENSE
25233,01/01/2023,BURGLARY
25234,01-Jan-2023,OTHER
25235,01-Jan-2023,OTHER
25236,01/01/2023,OTHER
25237,2023-01-01,FRAUD
25238,01/01/2023,BURGLARY
25239,2023-01-01,OTHER
25240,01-Jan-2023,ASSAULT
25241,2023-01-01,BURGLARY
25242,2023-01-01,BURGLARY
25243,01-Jan-2023,THEFT
25244,01/01/2023,DRUG OFFENSE
25245,2023-01-01,VANDALISM
25246,01-Jan-2023,VANDALISM
25247,01/01/2023,FRAUD
25248,01-Jan-2023,DRUG OFFENSE
25249,2023-01-01,BURGLARY
25250,01/01/2023,ROBBERY
25251,01-Jan-2023,ROBBERY
25252,01/01/2023,ROBBERY
25253,01/01/2023,BURGLARY
25254,2023-01-01,BURGLARY
25255,2023-01-01,ROBBERY
25256,01/01/2023,ROBBERY
25257,2023-01-01,OTHER
25258,2023-01-01,OTHER
25259,2023-01-01,OTHER
25260,2023-01-02,THEFT
25261,01/02/2023,FRAUD
25262,2023-01-02,VANDALISM
25263,02-Jan-2023,BURGLARY
25264,02-Jan-2023,BURGLARY
25265,01/02/2023,OTHER
25266,01/02/2023,OTHER
25267,02-Jan-2023,FRAUD
25268,02-Jan-2023,OTHER
25269,2023-01-02,OTHER
25270,2023-01-02,OTHER
25271,02-Jan-2023,ASSAULT
25272,02-Jan-2023,ASSAULT
25273,02-Jan-2023,OTHER
25274,01/02/2023,FRAUD
25275,02-Jan-2023,THEFT
25276,02-Jan-2023,BURGLARY
25277,01/02/2023,OTHER
25278,03-Jan-2023,THEFT
25279,03-Jan-2023,VANDALISM
25280,2023-01-03,DRUG OFFENSE
25281,03-Jan-2023,DRUG OFFENSE
25282,2023-01-03,BURGLARY
25283,03-Jan-2023,BURGLARY
25284,03-Jan-2023,BURGLARY
25285,2023-01-03,BURGLARY
25286,2023-01-03,VANDALISM
25287,01/03/2023,VANDALISM
25288,2023-01-03,ASSAULT
25289,01/03/2023,DRUG OFFENSE
25290,01/03/2023,ROBBERY
25291,01/03/2023,BURGLARY
25292,03-Jan-2023,ASSAULT
25293,03-Jan-2023,THEFT
25294,03-Jan-2023,VANDALISM
25295,01/03/2023,OTHER
25296,2023-01-03,THEFT
25297,01/03/2023,VANDALISM
25298,01/03/2023,BURGLARY
25299,01/03/2023,ROBBERY
25300,01/03/2023,THEFT
25301,01/03/2023,THEFT
25302,2023-01-03,VANDALISM
25303,01/03/2023,THEFT
25304,01/04/2023,FRAUD
25305,01/04/2023,BURGLARY
25306,04-Jan-2023,ROBBERY
25307,04-Jan-2023,VANDALISM
25308,01/04/2023,ROBBERY
25309,01/04/2023,FRAUD
25310,2023-01-04,VANDALISM
25311,2023-01-04,FRAUD
25312,01/04/2023,VANDALISM
25313,2023-01-04,OTHER
25314,01/04/2023,VANDALISM
25315,04-Jan-2023,THEFT
25316,04-Jan-2023,FRAUD
25317,01/04/2023,VANDALISM
25318,04-Jan-2023,VANDALISM
25319,01/04/2023,THEFT
25320,01/04/2023,OTHER
25321,04-Jan-2023,BURGLARY
25322,04-Jan-2023,ASSAULT
25323,01/04/2023,THEFT
25324,2023-01-04,BURGLARY
25325,04-Jan-2023,ASSAULT
25326,2023-01-04,BURGLARY
25327,04-Jan-2023,THEFT
25328,01/04/2023,ROBBERY
25329,01/04/2023,VANDALISM
25330,04-Jan-2023,THEFT
25331,2023-01-04,FRAUD
25332,04-Jan-2023,OTHER
25333,04-Jan-2023,OTHER
25334,2023-01-05,FRAUD
25335,01/05/2023,ASSAULT
25336,01/05/2023,OTHER
25337,05-Jan-2023,BURGLARY
25338,2023-01-05,FRAUD
25339,01/05/2023,OTHER
25340,2023-01-05,ROBBERY
25341,2023-01-05,FRAUD
25342,2023-01-05,ROBBERY
25343,2023-01-05,FRAUD
25344,2023-01-05,ROBBERY
25345,01/05/2023,OTHER
25346,05-Jan-2023,OTHER
25347,05-Jan-2023,BURGLARY
25348,05-Jan-2023,VANDALISM
25349,2023-01-05,OTHER
25350,05-Jan-2023,FRAUD
25351,05-Jan-2023,ROBBERY
25352,01/05/2023,DRUG OFFENSE
25353,05-Jan-2023,VANDALISM
25354,05-Jan-2023,OTHER
25355,2023-01-05,ASSAULT
25356,2023-01-06,OTHER
25357,2023-01-06,THEFT
25358,06-Jan-2023,DRUG OFFENSE
25359,01/06/2023,VANDALISM
25360,06-Jan-2023,ROBBERY
25361,01/06/2023,DRUG OFFENSE
25362,06-Jan-2023,DRUG OFFENSE
25363,2023-01-06,DRUG OFFENSE
25364,06-Jan-2023,DRUG OFFENSE
25365,01/06/2023,THEFT
25366,06-Jan-2023,VANDALISM
25367,2023-01-06,OTHER
25368,2023-01-06,ROBBERY
25369,2023-01-06,THEFT
25370,06-Jan-2023,FRAUD
25371,01/06/2023,OTHER
25372,01/06/2023,VANDALISM
25373,01/06/2023,DRUG OFFENSE
25374,06-Jan-2023,ROBBERY
25375,01/06/2023,DRUG OFFENSE
25376,06-Jan-2023,DRUG OFFENSE
25377,01/06/2023,VANDALISM
25378,2023-01-06,ASSAULT
25379,01/06/2023,BURGLARY
25380,07-Jan-2023,THEFT
25381,01/07/2023,VANDALISM
25382,07-Jan-2023,THEFT
25383,07-Jan-2023,DRUG OFFENSE
25384,07-Jan-2023,ASSAULT
25385,01/07/2023,BURGLARY
25386,01/07/2023,VANDALISM
25387,01/07/2023,ROBBERY
25388,01/07/2023,FRAUD
25389,01/07/2023,VANDALISM
25390,2023-01-07,VANDALISM
25391,2023-01-07,FRAUD
25392,01/07/2023,BURGLARY
25393,2023-01-07,VANDALISM
25394,07-Jan-2023,FRAUD
25395,07-Jan-2023,ROBBERY
25396,2023-01-07,DRUG OFFENSE
25397,01/07/2023,ROBBERY
25398,2023-01-07,OTHER
25399,07-Jan-2023,DRUG OFFENSE
25400,01/07/2023,ROBBERY
25401,2023-01-07,DRUG OFFENSE
25402,01/07/2023,ASSAULT
25403,01/07/2023,DRUG OFFENSE
25404,07-Jan-2023,THEFT
25405,07-Jan-2023,DRUG OFFENSE
25406,01/07/2023,VANDALISM
25407,2023-01-07,OTHER
25408,07-Jan-2023,THEFT
25409,07-Jan-2023,DRUG OFFENSE
25410,01/07/2023,DRUG OFFENSE
25411,01/07/2023,DRUG OFFENSE
25412,07-Jan-2023,OTHER
25413,07-Jan-2023,FRAUD
25414,01/07/2023,ROBBERY
25415,2023-01-07,THEFT
25416,2023-01-07,FRAUD
25417,08-Jan-2023,VANDALISM
25418,01/08/2023,VANDALISM
25419,2023-01-08,THEFT
25420,01/08/2023,THEFT
25421,2023-01-08,VANDALISM
25422,08-Jan-2023,FRAUD
25423,2023-01-08,THEFT
25424,01/08/2023,ASSAULT
25425,08-Jan-2023,VANDALISM
25426,01/08/2023,THEFT
25427,01/08/2023,ASSAULT
25428,2023-01-08,VANDALISM
25429,01/08/2023,ROBBERY
25430,01/08/2023,DRUG OFFENSE
25431,01/08/2023,BURGLARY
25432,2023-01-08,ASSAULT
25433,08-Jan-2023,BURGLARY
25434,08-Jan-2023,THEFT
25435,08-Jan-2023,DRUG OFFENSE
25436,2023-01-08,DRUG OFFENSE
25437,01/08/2023,FRAUD
25438,08-Jan-2023,THEFT
25439,08-Jan-2023,FRAUD
25440,2023-01-08,ROBBERY
25441,2023-01-08,THEFT
25442,01/08/2023,DRUG OFFENSE
25443,01/08/2023,ASSAULT
25444,01/08/2023,FRAUD
25445,01/08/2023,VANDALISM
25446,2023-01-08,VANDALISM
25447,01/08/2023,ASSAULT
25448,01/08/2023,OTHER
25449,08-Jan-2023,OTHER
25450,01/08/2023,THEFT
25451,08-Jan-2023,VANDALISM
25452,2023-01-08,BURGLARY
25453,01/08/2023,FRAUD
25454,08-Jan-2023,VANDALISM
25455,01/08/2023,ROBBERY
25456,2023-01-08,ASSAULT
25457,2023-01-08,DRUG OFFENSE
25458,08-Jan-2023,ASSAULT
25459,2023-01-08,BURGLARY
25460,2023-01-08,DRUG OFFENSE
25461,01/09/2023,FRAUD
25462,09-Jan-2023,ASSAULT
25463,09-Jan-2023,OTHER
25464,2023-01-09,FRAUD
25465,01/09/2023,OTHER
25466,2023-01-09,FRAUD
25467,2023-01-09,OTHER
25468,2023-01-09,FRAUD
25469,2023-01-09,ASSAULT
25470,09-Jan-2023,ROBBERY
25471,2023-01-09,ASSAULT
25472,09-Jan-2023,ROBBERY
25473,01/09/2023,FRAUD
25474,2023-01-09,OTHER
25475,09-Jan-2023,FRAUD
25476,09-Jan-2023,VANDALISM
25477,01/09/2023,DRUG OFFENSE
25478,2023-01-09,OTHER
25479,2023-01-09,THEFT
25480,01/09/2023,ROBBERY
25481,09-Jan-2023,OTHER
25482,2023-01-09,DRUG OFFENSE
25483,09-Jan-2023,FRAUD
25484,10-Jan-2023,VANDALISM
25485,2023-01-10,ROBBERY
25486,10-Jan-2023,FRAUD
25487,10-Jan-2023,ASSAULT
25488,01/10/2023,VANDALISM
25489,2023-01-10,BURGLARY
25490,01/10/2023,FRAUD
25491,01/10/2023,DRUG OFFENSE
25492,10-Jan-2023,ASSAULT
25493,2023-01-10,FRAUD
25494,10-Jan-2023,BURGLARY
25495,01/10/2023,THEFT
25496,01/10/2023,OTHER
25497,10-Jan-2023,THEFT
25498,10-Jan-2023,THEFT
25499,01/10/2023,VANDALISM
25500,01/10/2023,ROBBERY
25501,2023-01-10,BURGLARY
25502,2023-01-10,ROBBERY
25503,2023-01-10,THEFT
25504,2023-01-10,DRUG OFFENSE
25505,01/10/2023,OTHER
25506,10-Jan-2023,OTHER
25507,01/11/2023,BURGLARY
25508,01/11/2023,THEFT
25509,11-Jan-2023,THEFT
25510,01/11/2023,OTHER
25511,01/11/2023,OTHER
25512,2023-01-11,BURGLARY
25513,2023-01-11,FRAUD
25514,01/11/2023,DRUG OFFENSE
25515,01/11/2023,FRAUD
25516,11-Jan-2023,DRUG OFFENSE
25517,11-Jan-2023,THEFT
25518,01/11/2023,DRUG OFFENSE
25519,01/11/2023,THEFT
25520,11-Jan-2023,THEFT
25521,01/11/2023,FRAUD
25522,2023-01-11,VANDALISM
25523,01/11/2023,VANDALISM
25524,11-Jan-2023,DRUG OFFENSE
25525,11-Jan-2023,BURGLARY
25526,11-Jan-2023,DRUG OFFENSE
25527,01/11/2023,OTHER
25528,01/11/2023,THEFT
25529,01/11/2023,THEFT
25530,01/11/2023,FRAUD
25531,11-Jan-2023,DRUG OFFENSE
25532,2023-01-11,ASSAULT
25533,11-Jan-2023,VANDALISM
25534,01/11/2023,OTHER
25535,2023-01-11,THEFT
25536,11-Jan-2023,OTHER
25537,11-Jan-2023,ROBBERY
25538,01/11/2023,BURGLARY
25539,11-Jan-2023,THEFT
25540,2023-01-11,BURGLARY
25541,01/11/2023,FRAUD
25542,01/12/2023,DRUG OFFENSE
25543,2023-01-12,THEFT
25544,01/12/2023,OTHER
25545,12-Jan-2023,FRAUD
25546,01/12/2023,OTHER
25547,01/12/2023,FRAUD
25548,01/12/2023,VANDALISM
25549,01/12/2023,ASSAULT
25550,01/12/2023,DRUG OFFENSE
25551,2023-01-12,THEFT
25552,2023-01-12,DRUG OFFENSE
25553,01/12/2023,VANDALISM
25554,01/12/2023,FRAUD
25555,01/12/2023,FRAUD
25556,01/12/2023,OTHER
25557,2023-01-12,OTHER
25558,12-Jan-2023,DRUG OFFENSE
25559,01/12/2023,FRAUD
25560,2023-01-12,THEFT
25561,12-Jan-2023,ASSAULT
25562,01/12/2023,ASSAULT
25563,01/12/2023,BURGLARY
25564,2023-01-13,VANDALISM
25565,01/13/2023,DRUG OFFENSE
25566,2023-01-13,FRAUD
25567,2023-01-13,VANDALISM
25568,2023-01-13,VANDALISM
25569,2023-01-13,ROBBERY
25570,2023-01-13,THEFT
25571,2023-01-13,FRAUD
25572,01/13/2023,FRAUD
25573,01/13/2023,VANDALISM
25574,13-Jan-2023,BURGLARY
25575,2023-01-13,VANDALISM
25576,2023-01-13,VANDALISM
25577,2023-01-13,ASSAULT
25578,2023-01-13,ASSAULT
25579,2023-01-13,ASSAULT
25580,01/13/2023,FRAUD
25581,2023-01-13,ASSAULT
25582,2023-01-13,THEFT
25583,01/13/2023,DRUG OFFENSE
25584,01/13/2023,ROBBERY
25585,01/13/2023,THEFT
25586,13-Jan-2023,VANDALISM
25587,2023-01-13,ASSAULT
25588,13-Jan-2023,FRAUD
25589,01/13/2023,ROBBERY
25590,2023-01-13,BURGLARY
25591,2023-01-13,BURGLARY
25592,01/13/2023,ASSAULT
25593,01/13/2023,ROBBERY
25594,13-Jan-2023,VANDALISM
25595,14-Jan-2023,VANDALISM
25596,01/14/2023,OTHER
25597,2023-01-14,VANDALISM
25598,01/14/2023,VANDALISM
25599,14-Jan-2023,ROBBERY
25600,01/14/2023,OTHER
25601,14-Jan-2023,FRAUD
25602,2023-01-14,BURGLARY
25603,01/14/2023,VANDALISM
25604,01/14/2023,BURGLARY
25605,2023-01-14,ASSAULT
25606,01/14/2023,THEFT
25607,01/14/2023,VANDALISM
25608,2023-01-14,DRUG OFFENSE
25609,14-Jan-2023,THEFT
25610,01/14/2023,ASSAULT
25611,2023-01-14,FRAUD
25612,01/14/2023,OTHER
25613,2023-01-14,DRUG OFFENSE
25614,01/14/2023,ASSAULT
25615,14-Jan-2023,FRAUD
25616,01/14/2023,FRAUD
25617,14-Jan-2023,DRUG OFFENSE
25618,01/14/2023,FRAUD
25619,01/14/2023,ROBBERY
25620,01/14/2023,ROBBERY
25621,14-Jan-2023,OTHER
25622,01/14/2023,DRUG OFFENSE
25623,01/14/2023,ROBBERY
25624,14-Jan-2023,FRAUD
25625,2023-01-15,FRAUD
25626,2023-01-15,BURGLARY
25627,2023-01-15,FRAUD
25628,01/15/2023,FRAUD
25629,15-Jan-2023,BURGLARY
25630,15-Jan-2023,ROBBERY
25631,01/15/2023,THEFT
25632,15-Jan-2023,VANDALISM
25633,2023-01-15,ASSAULT
25634,01/15/2023,DRUG OFFENSE
25635,01/15/2023,OTHER
25636,2023-01-15,FRAUD
25637,01/15/2023,ROBBERY
25638,15-Jan-2023,BURGLARY
25639,15-Jan-2023,VANDALISM
25640,15-Jan-2023,THEFT
25641,01/15/2023,ASSAULT
25642,15-Jan-2023,VANDALISM
25643,01/15/2023,DRUG OFFENSE
25644,01/15/2023,BURGLARY
25645,01/15/2023,THEFT
25646,01/15/2023,FRAUD
25647,15-Jan-2023,OTHER
25648,15-Jan-2023,BURGLARY
25649,01/15/2023,BURGLARY
25650,15-Jan-2023,VANDALISM
25651,15-Jan-2023,DRUG OFFENSE
25652,2023-01-15,ASSAULT
25653,01/15/2023,FRAUD
25654,15-Jan-2023,ASSAULT
25655,15-Jan-2023,FRAUD
25656,2023-01-15,DRUG OFFENSE
25657,2023-01-15,FRAUD
25658,15-Jan-2023,BURGLARY
25659,01/16/2023,DRUG OFFENSE
25660,2023-01-16,FRAUD
25661,16-Jan-2023,DRUG OFFENSE
25662,16-Jan-2023,ROBBERY
25663,16-Jan-2023,BURGLARY
25664,16-Jan-2023,VANDALISM
25665,01/16/2023,DRUG OFFENSE
25666,2023-01-16,ROBBERY
25667,2023-01-16,VANDALISM
25668,01/16/2023,ASSAULT
25669,2023-01-16,ROBBERY
25670,16-Jan-2023,FRAUD
25671,16-Jan-2023,ASSAULT
25672,2023-01-16,OTHER
25673,01/16/2023,ASSAULT
25674,01/16/2023,OTHER
25675,2023-01-16,THEFT
25676,16-Jan-2023,BURGLARY
25677,01/16/2023,ASSAULT
25678,01/16/2023,BURGLARY
25679,01/16/2023,BURGLARY
25680,01/16/2023,ASSAULT
25681,2023-01-16,VANDALISM
25682,01/16/2023,DRUG OFFENSE
25683,01/16/2023,THEFT
25684,01/16/2023,ROBBERY
25685,2023-01-16,BURGLARY
25686,01/16/2023,ROBBERY
25687,01/16/2023,ASSAULT
25688,01/16/2023,ROBBERY
25689,16-Jan-2023,DRUG OFFENSE
25690,2023-01-16,VANDALISM
25691,16-Jan-2023,OTHER
25692,01/16/2023,BURGLARY
25693,16-Jan-2023,BURGLARY
25694,16-Jan-2023,VANDALISM
25695,01/16/2023,DRUG OFFENSE
25696,17-Jan-2023,DRUG OFFENSE
25697,17-Jan-2023,DRUG OFFENSE
25698,2023-01-17,ROBBERY
25699,01/17/2023,OTHER
25700,01/17/2023,THEFT
25701,2023-01-17,FRAUD
25702,17-Jan-2023,DRUG OFFENSE
25703,01/17/2023,OTHER
25704,01/17/2023,BURGLARY
25705,2023-01-17,THEFT
25706,2023-01-17,OTHER
25707,01/17/2023,ROBBERY
25708,17-Jan-2023,BURGLARY
25709,17-Jan-2023,BURGLARY
25710,2023-01-17,DRUG OFFENSE
25711,2023-01-17,FRAUD
25712,2023-01-17,ROBBERY
25713,01/17/2023,THEFT
25714,01/17/2023,VANDALISM
25715,2023-01-17,FRAUD
25716,01/17/2023,BURGLARY
25717,17-Jan-2023,THEFT
25718,01/17/2023,DRUG OFFENSE
25719,2023-01-17,BURGLARY
25720,2023-01-17,FRAUD
25721,01/17/2023,THEFT
25722,17-Jan-2023,BURGLARY
25723,2023-01-17,THEFT
25724,01/17/2023,THEFT
25725,01/17/2023,THEFT
25726,01/17/2023,ASSAULT
25727,17-Jan-2023,BURGLARY
25728,01/18/2023,OTHER
25729,01/18/2023,ROBBERY
25730,18-Jan-2023,ROBBERY
25731,18-Jan-2023,OTHER
25732,01/18/2023,ROBBERY
25733,2023-01-18,ROBBERY
25734,01/18/2023,FRAUD
25735,01/18/2023,OTHER
25736,18-Jan-2023,ASSAULT
25737,2023-01-18,THEFT
25738,2023-01-18,DRUG OFFENSE
25739,01/18/2023,ASSAULT
25740,01/18/2023,BURGLARY
25741,2023-01-18,FRAUD
25742,2023-01-18,FRAUD
25743,01/18/2023,ROBBERY
25744,2023-01-18,OTHER
25745,01/18/2023,ROBBERY
25746,01/18/2023,VANDALISM
25747,01/18/2023,ROBBERY
25748,2023-01-18,FRAUD
25749,01/19/2023,ASSAULT
25750,19-Jan-2023,THEFT
25751,19-Jan-2023,FRAUD
25752,2023-01-19,ROBBERY
25753,2023-01-19,ROBBERY
25754,2023-01-19,OTHER
25755,2023-01-19,BURGLARY
25756,19-Jan-2023,OTHER
25757,19-Jan-2023,VANDALISM
25758,01/19/2023,OTHER
25759,01/19/2023,ROBBERY
25760,19-Jan-2023,FRAUD
25761,2023-01-19,OTHER
25762,01/19/2023,BURGLARY
25763,01/19/2023,ROBBERY
25764,19-Jan-2023,ASSAULT
25765,19-Jan-2023,VANDALISM
25766,19-Jan-2023,VANDALISM
25767,19-Jan-2023,ASSAULT
25768,19-Jan-2023,DRUG OFFENSE
25769,2023-01-19,OTHER
25770,2023-01-19,BURGLARY
25771,19-Jan-2023,BURGLARY
25772,2023-01-19,ROBBERY
25773,01/19/2023,OTHER
25774,2023-01-19,THEFT
25775,01/19/2023,ASSAULT
25776,19-Jan-2023,FRAUD
25777,01/20/2023,DRUG OFFENSE
25778,2023-01-20,ASSAULT
25779,01/20/2023,DRUG OFFENSE
25780,2023-01-20,FRAUD
25781,20-Jan-2023,VANDALISM
25782,20-Jan-2023,BURGLARY
25783,20-Jan-2023,VANDALISM
25784,20-Jan-2023,OTHER
25785,20-Jan-2023,ASSAULT
25786,01/20/2023,FRAUD
25787,2023-01-20,BURGLARY
25788,2023-01-20,OTHER
25789,01/20/2023,BURGLARY
25790,20-Jan-2023,OTHER
25791,01/20/2023,THEFT
25792,01/20/2023,ASSAULT
25793,01/20/2023,BURGLARY
25794,20-Jan-2023,ROBBERY
25795,20-Jan-2023,VANDALISM
25796,01/20/2023,ROBBERY
25797,2023-01-20,THEFT
25798,01/20/2023,THEFT
25799,01/20/2023,VANDALISM
25800,20-Jan-2023,OTHER
25801,20-Jan-2023,ROBBERY
25802,01/20/2023,THEFT
25803,20-Jan-2023,ROBBERY
25804,2023-01-20,OTHER
25805,01/20/2023,DRUG OFFENSE
25806,20-Jan-2023,ROBBERY
25807,20-Jan-2023,BURGLARY
25808,01/21/2023,THEFT
25809,21-Jan-2023,BURGLARY
25810,21-Jan-2023,OTHER
25811,01/21/2023,ASSAULT
25812,01/21/2023,ASSAULT
25813,2023-01-21,DRUG OFFENSE
25814,21-Jan-2023,THEFT
25815,01/21/2023,ASSAULT
25816,2023-01-21,DRUG OFFENSE
25817,2023-01-21,OTHER
25818,01/21/2023,FRAUD
25819,01/21/2023,VANDALISM
25820,2023-01-21,VANDALISM
25821,2023-01-21,OTHER
25822,01/21/2023,DRUG OFFENSE
25823,21-Jan-2023,FRAUD
25824,21-Jan-2023,THEFT
25825,01/21/2023,BURGLARY
25826,21-Jan-2023,DRUG OFFENSE
25827,01/21/2023,BURGLARY
25828,01/21/2023,FRAUD
25829,2023-01-21,BURGLARY
25830,2023-01-21,OTHER
25831,21-Jan-2023,OTHER
25832,21-Jan-2023,THEFT
25833,01/21/2023,ASSAULT
25834,21-Jan-2023,BURGLARY
25835,2023-01-21,OTHER
25836,21-Jan-2023,VANDALISM
25837,2023-01-21,THEFT
25838,01/21/2023,ROBBERY
25839,22-Jan-2023,ROBBERY
25840,22-Jan-2023,THEFT
25841,22-Jan-2023,THEFT
25842,01/22/2023,VANDALISM
25843,01/22/2023,ASSAULT
25844,2023-01-22,FRAUD
25845,01/22/2023,ROBBERY
25846,2023-01-22,VANDALISM
25847,2023-01-22,ASSAULT
25848,2023-01-22,OTHER
25849,01/22/2023,ASSAULT
25850,22-Jan-2023,VANDALISM
25851,22-Jan-2023,VANDALISM
25852,22-Jan-2023,OTHER
25853,2023-01-22,BURGLARY
25854,2023-01-22,THEFT
25855,22-Jan-2023,ROBBERY
25856,2023-01-22,ROBBERY
25857,2023-01-22,BURGLARY
25858,22-Jan-2023,ASSAULT
25859,01/22/2023,ROBBERY
25860,2023-01-22,OTHER
25861,22-Jan-2023,VANDALISM
25862,01/22/2023,VANDALISM
25863,22-Jan-2023,THEFT
25864,22-Jan-2023,DRUG OFFENSE
25865,22-Jan-2023,VANDALISM
25866,2023-01-22,DRUG OFFENSE
25867,22-Jan-2023,ROBBERY
25868,01/22/2023,THEFT
25869,01/22/2023,THEFT
25870,01/23/2023,VANDALISM
25871,01/23/2023,OTHER
25872,23-Jan-2023,BURGLARY
25873,23-Jan-2023,VANDALISM
25874,2023-01-23,ROBBERY
25875,2023-01-23,DRUG OFFENSE
25876,2023-01-23,THEFT
25877,23-Jan-2023,ASSAULT
25878,01/23/2023,VANDALISM
25879,01/23/2023,BURGLARY
25880,23-Jan-2023,BURGLARY
25881,01/23/2023,OTHER
25882,23-Jan-2023,ROBBERY
25883,01/23/2023,ROBBERY
25884,2023-01-23,OTHER
25885,01/23/2023,BURGLARY
25886,01/23/2023,THEFT
25887,2023-01-23,ASSAULT
25888,2023-01-24,ASSAULT
25889,2023-01-24,VANDALISM
25890,01/24/2023,BURGLARY
25891,24-Jan-2023,OTHER
25892,01/24/2023,OTHER
25893,01/24/2023,ROBBERY
25894,2023-01-24,THEFT
25895,24-Jan-2023,DRUG OFFENSE
25896,01/24/2023,FRAUD
25897,2023-01-24,FRAUD
25898,24-Jan-2023,DRUG OFFENSE
25899,01/24/2023,ROBBERY
25900,2023-01-24,ROBBERY
25901,2023-01-24,VANDALISM
25902,01/24/2023,ROBBERY
25903,24-Jan-2023,THEFT
25904,2023-01-24,OTHER
25905,01/24/2023,DRUG OFFENSE
25906,2023-01-24,ROBBERY
25907,2023-01-24,OTHER
25908,01/24/2023,THEFT
25909,2023-01-24,THEFT
25910,2023-01-24,OTHER
25911,01/24/2023,ASSAULT
25912,24-Jan-2023,ASSAULT
25913,2023-01-24,BURGLARY
25914,2023-01-24,THEFT
25915,01/24/2023,ROBBERY
25916,01/24/2023,DRUG OFFENSE
25917,2023-01-25,DRUG OFFENSE
25918,2023-01-25,BURGLARY
25919,01/25/2023,VANDALISM
25920,01/25/2023,ASSAULT
25921,25-Jan-2023,VANDALISM
25922,2023-01-25,VANDALISM
25923,01/25/2023,BURGLARY
25924,25-Jan-2023,ASSAULT
25925,2023-01-25,DRUG OFFENSE
25926,2023-01-25,ROBBERY
25927,2023-01-25,ASSAULT
25928,01/25/2023,ROBBERY
25929,01/25/2023,FRAUD
25930,25-Jan-2023,ROBBERY
25931,01/25/2023,BURGLARY
25932,01/25/2023,DRUG OFFENSE
25933,25-Jan-2023,THEFT
25934,01/25/2023,THEFT
25935,25-Jan-2023,BURGLARY
25936,01/25/2023,THEFT
25937,2023-01-25,FRAUD
25938,01/26/2023,ROBBERY
25939,01/26/2023,VANDALISM
25940,26-Jan-2023,BURGLARY
25941,26-Jan-2023,OTHER
25942,2023-01-26,VANDALISM
25943,2023-01-26,VANDALISM
25944,2023-01-26,VANDALISM
25945,2023-01-26,THEFT
25946,01/26/2023,DRUG OFFENSE
25947,26-Jan-2023,BURGLARY
25948,01/26/2023,VANDALISM
25949,26-Jan-2023,FRAUD
25950,2023-01-26,VANDALISM
25951,26-Jan-2023,BURGLARY
25952,2023-01-26,BURGLARY
25953,2023-01-26,VANDALISM
25954,2023-01-26,DRUG OFFENSE
25955,26-Jan-2023,ROBBERY
25956,2023-01-26,BURGLARY
25957,01/26/2023,VANDALISM
25958,2023-01-26,FRAUD
25959,01/26/2023,BURGLARY
25960,26-Jan-2023,VANDALISM
25961,2023-01-26,BURGLARY
25962,2023-01-26,ROBBERY
25963,2023-01-26,ASSAULT
25964,01/26/2023,VANDALISM
25965,01/26/2023,ROBBERY
25966,01/26/2023,THEFT
25967,01/26/2023,VANDALISM
25968,01/26/2023,THEFT
25969,01/26/2023,VANDALISM
25970,27-Jan-2023,ASSAULT
25971,01/27/2023,VANDALISM
25972,27-Jan-2023,DRUG OFFENSE
25973,01/27/2023,ASSAULT
25974,27-Jan-2023,DRUG OFFENSE
25975,27-Jan-2023,ROBBERY
25976,2023-01-27,ASSAULT
25977,01/27/2023,VANDALISM
25978,01/28/2023,ROBBERY
25979,28-Jan-2023,THEFT
25980,28-Jan-2023,VANDALISM
25981,01/28/2023,FRAUD
25982,28-Jan-2023,THEFT
25983,2023-01-28,VANDALISM
25984,01/28/2023,BURGLARY
25985,2023-01-28,BURGLARY
25986,28-Jan-2023,VANDALISM
25987,28-Jan-2023,ROBBERY
25988,2023-01-28,OTHER
25989,28-Jan-2023,FRAUD
25990,01/28/2023,ASSAULT
25991,01/28/2023,ASSAULT
25992,01/28/2023,DRUG OFFENSE
25993,01/28/2023,ASSAULT
25994,01/28/2023,VANDALISM
25995,28-Jan-2023,THEFT
25996,01/28/2023,BURGLARY
25997,2023-01-28,OTHER
25998,28-Jan-2023,VANDALISM
25999,28-Jan-2023,ASSAULT
26000,01/28/2023,OTHER
26001,2023-01-28,THEFT
26002,28-Jan-2023,DRUG OFFENSE
26003,28-Jan-2023,ASSAULT
26004,28-Jan-2023,ASSAULT
26005,01/28/2023,ASSAULT
26006,28-Jan-2023,ROBBERY
26007,01/28/2023,ROBBERY
26008,2023-01-28,VANDALISM
26009,2023-01-28,FRAUD
26010,01/28/2023,ASSAULT
26011,2023-01-28,BURGLARY
26012,01/28/2023,ASSAULT
26013,2023-01-28,BURGLARY
26014,01/28/2023,OTHER
26015,29-Jan-2023,ASSAULT
26016,01/29/2023,ROBBERY
26017,29-Jan-2023,THEFT
26018,2023-01-29,THEFT
26019,29-Jan-2023,OTHER
26020,2023-01-29,OTHER
26021,01/29/2023,ROBBERY
26022,01/29/2023,VANDALISM
26023,2023-01-29,DRUG OFFENSE
26024,2023-01-29,ROBBERY
26025,2023-01-29,BURGLARY
26026,29-Jan-2023,VANDALISM
26027,29-Jan-2023,DRUG OFFENSE
26028,01/29/2023,FRAUD
26029,29-Jan-2023,BURGLARY
26030,29-Jan-2023,ASSAULT
26031,29-Jan-2023,OTHER
26032,01/29/2023,ASSAULT
26033,01/29/2023,ROBBERY
26034,2023-01-29,OTHER
26035,2023-01-29,VANDALISM
26036,29-Jan-2023,FRAUD
26037,01/29/2023,VANDALISM
26038,01/29/2023,FRAUD
26039,29-Jan-2023,BURGLARY
26040,01/29/2023,OTHER
26041,01/29/2023,THEFT
26042,30-Jan-2023,BURGLARY
26043,30-Jan-2023,BURGLARY
26044,2023-01-30,ASSAULT
26045,30-Jan-2023,BURGLARY
26046,30-Jan-2023,ASSAULT
26047,30-Jan-2023,ASSAULT
26048,01/30/2023,VANDALISM
26049,2023-01-30,VANDALISM
26050,30-Jan-2023,OTHER
26051,01/30/2023,ASSAULT
26052,01/30/2023,VANDALISM
26053,2023-01-30,VANDALISM
26054,01/30/2023,ROBBERY
26055,01/30/2023,ROBBERY
26056,2023-01-30,ASSAULT
26057,30-Jan-2023,ROBBERY
26058,01/30/2023,ASSAULT
26059,01/30/2023,THEFT
26060,01/30/2023,ASSAULT
26061,01/30/2023,OTHER
26062,01/30/2023,FRAUD
26063,01/30/2023,OTHER
26064,30-Jan-2023,FRAUD
26065,2023-01-30,BURGLARY
26066,30-Jan-2023,VANDALISM
26067,30-Jan-2023,DRUG OFFENSE
26068,2023-01-30,VANDALISM
26069,01/30/2023,ROBBERY
26070,2023-01-30,DRUG OFFENSE
26071,2023-01-30,OTHER
26072,2023-01-30,THEFT
26073,2023-01-31,THEFT
26074,31-Jan-2023,BURGLARY
26075,01/31/2023,OTHER
26076,01/31/2023,ASSAULT
26077,31-Jan-2023,DRUG OFFENSE
26078,2023-01-31,ASSAULT
26079,31-Jan-2023,ROBBERY
26080,01/31/2023,DRUG OFFENSE
26081,31-Jan-2023,BURGLARY
26082,31-Jan-2023,OTHER
26083,01/31/2023,OTHER
26084,2023-01-31,ASSAULT
26085,31-Jan-2023,THEFT
26086,31-Jan-2023,BURGLARY
26087,31-Jan-2023,THEFT
26088,2023-01-31,OTHER
26089,2023-01-31,FRAUD
26090,01/31/2023,ASSAULT
26091,01/31/2023,VANDALISM
26092,01/31/2023,ROBBERY
26093,01/31/2023,VANDALISM
26094,2023-01-31,FRAUD
26095,01/31/2023,ASSAULT
26096,2023-01-31,VANDALISM
26097,01/31/2023,FRAUD
26098,2023-01-31,FRAUD
26099,2023-01-31,FRAUD
26100,01/31/2023,OTHER
26101,31-Jan-2023,THEFT
26102,31-Jan-2023,ROBBERY
26103,01/31/2023,VANDALISM
26104,31-Jan-2023,DRUG OFFENSE
26105,31-Jan-2023,ASSAULT
26106,2023-01-31,DRUG OFFENSE
26107,31-Jan-2023,VANDALISM
26108,01-Feb-2023,BURGLARY
26109,01-Feb-2023,ASSAULT
26110,01-Feb-2023,THEFT
26111,2023-02-01,OTHER
26112,01-Feb-2023,THEFT
26113,01-Feb-2023,FRAUD
26114,01-Feb-2023,BURGLARY
26115,02/01/2023,ASSAULT
26116,01-Feb-2023,VANDALISM
26117,02/01/2023,BURGLARY
26118,01-Feb-2023,OTHER
26119,01-Feb-2023,THEFT
26120,2023-02-01,ASSAULT
26121,2023-02-01,BURGLARY
26122,01-Feb-2023,ASSAULT
26123,01-Feb-2023,VANDALISM
26124,2023-02-01,BURGLARY
26125,02/01/2023,THEFT
26126,02/01/2023,ROBBERY
26127,01-Feb-2023,ROBBERY
26128,02/01/2023,VANDALISM
26129,2023-02-01,BURGLARY
26130,2023-02-01,BURGLARY
26131,02/01/2023,FRAUD
26132,02/01/2023,FRAUD
26133,01-Feb-2023,BURGLARY
26134,02/01/2023,DRUG OFFENSE
26135,02/01/2023,ROBBERY
26136,2023-02-01,THEFT
26137,2023-02-01,FRAUD
26138,02/01/2023,THEFT
26139,02/01/2023,VANDALISM
26140,01-Feb-2023,ASSAULT
26141,02/01/2023,THEFT
26142,2023-02-01,FRAUD
26143,02/01/2023,DRUG OFFENSE
26144,01-Feb-2023,BURGLARY
26145,02-Feb-2023,THEFT
26146,02-Feb-2023,VANDALISM
26147,2023-02-02,VANDALISM
26148,02-Feb-2023,DRUG OFFENSE
26149,02-Feb-2023,OTHER
26150,2023-02-02,ASSAULT
26151,02/02/2023,THEFT
26152,02/02/2023,OTHER
26153,2023-02-02,BURGLARY
26154,02/02/2023,FRAUD
26155,2023-02-02,ROBBERY
26156,02-Feb-2023,ASSAULT
26157,2023-02-02,FRAUD
26158,02-Feb-2023,ASSAULT
26159,02-Feb-2023,VANDALISM
26160,2023-02-02,THEFT
26161,02/02/2023,OTHER
26162,02-Feb-2023,FRAUD
26163,2023-02-02,VANDALISM
26164,02/02/2023,ROBBERY
26165,02-Feb-2023,THEFT
26166,02-Feb-2023,THEFT
26167,02/02/2023,ROBBERY
26168,02-Feb-2023,ROBBERY
26169,2023-02-02,OTHER
26170,02-Feb-2023,THEFT
26171,02/02/2023,VANDALISM
26172,02/02/2023,OTHER
26173,02-Feb-2023,ROBBERY
26174,02-Feb-2023,FRAUD
26175,02-Feb-2023,VANDALISM
26176,02/02/2023,OTHER
26177,02/02/2023,OTHER
26178,02-Feb-2023,BURGLARY
26179,02/03/2023,ASSAULT
26180,2023-02-03,BURGLARY
26181,02/03/2023,BURGLARY
26182,03-Feb-2023,THEFT
26183,03-Feb-2023,DRUG OFFENSE
26184,03-Feb-2023,DRUG OFFENSE
26185,2023-02-03,ROBBERY
26186,03-Feb-2023,VANDALISM
26187,2023-02-03,OTHER
26188,02/03/2023,ASSAULT
26189,02/03/2023,THEFT
26190,02/03/2023,DRUG OFFENSE
26191,02/03/2023,OTHER
26192,02/03/2023,VANDALISM
26193,03-Feb-2023,OTHER
26194,02/03/2023,THEFT
26195,03-Feb-2023,ROBBERY
26196,02/03/2023,THEFT
26197,2023-02-03,OTHER
26198,2023-02-03,THEFT
26199,2023-02-03,ASSAULT
26200,2023-02-03,BURGLARY
26201,03-Feb-2023,FRAUD
26202,03-Feb-2023,ASSAULT
26203,2023-02-03,VANDALISM
26204,03-Feb-2023,VANDALISM
26205,03-Feb-2023,OTHER
26206,02/03/2023,BURGLARY
26207,02/03/2023,DRUG OFFENSE
26208,03-Feb-2023,BURGLARY
26209,2023-02-03,BURGLARY
26210,02/03/2023,DRUG OFFENSE
26211,2023-02-04,BURGLARY
26212,02/04/2023,ASSAULT
26213,02/04/2023,VANDALISM
26214,2023-02-04,VANDALISM
26215,02/04/2023,THEFT
26216,02/04/2023,OTHER
26217,02/04/2023,ROBBERY
26218,04-Feb-2023,FRAUD
26219,2023-02-04,VANDALISM
26220,04-Feb-2023,ROBBERY
26221,04-Feb-2023,BURGLARY
26222,02/04/2023,OTHER
26223,04-Feb-2023,ASSAULT
26224,2023-02-04,ROBBERY
26225,02/04/2023,DRUG OFFENSE
26226,02/04/2023,BURGLARY
26227,02/04/2023,ROBBERY
26228,2023-02-04,VANDALISM
26229,02/04/2023,BURGLARY
26230,04-Feb-2023,DRUG OFFENSE
26231,02/04/2023,VANDALISM
26232,02/04/2023,ROBBERY
26233,02/04/2023,ASSAULT
26234,02/04/2023,VANDALISM
26235,04-Feb-2023,ASSAULT
26236,02/04/2023,THEFT
26237,04-Feb-2023,FRAUD
26238,02/04/2023,FRAUD
26239,2023-02-04,BURGLARY
26240,02/04/2023,OTHER
26241,04-Feb-2023,ASSAULT
26242,04-Feb-2023,ROBBERY
26243,02/04/2023,ASSAULT
26244,02/05/2023,FRAUD
26245,05-Feb-2023,ROBBERY
26246,2023-02-05,VANDALISM
26247,02/05/2023,FRAUD
26248,02/05/2023,DRUG OFFENSE
26249,02/05/2023,VANDALISM
26250,2023-02-05,OTHER
26251,05-Feb-2023,FRAUD
26252,02/05/2023,ASSAULT
26253,2023-02-05,ROBBERY
26254,02/05/2023,OTHER
26255,2023-02-05,OTHER
26256,02/05/2023,OTHER
26257,2023-02-05,ASSAULT
26258,02/05/2023,VANDALISM
26259,05-Feb-2023,BURGLARY
26260,2023-02-05,VANDALISM
26261,02/05/2023,ROBBERY
26262,05-Feb-2023,VANDALISM
26263,02/05/2023,VANDALISM
26264,2023-02-05,VANDALISM
26265,02/05/2023,ROBBERY
26266,2023-02-05,OTHER
26267,02/05/2023,BURGLARY
26268,2023-02-05,FRAUD
26269,02/05/2023,VANDALISM
26270,05-Feb-2023,THEFT
26271,2023-02-05,THEFT
26272,02/05/2023,BURGLARY
26273,2023-02-05,FRAUD
26274,2023-02-05,THEFT
26275,02/05/2023,BURGLARY
26276,02/05/2023,OTHER
26277,05-Feb-2023,OTHER
26278,2023-02-05,FRAUD
26279,05-Feb-2023,BURGLARY
26280,2023-02-05,ROBBERY
26281,05-Feb-2023,ROBBERY
26282,02/05/2023,FRAUD
26283,2023-02-06,FRAUD
26284,2023-02-06,DRUG OFFENSE
26285,2023-02-06,OTHER
26286,2023-02-06,THEFT
26287,2023-02-06,FRAUD
26288,02/06/2023,BURGLARY
26289,06-Feb-2023,ASSAULT
26290,06-Feb-2023,DRUG OFFENSE
26291,02/06/2023,ASSAULT
26292,2023-02-06,VANDALISM
26293,2023-02-06,ROBBERY
26294,06-Feb-2023,VANDALISM
26295,06-Feb-2023,BURGLARY
26296,2023-02-06,BURGLARY
26297,2023-02-06,VANDALISM
26298,02/06/2023,FRAUD
26299,06-Feb-2023,ASSAULT
26300,06-Feb-2023,VANDALISM
26301,02/06/2023,ASSAULT
26302,06-Feb-2023,VANDALISM
26303,02/06/2023,THEFT
26304,2023-02-06,ASSAULT
26305,02/06/2023,DRUG OFFENSE
26306,06-Feb-2023,ASSAULT
26307,06-Feb-2023,THEFT
26308,06-Feb-2023,BURGLARY
26309,2023-02-06,BURGLARY
26310,2023-02-06,DRUG OFFENSE
26311,06-Feb-2023,OTHER
26312,2023-02-06,THEFT
26313,02/06/2023,ASSAULT
26314,2023-02-06,FRAUD
26315,06-Feb-2023,ASSAULT
26316,06-Feb-2023,BURGLARY
26317,02/06/2023,ASSAULT
26318,2023-02-06,ASSAULT
26319,02/07/2023,OTHER
26320,02/07/2023,DRUG OFFENSE
26321,07-Feb-2023,FRAUD
26322,02/07/2023,FRAUD
26323,02/07/2023,FRAUD
26324,07-Feb-2023,VANDALISM
26325,02/07/2023,OTHER
26326,07-Feb-2023,FRAUD
26327,02/07/2023,ASSAULT
26328,2023-02-07,BURGLARY
26329,02/07/2023,FRAUD
26330,02/07/2023,VANDALISM
26331,02/07/2023,ASSAULT
26332,02/07/2023,BURGLARY
26333,02/07/2023,ASSAULT
26334,07-Feb-2023,THEFT
26335,02/07/2023,VANDALISM
26336,02/07/2023,DRUG OFFENSE
26337,2023-02-07,ROBBERY
26338,02/07/2023,THEFT
26339,07-Feb-2023,FRAUD
26340,02/07/2023,ROBBERY
26341,02/07/2023,VANDALISM
26342,07-Feb-2023,ASSAULT
26343,02/07/2023,FRAUD
26344,07-Feb-2023,FRAUD
26345,02/07/2023,THEFT
26346,02/07/2023,ROBBERY
26347,2023-02-07,OTHER
26348,02/07/2023,ROBBERY
26349,02/07/2023,OTHER
26350,02/07/2023,BURGLARY
26351,07-Feb-2023,ASSAULT
26352,02/07/2023,OTHER
26353,2023-02-07,ASSAULT
26354,2023-02-07,FRAUD
26355,07-Feb-2023,THEFT
26356,02/07/2023,BURGLARY
26357,02/07/2023,FRAUD
26358,2023-02-07,FRAUD
26359,02/07/2023,OTHER
26360,02/07/2023,VANDALISM
26361,02/08/2023,DRUG OFFENSE
26362,08-Feb-2023,DRUG OFFENSE
26363,02/08/2023,VANDALISM
26364,08-Feb-2023,ROBBERY
26365,2023-02-08,THEFT
26366,2023-02-08,BURGLARY
26367,02/08/2023,OTHER
26368,08-Feb-2023,DRUG OFFENSE
26369,08-Feb-2023,FRAUD
26370,02/08/2023,THEFT
26371,08-Feb-2023,THEFT
26372,02/08/2023,ASSAULT
26373,08-Feb-2023,ASSAULT
26374,02/08/2023,ASSAULT
26375,08-Feb-2023,BURGLARY
26376,02/08/2023,FRAUD
26377,08-Feb-2023,THEFT
26378,2023-02-08,ASSAULT
26379,2023-02-08,OTHER
26380,08-Feb-2023,ASSAULT
26381,2023-02-08,FRAUD
26382,2023-02-08,DRUG OFFENSE
26383,08-Feb-2023,DRUG OFFENSE
26384,02/08/2023,THEFT
26385,08-Feb-2023,OTHER
26386,08-Feb-2023,FRAUD
26387,2023-02-08,BURGLARY
26388,02/08/2023,ROBBERY
26389,02/08/2023,OTHER
26390,02/08/2023,FRAUD
26391,02/08/2023,FRAUD
26392,2023-02-08,BURGLARY
26393,08-Feb-2023,OTHER
26394,2023-02-08,DRUG OFFENSE
26395,08-Feb-2023,OTHER
26396,2023-02-08,OTHER
26397,08-Feb-2023,ROBBERY
26398,02/09/2023,BURGLARY
26399,2023-02-09,FRAUD
26400,09-Feb-2023,DRUG OFFENSE
26401,09-Feb-2023,FRAUD
26402,09-Feb-2023,VANDALISM
26403,09-Feb-2023,ASSAULT
26404,02/09/2023,BURGLARY
26405,2023-02-09,ASSAULT
26406,02/09/2023,OTHER
26407,09-Feb-2023,VANDALISM
26408,02/09/2023,FRAUD
26409,2023-02-09,DRUG OFFENSE
26410,02/09/2023,OTHER
26411,2023-02-09,THEFT
26412,02/09/2023,THEFT
26413,02/09/2023,BURGLARY
26414,09-Feb-2023,BURGLARY
26415,2023-02-09,VANDALISM
26416,2023-02-09,ROBBERY
26417,09-Feb-2023,BURGLARY
26418,02/09/2023,FRAUD
26419,2023-02-09,DRUG OFFENSE
26420,02/09/2023,BURGLARY
26421,09-Feb-2023,DRUG OFFENSE
26422,02/09/2023,OTHER
26423,2023-02-09,ROBBERY
26424,02/09/2023,DRUG OFFENSE
26425,09-Feb-2023,THEFT
26426,2023-02-09,BURGLARY
26427,2023-02-09,OTHER
26428,02/09/2023,ROBBERY
26429,09-Feb-2023,THEFT
26430,09-Feb-2023,OTHER
26431,09-Feb-2023,DRUG OFFENSE
26432,09-Feb-2023,ASSAULT
26433,2023-02-09,BURGLARY
26434,09-Feb-2023,BURGLARY
26435,02/09/2023,DRUG OFFENSE
26436,02/09/2023,FRAUD
26437,02/09/2023,ASSAULT
26438,2023-02-09,VANDALISM
26439,02/09/2023,DRUG OFFENSE
26440,02/09/2023,FRAUD
26441,09-Feb-2023,THEFT
26442,02/09/2023,BURGLARY
26443,02/09/2023,OTHER
26444,02/09/2023,THEFT
26445,2023-02-09,ASSAULT
26446,02/10/2023,DRUG OFFENSE
26447,10-Feb-2023,ROBBERY
26448,02/10/2023,DRUG OFFENSE
26449,2023-02-10,OTHER
26450,02/10/2023,DRUG OFFENSE
26451,02/10/2023,ROBBERY
26452,02/10/2023,VANDALISM
26453,10-Feb-2023,ROBBERY
26454,10-Feb-2023,DRUG OFFENSE
26455,2023-02-10,ASSAULT
26456,2023-02-10,BURGLARY
26457,02/10/2023,ROBBERY
26458,2023-02-10,DRUG OFFENSE
26459,2023-02-10,ASSAULT
26460,02/10/2023,VANDALISM
26461,10-Feb-2023,BURGLARY
26462,2023-02-10,VANDALISM
26463,10-Feb-2023,VANDALISM
26464,2023-02-10,ASSAULT
26465,02/10/2023,ROBBERY
26466,10-Feb-2023,VANDALISM
26467,2023-02-10,ROBBERY
26468,2023-02-10,ROBBERY
26469,02/10/2023,ASSAULT
26470,2023-02-10,FRAUD
26471,02/10/2023,FRAUD
26472,10-Feb-2023,OTHER
26473,2023-02-10,THEFT
26474,02/10/2023,ROBBERY
26475,02/10/2023,ASSAULT
26476,10-Feb-2023,VANDALISM
26477,02/10/2023,OTHER
26478,2023-02-10,VANDALISM
26479,02/10/2023,FRAUD
26480,10-Feb-2023,THEFT
26481,02/10/2023,ROBBERY
26482,02/10/2023,ASSAULT
26483,02/10/2023,THEFT
26484,02/10/2023,ROBBERY
26485,02/11/2023,THEFT
26486,02/11/2023,BURGLARY
26487,02/11/2023,ASSAULT
26488,02/11/2023,ROBBERY
26489,02/11/2023,FRAUD
26490,2023-02-11,OTHER
26491,2023-02-11,FRAUD
26492,02/11/2023,FRAUD
26493,2023-02-11,FRAUD
26494,02/11/2023,BURGLARY
26495,02/11/2023,THEFT
26496,02/11/2023,ROBBERY
26497,11-Feb-2023,ASSAULT
26498,11-Feb-2023,BURGLARY
26499,02/11/2023,DRUG OFFENSE
26500,11-Feb-2023,THEFT
26501,02/11/2023,FRAUD
26502,02/11/2023,OTHER
26503,2023-02-11,ROBBERY
26504,2023-02-11,BURGLARY
26505,02/11/2023,BURGLARY
26506,02/11/2023,THEFT
26507,02/11/2023,DRUG OFFENSE
26508,02/11/2023,THEFT
26509,2023-02-11,VANDALISM
26510,02/11/2023,BURGLARY
26511,11-Feb-2023,OTHER
26512,2023-02-11,ROBBERY
26513,02/11/2023,ROBBERY
26514,2023-02-11,VANDALISM
26515,02/11/2023,THEFT
26516,2023-02-11,FRAUD
26517,11-Feb-2023,FRAUD
26518,02/11/2023,ASSAULT
26519,02/11/2023,OTHER
26520,2023-02-11,DRUG OFFENSE
26521,11-Feb-2023,BURGLARY
26522,02/11/2023,ASSAULT
26523,02/11/2023,OTHER
26524,02/11/2023,VANDALISM
26525,02/11/2023,FRAUD
26526,02/11/2023,THEFT
26527,02/11/2023,BURGLARY
26528,2023-02-11,THEFT
26529,2023-02-11,THEFT
26530,02/11/2023,BURGLARY
26531,2023-02-11,ROBBERY
26532,02/11/2023,ASSAULT
26533,2023-02-11,OTHER
26534,2023-02-12,VANDALISM
26535,02/12/2023,OTHER
26536,12-Feb-2023,FRAUD
26537,2023-02-12,ROBBERY
26538,2023-02-12,OTHER
26539,12-Feb-2023,ROBBERY
26540,12-Feb-2023,VANDALISM
26541,02/12/2023,BURGLARY
26542,02/12/2023,ASSAULT
26543,12-Feb-2023,DRUG OFFENSE
26544,2023-02-12,BURGLARY
26545,2023-02-12,ASSAULT
26546,12-Feb-2023,THEFT
26547,2023-02-12,FRAUD
26548,12-Feb-2023,THEFT
26549,02/12/2023,FRAUD
26550,02/12/2023,ASSAULT
26551,12-Feb-2023,ASSAULT
26552,02/12/2023,DRUG OFFENSE
26553,2023-02-12,VANDALISM
26554,02/12/2023,FRAUD
26555,2023-02-12,ASSAULT
26556,02/12/2023,FRAUD
26557,02/12/2023,ROBBERY
26558,02/12/2023,VANDALISM
26559,12-Feb-2023,ROBBERY
26560,12-Feb-2023,THEFT
26561,2023-02-12,ASSAULT
26562,12-Feb-2023,THEFT
26563,12-Feb-2023,BURGLARY
26564,2023-02-12,VANDALISM
26565,02/12/2023,BURGLARY
26566,02/12/2023,VANDALISM
26567,02/12/2023,ASSAULT
26568,2023-02-12,THEFT
26569,12-Feb-2023,OTHER
26570,13-Feb-2023,ROBBERY
26571,2023-02-13,ROBBERY
26572,2023-02-13,FRAUD
26573,2023-02-13,THEFT
26574,13-Feb-2023,THEFT
26575,13-Feb-2023,OTHER
26576,2023-02-13,FRAUD
26577,13-Feb-2023,DRUG OFFENSE
26578,02/13/2023,VANDALISM
26579,02/13/2023,VANDALISM
26580,02/13/2023,VANDALISM
26581,13-Feb-2023,BURGLARY
26582,13-Feb-2023,THEFT
26583,2023-02-13,ROBBERY
26584,13-Feb-2023,DRUG OFFENSE
26585,13-Feb-2023,VANDALISM
26586,2023-02-13,THEFT
26587,2023-02-13,DRUG OFFENSE
26588,13-Feb-2023,BURGLARY
26589,02/13/2023,THEFT
26590,02/13/2023,ASSAULT
26591,13-Feb-2023,ASSAULT
26592,13-Feb-2023,BURGLARY
26593,02/13/2023,OTHER
26594,2023-02-13,DRUG OFFENSE
26595,02/13/2023,BURGLARY
26596,02/13/2023,VANDALISM
26597,13-Feb-2023,FRAUD
26598,02/13/2023,OTHER
26599,13-Feb-2023,ASSAULT
26600,02/13/2023,DRUG OFFENSE
26601,02/13/2023,OTHER
26602,13-Feb-2023,OTHER
26603,2023-02-13,BURGLARY
26604,02/13/2023,VANDALISM
26605,2023-02-14,FRAUD
26606,2023-02-14,FRAUD
26607,02/14/2023,OTHER
26608,02/14/2023,OTHER
26609,2023-02-14,OTHER
26610,02/14/2023,ROBBERY
26611,14-Feb-2023,DRUG OFFENSE
26612,2023-02-14,OTHER
26613,2023-02-14,BURGLARY
26614,2023-02-14,THEFT
26615,02/14/2023,THEFT
26616,2023-02-14,ASSAULT
26617,02/14/2023,ASSAULT
26618,2023-02-14,BURGLARY
26619,02/14/2023,ASSAULT
26620,14-Feb-2023,BURGLARY
26621,14-Feb-2023,OTHER
26622,2023-02-14,BURGLARY
26623,02/14/2023,DRUG OFFENSE
26624,02/14/2023,ROBBERY
26625,14-Feb-2023,ASSAULT
26626,14-Feb-2023,BURGLARY
26627,14-Feb-2023,ROBBERY
26628,2023-02-14,OTHER
26629,2023-02-14,BURGLARY
26630,2023-02-14,THEFT
26631,02/14/2023,FRAUD
26632,02/14/2023,VANDALISM
26633,14-Feb-2023,FRAUD
26634,2023-02-15,VANDALISM
26635,15-Feb-2023,ROBBERY
26636,15-Feb-2023,FRAUD
26637,2023-02-15,ROBBERY
26638,2023-02-15,THEFT
26639,2023-02-15,DRUG OFFENSE
26640,2023-02-15,OTHER
26641,02/15/2023,ASSAULT
26642,02/15/2023,BURGLARY
26643,2023-02-15,FRAUD
26644,02/15/2023,THEFT
26645,15-Feb-2023,FRAUD
26646,2023-02-15,VANDALISM
26647,15-Feb-2023,OTHER
26648,15-Feb-2023,ASSAULT
26649,15-Feb-2023,VANDALISM
26650,02/15/2023,THEFT
26651,2023-02-15,DRUG OFFENSE
26652,15-Feb-2023,BURGLARY
26653,2023-02-15,BURGLARY
26654,15-Feb-2023,ROBBERY
26655,02/15/2023,VANDALISM
26656,2023-02-15,ASSAULT
26657,02/15/2023,DRUG OFFENSE
26658,02/15/2023,DRUG OFFENSE
26659,15-Feb-2023,THEFT
26660,15-Feb-2023,DRUG OFFENSE
26661,15-Feb-2023,BURGLARY
26662,02/15/2023,OTHER
26663,02/15/2023,DRUG OFFENSE
26664,2023-02-15,DRUG OFFENSE
26665,2023-02-15,FRAUD
26666,02/15/2023,BURGLARY
26667,2023-02-15,ASSAULT
26668,2023-02-15,THEFT
26669,15-Feb-2023,ROBBERY
26670,2023-02-15,OTHER
26671,02/15/2023,BURGLARY
26672,02/16/2023,FRAUD
26673,02/16/2023,THEFT
26674,16-Feb-2023,BURGLARY
26675,02/16/2023,VANDALISM
26676,2023-02-16,VANDALISM
26677,16-Feb-2023,THEFT
26678,2023-02-16,ROBBERY
26679,16-Feb-2023,ROBBERY
26680,02/16/2023,ASSAULT
26681,2023-02-16,FRAUD
26682,02/16/2023,OTHER
26683,02/16/2023,ASSAULT
26684,02/16/2023,BURGLARY
26685,02/16/2023,ASSAULT
26686,02/16/2023,FRAUD
26687,16-Feb-2023,FRAUD
26688,16-Feb-2023,ASSAULT
26689,16-Feb-2023,OTHER
26690,02/16/2023,FRAUD
26691,16-Feb-2023,DRUG OFFENSE
26692,16-Feb-2023,ASSAULT
26693,02/16/2023,FRAUD
26694,2023-02-16,BURGLARY
26695,16-Feb-2023,THEFT
26696,2023-02-16,OTHER
26697,16-Feb-2023,DRUG OFFENSE
26698,16-Feb-2023,ROBBERY
26699,02/16/2023,THEFT
26700,2023-02-16,FRAUD
26701,16-Feb-2023,ASSAULT
26702,02/16/2023,ROBBERY
26703,2023-02-16,THEFT
26704,16-Feb-2023,DRUG OFFENSE
26705,02/16/2023,FRAUD
26706,02/16/2023,ASSAULT
26707,2023-02-16,VANDALISM
26708,2023-02-16,OTHER
26709,02/16/2023,THEFT
26710,16-Feb-2023,FRAUD
26711,2023-02-16,FRAUD
26712,17-Feb-2023,DRUG OFFENSE
26713,17-Feb-2023,BURGLARY
26714,02/17/2023,DRUG OFFENSE
26715,2023-02-17,OTHER
26716,02/17/2023,FRAUD
26717,02/17/2023,BURGLARY
26718,02/17/2023,FRAUD
26719,17-Feb-2023,THEFT
26720,17-Feb-2023,VANDALISM
26721,17-Feb-2023,BURGLARY
26722,2023-02-17,BURGLARY
26723,02/17/2023,VANDALISM
26724,2023-02-17,BURGLARY
26725,17-Feb-2023,FRAUD
26726,02/17/2023,VANDALISM
26727,17-Feb-2023,ASSAULT
26728,02/17/2023,OTHER
26729,17-Feb-2023,ROBBERY
26730,02/17/2023,ROBBERY
26731,02/17/2023,ROBBERY
26732,2023-02-17,BURGLARY
26733,02/17/2023,ROBBERY
26734,02/17/2023,ASSAULT
26735,2023-02-17,FRAUD
26736,2023-02-17,ASSAULT
26737,02/17/2023,FRAUD
26738,17-Feb-2023,ASSAULT
26739,17-Feb-2023,ASSAULT
26740,2023-02-17,FRAUD
26741,02/17/2023,ASSAULT
26742,02/17/2023,VANDALISM
26743,2023-02-17,OTHER
26744,2023-02-17,OTHER
26745,02/17/2023,ASSAULT
26746,2023-02-17,THEFT
26747,17-Feb-2023,ROBBERY
26748,02/17/2023,DRUG OFFENSE
26749,2023-02-17,BURGLARY
26750,17-Feb-2023,BURGLARY
26751,17-Feb-2023,DRUG OFFENSE
26752,2023-02-18,OTHER
26753,02/18/2023,OTHER
26754,18-Feb-2023,VANDALISM
26755,02/18/2023,DRUG OFFENSE
26756,02/18/2023,VANDALISM
26757,2023-02-18,THEFT
26758,18-Feb-2023,VANDALISM
26759,18-Feb-2023,VANDALISM
26760,02/18/2023,DRUG OFFENSE
26761,18-Feb-2023,DRUG OFFENSE
26762,02/18/2023,ASSAULT
26763,2023-02-18,FRAUD
26764,18-Feb-2023,ROBBERY
26765,18-Feb-2023,ROBBERY
26766,02/18/2023,FRAUD
26767,2023-02-18,ROBBERY
26768,18-Feb-2023,BURGLARY
26769,18-Feb-2023,THEFT
26770,18-Feb-2023,DRUG OFFENSE
26771,2023-02-18,ASSAULT
26772,02/18/2023,OTHER
26773,2023-02-18,BURGLARY
26774,18-Feb-2023,ASSAULT
26775,18-Feb-2023,THEFT
26776,18-Feb-2023,THEFT
26777,02/18/2023,DRUG OFFENSE
26778,2023-02-18,FRAUD
26779,02/18/2023,BURGLARY
26780,18-Feb-2023,ROBBERY
26781,02/18/2023,THEFT
26782,02/18/2023,FRAUD
26783,02/18/2023,OTHER
26784,2023-02-18,VANDALISM
26785,02/19/2023,OTHER
26786,19-Feb-2023,BURGLARY
26787,02/19/2023,DRUG OFFENSE
26788,19-Feb-2023,DRUG OFFENSE
26789,02/19/2023,VANDALISM
26790,02/19/2023,DRUG OFFENSE
26791,2023-02-19,ROBBERY
26792,2023-02-19,ROBBERY
26793,02/19/2023,ASSAULT
26794,02/19/2023,ROBBERY
26795,02/19/2023,ASSAULT
26796,19-Feb-2023,FRAUD
26797,19-Feb-2023,ROBBERY
26798,02/19/2023,VANDALISM
26799,02/19/2023,OTHER
26800,02/19/2023,FRAUD
26801,19-Feb-2023,ROBBERY
26802,02/19/2023,OTHER
26803,2023-02-19,BURGLARY
26804,02/19/2023,OTHER
26805,02/19/2023,FRAUD
26806,2023-02-19,ROBBERY
26807,02/19/2023,ASSAULT
26808,2023-02-19,DRUG OFFENSE
26809,2023-02-19,BURGLARY
26810,2023-02-19,ASSAULT
26811,2023-02-19,DRUG OFFENSE
26812,02/19/2023,FRAUD
26813,2023-02-19,DRUG OFFENSE
26814,19-Feb-2023,ROBBERY
26815,02/19/2023,ROBBERY
26816,2023-02-19,BURGLARY
26817,19-Feb-2023,ASSAULT
26818,2023-02-19,ASSAULT
26819,02/19/2023,ROBBERY
26820,19-Feb-2023,OTHER
26821,2023-02-19,OTHER
26822,02/19/2023,FRAUD
26823,02/19/2023,THEFT
26824,2023-02-19,DRUG OFFENSE
26825,02/19/2023,BURGLARY
26826,02/19/2023,FRAUD
26827,02/19/2023,DRUG OFFENSE
26828,19-Feb-2023,FRAUD
26829,02/19/2023,BURGLARY
26830,20-Feb-2023,DRUG OFFENSE
26831,02/20/2023,THEFT
26832,20-Feb-2023,FRAUD
26833,2023-02-20,VANDALISM
26834,20-Feb-2023,ROBBERY
26835,2023-02-20,THEFT
26836,2023-02-20,ASSAULT
26837,02/20/2023,ASSAULT
26838,02/20/2023,VANDALISM
26839,02/20/2023,FRAUD
26840,20-Feb-2023,THEFT
26841,02/20/2023,BURGLARY
26842,02/20/2023,OTHER
26843,20-Feb-2023,ROBBERY
26844,02/20/2023,DRUG OFFENSE
26845,02/20/2023,ASSAULT
26846,20-Feb-2023,DRUG OFFENSE
26847,02/20/2023,THEFT
26848,02/20/2023,VANDALISM
26849,02/20/2023,THEFT
26850,02/20/2023,VANDALISM
26851,2023-02-20,OTHER
26852,02/20/2023,DRUG OFFENSE
26853,20-Feb-2023,FRAUD
26854,20-Feb-2023,THEFT
26855,02/20/2023,VANDALISM
26856,02/20/2023,FRAUD
26857,20-Feb-2023,ASSAULT
26858,2023-02-20,BURGLARY
26859,02/20/2023,FRAUD
26860,02/20/2023,ROBBERY
26861,2023-02-20,FRAUD
26862,2023-02-20,ASSAULT
26863,2023-02-20,BURGLARY
26864,20-Feb-2023,FRAUD
26865,21-Feb-2023,OTHER
26866,21-Feb-2023,DRUG OFFENSE
26867,21-Feb-2023,THEFT
26868,02/21/2023,VANDALISM
26869,21-Feb-2023,BURGLARY
26870,21-Feb-2023,BURGLARY
26871,2023-02-21,BURGLARY
26872,02/21/2023,BURGLARY
26873,02/21/2023,OTHER
26874,2023-02-21,VANDALISM
26875,21-Feb-2023,FRAUD
26876,02/21/2023,ROBBERY
26877,02/21/2023,ROBBERY
26878,21-Feb-2023,DRUG OFFENSE
26879,21-Feb-2023,DRUG OFFENSE
26880,21-Feb-2023,ROBBERY
26881,02/21/2023,VANDALISM
26882,21-Feb-2023,DRUG OFFENSE
26883,02/21/2023,ROBBERY
26884,02/21/2023,BURGLARY
26885,21-Feb-2023,THEFT
26886,21-Feb-2023,THEFT
26887,2023-02-21,FRAUD
26888,21-Feb-2023,ASSAULT
26889,2023-02-21,ROBBERY
26890,2023-02-22,OTHER
26891,02/22/2023,THEFT
26892,02/22/2023,DRUG OFFENSE
26893,22-Feb-2023,DRUG OFFENSE
26894,2023-02-22,ROBBERY
26895,02/22/2023,VANDALISM
26896,02/22/2023,ROBBERY
26897,02/22/2023,THEFT
26898,22-Feb-2023,FRAUD
26899,22-Feb-2023,ASSAULT
26900,02/22/2023,BURGLARY
26901,22-Feb-2023,FRAUD
26902,2023-02-22,DRUG OFFENSE
26903,02/22/2023,OTHER
26904,22-Feb-2023,BURGLARY
26905,2023-02-22,ASSAULT
26906,02/22/2023,OTHER
26907,2023-02-22,ASSAULT
26908,02/22/2023,THEFT
26909,2023-02-22,VANDALISM
26910,2023-02-22,ROBBERY
26911,02/22/2023,BURGLARY
26912,02/22/2023,DRUG OFFENSE
26913,02/22/2023,VANDALISM
26914,22-Feb-2023,BURGLARY
26915,02/22/2023,DRUG OFFENSE
26916,02/22/2023,THEFT
26917,22-Feb-2023,THEFT
26918,22-Feb-2023,DRUG OFFENSE
26919,22-Feb-2023,BURGLARY
26920,02/22/2023,DRUG OFFENSE
26921,02/22/2023,FRAUD
26922,22-Feb-2023,DRUG OFFENSE
26923,22-Feb-2023,BURGLARY
26924,2023-02-22,OTHER
26925,02/22/2023,DRUG OFFENSE
26926,2023-02-22,DRUG OFFENSE
26927,02/22/2023,DRUG OFFENSE
26928,22-Feb-2023,VANDALISM
26929,2023-02-23,FRAUD
26930,2023-02-23,THEFT
26931,02/23/2023,DRUG OFFENSE
26932,23-Feb-2023,OTHER
26933,2023-02-23,THEFT
26934,02/23/2023,THEFT
26935,23-Feb-2023,VANDALISM
26936,2023-02-23,OTHER
26937,23-Feb-2023,DRUG OFFENSE
26938,2023-02-23,THEFT
26939,23-Feb-2023,ASSAULT
26940,02/23/2023,ASSAULT
26941,2023-02-23,ASSAULT
26942,02/23/2023,BURGLARY
26943,02/23/2023,ROBBERY
26944,23-Feb-2023,BURGLARY
26945,02/23/2023,THEFT
26946,02/23/2023,ASSAULT
26947,02/23/2023,THEFT
26948,2023-02-23,THEFT
26949,2023-02-23,FRAUD
26950,02/23/2023,ASSAULT
26951,2023-02-23,FRAUD
26952,02/23/2023,FRAUD
26953,23-Feb-2023,FRAUD
26954,02/23/2023,DRUG OFFENSE
26955,2023-02-23,BURGLARY
26956,23-Feb-2023,OTHER
26957,23-Feb-2023,BURGLARY
26958,02/23/2023,VANDALISM
26959,23-Feb-2023,ROBBERY
26960,23-Feb-2023,FRAUD
26961,2023-02-23,FRAUD
26962,02/23/2023,OTHER
26963,23-Feb-2023,OTHER
26964,2023-02-23,THEFT
26965,02/23/2023,BURGLARY
26966,02/23/2023,DRUG OFFENSE
26967,02/23/2023,ROBBERY
26968,23-Feb-2023,ASSAULT
26969,02/23/2023,DRUG OFFENSE
26970,02/24/2023,ROBBERY
26971,24-Feb-2023,VANDALISM
26972,24-Feb-2023,FRAUD
26973,02/24/2023,ROBBERY
26974,02/24/2023,BURGLARY
26975,2023-02-24,FRAUD
26976,02/24/2023,FRAUD
26977,02/24/2023,DRUG OFFENSE
26978,02/24/2023,VANDALISM
26979,2023-02-24,THEFT
26980,2023-02-24,ASSAULT
26981,2023-02-24,OTHER
26982,02/24/2023,ROBBERY
26983,02/24/2023,ROBBERY
26984,2023-02-24,ASSAULT
26985,24-Feb-2023,OTHER
26986,24-Feb-2023,ASSAULT
26987,02/24/2023,DRUG OFFENSE
26988,2023-02-24,DRUG OFFENSE
26989,24-Feb-2023,BURGLARY
26990,2023-02-24,THEFT
26991,02/24/2023,BURGLARY
26992,24-Feb-2023,FRAUD
26993,2023-02-24,THEFT
26994,02/24/2023,THEFT
26995,2023-02-24,BURGLARY
26996,2023-02-24,DRUG OFFENSE
26997,02/24/2023,ASSAULT
26998,2023-02-24,BURGLARY
26999,24-Feb-2023,BURGLARY
27000,24-Feb-2023,ASSAULT
27001,02/24/2023,OTHER
27002,02/25/2023,ROBBERY
27003,25-Feb-2023,VANDALISM
27004,02/25/2023,ROBBERY
27005,2023-02-25,BURGLARY
27006,02/25/2023,OTHER
27007,25-Feb-2023,THEFT
27008,25-Feb-2023,VANDALISM
27009,02/25/2023,OTHER
27010,02/25/2023,OTHER
27011,2023-02-25,DRUG OFFENSE
27012,2023-02-25,ASSAULT
27013,25-Feb-2023,THEFT
27014,02/25/2023,FRAUD
27015,02/25/2023,ROBBERY
27016,02/25/2023,VANDALISM
27017,2023-02-25,ROBBERY
27018,02/25/2023,ROBBERY
27019,2023-02-25,THEFT
27020,2023-02-25,ROBBERY
27021,2023-02-25,ROBBERY
27022,2023-02-25,FRAUD
27023,25-Feb-2023,ROBBERY
27024,25-Feb-2023,THEFT
27025,02/25/2023,FRAUD
27026,2023-02-25,ASSAULT
27027,2023-02-25,DRUG OFFENSE
27028,25-Feb-2023,DRUG OFFENSE
27029,25-Feb-2023,THEFT
27030,02/25/2023,DRUG OFFENSE
27031,02/25/2023,ASSAULT
27032,25-Feb-2023,ROBBERY
27033,2023-02-25,ASSAULT
27034,2023-02-25,FRAUD
27035,25-Feb-2023,FRAUD
27036,02/25/2023,ASSAULT
27037,2023-02-25,OTHER
27038,02/25/2023,THEFT
27039,02/25/2023,OTHER
27040,2023-02-25,ASSAULT
27041,02/25/2023,THEFT
27042,26-Feb-2023,FRAUD
27043,2023-02-26,FRAUD
27044,02/26/2023,ASSAULT
27045,2023-02-26,OTHER
27046,26-Feb-2023,ASSAULT
27047,02/26/2023,FRAUD
27048,26-Feb-2023,ASSAULT
27049,02/26/2023,THEFT
27050,26-Feb-2023,FRAUD
27051,02/26/2023,BURGLARY
27052,02/26/2023,ASSAULT
27053,02/26/2023,BURGLARY
27054,26-Feb-2023,FRAUD
27055,2023-02-26,BURGLARY
27056,26-Feb-2023,ASSAULT
27057,02/26/2023,OTHER
27058,26-Feb-2023,BURGLARY
27059,02/26/2023,VANDALISM
27060,02/26/2023,FRAUD
27061,2023-02-26,VANDALISM
27062,26-Feb-2023,DRUG OFFENSE
27063,2023-02-26,BURGLARY
27064,02/26/2023,OTHER
27065,26-Feb-2023,ASSAULT
27066,02/26/2023,OTHER
27067,26-Feb-2023,ROBBERY
27068,26-Feb-2023,BURGLARY
27069,2023-02-26,ROBBERY
27070,02/26/2023,OTHER
27071,26-Feb-2023,FRAUD
27072,02/26/2023,DRUG OFFENSE
27073,26-Feb-2023,VANDALISM
27074,2023-02-26,THEFT
27075,02/26/2023,BURGLARY
27076,02/26/2023,VANDALISM
27077,02/26/2023,ROBBERY
27078,02/26/2023,VANDALISM
27079,2023-02-26,ROBBERY
27080,26-Feb-2023,FRAUD
27081,02/26/2023,THEFT
27082,2023-02-26,BURGLARY
27083,02/26/2023,ROBBERY
27084,02/26/2023,ROBBERY
27085,27-Feb-2023,BURGLARY
27086,2023-02-27,THEFT
27087,2023-02-27,ASSAULT
27088,02/27/2023,ASSAULT
27089,2023-02-27,FRAUD
27090,02/27/2023,BURGLARY
27091,02/27/2023,BURGLARY
27092,2023-02-27,BURGLARY
27093,02/27/2023,ASSAULT
27094,02/27/2023,THEFT
27095,27-Feb-2023,ASSAULT
27096,02/27/2023,BURGLARY
27097,02/27/2023,ASSAULT
27098,02/27/2023,DRUG OFFENSE
27099,2023-02-27,THEFT
27100,27-Feb-2023,OTHER
27101,02/27/2023,OTHER
27102,27-Feb-2023,VANDALISM
27103,27-Feb-2023,ASSAULT
27104,02/27/2023,FRAUD
27105,27-Feb-2023,ROBBERY
27106,2023-02-27,ASSAULT
27107,27-Feb-2023,DRUG OFFENSE
27108,27-Feb-2023,BURGLARY
27109,27-Feb-2023,DRUG OFFENSE
27110,02/27/2023,ASSAULT
27111,27-Feb-2023,DRUG OFFENSE
27112,02/27/2023,THEFT
27113,02/27/2023,VANDALISM
27114,02/27/2023,BURGLARY
27115,02/27/2023,BURGLARY
27116,2023-02-27,THEFT
27117,27-Feb-2023,ROBBERY
27118,02/27/2023,THEFT
27119,2023-02-27,ROBBERY
27120,02/27/2023,ROBBERY
27121,2023-02-27,ASSAULT
27122,27-Feb-2023,BURGLARY
27123,02/27/2023,ROBBERY
27124,2023-02-27,FRAUD
27125,2023-02-27,FRAUD
27126,2023-02-27,ASSAULT
27127,02/27/2023,FRAUD
27128,27-Feb-2023,THEFT
27129,02/27/2023,FRAUD
27130,28-Feb-2023,FRAUD
27131,2023-02-28,ROBBERY
27132,28-Feb-2023,DRUG OFFENSE
27133,02/28/2023,ROBBERY
27134,2023-02-28,BURGLARY
27135,28-Feb-2023,VANDALISM
27136,02/28/2023,ROBBERY
27137,28-Feb-2023,ASSAULT
27138,28-Feb-2023,ROBBERY
27139,02/28/2023,DRUG OFFENSE
27140,2023-02-28,VANDALISM
27141,2023-02-28,ROBBERY
27142,2023-02-28,OTHER
27143,28-Feb-2023,VANDALISM
27144,28-Feb-2023,THEFT
27145,2023-02-28,DRUG OFFENSE
27146,28-Feb-2023,ASSAULT
27147,02/28/2023,ASSAULT
27148,28-Feb-2023,DRUG OFFENSE
27149,2023-02-28,ROBBERY
27150,28-Feb-2023,DRUG OFFENSE
27151,28-Feb-2023,THEFT
27152,02/28/2023,OTHER
27153,2023-02-28,THEFT
27154,2023-02-28,ASSAULT
27155,28-Feb-2023,ROBBERY
27156,2023-02-28,DRUG OFFENSE
27157,03/01/2023,FRAUD
27158,2023-03-01,THEFT
27159,2023-03-01,ROBBERY
27160,03/01/2023,OTHER
27161,03/01/2023,VANDALISM
27162,01-Mar-2023,OTHER
27163,03/01/2023,ROBBERY
27164,2023-03-01,FRAUD
27165,03/01/2023,OTHER
27166,01-Mar-2023,ASSAULT
27167,01-Mar-2023,THEFT
27168,2023-03-01,VANDALISM
27169,01-Mar-2023,BURGLARY
27170,03/01/2023,FRAUD
27171,03/01/2023,THEFT
27172,01-Mar-2023,ASSAULT
27173,2023-03-01,FRAUD
27174,2023-03-01,BURGLARY
27175,2023-03-01,ROBBERY
27176,03/01/2023,BURGLARY
27177,01-Mar-2023,FRAUD
27178,01-Mar-2023,ASSAULT
27179,03/01/2023,DRUG OFFENSE
27180,2023-03-01,BURGLARY
27181,03/01/2023,THEFT
27182,01-Mar-2023,THEFT
27183,2023-03-01,BURGLARY
27184,01-Mar-2023,DRUG OFFENSE
27185,03/01/2023,ASSAULT
27186,01-Mar-2023,VANDALISM
27187,01-Mar-2023,BURGLARY
27188,2023-03-01,FRAUD
27189,03/01/2023,VANDALISM
27190,2023-03-01,ROBBERY
27191,03/01/2023,DRUG OFFENSE
27192,2023-03-01,DRUG OFFENSE
27193,01-Mar-2023,ROBBERY
27194,02-Mar-2023,ASSAULT
27195,03/02/2023,ASSAULT
27196,02-Mar-2023,ASSAULT
27197,2023-03-02,ASSAULT
27198,2023-03-02,VANDALISM
27199,2023-03-02,DRUG OFFENSE
27200,03/02/2023,VANDALISM
27201,2023-03-02,BURGLARY
27202,03/02/2023,FRAUD
27203,02-Mar-2023,ROBBERY
27204,02-Mar-2023,OTHER
27205,03/02/2023,FRAUD
27206,02-Mar-2023,OTHER
27207,03/02/2023,ROBBERY
27208,03/02/2023,VANDALISM
27209,02-Mar-2023,ASSAULT
27210,03/02/2023,DRUG OFFENSE
27211,03/02/2023,THEFT
27212,2023-03-02,OTHER
27213,02-Mar-2023,OTHER
27214,2023-03-02,VANDALISM
27215,03/02/2023,BURGLARY
27216,03/02/2023,OTHER
27217,02-Mar-2023,ROBBERY
27218,2023-03-02,DRUG OFFENSE
27219,2023-03-02,DRUG OFFENSE
27220,03/02/2023,VANDALISM
27221,02-Mar-2023,ROBBERY
27222,03/02/2023,ROBBERY
27223,03/02/2023,FRAUD
27224,03/02/2023,THEFT
27225,03/02/2023,FRAUD
27226,02-Mar-2023,THEFT
27227,2023-03-02,ROBBERY
27228,2023-03-02,VANDALISM
27229,2023-03-02,FRAUD
27230,2023-03-02,FRAUD
27231,02-Mar-2023,BURGLARY
27232,03/02/2023,ASSAULT
27233,03/02/2023,FRAUD
27234,2023-03-03,FRAUD
27235,2023-03-03,DRUG OFFENSE
27236,2023-03-03,VANDALISM
27237,03/03/2023,BURGLARY
27238,2023-03-03,BURGLARY
27239,2023-03-03,ROBBERY
27240,2023-03-03,OTHER
27241,03/03/2023,DRUG OFFENSE
27242,2023-03-03,FRAUD
27243,03-Mar-2023,BURGLARY
27244,03-Mar-2023,BURGLARY
27245,03/03/2023,VANDALISM
27246,2023-03-03,BURGLARY
27247,2023-03-03,ROBBERY
27248,2023-03-03,OTHER
27249,2023-03-03,VANDALISM
27250,2023-03-03,OTHER
27251,03/03/2023,FRAUD
27252,03/03/2023,BURGLARY
27253,03/03/2023,VANDALISM
27254,03/03/2023,DRUG OFFENSE
27255,03/03/2023,BURGLARY
27256,03-Mar-2023,OTHER
27257,03/03/2023,OTHER
27258,2023-03-03,THEFT
27259,2023-03-03,OTHER
27260,03-Mar-2023,ASSAULT
27261,03-Mar-2023,BURGLARY
27262,03/03/2023,ASSAULT
27263,2023-03-03,OTHER
27264,03-Mar-2023,OTHER
27265,03/03/2023,DRUG OFFENSE
27266,03-Mar-2023,THEFT
27267,03/03/2023,FRAUD
27268,2023-03-03,VANDALISM
27269,03-Mar-2023,VANDALISM
27270,03/03/2023,OTHER
27271,03-Mar-2023,ROBBERY
27272,04-Mar-2023,FRAUD
27273,04-Mar-2023,DRUG OFFENSE
27274,04-Mar-2023,ROBBERY
27275,03/04/2023,OTHER
27276,04-Mar-2023,DRUG OFFENSE
27277,04-Mar-2023,THEFT
27278,03/04/2023,ASSAULT
27279,2023-03-04,THEFT
27280,2023-03-04,BURGLARY
27281,04-Mar-2023,FRAUD
27282,2023-03-04,OTHER
27283,04-Mar-2023,OTHER
27284,2023-03-04,VANDALISM
27285,04-Mar-2023,DRUG OFFENSE
27286,03/04/2023,ASSAULT
27287,2023-03-04,BURGLARY
27288,2023-03-04,ASSAULT
27289,03/04/2023,ASSAULT
27290,2023-03-04,THEFT
27291,03/04/2023,OTHER
27292,04-Mar-2023,THEFT
27293,2023-03-04,THEFT
27294,2023-03-04,ROBBERY
27295,04-Mar-2023,BURGLARY
27296,2023-03-04,BURGLARY
27297,2023-03-04,OTHER
27298,03/04/2023,THEFT
27299,04-Mar-2023,FRAUD
27300,03/05/2023,ROBBERY
27301,2023-03-05,THEFT
27302,05-Mar-2023,OTHER
27303,03/05/2023,VANDALISM
27304,05-Mar-2023,DRUG OFFENSE
27305,05-Mar-2023,THEFT
27306,03/05/2023,DRUG OFFENSE
27307,2023-03-05,ASSAULT
27308,03/05/2023,VANDALISM
27309,05-Mar-2023,OTHER
27310,03/05/2023,ROBBERY
27311,2023-03-05,VANDALISM
27312,2023-03-05,VANDALISM
27313,03/05/2023,ROBBERY
27314,05-Mar-2023,ROBBERY
27315,2023-03-05,DRUG OFFENSE
27316,03/05/2023,FRAUD
27317,03/05/2023,ROBBERY
27318,2023-03-05,THEFT
27319,03/05/2023,ROBBERY
27320,05-Mar-2023,THEFT
27321,05-Mar-2023,DRUG OFFENSE
27322,03/05/2023,ROBBERY
27323,05-Mar-2023,THEFT
27324,2023-03-05,ASSAULT
27325,03/05/2023,VANDALISM
27326,03/05/2023,OTHER
27327,05-Mar-2023,THEFT
27328,03/05/2023,BURGLARY
27329,03/05/2023,DRUG OFFENSE
27330,2023-03-05,FRAUD
27331,05-Mar-2023,DRUG OFFENSE
27332,03/05/2023,DRUG OFFENSE
27333,2023-03-05,VANDALISM
27334,03/05/2023,ASSAULT
27335,03/05/2023,OTHER
27336,2023-03-05,BURGLARY
27337,03/05/2023,ASSAULT
27338,2023-03-05,ROBBERY
27339,03/05/2023,FRAUD
27340,03/05/2023,ROBBERY
27341,03/05/2023,THEFT
27342,2023-03-06,ROBBERY
27343,03/06/2023,OTHER
27344,03/06/2023,FRAUD
27345,2023-03-06,ASSAULT
27346,03/06/2023,ASSAULT
27347,03/06/2023,DRUG OFFENSE
27348,2023-03-06,OTHER
27349,2023-03-06,OTHER
27350,03/06/2023,DRUG OFFENSE
27351,2023-03-06,THEFT
27352,06-Mar-2023,FRAUD
27353,03/06/2023,ASSAULT
27354,06-Mar-2023,THEFT
27355,2023-03-06,THEFT
27356,03/06/2023,FRAUD
27357,03/06/2023,VANDALISM
27358,06-Mar-2023,DRUG OFFENSE
27359,03/06/2023,ASSAULT
27360,03/06/2023,DRUG OFFENSE
27361,2023-03-06,THEFT
27362,03/06/2023,THEFT
27363,06-Mar-2023,FRAUD
27364,03/06/2023,THEFT
27365,03/06/2023,THEFT
27366,03/06/2023,ROBBERY
27367,2023-03-06,THEFT
27368,03/06/2023,ROBBERY
27369,2023-03-06,BURGLARY
27370,03/06/2023,ROBBERY
27371,2023-03-06,FRAUD
27372,06-Mar-2023,FRAUD
27373,03/06/2023,FRAUD
27374,2023-03-06,DRUG OFFENSE
27375,2023-03-06,ROBBERY
27376,2023-03-06,ASSAULT
27377,03/06/2023,ASSAULT
27378,03/06/2023,BURGLARY
27379,2023-03-06,ROBBERY
27380,2023-03-06,THEFT
27381,03/06/2023,BURGLARY
27382,03/06/2023,ROBBERY
27383,03/06/2023,VANDALISM
27384,06-Mar-2023,THEFT
27385,06-Mar-2023,FRAUD
27386,03/06/2023,FRAUD
27387,2023-03-06,BURGLARY
27388,06-Mar-2023,FRAUD
27389,07-Mar-2023,THEFT
27390,03/07/2023,VANDALISM
27391,2023-03-07,ROBBERY
27392,03/07/2023,DRUG OFFENSE
27393,03/07/2023,ASSAULT
27394,2023-03-07,BURGLARY
27395,2023-03-07,BURGLARY
27396,2023-03-07,THEFT
27397,2023-03-07,ASSAULT
27398,07-Mar-2023,FRAUD
27399,03/07/2023,VANDALISM
27400,2023-03-07,OTHER
27401,2023-03-07,VANDALISM
27402,07-Mar-2023,DRUG OFFENSE
27403,07-Mar-2023,VANDALISM
27404,07-Mar-2023,BURGLARY
27405,07-Mar-2023,FRAUD
27406,03/07/2023,THEFT
27407,2023-03-07,THEFT
27408,03/07/2023,FRAUD
27409,03/07/2023,FRAUD
27410,03/07/2023,VANDALISM
27411,07-Mar-2023,ROBBERY
27412,03/07/2023,FRAUD
27413,2023-03-07,DRUG OFFENSE
27414,2023-03-07,BURGLARY
27415,03/07/2023,FRAUD
27416,03/07/2023,DRUG OFFENSE
27417,03/07/2023,ASSAULT
27418,2023-03-07,FRAUD
27419,07-Mar-2023,VANDALISM
27420,2023-03-07,VANDALISM
27421,2023-03-07,THEFT
27422,03/08/2023,FRAUD
27423,08-Mar-2023,DRUG OFFENSE
27424,03/08/2023,THEFT
27425,2023-03-08,ROBBERY
27426,03/08/2023,DRUG OFFENSE
27427,03/08/2023,FRAUD
27428,03/08/2023,THEFT
27429,03/08/2023,THEFT
27430,03/08/2023,OTHER
27431,2023-03-08,OTHER
27432,03/08/2023,BURGLARY
27433,03/08/2023,FRAUD
27434,2023-03-08,BURGLARY
27435,2023-03-08,DRUG OFFENSE
27436,2023-03-08,FRAUD
27437,2023-03-08,DRUG OFFENSE
27438,08-Mar-2023,ASSAULT
27439,03/08/2023,ROBBERY
27440,03/08/2023,DRUG OFFENSE
27441,2023-03-08,VANDALISM
27442,2023-03-08,BURGLARY
27443,03/08/2023,DRUG OFFENSE
27444,2023-03-08,OTHER
27445,03/08/2023,ROBBERY
27446,2023-03-08,OTHER
27447,03/08/2023,THEFT
27448,03/08/2023,DRUG OFFENSE
27449,2023-03-08,ASSAULT
27450,03/08/2023,BURGLARY
27451,03/08/2023,FRAUD
27452,03/08/2023,THEFT
27453,08-Mar-2023,FRAUD
27454,2023-03-08,DRUG OFFENSE
27455,03/08/2023,THEFT
27456,08-Mar-2023,VANDALISM
27457,03/09/2023,FRAUD
27458,03/09/2023,BURGLARY
27459,2023-03-09,ROBBERY
27460,2023-03-09,FRAUD
27461,09-Mar-2023,BURGLARY
27462,03/09/2023,VANDALISM
27463,09-Mar-2023,ROBBERY
27464,03/09/2023,VANDALISM
27465,09-Mar-2023,VANDALISM
27466,03/09/2023,DRUG OFFENSE
27467,03/09/2023,DRUG OFFENSE
27468,03/09/2023,ROBBERY
27469,03/09/2023,DRUG OFFENSE
27470,2023-03-09,DRUG OFFENSE
27471,2023-03-09,BURGLARY
27472,03/09/2023,OTHER
27473,03/09/2023,FRAUD
27474,2023-03-09,FRAUD
27475,03/09/2023,FRAUD
27476,2023-03-09,DRUG OFFENSE
27477,09-Mar-2023,THEFT
27478,2023-03-09,VANDALISM
27479,03/09/2023,VANDALISM
27480,09-Mar-2023,BURGLARY
27481,03/09/2023,BURGLARY
27482,03/09/2023,FRAUD
27483,03/09/2023,ROBBERY
27484,03/09/2023,THEFT
27485,03/09/2023,FRAUD
27486,09-Mar-2023,ROBBERY
27487,09-Mar-2023,ASSAULT
27488,03/09/2023,ASSAULT
27489,03/09/2023,DRUG OFFENSE
27490,03/09/2023,DRUG OFFENSE
27491,09-Mar-2023,ASSAULT
27492,03/09/2023,ASSAULT
27493,03/09/2023,ROBBERY
27494,03/09/2023,ROBBERY
27495,09-Mar-2023,VANDALISM
27496,09-Mar-2023,THEFT
27497,09-Mar-2023,DRUG OFFENSE
27498,2023-03-09,VANDALISM
27499,10-Mar-2023,VANDALISM
27500,10-Mar-2023,ASSAULT
27501,10-Mar-2023,VANDALISM
27502,03/10/2023,BURGLARY
27503,03/10/2023,ASSAULT
27504,2023-03-10,DRUG OFFENSE
27505,10-Mar-2023,THEFT
27506,2023-03-10,VANDALISM
27507,10-Mar-2023,DRUG OFFENSE
27508,03/10/2023,BURGLARY
27509,03/10/2023,DRUG OFFENSE
27510,2023-03-10,ASSAULT
27511,03/10/2023,ASSAULT
27512,10-Mar-2023,BURGLARY
27513,10-Mar-2023,FRAUD
27514,10-Mar-2023,OTHER
27515,03/10/2023,ASSAULT
27516,03/10/2023,BURGLARY
27517,03/10/2023,ASSAULT
27518,03/10/2023,BURGLARY
27519,2023-03-10,ROBBERY
27520,10-Mar-2023,DRUG OFFENSE
27521,2023-03-10,ASSAULT
27522,2023-03-10,FRAUD
27523,03/10/2023,ROBBERY
27524,03/10/2023,BURGLARY
27525,03/10/2023,BURGLARY
27526,03/10/2023,OTHER
27527,03/10/2023,OTHER
27528,03/10/2023,BURGLARY
27529,03/10/2023,ASSAULT
27530,2023-03-10,FRAUD
27531,10-Mar-2023,BURGLARY
27532,10-Mar-2023,BURGLARY
27533,03/10/2023,THEFT
27534,03/10/2023,DRUG OFFENSE
27535,2023-03-10,ASSAULT
27536,03/10/2023,DRUG OFFENSE
27537,03/11/2023,OTHER
27538,2023-03-11,THEFT
27539,2023-03-11,ROBBERY
27540,2023-03-11,ROBBERY
27541,2023-03-11,BURGLARY
27542,2023-03-11,BURGLARY
27543,03/11/2023,ASSAULT
27544,11-Mar-2023,VANDALISM
27545,03/11/2023,ROBBERY
27546,11-Mar-2023,ROBBERY
27547,2023-03-11,ROBBERY
27548,03/11/2023,BURGLARY
27549,2023-03-11,THEFT
27550,2023-03-11,OTHER
27551,11-Mar-2023,OTHER
27552,03/11/2023,THEFT
27553,03/11/2023,DRUG OFFENSE
27554,03/11/2023,VANDALISM
27555,11-Mar-2023,ASSAULT
27556,11-Mar-2023,BURGLARY
27557,2023-03-11,DRUG OFFENSE
27558,2023-03-11,OTHER
27559,03/11/2023,DRUG OFFENSE
27560,03/11/2023,FRAUD
27561,11-Mar-2023,OTHER
27562,11-Mar-2023,FRAUD
27563,11-Mar-2023,OTHER
27564,2023-03-11,VANDALISM
27565,11-Mar-2023,THEFT
27566,03/11/2023,ASSAULT
27567,03/11/2023,ROBBERY
27568,11-Mar-2023,OTHER
27569,11-Mar-2023,THEFT
27570,11-Mar-2023,THEFT
27571,03/11/2023,VANDALISM
27572,11-Mar-2023,VANDALISM
27573,2023-03-11,THEFT
27574,03/11/2023,ROBBERY
27575,03/11/2023,VANDALISM
27576,03/11/2023,ASSAULT
27577,11-Mar-2023,ASSAULT
27578,03/11/2023,ASSAULT
27579,2023-03-11,BURGLARY
27580,12-Mar-2023,ROBBERY
27581,03/12/2023,BURGLARY
27582,12-Mar-2023,BURGLARY
27583,03/12/2023,THEFT
27584,03/12/2023,ROBBERY
27585,03/12/2023,BURGLARY
27586,12-Mar-2023,OTHER
27587,03/12/2023,OTHER
27588,12-Mar-2023,BURGLARY
27589,12-Mar-2023,ROBBERY
27590,03/12/2023,FRAUD
27591,12-Mar-2023,ASSAULT
27592,03/12/2023,FRAUD
27593,2023-03-12,ROBBERY
27594,03/12/2023,ROBBERY
27595,12-Mar-2023,THEFT
27596,2023-03-12,OTHER
27597,03/12/2023,FRAUD
27598,12-Mar-2023,BURGLARY
27599,03/12/2023,BURGLARY
27600,03/12/2023,DRUG OFFENSE
27601,12-Mar-2023,OTHER
27602,03/12/2023,VANDALISM
27603,2023-03-12,ASSAULT
27604,03/12/2023,VANDALISM
27605,2023-03-12,ASSAULT
27606,03/12/2023,ASSAULT
27607,12-Mar-2023,DRUG OFFENSE
27608,2023-03-12,OTHER
27609,2023-03-12,THEFT
27610,12-Mar-2023,THEFT
27611,03/12/2023,VANDALISM
27612,03/12/2023,VANDALISM
27613,12-Mar-2023,ROBBERY
27614,03/12/2023,BURGLARY
27615,03/12/2023,VANDALISM
27616,2023-03-12,THEFT
27617,2023-03-12,FRAUD
27618,03/12/2023,VANDALISM
27619,2023-03-12,FRAUD
27620,12-Mar-2023,THEFT
27621,03/13/2023,FRAUD
27622,03/13/2023,BURGLARY
27623,13-Mar-2023,BURGLARY
27624,13-Mar-2023,VANDALISM
27625,2023-03-13,OTHER
27626,13-Mar-2023,FRAUD
27627,2023-03-13,THEFT
27628,03/13/2023,DRUG OFFENSE
27629,2023-03-13,THEFT
27630,03/13/2023,THEFT
27631,2023-03-13,OTHER
27632,13-Mar-2023,THEFT
27633,2023-03-13,THEFT
27634,03/13/2023,THEFT
27635,2023-03-13,THEFT
27636,2023-03-13,ROBBERY
27637,03/13/2023,OTHER
27638,03/13/2023,ASSAULT
27639,2023-03-13,ASSAULT
27640,13-Mar-2023,ROBBERY
27641,13-Mar-2023,THEFT
27642,13-Mar-2023,THEFT
27643,03/13/2023,OTHER
27644,03/13/2023,DRUG OFFENSE
27645,03/13/2023,OTHER
27646,2023-03-13,ASSAULT
27647,2023-03-13,BURGLARY
27648,2023-03-13,VANDALISM
27649,03/13/2023,ASSAULT
27650,03/13/2023,ASSAULT
27651,2023-03-13,VANDALISM
27652,13-Mar-2023,DRUG OFFENSE
27653,03/13/2023,ASSAULT
27654,03/13/2023,ROBBERY
27655,03/13/2023,ASSAULT
27656,13-Mar-2023,THEFT
27657,2023-03-13,VANDALISM
27658,13-Mar-2023,THEFT
27659,03/14/2023,DRUG OFFENSE
27660,2023-03-14,ASSAULT
27661,2023-03-14,ASSAULT
27662,14-Mar-2023,FRAUD
27663,2023-03-14,VANDALISM
27664,2023-03-14,FRAUD
27665,2023-03-14,DRUG OFFENSE
27666,03/14/2023,DRUG OFFENSE
27667,14-Mar-2023,THEFT
27668,03/14/2023,THEFT
27669,2023-03-14,DRUG OFFENSE
27670,14-Mar-2023,FRAUD
27671,03/14/2023,VANDALISM
27672,03/14/2023,VANDALISM
27673,03/14/2023,DRUG OFFENSE
27674,14-Mar-2023,BURGLARY
27675,2023-03-14,BURGLARY
27676,2023-03-14,OTHER
27677,14-Mar-2023,VANDALISM
27678,03/14/2023,ROBBERY
27679,03/14/2023,ROBBERY
27680,2023-03-14,VANDALISM
27681,03/14/2023,ROBBERY
27682,14-Mar-2023,ROBBERY
27683,2023-03-14,VANDALISM
27684,03/14/2023,DRUG OFFENSE
27685,14-Mar-2023,FRAUD
27686,03/14/2023,FRAUD
27687,2023-03-14,THEFT
27688,14-Mar-2023,ROBBERY
27689,2023-03-14,ASSAULT
27690,03/14/2023,DRUG OFFENSE
27691,2023-03-14,VANDALISM
27692,03/14/2023,THEFT
27693,03/14/2023,THEFT
27694,14-Mar-2023,FRAUD
27695,14-Mar-2023,THEFT
27696,03/14/2023,DRUG OFFENSE
27697,14-Mar-2023,FRAUD
27698,2023-03-14,DRUG OFFENSE
27699,14-Mar-2023,THEFT
27700,2023-03-14,OTHER
27701,2023-03-14,THEFT
27702,2023-03-14,FRAUD
27703,2023-03-14,ASSAULT
27704,2023-03-14,OTHER
27705,2023-03-14,OTHER
27706,2023-03-14,THEFT
27707,2023-03-14,BURGLARY
27708,14-Mar-2023,THEFT
27709,2023-03-14,VANDALISM
27710,15-Mar-2023,ASSAULT
27711,15-Mar-2023,FRAUD
27712,2023-03-15,ASSAULT
27713,15-Mar-2023,OTHER
27714,2023-03-15,VANDALISM
27715,03/15/2023,ASSAULT
27716,03/15/2023,DRUG OFFENSE
27717,03/15/2023,ASSAULT
27718,2023-03-15,VANDALISM
27719,15-Mar-2023,THEFT
27720,2023-03-15,ROBBERY
27721,03/15/2023,ROBBERY
27722,2023-03-15,FRAUD
27723,2023-03-15,ROBBERY
27724,2023-03-15,ASSAULT
27725,03/15/2023,OTHER
27726,03/15/2023,VANDALISM
27727,2023-03-15,THEFT
27728,2023-03-15,FRAUD
27729,2023-03-15,ASSAULT
27730,2023-03-15,BURGLARY
27731,2023-03-15,VANDALISM
27732,03/15/2023,BURGLARY
27733,03/15/2023,BURGLARY
27734,15-Mar-2023,ROBBERY
27735,15-Mar-2023,FRAUD
27736,15-Mar-2023,DRUG OFFENSE
27737,2023-03-15,THEFT
27738,03/15/2023,DRUG OFFENSE
27739,15-Mar-2023,DRUG OFFENSE
27740,03/15/2023,THEFT
27741,03/15/2023,THEFT
27742,15-Mar-2023,ASSAULT
27743,03/15/2023,ROBBERY
27744,2023-03-15,ROBBERY
27745,15-Mar-2023,OTHER
27746,15-Mar-2023,ASSAULT
27747,03/15/2023,FRAUD
27748,03/15/2023,BURGLARY
27749,03/16/2023,ROBBERY
27750,03/16/2023,ASSAULT
27751,03/16/2023,BURGLARY
27752,16-Mar-2023,BURGLARY
27753,2023-03-16,VANDALISM
27754,16-Mar-2023,FRAUD
27755,03/16/2023,ROBBERY
27756,03/16/2023,VANDALISM
27757,16-Mar-2023,BURGLARY
27758,16-Mar-2023,FRAUD
27759,16-Mar-2023,OTHER
27760,16-Mar-2023,FRAUD
27761,03/16/2023,BURGLARY
27762,03/16/2023,FRAUD
27763,16-Mar-2023,DRUG OFFENSE
27764,16-Mar-2023,DRUG OFFENSE
27765,03/16/2023,OTHER
27766,03/16/2023,ROBBERY
27767,2023-03-16,ASSAULT
27768,03/16/2023,OTHER
27769,16-Mar-2023,ASSAULT
27770,03/16/2023,OTHER
27771,03/16/2023,ASSAULT
27772,2023-03-16,FRAUD
27773,16-Mar-2023,THEFT
27774,03/16/2023,ROBBERY
27775,16-Mar-2023,VANDALISM
27776,16-Mar-2023,THEFT
27777,16-Mar-2023,THEFT
27778,03/16/2023,OTHER
27779,2023-03-16,ROBBERY
27780,2023-03-16,DRUG OFFENSE
27781,03/16/2023,VANDALISM
27782,03/16/2023,THEFT
27783,16-Mar-2023,BURGLARY
27784,03/16/2023,BURGLARY
27785,16-Mar-2023,ASSAULT
27786,03/16/2023,OTHER
27787,16-Mar-2023,THEFT
27788,03/16/2023,FRAUD
27789,2023-03-16,THEFT
27790,2023-03-16,VANDALISM
27791,2023-03-16,FRAUD
27792,16-Mar-2023,ASSAULT
27793,16-Mar-2023,DRUG OFFENSE
27794,2023-03-16,VANDALISM
27795,2023-03-17,ROBBERY
27796,03/17/2023,BURGLARY
27797,17-Mar-2023,THEFT
27798,03/17/2023,VANDALISM
27799,17-Mar-2023,VANDALISM
27800,03/17/2023,OTHER
27801,17-Mar-2023,BURGLARY
27802,2023-03-17,VANDALISM
27803,03/17/2023,FRAUD
27804,03/17/2023,BURGLARY
27805,2023-03-17,BURGLARY
27806,2023-03-17,THEFT
27807,17-Mar-2023,ROBBERY
27808,17-Mar-2023,VANDALISM
27809,17-Mar-2023,DRUG OFFENSE
27810,03/17/2023,ASSAULT
27811,17-Mar-2023,OTHER
27812,03/17/2023,ASSAULT
27813,17-Mar-2023,THEFT
27814,03/17/2023,FRAUD
27815,03/17/2023,BURGLARY
27816,2023-03-17,FRAUD
27817,03/17/2023,FRAUD
27818,03/17/2023,ROBBERY
27819,2023-03-17,ROBBERY
27820,03/17/2023,ROBBERY
27821,17-Mar-2023,THEFT
27822,17-Mar-2023,OTHER
27823,2023-03-17,THEFT
27824,17-Mar-2023,OTHER
27825,03/17/2023,VANDALISM
27826,2023-03-17,ROBBERY
27827,03/17/2023,OTHER
27828,2023-03-18,FRAUD
27829,03/18/2023,VANDALISM
27830,2023-03-18,ASSAULT
27831,18-Mar-2023,THEFT
27832,2023-03-18,FRAUD
27833,03/18/2023,OTHER
27834,18-Mar-2023,VANDALISM
27835,2023-03-18,ASSAULT
27836,18-Mar-2023,THEFT
27837,18-Mar-2023,VANDALISM
27838,03/18/2023,VANDALISM
27839,18-Mar-2023,ROBBERY
27840,18-Mar-2023,DRUG OFFENSE
27841,03/18/2023,OTHER
27842,18-Mar-2023,OTHER
27843,03/18/2023,DRUG OFFENSE
27844,2023-03-18,ASSAULT
27845,03/18/2023,OTHER
27846,03/18/2023,ROBBERY
27847,18-Mar-2023,ASSAULT
27848,18-Mar-2023,OTHER
27849,03/18/2023,OTHER
27850,18-Mar-2023,VANDALISM
27851,18-Mar-2023,VANDALISM
27852,03/18/2023,ASSAULT
27853,18-Mar-2023,FRAUD
27854,03/18/2023,ASSAULT
27855,18-Mar-2023,VANDALISM
27856,03/18/2023,DRUG OFFENSE
27857,03/18/2023,DRUG OFFENSE
27858,03/18/2023,BURGLARY
27859,03/18/2023,BURGLARY
27860,03/18/2023,ROBBERY
27861,2023-03-18,OTHER
27862,03/18/2023,THEFT
27863,18-Mar-2023,OTHER
27864,2023-03-18,FRAUD
27865,03/18/2023,VANDALISM
27866,18-Mar-2023,ROBBERY
27867,18-Mar-2023,FRAUD
27868,19-Mar-2023,VANDALISM
27869,03/19/2023,DRUG OFFENSE
27870,2023-03-19,BURGLARY
27871,2023-03-19,VANDALISM
27872,03/19/2023,VANDALISM
27873,2023-03-19,BURGLARY
27874,19-Mar-2023,ROBBERY
27875,03/19/2023,THEFT
27876,2023-03-19,ROBBERY
27877,2023-03-19,BURGLARY
27878,19-Mar-2023,VANDALISM
27879,19-Mar-2023,OTHER
27880,2023-03-19,VANDALISM
27881,2023-03-19,ROBBERY
27882,2023-03-19,ASSAULT
27883,2023-03-19,ASSAULT
27884,03/19/2023,BURGLARY
27885,03/19/2023,ROBBERY
27886,03/19/2023,DRUG OFFENSE
27887,03/19/2023,ASSAULT
27888,2023-03-19,ASSAULT
27889,19-Mar-2023,ASSAULT
27890,03/19/2023,VANDALISM
27891,2023-03-19,DRUG OFFENSE
27892,03/19/2023,BURGLARY
27893,19-Mar-2023,ROBBERY
27894,2023-03-19,OTHER
27895,2023-03-19,THEFT
27896,03/19/2023,VANDALISM
27897,2023-03-19,BURGLARY
27898,03/19/2023,ROBBERY
27899,03/19/2023,OTHER
27900,19-Mar-2023,THEFT
27901,2023-03-19,THEFT
27902,19-Mar-2023,ASSAULT
27903,19-Mar-2023,BURGLARY
27904,03/19/2023,OTHER
27905,03/19/2023,BURGLARY
27906,03/19/2023,OTHER
27907,20-Mar-2023,BURGLARY
27908,2023-03-20,BURGLARY
27909,20-Mar-2023,ASSAULT
27910,20-Mar-2023,THEFT
27911,20-Mar-2023,ASSAULT
27912,03/20/2023,THEFT
27913,03/20/2023,ROBBERY
27914,03/20/2023,ASSAULT
27915,03/20/2023,VANDALISM
27916,03/20/2023,THEFT
27917,03/20/2023,ROBBERY
27918,03/20/2023,ASSAULT
27919,2023-03-20,ASSAULT
27920,20-Mar-2023,FRAUD
27921,03/20/2023,ROBBERY
27922,03/20/2023,ASSAULT
27923,20-Mar-2023,DRUG OFFENSE
27924,2023-03-20,DRUG OFFENSE
27925,20-Mar-2023,ASSAULT
27926,03/20/2023,THEFT
27927,20-Mar-2023,THEFT
27928,03/20/2023,VANDALISM
27929,20-Mar-2023,DRUG OFFENSE
27930,2023-03-20,VANDALISM
27931,2023-03-20,OTHER
27932,20-Mar-2023,FRAUD
27933,20-Mar-2023,VANDALISM
27934,2023-03-20,FRAUD
27935,03/21/2023,THEFT
27936,21-Mar-2023,VANDALISM
27937,21-Mar-2023,DRUG OFFENSE
27938,03/21/2023,FRAUD
27939,03/21/2023,ROBBERY
27940,21-Mar-2023,OTHER
27941,03/21/2023,ASSAULT
27942,2023-03-21,DRUG OFFENSE
27943,21-Mar-2023,THEFT
27944,03/21/2023,BURGLARY
27945,03/21/2023,FRAUD
27946,03/21/2023,FRAUD
27947,03/21/2023,ASSAULT
27948,2023-03-21,FRAUD
27949,2023-03-21,THEFT
27950,2023-03-21,THEFT
27951,2023-03-21,BURGLARY
27952,21-Mar-2023,ASSAULT
27953,03/21/2023,DRUG OFFENSE
27954,21-Mar-2023,DRUG OFFENSE
27955,03/21/2023,THEFT
27956,2023-03-21,FRAUD
27957,03/21/2023,OTHER
27958,03/21/2023,ASSAULT
27959,03/21/2023,FRAUD
27960,03/21/2023,VANDALISM
27961,03/21/2023,DRUG OFFENSE
27962,2023-03-21,OTHER
27963,03/21/2023,THEFT
27964,21-Mar-2023,OTHER
27965,03/21/2023,ROBBERY
27966,2023-03-21,OTHER
27967,21-Mar-2023,ASSAULT
27968,21-Mar-2023,THEFT
27969,03/22/2023,DRUG OFFENSE
27970,2023-03-22,OTHER
27971,2023-03-22,BURGLARY
27972,2023-03-22,BURGLARY
27973,03/22/2023,ASSAULT
27974,03/22/2023,VANDALISM
27975,03/22/2023,BURGLARY
27976,2023-03-22,FRAUD
27977,03/22/2023,DRUG OFFENSE
27978,03/22/2023,DRUG OFFENSE
27979,22-Mar-2023,ROBBERY
27980,03/22/2023,ROBBERY
27981,03/22/2023,ASSAULT
27982,03/22/2023,ASSAULT
27983,03/22/2023,BURGLARY
27984,22-Mar-2023,ASSAULT
27985,2023-03-22,FRAUD
27986,03/22/2023,THEFT
27987,2023-03-22,DRUG OFFENSE
27988,22-Mar-2023,DRUG OFFENSE
27989,2023-03-22,VANDALISM
27990,2023-03-22,BURGLARY
27991,2023-03-22,OTHER
27992,03/22/2023,ASSAULT
27993,22-Mar-2023,DRUG OFFENSE
27994,03/22/2023,ROBBERY
27995,2023-03-22,BURGLARY
27996,22-Mar-2023,OTHER
27997,22-Mar-2023,ROBBERY
27998,22-Mar-2023,ROBBERY
27999,03/22/2023,FRAUD
28000,22-Mar-2023,BURGLARY
28001,03/22/2023,VANDALISM
28002,03/22/2023,FRAUD
28003,2023-03-22,OTHER
28004,2023-03-22,THEFT
28005,03/22/2023,ASSAULT
28006,23-Mar-2023,DRUG OFFENSE
28007,2023-03-23,BURGLARY
28008,2023-03-23,DRUG OFFENSE
28009,23-Mar-2023,ROBBERY
28010,03/23/2023,DRUG OFFENSE
28011,2023-03-23,FRAUD
28012,2023-03-23,DRUG OFFENSE
28013,03/23/2023,VANDALISM
28014,23-Mar-2023,ASSAULT
28015,2023-03-23,OTHER
28016,23-Mar-2023,ASSAULT
28017,2023-03-23,ASSAULT
28018,23-Mar-2023,VANDALISM
28019,2023-03-23,DRUG OFFENSE
28020,03/23/2023,FRAUD
28021,03/23/2023,THEFT
28022,2023-03-23,BURGLARY
28023,03/23/2023,OTHER
28024,23-Mar-2023,ROBBERY
28025,03/23/2023,BURGLARY
28026,03/23/2023,FRAUD
28027,23-Mar-2023,ASSAULT
28028,2023-03-23,BURGLARY
28029,03/23/2023,BURGLARY
28030,03/23/2023,VANDALISM
28031,2023-03-23,THEFT
28032,23-Mar-2023,THEFT
28033,03/23/2023,ASSAULT
28034,2023-03-23,ROBBERY
28035,03/23/2023,ASSAULT
28036,03/23/2023,FRAUD
28037,03/23/2023,VANDALISM
28038,2023-03-23,VANDALISM
28039,2023-03-23,FRAUD
28040,03/23/2023,ASSAULT
28041,23-Mar-2023,VANDALISM
28042,03/23/2023,FRAUD
28043,2023-03-23,FRAUD
28044,03/24/2023,ROBBERY
28045,2023-03-24,ASSAULT
28046,03/24/2023,DRUG OFFENSE
28047,2023-03-24,BURGLARY
28048,03/24/2023,ASSAULT
28049,24-Mar-2023,DRUG OFFENSE
28050,24-Mar-2023,OTHER
28051,03/24/2023,ASSAULT
28052,03/24/2023,DRUG OFFENSE
28053,2023-03-24,VANDALISM
28054,03/24/2023,ASSAULT
28055,2023-03-24,ASSAULT
28056,2023-03-24,BURGLARY
28057,24-Mar-2023,DRUG OFFENSE
28058,2023-03-24,ASSAULT
28059,24-Mar-2023,THEFT
28060,2023-03-24,FRAUD
28061,24-Mar-2023,BURGLARY
28062,03/24/2023,ROBBERY
28063,03/24/2023,ASSAULT
28064,24-Mar-2023,FRAUD
28065,2023-03-24,DRUG OFFENSE
28066,03/24/2023,ROBBERY
28067,24-Mar-2023,VANDALISM
28068,24-Mar-2023,VANDALISM
28069,03/24/2023,OTHER
28070,03/24/2023,OTHER
28071,2023-03-24,THEFT
28072,24-Mar-2023,VANDALISM
28073,2023-03-24,THEFT
28074,24-Mar-2023,ROBBERY
28075,24-Mar-2023,BURGLARY
28076,24-Mar-2023,ROBBERY
28077,2023-03-24,ASSAULT
28078,03/24/2023,ROBBERY
28079,2023-03-24,FRAUD
28080,03/24/2023,ASSAULT
28081,03/24/2023,ASSAULT
28082,03/24/2023,OTHER
28083,2023-03-24,FRAUD
28084,2023-03-25,VANDALISM
28085,03/25/2023,OTHER
28086,03/25/2023,OTHER
28087,25-Mar-2023,FRAUD
28088,2023-03-25,OTHER
28089,2023-03-25,ASSAULT
28090,03/25/2023,OTHER
28091,03/25/2023,OTHER
28092,2023-03-25,OTHER
28093,2023-03-25,THEFT
28094,03/25/2023,ROBBERY
28095,03/25/2023,BURGLARY
28096,03/25/2023,BURGLARY
28097,2023-03-25,OTHER
28098,2023-03-25,FRAUD
28099,03/25/2023,THEFT
28100,03/25/2023,OTHER
28101,2023-03-25,ROBBERY
28102,25-Mar-2023,THEFT
28103,2023-03-25,DRUG OFFENSE
28104,03/25/2023,THEFT
28105,03/25/2023,ROBBERY
28106,25-Mar-2023,DRUG OFFENSE
28107,03/25/2023,DRUG OFFENSE
28108,03/25/2023,VANDALISM
28109,25-Mar-2023,ROBBERY
28110,25-Mar-2023,ASSAULT
28111,25-Mar-2023,VANDALISM
28112,25-Mar-2023,FRAUD
28113,25-Mar-2023,THEFT
28114,25-Mar-2023,ASSAULT
28115,03/25/2023,ROBBERY
28116,25-Mar-2023,FRAUD
28117,2023-03-25,VANDALISM
28118,03/25/2023,THEFT
28119,2023-03-25,DRUG OFFENSE
28120,25-Mar-2023,DRUG OFFENSE
28121,03/25/2023,THEFT
28122,25-Mar-2023,THEFT
28123,03/25/2023,OTHER
28124,2023-03-25,VANDALISM
28125,2023-03-25,FRAUD
28126,03/25/2023,FRAUD
28127,25-Mar-2023,VANDALISM
28128,03/25/2023,BURGLARY
28129,03/25/2023,THEFT
28130,26-Mar-2023,ASSAULT
28131,26-Mar-2023,ROBBERY
28132,03/26/2023,ASSAULT
28133,2023-03-26,ASSAULT
28134,03/26/2023,ROBBERY
28135,26-Mar-2023,DRUG OFFENSE
28136,26-Mar-2023,VANDALISM
28137,26-Mar-2023,ROBBERY
28138,26-Mar-2023,VANDALISM
28139,03/26/2023,ASSAULT
28140,03/26/2023,ASSAULT
28141,26-Mar-2023,BURGLARY
28142,2023-03-26,BURGLARY
28143,03/26/2023,BURGLARY
28144,2023-03-26,THEFT
28145,03/26/2023,BURGLARY
28146,26-Mar-2023,VANDALISM
28147,2023-03-26,VANDALISM
28148,03/26/2023,OTHER
28149,03/26/2023,THEFT
28150,03/26/2023,VANDALISM
28151,26-Mar-2023,VANDALISM
28152,03/26/2023,DRUG OFFENSE
28153,2023-03-26,FRAUD
28154,2023-03-26,ASSAULT
28155,2023-03-26,DRUG OFFENSE
28156,2023-03-26,DRUG OFFENSE
28157,2023-03-26,VANDALISM
28158,2023-03-26,THEFT
28159,26-Mar-2023,FRAUD
28160,26-Mar-2023,THEFT
28161,2023-03-26,FRAUD
28162,2023-03-26,BURGLARY
28163,03/26/2023,FRAUD
28164,03/26/2023,THEFT
28165,26-Mar-2023,OTHER
28166,03/26/2023,BURGLARY
28167,03/27/2023,ROBBERY
28168,2023-03-27,VANDALISM
28169,2023-03-27,ROBBERY
28170,2023-03-27,VANDALISM
28171,27-Mar-2023,FRAUD
28172,03/27/2023,DRUG OFFENSE
28173,2023-03-27,DRUG OFFENSE
28174,27-Mar-2023,DRUG OFFENSE
28175,27-Mar-2023,DRUG OFFENSE
28176,27-Mar-2023,ASSAULT
28177,2023-03-27,THEFT
28178,03/27/2023,BURGLARY
28179,03/27/2023,VANDALISM
28180,2023-03-27,ROBBERY
28181,2023-03-27,ASSAULT
28182,2023-03-27,ROBBERY
28183,27-Mar-2023,THEFT
28184,27-Mar-2023,FRAUD
28185,2023-03-27,DRUG OFFENSE
28186,03/27/2023,FRAUD
28187,2023-03-27,VANDALISM
28188,2023-03-27,DRUG OFFENSE
28189,27-Mar-2023,DRUG OFFENSE
28190,03/27/2023,THEFT
28191,27-Mar-2023,DRUG OFFENSE
28192,27-Mar-2023,BURGLARY
28193,27-Mar-2023,ASSAULT
28194,27-Mar-2023,OTHER
28195,03/27/2023,FRAUD
28196,03/27/2023,FRAUD
28197,2023-03-27,DRUG OFFENSE
28198,03/27/2023,VANDALISM
28199,03/27/2023,BURGLARY
28200,03/27/2023,ASSAULT
28201,27-Mar-2023,VANDALISM
28202,03/27/2023,VANDALISM
28203,03/28/2023,ASSAULT
28204,28-Mar-2023,THEFT
28205,2023-03-28,BURGLARY
28206,2023-03-28,DRUG OFFENSE
28207,03/28/2023,DRUG OFFENSE
28208,2023-03-28,BURGLARY
28209,03/28/2023,ASSAULT
28210,28-Mar-2023,VANDALISM
28211,03/28/2023,THEFT
28212,2023-03-28,BURGLARY
28213,2023-03-28,DRUG OFFENSE
28214,2023-03-28,ASSAULT
28215,03/28/2023,THEFT
28216,28-Mar-2023,BURGLARY
28217,03/28/2023,THEFT
28218,2023-03-28,THEFT
28219,03/28/2023,ASSAULT
28220,28-Mar-2023,THEFT
28221,2023-03-28,OTHER
28222,2023-03-28,OTHER
28223,03/28/2023,DRUG OFFENSE
28224,03/28/2023,VANDALISM
28225,03/28/2023,OTHER
28226,03/28/2023,ROBBERY
28227,28-Mar-2023,DRUG OFFENSE
28228,03/28/2023,VANDALISM
28229,03/28/2023,THEFT
28230,29-Mar-2023,OTHER
28231,2023-03-29,OTHER
28232,29-Mar-2023,VANDALISM
28233,03/29/2023,BURGLARY
28234,2023-03-29,OTHER
28235,03/29/2023,THEFT
28236,03/29/2023,BURGLARY
28237,03/29/2023,ASSAULT
28238,29-Mar-2023,FRAUD
28239,03/29/2023,OTHER
28240,2023-03-29,BURGLARY
28241,29-Mar-2023,FRAUD
28242,03/29/2023,OTHER
28243,2023-03-29,ROBBERY
28244,03/29/2023,VANDALISM
28245,03/29/2023,ROBBERY
28246,03/29/2023,ROBBERY
28247,2023-03-29,ASSAULT
28248,29-Mar-2023,THEFT
28249,03/29/2023,FRAUD
28250,2023-03-29,OTHER
28251,29-Mar-2023,FRAUD
28252,03/29/2023,ROBBERY
28253,03/29/2023,THEFT
28254,2023-03-29,VANDALISM
28255,03/29/2023,OTHER
28256,03/29/2023,ROBBERY
28257,2023-03-29,VANDALISM
28258,2023-03-29,THEFT
28259,03/29/2023,ROBBERY
28260,2023-03-29,ROBBERY
28261,29-Mar-2023,ASSAULT
28262,29-Mar-2023,VANDALISM
28263,29-Mar-2023,THEFT
28264,2023-03-29,THEFT
28265,2023-03-29,FRAUD
28266,29-Mar-2023,DRUG OFFENSE
28267,30-Mar-2023,THEFT
28268,2023-03-30,FRAUD
28269,30-Mar-2023,THEFT
28270,03/30/2023,VANDALISM
28271,2023-03-30,BURGLARY
28272,03/30/2023,OTHER
28273,03/30/2023,VANDALISM
28274,30-Mar-2023,THEFT
28275,30-Mar-2023,FRAUD
28276,03/30/2023,BURGLARY
28277,2023-03-30,BURGLARY
28278,2023-03-30,DRUG OFFENSE
28279,03/30/2023,FRAUD
28280,30-Mar-2023,OTHER
28281,30-Mar-2023,DRUG OFFENSE
28282,03/30/2023,BURGLARY
28283,2023-03-30,OTHER
28284,03/30/2023,ROBBERY
28285,03/30/2023,ASSAULT
28286,03/30/2023,DRUG OFFENSE
28287,30-Mar-2023,BURGLARY
28288,2023-03-30,THEFT
28289,03/30/2023,ROBBERY
28290,03/30/2023,DRUG OFFENSE
28291,03/30/2023,ASSAULT
28292,2023-03-30,ASSAULT
28293,2023-03-30,THEFT
28294,03/30/2023,VANDALISM
28295,2023-03-30,FRAUD
28296,03/30/2023,ASSAULT
28297,2023-03-30,FRAUD
28298,2023-03-30,BURGLARY
28299,2023-03-30,OTHER
28300,30-Mar-2023,VANDALISM
28301,30-Mar-2023,THEFT
28302,2023-03-30,VANDALISM
28303,03/30/2023,BURGLARY
28304,30-Mar-2023,THEFT
28305,03/31/2023,DRUG OFFENSE
28306,2023-03-31,BURGLARY
28307,2023-03-31,THEFT
28308,2023-03-31,VANDALISM
28309,03/31/2023,VANDALISM
28310,2023-03-31,ASSAULT
28311,31-Mar-2023,VANDALISM
28312,03/31/2023,OTHER
28313,03/31/2023,ROBBERY
28314,03/31/2023,ROBBERY
28315,31-Mar-2023,THEFT
28316,2023-03-31,BURGLARY
28317,03/31/2023,THEFT
28318,31-Mar-2023,OTHER
28319,03/31/2023,BURGLARY
28320,31-Mar-2023,VANDALISM
28321,2023-03-31,ROBBERY
28322,31-Mar-2023,THEFT
28323,03/31/2023,BURGLARY
28324,2023-03-31,THEFT
28325,2023-03-31,DRUG OFFENSE
28326,03/31/2023,BURGLARY
28327,31-Mar-2023,FRAUD
28328,31-Mar-2023,ROBBERY
28329,31-Mar-2023,BURGLARY
28330,2023-03-31,ASSAULT
28331,03/31/2023,ASSAULT
28332,31-Mar-2023,VANDALISM
28333,03/31/2023,ASSAULT
28334,2023-03-31,THEFT
28335,31-Mar-2023,FRAUD
28336,03/31/2023,DRUG OFFENSE
28337,31-Mar-2023,FRAUD
28338,2023-03-31,FRAUD
28339,2023-03-31,THEFT
28340,2023-03-31,ASSAULT
28341,03/31/2023,DRUG OFFENSE
28342,03/31/2023,FRAUD
28343,31-Mar-2023,OTHER
28344,03/31/2023,FRAUD
28345,03/31/2023,DRUG OFFENSE
28346,04/01/2023,ROBBERY
28347,01-Apr-2023,VANDALISM
28348,04/01/2023,THEFT
28349,04/01/2023,DRUG OFFENSE
28350,04/01/2023,FRAUD
28351,2023-04-01,THEFT
28352,04/01/2023,ASSAULT
28353,04/01/2023,BURGLARY
28354,2023-04-01,THEFT
28355,01-Apr-2023,BURGLARY
28356,04/01/2023,OTHER
28357,2023-04-01,DRUG OFFENSE
28358,2023-04-01,DRUG OFFENSE
28359,2023-04-01,FRAUD
28360,04/01/2023,FRAUD
28361,04/01/2023,DRUG OFFENSE
28362,2023-04-01,OTHER
28363,01-Apr-2023,OTHER
28364,2023-04-01,BURGLARY
28365,04/01/2023,OTHER
28366,2023-04-01,THEFT
28367,01-Apr-2023,OTHER
28368,04/01/2023,DRUG OFFENSE
28369,04/01/2023,VANDALISM
28370,2023-04-01,OTHER
28371,04/01/2023,VANDALISM
28372,04/01/2023,BURGLARY
28373,01-Apr-2023,BURGLARY
28374,04/01/2023,VANDALISM
28375,2023-04-01,ROBBERY
28376,2023-04-01,THEFT
28377,2023-04-01,VANDALISM
28378,2023-04-01,BURGLARY
28379,04/01/2023,FRAUD
28380,2023-04-01,THEFT
28381,2023-04-01,OTHER
28382,2023-04-01,BURGLARY
28383,01-Apr-2023,FRAUD
28384,04/01/2023,VANDALISM
28385,04/01/2023,THEFT
28386,04/01/2023,FRAUD
28387,01-Apr-2023,BURGLARY
28388,04/01/2023,THEFT
28389,04/01/2023,BURGLARY
28390,01-Apr-2023,BURGLARY
28391,04/02/2023,OTHER
28392,2023-04-02,OTHER
28393,2023-04-02,THEFT
28394,02-Apr-2023,DRUG OFFENSE
28395,2023-04-02,VANDALISM
28396,04/02/2023,THEFT
28397,02-Apr-2023,BURGLARY
28398,04/02/2023,DRUG OFFENSE
28399,02-Apr-2023,DRUG OFFENSE
28400,02-Apr-2023,ASSAULT
28401,04/02/2023,VANDALISM
28402,2023-04-02,THEFT
28403,2023-04-02,DRUG OFFENSE
28404,04/02/2023,DRUG OFFENSE
28405,04/02/2023,VANDALISM
28406,04/02/2023,VANDALISM
28407,04/02/2023,FRAUD
28408,04/02/2023,OTHER
28409,04/02/2023,THEFT
28410,02-Apr-2023,OTHER
28411,2023-04-02,DRUG OFFENSE
28412,2023-04-02,BURGLARY
28413,04/02/2023,ASSAULT
28414,2023-04-02,DRUG OFFENSE
28415,2023-04-02,FRAUD
28416,02-Apr-2023,BURGLARY
28417,04/02/2023,ASSAULT
28418,2023-04-02,ROBBERY
28419,04/02/2023,BURGLARY
28420,2023-04-02,OTHER
28421,2023-04-02,BURGLARY
28422,2023-04-02,VANDALISM
28423,2023-04-02,FRAUD
28424,2023-04-02,THEFT
28425,04/02/2023,DRUG OFFENSE
28426,2023-04-02,ROBBERY
28427,02-Apr-2023,FRAUD
28428,2023-04-02,ROBBERY
28429,2023-04-02,FRAUD
28430,02-Apr-2023,OTHER
28431,02-Apr-2023,DRUG OFFENSE
28432,04/02/2023,THEFT
28433,04/02/2023,ASSAULT
28434,2023-04-02,FRAUD
28435,2023-04-02,BURGLARY
28436,04/02/2023,ROBBERY
28437,02-Apr-2023,ROBBERY
28438,02-Apr-2023,DRUG OFFENSE
28439,02-Apr-2023,ROBBERY
28440,04/02/2023,BURGLARY
28441,04/02/2023,VANDALISM
28442,02-Apr-2023,ASSAULT
28443,03-Apr-2023,THEFT
28444,04/03/2023,OTHER
28445,03-Apr-2023,OTHER
28446,04/03/2023,FRAUD
28447,03-Apr-2023,DRUG OFFENSE
28448,03-Apr-2023,BURGLARY
28449,04/03/2023,DRUG OFFENSE
28450,03-Apr-2023,ASSAULT
28451,2023-04-03,VANDALISM
28452,03-Apr-2023,VANDALISM
28453,04/03/2023,ROBBERY
28454,2023-04-03,THEFT
28455,04/03/2023,BURGLARY
28456,03-Apr-2023,DRUG OFFENSE
28457,2023-04-03,THEFT
28458,2023-04-03,ROBBERY
28459,2023-04-03,BURGLARY
28460,04/03/2023,DRUG OFFENSE
28461,03-Apr-2023,BURGLARY
28462,2023-04-03,ASSAULT
28463,04/03/2023,DRUG OFFENSE
28464,04/03/2023,ROBBERY
28465,03-Apr-2023,ASSAULT
28466,03-Apr-2023,BURGLARY
28467,2023-04-03,ROBBERY
28468,04/03/2023,BURGLARY
28469,04/03/2023,OTHER
28470,2023-04-03,OTHER
28471,2023-04-03,ROBBERY
28472,04/03/2023,FRAUD
28473,03-Apr-2023,OTHER
28474,04/03/2023,FRAUD
28475,04/03/2023,THEFT
28476,2023-04-03,ROBBERY
28477,04/03/2023,DRUG OFFENSE
28478,03-Apr-2023,VANDALISM
28479,03-Apr-2023,DRUG OFFENSE
28480,2023-04-03,FRAUD
28481,04-Apr-2023,ASSAULT
28482,04/04/2023,BURGLARY
28483,04/04/2023,FRAUD
28484,2023-04-04,DRUG OFFENSE
28485,2023-04-04,VANDALISM
28486,04/04/2023,FRAUD
28487,04/04/2023,DRUG OFFENSE
28488,04/04/2023,THEFT
28489,04/04/2023,VANDALISM
28490,2023-04-04,BURGLARY
28491,04/04/2023,DRUG OFFENSE
28492,04/04/2023,OTHER
28493,2023-04-04,ROBBERY
28494,2023-04-04,BURGLARY
28495,04-Apr-2023,THEFT
28496,04-Apr-2023,FRAUD
28497,04-Apr-2023,ROBBERY
28498,2023-04-04,DRUG OFFENSE
28499,04-Apr-2023,ROBBERY
28500,2023-04-04,ASSAULT
28501,04/04/2023,BURGLARY
28502,2023-04-04,VANDALISM
28503,04-Apr-2023,BURGLARY
28504,04/04/2023,DRUG OFFENSE
28505,04/04/2023,BURGLARY
28506,04/04/2023,DRUG OFFENSE
28507,2023-04-04,ASSAULT
28508,04-Apr-2023,BURGLARY
28509,2023-04-04,THEFT
28510,2023-04-04,ASSAULT
28511,04-Apr-2023,VANDALISM
28512,04/04/2023,FRAUD
28513,04-Apr-2023,ROBBERY
28514,04-Apr-2023,VANDALISM
28515,04-Apr-2023,VANDALISM
28516,04/04/2023,DRUG OFFENSE
28517,04-Apr-2023,ROBBERY
28518,04/04/2023,FRAUD
28519,05-Apr-2023,FRAUD
28520,2023-04-05,ROBBERY
28521,05-Apr-2023,ROBBERY
28522,2023-04-05,OTHER
28523,04/05/2023,BURGLARY
28524,2023-04-05,BURGLARY
28525,05-Apr-2023,ASSAULT
28526,04/05/2023,DRUG OFFENSE
28527,04/05/2023,ROBBERY
28528,04/05/2023,ROBBERY
28529,2023-04-05,THEFT
28530,04/05/2023,FRAUD
28531,2023-04-05,ROBBERY
28532,05-Apr-2023,FRAUD
28533,04/05/2023,BURGLARY
28534,04/05/2023,ROBBERY
28535,04/05/2023,ROBBERY
28536,05-Apr-2023,VANDALISM
28537,04/05/2023,OTHER
28538,05-Apr-2023,FRAUD
28539,05-Apr-2023,THEFT
28540,2023-04-05,ASSAULT
28541,2023-04-05,ROBBERY
28542,04/05/2023,BURGLARY
28543,04/05/2023,DRUG OFFENSE
28544,04/05/2023,VANDALISM
28545,2023-04-05,DRUG OFFENSE
28546,2023-04-05,ROBBERY
28547,04/05/2023,BURGLARY
28548,05-Apr-2023,ROBBERY
28549,05-Apr-2023,OTHER
28550,04/05/2023,VANDALISM
28551,2023-04-05,ROBBERY
28552,2023-04-05,BURGLARY
28553,04/05/2023,ROBBERY
28554,05-Apr-2023,THEFT
28555,05-Apr-2023,ASSAULT
28556,05-Apr-2023,FRAUD
28557,2023-04-05,VANDALISM
28558,05-Apr-2023,OTHER
28559,04/05/2023,VANDALISM
28560,05-Apr-2023,OTHER
28561,2023-04-05,ROBBERY
28562,05-Apr-2023,THEFT
28563,05-Apr-2023,BURGLARY
28564,05-Apr-2023,ASSAULT
28565,2023-04-05,OTHER
28566,06-Apr-2023,THEFT
28567,06-Apr-2023,FRAUD
28568,2023-04-06,BURGLARY
28569,04/06/2023,FRAUD
28570,2023-04-06,ASSAULT
28571,04/06/2023,VANDALISM
28572,2023-04-06,BURGLARY
28573,04/06/2023,BURGLARY
28574,04/06/2023,OTHER
28575,2023-04-06,ROBBERY
28576,2023-04-06,DRUG OFFENSE
28577,04/06/2023,ROBBERY
28578,04/06/2023,ROBBERY
28579,06-Apr-2023,VANDALISM
28580,06-Apr-2023,DRUG OFFENSE
28581,2023-04-06,DRUG OFFENSE
28582,04/06/2023,DRUG OFFENSE
28583,06-Apr-2023,THEFT
28584,06-Apr-2023,VANDALISM
28585,04/06/2023,OTHER
28586,06-Apr-2023,THEFT
28587,2023-04-06,DRUG OFFENSE
28588,04/06/2023,OTHER
28589,2023-04-06,FRAUD
28590,06-Apr-2023,BURGLARY
28591,06-Apr-2023,DRUG OFFENSE
28592,2023-04-06,BURGLARY
28593,2023-04-06,VANDALISM
28594,04/06/2023,THEFT
28595,04/06/2023,DRUG OFFENSE
28596,04/06/2023,FRAUD
28597,06-Apr-2023,FRAUD
28598,04/06/2023,ASSAULT
28599,2023-04-06,BURGLARY
28600,04/06/2023,OTHER
28601,06-Apr-2023,VANDALISM
28602,04/06/2023,OTHER
28603,04/07/2023,THEFT
28604,04/07/2023,OTHER
28605,07-Apr-2023,OTHER
28606,04/07/2023,DRUG OFFENSE
28607,2023-04-07,THEFT
28608,2023-04-07,DRUG OFFENSE
28609,04/07/2023,VANDALISM
28610,04/07/2023,ROBBERY
28611,04/07/2023,OTHER
28612,07-Apr-2023,DRUG OFFENSE
28613,04/07/2023,OTHER
28614,04/07/2023,ASSAULT
28615,2023-04-07,DRUG OFFENSE
28616,2023-04-07,VANDALISM
28617,2023-04-07,VANDALISM
28618,2023-04-07,THEFT
28619,2023-04-07,DRUG OFFENSE
28620,07-Apr-2023,VANDALISM
28621,07-Apr-2023,THEFT
28622,04/07/2023,OTHER
28623,04/07/2023,ASSAULT
28624,04/07/2023,THEFT
28625,2023-04-07,ASSAULT
28626,07-Apr-2023,DRUG OFFENSE
28627,04/07/2023,THEFT
28628,04/07/2023,THEFT
28629,04/07/2023,THEFT
28630,04/07/2023,VANDALISM
28631,04/07/2023,OTHER
28632,07-Apr-2023,VANDALISM
28633,07-Apr-2023,THEFT
28634,04/07/2023,VANDALISM
28635,2023-04-07,ASSAULT
28636,04/07/2023,BURGLARY
28637,07-Apr-2023,BURGLARY
28638,2023-04-07,FRAUD
28639,2023-04-07,BURGLARY
28640,04/07/2023,VANDALISM
28641,04/07/2023,ROBBERY
28642,04/07/2023,VANDALISM
28643,2023-04-07,DRUG OFFENSE
28644,07-Apr-2023,VANDALISM
28645,2023-04-07,BURGLARY
28646,04/08/2023,FRAUD
28647,04/08/2023,FRAUD
28648,04/08/2023,ROBBERY
28649,08-Apr-2023,VANDALISM
28650,08-Apr-2023,VANDALISM
28651,2023-04-08,ASSAULT
28652,04/08/2023,OTHER
28653,04/08/2023,VANDALISM
28654,04/08/2023,DRUG OFFENSE
28655,08-Apr-2023,VANDALISM
28656,2023-04-08,FRAUD
28657,08-Apr-2023,DRUG OFFENSE
28658,2023-04-08,DRUG OFFENSE
28659,08-Apr-2023,OTHER
28660,08-Apr-2023,ASSAULT
28661,2023-04-08,ROBBERY
28662,04/08/2023,ASSAULT
28663,04/08/2023,ASSAULT
28664,2023-04-08,DRUG OFFENSE
28665,2023-04-08,VANDALISM
28666,08-Apr-2023,OTHER
28667,2023-04-08,THEFT
28668,08-Apr-2023,VANDALISM
28669,04/08/2023,VANDALISM
28670,08-Apr-2023,BURGLARY
28671,08-Apr-2023,VANDALISM
28672,2023-04-08,DRUG OFFENSE
28673,04/08/2023,OTHER
28674,2023-04-08,ASSAULT
28675,08-Apr-2023,DRUG OFFENSE
28676,08-Apr-2023,FRAUD
28677,04/08/2023,DRUG OFFENSE
28678,08-Apr-2023,THEFT
28679,04/08/2023,THEFT
28680,2023-04-08,THEFT
28681,2023-04-08,OTHER
28682,08-Apr-2023,THEFT
28683,04/08/2023,DRUG OFFENSE
28684,04/08/2023,DRUG OFFENSE
28685,04/08/2023,ROBBERY
28686,04/08/2023,FRAUD
28687,08-Apr-2023,FRAUD
28688,04/08/2023,OTHER
28689,2023-04-08,VANDALISM
28690,04/09/2023,FRAUD
28691,2023-04-09,DRUG OFFENSE
28692,09-Apr-2023,FRAUD
28693,04/09/2023,ROBBERY
28694,09-Apr-2023,THEFT
28695,2023-04-09,VANDALISM
28696,09-Apr-2023,DRUG OFFENSE
28697,2023-04-09,ROBBERY
28698,09-Apr-2023,ROBBERY
28699,04/09/2023,THEFT
28700,04/09/2023,FRAUD
28701,2023-04-09,THEFT
28702,09-Apr-2023,VANDALISM
28703,09-Apr-2023,BURGLARY
28704,09-Apr-2023,BURGLARY
28705,09-Apr-2023,ASSAULT
28706,04/09/2023,THEFT
28707,04/09/2023,OTHER
28708,04/09/2023,OTHER
28709,04/09/2023,FRAUD
28710,09-Apr-2023,FRAUD
28711,2023-04-09,FRAUD
28712,2023-04-09,FRAUD
28713,04/09/2023,THEFT
28714,09-Apr-2023,THEFT
28715,2023-04-09,ASSAULT
28716,04/09/2023,FRAUD
28717,2023-04-09,FRAUD
28718,2023-04-09,THEFT
28719,04/09/2023,OTHER
28720,09-Apr-2023,BURGLARY
28721,2023-04-09,FRAUD
28722,04/09/2023,OTHER
28723,2023-04-09,VANDALISM
28724,09-Apr-2023,DRUG OFFENSE
28725,09-Apr-2023,ROBBERY
28726,04/09/2023,VANDALISM
28727,04/09/2023,DRUG OFFENSE
28728,04/09/2023,THEFT
28729,04/09/2023,FRAUD
28730,2023-04-09,FRAUD
28731,09-Apr-2023,BURGLARY
28732,04/09/2023,VANDALISM
28733,04/09/2023,FRAUD
28734,04/09/2023,ASSAULT
28735,2023-04-09,BURGLARY
28736,2023-04-09,BURGLARY
28737,09-Apr-2023,VANDALISM
28738,09-Apr-2023,ROBBERY
28739,04/09/2023,DRUG OFFENSE
28740,09-Apr-2023,DRUG OFFENSE
28741,09-Apr-2023,BURGLARY
28742,2023-04-10,BURGLARY
28743,10-Apr-2023,THEFT
28744,10-Apr-2023,FRAUD
28745,04/10/2023,OTHER
28746,10-Apr-2023,DRUG OFFENSE
28747,10-Apr-2023,BURGLARY
28748,2023-04-10,FRAUD
28749,2023-04-10,DRUG OFFENSE
28750,10-Apr-2023,VANDALISM
28751,04/10/2023,ROBBERY
28752,2023-04-10,BURGLARY
28753,04/10/2023,DRUG OFFENSE
28754,04/10/2023,BURGLARY
28755,04/10/2023,FRAUD
28756,04/10/2023,OTHER
28757,2023-04-10,BURGLARY
28758,2023-04-10,VANDALISM
28759,04/10/2023,OTHER
28760,04/10/2023,THEFT
28761,04/10/2023,DRUG OFFENSE
28762,04/10/2023,FRAUD
28763,04/10/2023,VANDALISM
28764,10-Apr-2023,ROBBERY
28765,2023-04-10,ROBBERY
28766,2023-04-10,VANDALISM
28767,04/10/2023,DRUG OFFENSE
28768,2023-04-10,BURGLARY
28769,2023-04-10,DRUG OFFENSE
28770,10-Apr-2023,FRAUD
28771,10-Apr-2023,DRUG OFFENSE
28772,2023-04-10,DRUG OFFENSE
28773,2023-04-10,OTHER
28774,2023-04-10,BURGLARY
28775,04/10/2023,ROBBERY
28776,10-Apr-2023,BURGLARY
28777,10-Apr-2023,THEFT
28778,04/10/2023,DRUG OFFENSE
28779,04/10/2023,FRAUD
28780,2023-04-10,VANDALISM
28781,04/10/2023,ASSAULT
28782,10-Apr-2023,FRAUD
28783,04/10/2023,THEFT
28784,10-Apr-2023,ASSAULT
28785,04/10/2023,FRAUD
28786,04/10/2023,VANDALISM
28787,2023-04-10,BURGLARY
28788,04/10/2023,OTHER
28789,10-Apr-2023,DRUG OFFENSE
28790,2023-04-10,ASSAULT
28791,11-Apr-2023,VANDALISM
28792,04/11/2023,FRAUD
28793,04/11/2023,OTHER
28794,04/11/2023,ASSAULT
28795,2023-04-11,BURGLARY
28796,04/11/2023,OTHER
28797,2023-04-11,THEFT
28798,04/11/2023,OTHER
28799,11-Apr-2023,VANDALISM
28800,04/11/2023,VANDALISM
28801,04/11/2023,DRUG OFFENSE
28802,04/11/2023,DRUG OFFENSE
28803,04/11/2023,ROBBERY
28804,2023-04-11,ROBBERY
28805,11-Apr-2023,FRAUD
28806,2023-04-11,DRUG OFFENSE
28807,11-Apr-2023,ASSAULT
28808,04/11/2023,OTHER
28809,04/11/2023,BURGLARY
28810,11-Apr-2023,BURGLARY
28811,04/11/2023,OTHER
28812,04/11/2023,FRAUD
28813,11-Apr-2023,OTHER
28814,11-Apr-2023,ASSAULT
28815,2023-04-11,FRAUD
28816,04/11/2023,THEFT
28817,04/11/2023,DRUG OFFENSE
28818,04/11/2023,FRAUD
28819,04/11/2023,THEFT
28820,04/11/2023,DRUG OFFENSE
28821,11-Apr-2023,BURGLARY
28822,04/11/2023,DRUG OFFENSE
28823,04/11/2023,FRAUD
28824,2023-04-11,FRAUD
28825,11-Apr-2023,BURGLARY
28826,2023-04-11,DRUG OFFENSE
28827,04/11/2023,ROBBERY
28828,11-Apr-2023,DRUG OFFENSE
28829,11-Apr-2023,VANDALISM
28830,04/11/2023,ROBBERY
28831,04/11/2023,DRUG OFFENSE
28832,04/11/2023,FRAUD
28833,12-Apr-2023,ASSAULT
28834,04/12/2023,VANDALISM
28835,12-Apr-2023,THEFT
28836,04/12/2023,ASSAULT
28837,2023-04-12,THEFT
28838,04/12/2023,OTHER
28839,2023-04-12,ASSAULT
28840,2023-04-12,VANDALISM
28841,2023-04-12,ROBBERY
28842,04/12/2023,THEFT
28843,12-Apr-2023,DRUG OFFENSE
28844,12-Apr-2023,FRAUD
28845,2023-04-12,FRAUD
28846,04/12/2023,THEFT
28847,2023-04-12,VANDALISM
28848,04/12/2023,VANDALISM
28849,12-Apr-2023,FRAUD
28850,2023-04-12,VANDALISM
28851,2023-04-12,ROBBERY
28852,12-Apr-2023,THEFT
28853,04/12/2023,BURGLARY
28854,04/12/2023,VANDALISM
28855,2023-04-12,ASSAULT
28856,04/12/2023,FRAUD
28857,12-Apr-2023,ROBBERY
28858,12-Apr-2023,DRUG OFFENSE
28859,2023-04-12,DRUG OFFENSE
28860,2023-04-12,FRAUD
28861,2023-04-12,THEFT
28862,04/13/2023,VANDALISM
28863,2023-04-13,OTHER
28864,2023-04-13,DRUG OFFENSE
28865,04/13/2023,ROBBERY
28866,13-Apr-2023,OTHER
28867,2023-04-13,OTHER
28868,04/13/2023,ROBBERY
28869,13-Apr-2023,OTHER
28870,2023-04-13,VANDALISM
28871,04/13/2023,OTHER
28872,04/13/2023,FRAUD
28873,04/13/2023,ASSAULT
28874,13-Apr-2023,THEFT
28875,13-Apr-2023,ASSAULT
28876,04/13/2023,THEFT
28877,04/13/2023,ROBBERY
28878,04/13/2023,FRAUD
28879,2023-04-13,ROBBERY
28880,04/13/2023,THEFT
28881,2023-04-13,BURGLARY
28882,13-Apr-2023,BURGLARY
28883,04/13/2023,OTHER
28884,04/13/2023,VANDALISM
28885,04/13/2023,ROBBERY
28886,04/13/2023,VANDALISM
28887,13-Apr-2023,OTHER
28888,04/13/2023,VANDALISM
28889,04/13/2023,ROBBERY
28890,04/13/2023,BURGLARY
28891,2023-04-13,OTHER
28892,13-Apr-2023,FRAUD
28893,04/13/2023,BURGLARY
28894,04/13/2023,VANDALISM
28895,13-Apr-2023,VANDALISM
28896,2023-04-13,OTHER
28897,2023-04-13,THEFT
28898,2023-04-13,OTHER
28899,2023-04-13,DRUG OFFENSE
28900,04/13/2023,THEFT
28901,2023-04-14,BURGLARY
28902,04/14/2023,ASSAULT
28903,04/14/2023,ASSAULT
28904,2023-04-14,THEFT
28905,2023-04-14,DRUG OFFENSE
28906,04/14/2023,FRAUD
28907,14-Apr-2023,OTHER
28908,04/14/2023,VANDALISM
28909,04/14/2023,THEFT
28910,04/14/2023,DRUG OFFENSE
28911,04/14/2023,DRUG OFFENSE
28912,04/14/2023,DRUG OFFENSE
28913,04/14/2023,THEFT
28914,2023-04-14,ASSAULT
28915,04/14/2023,OTHER
28916,2023-04-14,THEFT
28917,2023-04-14,ROBBERY
28918,04/14/2023,ASSAULT
28919,04/14/2023,THEFT
28920,14-Apr-2023,ASSAULT
28921,2023-04-14,VANDALISM
28922,14-Apr-2023,THEFT
28923,2023-04-14,BURGLARY
28924,04/14/2023,FRAUD
28925,14-Apr-2023,VANDALISM
28926,14-Apr-2023,FRAUD
28927,2023-04-14,BURGLARY
28928,2023-04-14,THEFT
28929,04/14/2023,THEFT
28930,04/14/2023,VANDALISM
28931,2023-04-14,ROBBERY
28932,04/14/2023,ROBBERY
28933,2023-04-14,FRAUD
28934,04/14/2023,ASSAULT
28935,04/14/2023,ASSAULT
28936,04/14/2023,BURGLARY
28937,14-Apr-2023,FRAUD
28938,2023-04-14,DRUG OFFENSE
28939,04/14/2023,DRUG OFFENSE
28940,2023-04-14,THEFT
28941,2023-04-14,FRAUD
28942,14-Apr-2023,ROBBERY
28943,14-Apr-2023,FRAUD
28944,04/14/2023,VANDALISM
28945,04/14/2023,BURGLARY
28946,04/14/2023,FRAUD
28947,04/14/2023,BURGLARY
28948,04/14/2023,FRAUD
28949,2023-04-14,VANDALISM
28950,15-Apr-2023,VANDALISM
28951,04/15/2023,BURGLARY
28952,2023-04-15,THEFT
28953,15-Apr-2023,VANDALISM
28954,2023-04-15,ROBBERY
28955,2023-04-15,ASSAULT
28956,04/15/2023,THEFT
28957,04/15/2023,VANDALISM
28958,15-Apr-2023,THEFT
28959,15-Apr-2023,OTHER
28960,2023-04-15,ROBBERY
28961,15-Apr-2023,FRAUD
28962,04/15/2023,VANDALISM
28963,04/15/2023,ASSAULT
28964,2023-04-15,FRAUD
28965,15-Apr-2023,BURGLARY
28966,15-Apr-2023,FRAUD
28967,15-Apr-2023,BURGLARY
28968,04/15/2023,ROBBERY
28969,04/15/2023,FRAUD
28970,2023-04-15,BURGLARY
28971,15-Apr-2023,FRAUD
28972,2023-04-15,ROBBERY
28973,2023-04-15,BURGLARY
28974,15-Apr-2023,DRUG OFFENSE
28975,2023-04-15,VANDALISM
28976,04/15/2023,OTHER
28977,04/15/2023,VANDALISM
28978,15-Apr-2023,BURGLARY
28979,15-Apr-2023,THEFT
28980,04/15/2023,OTHER
28981,2023-04-15,ROBBERY
28982,04/15/2023,VANDALISM
28983,2023-04-15,OTHER
28984,04/15/2023,DRUG OFFENSE
28985,04/15/2023,FRAUD
28986,2023-04-15,OTHER
28987,2023-04-15,BURGLARY
28988,2023-04-15,OTHER
28989,04/15/2023,BURGLARY
28990,15-Apr-2023,BURGLARY
28991,04/15/2023,THEFT
28992,2023-04-15,THEFT
28993,04/15/2023,FRAUD
28994,2023-04-15,OTHER
28995,15-Apr-2023,BURGLARY
28996,15-Apr-2023,THEFT
28997,04/15/2023,FRAUD
28998,15-Apr-2023,BURGLARY
28999,15-Apr-2023,OTHER
29000,04/16/2023,FRAUD
29001,16-Apr-2023,VANDALISM
29002,2023-04-16,FRAUD
29003,2023-04-16,VANDALISM
29004,04/16/2023,ROBBERY
29005,04/16/2023,DRUG OFFENSE
29006,16-Apr-2023,BURGLARY
29007,04/16/2023,FRAUD
29008,16-Apr-2023,FRAUD
29009,2023-04-16,FRAUD
29010,04/16/2023,VANDALISM
29011,16-Apr-2023,DRUG OFFENSE
29012,04/16/2023,FRAUD
29013,16-Apr-2023,FRAUD
29014,16-Apr-2023,DRUG OFFENSE
29015,2023-04-16,ROBBERY
29016,04/16/2023,ASSAULT
29017,2023-04-16,DRUG OFFENSE
29018,16-Apr-2023,FRAUD
29019,04/16/2023,OTHER
29020,2023-04-16,DRUG OFFENSE
29021,04/16/2023,THEFT
29022,2023-04-16,VANDALISM
29023,16-Apr-2023,FRAUD
29024,04/16/2023,DRUG OFFENSE
29025,04/16/2023,BURGLARY
29026,04/16/2023,DRUG OFFENSE
29027,04/16/2023,VANDALISM
29028,04/16/2023,FRAUD
29029,04/16/2023,FRAUD
29030,04/16/2023,OTHER
29031,16-Apr-2023,OTHER
29032,16-Apr-2023,DRUG OFFENSE
29033,04/16/2023,ROBBERY
29034,16-Apr-2023,BURGLARY
29035,2023-04-16,BURGLARY
29036,04/16/2023,DRUG OFFENSE
29037,04/16/2023,DRUG OFFENSE
29038,16-Apr-2023,FRAUD
29039,2023-04-16,VANDALISM
29040,04/16/2023,ROBBERY
29041,04/16/2023,ROBBERY
29042,2023-04-16,ASSAULT
29043,2023-04-16,ROBBERY
29044,04/16/2023,ROBBERY
29045,04/17/2023,BURGLARY
29046,2023-04-17,VANDALISM
29047,17-Apr-2023,OTHER
29048,04/17/2023,VANDALISM
29049,17-Apr-2023,DRUG OFFENSE
29050,2023-04-17,ASSAULT
29051,04/17/2023,OTHER
29052,17-Apr-2023,FRAUD
29053,04/17/2023,ASSAULT
29054,04/17/2023,FRAUD
29055,17-Apr-2023,DRUG OFFENSE
29056,04/17/2023,ASSAULT
29057,2023-04-17,DRUG OFFENSE
29058,17-Apr-2023,BURGLARY
29059,04/17/2023,ROBBERY
29060,2023-04-17,FRAUD
29061,17-Apr-2023,FRAUD
29062,04/17/2023,BURGLARY
29063,2023-04-17,FRAUD
29064,17-Apr-2023,ASSAULT
29065,04/17/2023,DRUG OFFENSE
29066,04/17/2023,DRUG OFFENSE
29067,04/17/2023,OTHER
29068,04/17/2023,VANDALISM
29069,04/17/2023,DRUG OFFENSE
29070,04/17/2023,OTHER
29071,04/17/2023,ROBBERY
29072,2023-04-17,ASSAULT
29073,17-Apr-2023,FRAUD
29074,04/17/2023,BURGLARY
29075,17-Apr-2023,VANDALISM
29076,17-Apr-2023,VANDALISM
29077,2023-04-17,OTHER
29078,04/17/2023,THEFT
29079,2023-04-18,ROBBERY
29080,18-Apr-2023,THEFT
29081,04/18/2023,ROBBERY
29082,18-Apr-2023,DRUG OFFENSE
29083,04/18/2023,BURGLARY
29084,04/18/2023,VANDALISM
29085,2023-04-18,VANDALISM
29086,18-Apr-2023,VANDALISM
29087,04/18/2023,ASSAULT
29088,04/18/2023,THEFT
29089,18-Apr-2023,DRUG OFFENSE
29090,2023-04-18,BURGLARY
29091,2023-04-18,VANDALISM
29092,2023-04-18,THEFT
29093,2023-04-18,BURGLARY
29094,18-Apr-2023,ASSAULT
29095,04/18/2023,THEFT
29096,04/18/2023,VANDALISM
29097,04/18/2023,THEFT
29098,2023-04-18,OTHER
29099,04/18/2023,FRAUD
29100,18-Apr-2023,OTHER
29101,04/18/2023,OTHER
29102,18-Apr-2023,VANDALISM
29103,04/18/2023,THEFT
29104,2023-04-18,OTHER
29105,04/18/2023,VANDALISM
29106,04/18/2023,VANDALISM
29107,18-Apr-2023,FRAUD
29108,04/18/2023,BURGLARY
29109,2023-04-18,ASSAULT
29110,2023-04-18,BURGLARY
29111,18-Apr-2023,ASSAULT
29112,2023-04-18,THEFT
29113,04/18/2023,ASSAULT
29114,18-Apr-2023,VANDALISM
29115,04/18/2023,ROBBERY
29116,04/19/2023,THEFT
29117,19-Apr-2023,DRUG OFFENSE
29118,04/19/2023,VANDALISM
29119,19-Apr-2023,VANDALISM
29120,2023-04-19,OTHER
29121,04/19/2023,FRAUD
29122,04/19/2023,THEFT
29123,04/19/2023,THEFT
29124,04/19/2023,FRAUD
29125,2023-04-19,ASSAULT
29126,2023-04-19,DRUG OFFENSE
29127,19-Apr-2023,DRUG OFFENSE
29128,19-Apr-2023,OTHER
29129,04/19/2023,ASSAULT
29130,19-Apr-2023,VANDALISM
29131,2023-04-19,ROBBERY
29132,04/19/2023,OTHER
29133,19-Apr-2023,OTHER
29134,2023-04-19,OTHER
29135,2023-04-19,OTHER
29136,04/19/2023,ASSAULT
29137,19-Apr-2023,BURGLARY
29138,19-Apr-2023,FRAUD
29139,19-Apr-2023,OTHER
29140,04/19/2023,DRUG OFFENSE
29141,2023-04-19,VANDALISM
29142,19-Apr-2023,ROBBERY
29143,04/19/2023,OTHER
29144,2023-04-19,THEFT
29145,04/19/2023,OTHER
29146,04/19/2023,ASSAULT
29147,2023-04-19,ROBBERY
29148,19-Apr-2023,ROBBERY
29149,2023-04-19,FRAUD
29150,04/19/2023,THEFT
29151,04/19/2023,THEFT
29152,04/19/2023,BURGLARY
29153,20-Apr-2023,ASSAULT
29154,20-Apr-2023,FRAUD
29155,20-Apr-2023,DRUG OFFENSE
29156,20-Apr-2023,BURGLARY
29157,04/20/2023,DRUG OFFENSE
29158,2023-04-20,ASSAULT
29159,20-Apr-2023,ASSAULT
29160,20-Apr-2023,ROBBERY
29161,2023-04-20,BURGLARY
29162,2023-04-20,DRUG OFFENSE
29163,2023-04-20,DRUG OFFENSE
29164,2023-04-20,BURGLARY
29165,20-Apr-2023,BURGLARY
29166,20-Apr-2023,ASSAULT
29167,04/20/2023,FRAUD
29168,04/20/2023,DRUG OFFENSE
29169,04/20/2023,BURGLARY
29170,04/20/2023,ASSAULT
29171,04/20/2023,DRUG OFFENSE
29172,2023-04-20,BURGLARY
29173,20-Apr-2023,FRAUD
29174,20-Apr-2023,ASSAULT
29175,04/20/2023,ASSAULT
29176,04/20/2023,OTHER
29177,20-Apr-2023,FRAUD
29178,2023-04-20,ASSAULT
29179,20-Apr-2023,BURGLARY
29180,20-Apr-2023,BURGLARY
29181,04/20/2023,ROBBERY
29182,20-Apr-2023,THEFT
29183,04/20/2023,THEFT
29184,20-Apr-2023,ROBBERY
29185,04/20/2023,THEFT
29186,04/20/2023,VANDALISM
29187,20-Apr-2023,ASSAULT
29188,2023-04-20,OTHER
29189,2023-04-20,FRAUD
29190,20-Apr-2023,BURGLARY
29191,04/20/2023,VANDALISM
29192,04/20/2023,FRAUD
29193,20-Apr-2023,DRUG OFFENSE
29194,2023-04-20,ASSAULT
29195,04/21/2023,VANDALISM
29196,2023-04-21,ASSAULT
29197,2023-04-21,ASSAULT
29198,04/21/2023,DRUG OFFENSE
29199,21-Apr-2023,BURGLARY
29200,04/21/2023,VANDALISM
29201,21-Apr-2023,VANDALISM
29202,04/21/2023,ASSAULT
29203,04/21/2023,VANDALISM
29204,04/21/2023,THEFT
29205,2023-04-21,VANDALISM
29206,2023-04-21,ASSAULT
29207,04/21/2023,OTHER
29208,21-Apr-2023,ROBBERY
29209,04/21/2023,THEFT
29210,04/21/2023,FRAUD
29211,21-Apr-2023,OTHER
29212,04/21/2023,ROBBERY
29213,04/21/2023,ROBBERY
29214,2023-04-21,ROBBERY
29215,04/21/2023,BURGLARY
29216,04/21/2023,VANDALISM
29217,2023-04-21,FRAUD
29218,04/21/2023,VANDALISM
29219,21-Apr-2023,VANDALISM
29220,2023-04-21,ROBBERY
29221,04/21/2023,VANDALISM
29222,04/21/2023,ROBBERY
29223,2023-04-21,DRUG OFFENSE
29224,2023-04-21,DRUG OFFENSE
29225,04/21/2023,DRUG OFFENSE
29226,04/21/2023,OTHER
29227,04/21/2023,BURGLARY
29228,21-Apr-2023,OTHER
29229,04/21/2023,ROBBERY
29230,04/21/2023,ROBBERY
29231,2023-04-22,ROBBERY
29232,22-Apr-2023,FRAUD
29233,2023-04-22,THEFT
29234,22-Apr-2023,OTHER
29235,04/22/2023,VANDALISM
29236,22-Apr-2023,OTHER
29237,2023-04-22,FRAUD
29238,22-Apr-2023,VANDALISM
29239,04/22/2023,VANDALISM
29240,2023-04-22,BURGLARY
29241,22-Apr-2023,OTHER
29242,22-Apr-2023,BURGLARY
29243,04/22/2023,FRAUD
29244,22-Apr-2023,VANDALISM
29245,2023-04-22,BURGLARY
29246,22-Apr-2023,VANDALISM
29247,22-Apr-2023,THEFT
29248,22-Apr-2023,ASSAULT
29249,22-Apr-2023,THEFT
29250,04/22/2023,BURGLARY
29251,2023-04-22,OTHER
29252,04/22/2023,FRAUD
29253,22-Apr-2023,DRUG OFFENSE
29254,04/22/2023,DRUG OFFENSE
29255,2023-04-22,FRAUD
29256,2023-04-22,ROBBERY
29257,04/22/2023,FRAUD
29258,04/22/2023,DRUG OFFENSE
29259,04/22/2023,THEFT
29260,04/22/2023,FRAUD
29261,2023-04-22,FRAUD
29262,04/22/2023,OTHER
29263,2023-04-22,FRAUD
29264,04/22/2023,ROBBERY
29265,22-Apr-2023,BURGLARY
29266,2023-04-22,DRUG OFFENSE
29267,2023-04-23,FRAUD
29268,23-Apr-2023,FRAUD
29269,23-Apr-2023,BURGLARY
29270,23-Apr-2023,ROBBERY
29271,2023-04-23,OTHER
29272,23-Apr-2023,VANDALISM
29273,2023-04-23,DRUG OFFENSE
29274,23-Apr-2023,OTHER
29275,23-Apr-2023,OTHER
29276,04/23/2023,DRUG OFFENSE
29277,04/23/2023,DRUG OFFENSE
29278,23-Apr-2023,VANDALISM
29279,04/23/2023,OTHER
29280,23-Apr-2023,VANDALISM
29281,23-Apr-2023,ASSAULT
29282,2023-04-23,ROBBERY
29283,2023-04-23,VANDALISM
29284,23-Apr-2023,ROBBERY
29285,23-Apr-2023,THEFT
29286,2023-04-23,VANDALISM
29287,2023-04-23,FRAUD
29288,23-Apr-2023,ASSAULT
29289,23-Apr-2023,ROBBERY
29290,04/23/2023,BURGLARY
29291,04/23/2023,ROBBERY
29292,23-Apr-2023,OTHER
29293,2023-04-23,THEFT
29294,04/23/2023,ASSAULT
29295,23-Apr-2023,BURGLARY
29296,04/23/2023,BURGLARY
29297,04/23/2023,DRUG OFFENSE
29298,04/23/2023,FRAUD
29299,04/23/2023,VANDALISM
29300,23-Apr-2023,OTHER
29301,04/23/2023,OTHER
29302,23-Apr-2023,DRUG OFFENSE
29303,04/23/2023,ASSAULT
29304,23-Apr-2023,BURGLARY
29305,23-Apr-2023,VANDALISM
29306,2023-04-23,VANDALISM
29307,04/23/2023,DRUG OFFENSE
29308,04/23/2023,VANDALISM
29309,04/23/2023,VANDALISM
29310,2023-04-23,DRUG OFFENSE
29311,23-Apr-2023,BURGLARY
29312,04/23/2023,THEFT
29313,04/24/2023,BURGLARY
29314,04/24/2023,ASSAULT
29315,04/24/2023,ROBBERY
29316,24-Apr-2023,ASSAULT
29317,04/24/2023,THEFT
29318,24-Apr-2023,THEFT
29319,24-Apr-2023,ASSAULT
29320,2023-04-24,VANDALISM
29321,2023-04-24,VANDALISM
29322,04/24/2023,VANDALISM
29323,2023-04-24,ROBBERY
29324,2023-04-24,BURGLARY
29325,04/24/2023,ROBBERY
29326,04/24/2023,OTHER
29327,2023-04-24,THEFT
29328,24-Apr-2023,ASSAULT
29329,04/24/2023,BURGLARY
29330,24-Apr-2023,FRAUD
29331,04/24/2023,OTHER
29332,24-Apr-2023,OTHER
29333,04/24/2023,THEFT
29334,04/24/2023,ROBBERY
29335,2023-04-24,VANDALISM
29336,24-Apr-2023,VANDALISM
29337,24-Apr-2023,DRUG OFFENSE
29338,2023-04-24,DRUG OFFENSE
29339,2023-04-24,VANDALISM
29340,24-Apr-2023,ASSAULT
29341,24-Apr-2023,FRAUD
29342,04/24/2023,DRUG OFFENSE
29343,2023-04-24,FRAUD
29344,2023-04-24,VANDALISM
29345,04/24/2023,THEFT
29346,2023-04-24,THEFT
29347,04/24/2023,BURGLARY
29348,24-Apr-2023,FRAUD
29349,04/24/2023,OTHER
29350,24-Apr-2023,FRAUD
29351,2023-04-24,BURGLARY
29352,2023-04-24,OTHER
29353,2023-04-24,OTHER
29354,04/24/2023,VANDALISM
29355,24-Apr-2023,OTHER
29356,04/24/2023,DRUG OFFENSE
29357,04/24/2023,ROBBERY
29358,2023-04-24,ROBBERY
29359,2023-04-25,ASSAULT
29360,25-Apr-2023,VANDALISM
29361,04/25/2023,DRUG OFFENSE
29362,04/25/2023,THEFT
29363,2023-04-25,ASSAULT
29364,25-Apr-2023,OTHER
29365,2023-04-25,DRUG OFFENSE
29366,2023-04-25,DRUG OFFENSE
29367,04/25/2023,FRAUD
29368,25-Apr-2023,VANDALISM
29369,04/25/2023,DRUG OFFENSE
29370,25-Apr-2023,VANDALISM
29371,04/25/2023,ASSAULT
29372,25-Apr-2023,THEFT
29373,04/25/2023,OTHER
29374,25-Apr-2023,OTHER
29375,04/25/2023,OTHER
29376,2023-04-25,BURGLARY
29377,04/25/2023,DRUG OFFENSE
29378,25-Apr-2023,THEFT
29379,2023-04-25,FRAUD
29380,25-Apr-2023,OTHER
29381,04/25/2023,FRAUD
29382,04/25/2023,THEFT
29383,2023-04-25,THEFT
29384,04/25/2023,THEFT
29385,2023-04-25,THEFT
29386,2023-04-25,OTHER
29387,25-Apr-2023,BURGLARY
29388,2023-04-25,THEFT
29389,25-Apr-2023,BURGLARY
29390,2023-04-25,VANDALISM
29391,04/25/2023,THEFT
29392,25-Apr-2023,ASSAULT
29393,04/25/2023,THEFT
29394,25-Apr-2023,DRUG OFFENSE
29395,2023-04-26,THEFT
29396,26-Apr-2023,ROBBERY
29397,04/26/2023,DRUG OFFENSE
29398,2023-04-26,ROBBERY
29399,04/26/2023,OTHER
29400,2023-04-26,THEFT
29401,26-Apr-2023,BURGLARY
29402,2023-04-26,ASSAULT
29403,26-Apr-2023,ROBBERY
29404,26-Apr-2023,DRUG OFFENSE
29405,2023-04-26,FRAUD
29406,04/26/2023,ASSAULT
29407,2023-04-26,DRUG OFFENSE
29408,26-Apr-2023,THEFT
29409,2023-04-26,OTHER
29410,04/26/2023,VANDALISM
29411,04/26/2023,VANDALISM
29412,04/26/2023,ROBBERY
29413,04/26/2023,OTHER
29414,2023-04-26,VANDALISM
29415,04/26/2023,THEFT
29416,04/26/2023,OTHER
29417,04/26/2023,OTHER
29418,2023-04-26,FRAUD
29419,2023-04-26,DRUG OFFENSE
29420,04/26/2023,DRUG OFFENSE
29421,26-Apr-2023,OTHER
29422,26-Apr-2023,THEFT
29423,04/26/2023,ROBBERY
29424,04/26/2023,OTHER
29425,26-Apr-2023,VANDALISM
29426,26-Apr-2023,ASSAULT
29427,26-Apr-2023,ROBBERY
29428,04/26/2023,VANDALISM
29429,2023-04-26,OTHER
29430,2023-04-26,VANDALISM
29431,26-Apr-2023,THEFT
29432,04/26/2023,OTHER
29433,04/26/2023,OTHER
29434,04/27/2023,ROBBERY
29435,2023-04-27,DRUG OFFENSE
29436,04/27/2023,OTHER
29437,04/27/2023,ASSAULT
29438,04/27/2023,VANDALISM
29439,04/27/2023,VANDALISM
29440,04/27/2023,DRUG OFFENSE
29441,27-Apr-2023,ASSAULT
29442,04/27/2023,DRUG OFFENSE
29443,04/27/2023,BURGLARY
29444,04/27/2023,OTHER
29445,04/27/2023,ASSAULT
29446,27-Apr-2023,OTHER
29447,04/27/2023,ROBBERY
29448,2023-04-27,THEFT
29449,27-Apr-2023,FRAUD
29450,04/27/2023,BURGLARY
29451,04/27/2023,VANDALISM
29452,2023-04-27,OTHER
29453,27-Apr-2023,DRUG OFFENSE
29454,27-Apr-2023,ROBBERY
29455,2023-04-27,ROBBERY
29456,27-Apr-2023,DRUG OFFENSE
29457,2023-04-27,THEFT
29458,2023-04-27,ROBBERY
29459,04/27/2023,ASSAULT
29460,04/27/2023,THEFT
29461,27-Apr-2023,OTHER
29462,04/27/2023,DRUG OFFENSE
29463,27-Apr-2023,DRUG OFFENSE
29464,04/27/2023,ROBBERY
29465,04/27/2023,ASSAULT
29466,2023-04-27,OTHER
29467,2023-04-27,FRAUD
29468,27-Apr-2023,THEFT
29469,27-Apr-2023,DRUG OFFENSE
29470,04/28/2023,OTHER
29471,04/28/2023,BURGLARY
29472,04/28/2023,THEFT
29473,28-Apr-2023,OTHER
29474,2023-04-28,VANDALISM
29475,28-Apr-2023,DRUG OFFENSE
29476,04/28/2023,ASSAULT
29477,28-Apr-2023,ASSAULT
29478,2023-04-28,VANDALISM
29479,04/28/2023,DRUG OFFENSE
29480,2023-04-28,VANDALISM
29481,04/28/2023,DRUG OFFENSE
29482,04/28/2023,DRUG OFFENSE
29483,04/28/2023,OTHER
29484,04/28/2023,BURGLARY
29485,04/28/2023,OTHER
29486,04/28/2023,BURGLARY
29487,2023-04-28,OTHER
29488,28-Apr-2023,OTHER
29489,28-Apr-2023,ASSAULT
29490,04/28/2023,BURGLARY
29491,28-Apr-2023,ROBBERY
29492,28-Apr-2023,OTHER
29493,28-Apr-2023,OTHER
29494,2023-04-28,OTHER
29495,28-Apr-2023,THEFT
29496,2023-04-28,OTHER
29497,28-Apr-2023,OTHER
29498,28-Apr-2023,ROBBERY
29499,2023-04-28,FRAUD
29500,04/28/2023,ROBBERY
29501,04/29/2023,VANDALISM
29502,04/29/2023,THEFT
29503,04/29/2023,OTHER
29504,29-Apr-2023,THEFT
29505,2023-04-29,THEFT
29506,2023-04-29,ASSAULT
29507,04/29/2023,OTHER
29508,29-Apr-2023,DRUG OFFENSE
29509,04/29/2023,FRAUD
29510,04/29/2023,THEFT
29511,2023-04-29,DRUG OFFENSE
29512,04/29/2023,ROBBERY
29513,29-Apr-2023,OTHER
29514,04/29/2023,DRUG OFFENSE
29515,04/29/2023,DRUG OFFENSE
29516,04/29/2023,THEFT
29517,04/29/2023,BURGLARY
29518,04/29/2023,DRUG OFFENSE
29519,2023-04-29,DRUG OFFENSE
29520,2023-04-29,THEFT
29521,04/29/2023,ASSAULT
29522,29-Apr-2023,FRAUD
29523,04/29/2023,FRAUD
29524,29-Apr-2023,ROBBERY
29525,2023-04-29,DRUG OFFENSE
29526,04/29/2023,ROBBERY
29527,2023-04-29,VANDALISM
29528,29-Apr-2023,VANDALISM
29529,2023-04-29,OTHER
29530,29-Apr-2023,VANDALISM
29531,04/29/2023,DRUG OFFENSE
29532,2023-04-29,ASSAULT
29533,2023-04-29,DRUG OFFENSE
29534,04/29/2023,BURGLARY
29535,04/29/2023,ASSAULT
29536,04/29/2023,BURGLARY
29537,04/29/2023,BURGLARY
29538,04/29/2023,FRAUD
29539,2023-04-29,OTHER
29540,04/29/2023,ASSAULT
29541,29-Apr-2023,THEFT
29542,04/29/2023,ROBBERY
29543,2023-04-29,ASSAULT
29544,04/29/2023,THEFT
29545,04/29/2023,ROBBERY
29546,2023-04-29,ASSAULT
29547,2023-04-29,BURGLARY
29548,29-Apr-2023,ROBBERY
29549,2023-04-29,OTHER
29550,04/29/2023,FRAUD
29551,04/30/2023,DRUG OFFENSE
29552,2023-04-30,ROBBERY
29553,30-Apr-2023,THEFT
29554,04/30/2023,ASSAULT
29555,30-Apr-2023,VANDALISM
29556,30-Apr-2023,ROBBERY
29557,30-Apr-2023,FRAUD
29558,30-Apr-2023,ROBBERY
29559,2023-04-30,FRAUD
29560,04/30/2023,ROBBERY
29561,04/30/2023,DRUG OFFENSE
29562,04/30/2023,THEFT
29563,2023-04-30,VANDALISM
29564,2023-04-30,BURGLARY
29565,2023-04-30,THEFT
29566,30-Apr-2023,DRUG OFFENSE
29567,2023-04-30,OTHER
29568,04/30/2023,THEFT
29569,04/30/2023,VANDALISM
29570,2023-04-30,BURGLARY
29571,2023-04-30,VANDALISM
29572,04/30/2023,VANDALISM
29573,30-Apr-2023,OTHER
29574,2023-04-30,DRUG OFFENSE
29575,30-Apr-2023,VANDALISM
29576,30-Apr-2023,VANDALISM
29577,30-Apr-2023,ASSAULT
29578,30-Apr-2023,THEFT
29579,2023-04-30,FRAUD
29580,2023-04-30,ROBBERY
29581,04/30/2023,FRAUD
29582,30-Apr-2023,FRAUD
29583,30-Apr-2023,ASSAULT
29584,04/30/2023,THEFT
29585,2023-04-30,BURGLARY
29586,04/30/2023,ASSAULT
29587,2023-04-30,OTHER
29588,04/30/2023,DRUG OFFENSE
29589,2023-04-30,VANDALISM
29590,04/30/2023,FRAUD
29591,2023-04-30,BURGLARY
29592,30-Apr-2023,OTHER
29593,04/30/2023,BURGLARY
29594,2023-05-01,ROBBERY
29595,05/01/2023,DRUG OFFENSE
29596,05/01/2023,THEFT
29597,2023-05-01,ROBBERY
29598,05/01/2023,OTHER
29599,05/01/2023,BURGLARY
29600,05/01/2023,ASSAULT
29601,05/01/2023,DRUG OFFENSE
29602,05/01/2023,THEFT
29603,2023-05-01,FRAUD
29604,2023-05-01,VANDALISM
29605,05/01/2023,BURGLARY
29606,01-May-2023,DRUG OFFENSE
29607,05/01/2023,ASSAULT
29608,05/01/2023,VANDALISM
29609,2023-05-01,ROBBERY
29610,05/01/2023,ROBBERY
29611,05/01/2023,DRUG OFFENSE
29612,05/01/2023,VANDALISM
29613,01-May-2023,VANDALISM
29614,2023-05-01,THEFT
29615,01-May-2023,VANDALISM
29616,2023-05-01,FRAUD
29617,05/01/2023,FRAUD
29618,01-May-2023,ROBBERY
29619,2023-05-01,VANDALISM
29620,01-May-2023,OTHER
29621,01-May-2023,FRAUD
29622,05/01/2023,ASSAULT
29623,05/01/2023,ASSAULT
29624,2023-05-01,FRAUD
29625,02-May-2023,THEFT
29626,2023-05-02,ASSAULT
29627,2023-05-02,FRAUD
29628,05/02/2023,ROBBERY
29629,2023-05-02,VANDALISM
29630,05/02/2023,DRUG OFFENSE
29631,02-May-2023,ASSAULT
29632,2023-05-02,VANDALISM
29633,05/02/2023,BURGLARY
29634,05/02/2023,FRAUD
29635,05/02/2023,ASSAULT
29636,02-May-2023,FRAUD
29637,05/02/2023,BURGLARY
29638,2023-05-02,DRUG OFFENSE
29639,02-May-2023,BURGLARY
29640,05/02/2023,VANDALISM
29641,02-May-2023,FRAUD
29642,05/02/2023,BURGLARY
29643,05/02/2023,OTHER
29644,02-May-2023,DRUG OFFENSE
29645,05/02/2023,VANDALISM
29646,05/02/2023,DRUG OFFENSE
29647,2023-05-02,DRUG OFFENSE
29648,02-May-2023,ASSAULT
29649,02-May-2023,BURGLARY
29650,05/02/2023,OTHER
29651,05/02/2023,BURGLARY
29652,05/02/2023,FRAUD
29653,05/02/2023,THEFT
29654,02-May-2023,FRAUD
29655,05/02/2023,ROBBERY
29656,05/02/2023,FRAUD
29657,2023-05-02,FRAUD
29658,02-May-2023,FRAUD
29659,2023-05-02,OTHER
29660,2023-05-02,ASSAULT
29661,2023-05-02,VANDALISM
29662,05/02/2023,FRAUD
29663,05/02/2023,OTHER
29664,02-May-2023,VANDALISM
29665,2023-05-02,THEFT
29666,2023-05-02,ASSAULT
29667,2023-05-02,OTHER
29668,2023-05-02,THEFT
29669,05/02/2023,THEFT
29670,05/02/2023,VANDALISM
29671,05/03/2023,ASSAULT
29672,05/03/2023,VANDALISM
29673,2023-05-03,ASSAULT
29674,2023-05-03,ASSAULT
29675,03-May-2023,OTHER
29676,2023-05-03,ROBBERY
29677,03-May-2023,VANDALISM
29678,05/03/2023,VANDALISM
29679,05/03/2023,ASSAULT
29680,05/03/2023,FRAUD
29681,03-May-2023,VANDALISM
29682,03-May-2023,ROBBERY
29683,2023-05-03,ASSAULT
29684,2023-05-03,THEFT
29685,03-May-2023,THEFT
29686,2023-05-03,OTHER
29687,2023-05-03,FRAUD
29688,05/03/2023,BURGLARY
29689,05/03/2023,ASSAULT
29690,05/03/2023,DRUG OFFENSE
29691,05/03/2023,DRUG OFFENSE
29692,03-May-2023,THEFT
29693,03-May-2023,OTHER
29694,03-May-2023,FRAUD
29695,03-May-2023,ASSAULT
29696,05/03/2023,BURGLARY
29697,05/03/2023,ASSAULT
29698,03-May-2023,BURGLARY
29699,2023-05-03,FRAUD
29700,05/03/2023,THEFT
29701,05/03/2023,THEFT
29702,05/03/2023,DRUG OFFENSE
29703,05/03/2023,ROBBERY
29704,05/03/2023,BURGLARY
29705,05/03/2023,THEFT
29706,05/03/2023,OTHER
29707,2023-05-03,FRAUD
29708,05/04/2023,THEFT
29709,04-May-2023,THEFT
29710,04-May-2023,VANDALISM
29711,04-May-2023,OTHER
29712,2023-05-04,ROBBERY
29713,05/04/2023,THEFT
29714,04-May-2023,BURGLARY
29715,05/04/2023,ROBBERY
29716,05/04/2023,DRUG OFFENSE
29717,05/04/2023,DRUG OFFENSE
29718,04-May-2023,BURGLARY
29719,05/04/2023,OTHER
29720,04-May-2023,ROBBERY
29721,2023-05-04,OTHER
29722,05/04/2023,OTHER
29723,2023-05-04,ASSAULT
29724,05/04/2023,VANDALISM
29725,2023-05-04,VANDALISM
29726,05/04/2023,FRAUD
29727,2023-05-04,DRUG OFFENSE
29728,2023-05-04,DRUG OFFENSE
29729,05/04/2023,VANDALISM
29730,04-May-2023,ROBBERY
29731,04-May-2023,FRAUD
29732,2023-05-04,DRUG OFFENSE
29733,05/04/2023,OTHER
29734,2023-05-04,DRUG OFFENSE
29735,2023-05-04,BURGLARY
29736,2023-05-04,ROBBERY
29737,04-May-2023,BURGLARY
29738,2023-05-04,OTHER
29739,05/04/2023,ROBBERY
29740,04-May-2023,DRUG OFFENSE
29741,2023-05-04,ROBBERY
29742,05/04/2023,ASSAULT
29743,04-May-2023,THEFT
29744,04-May-2023,ROBBERY
29745,2023-05-04,ROBBERY
29746,04-May-2023,BURGLARY
29747,04-May-2023,THEFT
29748,05-May-2023,BURGLARY
29749,2023-05-05,ASSAULT
29750,2023-05-05,OTHER
29751,2023-05-05,BURGLARY
29752,2023-05-05,OTHER
29753,05/05/2023,ASSAULT
29754,2023-05-05,OTHER
29755,05-May-2023,THEFT
29756,2023-05-05,BURGLARY
29757,05-May-2023,DRUG OFFENSE
29758,05-May-2023,VANDALISM
29759,05-May-2023,BURGLARY
29760,05/05/2023,FRAUD
29761,2023-05-05,ROBBERY
29762,05/05/2023,ROBBERY
29763,05/05/2023,OTHER
29764,05-May-2023,FRAUD
29765,05-May-2023,FRAUD
29766,2023-05-05,THEFT
29767,05-May-2023,FRAUD
29768,2023-05-05,ASSAULT
29769,05/05/2023,ASSAULT
29770,05-May-2023,THEFT
29771,2023-05-05,THEFT
29772,05-May-2023,VANDALISM
29773,2023-05-05,OTHER
29774,05/05/2023,ASSAULT
29775,2023-05-05,FRAUD
29776,05-May-2023,THEFT
29777,2023-05-05,DRUG OFFENSE
29778,05/05/2023,ASSAULT
29779,05/05/2023,FRAUD
29780,05/05/2023,BURGLARY
29781,2023-05-05,DRUG OFFENSE
29782,05/05/2023,DRUG OFFENSE
29783,2023-05-05,OTHER
29784,05/05/2023,ASSAULT
29785,05/05/2023,ROBBERY
29786,05/05/2023,VANDALISM
29787,2023-05-05,OTHER
29788,05-May-2023,VANDALISM
29789,05/05/2023,OTHER
29790,05/05/2023,DRUG OFFENSE
29791,2023-05-05,DRUG OFFENSE
29792,05/05/2023,ROBBERY
29793,05-May-2023,OTHER
29794,05/05/2023,DRUG OFFENSE
29795,05/05/2023,DRUG OFFENSE
29796,2023-05-05,ROBBERY
29797,05/05/2023,THEFT
29798,05-May-2023,DRUG OFFENSE
29799,05/05/2023,THEFT
29800,05-May-2023,VANDALISM
29801,2023-05-06,ROBBERY
29802,2023-05-06,BURGLARY
29803,05/06/2023,BURGLARY
29804,2023-05-06,OTHER
29805,06-May-2023,ASSAULT
29806,05/06/2023,OTHER
29807,05/06/2023,VANDALISM
29808,06-May-2023,ROBBERY
29809,06-May-2023,DRUG OFFENSE
29810,05/06/2023,FRAUD
29811,2023-05-06,DRUG OFFENSE
29812,05/06/2023,VANDALISM
29813,06-May-2023,BURGLARY
29814,2023-05-06,THEFT
29815,2023-05-06,BURGLARY
29816,05/06/2023,ASSAULT
29817,06-May-2023,ROBBERY
29818,05/06/2023,BURGLARY
29819,05/06/2023,OTHER
29820,05/06/2023,THEFT
29821,2023-05-06,ROBBERY
29822,2023-05-06,THEFT
29823,2023-05-06,OTHER
29824,2023-05-06,BURGLARY
29825,06-May-2023,FRAUD
29826,06-May-2023,FRAUD
29827,06-May-2023,ASSAULT
29828,2023-05-06,BURGLARY
29829,2023-05-06,ASSAULT
29830,06-May-2023,FRAUD
29831,2023-05-06,DRUG OFFENSE
29832,05/06/2023,BURGLARY
29833,05/06/2023,OTHER
29834,06-May-2023,OTHER
29835,06-May-2023,OTHER
29836,06-May-2023,ROBBERY
29837,2023-05-06,THEFT
29838,2023-05-06,OTHER
29839,06-May-2023,ROBBERY
29840,06-May-2023,BURGLARY
29841,2023-05-06,ROBBERY
29842,05/06/2023,THEFT
29843,05/06/2023,FRAUD
29844,06-May-2023,VANDALISM
29845,05/06/2023,ASSAULT
29846,2023-05-06,VANDALISM
29847,06-May-2023,ROBBERY
29848,05/06/2023,ASSAULT
29849,05/06/2023,VANDALISM
29850,05/06/2023,FRAUD
29851,05/06/2023,THEFT
29852,05/06/2023,THEFT
29853,05/06/2023,OTHER
29854,2023-05-06,ROBBERY
29855,2023-05-06,BURGLARY
29856,2023-05-07,OTHER
29857,2023-05-07,OTHER
29858,07-May-2023,FRAUD
29859,2023-05-07,DRUG OFFENSE
29860,07-May-2023,ROBBERY
29861,2023-05-07,VANDALISM
29862,05/07/2023,OTHER
29863,2023-05-07,DRUG OFFENSE
29864,05/07/2023,ROBBERY
29865,07-May-2023,BURGLARY
29866,2023-05-07,DRUG OFFENSE
29867,07-May-2023,THEFT
29868,05/07/2023,ROBBERY
29869,2023-05-07,ASSAULT
29870,07-May-2023,ASSAULT
29871,07-May-2023,OTHER
29872,07-May-2023,FRAUD
29873,2023-05-07,ROBBERY
29874,2023-05-07,DRUG OFFENSE
29875,05/07/2023,VANDALISM
29876,05/07/2023,ROBBERY
29877,07-May-2023,ROBBERY
29878,07-May-2023,DRUG OFFENSE
29879,05/07/2023,FRAUD
29880,2023-05-07,ROBBERY
29881,05/07/2023,DRUG OFFENSE
29882,2023-05-07,ROBBERY
29883,05/07/2023,FRAUD
29884,2023-05-07,BURGLARY
29885,07-May-2023,OTHER
29886,05/07/2023,VANDALISM
29887,05/07/2023,VANDALISM
29888,07-May-2023,VANDALISM
29889,2023-05-07,BURGLARY
29890,07-May-2023,THEFT
29891,05/07/2023,ROBBERY
29892,2023-05-07,OTHER
29893,05/07/2023,VANDALISM
29894,05/07/2023,ROBBERY
29895,07-May-2023,DRUG OFFENSE
29896,05/07/2023,ROBBERY
29897,05/07/2023,VANDALISM
29898,05/07/2023,VANDALISM
29899,05/07/2023,ROBBERY
29900,05/07/2023,DRUG OFFENSE
29901,07-May-2023,THEFT
29902,05/08/2023,VANDALISM
29903,05/08/2023,DRUG OFFENSE
29904,05/08/2023,ASSAULT
29905,2023-05-08,ROBBERY
29906,08-May-2023,BURGLARY
29907,05/08/2023,THEFT
29908,08-May-2023,ASSAULT
29909,08-May-2023,ROBBERY
29910,08-May-2023,BURGLARY
29911,05/08/2023,ASSAULT
29912,05/08/2023,OTHER
29913,08-May-2023,DRUG OFFENSE
29914,05/08/2023,BURGLARY
29915,05/08/2023,BURGLARY
29916,2023-05-08,ASSAULT
29917,05/08/2023,THEFT
29918,2023-05-08,ROBBERY
29919,2023-05-08,BURGLARY
29920,2023-05-08,FRAUD
29921,08-May-2023,OTHER
29922,2023-05-08,ROBBERY
29923,05/08/2023,ASSAULT
29924,05/08/2023,BURGLARY
29925,2023-05-08,ASSAULT
29926,08-May-2023,ROBBERY
29927,08-May-2023,ASSAULT
29928,05/08/2023,BURGLARY
29929,2023-05-08,VANDALISM
29930,08-May-2023,OTHER
29931,08-May-2023,FRAUD
29932,08-May-2023,FRAUD
29933,05/08/2023,OTHER
29934,05/08/2023,DRUG OFFENSE
29935,05/08/2023,ASSAULT
29936,05/08/2023,OTHER
29937,08-May-2023,FRAUD
29938,08-May-2023,ROBBERY
29939,05/08/2023,OTHER
29940,05/08/2023,ROBBERY
29941,08-May-2023,OTHER
29942,08-May-2023,OTHER
29943,2023-05-08,BURGLARY
29944,08-May-2023,ASSAULT
29945,05/08/2023,OTHER
29946,09-May-2023,DRUG OFFENSE
29947,09-May-2023,THEFT
29948,09-May-2023,ASSAULT
29949,09-May-2023,FRAUD
29950,05/09/2023,VANDALISM
29951,05/09/2023,VANDALISM
29952,05/09/2023,ASSAULT
29953,2023-05-09,ROBBERY
29954,05/09/2023,THEFT
29955,05/09/2023,BURGLARY
29956,05/09/2023,VANDALISM
29957,05/09/2023,VANDALISM
29958,2023-05-09,BURGLARY
29959,05/09/2023,ROBBERY
29960,09-May-2023,DRUG OFFENSE
29961,05/09/2023,OTHER
29962,09-May-2023,VANDALISM
29963,05/09/2023,ASSAULT
29964,09-May-2023,DRUG OFFENSE
29965,05/09/2023,FRAUD
29966,09-May-2023,BURGLARY
29967,2023-05-09,OTHER
29968,09-May-2023,OTHER
29969,05/09/2023,BURGLARY
29970,2023-05-09,BURGLARY
29971,2023-05-09,DRUG OFFENSE
29972,09-May-2023,ASSAULT
29973,05/09/2023,BURGLARY
29974,2023-05-09,DRUG OFFENSE
29975,05/09/2023,THEFT
29976,2023-05-09,DRUG OFFENSE
29977,05/09/2023,ROBBERY
29978,2023-05-09,BURGLARY
29979,09-May-2023,THEFT
29980,09-May-2023,BURGLARY
29981,05/09/2023,OTHER
29982,09-May-2023,THEFT
29983,05/09/2023,OTHER
29984,09-May-2023,VANDALISM
29985,05/10/2023,VANDALISM
29986,05/10/2023,ROBBERY
29987,2023-05-10,DRUG OFFENSE
29988,05/10/2023,DRUG OFFENSE
29989,2023-05-10,ROBBERY
29990,05/10/2023,FRAUD
29991,05/10/2023,DRUG OFFENSE
29992,2023-05-10,ROBBERY
29993,05/10/2023,ROBBERY
29994,2023-05-10,THEFT
29995,2023-05-10,ASSAULT
29996,05/10/2023,ROBBERY
29997,2023-05-10,FRAUD
29998,2023-05-10,BURGLARY
29999,05/10/2023,THEFT
30000,2023-05-10,ROBBERY
30001,05/10/2023,THEFT
30002,10-May-2023,BURGLARY
30003,10-May-2023,DRUG OFFENSE
30004,2023-05-10,VANDALISM
30005,2023-05-10,FRAUD
30006,05/10/2023,DRUG OFFENSE
30007,05/10/2023,BURGLARY
30008,2023-05-10,ROBBERY
30009,10-May-2023,THEFT
30010,10-May-2023,FRAUD
30011,05/10/2023,BURGLARY
30012,10-May-2023,VANDALISM
30013,2023-05-10,FRAUD
30014,2023-05-10,DRUG OFFENSE
30015,10-May-2023,THEFT
30016,10-May-2023,VANDALISM
30017,05/10/2023,FRAUD
30018,05/10/2023,OTHER
30019,10-May-2023,THEFT
30020,10-May-2023,THEFT
30021,05/10/2023,ROBBERY
30022,05/10/2023,BURGLARY
30023,10-May-2023,VANDALISM
30024,2023-05-10,OTHER
30025,05/10/2023,ROBBERY
30026,10-May-2023,OTHER
30027,2023-05-10,FRAUD
30028,2023-05-10,THEFT
30029,2023-05-10,FRAUD
30030,10-May-2023,OTHER
30031,2023-05-10,FRAUD
30032,05/10/2023,ROBBERY
30033,2023-05-10,ASSAULT
30034,05/10/2023,ROBBERY
30035,11-May-2023,FRAUD
30036,11-May-2023,ROBBERY
30037,11-May-2023,ASSAULT
30038,05/11/2023,THEFT
30039,05/11/2023,VANDALISM
30040,05/11/2023,OTHER
30041,05/11/2023,ROBBERY
30042,2023-05-11,DRUG OFFENSE
30043,2023-05-11,ROBBERY
30044,05/11/2023,FRAUD
30045,2023-05-11,ROBBERY
30046,2023-05-11,BURGLARY
30047,11-May-2023,ASSAULT
30048,2023-05-11,DRUG OFFENSE
30049,11-May-2023,BURGLARY
30050,05/11/2023,FRAUD
30051,05/11/2023,THEFT
30052,05/11/2023,VANDALISM
30053,05/11/2023,BURGLARY
30054,11-May-2023,OTHER
30055,2023-05-11,FRAUD
30056,05/11/2023,BURGLARY
30057,2023-05-11,ASSAULT
30058,05/11/2023,ROBBERY
30059,05/11/2023,ROBBERY
30060,11-May-2023,FRAUD
30061,05/11/2023,DRUG OFFENSE
30062,05/11/2023,ASSAULT
30063,2023-05-11,VANDALISM
30064,2023-05-11,VANDALISM
30065,11-May-2023,FRAUD
30066,05/11/2023,THEFT
30067,05/11/2023,ROBBERY
30068,05/11/2023,OTHER
30069,05/11/2023,ASSAULT
30070,05/11/2023,DRUG OFFENSE
30071,05/11/2023,VANDALISM
30072,11-May-2023,DRUG OFFENSE
30073,05/11/2023,ASSAULT
30074,2023-05-11,FRAUD
30075,11-May-2023,FRAUD
30076,2023-05-11,THEFT
30077,05/11/2023,THEFT
30078,05/12/2023,ROBBERY
30079,05/12/2023,THEFT
30080,2023-05-12,OTHER
30081,12-May-2023,DRUG OFFENSE
30082,2023-05-12,DRUG OFFENSE
30083,05/12/2023,BURGLARY
30084,2023-05-12,THEFT
30085,2023-05-12,VANDALISM
30086,12-May-2023,FRAUD
30087,05/12/2023,FRAUD
30088,2023-05-12,ROBBERY
30089,2023-05-12,VANDALISM
30090,05/12/2023,ROBBERY
30091,05/12/2023,FRAUD
30092,05/12/2023,ROBBERY
30093,2023-05-12,VANDALISM
30094,12-May-2023,OTHER
30095,2023-05-12,THEFT
30096,12-May-2023,ROBBERY
30097,2023-05-12,VANDALISM
30098,12-May-2023,DRUG OFFENSE
30099,12-May-2023,ASSAULT
30100,12-May-2023,VANDALISM
30101,12-May-2023,ASSAULT
30102,12-May-2023,ROBBERY
30103,05/12/2023,FRAUD
30104,12-May-2023,ASSAULT
30105,12-May-2023,BURGLARY
30106,05/12/2023,FRAUD
30107,12-May-2023,BURGLARY
30108,05/12/2023,VANDALISM
30109,05/12/2023,DRUG OFFENSE
30110,05/12/2023,THEFT
30111,12-May-2023,ASSAULT
30112,12-May-2023,BURGLARY
30113,05/12/2023,OTHER
30114,12-May-2023,OTHER
30115,05/12/2023,BURGLARY
30116,2023-05-12,DRUG OFFENSE
30117,12-May-2023,FRAUD
30118,13-May-2023,DRUG OFFENSE
30119,05/13/2023,ROBBERY
30120,05/13/2023,THEFT
30121,05/13/2023,VANDALISM
30122,13-May-2023,DRUG OFFENSE
30123,13-May-2023,DRUG OFFENSE
30124,13-May-2023,DRUG OFFENSE
30125,2023-05-13,VANDALISM
30126,05/13/2023,VANDALISM
30127,05/13/2023,BURGLARY
30128,13-May-2023,ROBBERY
30129,05/13/2023,FRAUD
30130,13-May-2023,VANDALISM
30131,05/13/2023,ASSAULT
30132,13-May-2023,VANDALISM
30133,2023-05-13,OTHER
30134,13-May-2023,THEFT
30135,05/13/2023,FRAUD
30136,13-May-2023,ASSAULT
30137,05/13/2023,DRUG OFFENSE
30138,2023-05-13,BURGLARY
30139,13-May-2023,FRAUD
30140,13-May-2023,DRUG OFFENSE
30141,05/13/2023,FRAUD
30142,05/13/2023,OTHER
30143,13-May-2023,FRAUD
30144,05/13/2023,THEFT
30145,13-May-2023,FRAUD
30146,05/13/2023,BURGLARY
30147,05/13/2023,VANDALISM
30148,2023-05-13,FRAUD
30149,13-May-2023,OTHER
30150,13-May-2023,DRUG OFFENSE
30151,2023-05-13,OTHER
30152,2023-05-13,ASSAULT
30153,13-May-2023,ASSAULT
30154,13-May-2023,ROBBERY
30155,13-May-2023,OTHER
30156,13-May-2023,FRAUD
30157,13-May-2023,DRUG OFFENSE
30158,05/13/2023,ASSAULT
30159,2023-05-13,BURGLARY
30160,05/13/2023,VANDALISM
30161,13-May-2023,VANDALISM
30162,05/13/2023,BURGLARY
30163,05/13/2023,BURGLARY
30164,2023-05-13,VANDALISM
30165,05/13/2023,ASSAULT
30166,05/13/2023,OTHER
30167,13-May-2023,DRUG OFFENSE
30168,13-May-2023,THEFT
30169,05/13/2023,DRUG OFFENSE
30170,05/13/2023,FRAUD
30171,2023-05-13,DRUG OFFENSE
30172,05/13/2023,DRUG OFFENSE
30173,13-May-2023,BURGLARY
30174,13-May-2023,DRUG OFFENSE
30175,05/13/2023,ROBBERY
30176,2023-05-13,BURGLARY
30177,05/13/2023,DRUG OFFENSE
30178,05/14/2023,BURGLARY
30179,2023-05-14,ASSAULT
30180,2023-05-14,THEFT
30181,14-May-2023,ROBBERY
30182,14-May-2023,DRUG OFFENSE
30183,2023-05-14,VANDALISM
30184,2023-05-14,BURGLARY
30185,05/14/2023,VANDALISM
30186,05/14/2023,DRUG OFFENSE
30187,05/14/2023,OTHER
30188,05/14/2023,ASSAULT
30189,2023-05-14,ASSAULT
30190,05/14/2023,BURGLARY
30191,2023-05-14,OTHER
30192,14-May-2023,ASSAULT
30193,05/14/2023,OTHER
30194,14-May-2023,DRUG OFFENSE
30195,14-May-2023,OTHER
30196,05/14/2023,OTHER
30197,2023-05-14,THEFT
30198,05/14/2023,OTHER
30199,05/14/2023,VANDALISM
30200,2023-05-14,DRUG OFFENSE
30201,14-May-2023,VANDALISM
30202,2023-05-14,BURGLARY
30203,05/14/2023,THEFT
30204,2023-05-14,THEFT
30205,14-May-2023,DRUG OFFENSE
30206,05/14/2023,FRAUD
30207,05/14/2023,FRAUD
30208,05/14/2023,OTHER
30209,14-May-2023,DRUG OFFENSE
30210,2023-05-14,OTHER
30211,2023-05-14,BURGLARY
30212,14-May-2023,ROBBERY
30213,14-May-2023,FRAUD
30214,05/14/2023,DRUG OFFENSE
30215,14-May-2023,BURGLARY
30216,05/14/2023,ASSAULT
30217,05/14/2023,ROBBERY
30218,14-May-2023,VANDALISM
30219,14-May-2023,FRAUD
30220,05/14/2023,THEFT
30221,2023-05-14,BURGLARY
30222,15-May-2023,DRUG OFFENSE
30223,05/15/2023,FRAUD
30224,2023-05-15,FRAUD
30225,2023-05-15,DRUG OFFENSE
30226,05/15/2023,VANDALISM
30227,2023-05-15,VANDALISM
30228,05/15/2023,ROBBERY
30229,15-May-2023,DRUG OFFENSE
30230,05/15/2023,BURGLARY
30231,05/15/2023,FRAUD
30232,2023-05-15,VANDALISM
30233,2023-05-15,BURGLARY
30234,05/15/2023,OTHER
30235,2023-05-15,ROBBERY
30236,05/15/2023,THEFT
30237,05/15/2023,ASSAULT
30238,15-May-2023,ASSAULT
30239,15-May-2023,OTHER
30240,05/15/2023,VANDALISM
30241,05/15/2023,FRAUD
30242,05/15/2023,OTHER
30243,2023-05-15,ASSAULT
30244,2023-05-15,THEFT
30245,05/15/2023,BURGLARY
30246,15-May-2023,OTHER
30247,2023-05-15,FRAUD
30248,2023-05-15,ASSAULT
30249,15-May-2023,ASSAULT
30250,05/15/2023,ASSAULT
30251,2023-05-15,ROBBERY
30252,15-May-2023,DRUG OFFENSE
30253,15-May-2023,ASSAULT
30254,05/15/2023,ROBBERY
30255,15-May-2023,BURGLARY
30256,15-May-2023,DRUG OFFENSE
30257,2023-05-15,DRUG OFFENSE
30258,2023-05-15,ROBBERY
30259,15-May-2023,FRAUD
30260,2023-05-15,OTHER
30261,05/16/2023,THEFT
30262,16-May-2023,OTHER
30263,05/16/2023,ASSAULT
30264,16-May-2023,THEFT
30265,05/16/2023,ROBBERY
30266,05/16/2023,ASSAULT
30267,05/16/2023,BURGLARY
30268,16-May-2023,THEFT
30269,2023-05-16,VANDALISM
30270,16-May-2023,FRAUD
30271,05/16/2023,OTHER
30272,16-May-2023,ROBBERY
30273,2023-05-16,FRAUD
30274,16-May-2023,ASSAULT
30275,05/16/2023,VANDALISM
30276,16-May-2023,DRUG OFFENSE
30277,05/16/2023,THEFT
30278,16-May-2023,VANDALISM
30279,2023-05-16,BURGLARY
30280,05/16/2023,BURGLARY
30281,05/16/2023,ROBBERY
30282,2023-05-16,BURGLARY
30283,05/16/2023,DRUG OFFENSE
30284,2023-05-16,THEFT
30285,05/16/2023,OTHER
30286,16-May-2023,BURGLARY
30287,05/16/2023,ROBBERY
30288,16-May-2023,THEFT
30289,16-May-2023,FRAUD
30290,05/16/2023,VANDALISM
30291,16-May-2023,ASSAULT
30292,05/16/2023,BURGLARY
30293,2023-05-16,BURGLARY
30294,05/16/2023,BURGLARY
30295,16-May-2023,ASSAULT
30296,2023-05-16,THEFT
30297,05/16/2023,ASSAULT
30298,16-May-2023,ROBBERY
30299,2023-05-16,BURGLARY
30300,05/16/2023,ROBBERY
30301,2023-05-16,ROBBERY
30302,05/16/2023,BURGLARY
30303,16-May-2023,THEFT
30304,2023-05-16,ROBBERY
30305,2023-05-16,VANDALISM
30306,05/16/2023,OTHER
30307,17-May-2023,ROBBERY
30308,05/17/2023,BURGLARY
30309,17-May-2023,BURGLARY
30310,2023-05-17,ASSAULT
30311,17-May-2023,THEFT
30312,2023-05-17,BURGLARY
30313,05/17/2023,FRAUD
30314,05/17/2023,ROBBERY
30315,17-May-2023,DRUG OFFENSE
30316,05/17/2023,OTHER
30317,05/17/2023,ROBBERY
30318,17-May-2023,DRUG OFFENSE
30319,05/17/2023,ASSAULT
30320,05/17/2023,VANDALISM
30321,17-May-2023,ROBBERY
30322,17-May-2023,BURGLARY
30323,2023-05-17,FRAUD
30324,2023-05-17,VANDALISM
30325,17-May-2023,THEFT
30326,2023-05-17,ASSAULT
30327,05/17/2023,FRAUD
30328,2023-05-17,THEFT
30329,2023-05-17,THEFT
30330,17-May-2023,ASSAULT
30331,2023-05-17,VANDALISM
30332,2023-05-17,BURGLARY
30333,2023-05-17,ASSAULT
30334,17-May-2023,THEFT
30335,2023-05-17,VANDALISM
30336,17-May-2023,VANDALISM
30337,05/17/2023,FRAUD
30338,2023-05-17,ROBBERY
30339,17-May-2023,BURGLARY
30340,05/17/2023,VANDALISM
30341,05/17/2023,DRUG OFFENSE
30342,2023-05-17,DRUG OFFENSE
30343,05/17/2023,ASSAULT
30344,17-May-2023,ROBBERY
30345,17-May-2023,OTHER
30346,2023-05-17,ROBBERY
30347,05/17/2023,THEFT
30348,05/17/2023,ASSAULT
30349,17-May-2023,OTHER
30350,17-May-2023,THEFT
30351,05/17/2023,BURGLARY
30352,05/17/2023,DRUG OFFENSE
30353,05/17/2023,BURGLARY
30354,05/17/2023,OTHER
30355,2023-05-18,ASSAULT
30356,05/18/2023,ASSAULT
30357,18-May-2023,DRUG OFFENSE
30358,18-May-2023,FRAUD
30359,05/18/2023,ROBBERY
30360,18-May-2023,ASSAULT
30361,18-May-2023,BURGLARY
30362,2023-05-18,ASSAULT
30363,18-May-2023,VANDALISM
30364,18-May-2023,DRUG OFFENSE
30365,05/18/2023,BURGLARY
30366,05/18/2023,ROBBERY
30367,2023-05-18,DRUG OFFENSE
30368,05/18/2023,BURGLARY
30369,2023-05-18,OTHER
30370,18-May-2023,BURGLARY
30371,18-May-2023,THEFT
30372,05/18/2023,ROBBERY
30373,18-May-2023,THEFT
30374,05/18/2023,DRUG OFFENSE
30375,05/18/2023,FRAUD
30376,2023-05-18,BURGLARY
30377,18-May-2023,FRAUD
30378,05/18/2023,DRUG OFFENSE
30379,2023-05-18,THEFT
30380,05/18/2023,ASSAULT
30381,18-May-2023,OTHER
30382,2023-05-18,FRAUD
30383,2023-05-18,ASSAULT
30384,05/18/2023,VANDALISM
30385,18-May-2023,FRAUD
30386,18-May-2023,FRAUD
30387,18-May-2023,FRAUD
30388,05/18/2023,ROBBERY
30389,18-May-2023,DRUG OFFENSE
30390,05/18/2023,DRUG OFFENSE
30391,18-May-2023,DRUG OFFENSE
30392,18-May-2023,ASSAULT
30393,05/18/2023,FRAUD
30394,2023-05-18,THEFT
30395,05/18/2023,DRUG OFFENSE
30396,18-May-2023,FRAUD
30397,05/18/2023,THEFT
30398,05/18/2023,THEFT
30399,05/18/2023,ROBBERY
30400,05/18/2023,DRUG OFFENSE
30401,18-May-2023,FRAUD
30402,19-May-2023,ROBBERY
30403,05/19/2023,BURGLARY
30404,05/19/2023,VANDALISM
30405,2023-05-19,THEFT
30406,19-May-2023,ASSAULT
30407,19-May-2023,DRUG OFFENSE
30408,19-May-2023,VANDALISM
30409,19-May-2023,FRAUD
30410,05/19/2023,BURGLARY
30411,05/19/2023,THEFT
30412,2023-05-19,FRAUD
30413,05/19/2023,BURGLARY
30414,2023-05-19,ROBBERY
30415,05/19/2023,DRUG OFFENSE
30416,2023-05-19,THEFT
30417,05/19/2023,FRAUD
30418,05/19/2023,DRUG OFFENSE
30419,05/19/2023,THEFT
30420,2023-05-19,ROBBERY
30421,2023-05-19,DRUG OFFENSE
30422,19-May-2023,THEFT
30423,19-May-2023,DRUG OFFENSE
30424,2023-05-19,THEFT
30425,19-May-2023,DRUG OFFENSE
30426,19-May-2023,VANDALISM
30427,19-May-2023,OTHER
30428,05/19/2023,THEFT
30429,05/19/2023,VANDALISM
30430,19-May-2023,OTHER
30431,05/19/2023,FRAUD
30432,19-May-2023,BURGLARY
30433,2023-05-19,ROBBERY
30434,05/19/2023,ASSAULT
30435,05/19/2023,ASSAULT
30436,05/19/2023,VANDALISM
30437,05/19/2023,THEFT
30438,19-May-2023,THEFT
30439,05/19/2023,OTHER
30440,05/19/2023,ASSAULT
30441,05/19/2023,ASSAULT
30442,19-May-2023,THEFT
30443,05/19/2023,DRUG OFFENSE
30444,2023-05-19,ROBBERY
30445,2023-05-19,ASSAULT
30446,2023-05-19,OTHER
30447,19-May-2023,BURGLARY
30448,05/20/2023,THEFT
30449,20-May-2023,ASSAULT
30450,05/20/2023,OTHER
30451,05/20/2023,VANDALISM
30452,2023-05-20,BURGLARY
30453,20-May-2023,FRAUD
30454,20-May-2023,FRAUD
30455,05/20/2023,DRUG OFFENSE
30456,20-May-2023,THEFT
30457,05/20/2023,FRAUD
30458,05/20/2023,ASSAULT
30459,20-May-2023,FRAUD
30460,20-May-2023,DRUG OFFENSE
30461,20-May-2023,OTHER
30462,2023-05-20,FRAUD
30463,05/20/2023,DRUG OFFENSE
30464,05/20/2023,DRUG OFFENSE
30465,2023-05-20,VANDALISM
30466,05/20/2023,OTHER
30467,2023-05-20,FRAUD
30468,20-May-2023,ASSAULT
30469,05/20/2023,DRUG OFFENSE
30470,20-May-2023,OTHER
30471,20-May-2023,VANDALISM
30472,05/20/2023,THEFT
30473,05/20/2023,VANDALISM
30474,05/20/2023,ROBBERY
30475,20-May-2023,VANDALISM
30476,2023-05-20,DRUG OFFENSE
30477,2023-05-20,FRAUD
30478,2023-05-20,BURGLARY
30479,2023-05-20,VANDALISM
30480,20-May-2023,ROBBERY
30481,05/20/2023,BURGLARY
30482,2023-05-20,DRUG OFFENSE
30483,20-May-2023,ROBBERY
30484,20-May-2023,DRUG OFFENSE
30485,20-May-2023,OTHER
30486,20-May-2023,DRUG OFFENSE
30487,2023-05-20,DRUG OFFENSE
30488,2023-05-20,ASSAULT
30489,05/21/2023,DRUG OFFENSE
30490,2023-05-21,FRAUD
30491,21-May-2023,THEFT
30492,21-May-2023,THEFT
30493,21-May-2023,OTHER
30494,05/21/2023,ROBBERY
30495,05/21/2023,VANDALISM
30496,05/21/2023,THEFT
30497,21-May-2023,THEFT
30498,05/21/2023,VANDALISM
30499,2023-05-21,VANDALISM
30500,21-May-2023,DRUG OFFENSE
30501,05/21/2023,DRUG OFFENSE
30502,05/21/2023,VANDALISM
30503,21-May-2023,ROBBERY
30504,2023-05-21,BURGLARY
30505,05/21/2023,DRUG OFFENSE
30506,21-May-2023,FRAUD
30507,05/21/2023,BURGLARY
30508,2023-05-21,BURGLARY
30509,21-May-2023,BURGLARY
30510,2023-05-21,DRUG OFFENSE
30511,21-May-2023,VANDALISM
30512,21-May-2023,FRAUD
30513,05/21/2023,FRAUD
30514,05/21/2023,BURGLARY
30515,05/21/2023,FRAUD
30516,05/21/2023,VANDALISM
30517,21-May-2023,ROBBERY
30518,2023-05-21,THEFT
30519,21-May-2023,FRAUD
30520,05/21/2023,OTHER
30521,05/21/2023,FRAUD
30522,21-May-2023,DRUG OFFENSE
30523,2023-05-21,VANDALISM
30524,2023-05-21,ROBBERY
30525,21-May-2023,ASSAULT
30526,05/21/2023,ROBBERY
30527,21-May-2023,ASSAULT
30528,05/21/2023,ASSAULT
30529,2023-05-21,VANDALISM
30530,2023-05-21,VANDALISM
30531,05/21/2023,THEFT
30532,22-May-2023,DRUG OFFENSE
30533,05/22/2023,BURGLARY
30534,22-May-2023,DRUG OFFENSE
30535,05/22/2023,VANDALISM
30536,22-May-2023,ROBBERY
30537,2023-05-22,VANDALISM
30538,2023-05-22,OTHER
30539,2023-05-22,ROBBERY
30540,05/22/2023,VANDALISM
30541,22-May-2023,THEFT
30542,05/22/2023,FRAUD
30543,05/22/2023,ASSAULT
30544,2023-05-22,FRAUD
30545,22-May-2023,ROBBERY
30546,2023-05-22,VANDALISM
30547,05/22/2023,ROBBERY
30548,05/22/2023,OTHER
30549,2023-05-22,ASSAULT
30550,05/22/2023,OTHER
30551,05/22/2023,BURGLARY
30552,05/22/2023,THEFT
30553,22-May-2023,DRUG OFFENSE
30554,2023-05-22,FRAUD
30555,2023-05-22,THEFT
30556,2023-05-22,DRUG OFFENSE
30557,05/22/2023,OTHER
30558,2023-05-22,VANDALISM
30559,2023-05-22,OTHER
30560,05/22/2023,BURGLARY
30561,05/22/2023,ROBBERY
30562,22-May-2023,DRUG OFFENSE
30563,05/22/2023,OTHER
30564,2023-05-22,DRUG OFFENSE
30565,2023-05-22,FRAUD
30566,05/22/2023,BURGLARY
30567,05/22/2023,ROBBERY
30568,22-May-2023,FRAUD
30569,22-May-2023,THEFT
30570,2023-05-22,VANDALISM
30571,22-May-2023,BURGLARY
30572,22-May-2023,FRAUD
30573,22-May-2023,ASSAULT
30574,05/22/2023,FRAUD
30575,22-May-2023,ASSAULT
30576,2023-05-22,FRAUD
30577,05/23/2023,DRUG OFFENSE
30578,2023-05-23,THEFT
30579,2023-05-23,ASSAULT
30580,23-May-2023,ASSAULT
30581,23-May-2023,FRAUD
30582,23-May-2023,VANDALISM
30583,05/23/2023,DRUG OFFENSE
30584,05/23/2023,OTHER
30585,2023-05-23,ASSAULT
30586,2023-05-23,BURGLARY
30587,05/23/2023,ASSAULT
30588,05/23/2023,DRUG OFFENSE
30589,2023-05-23,ASSAULT
30590,23-May-2023,FRAUD
30591,05/23/2023,ASSAULT
30592,23-May-2023,OTHER
30593,05/23/2023,BURGLARY
30594,23-May-2023,FRAUD
30595,23-May-2023,ASSAULT
30596,05/23/2023,DRUG OFFENSE
30597,05/23/2023,OTHER
30598,05/23/2023,FRAUD
30599,2023-05-23,THEFT
30600,05/23/2023,BURGLARY
30601,2023-05-23,OTHER
30602,05/23/2023,ASSAULT
30603,2023-05-23,FRAUD
30604,23-May-2023,OTHER
30605,23-May-2023,THEFT
30606,2023-05-23,BURGLARY
30607,23-May-2023,THEFT
30608,23-May-2023,BURGLARY
30609,2023-05-23,OTHER
30610,23-May-2023,OTHER
30611,23-May-2023,BURGLARY
30612,05/23/2023,ROBBERY
30613,2023-05-23,THEFT
30614,05/23/2023,VANDALISM
30615,05/23/2023,FRAUD
30616,2023-05-24,OTHER
30617,24-May-2023,ASSAULT
30618,24-May-2023,THEFT
30619,24-May-2023,OTHER
30620,2023-05-24,FRAUD
30621,05/24/2023,DRUG OFFENSE
30622,2023-05-24,THEFT
30623,05/24/2023,ROBBERY
30624,2023-05-24,THEFT
30625,05/24/2023,ROBBERY
30626,05/24/2023,FRAUD
30627,2023-05-24,BURGLARY
30628,2023-05-24,ASSAULT
30629,2023-05-24,BURGLARY
30630,05/24/2023,FRAUD
30631,05/24/2023,ASSAULT
30632,05/24/2023,BURGLARY
30633,05/24/2023,THEFT
30634,05/24/2023,FRAUD
30635,05/24/2023,VANDALISM
30636,05/24/2023,OTHER
30637,05/24/2023,DRUG OFFENSE
30638,24-May-2023,ASSAULT
30639,05/24/2023,ASSAULT
30640,24-May-2023,DRUG OFFENSE
30641,2023-05-24,BURGLARY
30642,05/24/2023,VANDALISM
30643,2023-05-24,FRAUD
30644,2023-05-24,ROBBERY
30645,24-May-2023,THEFT
30646,05/24/2023,ASSAULT
30647,24-May-2023,ROBBERY
30648,05/24/2023,ROBBERY
30649,05/24/2023,ROBBERY
30650,05/24/2023,FRAUD
30651,05/24/2023,DRUG OFFENSE
30652,2023-05-24,DRUG OFFENSE
30653,24-May-2023,OTHER
30654,05/24/2023,VANDALISM
30655,05/24/2023,BURGLARY
30656,24-May-2023,OTHER
30657,2023-05-24,VANDALISM
30658,2023-05-24,THEFT
30659,05/24/2023,ROBBERY
30660,05/24/2023,VANDALISM
30661,24-May-2023,THEFT
30662,2023-05-25,FRAUD
30663,05/25/2023,ROBBERY
30664,2023-05-25,VANDALISM
30665,2023-05-25,DRUG OFFENSE
30666,2023-05-25,OTHER
30667,25-May-2023,DRUG OFFENSE
30668,2023-05-25,ROBBERY
30669,05/25/2023,VANDALISM
30670,2023-05-25,ROBBERY
30671,25-May-2023,VANDALISM
30672,05/25/2023,ROBBERY
30673,25-May-2023,BURGLARY
30674,25-May-2023,FRAUD
30675,05/25/2023,ASSAULT
30676,2023-05-25,DRUG OFFENSE
30677,2023-05-25,DRUG OFFENSE
30678,05/25/2023,VANDALISM
30679,25-May-2023,FRAUD
30680,2023-05-25,VANDALISM
30681,2023-05-25,ASSAULT
30682,25-May-2023,ASSAULT
30683,05/25/2023,ROBBERY
30684,25-May-2023,THEFT
30685,05/25/2023,BURGLARY
30686,05/25/2023,OTHER
30687,2023-05-25,BURGLARY
30688,25-May-2023,BURGLARY
30689,05/25/2023,ASSAULT
30690,25-May-2023,ASSAULT
30691,2023-05-25,THEFT
30692,2023-05-25,OTHER
30693,2023-05-25,VANDALISM
30694,05/25/2023,FRAUD
30695,05/25/2023,ASSAULT
30696,2023-05-25,ROBBERY
30697,05/25/2023,ROBBERY
30698,2023-05-25,THEFT
30699,05/25/2023,OTHER
30700,25-May-2023,BURGLARY
30701,25-May-2023,DRUG OFFENSE
30702,25-May-2023,OTHER
30703,05/25/2023,THEFT
30704,05/25/2023,ROBBERY
30705,2023-05-25,THEFT
30706,05/25/2023,FRAUD
30707,05/25/2023,BURGLARY
30708,05/25/2023,ASSAULT
30709,25-May-2023,ASSAULT
30710,2023-05-25,FRAUD
30711,25-May-2023,FRAUD
30712,2023-05-25,OTHER
30713,2023-05-25,THEFT
30714,05/25/2023,THEFT
30715,05/25/2023,DRUG OFFENSE
30716,26-May-2023,DRUG OFFENSE
30717,05/26/2023,OTHER
30718,2023-05-26,DRUG OFFENSE
30719,2023-05-26,THEFT
30720,2023-05-26,ROBBERY
30721,26-May-2023,ASSAULT
30722,05/26/2023,VANDALISM
30723,05/26/2023,OTHER
30724,2023-05-26,BURGLARY
30725,05/26/2023,BURGLARY
30726,2023-05-26,ROBBERY
30727,2023-05-26,THEFT
30728,05/26/2023,THEFT
30729,2023-05-26,VANDALISM
30730,05/26/2023,ROBBERY
30731,2023-05-26,THEFT
30732,2023-05-26,VANDALISM
30733,05/26/2023,OTHER
30734,05/26/2023,THEFT
30735,2023-05-26,THEFT
30736,05/26/2023,ROBBERY
30737,05/26/2023,THEFT
30738,26-May-2023,BURGLARY
30739,2023-05-26,ROBBERY
30740,26-May-2023,THEFT
30741,26-May-2023,FRAUD
30742,2023-05-26,VANDALISM
30743,05/26/2023,OTHER
30744,05/26/2023,FRAUD
30745,2023-05-26,VANDALISM
30746,05/26/2023,ROBBERY
30747,05/26/2023,BURGLARY
30748,05/26/2023,OTHER
30749,05/26/2023,ASSAULT
30750,2023-05-26,ROBBERY
30751,05/26/2023,THEFT
30752,2023-05-26,ROBBERY
30753,05/26/2023,BURGLARY
30754,26-May-2023,ROBBERY
30755,2023-05-27,VANDALISM
30756,05/27/2023,BURGLARY
30757,05/27/2023,ROBBERY
30758,2023-05-27,BURGLARY
30759,2023-05-27,THEFT
30760,27-May-2023,FRAUD
30761,05/27/2023,THEFT
30762,05/27/2023,VANDALISM
30763,2023-05-27,FRAUD
30764,2023-05-27,OTHER
30765,27-May-2023,ROBBERY
30766,05/27/2023,ROBBERY
30767,05/27/2023,ROBBERY
30768,27-May-2023,OTHER
30769,2023-05-27,FRAUD
30770,27-May-2023,DRUG OFFENSE
30771,2023-05-27,OTHER
30772,05/27/2023,DRUG OFFENSE
30773,2023-05-27,ROBBERY
30774,05/27/2023,ROBBERY
30775,05/27/2023,VANDALISM
30776,27-May-2023,DRUG OFFENSE
30777,05/27/2023,THEFT
30778,27-May-2023,VANDALISM
30779,05/27/2023,FRAUD
30780,27-May-2023,BURGLARY
30781,27-May-2023,FRAUD
30782,27-May-2023,ASSAULT
30783,05/27/2023,FRAUD
30784,05/27/2023,BURGLARY
30785,2023-05-27,VANDALISM
30786,05/27/2023,BURGLARY
30787,05/27/2023,BURGLARY
30788,05/27/2023,THEFT
30789,05/27/2023,ROBBERY
30790,05/27/2023,DRUG OFFENSE
30791,2023-05-27,BURGLARY
30792,2023-05-27,ROBBERY
30793,27-May-2023,BURGLARY
30794,2023-05-27,BURGLARY
30795,2023-05-27,VANDALISM
30796,27-May-2023,VANDALISM
30797,27-May-2023,THEFT
30798,05/27/2023,THEFT
30799,27-May-2023,FRAUD
30800,2023-05-27,BURGLARY
30801,05/27/2023,FRAUD
30802,05/27/2023,ASSAULT
30803,27-May-2023,ASSAULT
30804,27-May-2023,ROBBERY
30805,05/27/2023,VANDALISM
30806,05/27/2023,THEFT
30807,27-May-2023,VANDALISM
30808,27-May-2023,THEFT
30809,27-May-2023,THEFT
30810,05/27/2023,ASSAULT
30811,2023-05-27,THEFT
30812,05/27/2023,FRAUD
30813,2023-05-27,VANDALISM
30814,05/27/2023,ASSAULT
30815,28-May-2023,ROBBERY
30816,2023-05-28,OTHER
30817,28-May-2023,ASSAULT
30818,05/28/2023,VANDALISM
30819,05/28/2023,ASSAULT
30820,05/28/2023,VANDALISM
30821,2023-05-28,ROBBERY
30822,05/28/2023,OTHER
30823,05/28/2023,VANDALISM
30824,05/28/2023,ROBBERY
30825,05/28/2023,OTHER
30826,28-May-2023,OTHER
30827,05/28/2023,OTHER
30828,2023-05-28,ROBBERY
30829,05/28/2023,BURGLARY
30830,28-May-2023,THEFT
30831,2023-05-28,DRUG OFFENSE
30832,28-May-2023,ASSAULT
30833,28-May-2023,ASSAULT
30834,05/28/2023,FRAUD
30835,05/28/2023,FRAUD
30836,2023-05-28,BURGLARY
30837,2023-05-28,VANDALISM
30838,05/28/2023,FRAUD
30839,28-May-2023,THEFT
30840,28-May-2023,DRUG OFFENSE
30841,28-May-2023,THEFT
30842,2023-05-28,OTHER
30843,05/28/2023,THEFT
30844,28-May-2023,FRAUD
30845,28-May-2023,OTHER
30846,2023-05-28,VANDALISM
30847,05/28/2023,ASSAULT
30848,28-May-2023,FRAUD
30849,05/28/2023,VANDALISM
30850,2023-05-28,DRUG OFFENSE
30851,2023-05-28,OTHER
30852,05/28/2023,BURGLARY
30853,28-May-2023,DRUG OFFENSE
30854,2023-05-28,VANDALISM
30855,05/28/2023,BURGLARY
30856,05/29/2023,THEFT
30857,29-May-2023,DRUG OFFENSE
30858,05/29/2023,FRAUD
30859,2023-05-29,FRAUD
30860,05/29/2023,THEFT
30861,2023-05-29,FRAUD
30862,05/29/2023,OTHER
30863,29-May-2023,ASSAULT
30864,29-May-2023,ROBBERY
30865,05/29/2023,THEFT
30866,2023-05-29,FRAUD
30867,29-May-2023,BURGLARY
30868,29-May-2023,OTHER
30869,05/29/2023,THEFT
30870,29-May-2023,VANDALISM
30871,05/29/2023,DRUG OFFENSE
30872,05/29/2023,ASSAULT
30873,2023-05-29,OTHER
30874,29-May-2023,BURGLARY
30875,29-May-2023,DRUG OFFENSE
30876,05/29/2023,VANDALISM
30877,05/29/2023,BURGLARY
30878,2023-05-29,FRAUD
30879,05/29/2023,ROBBERY
30880,05/29/2023,OTHER
30881,05/29/2023,DRUG OFFENSE
30882,2023-05-29,ROBBERY
30883,29-May-2023,OTHER
30884,2023-05-29,ASSAULT
30885,05/29/2023,ROBBERY
30886,29-May-2023,OTHER
30887,05/29/2023,THEFT
30888,05/29/2023,OTHER
30889,2023-05-29,ROBBERY
30890,29-May-2023,OTHER
30891,05/29/2023,DRUG OFFENSE
30892,29-May-2023,BURGLARY
30893,29-May-2023,DRUG OFFENSE
30894,05/29/2023,OTHER
30895,29-May-2023,OTHER
30896,05/29/2023,VANDALISM
30897,29-May-2023,THEFT
30898,29-May-2023,FRAUD
30899,30-May-2023,FRAUD
30900,2023-05-30,VANDALISM
30901,05/30/2023,ASSAULT
30902,05/30/2023,FRAUD
30903,30-May-2023,FRAUD
30904,30-May-2023,ROBBERY
30905,30-May-2023,VANDALISM
30906,05/30/2023,ROBBERY
30907,2023-05-30,FRAUD
30908,30-May-2023,ASSAULT
30909,05/30/2023,DRUG OFFENSE
30910,30-May-2023,VANDALISM
30911,2023-05-30,BURGLARY
30912,2023-05-30,VANDALISM
30913,05/30/2023,ASSAULT
30914,30-May-2023,ASSAULT
30915,2023-05-30,VANDALISM
30916,30-May-2023,DRUG OFFENSE
30917,2023-05-30,VANDALISM
30918,30-May-2023,VANDALISM
30919,2023-05-30,OTHER
30920,30-May-2023,DRUG OFFENSE
30921,30-May-2023,THEFT
30922,30-May-2023,ASSAULT
30923,05/30/2023,BURGLARY
30924,05/30/2023,THEFT
30925,05/30/2023,THEFT
30926,30-May-2023,FRAUD
30927,05/30/2023,VANDALISM
30928,05/30/2023,THEFT
30929,30-May-2023,ASSAULT
30930,05/30/2023,BURGLARY
30931,05/30/2023,DRUG OFFENSE
30932,05/30/2023,BURGLARY
30933,05/30/2023,VANDALISM
30934,30-May-2023,OTHER
30935,30-May-2023,ASSAULT
30936,05/30/2023,OTHER
30937,05/30/2023,VANDALISM
30938,2023-05-30,ROBBERY
30939,2023-05-30,ROBBERY
30940,05/30/2023,THEFT
30941,31-May-2023,VANDALISM
30942,05/31/2023,ASSAULT
30943,2023-05-31,ROBBERY
30944,05/31/2023,OTHER
30945,31-May-2023,BURGLARY
30946,31-May-2023,OTHER
30947,05/31/2023,VANDALISM
30948,05/31/2023,ROBBERY
30949,31-May-2023,ROBBERY
30950,31-May-2023,BURGLARY
30951,05/31/2023,DRUG OFFENSE
30952,2023-05-31,ROBBERY
30953,2023-05-31,BURGLARY
30954,05/31/2023,BURGLARY
30955,05/31/2023,BURGLARY
30956,2023-05-31,FRAUD
30957,05/31/2023,DRUG OFFENSE
30958,31-May-2023,THEFT
30959,05/31/2023,OTHER
30960,31-May-2023,ASSAULT
30961,05/31/2023,THEFT
30962,05/31/2023,ASSAULT
30963,05/31/2023,OTHER
30964,31-May-2023,THEFT
30965,05/31/2023,ROBBERY
30966,05/31/2023,ASSAULT
30967,31-May-2023,ASSAULT
30968,2023-05-31,VANDALISM
30969,2023-05-31,BURGLARY
30970,2023-05-31,ASSAULT
30971,2023-05-31,VANDALISM
30972,05/31/2023,OTHER
30973,2023-05-31,ASSAULT
30974,05/31/2023,DRUG OFFENSE
30975,2023-05-31,OTHER
30976,2023-05-31,THEFT
30977,2023-05-31,OTHER
30978,2023-05-31,ROBBERY
30979,31-May-2023,VANDALISM
30980,2023-05-31,VANDALISM
30981,2023-06-01,DRUG OFFENSE
30982,01-Jun-2023,ASSAULT
30983,2023-06-01,VANDALISM
30984,06/01/2023,ROBBERY
30985,01-Jun-2023,ASSAULT
30986,06/01/2023,VANDALISM
30987,06/01/2023,OTHER
30988,01-Jun-2023,DRUG OFFENSE
30989,2023-06-01,DRUG OFFENSE
30990,06/01/2023,DRUG OFFENSE
30991,06/01/2023,ROBBERY
30992,06/01/2023,OTHER
30993,06/01/2023,VANDALISM
30994,01-Jun-2023,ROBBERY
30995,01-Jun-2023,FRAUD
30996,01-Jun-2023,FRAUD
30997,2023-06-01,THEFT
30998,01-Jun-2023,ASSAULT
30999,06/01/2023,FRAUD
31000,06/01/2023,OTHER
31001,2023-06-01,ROBBERY
31002,06/01/2023,DRUG OFFENSE
31003,01-Jun-2023,VANDALISM
31004,01-Jun-2023,BURGLARY
31005,01-Jun-2023,OTHER
31006,06/01/2023,VANDALISM
31007,06/01/2023,FRAUD
31008,01-Jun-2023,FRAUD
31009,06/01/2023,ASSAULT
31010,06/01/2023,OTHER
31011,2023-06-01,VANDALISM
31012,01-Jun-2023,OTHER
31013,06/01/2023,BURGLARY
31014,06/01/2023,BURGLARY
31015,06/01/2023,ASSAULT
31016,06/01/2023,OTHER
31017,2023-06-02,ASSAULT
31018,02-Jun-2023,DRUG OFFENSE
31019,06/02/2023,BURGLARY
31020,06/02/2023,THEFT
31021,02-Jun-2023,THEFT
31022,06/02/2023,VANDALISM
31023,02-Jun-2023,DRUG OFFENSE
31024,2023-06-02,FRAUD
31025,2023-06-02,BURGLARY
31026,2023-06-02,DRUG OFFENSE
31027,06/02/2023,THEFT
31028,06/02/2023,ASSAULT
31029,06/02/2023,DRUG OFFENSE
31030,02-Jun-2023,ROBBERY
31031,06/02/2023,ROBBERY
31032,2023-06-02,FRAUD
31033,2023-06-02,VANDALISM
31034,06/02/2023,THEFT
31035,02-Jun-2023,VANDALISM
31036,02-Jun-2023,ROBBERY
31037,2023-06-02,ASSAULT
31038,06/02/2023,THEFT
31039,02-Jun-2023,ROBBERY
31040,02-Jun-2023,ASSAULT
31041,02-Jun-2023,VANDALISM
31042,06/02/2023,VANDALISM
31043,06/02/2023,BURGLARY
31044,06/02/2023,ASSAULT
31045,02-Jun-2023,BURGLARY
31046,06/02/2023,BURGLARY
31047,02-Jun-2023,ASSAULT
31048,06/02/2023,ROBBERY
31049,02-Jun-2023,ROBBERY
31050,06/02/2023,OTHER
31051,2023-06-02,OTHER
31052,02-Jun-2023,OTHER
31053,06/03/2023,VANDALISM
31054,2023-06-03,ROBBERY
31055,2023-06-03,VANDALISM
31056,2023-06-03,THEFT
31057,06/03/2023,ASSAULT
31058,2023-06-03,FRAUD
31059,2023-06-03,OTHER
31060,06/03/2023,ASSAULT
31061,03-Jun-2023,ROBBERY
31062,06/03/2023,VANDALISM
31063,2023-06-03,BURGLARY
31064,03-Jun-2023,DRUG OFFENSE
31065,2023-06-03,BURGLARY
31066,03-Jun-2023,DRUG OFFENSE
31067,03-Jun-2023,DRUG OFFENSE
31068,03-Jun-2023,THEFT
31069,03-Jun-2023,ROBBERY
31070,03-Jun-2023,ASSAULT
31071,06/03/2023,ASSAULT
31072,06/03/2023,ROBBERY
31073,06/03/2023,THEFT
31074,2023-06-03,ROBBERY
31075,2023-06-03,OTHER
31076,03-Jun-2023,FRAUD
31077,03-Jun-2023,ASSAULT
31078,06/03/2023,ROBBERY
31079,06/03/2023,OTHER
31080,06/03/2023,ASSAULT
31081,2023-06-03,ROBBERY
31082,03-Jun-2023,BURGLARY
31083,06/03/2023,ROBBERY
31084,2023-06-03,THEFT
31085,06/03/2023,OTHER
31086,2023-06-03,THEFT
31087,06/03/2023,FRAUD
31088,06/03/2023,DRUG OFFENSE
31089,2023-06-03,VANDALISM
31090,06/03/2023,OTHER
31091,2023-06-03,THEFT
31092,2023-06-03,ROBBERY
31093,06/03/2023,FRAUD
31094,03-Jun-2023,THEFT
31095,06/03/2023,ASSAULT
31096,06/03/2023,DRUG OFFENSE
31097,2023-06-03,FRAUD
31098,03-Jun-2023,DRUG OFFENSE
31099,06/03/2023,ASSAULT
31100,06/03/2023,ROBBERY
31101,03-Jun-2023,OTHER
31102,2023-06-03,ASSAULT
31103,03-Jun-2023,BURGLARY
31104,03-Jun-2023,FRAUD
31105,03-Jun-2023,DRUG OFFENSE
31106,06/03/2023,FRAUD
31107,03-Jun-2023,VANDALISM
31108,06/03/2023,DRUG OFFENSE
31109,06/03/2023,VANDALISM
31110,06/03/2023,BURGLARY
31111,2023-06-03,VANDALISM
31112,03-Jun-2023,OTHER
31113,06/03/2023,FRAUD
31114,03-Jun-2023,ROBBERY
31115,03-Jun-2023,BURGLARY
31116,06/03/2023,ROBBERY
31117,2023-06-03,BURGLARY
31118,06/03/2023,ASSAULT
31119,06/04/2023,DRUG OFFENSE
31120,2023-06-04,VANDALISM
31121,04-Jun-2023,OTHER
31122,06/04/2023,THEFT
31123,06/04/2023,ASSAULT
31124,06/04/2023,ASSAULT
31125,06/04/2023,THEFT
31126,06/04/2023,FRAUD
31127,06/04/2023,FRAUD
31128,06/04/2023,OTHER
31129,06/04/2023,ASSAULT
31130,06/04/2023,BURGLARY
31131,06/04/2023,DRUG OFFENSE
31132,06/04/2023,BURGLARY
31133,06/04/2023,BURGLARY
31134,06/04/2023,OTHER
31135,06/04/2023,OTHER
31136,06/04/2023,FRAUD
31137,04-Jun-2023,DRUG OFFENSE
31138,06/04/2023,VANDALISM
31139,04-Jun-2023,FRAUD
31140,2023-06-04,VANDALISM
31141,06/04/2023,ASSAULT
31142,2023-06-04,BURGLARY
31143,04-Jun-2023,FRAUD
31144,2023-06-04,OTHER
31145,06/04/2023,OTHER
31146,06/04/2023,BURGLARY
31147,2023-06-04,ROBBERY
31148,06/04/2023,VANDALISM
31149,2023-06-04,BURGLARY
31150,04-Jun-2023,VANDALISM
31151,06/04/2023,OTHER
31152,04-Jun-2023,BURGLARY
31153,2023-06-04,OTHER
31154,06/04/2023,ROBBERY
31155,2023-06-04,OTHER
31156,2023-06-04,ASSAULT
31157,04-Jun-2023,FRAUD
31158,06/04/2023,BURGLARY
31159,06/04/2023,FRAUD
31160,2023-06-04,FRAUD
31161,04-Jun-2023,ASSAULT
31162,2023-06-04,BURGLARY
31163,06/04/2023,THEFT
31164,06/04/2023,FRAUD
31165,04-Jun-2023,BURGLARY
31166,2023-06-04,VANDALISM
31167,04-Jun-2023,ASSAULT
31168,2023-06-04,THEFT
31169,06/05/2023,OTHER
31170,05-Jun-2023,OTHER
31171,06/05/2023,OTHER
31172,2023-06-05,OTHER
31173,06/05/2023,OTHER
31174,2023-06-05,ROBBERY
31175,2023-06-05,OTHER
31176,05-Jun-2023,OTHER
31177,2023-06-05,OTHER
31178,05-Jun-2023,VANDALISM
31179,06/05/2023,DRUG OFFENSE
31180,06/05/2023,FRAUD
31181,05-Jun-2023,THEFT
31182,06/05/2023,OTHER
31183,2023-06-05,THEFT
31184,06/05/2023,ASSAULT
31185,2023-06-05,VANDALISM
31186,06/05/2023,THEFT
31187,06/05/2023,VANDALISM
31188,06/05/2023,ROBBERY
31189,05-Jun-2023,BURGLARY
31190,05-Jun-2023,FRAUD
31191,06/05/2023,FRAUD
31192,05-Jun-2023,THEFT
31193,06/05/2023,DRUG OFFENSE
31194,05-Jun-2023,THEFT
31195,05-Jun-2023,FRAUD
31196,06/05/2023,ASSAULT
31197,05-Jun-2023,THEFT
31198,05-Jun-2023,ASSAULT
31199,06/05/2023,VANDALISM
31200,06/05/2023,THEFT
31201,2023-06-05,ROBBERY
31202,2023-06-05,ASSAULT
31203,06/05/2023,ROBBERY
31204,05-Jun-2023,FRAUD
31205,06/05/2023,OTHER
31206,05-Jun-2023,FRAUD
31207,06/05/2023,ASSAULT
31208,2023-06-05,VANDALISM
31209,06/05/2023,THEFT
31210,05-Jun-2023,FRAUD
31211,06/05/2023,FRAUD
31212,05-Jun-2023,BURGLARY
31213,06-Jun-2023,ROBBERY
31214,06-Jun-2023,FRAUD
31215,2023-06-06,THEFT
31216,06/06/2023,VANDALISM
31217,2023-06-06,OTHER
31218,06-Jun-2023,ASSAULT
31219,06/06/2023,DRUG OFFENSE
31220,2023-06-06,ASSAULT
31221,06/06/2023,ROBBERY
31222,06-Jun-2023,BURGLARY
31223,06/06/2023,BURGLARY
31224,06-Jun-2023,BURGLARY
31225,06-Jun-2023,DRUG OFFENSE
31226,2023-06-06,FRAUD
31227,06-Jun-2023,DRUG OFFENSE
31228,06/06/2023,BURGLARY
31229,06/06/2023,ASSAULT
31230,2023-06-06,FRAUD
31231,06-Jun-2023,ROBBERY
31232,06-Jun-2023,ASSAULT
31233,2023-06-06,DRUG OFFENSE
31234,06-Jun-2023,ASSAULT
31235,06/06/2023,OTHER
31236,06/06/2023,ASSAULT
31237,2023-06-06,DRUG OFFENSE
31238,06-Jun-2023,VANDALISM
31239,06/06/2023,THEFT
31240,06-Jun-2023,THEFT
31241,2023-06-06,VANDALISM
31242,06/06/2023,DRUG OFFENSE
31243,2023-06-06,ASSAULT
31244,06-Jun-2023,THEFT
31245,06/06/2023,BURGLARY
31246,2023-06-06,ROBBERY
31247,06-Jun-2023,ASSAULT
31248,06-Jun-2023,DRUG OFFENSE
31249,2023-06-06,VANDALISM
31250,06/06/2023,ROBBERY
31251,2023-06-06,THEFT
31252,06-Jun-2023,BURGLARY
31253,06/06/2023,VANDALISM
31254,06-Jun-2023,BURGLARY
31255,06-Jun-2023,BURGLARY
31256,06-Jun-2023,ASSAULT
31257,06-Jun-2023,DRUG OFFENSE
31258,06-Jun-2023,ROBBERY
31259,06-Jun-2023,OTHER
31260,06/06/2023,OTHER
31261,06/06/2023,THEFT
31262,06/06/2023,FRAUD
31263,06/07/2023,DRUG OFFENSE
31264,07-Jun-2023,BURGLARY
31265,07-Jun-2023,ASSAULT
31266,2023-06-07,DRUG OFFENSE
31267,2023-06-07,FRAUD
31268,06/07/2023,VANDALISM
31269,2023-06-07,DRUG OFFENSE
31270,06/07/2023,VANDALISM
31271,07-Jun-2023,FRAUD
31272,06/07/2023,OTHER
31273,06/07/2023,THEFT
31274,06/07/2023,OTHER
31275,06/07/2023,BURGLARY
31276,06/07/2023,THEFT
31277,2023-06-07,BURGLARY
31278,06/07/2023,OTHER
31279,07-Jun-2023,ROBBERY
31280,06/07/2023,FRAUD
31281,07-Jun-2023,OTHER
31282,07-Jun-2023,THEFT
31283,06/07/2023,FRAUD
31284,2023-06-07,DRUG OFFENSE
31285,2023-06-07,BURGLARY
31286,07-Jun-2023,ASSAULT
31287,07-Jun-2023,VANDALISM
31288,06/07/2023,ASSAULT
31289,07-Jun-2023,DRUG OFFENSE
31290,06/07/2023,OTHER
31291,2023-06-07,OTHER
31292,07-Jun-2023,THEFT
31293,07-Jun-2023,ASSAULT
31294,07-Jun-2023,ASSAULT
31295,07-Jun-2023,OTHER
31296,06/07/2023,ROBBERY
31297,07-Jun-2023,VANDALISM
31298,06/07/2023,BURGLARY
31299,2023-06-07,OTHER
31300,2023-06-07,VANDALISM
31301,07-Jun-2023,BURGLARY
31302,06/07/2023,FRAUD
31303,2023-06-07,DRUG OFFENSE
31304,06/07/2023,BURGLARY
31305,07-Jun-2023,THEFT
31306,06/07/2023,FRAUD
31307,06/07/2023,THEFT
31308,2023-06-07,ROBBERY
31309,2023-06-08,OTHER
31310,06/08/2023,FRAUD
31311,06/08/2023,BURGLARY
31312,06/08/2023,THEFT
31313,06/08/2023,FRAUD
31314,06/08/2023,DRUG OFFENSE
31315,06/08/2023,THEFT
31316,2023-06-08,FRAUD
31317,2023-06-08,DRUG OFFENSE
31318,08-Jun-2023,VANDALISM
31319,2023-06-08,OTHER
31320,06/08/2023,OTHER
31321,06/08/2023,BURGLARY
31322,08-Jun-2023,BURGLARY
31323,08-Jun-2023,BURGLARY
31324,2023-06-08,THEFT
31325,06/08/2023,THEFT
31326,08-Jun-2023,BURGLARY
31327,2023-06-08,ROBBERY
31328,08-Jun-2023,BURGLARY
31329,08-Jun-2023,BURGLARY
31330,06/08/2023,ASSAULT
31331,2023-06-08,ASSAULT
31332,06/08/2023,FRAUD
31333,2023-06-08,THEFT
31334,06/08/2023,DRUG OFFENSE
31335,06/08/2023,BURGLARY
31336,06/08/2023,DRUG OFFENSE
31337,06/08/2023,FRAUD
31338,06/08/2023,VANDALISM
31339,08-Jun-2023,BURGLARY
31340,2023-06-08,ROBBERY
31341,06/08/2023,BURGLARY
31342,06/08/2023,ASSAULT
31343,08-Jun-2023,VANDALISM
31344,06/08/2023,DRUG OFFENSE
31345,2023-06-08,VANDALISM
31346,08-Jun-2023,BURGLARY
31347,06/08/2023,VANDALISM
31348,06/08/2023,OTHER
31349,2023-06-08,OTHER
31350,06/08/2023,OTHER
31351,2023-06-08,DRUG OFFENSE
31352,08-Jun-2023,ASSAULT
31353,06/08/2023,OTHER
31354,2023-06-09,OTHER
31355,06/09/2023,OTHER
31356,06/09/2023,BURGLARY
31357,09-Jun-2023,BURGLARY
31358,2023-06-09,ROBBERY
31359,06/09/2023,ROBBERY
31360,2023-06-09,FRAUD
31361,06/09/2023,OTHER
31362,09-Jun-2023,VANDALISM
31363,06/09/2023,FRAUD
31364,2023-06-09,VANDALISM
31365,06/09/2023,FRAUD
31366,06/09/2023,BURGLARY
31367,09-Jun-2023,OTHER
31368,2023-06-09,OTHER
31369,2023-06-09,THEFT
31370,09-Jun-2023,ASSAULT
31371,06/09/2023,ASSAULT
31372,06/09/2023,THEFT
31373,09-Jun-2023,BURGLARY
31374,06/09/2023,THEFT
31375,2023-06-09,ROBBERY
31376,2023-06-09,FRAUD
31377,2023-06-09,THEFT
31378,06/09/2023,BURGLARY
31379,06/09/2023,ROBBERY
31380,06/09/2023,OTHER
31381,06/09/2023,THEFT
31382,09-Jun-2023,ASSAULT
31383,09-Jun-2023,DRUG OFFENSE
31384,09-Jun-2023,BURGLARY
31385,09-Jun-2023,ASSAULT
31386,06/09/2023,VANDALISM
31387,06/09/2023,THEFT
31388,06/09/2023,ROBBERY
31389,2023-06-09,FRAUD
31390,09-Jun-2023,DRUG OFFENSE
31391,09-Jun-2023,ROBBERY
31392,2023-06-09,DRUG OFFENSE
31393,06/09/2023,OTHER
31394,2023-06-09,ROBBERY
31395,2023-06-09,DRUG OFFENSE
31396,06/09/2023,ROBBERY
31397,06/09/2023,ASSAULT
31398,2023-06-09,THEFT
31399,09-Jun-2023,ROBBERY
31400,06/09/2023,ROBBERY
31401,06/09/2023,DRUG OFFENSE
31402,06/09/2023,THEFT
31403,06/09/2023,OTHER
31404,06/09/2023,ROBBERY
31405,09-Jun-2023,ROBBERY
31406,06/09/2023,VANDALISM
31407,09-Jun-2023,OTHER
31408,09-Jun-2023,VANDALISM
31409,2023-06-09,DRUG OFFENSE
31410,09-Jun-2023,THEFT
31411,06/09/2023,ROBBERY
31412,09-Jun-2023,ROBBERY
31413,09-Jun-2023,THEFT
31414,06/09/2023,ASSAULT
31415,06/09/2023,VANDALISM
31416,09-Jun-2023,DRUG OFFENSE
31417,2023-06-10,FRAUD
31418,2023-06-10,ASSAULT
31419,06/10/2023,BURGLARY
31420,2023-06-10,FRAUD
31421,10-Jun-2023,ROBBERY
31422,2023-06-10,THEFT
31423,10-Jun-2023,ROBBERY
31424,2023-06-10,VANDALISM
31425,06/10/2023,ROBBERY
31426,10-Jun-2023,DRUG OFFENSE
31427,06/10/2023,BURGLARY
31428,06/10/2023,THEFT
31429,10-Jun-2023,OTHER
31430,06/10/2023,ROBBERY
31431,2023-06-10,OTHER
31432,06/10/2023,ASSAULT
31433,10-Jun-2023,OTHER
31434,06/10/2023,ASSAULT
31435,06/10/2023,BURGLARY
31436,10-Jun-2023,OTHER
31437,06/10/2023,FRAUD
31438,06/10/2023,VANDALISM
31439,10-Jun-2023,ASSAULT
31440,10-Jun-2023,DRUG OFFENSE
31441,2023-06-10,ASSAULT
31442,2023-06-10,FRAUD
31443,10-Jun-2023,ASSAULT
31444,2023-06-10,VANDALISM
31445,2023-06-10,ROBBERY
31446,06/10/2023,ASSAULT
31447,06/10/2023,THEFT
31448,06/10/2023,ASSAULT
31449,2023-06-10,ASSAULT
31450,10-Jun-2023,BURGLARY
31451,06/10/2023,THEFT
31452,06/10/2023,VANDALISM
31453,2023-06-10,VANDALISM
31454,10-Jun-2023,BURGLARY
31455,06/10/2023,DRUG OFFENSE
31456,2023-06-10,DRUG OFFENSE
31457,10-Jun-2023,FRAUD
31458,10-Jun-2023,DRUG OFFENSE
31459,06/10/2023,THEFT
31460,10-Jun-2023,BURGLARY
31461,10-Jun-2023,BURGLARY
31462,10-Jun-2023,VANDALISM
31463,06/10/2023,OTHER
31464,10-Jun-2023,VANDALISM
31465,2023-06-10,THEFT
31466,06/10/2023,ASSAULT
31467,10-Jun-2023,OTHER
31468,2023-06-10,DRUG OFFENSE
31469,06/11/2023,BURGLARY
31470,2023-06-11,OTHER
31471,2023-06-11,DRUG OFFENSE
31472,11-Jun-2023,VANDALISM
31473,06/11/2023,DRUG OFFENSE
31474,2023-06-11,BURGLARY
31475,11-Jun-2023,DRUG OFFENSE
31476,06/11/2023,BURGLARY
31477,06/11/2023,ASSAULT
31478,11-Jun-2023,VANDALISM
31479,11-Jun-2023,ASSAULT
31480,11-Jun-2023,ASSAULT
31481,11-Jun-2023,BURGLARY
31482,06/11/2023,DRUG OFFENSE
31483,06/11/2023,OTHER
31484,2023-06-11,ROBBERY
31485,2023-06-11,OTHER
31486,11-Jun-2023,FRAUD
31487,06/11/2023,THEFT
31488,06/11/2023,ASSAULT
31489,06/11/2023,BURGLARY
31490,06/11/2023,VANDALISM
31491,06/11/2023,DRUG OFFENSE
31492,06/11/2023,DRUG OFFENSE
31493,06/11/2023,OTHER
31494,06/11/2023,ASSAULT
31495,2023-06-11,ROBBERY
31496,2023-06-11,VANDALISM
31497,11-Jun-2023,OTHER
31498,11-Jun-2023,ASSAULT
31499,06/11/2023,ASSAULT
31500,06/11/2023,ASSAULT
31501,06/11/2023,OTHER
31502,2023-06-11,THEFT
31503,2023-06-11,VANDALISM
31504,11-Jun-2023,ASSAULT
31505,06/11/2023,THEFT
31506,06/11/2023,THEFT
31507,2023-06-11,OTHER
31508,06/11/2023,BURGLARY
31509,06/12/2023,VANDALISM
31510,2023-06-12,FRAUD
31511,2023-06-12,THEFT
31512,2023-06-12,ROBBERY
31513,06/12/2023,DRUG OFFENSE
31514,12-Jun-2023,ASSAULT
31515,2023-06-12,ROBBERY
31516,12-Jun-2023,DRUG OFFENSE
31517,06/12/2023,ROBBERY
31518,12-Jun-2023,ASSAULT
31519,06/12/2023,ROBBERY
31520,06/12/2023,THEFT
31521,2023-06-12,THEFT
31522,06/12/2023,ASSAULT
31523,06/12/2023,BURGLARY
31524,06/12/2023,ASSAULT
31525,12-Jun-2023,THEFT
31526,06/12/2023,OTHER
31527,06/12/2023,ROBBERY
31528,2023-06-12,ASSAULT
31529,12-Jun-2023,BURGLARY
31530,06/12/2023,BURGLARY
31531,06/12/2023,THEFT
31532,2023-06-12,FRAUD
31533,2023-06-12,ROBBERY
31534,06/12/2023,THEFT
31535,2023-06-12,OTHER
31536,12-Jun-2023,OTHER
31537,2023-06-12,ROBBERY
31538,2023-06-12,THEFT
31539,12-Jun-2023,DRUG OFFENSE
31540,06/12/2023,BURGLARY
31541,12-Jun-2023,THEFT
31542,2023-06-12,BURGLARY
31543,06/12/2023,ASSAULT
31544,06/12/2023,ROBBERY
31545,2023-06-12,THEFT
31546,2023-06-12,VANDALISM
31547,12-Jun-2023,DRUG OFFENSE
31548,12-Jun-2023,BURGLARY
31549,12-Jun-2023,BURGLARY
31550,2023-06-12,ASSAULT
31551,06/12/2023,ASSAULT
31552,2023-06-12,VANDALISM
31553,2023-06-12,THEFT
31554,12-Jun-2023,ASSAULT
31555,12-Jun-2023,DRUG OFFENSE
31556,12-Jun-2023,THEFT
31557,2023-06-12,THEFT
31558,06/12/2023,ROBBERY
31559,06/12/2023,ROBBERY
31560,06/12/2023,THEFT
31561,12-Jun-2023,THEFT
31562,12-Jun-2023,VANDALISM
31563,12-Jun-2023,FRAUD
31564,12-Jun-2023,ROBBERY
31565,2023-06-12,BURGLARY
31566,06/12/2023,VANDALISM
31567,06/12/2023,BURGLARY
31568,12-Jun-2023,DRUG OFFENSE
31569,13-Jun-2023,ASSAULT
31570,13-Jun-2023,ASSAULT
31571,13-Jun-2023,FRAUD
31572,06/13/2023,THEFT
31573,06/13/2023,OTHER
31574,2023-06-13,ROBBERY
31575,06/13/2023,ROBBERY
31576,06/13/2023,ROBBERY
31577,06/13/2023,ASSAULT
31578,13-Jun-2023,BURGLARY
31579,2023-06-13,ASSAULT
31580,13-Jun-2023,BURGLARY
31581,13-Jun-2023,VANDALISM
31582,13-Jun-2023,FRAUD
31583,06/13/2023,THEFT
31584,2023-06-13,THEFT
31585,13-Jun-2023,VANDALISM
31586,2023-06-13,FRAUD
31587,13-Jun-2023,VANDALISM
31588,2023-06-13,FRAUD
31589,13-Jun-2023,BURGLARY
31590,2023-06-13,FRAUD
31591,06/13/2023,DRUG OFFENSE
31592,06/13/2023,VANDALISM
31593,06/13/2023,VANDALISM
31594,06/13/2023,OTHER
31595,06/13/2023,FRAUD
31596,06/13/2023,FRAUD
31597,13-Jun-2023,OTHER
31598,2023-06-13,DRUG OFFENSE
31599,13-Jun-2023,ASSAULT
31600,06/13/2023,FRAUD
31601,13-Jun-2023,BURGLARY
31602,06/13/2023,FRAUD
31603,13-Jun-2023,THEFT
31604,13-Jun-2023,VANDALISM
31605,06/13/2023,VANDALISM
31606,13-Jun-2023,DRUG OFFENSE
31607,13-Jun-2023,DRUG OFFENSE
31608,2023-06-13,OTHER
31609,06/13/2023,OTHER
31610,13-Jun-2023,FRAUD
31611,2023-06-13,BURGLARY
31612,2023-06-13,ROBBERY
31613,2023-06-13,ASSAULT
31614,06/13/2023,ASSAULT
31615,13-Jun-2023,BURGLARY
31616,2023-06-13,OTHER
31617,06/14/2023,FRAUD
31618,2023-06-14,OTHER
31619,14-Jun-2023,ROBBERY
31620,14-Jun-2023,ASSAULT
31621,06/14/2023,ASSAULT
31622,2023-06-14,OTHER
31623,06/14/2023,ROBBERY
31624,06/14/2023,VANDALISM
31625,06/14/2023,ROBBERY
31626,06/14/2023,VANDALISM
31627,06/14/2023,DRUG OFFENSE
31628,14-Jun-2023,ASSAULT
31629,14-Jun-2023,FRAUD
31630,2023-06-14,FRAUD
31631,06/14/2023,ASSAULT
31632,2023-06-14,ROBBERY
31633,2023-06-14,DRUG OFFENSE
31634,2023-06-14,VANDALISM
31635,14-Jun-2023,FRAUD
31636,06/14/2023,BURGLARY
31637,2023-06-14,OTHER
31638,06/14/2023,OTHER
31639,2023-06-14,BURGLARY
31640,06/14/2023,BURGLARY
31641,06/14/2023,VANDALISM
31642,06/14/2023,FRAUD
31643,2023-06-14,BURGLARY
31644,06/14/2023,BURGLARY
31645,14-Jun-2023,BURGLARY
31646,2023-06-14,DRUG OFFENSE
31647,14-Jun-2023,BURGLARY
31648,2023-06-14,VANDALISM
31649,06/14/2023,ASSAULT
31650,06/14/2023,BURGLARY
31651,2023-06-14,ROBBERY
31652,14-Jun-2023,FRAUD
31653,14-Jun-2023,THEFT
31654,2023-06-15,BURGLARY
31655,15-Jun-2023,OTHER
31656,2023-06-15,BURGLARY
31657,15-Jun-2023,FRAUD
31658,15-Jun-2023,THEFT
31659,15-Jun-2023,VANDALISM
31660,15-Jun-2023,OTHER
31661,06/15/2023,VANDALISM
31662,2023-06-15,VANDALISM
31663,15-Jun-2023,VANDALISM
31664,06/15/2023,OTHER
31665,06/15/2023,OTHER
31666,15-Jun-2023,DRUG OFFENSE
31667,15-Jun-2023,ROBBERY
31668,15-Jun-2023,OTHER
31669,06/15/2023,ROBBERY
31670,06/15/2023,OTHER
31671,2023-06-15,THEFT
31672,15-Jun-2023,OTHER
31673,15-Jun-2023,BURGLARY
31674,15-Jun-2023,OTHER
31675,06/15/2023,ROBBERY
31676,2023-06-15,THEFT
31677,06/15/2023,OTHER
31678,06/15/2023,ROBBERY
31679,15-Jun-2023,VANDALISM
31680,2023-06-15,BURGLARY
31681,15-Jun-2023,THEFT
31682,06/15/2023,BURGLARY
31683,06/15/2023,DRUG OFFENSE
31684,15-Jun-2023,ASSAULT
31685,2023-06-15,OTHER
31686,15-Jun-2023,THEFT
31687,2023-06-15,FRAUD
31688,2023-06-15,DRUG OFFENSE
31689,06/15/2023,BURGLARY
31690,06/15/2023,ROBBERY
31691,15-Jun-2023,ASSAULT
31692,2023-06-15,THEFT
31693,15-Jun-2023,THEFT
31694,15-Jun-2023,FRAUD
31695,15-Jun-2023,ROBBERY
31696,15-Jun-2023,OTHER
31697,15-Jun-2023,DRUG OFFENSE
31698,06/15/2023,THEFT
31699,16-Jun-2023,ASSAULT
31700,16-Jun-2023,ASSAULT
31701,2023-06-16,FRAUD
31702,16-Jun-2023,DRUG OFFENSE
31703,16-Jun-2023,FRAUD
31704,06/16/2023,ASSAULT
31705,06/16/2023,BURGLARY
31706,16-Jun-2023,ROBBERY
31707,16-Jun-2023,ASSAULT
31708,16-Jun-2023,DRUG OFFENSE
31709,2023-06-16,DRUG OFFENSE
31710,16-Jun-2023,DRUG OFFENSE
31711,16-Jun-2023,THEFT
31712,16-Jun-2023,THEFT
31713,2023-06-16,ASSAULT
31714,2023-06-16,DRUG OFFENSE
31715,06/16/2023,FRAUD
31716,06/16/2023,FRAUD
31717,06/16/2023,FRAUD
31718,16-Jun-2023,ASSAULT
31719,06/16/2023,ASSAULT
31720,16-Jun-2023,BURGLARY
31721,06/16/2023,THEFT
31722,16-Jun-2023,VANDALISM
31723,16-Jun-2023,OTHER
31724,06/16/2023,OTHER
31725,06/16/2023,OTHER
31726,06/16/2023,ASSAULT
31727,2023-06-16,THEFT
31728,06/16/2023,OTHER
31729,2023-06-16,THEFT
31730,16-Jun-2023,BURGLARY
31731,06/16/2023,ASSAULT
31732,06/16/2023,ROBBERY
31733,06/16/2023,DRUG OFFENSE
31734,2023-06-16,ASSAULT
31735,2023-06-16,DRUG OFFENSE
31736,06/16/2023,ASSAULT
31737,2023-06-16,THEFT
31738,06/16/2023,THEFT
31739,06/17/2023,FRAUD
31740,06/17/2023,FRAUD
31741,17-Jun-2023,BURGLARY
31742,06/17/2023,THEFT
31743,2023-06-17,OTHER
31744,17-Jun-2023,ASSAULT
31745,2023-06-17,FRAUD
31746,17-Jun-2023,OTHER
31747,06/17/2023,VANDALISM
31748,06/17/2023,BURGLARY
31749,17-Jun-2023,VANDALISM
31750,06/17/2023,VANDALISM
31751,2023-06-17,ROBBERY
31752,06/17/2023,BURGLARY
31753,2023-06-17,DRUG OFFENSE
31754,17-Jun-2023,VANDALISM
31755,2023-06-17,OTHER
31756,06/17/2023,FRAUD
31757,2023-06-17,VANDALISM
31758,17-Jun-2023,VANDALISM
31759,17-Jun-2023,BURGLARY
31760,06/17/2023,DRUG OFFENSE
31761,2023-06-17,DRUG OFFENSE
31762,17-Jun-2023,BURGLARY
31763,17-Jun-2023,ASSAULT
31764,2023-06-17,OTHER
31765,06/17/2023,ASSAULT
31766,17-Jun-2023,VANDALISM
31767,2023-06-17,OTHER
31768,2023-06-17,THEFT
31769,2023-06-17,FRAUD
31770,06/17/2023,VANDALISM
31771,06/17/2023,BURGLARY
31772,06/17/2023,ASSAULT
31773,2023-06-17,ASSAULT
31774,2023-06-18,OTHER
31775,18-Jun-2023,THEFT
31776,2023-06-18,THEFT
31777,06/18/2023,ASSAULT
31778,06/18/2023,THEFT
31779,2023-06-18,DRUG OFFENSE
31780,18-Jun-2023,ROBBERY
31781,06/18/2023,VANDALISM
31782,2023-06-18,OTHER
31783,06/18/2023,OTHER
31784,06/18/2023,FRAUD
31785,18-Jun-2023,VANDALISM
31786,2023-06-18,THEFT
31787,2023-06-18,FRAUD
31788,2023-06-18,BURGLARY
31789,06/18/2023,THEFT
31790,18-Jun-2023,ROBBERY
31791,18-Jun-2023,BURGLARY
31792,06/18/2023,ASSAULT
31793,18-Jun-2023,THEFT
31794,06/18/2023,FRAUD
31795,2023-06-18,THEFT
31796,18-Jun-2023,ROBBERY
31797,06/18/2023,DRUG OFFENSE
31798,06/18/2023,BURGLARY
31799,2023-06-18,FRAUD
31800,06/18/2023,DRUG OFFENSE
31801,06/18/2023,ROBBERY
31802,18-Jun-2023,FRAUD
31803,2023-06-18,FRAUD
31804,06/18/2023,ROBBERY
31805,06/18/2023,THEFT
31806,2023-06-18,THEFT
31807,2023-06-18,THEFT
31808,2023-06-18,THEFT
31809,18-Jun-2023,ASSAULT
31810,18-Jun-2023,ASSAULT
31811,2023-06-18,THEFT
31812,06/18/2023,DRUG OFFENSE
31813,2023-06-18,ROBBERY
31814,06/19/2023,THEFT
31815,2023-06-19,VANDALISM
31816,19-Jun-2023,FRAUD
31817,2023-06-19,THEFT
31818,2023-06-19,ROBBERY
31819,19-Jun-2023,DRUG OFFENSE
31820,06/19/2023,ASSAULT
31821,06/19/2023,THEFT
31822,06/19/2023,BURGLARY
31823,06/19/2023,BURGLARY
31824,19-Jun-2023,VANDALISM
31825,2023-06-19,OTHER
31826,2023-06-19,ASSAULT
31827,06/19/2023,ROBBERY
31828,19-Jun-2023,VANDALISM
31829,2023-06-19,ASSAULT
31830,06/19/2023,VANDALISM
31831,2023-06-19,ASSAULT
31832,06/19/2023,ASSAULT
31833,06/19/2023,ROBBERY
31834,19-Jun-2023,VANDALISM
31835,06/19/2023,VANDALISM
31836,06/19/2023,ASSAULT
31837,06/19/2023,THEFT
31838,2023-06-19,DRUG OFFENSE
31839,06/19/2023,OTHER
31840,06/19/2023,ROBBERY
31841,2023-06-19,DRUG OFFENSE
31842,2023-06-19,FRAUD
31843,06/19/2023,ROBBERY
31844,2023-06-19,ASSAULT
31845,2023-06-19,FRAUD
31846,06/19/2023,THEFT
31847,2023-06-19,VANDALISM
31848,2023-06-19,BURGLARY
31849,06/19/2023,THEFT
31850,2023-06-19,THEFT
31851,19-Jun-2023,ASSAULT
31852,19-Jun-2023,FRAUD
31853,06/19/2023,OTHER
31854,06/19/2023,THEFT
31855,06/19/2023,THEFT
31856,06/20/2023,ROBBERY
31857,06/20/2023,DRUG OFFENSE
31858,20-Jun-2023,ROBBERY
31859,06/20/2023,BURGLARY
31860,20-Jun-2023,ROBBERY
31861,06/20/2023,FRAUD
31862,20-Jun-2023,ASSAULT
31863,06/20/2023,DRUG OFFENSE
31864,2023-06-20,DRUG OFFENSE
31865,06/20/2023,THEFT
31866,06/20/2023,BURGLARY
31867,06/20/2023,ASSAULT
31868,06/20/2023,BURGLARY
31869,20-Jun-2023,OTHER
31870,06/20/2023,ASSAULT
31871,06/20/2023,BURGLARY
31872,06/20/2023,ROBBERY
31873,2023-06-20,THEFT
31874,2023-06-20,OTHER
31875,2023-06-20,DRUG OFFENSE
31876,06/20/2023,OTHER
31877,06/20/2023,OTHER
31878,2023-06-20,BURGLARY
31879,06/20/2023,DRUG OFFENSE
31880,06/20/2023,ROBBERY
31881,06/20/2023,OTHER
31882,20-Jun-2023,OTHER
31883,2023-06-20,FRAUD
31884,20-Jun-2023,FRAUD
31885,06/20/2023,OTHER
31886,06/20/2023,BURGLARY
31887,06/20/2023,ASSAULT
31888,20-Jun-2023,OTHER
31889,06/20/2023,FRAUD
31890,06/20/2023,THEFT
31891,20-Jun-2023,DRUG OFFENSE
31892,20-Jun-2023,OTHER
31893,20-Jun-2023,VANDALISM
31894,2023-06-20,BURGLARY
31895,2023-06-20,FRAUD
31896,20-Jun-2023,FRAUD
31897,06/20/2023,FRAUD
31898,06/20/2023,DRUG OFFENSE
31899,20-Jun-2023,FRAUD
31900,06/20/2023,OTHER
31901,2023-06-20,ASSAULT
31902,2023-06-20,BURGLARY
31903,20-Jun-2023,ASSAULT
31904,06/20/2023,ROBBERY
31905,06/20/2023,DRUG OFFENSE
31906,20-Jun-2023,ASSAULT
31907,06/20/2023,THEFT
31908,2023-06-20,BURGLARY
31909,2023-06-20,DRUG OFFENSE
31910,2023-06-21,ASSAULT
31911,2023-06-21,ASSAULT
31912,06/21/2023,ROBBERY
31913,2023-06-21,ASSAULT
31914,21-Jun-2023,DRUG OFFENSE
31915,06/21/2023,VANDALISM
31916,2023-06-21,THEFT
31917,21-Jun-2023,ROBBERY
31918,2023-06-21,DRUG OFFENSE
31919,21-Jun-2023,BURGLARY
31920,2023-06-21,ROBBERY
31921,06/21/2023,ASSAULT
31922,21-Jun-2023,DRUG OFFENSE
31923,21-Jun-2023,VANDALISM
31924,06/21/2023,OTHER
31925,06/21/2023,OTHER
31926,2023-06-21,BURGLARY
31927,2023-06-21,BURGLARY
31928,06/21/2023,ROBBERY
31929,21-Jun-2023,VANDALISM
31930,2023-06-21,THEFT
31931,2023-06-21,OTHER
31932,06/21/2023,DRUG OFFENSE
31933,21-Jun-2023,VANDALISM
31934,06/21/2023,OTHER
31935,06/21/2023,BURGLARY
31936,2023-06-21,VANDALISM
31937,2023-06-21,DRUG OFFENSE
31938,2023-06-21,ROBBERY
31939,21-Jun-2023,ASSAULT
31940,2023-06-21,BURGLARY
31941,2023-06-21,ASSAULT
31942,21-Jun-2023,FRAUD
31943,06/21/2023,OTHER
31944,2023-06-21,BURGLARY
31945,06/21/2023,VANDALISM
31946,06/21/2023,THEFT
31947,2023-06-21,ROBBERY
31948,06/22/2023,BURGLARY
31949,06/22/2023,OTHER
31950,22-Jun-2023,THEFT
31951,06/22/2023,THEFT
31952,22-Jun-2023,FRAUD
31953,22-Jun-2023,ROBBERY
31954,2023-06-22,OTHER
31955,06/22/2023,VANDALISM
31956,2023-06-22,OTHER
31957,2023-06-22,FRAUD
31958,06/22/2023,THEFT
31959,06/22/2023,ROBBERY
31960,06/22/2023,OTHER
31961,06/22/2023,ROBBERY
31962,06/22/2023,THEFT
31963,22-Jun-2023,BURGLARY
31964,2023-06-22,ASSAULT
31965,06/22/2023,ASSAULT
31966,2023-06-22,BURGLARY
31967,22-Jun-2023,DRUG OFFENSE
31968,06/22/2023,FRAUD
31969,06/22/2023,ASSAULT
31970,06/22/2023,ASSAULT
31971,2023-06-22,ROBBERY
31972,2023-06-22,ROBBERY
31973,06/22/2023,BURGLARY
31974,06/22/2023,BURGLARY
31975,06/22/2023,FRAUD
31976,22-Jun-2023,BURGLARY
31977,22-Jun-2023,THEFT
31978,06/22/2023,VANDALISM
31979,2023-06-22,OTHER
31980,06/22/2023,VANDALISM
31981,2023-06-22,FRAUD
31982,2023-06-22,DRUG OFFENSE
31983,2023-06-22,OTHER
31984,2023-06-22,OTHER
31985,22-Jun-2023,VANDALISM
31986,2023-06-22,VANDALISM
31987,2023-06-22,THEFT
31988,06/22/2023,ROBBERY
31989,2023-06-22,BURGLARY
31990,2023-06-22,VANDALISM
31991,22-Jun-2023,ROBBERY
31992,2023-06-22,OTHER
31993,06/23/2023,THEFT
31994,2023-06-23,OTHER
31995,23-Jun-2023,BURGLARY
31996,23-Jun-2023,ROBBERY
31997,2023-06-23,ASSAULT
31998,23-Jun-2023,ROBBERY
31999,06/23/2023,OTHER
32000,23-Jun-2023,FRAUD
32001,06/23/2023,DRUG OFFENSE
32002,2023-06-23,BURGLARY
32003,06/23/2023,ROBBERY
32004,2023-06-23,OTHER
32005,23-Jun-2023,BURGLARY
32006,2023-06-23,THEFT
32007,23-Jun-2023,BURGLARY
32008,2023-06-23,OTHER
32009,23-Jun-2023,DRUG OFFENSE
32010,23-Jun-2023,ASSAULT
32011,06/23/2023,VANDALISM
32012,23-Jun-2023,OTHER
32013,23-Jun-2023,FRAUD
32014,23-Jun-2023,ASSAULT
32015,23-Jun-2023,BURGLARY
32016,06/23/2023,ASSAULT
32017,06/23/2023,VANDALISM
32018,2023-06-23,OTHER
32019,2023-06-23,FRAUD
32020,2023-06-23,ASSAULT
32021,06/23/2023,ASSAULT
32022,2023-06-23,THEFT
32023,06/23/2023,BURGLARY
32024,2023-06-23,THEFT
32025,2023-06-23,DRUG OFFENSE
32026,2023-06-23,ASSAULT
32027,06/23/2023,ASSAULT
32028,23-Jun-2023,DRUG OFFENSE
32029,2023-06-23,VANDALISM
32030,23-Jun-2023,ROBBERY
32031,2023-06-23,FRAUD
32032,2023-06-23,DRUG OFFENSE
32033,2023-06-23,THEFT
32034,06/23/2023,ROBBERY
32035,06/23/2023,DRUG OFFENSE
32036,06/23/2023,DRUG OFFENSE
32037,06/23/2023,VANDALISM
32038,06/23/2023,OTHER
32039,23-Jun-2023,BURGLARY
32040,06/23/2023,FRAUD
32041,23-Jun-2023,VANDALISM
32042,2023-06-24,DRUG OFFENSE
32043,2023-06-24,VANDALISM
32044,06/24/2023,VANDALISM
32045,06/24/2023,FRAUD
32046,24-Jun-2023,OTHER
32047,24-Jun-2023,DRUG OFFENSE
32048,24-Jun-2023,OTHER
32049,24-Jun-2023,OTHER
32050,06/24/2023,ASSAULT
32051,2023-06-24,VANDALISM
32052,24-Jun-2023,FRAUD
32053,2023-06-24,ROBBERY
32054,24-Jun-2023,BURGLARY
32055,24-Jun-2023,FRAUD
32056,06/24/2023,BURGLARY
32057,2023-06-24,ASSAULT
32058,24-Jun-2023,FRAUD
32059,2023-06-24,OTHER
32060,24-Jun-2023,BURGLARY
32061,06/24/2023,THEFT
32062,2023-06-24,VANDALISM
32063,24-Jun-2023,OTHER
32064,24-Jun-2023,FRAUD
32065,24-Jun-2023,ROBBERY
32066,24-Jun-2023,ASSAULT
32067,06/24/2023,OTHER
32068,2023-06-24,FRAUD
32069,06/24/2023,OTHER
32070,24-Jun-2023,FRAUD
32071,06/24/2023,THEFT
32072,24-Jun-2023,VANDALISM
32073,2023-06-24,ASSAULT
32074,2023-06-24,FRAUD
32075,06/24/2023,THEFT
32076,24-Jun-2023,ROBBERY
32077,24-Jun-2023,FRAUD
32078,24-Jun-2023,THEFT
32079,06/24/2023,VANDALISM
32080,06/24/2023,BURGLARY
32081,2023-06-24,ROBBERY
32082,06/24/2023,THEFT
32083,2023-06-24,FRAUD
32084,06/24/2023,ASSAULT
32085,06/24/2023,OTHER
32086,2023-06-24,VANDALISM
32087,24-Jun-2023,OTHER
32088,06/24/2023,OTHER
32089,2023-06-24,DRUG OFFENSE
32090,2023-06-24,BURGLARY
32091,06/24/2023,VANDALISM
32092,06/24/2023,FRAUD
32093,24-Jun-2023,ROBBERY
32094,06/24/2023,BURGLARY
32095,06/24/2023,VANDALISM
32096,24-Jun-2023,VANDALISM
32097,2023-06-24,DRUG OFFENSE
32098,2023-06-24,DRUG OFFENSE
32099,2023-06-24,OTHER
32100,06/24/2023,DRUG OFFENSE
32101,2023-06-25,ASSAULT
32102,2023-06-25,ASSAULT
32103,2023-06-25,ROBBERY
32104,06/25/2023,FRAUD
32105,2023-06-25,FRAUD
32106,06/25/2023,DRUG OFFENSE
32107,25-Jun-2023,VANDALISM
32108,06/25/2023,FRAUD
32109,06/25/2023,BURGLARY
32110,2023-06-25,DRUG OFFENSE
32111,2023-06-25,OTHER
32112,2023-06-25,ROBBERY
32113,06/25/2023,FRAUD
32114,25-Jun-2023,FRAUD
32115,2023-06-25,OTHER
32116,25-Jun-2023,VANDALISM
32117,06/25/2023,THEFT
32118,25-Jun-2023,ROBBERY
32119,2023-06-25,VANDALISM
32120,2023-06-25,VANDALISM
32121,25-Jun-2023,VANDALISM
32122,25-Jun-2023,BURGLARY
32123,2023-06-25,THEFT
32124,06/25/2023,DRUG OFFENSE
32125,25-Jun-2023,OTHER
32126,06/25/2023,ASSAULT
32127,2023-06-25,FRAUD
32128,25-Jun-2023,THEFT
32129,06/25/2023,FRAUD
32130,25-Jun-2023,FRAUD
32131,06/25/2023,OTHER
32132,2023-06-25,DRUG OFFENSE
32133,2023-06-25,OTHER
32134,2023-06-25,ROBBERY
32135,2023-06-25,THEFT
32136,06/25/2023,FRAUD
32137,2023-06-25,OTHER
32138,2023-06-25,THEFT
32139,25-Jun-2023,DRUG OFFENSE
32140,2023-06-25,BURGLARY
32141,2023-06-25,OTHER
32142,06/25/2023,ROBBERY
32143,06/25/2023,ROBBERY
32144,25-Jun-2023,OTHER
32145,06/25/2023,ROBBERY
32146,26-Jun-2023,FRAUD
32147,2023-06-26,OTHER
32148,26-Jun-2023,VANDALISM
32149,26-Jun-2023,BURGLARY
32150,06/26/2023,ROBBERY
32151,06/26/2023,DRUG OFFENSE
32152,06/26/2023,DRUG OFFENSE
32153,06/26/2023,ASSAULT
32154,26-Jun-2023,OTHER
32155,2023-06-26,THEFT
32156,26-Jun-2023,ROBBERY
32157,06/26/2023,OTHER
32158,2023-06-26,ROBBERY
32159,26-Jun-2023,OTHER
32160,2023-06-26,VANDALISM
32161,26-Jun-2023,DRUG OFFENSE
32162,06/26/2023,ASSAULT
32163,06/26/2023,OTHER
32164,06/26/2023,FRAUD
32165,06/26/2023,ASSAULT
32166,26-Jun-2023,BURGLARY
32167,2023-06-26,ASSAULT
32168,26-Jun-2023,THEFT
32169,06/26/2023,VANDALISM
32170,2023-06-26,THEFT
32171,2023-06-26,OTHER
32172,26-Jun-2023,VANDALISM
32173,2023-06-26,BURGLARY
32174,26-Jun-2023,VANDALISM
32175,26-Jun-2023,ROBBERY
32176,06/26/2023,DRUG OFFENSE
32177,2023-06-26,DRUG OFFENSE
32178,2023-06-26,OTHER
32179,2023-06-26,ASSAULT
32180,26-Jun-2023,THEFT
32181,27-Jun-2023,OTHER
32182,06/27/2023,THEFT
32183,27-Jun-2023,ASSAULT
32184,06/27/2023,ROBBERY
32185,2023-06-27,BURGLARY
32186,27-Jun-2023,ROBBERY
32187,06/27/2023,DRUG OFFENSE
32188,27-Jun-2023,BURGLARY
32189,27-Jun-2023,VANDALISM
32190,2023-06-27,VANDALISM
32191,06/27/2023,VANDALISM
32192,06/27/2023,BURGLARY
32193,2023-06-27,FRAUD
32194,2023-06-27,VANDALISM
32195,2023-06-27,OTHER
32196,06/27/2023,DRUG OFFENSE
32197,2023-06-27,BURGLARY
32198,27-Jun-2023,FRAUD
32199,06/27/2023,DRUG OFFENSE
32200,06/27/2023,ASSAULT
32201,06/27/2023,ROBBERY
32202,06/27/2023,THEFT
32203,06/27/2023,BURGLARY
32204,06/27/2023,VANDALISM
32205,2023-06-27,ROBBERY
32206,06/27/2023,ASSAULT
32207,27-Jun-2023,VANDALISM
32208,27-Jun-2023,FRAUD
32209,27-Jun-2023,DRUG OFFENSE
32210,06/27/2023,DRUG OFFENSE
32211,06/27/2023,OTHER
32212,06/27/2023,VANDALISM
32213,06/27/2023,VANDALISM
32214,27-Jun-2023,OTHER
32215,2023-06-27,ASSAULT
32216,06/27/2023,ROBBERY
32217,06/27/2023,DRUG OFFENSE
32218,06/27/2023,THEFT
32219,06/27/2023,ROBBERY
32220,2023-06-27,BURGLARY
32221,2023-06-27,VANDALISM
32222,06/27/2023,ROBBERY
32223,27-Jun-2023,OTHER
32224,27-Jun-2023,OTHER
32225,2023-06-27,OTHER
32226,27-Jun-2023,VANDALISM
32227,2023-06-27,DRUG OFFENSE
32228,2023-06-27,ROBBERY
32229,06/28/2023,VANDALISM
32230,28-Jun-2023,OTHER
32231,2023-06-28,ROBBERY
32232,06/28/2023,FRAUD
32233,2023-06-28,ASSAULT
32234,06/28/2023,ROBBERY
32235,2023-06-28,VANDALISM
32236,2023-06-28,OTHER
32237,06/28/2023,DRUG OFFENSE
32238,28-Jun-2023,ROBBERY
32239,2023-06-28,BURGLARY
32240,06/28/2023,ROBBERY
32241,06/28/2023,THEFT
32242,28-Jun-2023,ROBBERY
32243,28-Jun-2023,THEFT
32244,28-Jun-2023,THEFT
32245,06/28/2023,OTHER
32246,06/28/2023,DRUG OFFENSE
32247,28-Jun-2023,THEFT
32248,06/28/2023,OTHER
32249,2023-06-28,THEFT
32250,2023-06-28,BURGLARY
32251,06/28/2023,FRAUD
32252,2023-06-28,ROBBERY
32253,28-Jun-2023,ASSAULT
32254,28-Jun-2023,BURGLARY
32255,06/28/2023,THEFT
32256,06/28/2023,ROBBERY
32257,28-Jun-2023,FRAUD
32258,2023-06-28,ROBBERY
32259,06/28/2023,FRAUD
32260,06/28/2023,OTHER
32261,2023-06-28,THEFT
32262,28-Jun-2023,ASSAULT
32263,06/28/2023,ROBBERY
32264,06/28/2023,BURGLARY
32265,28-Jun-2023,VANDALISM
32266,06/28/2023,THEFT
32267,2023-06-28,THEFT
32268,06/28/2023,FRAUD
32269,28-Jun-2023,ASSAULT
32270,28-Jun-2023,VANDALISM
32271,28-Jun-2023,VANDALISM
32272,28-Jun-2023,ASSAULT
32273,28-Jun-2023,THEFT
32274,28-Jun-2023,ROBBERY
32275,28-Jun-2023,THEFT
32276,29-Jun-2023,FRAUD
32277,29-Jun-2023,DRUG OFFENSE
32278,29-Jun-2023,BURGLARY
32279,2023-06-29,ROBBERY
32280,06/29/2023,VANDALISM
32281,29-Jun-2023,BURGLARY
32282,29-Jun-2023,ASSAULT
32283,29-Jun-2023,DRUG OFFENSE
32284,2023-06-29,ASSAULT
32285,06/29/2023,BURGLARY
32286,29-Jun-2023,THEFT
32287,29-Jun-2023,BURGLARY
32288,29-Jun-2023,FRAUD
32289,06/29/2023,BURGLARY
32290,29-Jun-2023,ROBBERY
32291,29-Jun-2023,ASSAULT
32292,29-Jun-2023,OTHER
32293,06/29/2023,ROBBERY
32294,2023-06-29,BURGLARY
32295,06/29/2023,ROBBERY
32296,2023-06-29,ROBBERY
32297,2023-06-29,ASSAULT
32298,29-Jun-2023,VANDALISM
32299,06/29/2023,BURGLARY
32300,06/29/2023,DRUG OFFENSE
32301,2023-06-29,BURGLARY
32302,2023-06-29,FRAUD
32303,06/29/2023,OTHER
32304,06/29/2023,ASSAULT
32305,29-Jun-2023,VANDALISM
32306,06/29/2023,BURGLARY
32307,06/29/2023,OTHER
32308,29-Jun-2023,BURGLARY
32309,29-Jun-2023,ASSAULT
32310,06/29/2023,BURGLARY
32311,2023-06-29,VANDALISM
32312,06/29/2023,BURGLARY
32313,29-Jun-2023,BURGLARY
32314,2023-06-29,VANDALISM
32315,06/29/2023,ASSAULT
32316,2023-06-29,BURGLARY
32317,06/29/2023,DRUG OFFENSE
32318,2023-06-29,THEFT
32319,06/29/2023,DRUG OFFENSE
32320,06/29/2023,ASSAULT
32321,2023-06-29,BURGLARY
32322,2023-06-29,DRUG OFFENSE
32323,29-Jun-2023,ROBBERY
32324,06/29/2023,BURGLARY
32325,06/30/2023,OTHER
32326,2023-06-30,THEFT
32327,06/30/2023,ASSAULT
32328,30-Jun-2023,DRUG OFFENSE
32329,2023-06-30,VANDALISM
32330,06/30/2023,DRUG OFFENSE
32331,06/30/2023,BURGLARY
32332,06/30/2023,BURGLARY
32333,2023-06-30,DRUG OFFENSE
32334,2023-06-30,VANDALISM
32335,2023-06-30,ROBBERY
32336,2023-06-30,FRAUD
32337,06/30/2023,THEFT
32338,30-Jun-2023,ROBBERY
32339,06/30/2023,DRUG OFFENSE
32340,06/30/2023,FRAUD
32341,30-Jun-2023,OTHER
32342,06/30/2023,THEFT
32343,2023-06-30,BURGLARY
32344,06/30/2023,ASSAULT
32345,06/30/2023,THEFT
32346,30-Jun-2023,ASSAULT
32347,06/30/2023,DRUG OFFENSE
32348,06/30/2023,ASSAULT
32349,30-Jun-2023,FRAUD
32350,06/30/2023,OTHER
32351,06/30/2023,ASSAULT
32352,2023-06-30,ASSAULT
32353,2023-06-30,OTHER
32354,06/30/2023,FRAUD
32355,30-Jun-2023,DRUG OFFENSE
32356,06/30/2023,BURGLARY
32357,06/30/2023,OTHER
32358,06/30/2023,ROBBERY
32359,06/30/2023,BURGLARY
32360,06/30/2023,OTHER
32361,06/30/2023,ASSAULT
32362,30-Jun-2023,OTHER
32363,07/01/2023,OTHER
32364,07/01/2023,FRAUD
32365,07/01/2023,BURGLARY
32366,2023-07-01,THEFT
32367,2023-07-01,THEFT
32368,01-Jul-2023,FRAUD
32369,2023-07-01,OTHER
32370,07/01/2023,BURGLARY
32371,07/01/2023,THEFT
32372,2023-07-01,FRAUD
32373,01-Jul-2023,THEFT
32374,2023-07-01,DRUG OFFENSE
32375,01-Jul-2023,THEFT
32376,2023-07-01,VANDALISM
32377,2023-07-01,VANDALISM
32378,01-Jul-2023,BURGLARY
32379,2023-07-01,VANDALISM
32380,2023-07-01,OTHER
32381,2023-07-01,THEFT
32382,2023-07-01,FRAUD
32383,01-Jul-2023,BURGLARY
32384,2023-07-01,ROBBERY
32385,07/01/2023,THEFT
32386,01-Jul-2023,BURGLARY
32387,01-Jul-2023,FRAUD
32388,07/01/2023,ROBBERY
32389,01-Jul-2023,FRAUD
32390,07/01/2023,OTHER
32391,07/01/2023,THEFT
32392,07/01/2023,OTHER
32393,07/01/2023,ROBBERY
32394,01-Jul-2023,ASSAULT
32395,01-Jul-2023,OTHER
32396,07/01/2023,DRUG OFFENSE
32397,2023-07-01,VANDALISM
32398,01-Jul-2023,OTHER
32399,01-Jul-2023,ROBBERY
32400,01-Jul-2023,FRAUD
32401,01-Jul-2023,VANDALISM
32402,01-Jul-2023,THEFT
32403,01-Jul-2023,OTHER
32404,01-Jul-2023,DRUG OFFENSE
32405,07/01/2023,FRAUD
32406,07/01/2023,THEFT
32407,2023-07-01,ASSAULT
32408,07/01/2023,OTHER
32409,07/01/2023,VANDALISM
32410,07/01/2023,ASSAULT
32411,07/01/2023,DRUG OFFENSE
32412,2023-07-01,FRAUD
32413,2023-07-01,FRAUD
32414,07/01/2023,DRUG OFFENSE
32415,07/01/2023,FRAUD
32416,2023-07-01,FRAUD
32417,2023-07-01,BURGLARY
32418,01-Jul-2023,ASSAULT
32419,01-Jul-2023,DRUG OFFENSE
32420,2023-07-01,OTHER
32421,01-Jul-2023,ASSAULT
32422,07/01/2023,ROBBERY
32423,01-Jul-2023,BURGLARY
32424,07/02/2023,THEFT
32425,02-Jul-2023,ASSAULT
32426,2023-07-02,OTHER
32427,07/02/2023,VANDALISM
32428,07/02/2023,ROBBERY
32429,07/02/2023,THEFT
32430,02-Jul-2023,ROBBERY
32431,02-Jul-2023,ASSAULT
32432,07/02/2023,ASSAULT
32433,2023-07-02,BURGLARY
32434,02-Jul-2023,FRAUD
32435,2023-07-02,DRUG OFFENSE
32436,2023-07-02,DRUG OFFENSE
32437,02-Jul-2023,VANDALISM
32438,02-Jul-2023,DRUG OFFENSE
32439,07/02/2023,OTHER
32440,02-Jul-2023,THEFT
32441,07/02/2023,VANDALISM
32442,2023-07-02,ASSAULT
32443,07/02/2023,ASSAULT
32444,2023-07-02,OTHER
32445,2023-07-02,FRAUD
32446,2023-07-02,OTHER
32447,07/02/2023,ASSAULT
32448,07/02/2023,ROBBERY
32449,07/02/2023,VANDALISM
32450,07/02/2023,ASSAULT
32451,2023-07-02,BURGLARY
32452,07/02/2023,DRUG OFFENSE
32453,02-Jul-2023,DRUG OFFENSE
32454,02-Jul-2023,OTHER
32455,02-Jul-2023,ROBBERY
32456,02-Jul-2023,BURGLARY
32457,02-Jul-2023,OTHER
32458,2023-07-02,THEFT
32459,07/02/2023,FRAUD
32460,07/02/2023,DRUG OFFENSE
32461,07/02/2023,ASSAULT
32462,02-Jul-2023,BURGLARY
32463,2023-07-02,DRUG OFFENSE
32464,07/02/2023,OTHER
32465,07/02/2023,VANDALISM
32466,07/02/2023,OTHER
32467,2023-07-02,ASSAULT
32468,2023-07-02,THEFT
32469,02-Jul-2023,FRAUD
32470,07/02/2023,OTHER
32471,02-Jul-2023,ROBBERY
32472,02-Jul-2023,THEFT
32473,2023-07-02,ASSAULT
32474,07/02/2023,VANDALISM
32475,02-Jul-2023,ROBBERY
32476,02-Jul-2023,VANDALISM
32477,07/02/2023,ASSAULT
32478,02-Jul-2023,ROBBERY
32479,2023-07-02,DRUG OFFENSE
32480,2023-07-02,THEFT
32481,2023-07-02,OTHER
32482,02-Jul-2023,ROBBERY
32483,02-Jul-2023,THEFT
32484,07/02/2023,OTHER
32485,2023-07-02,DRUG OFFENSE
32486,02-Jul-2023,DRUG OFFENSE
32487,07/03/2023,FRAUD
32488,2023-07-03,DRUG OFFENSE
32489,2023-07-03,THEFT
32490,2023-07-03,ROBBERY
32491,2023-07-03,OTHER
32492,07/03/2023,DRUG OFFENSE
32493,07/03/2023,BURGLARY
32494,03-Jul-2023,ASSAULT
32495,03-Jul-2023,THEFT
32496,2023-07-03,VANDALISM
32497,2023-07-03,FRAUD
32498,07/03/2023,FRAUD
32499,2023-07-03,BURGLARY
32500,07/03/2023,THEFT
32501,2023-07-03,VANDALISM
32502,03-Jul-2023,ASSAULT
32503,07/03/2023,VANDALISM
32504,2023-07-03,BURGLARY
32505,07/03/2023,FRAUD
32506,07/03/2023,ROBBERY
32507,03-Jul-2023,ASSAULT
32508,2023-07-03,DRUG OFFENSE
32509,07/03/2023,ROBBERY
32510,07/03/2023,DRUG OFFENSE
32511,03-Jul-2023,DRUG OFFENSE
32512,03-Jul-2023,VANDALISM
32513,07/03/2023,VANDALISM
32514,07/03/2023,VANDALISM
32515,2023-07-03,BURGLARY
32516,2023-07-03,ASSAULT
32517,2023-07-03,VANDALISM
32518,03-Jul-2023,OTHER
32519,2023-07-03,VANDALISM
32520,03-Jul-2023,THEFT
32521,03-Jul-2023,ROBBERY
32522,03-Jul-2023,BURGLARY
32523,07/03/2023,OTHER
32524,2023-07-03,VANDALISM
32525,2023-07-03,OTHER
32526,2023-07-03,OTHER
32527,07/03/2023,ASSAULT
32528,07/03/2023,DRUG OFFENSE
32529,03-Jul-2023,FRAUD
32530,07/03/2023,FRAUD
32531,2023-07-03,THEFT
32532,07/03/2023,OTHER
32533,07/03/2023,ASSAULT
32534,03-Jul-2023,OTHER
32535,03-Jul-2023,OTHER
32536,07/03/2023,FRAUD
32537,03-Jul-2023,FRAUD
32538,07/03/2023,ASSAULT
32539,2023-07-03,OTHER
32540,03-Jul-2023,BURGLARY
32541,03-Jul-2023,THEFT
32542,04-Jul-2023,ROBBERY
32543,04-Jul-2023,FRAUD
32544,04-Jul-2023,ROBBERY
32545,07/04/2023,DRUG OFFENSE
32546,04-Jul-2023,DRUG OFFENSE
32547,2023-07-04,FRAUD
32548,07/04/2023,THEFT
32549,04-Jul-2023,BURGLARY
32550,07/04/2023,OTHER
32551,04-Jul-2023,THEFT
32552,04-Jul-2023,ROBBERY
32553,2023-07-04,BURGLARY
32554,2023-07-04,VANDALISM
32555,04-Jul-2023,ASSAULT
32556,07/04/2023,BURGLARY
32557,04-Jul-2023,ASSAULT
32558,04-Jul-2023,BURGLARY
32559,2023-07-04,DRUG OFFENSE
32560,2023-07-04,DRUG OFFENSE
32561,07/04/2023,ROBBERY
32562,2023-07-04,OTHER
32563,07/04/2023,OTHER
32564,07/04/2023,FRAUD
32565,07/04/2023,BURGLARY
32566,2023-07-04,BURGLARY
32567,2023-07-04,ROBBERY
32568,2023-07-04,ASSAULT
32569,07/04/2023,DRUG OFFENSE
32570,2023-07-04,VANDALISM
32571,07/04/2023,ASSAULT
32572,07/04/2023,VANDALISM
32573,2023-07-04,DRUG OFFENSE
32574,2023-07-04,ASSAULT
32575,2023-07-04,BURGLARY
32576,04-Jul-2023,ROBBERY
32577,04-Jul-2023,THEFT
32578,2023-07-04,ASSAULT
32579,04-Jul-2023,BURGLARY
32580,07/04/2023,THEFT
32581,07/04/2023,ASSAULT
32582,04-Jul-2023,ROBBERY
32583,07/04/2023,THEFT
32584,2023-07-04,BURGLARY
32585,04-Jul-2023,THEFT
32586,04-Jul-2023,VANDALISM
32587,2023-07-04,THEFT
32588,2023-07-05,DRUG OFFENSE
32589,05-Jul-2023,FRAUD
32590,07/05/2023,ASSAULT
32591,2023-07-05,FRAUD
32592,05-Jul-2023,THEFT
32593,05-Jul-2023,ROBBERY
32594,07/05/2023,BURGLARY
32595,2023-07-05,DRUG OFFENSE
32596,07/05/2023,FRAUD
32597,07/05/2023,DRUG OFFENSE
32598,07/05/2023,ROBBERY
32599,07/05/2023,ASSAULT
32600,05-Jul-2023,ASSAULT
32601,05-Jul-2023,OTHER
32602,2023-07-05,VANDALISM
32603,07/05/2023,ASSAULT
32604,2023-07-05,THEFT
32605,07/05/2023,BURGLARY
32606,05-Jul-2023,ROBBERY
32607,07/05/2023,ASSAULT
32608,2023-07-05,THEFT
32609,2023-07-05,VANDALISM
32610,05-Jul-2023,DRUG OFFENSE
32611,2023-07-05,OTHER
32612,07/05/2023,ROBBERY
32613,07/05/2023,THEFT
32614,05-Jul-2023,BURGLARY
32615,2023-07-05,FRAUD
32616,07/05/2023,OTHER
32617,05-Jul-2023,FRAUD
32618,05-Jul-2023,DRUG OFFENSE
32619,07/05/2023,VANDALISM
32620,2023-07-05,OTHER
32621,07/05/2023,VANDALISM
32622,05-Jul-2023,OTHER
32623,05-Jul-2023,ASSAULT
32624,2023-07-05,OTHER
32625,05-Jul-2023,FRAUD
32626,05-Jul-2023,THEFT
32627,07/05/2023,FRAUD
32628,05-Jul-2023,FRAUD
32629,07/05/2023,ROBBERY
32630,2023-07-05,OTHER
32631,07/05/2023,FRAUD
32632,07/05/2023,ASSAULT
32633,07/05/2023,DRUG OFFENSE
32634,07/05/2023,OTHER
32635,05-Jul-2023,THEFT
32636,07/06/2023,ASSAULT
32637,06-Jul-2023,ASSAULT
32638,2023-07-06,VANDALISM
32639,06-Jul-2023,OTHER
32640,2023-07-06,THEFT
32641,2023-07-06,ASSAULT
32642,07/06/2023,BURGLARY
32643,07/06/2023,OTHER
32644,07/06/2023,BURGLARY
32645,06-Jul-2023,ROBBERY
32646,06-Jul-2023,VANDALISM
32647,07/06/2023,OTHER
32648,2023-07-06,THEFT
32649,06-Jul-2023,OTHER
32650,06-Jul-2023,DRUG OFFENSE
32651,2023-07-06,OTHER
32652,07/06/2023,THEFT
32653,2023-07-06,ASSAULT
32654,06-Jul-2023,OTHER
32655,07/06/2023,BURGLARY
32656,07/06/2023,OTHER
32657,07/06/2023,ROBBERY
32658,2023-07-06,THEFT
32659,06-Jul-2023,ASSAULT
32660,07/06/2023,THEFT
32661,06-Jul-2023,OTHER
32662,07/06/2023,BURGLARY
32663,07/06/2023,ROBBERY
32664,07/06/2023,FRAUD
32665,07/06/2023,FRAUD
32666,2023-07-06,OTHER
32667,06-Jul-2023,ASSAULT
32668,06-Jul-2023,VANDALISM
32669,2023-07-06,FRAUD
32670,2023-07-06,VANDALISM
32671,06-Jul-2023,BURGLARY
32672,2023-07-06,THEFT
32673,06-Jul-2023,THEFT
32674,07/06/2023,ASSAULT
32675,06-Jul-2023,ROBBERY
32676,07/06/2023,VANDALISM
32677,2023-07-06,THEFT
32678,06-Jul-2023,OTHER
32679,07/06/2023,ROBBERY
32680,2023-07-06,FRAUD
32681,07/06/2023,FRAUD
32682,2023-07-06,FRAUD
32683,06-Jul-2023,DRUG OFFENSE
32684,2023-07-06,ROBBERY
32685,07-Jul-2023,VANDALISM
32686,07-Jul-2023,ASSAULT
32687,07-Jul-2023,VANDALISM
32688,07/07/2023,OTHER
32689,07/07/2023,THEFT
32690,2023-07-07,OTHER
32691,07-Jul-2023,ASSAULT
32692,2023-07-07,ASSAULT
32693,07-Jul-2023,OTHER
32694,07/07/2023,BURGLARY
32695,07/07/2023,BURGLARY
32696,07/07/2023,VANDALISM
32697,2023-07-07,DRUG OFFENSE
32698,07/07/2023,BURGLARY
32699,07/07/2023,ASSAULT
32700,07/07/2023,OTHER
32701,07/07/2023,ROBBERY
32702,07/07/2023,BURGLARY
32703,2023-07-07,ASSAULT
32704,07/07/2023,OTHER
32705,07/07/2023,BURGLARY
32706,07/07/2023,FRAUD
32707,07-Jul-2023,DRUG OFFENSE
32708,07-Jul-2023,THEFT
32709,2023-07-07,DRUG OFFENSE
32710,07-Jul-2023,ROBBERY
32711,07-Jul-2023,ASSAULT
32712,2023-07-07,ASSAULT
32713,2023-07-07,ROBBERY
32714,07-Jul-2023,THEFT
32715,07/07/2023,BURGLARY
32716,07/07/2023,BURGLARY
32717,07-Jul-2023,THEFT
32718,2023-07-07,BURGLARY
32719,07/07/2023,ROBBERY
32720,2023-07-07,ASSAULT
32721,2023-07-07,DRUG OFFENSE
32722,07-Jul-2023,THEFT
32723,07/07/2023,ASSAULT
32724,2023-07-07,BURGLARY
32725,07/07/2023,FRAUD
32726,07-Jul-2023,FRAUD
32727,2023-07-07,BURGLARY
32728,07-Jul-2023,FRAUD
32729,07-Jul-2023,THEFT
32730,07/07/2023,BURGLARY
32731,07/07/2023,FRAUD
32732,07-Jul-2023,FRAUD
32733,2023-07-07,VANDALISM
32734,07/07/2023,OTHER
32735,07-Jul-2023,BURGLARY
32736,08-Jul-2023,VANDALISM
32737,08-Jul-2023,THEFT
32738,2023-07-08,THEFT
32739,07/08/2023,BURGLARY
32740,07/08/2023,DRUG OFFENSE
32741,2023-07-08,DRUG OFFENSE
32742,2023-07-08,BURGLARY
32743,07/08/2023,FRAUD
32744,07/08/2023,BURGLARY
32745,08-Jul-2023,ASSAULT
32746,07/08/2023,ASSAULT
32747,2023-07-08,VANDALISM
32748,2023-07-08,OTHER
32749,07/08/2023,ASSAULT
32750,07/08/2023,ROBBERY
32751,08-Jul-2023,FRAUD
32752,08-Jul-2023,ROBBERY
32753,08-Jul-2023,BURGLARY
32754,08-Jul-2023,FRAUD
32755,07/08/2023,FRAUD
32756,07/08/2023,BURGLARY
32757,07/08/2023,FRAUD
32758,07/08/2023,OTHER
32759,2023-07-08,OTHER
32760,07/08/2023,ASSAULT
32761,08-Jul-2023,ASSAULT
32762,2023-07-08,ROBBERY
32763,07/08/2023,DRUG OFFENSE
32764,08-Jul-2023,ASSAULT
32765,07/08/2023,OTHER
32766,08-Jul-2023,DRUG OFFENSE
32767,08-Jul-2023,DRUG OFFENSE
32768,07/08/2023,FRAUD
32769,07/08/2023,FRAUD
32770,08-Jul-2023,FRAUD
32771,07/08/2023,THEFT
32772,07/08/2023,ASSAULT
32773,2023-07-08,THEFT
32774,2023-07-08,DRUG OFFENSE
32775,2023-07-08,THEFT
32776,07/08/2023,ASSAULT
32777,08-Jul-2023,OTHER
32778,08-Jul-2023,DRUG OFFENSE
32779,07/08/2023,ASSAULT
32780,08-Jul-2023,ASSAULT
32781,07/08/2023,OTHER
32782,2023-07-08,ROBBERY
32783,2023-07-08,ROBBERY
32784,08-Jul-2023,THEFT
32785,2023-07-08,VANDALISM
32786,2023-07-08,ROBBERY
32787,2023-07-08,THEFT
32788,08-Jul-2023,BURGLARY
32789,07/08/2023,DRUG OFFENSE
32790,07/09/2023,ROBBERY
32791,07/09/2023,DRUG OFFENSE
32792,07/09/2023,ASSAULT
32793,07/09/2023,ASSAULT
32794,09-Jul-2023,DRUG OFFENSE
32795,07/09/2023,ASSAULT
32796,07/09/2023,BURGLARY
32797,2023-07-09,FRAUD
32798,07/09/2023,DRUG OFFENSE
32799,07/09/2023,DRUG OFFENSE
32800,09-Jul-2023,DRUG OFFENSE
32801,09-Jul-2023,ASSAULT
32802,09-Jul-2023,THEFT
32803,2023-07-09,VANDALISM
32804,07/09/2023,OTHER
32805,07/09/2023,VANDALISM
32806,07/09/2023,BURGLARY
32807,07/09/2023,THEFT
32808,2023-07-09,VANDALISM
32809,09-Jul-2023,OTHER
32810,07/09/2023,ASSAULT
32811,2023-07-09,ROBBERY
32812,07/09/2023,DRUG OFFENSE
32813,09-Jul-2023,ASSAULT
32814,07/09/2023,BURGLARY
32815,2023-07-09,FRAUD
32816,09-Jul-2023,ASSAULT
32817,09-Jul-2023,ASSAULT
32818,09-Jul-2023,FRAUD
32819,07/09/2023,ASSAULT
32820,2023-07-09,VANDALISM
32821,09-Jul-2023,DRUG OFFENSE
32822,07/09/2023,THEFT
32823,07/09/2023,ASSAULT
32824,2023-07-09,VANDALISM
32825,2023-07-09,OTHER
32826,2023-07-09,VANDALISM
32827,07/09/2023,BURGLARY
32828,09-Jul-2023,ROBBERY
32829,07/09/2023,ROBBERY
32830,09-Jul-2023,ROBBERY
32831,07/09/2023,ROBBERY
32832,2023-07-09,ROBBERY
32833,07/09/2023,DRUG OFFENSE
32834,2023-07-09,ROBBERY
32835,2023-07-09,THEFT
32836,09-Jul-2023,OTHER
32837,07/09/2023,OTHER
32838,07/09/2023,FRAUD
32839,2023-07-09,THEFT
32840,2023-07-09,VANDALISM
32841,07/09/2023,FRAUD
32842,09-Jul-2023,FRAUD
32843,07/09/2023,DRUG OFFENSE
32844,2023-07-09,THEFT
32845,2023-07-10,BURGLARY
32846,10-Jul-2023,THEFT
32847,10-Jul-2023,BURGLARY
32848,10-Jul-2023,OTHER
32849,2023-07-10,BURGLARY
32850,2023-07-10,ASSAULT
32851,2023-07-10,ASSAULT
32852,10-Jul-2023,DRUG OFFENSE
32853,07/10/2023,FRAUD
32854,07/10/2023,THEFT
32855,10-Jul-2023,ASSAULT
32856,2023-07-10,OTHER
32857,10-Jul-2023,VANDALISM
32858,07/10/2023,ROBBERY
32859,2023-07-10,OTHER
32860,2023-07-10,THEFT
32861,07/10/2023,THEFT
32862,07/10/2023,BURGLARY
32863,07/10/2023,VANDALISM
32864,07/10/2023,ROBBERY
32865,2023-07-10,ROBBERY
32866,2023-07-10,ASSAULT
32867,2023-07-10,OTHER
32868,10-Jul-2023,FRAUD
32869,07/10/2023,DRUG OFFENSE
32870,10-Jul-2023,ASSAULT
32871,10-Jul-2023,FRAUD
32872,2023-07-10,BURGLARY
32873,07/10/2023,ASSAULT
32874,2023-07-10,DRUG OFFENSE
32875,10-Jul-2023,FRAUD
32876,10-Jul-2023,ROBBERY
32877,07/10/2023,DRUG OFFENSE
32878,07/10/2023,BURGLARY
32879,07/10/2023,BURGLARY
32880,07/10/2023,THEFT
32881,10-Jul-2023,ROBBERY
32882,2023-07-10,VANDALISM
32883,07/10/2023,FRAUD
32884,10-Jul-2023,THEFT
32885,07/10/2023,VANDALISM
32886,07/10/2023,DRUG OFFENSE
32887,2023-07-10,FRAUD
32888,2023-07-10,ASSAULT
32889,10-Jul-2023,OTHER
32890,07/10/2023,FRAUD
32891,2023-07-10,VANDALISM
32892,07/10/2023,ROBBERY
32893,10-Jul-2023,THEFT
32894,07/10/2023,ASSAULT
32895,2023-07-10,FRAUD
32896,07/10/2023,ROBBERY
32897,07/10/2023,VANDALISM
32898,07/10/2023,ASSAULT
32899,2023-07-11,FRAUD
32900,07/11/2023,FRAUD
32901,2023-07-11,ROBBERY
32902,07/11/2023,DRUG OFFENSE
32903,11-Jul-2023,BURGLARY
32904,2023-07-11,DRUG OFFENSE
32905,2023-07-11,OTHER
32906,2023-07-11,VANDALISM
32907,07/11/2023,VANDALISM
32908,11-Jul-2023,ROBBERY
32909,11-Jul-2023,ROBBERY
32910,07/11/2023,VANDALISM
32911,07/11/2023,OTHER
32912,11-Jul-2023,BURGLARY
32913,07/11/2023,VANDALISM
32914,11-Jul-2023,FRAUD
32915,11-Jul-2023,ROBBERY
32916,07/11/2023,ROBBERY
32917,07/11/2023,ROBBERY
32918,07/11/2023,FRAUD
32919,2023-07-11,FRAUD
32920,11-Jul-2023,DRUG OFFENSE
32921,11-Jul-2023,DRUG OFFENSE
32922,07/11/2023,ROBBERY
32923,07/11/2023,DRUG OFFENSE
32924,07/11/2023,ROBBERY
32925,07/11/2023,DRUG OFFENSE
32926,07/11/2023,BURGLARY
32927,07/11/2023,OTHER
32928,07/11/2023,ROBBERY
32929,07/11/2023,ASSAULT
32930,07/11/2023,ASSAULT
32931,07/11/2023,FRAUD
32932,2023-07-11,VANDALISM
32933,2023-07-11,DRUG OFFENSE
32934,07/11/2023,BURGLARY
32935,2023-07-11,THEFT
32936,11-Jul-2023,OTHER
32937,07/11/2023,THEFT
32938,11-Jul-2023,THEFT
32939,2023-07-11,DRUG OFFENSE
32940,11-Jul-2023,DRUG OFFENSE
32941,2023-07-11,THEFT
32942,2023-07-11,BURGLARY
32943,07/11/2023,BURGLARY
32944,2023-07-11,FRAUD
32945,2023-07-11,VANDALISM
32946,07/11/2023,DRUG OFFENSE
32947,11-Jul-2023,THEFT
32948,11-Jul-2023,ROBBERY
32949,2023-07-11,THEFT
32950,2023-07-11,ASSAULT
32951,11-Jul-2023,BURGLARY
32952,07/11/2023,THEFT
32953,07/11/2023,BURGLARY
32954,07/12/2023,FRAUD
32955,07/12/2023,BURGLARY
32956,12-Jul-2023,VANDALISM
32957,2023-07-12,FRAUD
32958,07/12/2023,VANDALISM
32959,07/12/2023,THEFT
32960,07/12/2023,ROBBERY
32961,2023-07-12,BURGLARY
32962,12-Jul-2023,FRAUD
32963,12-Jul-2023,VANDALISM
32964,07/12/2023,VANDALISM
32965,12-Jul-2023,OTHER
32966,2023-07-12,VANDALISM
32967,2023-07-12,BURGLARY
32968,07/12/2023,FRAUD
32969,07/12/2023,ROBBERY
32970,12-Jul-2023,FRAUD
32971,07/12/2023,VANDALISM
32972,07/12/2023,BURGLARY
32973,07/12/2023,FRAUD
32974,2023-07-12,OTHER
32975,12-Jul-2023,DRUG OFFENSE
32976,07/12/2023,ROBBERY
32977,12-Jul-2023,FRAUD
32978,07/12/2023,DRUG OFFENSE
32979,2023-07-12,ASSAULT
32980,2023-07-12,VANDALISM
32981,2023-07-12,THEFT
32982,12-Jul-2023,VANDALISM
32983,12-Jul-2023,FRAUD
32984,07/12/2023,ASSAULT
32985,12-Jul-2023,ASSAULT
32986,12-Jul-2023,OTHER
32987,2023-07-12,ASSAULT
32988,12-Jul-2023,FRAUD
32989,2023-07-12,DRUG OFFENSE
32990,07/12/2023,ASSAULT
32991,2023-07-12,BURGLARY
32992,12-Jul-2023,FRAUD
32993,2023-07-12,BURGLARY
32994,07/12/2023,ROBBERY
32995,12-Jul-2023,BURGLARY
32996,2023-07-12,ASSAULT
32997,2023-07-12,FRAUD
32998,12-Jul-2023,ROBBERY
32999,07/12/2023,ASSAULT
33000,07/12/2023,DRUG OFFENSE
33001,2023-07-13,OTHER
33002,07/13/2023,BURGLARY
33003,07/13/2023,THEFT
33004,2023-07-13,ASSAULT
33005,07/13/2023,VANDALISM
33006,07/13/2023,VANDALISM
33007,13-Jul-2023,DRUG OFFENSE
33008,07/13/2023,ASSAULT
33009,07/13/2023,DRUG OFFENSE
33010,13-Jul-2023,ROBBERY
33011,07/13/2023,ASSAULT
33012,13-Jul-2023,OTHER
33013,2023-07-13,ASSAULT
33014,13-Jul-2023,VANDALISM
33015,13-Jul-2023,BURGLARY
33016,2023-07-13,ASSAULT
33017,13-Jul-2023,VANDALISM
33018,07/13/2023,ROBBERY
33019,2023-07-13,DRUG OFFENSE
33020,07/13/2023,DRUG OFFENSE
33021,07/13/2023,ASSAULT
33022,07/13/2023,ASSAULT
33023,2023-07-13,THEFT
33024,07/13/2023,DRUG OFFENSE
33025,13-Jul-2023,DRUG OFFENSE
33026,2023-07-13,VANDALISM
33027,07/13/2023,BURGLARY
33028,07/13/2023,BURGLARY
33029,2023-07-13,DRUG OFFENSE
33030,07/13/2023,ROBBERY
33031,07/13/2023,DRUG OFFENSE
33032,13-Jul-2023,FRAUD
33033,07/13/2023,DRUG OFFENSE
33034,07/13/2023,DRUG OFFENSE
33035,07/13/2023,DRUG OFFENSE
33036,13-Jul-2023,ROBBERY
33037,07/13/2023,FRAUD
33038,07/13/2023,ROBBERY
33039,07/13/2023,BURGLARY
33040,13-Jul-2023,ROBBERY
33041,13-Jul-2023,THEFT
33042,2023-07-13,VANDALISM
33043,13-Jul-2023,ASSAULT
33044,07/13/2023,ROBBERY
33045,07/13/2023,DRUG OFFENSE
33046,2023-07-13,BURGLARY
33047,13-Jul-2023,ASSAULT
33048,07/13/2023,DRUG OFFENSE
33049,07/13/2023,BURGLARY
33050,2023-07-13,ASSAULT
33051,13-Jul-2023,DRUG OFFENSE
33052,07/13/2023,ROBBERY
33053,2023-07-13,VANDALISM
33054,07/13/2023,BURGLARY
33055,2023-07-13,DRUG OFFENSE
33056,07/13/2023,ROBBERY
33057,07/13/2023,BURGLARY
33058,07/13/2023,THEFT
33059,13-Jul-2023,ASSAULT
33060,07/13/2023,FRAUD
33061,14-Jul-2023,THEFT
33062,14-Jul-2023,FRAUD
33063,07/14/2023,BURGLARY
33064,14-Jul-2023,FRAUD
33065,07/14/2023,ASSAULT
33066,07/14/2023,ASSAULT
33067,07/14/2023,BURGLARY
33068,07/14/2023,VANDALISM
33069,2023-07-14,ROBBERY
33070,07/14/2023,BURGLARY
33071,07/14/2023,THEFT
33072,2023-07-14,VANDALISM
33073,14-Jul-2023,VANDALISM
33074,2023-07-14,ASSAULT
33075,07/14/2023,FRAUD
33076,07/14/2023,VANDALISM
33077,07/14/2023,FRAUD
33078,2023-07-14,DRUG OFFENSE
33079,2023-07-14,FRAUD
33080,14-Jul-2023,OTHER
33081,2023-07-14,ROBBERY
33082,2023-07-14,FRAUD
33083,2023-07-14,BURGLARY
33084,2023-07-14,ROBBERY
33085,14-Jul-2023,FRAUD
33086,07/14/2023,OTHER
33087,2023-07-14,OTHER
33088,14-Jul-2023,OTHER
33089,14-Jul-2023,BURGLARY
33090,07/14/2023,BURGLARY
33091,2023-07-14,OTHER
33092,2023-07-14,THEFT
33093,07/14/2023,VANDALISM
33094,07/14/2023,ASSAULT
33095,14-Jul-2023,VANDALISM
33096,07/14/2023,VANDALISM
33097,07/14/2023,BURGLARY
33098,07/14/2023,FRAUD
33099,07/14/2023,ROBBERY
33100,07/14/2023,VANDALISM
33101,2023-07-14,DRUG OFFENSE
33102,07/14/2023,THEFT
33103,2023-07-14,OTHER
33104,07/14/2023,FRAUD
33105,2023-07-14,THEFT
33106,2023-07-14,VANDALISM
33107,07/14/2023,FRAUD
33108,2023-07-14,FRAUD
33109,2023-07-14,OTHER
33110,07/14/2023,VANDALISM
33111,07/15/2023,DRUG OFFENSE
33112,07/15/2023,FRAUD
33113,2023-07-15,ROBBERY
33114,07/15/2023,OTHER
33115,07/15/2023,ROBBERY
33116,2023-07-15,ROBBERY
33117,07/15/2023,DRUG OFFENSE
33118,2023-07-15,FRAUD
33119,2023-07-15,ASSAULT
33120,15-Jul-2023,ASSAULT
33121,07/15/2023,DRUG OFFENSE
33122,07/15/2023,ROBBERY
33123,07/15/2023,ASSAULT
33124,07/15/2023,THEFT
33125,15-Jul-2023,FRAUD
33126,2023-07-15,FRAUD
33127,15-Jul-2023,VANDALISM
33128,07/15/2023,OTHER
33129,2023-07-15,OTHER
33130,2023-07-15,DRUG OFFENSE
33131,07/15/2023,ROBBERY
33132,07/15/2023,FRAUD
33133,2023-07-15,VANDALISM
33134,07/15/2023,VANDALISM
33135,2023-07-15,ROBBERY
33136,2023-07-15,ASSAULT
33137,15-Jul-2023,DRUG OFFENSE
33138,07/15/2023,ROBBERY
33139,15-Jul-2023,VANDALISM
33140,15-Jul-2023,ROBBERY
33141,2023-07-15,DRUG OFFENSE
33142,2023-07-15,DRUG OFFENSE
33143,15-Jul-2023,ROBBERY
33144,15-Jul-2023,DRUG OFFENSE
33145,07/15/2023,ASSAULT
33146,15-Jul-2023,FRAUD
33147,07/15/2023,THEFT
33148,2023-07-15,THEFT
33149,15-Jul-2023,OTHER
33150,07/15/2023,THEFT
33151,07/15/2023,THEFT
33152,2023-07-15,THEFT
33153,15-Jul-2023,ASSAULT
33154,07/15/2023,ASSAULT
33155,07/15/2023,VANDALISM
33156,07/15/2023,THEFT
33157,2023-07-15,ASSAULT
33158,07/15/2023,BURGLARY
33159,2023-07-15,ASSAULT
33160,15-Jul-2023,BURGLARY
33161,07/15/2023,ROBBERY
33162,07/15/2023,ASSAULT
33163,07/15/2023,ROBBERY
33164,15-Jul-2023,ROBBERY
33165,07/16/2023,ASSAULT
33166,16-Jul-2023,VANDALISM
33167,07/16/2023,FRAUD
33168,07/16/2023,ASSAULT
33169,07/16/2023,OTHER
33170,2023-07-16,ASSAULT
33171,16-Jul-2023,BURGLARY
33172,07/16/2023,ROBBERY
33173,16-Jul-2023,ROBBERY
33174,16-Jul-2023,BURGLARY
33175,2023-07-16,DRUG OFFENSE
33176,2023-07-16,FRAUD
33177,07/16/2023,ASSAULT
33178,2023-07-16,FRAUD
33179,07/16/2023,BURGLARY
33180,16-Jul-2023,VANDALISM
33181,07/16/2023,FRAUD
33182,2023-07-16,DRUG OFFENSE
33183,07/16/2023,BURGLARY
33184,2023-07-16,DRUG OFFENSE
33185,16-Jul-2023,ROBBERY
33186,07/16/2023,ASSAULT
33187,07/16/2023,BURGLARY
33188,16-Jul-2023,BURGLARY
33189,07/16/2023,VANDALISM
33190,16-Jul-2023,DRUG OFFENSE
33191,2023-07-16,OTHER
33192,16-Jul-2023,OTHER
33193,16-Jul-2023,BURGLARY
33194,16-Jul-2023,ROBBERY
33195,2023-07-16,DRUG OFFENSE
33196,07/16/2023,ASSAULT
33197,16-Jul-2023,ROBBERY
33198,2023-07-16,BURGLARY
33199,16-Jul-2023,OTHER
33200,16-Jul-2023,DRUG OFFENSE
33201,07/16/2023,OTHER
33202,2023-07-16,THEFT
33203,07/16/2023,ASSAULT
33204,2023-07-16,FRAUD
33205,2023-07-16,BURGLARY
33206,07/16/2023,THEFT
33207,2023-07-16,ROBBERY
33208,07/16/2023,BURGLARY
33209,2023-07-16,BURGLARY
33210,2023-07-16,VANDALISM
33211,07/16/2023,DRUG OFFENSE
33212,07/16/2023,FRAUD
33213,07/16/2023,ROBBERY
33214,2023-07-16,ASSAULT
33215,16-Jul-2023,OTHER
33216,16-Jul-2023,VANDALISM
33217,07/16/2023,THEFT
33218,2023-07-16,ASSAULT
33219,07/16/2023,VANDALISM
33220,16-Jul-2023,VANDALISM
33221,16-Jul-2023,ASSAULT
33222,2023-07-16,FRAUD
33223,07/16/2023,ASSAULT
33224,2023-07-16,FRAUD
33225,07/16/2023,VANDALISM
33226,16-Jul-2023,OTHER
33227,07/17/2023,ROBBERY
33228,07/17/2023,ASSAULT
33229,2023-07-17,ROBBERY
33230,07/17/2023,OTHER
33231,17-Jul-2023,VANDALISM
33232,07/17/2023,ROBBERY
33233,07/17/2023,OTHER
33234,2023-07-17,FRAUD
33235,07/17/2023,ROBBERY
33236,17-Jul-2023,VANDALISM
33237,07/17/2023,FRAUD
33238,07/17/2023,DRUG OFFENSE
33239,2023-07-17,ASSAULT
33240,07/17/2023,DRUG OFFENSE
33241,2023-07-17,BURGLARY
33242,07/17/2023,ROBBERY
33243,2023-07-17,ROBBERY
33244,07/17/2023,FRAUD
33245,17-Jul-2023,DRUG OFFENSE
33246,07/17/2023,ROBBERY
33247,17-Jul-2023,VANDALISM
33248,2023-07-17,ROBBERY
33249,07/17/2023,DRUG OFFENSE
33250,07/17/2023,BURGLARY
33251,17-Jul-2023,DRUG OFFENSE
33252,2023-07-17,VANDALISM
33253,17-Jul-2023,THEFT
33254,07/17/2023,DRUG OFFENSE
33255,2023-07-17,BURGLARY
33256,17-Jul-2023,THEFT
33257,07/17/2023,FRAUD
33258,07/17/2023,THEFT
33259,17-Jul-2023,BURGLARY
33260,17-Jul-2023,FRAUD
33261,07/17/2023,BURGLARY
33262,2023-07-17,THEFT
33263,07/17/2023,THEFT
33264,07/17/2023,ASSAULT
33265,2023-07-17,DRUG OFFENSE
33266,07/17/2023,ROBBERY
33267,2023-07-17,ROBBERY
33268,2023-07-17,BURGLARY
33269,2023-07-17,VANDALISM
33270,17-Jul-2023,ROBBERY
33271,17-Jul-2023,FRAUD
33272,07/17/2023,ROBBERY
33273,18-Jul-2023,ASSAULT
33274,07/18/2023,DRUG OFFENSE
33275,18-Jul-2023,ASSAULT
33276,07/18/2023,THEFT
33277,2023-07-18,BURGLARY
33278,2023-07-18,DRUG OFFENSE
33279,18-Jul-2023,OTHER
33280,07/18/2023,BURGLARY
33281,07/18/2023,THEFT
33282,07/18/2023,THEFT
33283,2023-07-18,FRAUD
33284,2023-07-18,ASSAULT
33285,07/18/2023,BURGLARY
33286,18-Jul-2023,THEFT
33287,07/18/2023,DRUG OFFENSE
33288,18-Jul-2023,ASSAULT
33289,2023-07-18,DRUG OFFENSE
33290,2023-07-18,DRUG OFFENSE
33291,07/18/2023,FRAUD
33292,18-Jul-2023,ASSAULT
33293,2023-07-18,ROBBERY
33294,18-Jul-2023,THEFT
33295,18-Jul-2023,DRUG OFFENSE
33296,18-Jul-2023,DRUG OFFENSE
33297,18-Jul-2023,VANDALISM
33298,07/18/2023,BURGLARY
33299,07/18/2023,VANDALISM
33300,18-Jul-2023,THEFT
33301,2023-07-18,OTHER
33302,2023-07-18,OTHER
33303,18-Jul-2023,BURGLARY
33304,07/18/2023,OTHER
33305,2023-07-18,THEFT
33306,18-Jul-2023,ROBBERY
33307,2023-07-18,ASSAULT
33308,18-Jul-2023,THEFT
33309,07/18/2023,VANDALISM
33310,2023-07-18,BURGLARY
33311,18-Jul-2023,VANDALISM
33312,07/18/2023,THEFT
33313,07/18/2023,ASSAULT
33314,07/18/2023,FRAUD
33315,18-Jul-2023,OTHER
33316,07/18/2023,ASSAULT
33317,18-Jul-2023,VANDALISM
33318,2023-07-18,FRAUD
33319,07/18/2023,OTHER
33320,07/18/2023,ASSAULT
33321,07/18/2023,DRUG OFFENSE
33322,07/18/2023,OTHER
33323,2023-07-18,FRAUD
33324,2023-07-19,DRUG OFFENSE
33325,19-Jul-2023,BURGLARY
33326,07/19/2023,VANDALISM
33327,19-Jul-2023,ASSAULT
33328,07/19/2023,OTHER
33329,07/19/2023,THEFT
33330,19-Jul-2023,FRAUD
33331,19-Jul-2023,FRAUD
33332,2023-07-19,ASSAULT
33333,19-Jul-2023,THEFT
33334,19-Jul-2023,ROBBERY
33335,2023-07-19,VANDALISM
33336,2023-07-19,OTHER
33337,19-Jul-2023,DRUG OFFENSE
33338,07/19/2023,THEFT
33339,2023-07-19,ASSAULT
33340,2023-07-19,FRAUD
33341,07/19/2023,THEFT
33342,07/19/2023,FRAUD
33343,19-Jul-2023,VANDALISM
33344,19-Jul-2023,DRUG OFFENSE
33345,07/19/2023,THEFT
33346,07/19/2023,ASSAULT
33347,2023-07-19,BURGLARY
33348,07/19/2023,THEFT
33349,19-Jul-2023,FRAUD
33350,19-Jul-2023,ROBBERY
33351,2023-07-19,ROBBERY
33352,07/19/2023,THEFT
33353,2023-07-19,FRAUD
33354,2023-07-19,ROBBERY
33355,2023-07-19,ROBBERY
33356,07/19/2023,OTHER
33357,19-Jul-2023,DRUG OFFENSE
33358,2023-07-19,BURGLARY
33359,2023-07-19,VANDALISM
33360,2023-07-19,VANDALISM
33361,07/19/2023,BURGLARY
33362,19-Jul-2023,ASSAULT
33363,2023-07-19,FRAUD
33364,07/19/2023,THEFT
33365,2023-07-19,ROBBERY
33366,19-Jul-2023,THEFT
33367,2023-07-19,OTHER
33368,2023-07-19,BURGLARY
33369,2023-07-19,DRUG OFFENSE
33370,2023-07-19,ROBBERY
33371,19-Jul-2023,VANDALISM
33372,19-Jul-2023,BURGLARY
33373,19-Jul-2023,ASSAULT
33374,19-Jul-2023,ROBBERY
33375,2023-07-19,BURGLARY
33376,07/20/2023,BURGLARY
33377,07/20/2023,ROBBERY
33378,07/20/2023,ASSAULT
33379,07/20/2023,OTHER
33380,20-Jul-2023,OTHER
33381,07/20/2023,ROBBERY
33382,07/20/2023,BURGLARY
33383,07/20/2023,BURGLARY
33384,07/20/2023,ROBBERY
33385,20-Jul-2023,DRUG OFFENSE
33386,20-Jul-2023,DRUG OFFENSE
33387,20-Jul-2023,ROBBERY
33388,2023-07-20,BURGLARY
33389,2023-07-20,OTHER
33390,20-Jul-2023,FRAUD
33391,20-Jul-2023,ROBBERY
33392,07/20/2023,ROBBERY
33393,07/20/2023,FRAUD
33394,20-Jul-2023,ASSAULT
33395,2023-07-20,OTHER
33396,2023-07-20,BURGLARY
33397,20-Jul-2023,BURGLARY
33398,20-Jul-2023,BURGLARY
33399,07/20/2023,ASSAULT
33400,2023-07-20,ROBBERY
33401,20-Jul-2023,ASSAULT
33402,2023-07-20,VANDALISM
33403,07/20/2023,FRAUD
33404,2023-07-20,DRUG OFFENSE
33405,07/20/2023,ASSAULT
33406,2023-07-20,THEFT
33407,2023-07-20,BURGLARY
33408,20-Jul-2023,ASSAULT
33409,2023-07-21,FRAUD
33410,21-Jul-2023,DRUG OFFENSE
33411,07/21/2023,VANDALISM
33412,07/21/2023,THEFT
33413,07/21/2023,ROBBERY
33414,21-Jul-2023,ASSAULT
33415,07/21/2023,ASSAULT
33416,21-Jul-2023,FRAUD
33417,21-Jul-2023,ROBBERY
33418,07/21/2023,DRUG OFFENSE
33419,07/21/2023,BURGLARY
33420,2023-07-21,ROBBERY
33421,2023-07-21,ROBBERY
33422,2023-07-21,ASSAULT
33423,07/21/2023,ASSAULT
33424,2023-07-21,FRAUD
33425,07/21/2023,VANDALISM
33426,07/21/2023,ASSAULT
33427,21-Jul-2023,OTHER
33428,2023-07-21,ROBBERY
33429,2023-07-21,BURGLARY
33430,2023-07-21,ROBBERY
33431,07/21/2023,OTHER
33432,21-Jul-2023,OTHER
33433,07/21/2023,OTHER
33434,21-Jul-2023,FRAUD
33435,07/21/2023,ROBBERY
33436,07/21/2023,ROBBERY
33437,21-Jul-2023,ASSAULT
33438,21-Jul-2023,OTHER
33439,21-Jul-2023,ASSAULT
33440,2023-07-21,VANDALISM
33441,21-Jul-2023,BURGLARY
33442,21-Jul-2023,DRUG OFFENSE
33443,07/21/2023,DRUG OFFENSE
33444,2023-07-21,VANDALISM
33445,07/21/2023,OTHER
33446,2023-07-21,ROBBERY
33447,07/21/2023,OTHER
33448,07/21/2023,OTHER
33449,2023-07-21,ASSAULT
33450,2023-07-21,THEFT
33451,07/21/2023,OTHER
33452,07/21/2023,THEFT
33453,07/21/2023,OTHER
33454,07/21/2023,OTHER
33455,21-Jul-2023,OTHER
33456,07/21/2023,BURGLARY
33457,07/21/2023,VANDALISM
33458,07/21/2023,VANDALISM
33459,07/21/2023,ROBBERY
33460,2023-07-21,BURGLARY
33461,22-Jul-2023,BURGLARY
33462,22-Jul-2023,ASSAULT
33463,22-Jul-2023,THEFT
33464,22-Jul-2023,ROBBERY
33465,07/22/2023,THEFT
33466,07/22/2023,ROBBERY
33467,2023-07-22,THEFT
33468,2023-07-22,ROBBERY
33469,2023-07-22,FRAUD
33470,07/22/2023,ASSAULT
33471,22-Jul-2023,VANDALISM
33472,2023-07-22,BURGLARY
33473,22-Jul-2023,VANDALISM
33474,22-Jul-2023,DRUG OFFENSE
33475,07/22/2023,OTHER
33476,2023-07-22,THEFT
33477,22-Jul-2023,VANDALISM
33478,2023-07-22,ROBBERY
33479,07/22/2023,DRUG OFFENSE
33480,22-Jul-2023,VANDALISM
33481,07/22/2023,DRUG OFFENSE
33482,07/22/2023,ASSAULT
33483,07/22/2023,ROBBERY
33484,2023-07-22,VANDALISM
33485,07/22/2023,ASSAULT
33486,07/22/2023,ROBBERY
33487,22-Jul-2023,THEFT
33488,07/22/2023,BURGLARY
33489,2023-07-22,THEFT
33490,07/22/2023,OTHER
33491,22-Jul-2023,VANDALISM
33492,22-Jul-2023,FRAUD
33493,2023-07-22,VANDALISM
33494,07/22/2023,THEFT
33495,07/22/2023,VANDALISM
33496,22-Jul-2023,OTHER
33497,07/22/2023,BURGLARY
33498,07/22/2023,FRAUD
33499,2023-07-22,DRUG OFFENSE
33500,07/22/2023,FRAUD
33501,07/22/2023,ASSAULT
33502,22-Jul-2023,DRUG OFFENSE
33503,07/22/2023,ASSAULT
33504,22-Jul-2023,BURGLARY
33505,07/22/2023,ASSAULT
33506,07/22/2023,BURGLARY
33507,2023-07-22,FRAUD
33508,2023-07-22,OTHER
33509,07/22/2023,ROBBERY
33510,2023-07-22,DRUG OFFENSE
33511,07/22/2023,ASSAULT
33512,22-Jul-2023,FRAUD
33513,2023-07-22,VANDALISM
33514,22-Jul-2023,ROBBERY
33515,22-Jul-2023,BURGLARY
33516,2023-07-22,ASSAULT
33517,07/22/2023,VANDALISM
33518,07/22/2023,THEFT
33519,22-Jul-2023,THEFT
33520,07/22/2023,ASSAULT
33521,22-Jul-2023,VANDALISM
33522,2023-07-22,THEFT
33523,22-Jul-2023,BURGLARY
33524,07/22/2023,DRUG OFFENSE
33525,07/23/2023,FRAUD
33526,23-Jul-2023,BURGLARY
33527,07/23/2023,ASSAULT
33528,07/23/2023,BURGLARY
33529,23-Jul-2023,OTHER
33530,2023-07-23,THEFT
33531,23-Jul-2023,FRAUD
33532,2023-07-23,FRAUD
33533,07/23/2023,ASSAULT
33534,23-Jul-2023,VANDALISM
33535,2023-07-23,OTHER
33536,07/23/2023,ASSAULT
33537,07/23/2023,THEFT
33538,2023-07-23,DRUG OFFENSE
33539,07/23/2023,ASSAULT
33540,2023-07-23,OTHER
33541,2023-07-23,DRUG OFFENSE
33542,23-Jul-2023,OTHER
33543,2023-07-23,FRAUD
33544,23-Jul-2023,ROBBERY
33545,23-Jul-2023,BURGLARY
33546,23-Jul-2023,ASSAULT
33547,2023-07-23,VANDALISM
33548,2023-07-23,DRUG OFFENSE
33549,23-Jul-2023,THEFT
33550,2023-07-23,VANDALISM
33551,2023-07-23,ASSAULT
33552,07/23/2023,BURGLARY
33553,07/23/2023,ROBBERY
33554,07/23/2023,THEFT
33555,07/23/2023,FRAUD
33556,2023-07-23,THEFT
33557,23-Jul-2023,OTHER
33558,07/23/2023,ASSAULT
33559,07/23/2023,OTHER
33560,23-Jul-2023,VANDALISM
33561,23-Jul-2023,THEFT
33562,2023-07-23,FRAUD
33563,07/23/2023,FRAUD
33564,23-Jul-2023,BURGLARY
33565,07/23/2023,ASSAULT
33566,07/23/2023,THEFT
33567,2023-07-23,ASSAULT
33568,2023-07-23,DRUG OFFENSE
33569,07/23/2023,DRUG OFFENSE
33570,07/23/2023,FRAUD
33571,07/23/2023,OTHER
33572,2023-07-23,ROBBERY
33573,07/23/2023,THEFT
33574,2023-07-23,VANDALISM
33575,2023-07-23,FRAUD
33576,23-Jul-2023,OTHER
33577,23-Jul-2023,DRUG OFFENSE
33578,07/23/2023,OTHER
33579,07/23/2023,OTHER
33580,2023-07-23,VANDALISM
33581,07/24/2023,THEFT
33582,07/24/2023,OTHER
33583,2023-07-24,ROBBERY
33584,2023-07-24,FRAUD
33585,24-Jul-2023,FRAUD
33586,07/24/2023,FRAUD
33587,24-Jul-2023,OTHER
33588,24-Jul-2023,FRAUD
33589,24-Jul-2023,DRUG OFFENSE
33590,24-Jul-2023,DRUG OFFENSE
33591,2023-07-24,FRAUD
33592,07/24/2023,VANDALISM
33593,2023-07-24,FRAUD
33594,2023-07-24,VANDALISM
33595,07/24/2023,DRUG OFFENSE
33596,24-Jul-2023,ASSAULT
33597,24-Jul-2023,ROBBERY
33598,07/24/2023,DRUG OFFENSE
33599,24-Jul-2023,FRAUD
33600,07/24/2023,OTHER
33601,2023-07-24,VANDALISM
33602,24-Jul-2023,VANDALISM
33603,07/24/2023,ASSAULT
33604,07/24/2023,OTHER
33605,07/24/2023,ASSAULT
33606,07/24/2023,ASSAULT
33607,2023-07-24,DRUG OFFENSE
33608,24-Jul-2023,FRAUD
33609,07/24/2023,BURGLARY
33610,24-Jul-2023,VANDALISM
33611,07/24/2023,DRUG OFFENSE
33612,2023-07-24,ASSAULT
33613,07/24/2023,THEFT
33614,2023-07-24,OTHER
33615,07/24/2023,ROBBERY
33616,07/24/2023,VANDALISM
33617,24-Jul-2023,OTHER
33618,2023-07-24,ASSAULT
33619,2023-07-24,BURGLARY
33620,07/24/2023,ASSAULT
33621,24-Jul-2023,THEFT
33622,24-Jul-2023,ASSAULT
33623,24-Jul-2023,DRUG OFFENSE
33624,07/24/2023,OTHER
33625,24-Jul-2023,ASSAULT
33626,2023-07-24,ROBBERY
33627,24-Jul-2023,FRAUD
33628,07/24/2023,THEFT
33629,2023-07-25,ROBBERY
33630,25-Jul-2023,ASSAULT
33631,07/25/2023,ASSAULT
33632,25-Jul-2023,OTHER
33633,07/25/2023,ROBBERY
33634,07/25/2023,OTHER
33635,07/25/2023,DRUG OFFENSE
33636,07/25/2023,FRAUD
33637,2023-07-25,THEFT
33638,2023-07-25,FRAUD
33639,2023-07-25,THEFT
33640,25-Jul-2023,DRUG OFFENSE
33641,07/25/2023,VANDALISM
33642,07/25/2023,ASSAULT
33643,2023-07-25,OTHER
33644,07/25/2023,FRAUD
33645,25-Jul-2023,FRAUD
33646,07/25/2023,ASSAULT
33647,07/25/2023,VANDALISM
33648,07/25/2023,THEFT
33649,2023-07-25,DRUG OFFENSE
33650,07/25/2023,BURGLARY
33651,07/25/2023,BURGLARY
33652,2023-07-25,DRUG OFFENSE
33653,07/25/2023,BURGLARY
33654,25-Jul-2023,ROBBERY
33655,07/25/2023,ASSAULT
33656,07/25/2023,ROBBERY
33657,07/25/2023,ASSAULT
33658,07/25/2023,ASSAULT
33659,2023-07-25,DRUG OFFENSE
33660,2023-07-25,OTHER
33661,2023-07-25,BURGLARY
33662,07/25/2023,DRUG OFFENSE
33663,25-Jul-2023,FRAUD
33664,07/25/2023,VANDALISM
33665,2023-07-25,BURGLARY
33666,07/25/2023,VANDALISM
33667,2023-07-25,VANDALISM
33668,25-Jul-2023,VANDALISM
33669,25-Jul-2023,FRAUD
33670,07/25/2023,BURGLARY
33671,07/25/2023,ASSAULT
33672,2023-07-25,OTHER
33673,25-Jul-2023,ROBBERY
33674,07/25/2023,ROBBERY
33675,07/25/2023,BURGLARY
33676,07/25/2023,FRAUD
33677,2023-07-25,FRAUD
33678,2023-07-25,OTHER
33679,07/25/2023,THEFT
33680,07/25/2023,FRAUD
33681,25-Jul-2023,BURGLARY
33682,07/25/2023,DRUG OFFENSE
33683,07/25/2023,DRUG OFFENSE
33684,2023-07-25,OTHER
33685,2023-07-25,BURGLARY
33686,07/26/2023,VANDALISM
33687,26-Jul-2023,ROBBERY
33688,26-Jul-2023,ASSAULT
33689,2023-07-26,OTHER
33690,2023-07-26,ROBBERY
33691,26-Jul-2023,THEFT
33692,07/26/2023,VANDALISM
33693,07/26/2023,THEFT
33694,2023-07-26,FRAUD
33695,07/26/2023,THEFT
33696,26-Jul-2023,DRUG OFFENSE
33697,07/26/2023,BURGLARY
33698,07/26/2023,ASSAULT
33699,26-Jul-2023,VANDALISM
33700,07/26/2023,FRAUD
33701,2023-07-26,ROBBERY
33702,07/26/2023,ROBBERY
33703,26-Jul-2023,DRUG OFFENSE
33704,2023-07-26,THEFT
33705,26-Jul-2023,VANDALISM
33706,2023-07-26,DRUG OFFENSE
33707,07/26/2023,THEFT
33708,26-Jul-2023,BURGLARY
33709,26-Jul-2023,ROBBERY
33710,26-Jul-2023,THEFT
33711,2023-07-26,ROBBERY
33712,07/26/2023,THEFT
33713,2023-07-26,ASSAULT
33714,07/26/2023,DRUG OFFENSE
33715,26-Jul-2023,ROBBERY
33716,2023-07-26,OTHER
33717,07/26/2023,OTHER
33718,07/26/2023,BURGLARY
33719,2023-07-26,OTHER
33720,26-Jul-2023,VANDALISM
33721,26-Jul-2023,DRUG OFFENSE
33722,07/26/2023,OTHER
33723,26-Jul-2023,BURGLARY
33724,07/26/2023,THEFT
33725,07/26/2023,ASSAULT
33726,07/26/2023,FRAUD
33727,2023-07-26,ASSAULT
33728,07/26/2023,THEFT
33729,07/26/2023,ROBBERY
33730,07/26/2023,BURGLARY
33731,07/26/2023,FRAUD
33732,26-Jul-2023,OTHER
33733,2023-07-26,THEFT
33734,26-Jul-2023,ROBBERY
33735,2023-07-26,OTHER
33736,2023-07-26,THEFT
33737,26-Jul-2023,FRAUD
33738,07/26/2023,ASSAULT
33739,07/26/2023,THEFT
33740,2023-07-26,THEFT
33741,27-Jul-2023,BURGLARY
33742,07/27/2023,OTHER
33743,27-Jul-2023,ROBBERY
33744,2023-07-27,ASSAULT
33745,07/27/2023,OTHER
33746,07/27/2023,DRUG OFFENSE
33747,27-Jul-2023,VANDALISM
33748,27-Jul-2023,ASSAULT
33749,07/27/2023,THEFT
33750,2023-07-27,ROBBERY
33751,07/27/2023,THEFT
33752,07/27/2023,ASSAULT
33753,07/27/2023,VANDALISM
33754,07/27/2023,ASSAULT
33755,07/27/2023,VANDALISM
33756,07/27/2023,BURGLARY
33757,27-Jul-2023,OTHER
33758,2023-07-27,OTHER
33759,07/27/2023,THEFT
33760,07/27/2023,DRUG OFFENSE
33761,07/27/2023,DRUG OFFENSE
33762,2023-07-27,ASSAULT
33763,2023-07-27,ASSAULT
33764,2023-07-27,ROBBERY
33765,2023-07-27,BURGLARY
33766,07/27/2023,FRAUD
33767,2023-07-27,VANDALISM
33768,2023-07-27,VANDALISM
33769,2023-07-27,ASSAULT
33770,27-Jul-2023,ROBBERY
33771,2023-07-27,ASSAULT
33772,2023-07-27,VANDALISM
33773,07/27/2023,THEFT
33774,07/27/2023,DRUG OFFENSE
33775,07/27/2023,BURGLARY
33776,2023-07-27,ASSAULT
33777,2023-07-27,DRUG OFFENSE
33778,2023-07-27,THEFT
33779,07/27/2023,BURGLARY
33780,07/27/2023,FRAUD
33781,2023-07-27,FRAUD
33782,2023-07-27,THEFT
33783,2023-07-27,THEFT
33784,07/27/2023,FRAUD
33785,2023-07-27,OTHER
33786,27-Jul-2023,THEFT
33787,07/27/2023,DRUG OFFENSE
33788,07/27/2023,FRAUD
33789,2023-07-27,DRUG OFFENSE
33790,27-Jul-2023,THEFT
33791,2023-07-27,VANDALISM
33792,07/28/2023,VANDALISM
33793,28-Jul-2023,FRAUD
33794,2023-07-28,VANDALISM
33795,2023-07-28,FRAUD
33796,07/28/2023,ASSAULT
33797,07/28/2023,OTHER
33798,07/28/2023,BURGLARY
33799,2023-07-28,VANDALISM
33800,28-Jul-2023,VANDALISM
33801,28-Jul-2023,BURGLARY
33802,28-Jul-2023,BURGLARY
33803,2023-07-28,THEFT
33804,2023-07-28,THEFT
33805,28-Jul-2023,VANDALISM
33806,07/28/2023,FRAUD
33807,07/28/2023,THEFT
33808,2023-07-28,DRUG OFFENSE
33809,28-Jul-2023,ROBBERY
33810,07/28/2023,BURGLARY
33811,07/28/2023,FRAUD
33812,2023-07-28,FRAUD
33813,28-Jul-2023,THEFT
33814,07/28/2023,FRAUD
33815,07/28/2023,ROBBERY
33816,28-Jul-2023,ROBBERY
33817,28-Jul-2023,ROBBERY
33818,28-Jul-2023,FRAUD
33819,2023-07-28,BURGLARY
33820,28-Jul-2023,OTHER
33821,2023-07-28,DRUG OFFENSE
33822,07/28/2023,ASSAULT
33823,2023-07-28,VANDALISM
33824,07/28/2023,VANDALISM
33825,2023-07-28,DRUG OFFENSE
33826,07/28/2023,OTHER
33827,07/28/2023,THEFT
33828,28-Jul-2023,BURGLARY
33829,07/28/2023,BURGLARY
33830,07/28/2023,THEFT
33831,2023-07-28,FRAUD
33832,2023-07-28,FRAUD
33833,07/28/2023,DRUG OFFENSE
33834,07/28/2023,ROBBERY
33835,07/28/2023,BURGLARY
33836,28-Jul-2023,OTHER
33837,2023-07-29,VANDALISM
33838,2023-07-29,ASSAULT
33839,2023-07-29,THEFT
33840,2023-07-29,ROBBERY
33841,2023-07-29,OTHER
33842,07/29/2023,DRUG OFFENSE
33843,2023-07-29,FRAUD
33844,29-Jul-2023,ROBBERY
33845,07/29/2023,ROBBERY
33846,07/29/2023,ROBBERY
33847,2023-07-29,THEFT
33848,07/29/2023,ROBBERY
33849,2023-07-29,BURGLARY
33850,29-Jul-2023,ASSAULT
33851,29-Jul-2023,THEFT
33852,07/29/2023,FRAUD
33853,07/29/2023,BURGLARY
33854,29-Jul-2023,ROBBERY
33855,2023-07-29,DRUG OFFENSE
33856,07/29/2023,BURGLARY
33857,2023-07-29,VANDALISM
33858,07/29/2023,FRAUD
33859,29-Jul-2023,DRUG OFFENSE
33860,2023-07-29,OTHER
33861,07/29/2023,BURGLARY
33862,29-Jul-2023,OTHER
33863,29-Jul-2023,OTHER
33864,2023-07-29,FRAUD
33865,29-Jul-2023,VANDALISM
33866,07/29/2023,FRAUD
33867,07/29/2023,OTHER
33868,07/29/2023,OTHER
33869,2023-07-29,THEFT
33870,29-Jul-2023,VANDALISM
33871,29-Jul-2023,THEFT
33872,29-Jul-2023,OTHER
33873,07/29/2023,VANDALISM
33874,29-Jul-2023,FRAUD
33875,29-Jul-2023,VANDALISM
33876,29-Jul-2023,OTHER
33877,29-Jul-2023,ROBBERY
33878,29-Jul-2023,FRAUD
33879,2023-07-29,BURGLARY
33880,07/29/2023,ASSAULT
33881,07/29/2023,BURGLARY
33882,07/29/2023,ROBBERY
33883,2023-07-29,DRUG OFFENSE
33884,29-Jul-2023,ASSAULT
33885,07/29/2023,ROBBERY
33886,07/29/2023,OTHER
33887,2023-07-29,VANDALISM
33888,2023-07-29,THEFT
33889,2023-07-29,DRUG OFFENSE
33890,29-Jul-2023,DRUG OFFENSE
33891,07/30/2023,DRUG OFFENSE
33892,07/30/2023,FRAUD
33893,2023-07-30,DRUG OFFENSE
33894,2023-07-30,ASSAULT
33895,07/30/2023,VANDALISM
33896,30-Jul-2023,VANDALISM
33897,2023-07-30,OTHER
33898,07/30/2023,VANDALISM
33899,07/30/2023,FRAUD
33900,30-Jul-2023,BURGLARY
33901,30-Jul-2023,BURGLARY
33902,30-Jul-2023,VANDALISM
33903,2023-07-30,BURGLARY
33904,07/30/2023,OTHER
33905,30-Jul-2023,BURGLARY
33906,07/30/2023,ASSAULT
33907,07/30/2023,ASSAULT
33908,07/30/2023,ROBBERY
33909,2023-07-30,DRUG OFFENSE
33910,2023-07-30,ASSAULT
33911,07/30/2023,ROBBERY
33912,07/30/2023,OTHER
33913,30-Jul-2023,THEFT
33914,2023-07-30,ASSAULT
33915,07/30/2023,THEFT
33916,07/30/2023,DRUG OFFENSE
33917,07/30/2023,OTHER
33918,30-Jul-2023,OTHER
33919,30-Jul-2023,DRUG OFFENSE
33920,30-Jul-2023,FRAUD
33921,07/30/2023,BURGLARY
33922,07/30/2023,ASSAULT
33923,07/30/2023,DRUG OFFENSE
33924,30-Jul-2023,ROBBERY
33925,30-Jul-2023,DRUG OFFENSE
33926,30-Jul-2023,THEFT
33927,2023-07-30,THEFT
33928,07/30/2023,ASSAULT
33929,2023-07-30,OTHER
33930,30-Jul-2023,VANDALISM
33931,07/30/2023,OTHER
33932,07/30/2023,BURGLARY
33933,07/30/2023,VANDALISM
33934,30-Jul-2023,FRAUD
33935,2023-07-30,VANDALISM
33936,07/30/2023,OTHER
33937,07/30/2023,VANDALISM
33938,07/30/2023,BURGLARY
33939,07/31/2023,OTHER
33940,2023-07-31,THEFT
33941,2023-07-31,FRAUD
33942,07/31/2023,ROBBERY
33943,07/31/2023,DRUG OFFENSE
33944,2023-07-31,VANDALISM
33945,07/31/2023,FRAUD
33946,31-Jul-2023,OTHER
33947,07/31/2023,BURGLARY
33948,07/31/2023,ROBBERY
33949,07/31/2023,OTHER
33950,07/31/2023,ASSAULT
33951,2023-07-31,VANDALISM
33952,07/31/2023,ROBBERY
33953,2023-07-31,ROBBERY
33954,2023-07-31,FRAUD
33955,07/31/2023,ROBBERY
33956,2023-07-31,THEFT
33957,07/31/2023,VANDALISM
33958,07/31/2023,BURGLARY
33959,2023-07-31,VANDALISM
33960,2023-07-31,OTHER
33961,07/31/2023,VANDALISM
33962,07/31/2023,FRAUD
33963,2023-07-31,OTHER
33964,2023-07-31,DRUG OFFENSE
33965,07/31/2023,FRAUD
33966,31-Jul-2023,FRAUD
33967,2023-07-31,ROBBERY
33968,2023-07-31,OTHER
33969,2023-07-31,BURGLARY
33970,07/31/2023,VANDALISM
33971,31-Jul-2023,VANDALISM
33972,07/31/2023,ASSAULT
33973,2023-07-31,VANDALISM
33974,2023-07-31,OTHER
33975,07/31/2023,ROBBERY
33976,31-Jul-2023,THEFT
33977,2023-07-31,THEFT
33978,07/31/2023,ASSAULT
33979,31-Jul-2023,FRAUD
33980,07/31/2023,OTHER
33981,08/01/2023,VANDALISM
33982,08/01/2023,OTHER
33983,2023-08-01,ASSAULT
33984,01-Aug-2023,DRUG OFFENSE
33985,01-Aug-2023,FRAUD
33986,2023-08-01,ASSAULT
33987,2023-08-01,DRUG OFFENSE
33988,01-Aug-2023,VANDALISM
33989,01-Aug-2023,DRUG OFFENSE
33990,2023-08-01,BURGLARY
33991,08/01/2023,FRAUD
33992,01-Aug-2023,ROBBERY
33993,08/01/2023,VANDALISM
33994,2023-08-01,DRUG OFFENSE
33995,01-Aug-2023,VANDALISM
33996,08/01/2023,VANDALISM
33997,01-Aug-2023,FRAUD
33998,01-Aug-2023,THEFT
33999,08/01/2023,DRUG OFFENSE
34000,08/01/2023,ASSAULT
34001,08/01/2023,THEFT
34002,08/01/2023,ROBBERY
34003,08/01/2023,BURGLARY
34004,2023-08-01,DRUG OFFENSE
34005,01-Aug-2023,FRAUD
34006,2023-08-01,THEFT
34007,08/01/2023,THEFT
34008,08/01/2023,ROBBERY
34009,08/01/2023,VANDALISM
34010,01-Aug-2023,OTHER
34011,08/01/2023,THEFT
34012,01-Aug-2023,FRAUD
34013,08/01/2023,OTHER
34014,08/01/2023,ROBBERY
34015,08/01/2023,VANDALISM
34016,08/01/2023,THEFT
34017,01-Aug-2023,DRUG OFFENSE
34018,01-Aug-2023,ASSAULT
34019,01-Aug-2023,THEFT
34020,02-Aug-2023,VANDALISM
34021,08/02/2023,VANDALISM
34022,02-Aug-2023,ASSAULT
34023,08/02/2023,DRUG OFFENSE
34024,2023-08-02,ASSAULT
34025,08/02/2023,DRUG OFFENSE
34026,2023-08-02,FRAUD
34027,2023-08-02,THEFT
34028,08/02/2023,THEFT
34029,02-Aug-2023,DRUG OFFENSE
34030,02-Aug-2023,FRAUD
34031,2023-08-02,BURGLARY
34032,2023-08-02,ROBBERY
34033,2023-08-02,OTHER
34034,02-Aug-2023,BURGLARY
34035,2023-08-02,BURGLARY
34036,2023-08-02,BURGLARY
34037,08/02/2023,ROBBERY
34038,2023-08-02,VANDALISM
34039,08/02/2023,ROBBERY
34040,2023-08-02,OTHER
34041,2023-08-02,VANDALISM
34042,02-Aug-2023,BURGLARY
34043,08/02/2023,OTHER
34044,02-Aug-2023,VANDALISM
34045,2023-08-02,VANDALISM
34046,02-Aug-2023,DRUG OFFENSE
34047,2023-08-02,THEFT
34048,2023-08-02,VANDALISM
34049,2023-08-02,OTHER
34050,08/02/2023,DRUG OFFENSE
34051,2023-08-02,THEFT
34052,08/02/2023,ASSAULT
34053,08/02/2023,OTHER
34054,2023-08-02,THEFT
34055,08/02/2023,DRUG OFFENSE
34056,2023-08-02,FRAUD
34057,2023-08-02,OTHER
34058,02-Aug-2023,OTHER
34059,02-Aug-2023,FRAUD
34060,2023-08-02,FRAUD
34061,02-Aug-2023,ASSAULT
34062,02-Aug-2023,ROBBERY
34063,02-Aug-2023,ASSAULT
34064,2023-08-02,DRUG OFFENSE
34065,02-Aug-2023,FRAUD
34066,2023-08-02,OTHER
34067,2023-08-02,ASSAULT
34068,02-Aug-2023,FRAUD
34069,08/02/2023,THEFT
34070,2023-08-02,FRAUD
34071,2023-08-02,OTHER
34072,08/03/2023,THEFT
34073,2023-08-03,VANDALISM
34074,08/03/2023,ASSAULT
34075,03-Aug-2023,DRUG OFFENSE
34076,03-Aug-2023,THEFT
34077,08/03/2023,BURGLARY
34078,08/03/2023,VANDALISM
34079,2023-08-03,BURGLARY
34080,2023-08-03,DRUG OFFENSE
34081,2023-08-03,FRAUD
34082,08/03/2023,DRUG OFFENSE
34083,08/03/2023,VANDALISM
34084,03-Aug-2023,BURGLARY
34085,03-Aug-2023,THEFT
34086,08/03/2023,ASSAULT
34087,03-Aug-2023,BURGLARY
34088,03-Aug-2023,THEFT
34089,2023-08-03,THEFT
34090,2023-08-03,DRUG OFFENSE
34091,2023-08-03,THEFT
34092,08/03/2023,ROBBERY
34093,2023-08-03,ROBBERY
34094,03-Aug-2023,ASSAULT
34095,08/03/2023,THEFT
34096,08/03/2023,THEFT
34097,08/03/2023,ASSAULT
34098,03-Aug-2023,OTHER
34099,03-Aug-2023,OTHER
34100,03-Aug-2023,FRAUD
34101,2023-08-03,THEFT
34102,04-Aug-2023,FRAUD
34103,08/04/2023,FRAUD
34104,08/04/2023,OTHER
34105,08/04/2023,ASSAULT
34106,2023-08-04,ROBBERY
34107,2023-08-04,ASSAULT
34108,08/04/2023,THEFT
34109,2023-08-04,THEFT
34110,08/04/2023,THEFT
34111,08/04/2023,OTHER
34112,04-Aug-2023,FRAUD
34113,04-Aug-2023,VANDALISM
34114,08/04/2023,ASSAULT
34115,2023-08-04,OTHER
34116,2023-08-04,THEFT
34117,08/04/2023,BURGLARY
34118,04-Aug-2023,BURGLARY
34119,08/04/2023,BURGLARY
34120,04-Aug-2023,ROBBERY
34121,04-Aug-2023,ROBBERY
34122,2023-08-04,ASSAULT
34123,08/04/2023,OTHER
34124,08/04/2023,ASSAULT
34125,08/04/2023,DRUG OFFENSE
34126,04-Aug-2023,ROBBERY
34127,04-Aug-2023,BURGLARY
34128,04-Aug-2023,FRAUD
34129,2023-08-04,OTHER
34130,2023-08-04,OTHER
34131,08/04/2023,ASSAULT
34132,2023-08-04,ROBBERY
34133,04-Aug-2023,THEFT
34134,2023-08-04,DRUG OFFENSE
34135,04-Aug-2023,VANDALISM
34136,04-Aug-2023,BURGLARY
34137,08/04/2023,FRAUD
34138,04-Aug-2023,OTHER
34139,08/04/2023,FRAUD
34140,08/04/2023,ROBBERY
34141,04-Aug-2023,OTHER
34142,08/04/2023,BURGLARY
34143,08/04/2023,DRUG OFFENSE
34144,08/04/2023,DRUG OFFENSE
34145,04-Aug-2023,BURGLARY
34146,08/04/2023,ROBBERY
34147,08/04/2023,THEFT
34148,08/04/2023,ROBBERY
34149,08/04/2023,THEFT
34150,2023-08-04,BURGLARY
34151,05-Aug-2023,ASSAULT
34152,2023-08-05,THEFT
34153,08/05/2023,DRUG OFFENSE
34154,05-Aug-2023,THEFT
34155,2023-08-05,THEFT
34156,2023-08-05,OTHER
34157,08/05/2023,BURGLARY
34158,05-Aug-2023,OTHER
34159,2023-08-05,DRUG OFFENSE
34160,08/05/2023,BURGLARY
34161,05-Aug-2023,OTHER
34162,05-Aug-2023,OTHER
34163,05-Aug-2023,VANDALISM
34164,08/05/2023,OTHER
34165,08/05/2023,BURGLARY
34166,08/05/2023,DRUG OFFENSE
34167,05-Aug-2023,ROBBERY
34168,2023-08-05,ROBBERY
34169,08/05/2023,ASSAULT
34170,08/05/2023,BURGLARY
34171,2023-08-05,OTHER
34172,2023-08-05,BURGLARY
34173,2023-08-05,VANDALISM
34174,08/05/2023,DRUG OFFENSE
34175,2023-08-05,DRUG OFFENSE
34176,08/05/2023,FRAUD
34177,05-Aug-2023,FRAUD
34178,2023-08-05,OTHER
34179,2023-08-05,BURGLARY
34180,05-Aug-2023,OTHER
34181,08/05/2023,ASSAULT
34182,05-Aug-2023,ASSAULT
34183,05-Aug-2023,THEFT
34184,05-Aug-2023,ASSAULT
34185,05-Aug-2023,OTHER
34186,08/05/2023,OTHER
34187,08/05/2023,FRAUD
34188,08/05/2023,FRAUD
34189,05-Aug-2023,OTHER
34190,05-Aug-2023,VANDALISM
34191,08/05/2023,ROBBERY
34192,08/05/2023,DRUG OFFENSE
34193,2023-08-05,FRAUD
34194,05-Aug-2023,DRUG OFFENSE
34195,2023-08-05,BURGLARY
34196,2023-08-05,THEFT
34197,05-Aug-2023,ASSAULT
34198,2023-08-05,VANDALISM
34199,08/05/2023,ASSAULT
34200,05-Aug-2023,THEFT
34201,2023-08-05,THEFT
34202,06-Aug-2023,ASSAULT
34203,06-Aug-2023,OTHER
34204,08/06/2023,VANDALISM
34205,08/06/2023,ASSAULT
34206,08/06/2023,THEFT
34207,08/06/2023,THEFT
34208,08/06/2023,THEFT
34209,2023-08-06,BURGLARY
34210,08/06/2023,DRUG OFFENSE
34211,08/06/2023,DRUG OFFENSE
34212,06-Aug-2023,BURGLARY
34213,2023-08-06,OTHER
34214,06-Aug-2023,OTHER
34215,2023-08-06,FRAUD
34216,06-Aug-2023,FRAUD
34217,06-Aug-2023,FRAUD
34218,06-Aug-2023,ROBBERY
34219,08/06/2023,FRAUD
34220,06-Aug-2023,VANDALISM
34221,08/06/2023,ASSAULT
34222,06-Aug-2023,ROBBERY
34223,2023-08-06,OTHER
34224,08/06/2023,ROBBERY
34225,06-Aug-2023,THEFT
34226,08/06/2023,ASSAULT
34227,08/06/2023,THEFT
34228,08/06/2023,ASSAULT
34229,08/06/2023,ROBBERY
34230,06-Aug-2023,ASSAULT
34231,2023-08-06,FRAUD
34232,06-Aug-2023,OTHER
34233,2023-08-06,THEFT
34234,08/06/2023,FRAUD
34235,2023-08-06,FRAUD
34236,06-Aug-2023,ROBBERY
34237,2023-08-06,THEFT
34238,08/06/2023,BURGLARY
34239,08/06/2023,ASSAULT
34240,08/06/2023,DRUG OFFENSE
34241,08/06/2023,ASSAULT
34242,08/06/2023,DRUG OFFENSE
34243,08/06/2023,VANDALISM
34244,06-Aug-2023,VANDALISM
34245,2023-08-06,DRUG OFFENSE
34246,2023-08-06,THEFT
34247,06-Aug-2023,VANDALISM
34248,08/06/2023,ROBBERY
34249,08/06/2023,OTHER
34250,06-Aug-2023,DRUG OFFENSE
34251,2023-08-06,OTHER
34252,08/06/2023,THEFT
34253,06-Aug-2023,BURGLARY
34254,2023-08-06,FRAUD
34255,08/06/2023,DRUG OFFENSE
34256,08/06/2023,DRUG OFFENSE
34257,2023-08-07,ROBBERY
34258,07-Aug-2023,BURGLARY
34259,07-Aug-2023,OTHER
34260,08/07/2023,ROBBERY
34261,08/07/2023,ROBBERY
34262,08/07/2023,ASSAULT
34263,2023-08-07,VANDALISM
34264,07-Aug-2023,ROBBERY
34265,2023-08-07,DRUG OFFENSE
34266,2023-08-07,ASSAULT
34267,08/07/2023,ROBBERY
34268,07-Aug-2023,BURGLARY
34269,2023-08-07,BURGLARY
34270,08/07/2023,OTHER
34271,07-Aug-2023,BURGLARY
34272,07-Aug-2023,BURGLARY
34273,07-Aug-2023,ROBBERY
34274,08/07/2023,THEFT
34275,2023-08-07,VANDALISM
34276,07-Aug-2023,VANDALISM
34277,2023-08-07,BURGLARY
34278,07-Aug-2023,BURGLARY
34279,07-Aug-2023,VANDALISM
34280,2023-08-07,THEFT
34281,08/07/2023,BURGLARY
34282,07-Aug-2023,OTHER
34283,08/07/2023,VANDALISM
34284,08/07/2023,BURGLARY
34285,08/07/2023,DRUG OFFENSE
34286,08/07/2023,ASSAULT
34287,07-Aug-2023,THEFT
34288,08/07/2023,ASSAULT
34289,2023-08-07,ROBBERY
34290,2023-08-07,BURGLARY
34291,2023-08-07,VANDALISM
34292,08/07/2023,FRAUD
34293,2023-08-07,ASSAULT
34294,08/07/2023,DRUG OFFENSE
34295,2023-08-07,OTHER
34296,07-Aug-2023,FRAUD
34297,08/07/2023,FRAUD
34298,07-Aug-2023,FRAUD
34299,08/08/2023,BURGLARY
34300,2023-08-08,ROBBERY
34301,08-Aug-2023,OTHER
34302,08/08/2023,DRUG OFFENSE
34303,2023-08-08,DRUG OFFENSE
34304,08-Aug-2023,ROBBERY
34305,08-Aug-2023,THEFT
34306,08-Aug-2023,BURGLARY
34307,2023-08-08,DRUG OFFENSE
34308,08/08/2023,OTHER
34309,08-Aug-2023,ROBBERY
34310,08-Aug-2023,FRAUD
34311,08/08/2023,DRUG OFFENSE
34312,08-Aug-2023,ROBBERY
34313,2023-08-08,ROBBERY
34314,08-Aug-2023,VANDALISM
34315,08-Aug-2023,ASSAULT
34316,08/08/2023,FRAUD
34317,08/08/2023,BURGLARY
34318,08-Aug-2023,THEFT
34319,08-Aug-2023,THEFT
34320,08/08/2023,DRUG OFFENSE
34321,08/08/2023,ASSAULT
34322,08-Aug-2023,ASSAULT
34323,08/08/2023,ROBBERY
34324,08/08/2023,VANDALISM
34325,08/08/2023,ROBBERY
34326,2023-08-08,OTHER
34327,08-Aug-2023,VANDALISM
34328,08/08/2023,ROBBERY
34329,08/08/2023,ROBBERY
34330,2023-08-08,BURGLARY
34331,2023-08-08,DRUG OFFENSE
34332,08-Aug-2023,BURGLARY
34333,2023-08-08,DRUG OFFENSE
34334,2023-08-08,THEFT
34335,2023-08-08,DRUG OFFENSE
34336,08/08/2023,DRUG OFFENSE
34337,08-Aug-2023,OTHER
34338,08/08/2023,THEFT
34339,08/08/2023,THEFT
34340,2023-08-08,ASSAULT
34341,08/08/2023,VANDALISM
34342,2023-08-08,ROBBERY
34343,08/08/2023,DRUG OFFENSE
34344,2023-08-08,DRUG OFFENSE
34345,08/09/2023,ROBBERY
34346,08/09/2023,OTHER
34347,08/09/2023,THEFT
34348,09-Aug-2023,BURGLARY
34349,2023-08-09,ROBBERY
34350,2023-08-09,ASSAULT
34351,09-Aug-2023,BURGLARY
34352,09-Aug-2023,ROBBERY
34353,2023-08-09,VANDALISM
34354,09-Aug-2023,DRUG OFFENSE
34355,2023-08-09,ROBBERY
34356,08/09/2023,ASSAULT
34357,09-Aug-2023,ASSAULT
34358,09-Aug-2023,THEFT
34359,2023-08-09,OTHER
34360,08/09/2023,ASSAULT
34361,2023-08-09,ROBBERY
34362,08/09/2023,THEFT
34363,08/09/2023,VANDALISM
34364,2023-08-09,ROBBERY
34365,09-Aug-2023,ASSAULT
34366,2023-08-09,ROBBERY
34367,2023-08-09,BURGLARY
34368,2023-08-09,BURGLARY
34369,2023-08-09,FRAUD
34370,2023-08-09,ASSAULT
34371,08/09/2023,DRUG OFFENSE
34372,2023-08-09,THEFT
34373,09-Aug-2023,ASSAULT
34374,09-Aug-2023,ROBBERY
34375,08/09/2023,FRAUD
34376,2023-08-09,BURGLARY
34377,09-Aug-2023,THEFT
34378,09-Aug-2023,ROBBERY
34379,09-Aug-2023,ASSAULT
34380,09-Aug-2023,ASSAULT
34381,2023-08-09,ASSAULT
34382,08/09/2023,BURGLARY
34383,2023-08-09,DRUG OFFENSE
34384,08/09/2023,ASSAULT
34385,09-Aug-2023,BURGLARY
34386,08/09/2023,THEFT
34387,2023-08-09,THEFT
34388,2023-08-09,DRUG OFFENSE
34389,08/09/2023,DRUG OFFENSE
34390,09-Aug-2023,BURGLARY
34391,09-Aug-2023,VANDALISM
34392,08/09/2023,ASSAULT
34393,08/09/2023,FRAUD
34394,09-Aug-2023,DRUG OFFENSE
34395,09-Aug-2023,ASSAULT
34396,2023-08-09,BURGLARY
34397,08/09/2023,DRUG OFFENSE
34398,10-Aug-2023,ASSAULT
34399,2023-08-10,FRAUD
34400,08/10/2023,VANDALISM
34401,08/10/2023,ROBBERY
34402,2023-08-10,THEFT
34403,08/10/2023,BURGLARY
34404,08/10/2023,VANDALISM
34405,08/10/2023,ASSAULT
34406,08/10/2023,THEFT
34407,08/10/2023,DRUG OFFENSE
34408,08/10/2023,BURGLARY
34409,08/10/2023,ASSAULT
34410,2023-08-10,DRUG OFFENSE
34411,08/10/2023,ASSAULT
34412,10-Aug-2023,ROBBERY
34413,08/10/2023,FRAUD
34414,10-Aug-2023,DRUG OFFENSE
34415,08/10/2023,THEFT
34416,2023-08-10,VANDALISM
34417,08/10/2023,THEFT
34418,08/10/2023,THEFT
34419,2023-08-10,ROBBERY
34420,10-Aug-2023,ASSAULT
34421,08/10/2023,BURGLARY
34422,2023-08-10,THEFT
34423,08/10/2023,THEFT
34424,10-Aug-2023,OTHER
34425,08/10/2023,ROBBERY
34426,08/10/2023,DRUG OFFENSE
34427,08/10/2023,VANDALISM
34428,2023-08-10,BURGLARY
34429,10-Aug-2023,ROBBERY
34430,08/10/2023,ROBBERY
34431,08/10/2023,ASSAULT
34432,08/10/2023,VANDALISM
34433,08/10/2023,OTHER
34434,10-Aug-2023,ASSAULT
34435,08/10/2023,THEFT
34436,10-Aug-2023,OTHER
34437,10-Aug-2023,DRUG OFFENSE
34438,2023-08-10,FRAUD
34439,10-Aug-2023,FRAUD
34440,08/10/2023,FRAUD
34441,11-Aug-2023,DRUG OFFENSE
34442,08/11/2023,ASSAULT
34443,08/11/2023,OTHER
34444,08/11/2023,ROBBERY
34445,11-Aug-2023,BURGLARY
34446,11-Aug-2023,ROBBERY
34447,11-Aug-2023,ASSAULT
34448,2023-08-11,ASSAULT
34449,11-Aug-2023,OTHER
34450,2023-08-11,FRAUD
34451,08/11/2023,ASSAULT
34452,11-Aug-2023,FRAUD
34453,11-Aug-2023,DRUG OFFENSE
34454,11-Aug-2023,OTHER
34455,08/11/2023,FRAUD
34456,08/11/2023,DRUG OFFENSE
34457,08/11/2023,ROBBERY
34458,08/11/2023,THEFT
34459,11-Aug-2023,VANDALISM
34460,11-Aug-2023,ROBBERY
34461,2023-08-11,OTHER
34462,11-Aug-2023,BURGLARY
34463,08/11/2023,DRUG OFFENSE
34464,11-Aug-2023,OTHER
34465,08/11/2023,OTHER
34466,2023-08-11,THEFT
34467,2023-08-11,BURGLARY
34468,11-Aug-2023,OTHER
34469,2023-08-11,ROBBERY
34470,2023-08-11,DRUG OFFENSE
34471,08/11/2023,ROBBERY
34472,11-Aug-2023,OTHER
34473,11-Aug-2023,ASSAULT
34474,2023-08-11,ASSAULT
34475,08/11/2023,THEFT
34476,08/11/2023,ROBBERY
34477,08/11/2023,ROBBERY
34478,11-Aug-2023,THEFT
34479,11-Aug-2023,BURGLARY
34480,11-Aug-2023,VANDALISM
34481,11-Aug-2023,OTHER
34482,11-Aug-2023,ROBBERY
34483,12-Aug-2023,BURGLARY
34484,08/12/2023,ROBBERY
34485,2023-08-12,ASSAULT
34486,08/12/2023,VANDALISM
34487,12-Aug-2023,ASSAULT
34488,08/12/2023,BURGLARY
34489,2023-08-12,OTHER
34490,08/12/2023,FRAUD
34491,08/12/2023,DRUG OFFENSE
34492,2023-08-12,DRUG OFFENSE
34493,2023-08-12,ASSAULT
34494,12-Aug-2023,ASSAULT
34495,2023-08-12,THEFT
34496,08/12/2023,DRUG OFFENSE
34497,12-Aug-2023,OTHER
34498,08/12/2023,VANDALISM
34499,08/12/2023,BURGLARY
34500,2023-08-12,FRAUD
34501,2023-08-12,ASSAULT
34502,08/12/2023,ASSAULT
34503,08/12/2023,FRAUD
34504,08/12/2023,FRAUD
34505,12-Aug-2023,VANDALISM
34506,08/12/2023,BURGLARY
34507,2023-08-12,OTHER
34508,12-Aug-2023,THEFT
34509,08/12/2023,OTHER
34510,2023-08-12,ASSAULT
34511,08/12/2023,DRUG OFFENSE
34512,08/12/2023,ASSAULT
34513,08/12/2023,VANDALISM
34514,08/12/2023,THEFT
34515,08/12/2023,VANDALISM
34516,12-Aug-2023,ASSAULT
34517,08/12/2023,VANDALISM
34518,12-Aug-2023,VANDALISM
34519,08/12/2023,DRUG OFFENSE
34520,12-Aug-2023,FRAUD
34521,12-Aug-2023,THEFT
34522,2023-08-12,BURGLARY
34523,08/12/2023,FRAUD
34524,2023-08-12,BURGLARY
34525,2023-08-12,OTHER
34526,2023-08-12,BURGLARY
34527,12-Aug-2023,OTHER
34528,2023-08-12,OTHER
34529,08/12/2023,FRAUD
34530,2023-08-12,OTHER
34531,12-Aug-2023,OTHER
34532,08/12/2023,ROBBERY
34533,08/12/2023,ROBBERY
34534,08/12/2023,FRAUD
34535,08/13/2023,DRUG OFFENSE
34536,08/13/2023,ROBBERY
34537,08/13/2023,ASSAULT
34538,08/13/2023,OTHER
34539,13-Aug-2023,OTHER
34540,2023-08-13,OTHER
34541,2023-08-13,FRAUD
34542,08/13/2023,DRUG OFFENSE
34543,2023-08-13,FRAUD
34544,2023-08-13,OTHER
34545,2023-08-13,OTHER
34546,13-Aug-2023,FRAUD
34547,2023-08-13,BURGLARY
34548,13-Aug-2023,FRAUD
34549,08/13/2023,FRAUD
34550,13-Aug-2023,DRUG OFFENSE
34551,13-Aug-2023,FRAUD
34552,08/13/2023,ASSAULT
34553,08/13/2023,FRAUD
34554,13-Aug-2023,OTHER
34555,08/13/2023,ROBBERY
34556,13-Aug-2023,VANDALISM
34557,08/13/2023,DRUG OFFENSE
34558,2023-08-13,DRUG OFFENSE
34559,08/13/2023,ROBBERY
34560,13-Aug-2023,ASSAULT
34561,08/13/2023,DRUG OFFENSE
34562,08/13/2023,BURGLARY
34563,2023-08-13,VANDALISM
34564,13-Aug-2023,ROBBERY
34565,13-Aug-2023,DRUG OFFENSE
34566,13-Aug-2023,OTHER
34567,2023-08-13,FRAUD
34568,08/13/2023,VANDALISM
34569,08/13/2023,FRAUD
34570,08/13/2023,OTHER
34571,2023-08-13,ASSAULT
34572,13-Aug-2023,ASSAULT
34573,2023-08-13,DRUG OFFENSE
34574,2023-08-13,ROBBERY
34575,08/13/2023,THEFT
34576,2023-08-13,ASSAULT
34577,2023-08-13,THEFT
34578,2023-08-13,ROBBERY
34579,08/13/2023,VANDALISM
34580,2023-08-13,VANDALISM
34581,2023-08-13,OTHER
34582,13-Aug-2023,DRUG OFFENSE
34583,13-Aug-2023,OTHER
34584,08/13/2023,THEFT
34585,2023-08-13,ROBBERY
34586,13-Aug-2023,ROBBERY
34587,2023-08-13,FRAUD
34588,2023-08-13,FRAUD
34589,08/13/2023,ASSAULT
34590,2023-08-13,ROBBERY
34591,2023-08-13,OTHER
34592,08/13/2023,DRUG OFFENSE
34593,13-Aug-2023,ASSAULT
34594,2023-08-13,BURGLARY
34595,2023-08-14,VANDALISM
34596,14-Aug-2023,VANDALISM
34597,08/14/2023,BURGLARY
34598,2023-08-14,THEFT
34599,14-Aug-2023,BURGLARY
34600,2023-08-14,ROBBERY
34601,14-Aug-2023,DRUG OFFENSE
34602,08/14/2023,OTHER
34603,14-Aug-2023,BURGLARY
34604,08/14/2023,BURGLARY
34605,08/14/2023,ROBBERY
34606,14-Aug-2023,OTHER
34607,2023-08-14,VANDALISM
34608,2023-08-14,OTHER
34609,08/14/2023,THEFT
34610,14-Aug-2023,DRUG OFFENSE
34611,2023-08-14,ROBBERY
34612,2023-08-14,THEFT
34613,08/14/2023,OTHER
34614,08/14/2023,DRUG OFFENSE
34615,08/14/2023,DRUG OFFENSE
34616,08/14/2023,THEFT
34617,14-Aug-2023,ROBBERY
34618,08/14/2023,BURGLARY
34619,2023-08-14,FRAUD
34620,14-Aug-2023,VANDALISM
34621,14-Aug-2023,THEFT
34622,08/14/2023,VANDALISM
34623,08/14/2023,DRUG OFFENSE
34624,14-Aug-2023,VANDALISM
34625,2023-08-14,VANDALISM
34626,08/14/2023,FRAUD
34627,08/14/2023,FRAUD
34628,08/14/2023,DRUG OFFENSE
34629,08/14/2023,FRAUD
34630,2023-08-14,VANDALISM
34631,2023-08-14,FRAUD
34632,2023-08-14,OTHER
34633,14-Aug-2023,THEFT
34634,2023-08-14,BURGLARY
34635,14-Aug-2023,THEFT
34636,08/14/2023,FRAUD
34637,08/14/2023,BURGLARY
34638,14-Aug-2023,ROBBERY
34639,2023-08-14,ASSAULT
34640,14-Aug-2023,OTHER
34641,08/14/2023,OTHER
34642,08/14/2023,OTHER
34643,08/14/2023,ASSAULT
34644,14-Aug-2023,ASSAULT
34645,08/14/2023,OTHER
34646,08/14/2023,THEFT
34647,08/14/2023,ROBBERY
34648,08/14/2023,BURGLARY
34649,15-Aug-2023,THEFT
34650,08/15/2023,THEFT
34651,2023-08-15,FRAUD
34652,15-Aug-2023,BURGLARY
34653,15-Aug-2023,ASSAULT
34654,15-Aug-2023,DRUG OFFENSE
34655,15-Aug-2023,DRUG OFFENSE
34656,2023-08-15,DRUG OFFENSE
34657,08/15/2023,FRAUD
34658,08/15/2023,ROBBERY
34659,2023-08-15,DRUG OFFENSE
34660,08/15/2023,FRAUD
34661,15-Aug-2023,FRAUD
34662,08/15/2023,ROBBERY
34663,15-Aug-2023,OTHER
34664,15-Aug-2023,FRAUD
34665,2023-08-15,BURGLARY
34666,08/15/2023,FRAUD
34667,15-Aug-2023,VANDALISM
34668,15-Aug-2023,OTHER
34669,08/15/2023,OTHER
34670,08/15/2023,ASSAULT
34671,08/15/2023,OTHER
34672,2023-08-15,FRAUD
34673,2023-08-15,OTHER
34674,15-Aug-2023,THEFT
34675,15-Aug-2023,FRAUD
34676,15-Aug-2023,DRUG OFFENSE
34677,15-Aug-2023,BURGLARY
34678,08/15/2023,OTHER
34679,2023-08-15,BURGLARY
34680,08/15/2023,THEFT
34681,08/15/2023,DRUG OFFENSE
34682,08/15/2023,THEFT
34683,15-Aug-2023,THEFT
34684,2023-08-15,ROBBERY
34685,15-Aug-2023,ASSAULT
34686,15-Aug-2023,THEFT
34687,2023-08-15,FRAUD
34688,15-Aug-2023,ASSAULT
34689,15-Aug-2023,ASSAULT
34690,08/15/2023,FRAUD
34691,15-Aug-2023,FRAUD
34692,08/15/2023,BURGLARY
34693,08/15/2023,FRAUD
34694,15-Aug-2023,VANDALISM
34695,08/15/2023,VANDALISM
34696,15-Aug-2023,VANDALISM
34697,2023-08-15,OTHER
34698,08/15/2023,DRUG OFFENSE
34699,2023-08-15,OTHER
34700,15-Aug-2023,ROBBERY
34701,08/15/2023,BURGLARY
34702,2023-08-15,ROBBERY
34703,15-Aug-2023,FRAUD
34704,15-Aug-2023,FRAUD
34705,08/15/2023,ASSAULT
34706,2023-08-15,BURGLARY
34707,16-Aug-2023,OTHER
34708,08/16/2023,DRUG OFFENSE
34709,2023-08-16,FRAUD
34710,2023-08-16,FRAUD
34711,16-Aug-2023,FRAUD
34712,16-Aug-2023,ASSAULT
34713,16-Aug-2023,THEFT
34714,08/16/2023,BURGLARY
34715,08/16/2023,THEFT
34716,08/16/2023,ROBBERY
34717,08/16/2023,OTHER
34718,16-Aug-2023,OTHER
34719,2023-08-16,FRAUD
34720,08/16/2023,BURGLARY
34721,2023-08-16,BURGLARY
34722,08/16/2023,ROBBERY
34723,2023-08-16,FRAUD
34724,08/16/2023,ROBBERY
34725,08/16/2023,FRAUD
34726,16-Aug-2023,OTHER
34727,08/16/2023,OTHER
34728,08/16/2023,VANDALISM
34729,2023-08-16,ROBBERY
34730,08/16/2023,BURGLARY
34731,08/16/2023,BURGLARY
34732,08/16/2023,BURGLARY
34733,16-Aug-2023,ROBBERY
34734,16-Aug-2023,VANDALISM
34735,16-Aug-2023,THEFT
34736,2023-08-16,BURGLARY
34737,08/16/2023,BURGLARY
34738,16-Aug-2023,ROBBERY
34739,2023-08-16,THEFT
34740,16-Aug-2023,THEFT
34741,2023-08-16,ASSAULT
34742,2023-08-16,ROBBERY
34743,2023-08-16,THEFT
34744,17-Aug-2023,THEFT
34745,08/17/2023,ROBBERY
34746,08/17/2023,ASSAULT
34747,2023-08-17,OTHER
34748,08/17/2023,FRAUD
34749,08/17/2023,OTHER
34750,17-Aug-2023,THEFT
34751,08/17/2023,ASSAULT
34752,08/17/2023,VANDALISM
34753,08/17/2023,VANDALISM
34754,17-Aug-2023,ROBBERY
34755,08/17/2023,THEFT
34756,17-Aug-2023,BURGLARY
34757,08/17/2023,OTHER
34758,2023-08-17,BURGLARY
34759,08/17/2023,ASSAULT
34760,2023-08-17,THEFT
34761,08/17/2023,ROBBERY
34762,2023-08-17,BURGLARY
34763,2023-08-17,ROBBERY
34764,2023-08-17,THEFT
34765,2023-08-17,ASSAULT
34766,2023-08-17,THEFT
34767,2023-08-17,DRUG OFFENSE
34768,08/17/2023,THEFT
34769,2023-08-17,THEFT
34770,17-Aug-2023,DRUG OFFENSE
34771,08/17/2023,OTHER
34772,17-Aug-2023,OTHER
34773,2023-08-17,VANDALISM
34774,2023-08-17,ROBBERY
34775,08/17/2023,DRUG OFFENSE
34776,2023-08-17,THEFT
34777,08/17/2023,OTHER
34778,17-Aug-2023,ASSAULT
34779,08/17/2023,OTHER
34780,08/17/2023,ASSAULT
34781,2023-08-17,VANDALISM
34782,08/17/2023,THEFT
34783,2023-08-17,FRAUD
34784,17-Aug-2023,ROBBERY
34785,08/17/2023,ROBBERY
34786,2023-08-17,ASSAULT
34787,17-Aug-2023,OTHER
34788,17-Aug-2023,THEFT
34789,08/18/2023,ROBBERY
34790,2023-08-18,OTHER
34791,2023-08-18,VANDALISM
34792,2023-08-18,ROBBERY
34793,2023-08-18,BURGLARY
34794,18-Aug-2023,BURGLARY
34795,08/18/2023,THEFT
34796,08/18/2023,VANDALISM
34797,18-Aug-2023,FRAUD
34798,18-Aug-2023,DRUG OFFENSE
34799,18-Aug-2023,OTHER
34800,08/18/2023,VANDALISM
34801,08/18/2023,ASSAULT
34802,18-Aug-2023,DRUG OFFENSE
34803,08/18/2023,DRUG OFFENSE
34804,18-Aug-2023,VANDALISM
34805,18-Aug-2023,BURGLARY
34806,2023-08-18,BURGLARY
34807,18-Aug-2023,THEFT
34808,18-Aug-2023,FRAUD
34809,2023-08-18,ASSAULT
34810,08/18/2023,DRUG OFFENSE
34811,08/18/2023,ASSAULT
34812,18-Aug-2023,OTHER
34813,18-Aug-2023,OTHER
34814,2023-08-18,THEFT
34815,08/18/2023,ASSAULT
34816,08/18/2023,ROBBERY
34817,08/18/2023,OTHER
34818,08/18/2023,FRAUD
34819,18-Aug-2023,BURGLARY
34820,2023-08-18,DRUG OFFENSE
34821,18-Aug-2023,DRUG OFFENSE
34822,2023-08-18,ASSAULT
34823,2023-08-18,VANDALISM
34824,2023-08-18,FRAUD
34825,08/18/2023,FRAUD
34826,2023-08-18,ASSAULT
34827,19-Aug-2023,OTHER
34828,08/19/2023,VANDALISM
34829,08/19/2023,ROBBERY
34830,2023-08-19,ASSAULT
34831,19-Aug-2023,OTHER
34832,08/19/2023,DRUG OFFENSE
34833,2023-08-19,ASSAULT
34834,19-Aug-2023,DRUG OFFENSE
34835,2023-08-19,FRAUD
34836,08/19/2023,FRAUD
34837,08/19/2023,FRAUD
34838,2023-08-19,DRUG OFFENSE
34839,19-Aug-2023,ROBBERY
34840,19-Aug-2023,ASSAULT
34841,08/19/2023,DRUG OFFENSE
34842,08/19/2023,BURGLARY
34843,2023-08-19,THEFT
34844,2023-08-19,ROBBERY
34845,19-Aug-2023,DRUG OFFENSE
34846,2023-08-19,ASSAULT
34847,19-Aug-2023,DRUG OFFENSE
34848,08/19/2023,FRAUD
34849,2023-08-19,ASSAULT
34850,19-Aug-2023,FRAUD
34851,19-Aug-2023,VANDALISM
34852,2023-08-19,BURGLARY
34853,08/19/2023,FRAUD
34854,08/19/2023,OTHER
34855,19-Aug-2023,BURGLARY
34856,08/19/2023,ASSAULT
34857,2023-08-19,VANDALISM
34858,2023-08-19,DRUG OFFENSE
34859,19-Aug-2023,ROBBERY
34860,2023-08-19,ROBBERY
34861,08/19/2023,FRAUD
34862,19-Aug-2023,VANDALISM
34863,08/19/2023,DRUG OFFENSE
34864,2023-08-19,VANDALISM
34865,19-Aug-2023,OTHER
34866,08/19/2023,ROBBERY
34867,2023-08-19,BURGLARY
34868,19-Aug-2023,ROBBERY
34869,08/19/2023,DRUG OFFENSE
34870,08/19/2023,BURGLARY
34871,08/19/2023,ASSAULT
34872,08/19/2023,DRUG OFFENSE
34873,2023-08-19,FRAUD
34874,08/19/2023,ASSAULT
34875,08/19/2023,BURGLARY
34876,19-Aug-2023,BURGLARY
34877,2023-08-20,BURGLARY
34878,20-Aug-2023,DRUG OFFENSE
34879,08/20/2023,FRAUD
34880,08/20/2023,FRAUD
34881,20-Aug-2023,BURGLARY
34882,20-Aug-2023,THEFT
34883,2023-08-20,THEFT
34884,20-Aug-2023,OTHER
34885,2023-08-20,BURGLARY
34886,08/20/2023,OTHER
34887,20-Aug-2023,FRAUD
34888,08/20/2023,VANDALISM
34889,20-Aug-2023,OTHER
34890,08/20/2023,THEFT
34891,08/20/2023,THEFT
34892,20-Aug-2023,FRAUD
34893,08/20/2023,BURGLARY
34894,2023-08-20,ROBBERY
34895,2023-08-20,VANDALISM
34896,08/20/2023,FRAUD
34897,20-Aug-2023,BURGLARY
34898,2023-08-20,ASSAULT
34899,08/20/2023,FRAUD
34900,20-Aug-2023,OTHER
34901,08/20/2023,OTHER
34902,2023-08-20,BURGLARY
34903,2023-08-20,FRAUD
34904,2023-08-20,VANDALISM
34905,08/20/2023,VANDALISM
34906,08/20/2023,VANDALISM
34907,2023-08-20,VANDALISM
34908,2023-08-20,VANDALISM
34909,20-Aug-2023,ASSAULT
34910,08/20/2023,BURGLARY
34911,20-Aug-2023,VANDALISM
34912,2023-08-20,FRAUD
34913,08/20/2023,BURGLARY
34914,08/20/2023,ROBBERY
34915,20-Aug-2023,THEFT
34916,20-Aug-2023,ROBBERY
34917,08/20/2023,FRAUD
34918,08/20/2023,THEFT
34919,20-Aug-2023,ROBBERY
34920,2023-08-20,ROBBERY
34921,20-Aug-2023,ASSAULT
34922,2023-08-20,OTHER
34923,20-Aug-2023,FRAUD
34924,20-Aug-2023,ASSAULT
34925,2023-08-20,FRAUD
34926,20-Aug-2023,ROBBERY
34927,2023-08-20,VANDALISM
34928,20-Aug-2023,ASSAULT
34929,2023-08-20,THEFT
34930,20-Aug-2023,VANDALISM
34931,2023-08-20,THEFT
34932,2023-08-21,BURGLARY
34933,08/21/2023,ASSAULT
34934,08/21/2023,BURGLARY
34935,2023-08-21,FRAUD
34936,21-Aug-2023,FRAUD
34937,08/21/2023,ASSAULT
34938,08/21/2023,ROBBERY
34939,2023-08-21,ROBBERY
34940,2023-08-21,BURGLARY
34941,21-Aug-2023,OTHER
34942,2023-08-21,VANDALISM
34943,21-Aug-2023,ROBBERY
34944,08/21/2023,ROBBERY
34945,2023-08-21,DRUG OFFENSE
34946,21-Aug-2023,OTHER
34947,21-Aug-2023,VANDALISM
34948,2023-08-21,ROBBERY
34949,08/21/2023,ROBBERY
34950,21-Aug-2023,ROBBERY
34951,21-Aug-2023,ROBBERY
34952,08/21/2023,BURGLARY
34953,2023-08-21,ROBBERY
34954,08/21/2023,FRAUD
34955,08/21/2023,DRUG OFFENSE
34956,08/21/2023,THEFT
34957,21-Aug-2023,BURGLARY
34958,21-Aug-2023,OTHER
34959,08/21/2023,ROBBERY
34960,08/21/2023,ASSAULT
34961,2023-08-21,OTHER
34962,08/21/2023,DRUG OFFENSE
34963,08/21/2023,ROBBERY
34964,2023-08-21,OTHER
34965,2023-08-21,OTHER
34966,08/21/2023,ROBBERY
34967,21-Aug-2023,ASSAULT
34968,2023-08-21,OTHER
34969,08/21/2023,OTHER
34970,08/21/2023,THEFT
34971,08/21/2023,ASSAULT
34972,08/21/2023,VANDALISM
34973,08/21/2023,VANDALISM
34974,2023-08-21,ROBBERY
34975,08/21/2023,DRUG OFFENSE
34976,08/21/2023,ROBBERY
34977,08/21/2023,VANDALISM
34978,2023-08-21,DRUG OFFENSE
34979,21-Aug-2023,THEFT
34980,2023-08-21,BURGLARY
34981,21-Aug-2023,THEFT
34982,2023-08-21,ASSAULT
34983,2023-08-21,VANDALISM
34984,21-Aug-2023,VANDALISM
34985,08/21/2023,ROBBERY
34986,2023-08-22,DRUG OFFENSE
34987,2023-08-22,FRAUD
34988,08/22/2023,VANDALISM
34989,22-Aug-2023,ASSAULT
34990,08/22/2023,ROBBERY
34991,08/22/2023,BURGLARY
34992,08/22/2023,ASSAULT
34993,08/22/2023,THEFT
34994,08/22/2023,BURGLARY
34995,2023-08-22,BURGLARY
34996,08/22/2023,ROBBERY
34997,22-Aug-2023,OTHER
34998,2023-08-22,FRAUD
34999,22-Aug-2023,BURGLARY
35000,08/22/2023,ROBBERY
35001,08/22/2023,VANDALISM
35002,22-Aug-2023,THEFT
35003,2023-08-22,FRAUD
35004,22-Aug-2023,VANDALISM
35005,08/22/2023,OTHER
35006,08/22/2023,OTHER
35007,08/22/2023,ROBBERY
35008,22-Aug-2023,BURGLARY
35009,22-Aug-2023,DRUG OFFENSE
35010,08/22/2023,ASSAULT
35011,08/22/2023,OTHER
35012,22-Aug-2023,OTHER
35013,08/22/2023,OTHER
35014,08/22/2023,DRUG OFFENSE
35015,08/22/2023,OTHER
35016,08/22/2023,OTHER
35017,22-Aug-2023,BURGLARY
35018,08/22/2023,ROBBERY
35019,22-Aug-2023,OTHER
35020,08/22/2023,ROBBERY
35021,08/22/2023,VANDALISM
35022,22-Aug-2023,ROBBERY
35023,22-Aug-2023,FRAUD
35024,2023-08-22,THEFT
35025,2023-08-22,DRUG OFFENSE
35026,08/23/2023,FRAUD
35027,08/23/2023,BURGLARY
35028,08/23/2023,VANDALISM
35029,08/23/2023,THEFT
35030,08/23/2023,ASSAULT
35031,2023-08-23,ROBBERY
35032,23-Aug-2023,OTHER
35033,2023-08-23,ROBBERY
35034,23-Aug-2023,BURGLARY
35035,23-Aug-2023,OTHER
35036,08/23/2023,VANDALISM
35037,08/23/2023,BURGLARY
35038,08/23/2023,VANDALISM
35039,08/23/2023,DRUG OFFENSE
35040,08/23/2023,THEFT
35041,08/23/2023,BURGLARY
35042,2023-08-23,THEFT
35043,23-Aug-2023,BURGLARY
35044,08/23/2023,DRUG OFFENSE
35045,2023-08-23,THEFT
35046,08/23/2023,THEFT
35047,08/23/2023,OTHER
35048,08/23/2023,BURGLARY
35049,2023-08-23,OTHER
35050,08/23/2023,DRUG OFFENSE
35051,2023-08-23,THEFT
35052,08/23/2023,FRAUD
35053,08/23/2023,ASSAULT
35054,08/23/2023,FRAUD
35055,23-Aug-2023,VANDALISM
35056,08/23/2023,ASSAULT
35057,2023-08-23,BURGLARY
35058,08/23/2023,FRAUD
35059,08/23/2023,FRAUD
35060,23-Aug-2023,DRUG OFFENSE
35061,08/23/2023,ASSAULT
35062,2023-08-23,THEFT
35063,23-Aug-2023,THEFT
35064,2023-08-23,VANDALISM
35065,2023-08-23,ASSAULT
35066,08/23/2023,VANDALISM
35067,23-Aug-2023,DRUG OFFENSE
35068,23-Aug-2023,OTHER
35069,2023-08-23,DRUG OFFENSE
35070,2023-08-23,DRUG OFFENSE
35071,08/23/2023,ASSAULT
35072,23-Aug-2023,THEFT
35073,08/24/2023,THEFT
35074,08/24/2023,THEFT
35075,2023-08-24,THEFT
35076,08/24/2023,ASSAULT
35077,08/24/2023,ROBBERY
35078,2023-08-24,OTHER
35079,08/24/2023,ROBBERY
35080,08/24/2023,OTHER
35081,08/24/2023,OTHER
35082,08/24/2023,FRAUD
35083,08/24/2023,OTHER
35084,24-Aug-2023,BURGLARY
35085,2023-08-24,BURGLARY
35086,2023-08-24,OTHER
35087,24-Aug-2023,DRUG OFFENSE
35088,2023-08-24,FRAUD
35089,2023-08-24,DRUG OFFENSE
35090,08/24/2023,VANDALISM
35091,08/24/2023,BURGLARY
35092,24-Aug-2023,FRAUD
35093,24-Aug-2023,ASSAULT
35094,2023-08-24,FRAUD
35095,24-Aug-2023,THEFT
35096,2023-08-24,ROBBERY
35097,24-Aug-2023,FRAUD
35098,08/24/2023,THEFT
35099,24-Aug-2023,OTHER
35100,08/24/2023,ASSAULT
35101,08/24/2023,VANDALISM
35102,2023-08-24,VANDALISM
35103,24-Aug-2023,VANDALISM
35104,08/24/2023,ROBBERY
35105,08/24/2023,BURGLARY
35106,2023-08-24,FRAUD
35107,08/24/2023,BURGLARY
35108,24-Aug-2023,THEFT
35109,08/24/2023,THEFT
35110,2023-08-24,DRUG OFFENSE
35111,2023-08-24,ROBBERY
35112,2023-08-24,ROBBERY
35113,24-Aug-2023,BURGLARY
35114,08/24/2023,OTHER
35115,25-Aug-2023,VANDALISM
35116,2023-08-25,ASSAULT
35117,08/25/2023,THEFT
35118,08/25/2023,FRAUD
35119,2023-08-25,VANDALISM
35120,08/25/2023,FRAUD
35121,08/25/2023,VANDALISM
35122,08/25/2023,THEFT
35123,2023-08-25,BURGLARY
35124,08/25/2023,THEFT
35125,25-Aug-2023,VANDALISM
35126,08/25/2023,BURGLARY
35127,08/25/2023,FRAUD
35128,25-Aug-2023,OTHER
35129,08/25/2023,ASSAULT
35130,08/25/2023,THEFT
35131,2023-08-25,BURGLARY
35132,08/25/2023,FRAUD
35133,08/25/2023,VANDALISM
35134,08/25/2023,OTHER
35135,25-Aug-2023,DRUG OFFENSE
35136,08/25/2023,ASSAULT
35137,2023-08-25,OTHER
35138,08/25/2023,ASSAULT
35139,08/25/2023,FRAUD
35140,08/25/2023,ROBBERY
35141,25-Aug-2023,BURGLARY
35142,2023-08-25,FRAUD
35143,08/25/2023,ROBBERY
35144,2023-08-25,DRUG OFFENSE
35145,25-Aug-2023,ROBBERY
35146,2023-08-25,VANDALISM
35147,2023-08-25,ASSAULT
35148,08/25/2023,ASSAULT
35149,08/25/2023,VANDALISM
35150,2023-08-25,ASSAULT
35151,2023-08-25,THEFT
35152,2023-08-25,DRUG OFFENSE
35153,25-Aug-2023,FRAUD
35154,25-Aug-2023,DRUG OFFENSE
35155,08/25/2023,FRAUD
35156,25-Aug-2023,BURGLARY
35157,25-Aug-2023,FRAUD
35158,08/25/2023,VANDALISM
35159,08/26/2023,FRAUD
35160,08/26/2023,ASSAULT
35161,2023-08-26,ROBBERY
35162,26-Aug-2023,VANDALISM
35163,08/26/2023,OTHER
35164,2023-08-26,VANDALISM
35165,26-Aug-2023,DRUG OFFENSE
35166,26-Aug-2023,ASSAULT
35167,2023-08-26,ASSAULT
35168,2023-08-26,DRUG OFFENSE
35169,08/26/2023,BURGLARY
35170,2023-08-26,ASSAULT
35171,26-Aug-2023,VANDALISM
35172,2023-08-26,FRAUD
35173,08/26/2023,FRAUD
35174,08/26/2023,DRUG OFFENSE
35175,08/26/2023,BURGLARY
35176,2023-08-26,FRAUD
35177,26-Aug-2023,THEFT
35178,2023-08-26,ASSAULT
35179,2023-08-26,THEFT
35180,26-Aug-2023,BURGLARY
35181,26-Aug-2023,ASSAULT
35182,2023-08-26,OTHER
35183,08/26/2023,ASSAULT
35184,2023-08-26,ASSAULT
35185,26-Aug-2023,DRUG OFFENSE
35186,08/26/2023,ROBBERY
35187,08/26/2023,DRUG OFFENSE
35188,08/26/2023,BURGLARY
35189,26-Aug-2023,ASSAULT
35190,08/26/2023,FRAUD
35191,26-Aug-2023,DRUG OFFENSE
35192,26-Aug-2023,THEFT
35193,08/26/2023,VANDALISM
35194,26-Aug-2023,VANDALISM
35195,08/26/2023,BURGLARY
35196,08/26/2023,ROBBERY
35197,08/26/2023,OTHER
35198,08/26/2023,DRUG OFFENSE
35199,2023-08-26,FRAUD
35200,2023-08-26,FRAUD
35201,26-Aug-2023,ASSAULT
35202,26-Aug-2023,DRUG OFFENSE
35203,26-Aug-2023,ASSAULT
35204,08/26/2023,ROBBERY
35205,2023-08-26,VANDALISM
35206,2023-08-26,VANDALISM
35207,08/26/2023,BURGLARY
35208,08/26/2023,ASSAULT
35209,08/26/2023,BURGLARY
35210,08/27/2023,OTHER
35211,08/27/2023,OTHER
35212,08/27/2023,THEFT
35213,08/27/2023,VANDALISM
35214,2023-08-27,ROBBERY
35215,08/27/2023,OTHER
35216,2023-08-27,THEFT
35217,27-Aug-2023,ASSAULT
35218,27-Aug-2023,FRAUD
35219,2023-08-27,DRUG OFFENSE
35220,08/27/2023,ROBBERY
35221,27-Aug-2023,THEFT
35222,08/27/2023,DRUG OFFENSE
35223,27-Aug-2023,THEFT
35224,27-Aug-2023,FRAUD
35225,08/27/2023,BURGLARY
35226,08/27/2023,VANDALISM
35227,08/27/2023,VANDALISM
35228,2023-08-27,BURGLARY
35229,2023-08-27,ASSAULT
35230,2023-08-27,ASSAULT
35231,08/27/2023,BURGLARY
35232,2023-08-27,VANDALISM
35233,27-Aug-2023,OTHER
35234,08/27/2023,ASSAULT
35235,08/27/2023,ROBBERY
35236,08/27/2023,THEFT
35237,08/27/2023,BURGLARY
35238,2023-08-27,BURGLARY
35239,08/27/2023,ASSAULT
35240,2023-08-27,FRAUD
35241,27-Aug-2023,THEFT
35242,2023-08-27,OTHER
35243,08/27/2023,THEFT
35244,2023-08-27,THEFT
35245,08/27/2023,THEFT
35246,08/27/2023,VANDALISM
35247,27-Aug-2023,ASSAULT
35248,27-Aug-2023,BURGLARY
35249,2023-08-27,VANDALISM
35250,2023-08-27,DRUG OFFENSE
35251,08/27/2023,ROBBERY
35252,27-Aug-2023,OTHER
35253,27-Aug-2023,ROBBERY
35254,2023-08-27,DRUG OFFENSE
35255,08/27/2023,THEFT
35256,27-Aug-2023,FRAUD
35257,27-Aug-2023,OTHER
35258,08/27/2023,THEFT
35259,08/27/2023,VANDALISM
35260,08/27/2023,THEFT
35261,08/27/2023,VANDALISM
35262,2023-08-27,DRUG OFFENSE
35263,27-Aug-2023,ASSAULT
35264,2023-08-28,THEFT
35265,08/28/2023,ROBBERY
35266,2023-08-28,THEFT
35267,28-Aug-2023,VANDALISM
35268,2023-08-28,ROBBERY
35269,28-Aug-2023,FRAUD
35270,08/28/2023,OTHER
35271,2023-08-28,THEFT
35272,08/28/2023,VANDALISM
35273,08/28/2023,ROBBERY
35274,08/28/2023,OTHER
35275,08/28/2023,THEFT
35276,28-Aug-2023,BURGLARY
35277,08/28/2023,ROBBERY
35278,28-Aug-2023,BURGLARY
35279,08/28/2023,ROBBERY
35280,08/28/2023,VANDALISM
35281,08/28/2023,DRUG OFFENSE
35282,08/28/2023,DRUG OFFENSE
35283,2023-08-28,OTHER
35284,2023-08-28,OTHER
35285,2023-08-28,BURGLARY
35286,08/28/2023,DRUG OFFENSE
35287,2023-08-28,VANDALISM
35288,28-Aug-2023,FRAUD
35289,08/28/2023,DRUG OFFENSE
35290,08/28/2023,THEFT
35291,08/28/2023,VANDALISM
35292,28-Aug-2023,FRAUD
35293,08/28/2023,ASSAULT
35294,28-Aug-2023,FRAUD
35295,2023-08-28,FRAUD
35296,2023-08-28,VANDALISM
35297,2023-08-28,FRAUD
35298,08/28/2023,ROBBERY
35299,08/28/2023,ROBBERY
35300,2023-08-28,THEFT
35301,08/28/2023,DRUG OFFENSE
35302,08/28/2023,DRUG OFFENSE
35303,28-Aug-2023,VANDALISM
35304,28-Aug-2023,DRUG OFFENSE
35305,08/28/2023,OTHER
35306,2023-08-28,FRAUD
35307,08/28/2023,ASSAULT
35308,28-Aug-2023,THEFT
35309,08/29/2023,BURGLARY
35310,2023-08-29,BURGLARY
35311,2023-08-29,DRUG OFFENSE
35312,29-Aug-2023,DRUG OFFENSE
35313,2023-08-29,OTHER
35314,2023-08-29,FRAUD
35315,08/29/2023,THEFT
35316,29-Aug-2023,OTHER
35317,2023-08-29,ROBBERY
35318,2023-08-29,ASSAULT
35319,29-Aug-2023,VANDALISM
35320,2023-08-29,BURGLARY
35321,29-Aug-2023,ROBBERY
35322,2023-08-29,VANDALISM
35323,29-Aug-2023,OTHER
35324,2023-08-29,ROBBERY
35325,2023-08-29,ROBBERY
35326,2023-08-29,BURGLARY
35327,08/29/2023,DRUG OFFENSE
35328,29-Aug-2023,ASSAULT
35329,08/29/2023,BURGLARY
35330,2023-08-29,DRUG OFFENSE
35331,08/29/2023,BURGLARY
35332,29-Aug-2023,ASSAULT
35333,29-Aug-2023,BURGLARY
35334,2023-08-29,THEFT
35335,2023-08-29,VANDALISM
35336,29-Aug-2023,DRUG OFFENSE
35337,29-Aug-2023,DRUG OFFENSE
35338,29-Aug-2023,ROBBERY
35339,2023-08-29,BURGLARY
35340,08/29/2023,THEFT
35341,08/29/2023,THEFT
35342,08/29/2023,ROBBERY
35343,29-Aug-2023,DRUG OFFENSE
35344,08/29/2023,ASSAULT
35345,29-Aug-2023,OTHER
35346,2023-08-29,FRAUD
35347,08/29/2023,ASSAULT
35348,08/29/2023,VANDALISM
35349,2023-08-29,VANDALISM
35350,29-Aug-2023,FRAUD
35351,2023-08-29,THEFT
35352,2023-08-29,BURGLARY
35353,2023-08-29,OTHER
35354,2023-08-29,ROBBERY
35355,08/29/2023,VANDALISM
35356,2023-08-29,DRUG OFFENSE
35357,08/29/2023,THEFT
35358,08/30/2023,FRAUD
35359,08/30/2023,FRAUD
35360,30-Aug-2023,BURGLARY
35361,30-Aug-2023,OTHER
35362,30-Aug-2023,THEFT
35363,2023-08-30,FRAUD
35364,08/30/2023,ROBBERY
35365,2023-08-30,ROBBERY
35366,30-Aug-2023,ROBBERY
35367,08/30/2023,VANDALISM
35368,08/30/2023,VANDALISM
35369,08/30/2023,ASSAULT
35370,30-Aug-2023,OTHER
35371,08/30/2023,THEFT
35372,2023-08-30,THEFT
35373,2023-08-30,DRUG OFFENSE
35374,30-Aug-2023,THEFT
35375,08/30/2023,FRAUD
35376,30-Aug-2023,THEFT
35377,08/30/2023,DRUG OFFENSE
35378,08/30/2023,THEFT
35379,08/30/2023,ROBBERY
35380,30-Aug-2023,DRUG OFFENSE
35381,2023-08-30,VANDALISM
35382,08/30/2023,FRAUD
35383,2023-08-30,THEFT
35384,08/30/2023,BURGLARY
35385,2023-08-30,BURGLARY
35386,2023-08-30,THEFT
35387,30-Aug-2023,VANDALISM
35388,08/30/2023,BURGLARY
35389,08/30/2023,FRAUD
35390,30-Aug-2023,VANDALISM
35391,30-Aug-2023,ROBBERY
35392,08/30/2023,OTHER
35393,08/30/2023,VANDALISM
35394,08/30/2023,ROBBERY
35395,30-Aug-2023,OTHER
35396,30-Aug-2023,DRUG OFFENSE
35397,30-Aug-2023,FRAUD
35398,08/30/2023,FRAUD
35399,30-Aug-2023,DRUG OFFENSE
35400,2023-08-30,FRAUD
35401,08/30/2023,DRUG OFFENSE
35402,2023-08-30,THEFT
35403,08/30/2023,VANDALISM
35404,30-Aug-2023,BURGLARY
35405,2023-08-30,ASSAULT
35406,2023-08-30,BURGLARY
35407,30-Aug-2023,BURGLARY
35408,30-Aug-2023,VANDALISM
35409,30-Aug-2023,DRUG OFFENSE
35410,31-Aug-2023,DRUG OFFENSE
35411,31-Aug-2023,ASSAULT
35412,08/31/2023,ROBBERY
35413,31-Aug-2023,DRUG OFFENSE
35414,31-Aug-2023,BURGLARY
35415,08/31/2023,DRUG OFFENSE
35416,2023-08-31,ROBBERY
35417,2023-08-31,ASSAULT
35418,08/31/2023,THEFT
35419,2023-08-31,OTHER
35420,08/31/2023,VANDALISM
35421,08/31/2023,ASSAULT
35422,08/31/2023,OTHER
35423,08/31/2023,VANDALISM
35424,08/31/2023,VANDALISM
35425,31-Aug-2023,THEFT
35426,08/31/2023,ROBBERY
35427,2023-08-31,ASSAULT
35428,2023-08-31,ASSAULT
35429,08/31/2023,THEFT
35430,31-Aug-2023,ASSAULT
35431,2023-08-31,DRUG OFFENSE
35432,31-Aug-2023,ROBBERY
35433,08/31/2023,VANDALISM
35434,08/31/2023,ROBBERY
35435,2023-08-31,BURGLARY
35436,08/31/2023,THEFT
35437,31-Aug-2023,VANDALISM
35438,08/31/2023,ASSAULT
35439,08/31/2023,ASSAULT
35440,31-Aug-2023,BURGLARY
35441,31-Aug-2023,ASSAULT
35442,31-Aug-2023,OTHER
35443,2023-08-31,ASSAULT
35444,31-Aug-2023,BURGLARY
35445,08/31/2023,OTHER
35446,08/31/2023,OTHER
35447,31-Aug-2023,OTHER
35448,08/31/2023,DRUG OFFENSE
35449,08/31/2023,ROBBERY
35450,08/31/2023,DRUG OFFENSE
35451,08/31/2023,VANDALISM
35452,08/31/2023,FRAUD
35453,2023-08-31,FRAUD
35454,31-Aug-2023,BURGLARY
35455,2023-08-31,DRUG OFFENSE
35456,2023-09-01,ASSAULT
35457,09/01/2023,BURGLARY
35458,01-Sep-2023,FRAUD
35459,01-Sep-2023,DRUG OFFENSE
35460,09/01/2023,FRAUD
35461,01-Sep-2023,OTHER
35462,01-Sep-2023,BURGLARY
35463,2023-09-01,VANDALISM
35464,09/01/2023,DRUG OFFENSE
35465,2023-09-01,VANDALISM
35466,09/01/2023,VANDALISM
35467,01-Sep-2023,FRAUD
35468,09/01/2023,THEFT
35469,01-Sep-2023,ASSAULT
35470,09/01/2023,OTHER
35471,01-Sep-2023,THEFT
35472,01-Sep-2023,ASSAULT
35473,01-Sep-2023,OTHER
35474,01-Sep-2023,ROBBERY
35475,09/01/2023,VANDALISM
35476,09/01/2023,FRAUD
35477,2023-09-01,FRAUD
35478,09/01/2023,FRAUD
35479,2023-09-01,ASSAULT
35480,09/01/2023,ROBBERY
35481,2023-09-01,OTHER
35482,01-Sep-2023,OTHER
35483,09/01/2023,OTHER
35484,2023-09-01,ASSAULT
35485,09/01/2023,ROBBERY
35486,01-Sep-2023,VANDALISM
35487,09/01/2023,OTHER
35488,01-Sep-2023,ASSAULT
35489,01-Sep-2023,ASSAULT
35490,2023-09-01,VANDALISM
35491,09/01/2023,OTHER
35492,2023-09-01,BURGLARY
35493,09/01/2023,DRUG OFFENSE
35494,01-Sep-2023,VANDALISM
35495,09/01/2023,THEFT
35496,09/01/2023,FRAUD
35497,2023-09-01,VANDALISM
35498,01-Sep-2023,FRAUD
35499,01-Sep-2023,FRAUD
35500,2023-09-01,ASSAULT
35501,01-Sep-2023,VANDALISM
35502,01-Sep-2023,OTHER
35503,09/01/2023,OTHER
35504,09/01/2023,ROBBERY
35505,2023-09-01,FRAUD
35506,01-Sep-2023,DRUG OFFENSE
35507,09/01/2023,FRAUD
35508,02-Sep-2023,ROBBERY
35509,09/02/2023,ASSAULT
35510,02-Sep-2023,ASSAULT
35511,2023-09-02,DRUG OFFENSE
35512,02-Sep-2023,BURGLARY
35513,2023-09-02,DRUG OFFENSE
35514,09/02/2023,DRUG OFFENSE
35515,02-Sep-2023,VANDALISM
35516,2023-09-02,DRUG OFFENSE
35517,09/02/2023,OTHER
35518,2023-09-02,VANDALISM
35519,02-Sep-2023,VANDALISM
35520,09/02/2023,OTHER
35521,2023-09-02,THEFT
35522,02-Sep-2023,ROBBERY
35523,02-Sep-2023,DRUG OFFENSE
35524,02-Sep-2023,VANDALISM
35525,2023-09-02,DRUG OFFENSE
35526,09/02/2023,BURGLARY
35527,2023-09-02,ASSAULT
35528,02-Sep-2023,DRUG OFFENSE
35529,02-Sep-2023,BURGLARY
35530,02-Sep-2023,ROBBERY
35531,2023-09-02,THEFT
35532,09/02/2023,THEFT
35533,02-Sep-2023,FRAUD
35534,2023-09-02,DRUG OFFENSE
35535,09/02/2023,ASSAULT
35536,09/02/2023,DRUG OFFENSE
35537,2023-09-02,FRAUD
35538,2023-09-02,ROBBERY
35539,02-Sep-2023,OTHER
35540,2023-09-02,FRAUD
35541,09/02/2023,ASSAULT
35542,09/02/2023,THEFT
35543,09/02/2023,OTHER
35544,2023-09-02,THEFT
35545,09/02/2023,DRUG OFFENSE
35546,02-Sep-2023,BURGLARY
35547,02-Sep-2023,FRAUD
35548,2023-09-02,THEFT
35549,09/02/2023,VANDALISM
35550,02-Sep-2023,ROBBERY
35551,09/02/2023,BURGLARY
35552,2023-09-02,OTHER
35553,02-Sep-2023,THEFT
35554,02-Sep-2023,OTHER
35555,02-Sep-2023,VANDALISM
35556,09/02/2023,ASSAULT
35557,02-Sep-2023,ASSAULT
35558,09/03/2023,VANDALISM
35559,03-Sep-2023,THEFT
35560,2023-09-03,DRUG OFFENSE
35561,09/03/2023,ROBBERY
35562,03-Sep-2023,VANDALISM
35563,03-Sep-2023,FRAUD
35564,03-Sep-2023,VANDALISM
35565,09/03/2023,VANDALISM
35566,03-Sep-2023,FRAUD
35567,2023-09-03,THEFT
35568,09/03/2023,FRAUD
35569,03-Sep-2023,DRUG OFFENSE
35570,09/03/2023,OTHER
35571,09/03/2023,THEFT
35572,09/03/2023,FRAUD
35573,03-Sep-2023,DRUG OFFENSE
35574,03-Sep-2023,VANDALISM
35575,09/03/2023,BURGLARY
35576,2023-09-03,OTHER
35577,09/03/2023,VANDALISM
35578,09/03/2023,VANDALISM
35579,03-Sep-2023,VANDALISM
35580,09/03/2023,ASSAULT
35581,03-Sep-2023,FRAUD
35582,09/03/2023,BURGLARY
35583,09/03/2023,ROBBERY
35584,03-Sep-2023,BURGLARY
35585,03-Sep-2023,FRAUD
35586,09/03/2023,ROBBERY
35587,03-Sep-2023,THEFT
35588,09/03/2023,ASSAULT
35589,09/03/2023,DRUG OFFENSE
35590,03-Sep-2023,FRAUD
35591,03-Sep-2023,THEFT
35592,09/03/2023,FRAUD
35593,03-Sep-2023,ASSAULT
35594,03-Sep-2023,ROBBERY
35595,03-Sep-2023,ASSAULT
35596,03-Sep-2023,VANDALISM
35597,09/03/2023,ROBBERY
35598,09/03/2023,OTHER
35599,09/03/2023,VANDALISM
35600,2023-09-03,FRAUD
35601,03-Sep-2023,DRUG OFFENSE
35602,03-Sep-2023,VANDALISM
35603,03-Sep-2023,VANDALISM
35604,09/03/2023,OTHER
35605,03-Sep-2023,OTHER
35606,09/03/2023,ASSAULT
35607,2023-09-03,DRUG OFFENSE
35608,03-Sep-2023,FRAUD
35609,04-Sep-2023,THEFT
35610,04-Sep-2023,THEFT
35611,09/04/2023,DRUG OFFENSE
35612,2023-09-04,FRAUD
35613,04-Sep-2023,DRUG OFFENSE
35614,09/04/2023,ASSAULT
35615,09/04/2023,THEFT
35616,09/04/2023,BURGLARY
35617,09/04/2023,BURGLARY
35618,09/04/2023,FRAUD
35619,2023-09-04,ASSAULT
35620,04-Sep-2023,BURGLARY
35621,04-Sep-2023,ROBBERY
35622,2023-09-04,OTHER
35623,2023-09-04,DRUG OFFENSE
35624,04-Sep-2023,THEFT
35625,04-Sep-2023,BURGLARY
35626,09/04/2023,ASSAULT
35627,2023-09-04,DRUG OFFENSE
35628,04-Sep-2023,DRUG OFFENSE
35629,2023-09-04,ASSAULT
35630,04-Sep-2023,THEFT
35631,04-Sep-2023,THEFT
35632,04-Sep-2023,OTHER
35633,09/04/2023,BURGLARY
35634,09/04/2023,BURGLARY
35635,09/04/2023,OTHER
35636,09/04/2023,OTHER
35637,09/04/2023,DRUG OFFENSE
35638,04-Sep-2023,DRUG OFFENSE
35639,09/04/2023,OTHER
35640,2023-09-04,VANDALISM
35641,09/04/2023,ROBBERY
35642,04-Sep-2023,BURGLARY
35643,04-Sep-2023,THEFT
35644,09/04/2023,ASSAULT
35645,09/04/2023,VANDALISM
35646,09/04/2023,THEFT
35647,2023-09-04,THEFT
35648,2023-09-04,DRUG OFFENSE
35649,2023-09-04,FRAUD
35650,04-Sep-2023,THEFT
35651,04-Sep-2023,VANDALISM
35652,09/05/2023,FRAUD
35653,09/05/2023,THEFT
35654,2023-09-05,ASSAULT
35655,05-Sep-2023,FRAUD
35656,2023-09-05,ASSAULT
35657,05-Sep-2023,ASSAULT
35658,09/05/2023,DRUG OFFENSE
35659,05-Sep-2023,THEFT
35660,2023-09-05,DRUG OFFENSE
35661,2023-09-05,DRUG OFFENSE
35662,09/05/2023,FRAUD
35663,2023-09-05,THEFT
35664,2023-09-05,DRUG OFFENSE
35665,09/05/2023,THEFT
35666,09/05/2023,ROBBERY
35667,05-Sep-2023,FRAUD
35668,05-Sep-2023,ASSAULT
35669,05-Sep-2023,ASSAULT
35670,05-Sep-2023,DRUG OFFENSE
35671,09/05/2023,DRUG OFFENSE
35672,2023-09-05,BURGLARY
35673,2023-09-05,BURGLARY
35674,09/05/2023,BURGLARY
35675,05-Sep-2023,DRUG OFFENSE
35676,09/05/2023,FRAUD
35677,09/05/2023,ROBBERY
35678,05-Sep-2023,THEFT
35679,09/05/2023,VANDALISM
35680,09/05/2023,THEFT
35681,05-Sep-2023,OTHER
35682,09/05/2023,VANDALISM
35683,05-Sep-2023,THEFT
35684,05-Sep-2023,ASSAULT
35685,05-Sep-2023,ROBBERY
35686,2023-09-05,DRUG OFFENSE
35687,05-Sep-2023,ROBBERY
35688,2023-09-05,ASSAULT
35689,09/05/2023,FRAUD
35690,2023-09-06,OTHER
35691,06-Sep-2023,ROBBERY
35692,09/06/2023,VANDALISM
35693,09/06/2023,VANDALISM
35694,2023-09-06,OTHER
35695,2023-09-06,BURGLARY
35696,2023-09-06,ASSAULT
35697,09/06/2023,BURGLARY
35698,06-Sep-2023,THEFT
35699,2023-09-06,OTHER
35700,09/06/2023,DRUG OFFENSE
35701,2023-09-06,ASSAULT
35702,06-Sep-2023,ROBBERY
35703,09/06/2023,DRUG OFFENSE
35704,09/06/2023,ROBBERY
35705,09/06/2023,DRUG OFFENSE
35706,09/06/2023,DRUG OFFENSE
35707,06-Sep-2023,VANDALISM
35708,09/06/2023,ASSAULT
35709,06-Sep-2023,ASSAULT
35710,2023-09-06,THEFT
35711,09/06/2023,DRUG OFFENSE
35712,2023-09-06,ROBBERY
35713,06-Sep-2023,FRAUD
35714,2023-09-06,VANDALISM
35715,2023-09-06,VANDALISM
35716,06-Sep-2023,OTHER
35717,2023-09-06,OTHER
35718,09/06/2023,THEFT
35719,09/06/2023,THEFT
35720,06-Sep-2023,FRAUD
35721,09/06/2023,FRAUD
35722,06-Sep-2023,THEFT
35723,09/06/2023,BURGLARY
35724,06-Sep-2023,OTHER
35725,2023-09-06,ROBBERY
35726,06-Sep-2023,FRAUD
35727,09/06/2023,VANDALISM
35728,09/06/2023,DRUG OFFENSE
35729,2023-09-06,BURGLARY
35730,06-Sep-2023,FRAUD
35731,09/06/2023,ASSAULT
35732,06-Sep-2023,ROBBERY
35733,2023-09-06,FRAUD
35734,2023-09-06,ASSAULT
35735,2023-09-07,FRAUD
35736,07-Sep-2023,FRAUD
35737,07-Sep-2023,BURGLARY
35738,09/07/2023,FRAUD
35739,07-Sep-2023,ROBBERY
35740,09/07/2023,ROBBERY
35741,2023-09-07,ASSAULT
35742,09/07/2023,DRUG OFFENSE
35743,09/07/2023,ASSAULT
35744,09/07/2023,ROBBERY
35745,07-Sep-2023,ASSAULT
35746,07-Sep-2023,OTHER
35747,2023-09-07,BURGLARY
35748,07-Sep-2023,FRAUD
35749,2023-09-07,THEFT
35750,09/07/2023,BURGLARY
35751,07-Sep-2023,VANDALISM
35752,09/07/2023,ASSAULT
35753,2023-09-07,FRAUD
35754,07-Sep-2023,THEFT
35755,07-Sep-2023,BURGLARY
35756,2023-09-07,ROBBERY
35757,07-Sep-2023,ASSAULT
35758,2023-09-07,FRAUD
35759,2023-09-07,FRAUD
35760,07-Sep-2023,DRUG OFFENSE
35761,07-Sep-2023,ASSAULT
35762,07-Sep-2023,OTHER
35763,09/07/2023,ROBBERY
35764,07-Sep-2023,ASSAULT
35765,2023-09-07,ROBBERY
35766,2023-09-07,VANDALISM
35767,09/07/2023,OTHER
35768,2023-09-07,DRUG OFFENSE
35769,09/07/2023,THEFT
35770,07-Sep-2023,BURGLARY
35771,2023-09-07,DRUG OFFENSE
35772,09/07/2023,OTHER
35773,07-Sep-2023,DRUG OFFENSE
35774,2023-09-07,OTHER
35775,2023-09-07,ROBBERY
35776,09/07/2023,THEFT
35777,09/08/2023,BURGLARY
35778,08-Sep-2023,ASSAULT
35779,09/08/2023,ROBBERY
35780,08-Sep-2023,ASSAULT
35781,09/08/2023,THEFT
35782,08-Sep-2023,OTHER
35783,2023-09-08,BURGLARY
35784,2023-09-08,ROBBERY
35785,09/08/2023,ASSAULT
35786,2023-09-08,ROBBERY
35787,08-Sep-2023,OTHER
35788,09/08/2023,OTHER
35789,2023-09-08,THEFT
35790,2023-09-08,BURGLARY
35791,08-Sep-2023,VANDALISM
35792,09/08/2023,DRUG OFFENSE
35793,2023-09-08,VANDALISM
35794,09/08/2023,BURGLARY
35795,09/08/2023,VANDALISM
35796,2023-09-08,THEFT
35797,09/08/2023,OTHER
35798,09/08/2023,BURGLARY
35799,2023-09-08,BURGLARY
35800,08-Sep-2023,FRAUD
35801,09/08/2023,BURGLARY
35802,09/08/2023,BURGLARY
35803,09/08/2023,FRAUD
35804,2023-09-08,BURGLARY
35805,2023-09-08,FRAUD
35806,09/08/2023,ROBBERY
35807,08-Sep-2023,DRUG OFFENSE
35808,08-Sep-2023,THEFT
35809,09/08/2023,THEFT
35810,08-Sep-2023,OTHER
35811,09/08/2023,OTHER
35812,09/08/2023,ASSAULT
35813,2023-09-09,OTHER
35814,09/09/2023,ASSAULT
35815,09-Sep-2023,FRAUD
35816,2023-09-09,BURGLARY
35817,09-Sep-2023,VANDALISM
35818,09/09/2023,ROBBERY
35819,09/09/2023,BURGLARY
35820,09-Sep-2023,DRUG OFFENSE
35821,09-Sep-2023,OTHER
35822,09/09/2023,DRUG OFFENSE
35823,09-Sep-2023,OTHER
35824,09/09/2023,OTHER
35825,2023-09-09,THEFT
35826,2023-09-09,FRAUD
35827,09-Sep-2023,ROBBERY
35828,2023-09-09,OTHER
35829,09/09/2023,VANDALISM
35830,09/09/2023,FRAUD
35831,2023-09-09,VANDALISM
35832,09-Sep-2023,OTHER
35833,09/09/2023,DRUG OFFENSE
35834,09/09/2023,ASSAULT
35835,09-Sep-2023,OTHER
35836,09/09/2023,FRAUD
35837,09-Sep-2023,BURGLARY
35838,2023-09-09,VANDALISM
35839,09-Sep-2023,VANDALISM
35840,09/09/2023,ROBBERY
35841,2023-09-09,BURGLARY
35842,09/09/2023,THEFT
35843,09-Sep-2023,DRUG OFFENSE
35844,09-Sep-2023,ASSAULT
35845,09-Sep-2023,BURGLARY
35846,2023-09-09,ASSAULT
35847,2023-09-09,VANDALISM
35848,2023-09-09,BURGLARY
35849,09/09/2023,DRUG OFFENSE
35850,09/09/2023,DRUG OFFENSE
35851,09/09/2023,ROBBERY
35852,09/09/2023,ROBBERY
35853,09-Sep-2023,VANDALISM
35854,09/09/2023,FRAUD
35855,09-Sep-2023,BURGLARY
35856,2023-09-09,THEFT
35857,2023-09-09,FRAUD
35858,2023-09-09,FRAUD
35859,10-Sep-2023,ASSAULT
35860,10-Sep-2023,FRAUD
35861,10-Sep-2023,FRAUD
35862,2023-09-10,VANDALISM
35863,09/10/2023,VANDALISM
35864,10-Sep-2023,ASSAULT
35865,10-Sep-2023,BURGLARY
35866,09/10/2023,ROBBERY
35867,10-Sep-2023,BURGLARY
35868,10-Sep-2023,BURGLARY
35869,10-Sep-2023,BURGLARY
35870,09/10/2023,DRUG OFFENSE
35871,10-Sep-2023,ROBBERY
35872,09/10/2023,ROBBERY
35873,09/10/2023,DRUG OFFENSE
35874,09/10/2023,ROBBERY
35875,10-Sep-2023,ASSAULT
35876,09/10/2023,DRUG OFFENSE
35877,10-Sep-2023,OTHER
35878,09/10/2023,OTHER
35879,09/10/2023,BURGLARY
35880,2023-09-10,THEFT
35881,09/10/2023,VANDALISM
35882,09/10/2023,BURGLARY
35883,10-Sep-2023,FRAUD
35884,09/10/2023,DRUG OFFENSE
35885,09/10/2023,BURGLARY
35886,09/10/2023,DRUG OFFENSE
35887,09/10/2023,BURGLARY
35888,10-Sep-2023,ASSAULT
35889,09/10/2023,BURGLARY
35890,10-Sep-2023,FRAUD
35891,09/10/2023,ASSAULT
35892,10-Sep-2023,VANDALISM
35893,10-Sep-2023,ROBBERY
35894,10-Sep-2023,BURGLARY
35895,10-Sep-2023,VANDALISM
35896,09/10/2023,DRUG OFFENSE
35897,2023-09-10,ASSAULT
35898,09/10/2023,ROBBERY
35899,09/10/2023,OTHER
35900,10-Sep-2023,THEFT
35901,10-Sep-2023,ASSAULT
35902,09/10/2023,THEFT
35903,2023-09-10,VANDALISM
35904,09/10/2023,ASSAULT
35905,09/10/2023,ASSAULT
35906,2023-09-10,DRUG OFFENSE
35907,09/10/2023,THEFT
35908,10-Sep-2023,DRUG OFFENSE
35909,2023-09-11,OTHER
35910,09/11/2023,DRUG OFFENSE
35911,2023-09-11,DRUG OFFENSE
35912,2023-09-11,ROBBERY
35913,11-Sep-2023,VANDALISM
35914,11-Sep-2023,FRAUD
35915,09/11/2023,ASSAULT
35916,2023-09-11,BURGLARY
35917,11-Sep-2023,FRAUD
35918,2023-09-11,BURGLARY
35919,11-Sep-2023,BURGLARY
35920,2023-09-11,ASSAULT
35921,09/11/2023,ROBBERY
35922,09/11/2023,DRUG OFFENSE
35923,2023-09-11,FRAUD
35924,11-Sep-2023,DRUG OFFENSE
35925,2023-09-11,OTHER
35926,2023-09-11,VANDALISM
35927,2023-09-11,ASSAULT
35928,09/11/2023,ASSAULT
35929,11-Sep-2023,OTHER
35930,09/11/2023,DRUG OFFENSE
35931,11-Sep-2023,ASSAULT
35932,11-Sep-2023,DRUG OFFENSE
35933,11-Sep-2023,VANDALISM
35934,11-Sep-2023,VANDALISM
35935,2023-09-11,ROBBERY
35936,2023-09-11,ASSAULT
35937,09/11/2023,ROBBERY
35938,11-Sep-2023,DRUG OFFENSE
35939,2023-09-11,THEFT
35940,11-Sep-2023,OTHER
35941,09/11/2023,THEFT
35942,2023-09-11,BURGLARY
35943,2023-09-11,VANDALISM
35944,09/11/2023,VANDALISM
35945,11-Sep-2023,ASSAULT
35946,09/11/2023,DRUG OFFENSE
35947,09/11/2023,FRAUD
35948,11-Sep-2023,ASSAULT
35949,2023-09-11,FRAUD
35950,09/11/2023,BURGLARY
35951,09/11/2023,VANDALISM
35952,12-Sep-2023,BURGLARY
35953,09/12/2023,OTHER
35954,12-Sep-2023,OTHER
35955,12-Sep-2023,BURGLARY
35956,2023-09-12,FRAUD
35957,2023-09-12,DRUG OFFENSE
35958,09/12/2023,VANDALISM
35959,12-Sep-2023,ASSAULT
35960,2023-09-12,ROBBERY
35961,09/12/2023,VANDALISM
35962,09/12/2023,VANDALISM
35963,2023-09-12,ROBBERY
35964,09/12/2023,ASSAULT
35965,09/12/2023,VANDALISM
35966,12-Sep-2023,OTHER
35967,2023-09-12,OTHER
35968,12-Sep-2023,DRUG OFFENSE
35969,2023-09-12,THEFT
35970,09/12/2023,BURGLARY
35971,12-Sep-2023,ASSAULT
35972,09/12/2023,OTHER
35973,12-Sep-2023,BURGLARY
35974,2023-09-12,ROBBERY
35975,09/12/2023,BURGLARY
35976,2023-09-12,DRUG OFFENSE
35977,2023-09-12,VANDALISM
35978,09/12/2023,THEFT
35979,09/12/2023,DRUG OFFENSE
35980,09/12/2023,VANDALISM
35981,12-Sep-2023,ASSAULT
35982,12-Sep-2023,FRAUD
35983,12-Sep-2023,THEFT
35984,09/12/2023,ASSAULT
35985,09/12/2023,DRUG OFFENSE
35986,09/12/2023,DRUG OFFENSE
35987,12-Sep-2023,THEFT
35988,2023-09-12,VANDALISM
35989,09/12/2023,FRAUD
35990,2023-09-12,ROBBERY
35991,12-Sep-2023,FRAUD
35992,12-Sep-2023,OTHER
35993,13-Sep-2023,ASSAULT
35994,13-Sep-2023,OTHER
35995,2023-09-13,BURGLARY
35996,2023-09-13,DRUG OFFENSE
35997,2023-09-13,DRUG OFFENSE
35998,09/13/2023,THEFT
35999,2023-09-13,FRAUD
36000,13-Sep-2023,FRAUD
36001,09/13/2023,DRUG OFFENSE
36002,2023-09-13,FRAUD
36003,13-Sep-2023,FRAUD
36004,2023-09-13,VANDALISM
36005,13-Sep-2023,BURGLARY
36006,09/13/2023,ASSAULT
36007,09/13/2023,VANDALISM
36008,09/13/2023,VANDALISM
36009,13-Sep-2023,BURGLARY
36010,13-Sep-2023,THEFT
36011,13-Sep-2023,ROBBERY
36012,2023-09-13,DRUG OFFENSE
36013,13-Sep-2023,FRAUD
36014,2023-09-13,VANDALISM
36015,13-Sep-2023,DRUG OFFENSE
36016,2023-09-13,VANDALISM
36017,13-Sep-2023,ASSAULT
36018,13-Sep-2023,THEFT
36019,09/13/2023,ROBBERY
36020,13-Sep-2023,FRAUD
36021,09/13/2023,VANDALISM
36022,2023-09-13,ROBBERY
36023,13-Sep-2023,BURGLARY
36024,13-Sep-2023,ROBBERY
36025,09/13/2023,ROBBERY
36026,13-Sep-2023,ROBBERY
36027,13-Sep-2023,ROBBERY
36028,2023-09-13,DRUG OFFENSE
36029,09/13/2023,DRUG OFFENSE
36030,09/13/2023,VANDALISM
36031,2023-09-13,FRAUD
36032,2023-09-13,ROBBERY
36033,13-Sep-2023,OTHER
36034,13-Sep-2023,OTHER
36035,09/13/2023,OTHER
36036,2023-09-13,DRUG OFFENSE
36037,09/13/2023,VANDALISM
36038,09/13/2023,OTHER
36039,13-Sep-2023,ROBBERY
36040,09/13/2023,OTHER
36041,14-Sep-2023,BURGLARY
36042,09/14/2023,ASSAULT
36043,09/14/2023,OTHER
36044,14-Sep-2023,BURGLARY
36045,09/14/2023,VANDALISM
36046,14-Sep-2023,BURGLARY
36047,09/14/2023,VANDALISM
36048,09/14/2023,THEFT
36049,14-Sep-2023,FRAUD
36050,09/14/2023,DRUG OFFENSE
36051,2023-09-14,ROBBERY
36052,2023-09-14,OTHER
36053,09/14/2023,ASSAULT
36054,2023-09-14,FRAUD
36055,14-Sep-2023,VANDALISM
36056,09/14/2023,VANDALISM
36057,09/14/2023,BURGLARY
36058,2023-09-14,VANDALISM
36059,14-Sep-2023,BURGLARY
36060,09/14/2023,OTHER
36061,14-Sep-2023,FRAUD
36062,14-Sep-2023,ROBBERY
36063,09/14/2023,FRAUD
36064,2023-09-14,VANDALISM
36065,2023-09-14,DRUG OFFENSE
36066,09/14/2023,THEFT
36067,2023-09-14,THEFT
36068,14-Sep-2023,VANDALISM
36069,14-Sep-2023,FRAUD
36070,09/14/2023,OTHER
36071,2023-09-14,ROBBERY
36072,14-Sep-2023,OTHER
36073,09/14/2023,FRAUD
36074,2023-09-14,FRAUD
36075,09/14/2023,ASSAULT
36076,2023-09-14,FRAUD
36077,14-Sep-2023,DRUG OFFENSE
36078,2023-09-15,DRUG OFFENSE
36079,09/15/2023,BURGLARY
36080,15-Sep-2023,THEFT
36081,09/15/2023,BURGLARY
36082,15-Sep-2023,ASSAULT
36083,15-Sep-2023,ROBBERY
36084,15-Sep-2023,FRAUD
36085,15-Sep-2023,OTHER
36086,15-Sep-2023,ROBBERY
36087,09/15/2023,BURGLARY
36088,09/15/2023,OTHER
36089,15-Sep-2023,FRAUD
36090,09/15/2023,THEFT
36091,09/15/2023,DRUG OFFENSE
36092,09/15/2023,FRAUD
36093,09/15/2023,ASSAULT
36094,09/15/2023,ROBBERY
36095,09/15/2023,THEFT
36096,09/15/2023,ROBBERY
36097,09/15/2023,OTHER
36098,2023-09-15,FRAUD
36099,2023-09-15,FRAUD
36100,15-Sep-2023,FRAUD
36101,2023-09-15,ASSAULT
36102,09/15/2023,VANDALISM
36103,2023-09-15,ASSAULT
36104,2023-09-15,DRUG OFFENSE
36105,2023-09-15,ASSAULT
36106,15-Sep-2023,THEFT
36107,09/15/2023,BURGLARY
36108,15-Sep-2023,BURGLARY
36109,15-Sep-2023,BURGLARY
36110,2023-09-15,ROBBERY
36111,15-Sep-2023,OTHER
36112,09/15/2023,DRUG OFFENSE
36113,2023-09-15,DRUG OFFENSE
36114,2023-09-15,THEFT
36115,09/15/2023,VANDALISM
36116,15-Sep-2023,OTHER
36117,09/15/2023,DRUG OFFENSE
36118,15-Sep-2023,OTHER
36119,2023-09-15,THEFT
36120,09/15/2023,OTHER
36121,2023-09-15,ASSAULT
36122,09/15/2023,ASSAULT
36123,09/15/2023,BURGLARY
36124,2023-09-15,FRAUD
36125,15-Sep-2023,OTHER
36126,15-Sep-2023,DRUG OFFENSE
36127,2023-09-15,THEFT
36128,15-Sep-2023,VANDALISM
36129,09/15/2023,VANDALISM
36130,2023-09-15,THEFT
36131,2023-09-16,OTHER
36132,2023-09-16,DRUG OFFENSE
36133,09/16/2023,DRUG OFFENSE
36134,2023-09-16,ASSAULT
36135,16-Sep-2023,OTHER
36136,2023-09-16,THEFT
36137,09/16/2023,FRAUD
36138,09/16/2023,DRUG OFFENSE
36139,09/16/2023,ASSAULT
36140,09/16/2023,OTHER
36141,2023-09-16,DRUG OFFENSE
36142,09/16/2023,THEFT
36143,09/16/2023,OTHER
36144,2023-09-16,THEFT
36145,09/16/2023,DRUG OFFENSE
36146,16-Sep-2023,BURGLARY
36147,09/16/2023,ROBBERY
36148,2023-09-16,DRUG OFFENSE
36149,16-Sep-2023,VANDALISM
36150,2023-09-16,BURGLARY
36151,2023-09-16,BURGLARY
36152,09/16/2023,THEFT
36153,16-Sep-2023,THEFT
36154,09/16/2023,OTHER
36155,16-Sep-2023,VANDALISM
36156,2023-09-16,THEFT
36157,09/16/2023,VANDALISM
36158,09/16/2023,THEFT
36159,2023-09-16,ROBBERY
36160,09/16/2023,ROBBERY
36161,16-Sep-2023,THEFT
36162,09/16/2023,OTHER
36163,09/16/2023,BURGLARY
36164,09/16/2023,ROBBERY
36165,09/16/2023,OTHER
36166,09/16/2023,THEFT
36167,09/16/2023,FRAUD
36168,09/16/2023,DRUG OFFENSE
36169,16-Sep-2023,ROBBERY
36170,09/16/2023,BURGLARY
36171,2023-09-16,FRAUD
36172,09/16/2023,OTHER
36173,2023-09-16,ASSAULT
36174,09/16/2023,FRAUD
36175,2023-09-16,FRAUD
36176,09/16/2023,DRUG OFFENSE
36177,09/16/2023,ROBBERY
36178,2023-09-16,VANDALISM
36179,2023-09-16,BURGLARY
36180,09/16/2023,BURGLARY
36181,2023-09-16,VANDALISM
36182,2023-09-17,VANDALISM
36183,17-Sep-2023,BURGLARY
36184,09/17/2023,FRAUD
36185,2023-09-17,OTHER
36186,17-Sep-2023,THEFT
36187,09/17/2023,DRUG OFFENSE
36188,09/17/2023,ASSAULT
36189,2023-09-17,VANDALISM
36190,2023-09-17,OTHER
36191,09/17/2023,DRUG OFFENSE
36192,17-Sep-2023,THEFT
36193,09/17/2023,ROBBERY
36194,2023-09-17,ROBBERY
36195,17-Sep-2023,ASSAULT
36196,09/17/2023,BURGLARY
36197,17-Sep-2023,OTHER
36198,09/17/2023,THEFT
36199,17-Sep-2023,OTHER
36200,17-Sep-2023,THEFT
36201,09/17/2023,THEFT
36202,17-Sep-2023,BURGLARY
36203,09/17/2023,FRAUD
36204,09/17/2023,VANDALISM
36205,2023-09-17,VANDALISM
36206,17-Sep-2023,BURGLARY
36207,17-Sep-2023,ASSAULT
36208,09/17/2023,ROBBERY
36209,2023-09-17,FRAUD
36210,17-Sep-2023,DRUG OFFENSE
36211,09/17/2023,VANDALISM
36212,17-Sep-2023,BURGLARY
36213,2023-09-17,DRUG OFFENSE
36214,09/17/2023,ASSAULT
36215,09/17/2023,THEFT
36216,2023-09-17,BURGLARY
36217,09/17/2023,FRAUD
36218,17-Sep-2023,DRUG OFFENSE
36219,09/17/2023,FRAUD
36220,17-Sep-2023,FRAUD
36221,2023-09-17,DRUG OFFENSE
36222,17-Sep-2023,VANDALISM
36223,17-Sep-2023,ROBBERY
36224,2023-09-17,BURGLARY
36225,09/17/2023,DRUG OFFENSE
36226,2023-09-17,BURGLARY
36227,17-Sep-2023,DRUG OFFENSE
36228,17-Sep-2023,FRAUD
36229,09/17/2023,BURGLARY
36230,09/17/2023,ASSAULT
36231,09/17/2023,BURGLARY
36232,2023-09-17,DRUG OFFENSE
36233,09/17/2023,OTHER
36234,09/17/2023,ASSAULT
36235,09/18/2023,OTHER
36236,09/18/2023,DRUG OFFENSE
36237,09/18/2023,THEFT
36238,09/18/2023,ROBBERY
36239,09/18/2023,VANDALISM
36240,2023-09-18,DRUG OFFENSE
36241,18-Sep-2023,THEFT
36242,18-Sep-2023,DRUG OFFENSE
36243,2023-09-18,VANDALISM
36244,18-Sep-2023,ROBBERY
36245,2023-09-18,ROBBERY
36246,09/18/2023,DRUG OFFENSE
36247,09/18/2023,ASSAULT
36248,2023-09-18,OTHER
36249,09/18/2023,ROBBERY
36250,2023-09-18,DRUG OFFENSE
36251,2023-09-18,VANDALISM
36252,09/18/2023,OTHER
36253,09/18/2023,FRAUD
36254,18-Sep-2023,ROBBERY
36255,18-Sep-2023,FRAUD
36256,09/18/2023,OTHER
36257,09/18/2023,THEFT
36258,2023-09-18,OTHER
36259,18-Sep-2023,VANDALISM
36260,18-Sep-2023,FRAUD
36261,09/18/2023,OTHER
36262,2023-09-18,DRUG OFFENSE
36263,09/18/2023,OTHER
36264,2023-09-18,ASSAULT
36265,2023-09-18,VANDALISM
36266,18-Sep-2023,BURGLARY
36267,18-Sep-2023,BURGLARY
36268,09/18/2023,ROBBERY
36269,09/18/2023,THEFT
36270,18-Sep-2023,FRAUD
36271,2023-09-18,FRAUD
36272,18-Sep-2023,DRUG OFFENSE
36273,2023-09-18,OTHER
36274,09/18/2023,THEFT
36275,09/18/2023,BURGLARY
36276,09/18/2023,DRUG OFFENSE
36277,18-Sep-2023,ASSAULT
36278,18-Sep-2023,ROBBERY
36279,09/18/2023,THEFT
36280,09/18/2023,ASSAULT
36281,09/18/2023,DRUG OFFENSE
36282,09/19/2023,VANDALISM
36283,09/19/2023,FRAUD
36284,19-Sep-2023,THEFT
36285,19-Sep-2023,THEFT
36286,2023-09-19,ASSAULT
36287,19-Sep-2023,VANDALISM
36288,09/19/2023,THEFT
36289,19-Sep-2023,DRUG OFFENSE
36290,2023-09-19,OTHER
36291,09/19/2023,FRAUD
36292,2023-09-19,FRAUD
36293,09/19/2023,ASSAULT
36294,09/19/2023,FRAUD
36295,19-Sep-2023,ASSAULT
36296,19-Sep-2023,DRUG OFFENSE
36297,09/19/2023,ASSAULT
36298,09/19/2023,VANDALISM
36299,19-Sep-2023,ROBBERY
36300,2023-09-19,ROBBERY
36301,09/19/2023,ROBBERY
36302,2023-09-19,VANDALISM
36303,09/19/2023,ASSAULT
36304,19-Sep-2023,BURGLARY
36305,09/19/2023,VANDALISM
36306,19-Sep-2023,FRAUD
36307,19-Sep-2023,OTHER
36308,09/19/2023,DRUG OFFENSE
36309,09/19/2023,THEFT
36310,2023-09-19,ASSAULT
36311,09/19/2023,ROBBERY
36312,19-Sep-2023,DRUG OFFENSE
36313,09/19/2023,THEFT
36314,2023-09-19,ASSAULT
36315,09/19/2023,THEFT
36316,09/19/2023,ROBBERY
36317,19-Sep-2023,BURGLARY
36318,19-Sep-2023,BURGLARY
36319,09/19/2023,ROBBERY
36320,19-Sep-2023,THEFT
36321,19-Sep-2023,OTHER
36322,2023-09-19,BURGLARY
36323,19-Sep-2023,FRAUD
36324,09/19/2023,DRUG OFFENSE
36325,19-Sep-2023,VANDALISM
36326,20-Sep-2023,THEFT
36327,20-Sep-2023,ASSAULT
36328,09/20/2023,BURGLARY
36329,20-Sep-2023,FRAUD
36330,09/20/2023,OTHER
36331,2023-09-20,DRUG OFFENSE
36332,2023-09-20,THEFT
36333,09/20/2023,FRAUD
36334,2023-09-20,THEFT
36335,09/20/2023,THEFT
36336,2023-09-20,BURGLARY
36337,2023-09-20,VANDALISM
36338,2023-09-20,ASSAULT
36339,09/20/2023,VANDALISM
36340,09/20/2023,DRUG OFFENSE
36341,2023-09-20,THEFT
36342,20-Sep-2023,OTHER
36343,20-Sep-2023,THEFT
36344,2023-09-20,BURGLARY
36345,20-Sep-2023,OTHER
36346,20-Sep-2023,ROBBERY
36347,09/20/2023,ROBBERY
36348,2023-09-20,BURGLARY
36349,09/20/2023,THEFT
36350,20-Sep-2023,ASSAULT
36351,09/20/2023,BURGLARY
36352,20-Sep-2023,THEFT
36353,09/20/2023,THEFT
36354,09/20/2023,ROBBERY
36355,20-Sep-2023,VANDALISM
36356,09/20/2023,OTHER
36357,20-Sep-2023,OTHER
36358,09/20/2023,BURGLARY
36359,2023-09-20,BURGLARY
36360,09/20/2023,ROBBERY
36361,2023-09-20,THEFT
36362,09/21/2023,ROBBERY
36363,09/21/2023,ROBBERY
36364,21-Sep-2023,ROBBERY
36365,21-Sep-2023,ROBBERY
36366,2023-09-21,BURGLARY
36367,09/21/2023,ASSAULT
36368,09/21/2023,OTHER
36369,2023-09-21,ROBBERY
36370,21-Sep-2023,DRUG OFFENSE
36371,09/21/2023,BURGLARY
36372,09/21/2023,ASSAULT
36373,2023-09-21,ASSAULT
36374,2023-09-21,THEFT
36375,21-Sep-2023,THEFT
36376,09/21/2023,THEFT
36377,09/21/2023,BURGLARY
36378,2023-09-21,ASSAULT
36379,09/21/2023,ASSAULT
36380,2023-09-21,THEFT
36381,2023-09-21,THEFT
36382,2023-09-21,FRAUD
36383,09/21/2023,VANDALISM
36384,09/21/2023,DRUG OFFENSE
36385,09/21/2023,ASSAULT
36386,21-Sep-2023,ASSAULT
36387,09/21/2023,THEFT
36388,09/21/2023,ASSAULT
36389,21-Sep-2023,THEFT
36390,21-Sep-2023,DRUG OFFENSE
36391,2023-09-21,ASSAULT
36392,21-Sep-2023,ASSAULT
36393,2023-09-21,BURGLARY
36394,21-Sep-2023,DRUG OFFENSE
36395,09/21/2023,OTHER
36396,09/21/2023,ROBBERY
36397,2023-09-21,ROBBERY
36398,09/21/2023,OTHER
36399,21-Sep-2023,THEFT
36400,21-Sep-2023,OTHER
36401,21-Sep-2023,DRUG OFFENSE
36402,22-Sep-2023,OTHER
36403,2023-09-22,OTHER
36404,09/22/2023,BURGLARY
36405,22-Sep-2023,THEFT
36406,2023-09-22,THEFT
36407,09/22/2023,ROBBERY
36408,09/22/2023,THEFT
36409,09/22/2023,BURGLARY
36410,09/22/2023,ASSAULT
36411,22-Sep-2023,DRUG OFFENSE
36412,09/22/2023,THEFT
36413,09/22/2023,THEFT
36414,09/22/2023,ASSAULT
36415,22-Sep-2023,THEFT
36416,2023-09-22,THEFT
36417,22-Sep-2023,ROBBERY
36418,09/22/2023,THEFT
36419,2023-09-22,THEFT
36420,22-Sep-2023,ASSAULT
36421,09/22/2023,FRAUD
36422,09/22/2023,BURGLARY
36423,22-Sep-2023,ROBBERY
36424,2023-09-22,BURGLARY
36425,22-Sep-2023,BURGLARY
36426,2023-09-22,VANDALISM
36427,09/22/2023,VANDALISM
36428,2023-09-22,OTHER
36429,09/22/2023,FRAUD
36430,09/22/2023,THEFT
36431,22-Sep-2023,ROBBERY
36432,09/22/2023,ASSAULT
36433,09/22/2023,THEFT
36434,09/22/2023,THEFT
36435,09/22/2023,ROBBERY
36436,22-Sep-2023,FRAUD
36437,09/22/2023,THEFT
36438,09/22/2023,OTHER
36439,09/22/2023,ASSAULT
36440,09/22/2023,DRUG OFFENSE
36441,22-Sep-2023,ASSAULT
36442,09/22/2023,FRAUD
36443,23-Sep-2023,ASSAULT
36444,09/23/2023,BURGLARY
36445,23-Sep-2023,ASSAULT
36446,23-Sep-2023,FRAUD
36447,09/23/2023,ROBBERY
36448,09/23/2023,OTHER
36449,2023-09-23,ASSAULT
36450,2023-09-23,FRAUD
36451,23-Sep-2023,THEFT
36452,2023-09-23,ASSAULT
36453,23-Sep-2023,DRUG OFFENSE
36454,09/23/2023,FRAUD
36455,23-Sep-2023,ROBBERY
36456,23-Sep-2023,ROBBERY
36457,09/23/2023,FRAUD
36458,2023-09-23,THEFT
36459,09/23/2023,VANDALISM
36460,09/23/2023,ROBBERY
36461,09/23/2023,FRAUD
36462,09/23/2023,DRUG OFFENSE
36463,09/23/2023,OTHER
36464,2023-09-23,DRUG OFFENSE
36465,23-Sep-2023,DRUG OFFENSE
36466,2023-09-23,BURGLARY
36467,23-Sep-2023,OTHER
36468,2023-09-23,OTHER
36469,23-Sep-2023,FRAUD
36470,23-Sep-2023,BURGLARY
36471,09/23/2023,BURGLARY
36472,09/23/2023,BURGLARY
36473,09/23/2023,OTHER
36474,09/23/2023,VANDALISM
36475,09/23/2023,VANDALISM
36476,2023-09-23,ASSAULT
36477,09/23/2023,THEFT
36478,2023-09-23,BURGLARY
36479,09/23/2023,ASSAULT
36480,23-Sep-2023,ASSAULT
36481,2023-09-23,THEFT
36482,09/23/2023,ROBBERY
36483,23-Sep-2023,FRAUD
36484,09/23/2023,FRAUD
36485,2023-09-23,ROBBERY
36486,2023-09-23,THEFT
36487,2023-09-24,OTHER
36488,09/24/2023,OTHER
36489,09/24/2023,OTHER
36490,24-Sep-2023,BURGLARY
36491,24-Sep-2023,OTHER
36492,24-Sep-2023,THEFT
36493,24-Sep-2023,OTHER
36494,2023-09-24,ROBBERY
36495,24-Sep-2023,FRAUD
36496,24-Sep-2023,THEFT
36497,24-Sep-2023,THEFT
36498,09/24/2023,DRUG OFFENSE
36499,24-Sep-2023,ASSAULT
36500,09/24/2023,ASSAULT
36501,09/24/2023,FRAUD
36502,09/24/2023,OTHER
36503,09/24/2023,VANDALISM
36504,2023-09-24,FRAUD
36505,24-Sep-2023,FRAUD
36506,24-Sep-2023,THEFT
36507,2023-09-24,DRUG OFFENSE
36508,24-Sep-2023,DRUG OFFENSE
36509,2023-09-24,FRAUD
36510,09/24/2023,THEFT
36511,2023-09-24,VANDALISM
36512,09/24/2023,ASSAULT
36513,2023-09-24,FRAUD
36514,2023-09-24,ASSAULT
36515,24-Sep-2023,VANDALISM
36516,2023-09-24,VANDALISM
36517,2023-09-24,THEFT
36518,24-Sep-2023,VANDALISM
36519,09/24/2023,DRUG OFFENSE
36520,2023-09-24,BURGLARY
36521,09/24/2023,THEFT
36522,2023-09-24,BURGLARY
36523,2023-09-24,THEFT
36524,24-Sep-2023,THEFT
36525,2023-09-24,DRUG OFFENSE
36526,2023-09-24,ASSAULT
36527,09/24/2023,VANDALISM
36528,24-Sep-2023,BURGLARY
36529,09/24/2023,BURGLARY
36530,24-Sep-2023,BURGLARY
36531,09/24/2023,ASSAULT
36532,2023-09-24,DRUG OFFENSE
36533,09/24/2023,ASSAULT
36534,24-Sep-2023,BURGLARY
36535,2023-09-24,ASSAULT
36536,24-Sep-2023,ROBBERY
36537,09/24/2023,FRAUD
36538,09/24/2023,ROBBERY
36539,09/24/2023,FRAUD
36540,2023-09-24,OTHER
36541,2023-09-24,ASSAULT
36542,2023-09-24,VANDALISM
36543,09/25/2023,ROBBERY
36544,2023-09-25,VANDALISM
36545,25-Sep-2023,DRUG OFFENSE
36546,2023-09-25,BURGLARY
36547,2023-09-25,OTHER
36548,09/25/2023,THEFT
36549,25-Sep-2023,DRUG OFFENSE
36550,2023-09-25,ROBBERY
36551,09/25/2023,FRAUD
36552,09/25/2023,ASSAULT
36553,2023-09-25,DRUG OFFENSE
36554,25-Sep-2023,BURGLARY
36555,09/25/2023,ROBBERY
36556,09/25/2023,OTHER
36557,2023-09-25,ROBBERY
36558,09/25/2023,OTHER
36559,09/25/2023,FRAUD
36560,25-Sep-2023,OTHER
36561,2023-09-25,VANDALISM
36562,25-Sep-2023,BURGLARY
36563,2023-09-25,ROBBERY
36564,2023-09-25,ROBBERY
36565,25-Sep-2023,FRAUD
36566,09/25/2023,ASSAULT
36567,25-Sep-2023,OTHER
36568,2023-09-25,VANDALISM
36569,25-Sep-2023,ASSAULT
36570,25-Sep-2023,ASSAULT
36571,09/25/2023,DRUG OFFENSE
36572,25-Sep-2023,THEFT
36573,25-Sep-2023,VANDALISM
36574,09/25/2023,VANDALISM
36575,09/25/2023,FRAUD
36576,2023-09-25,THEFT
36577,09/25/2023,OTHER
36578,25-Sep-2023,THEFT
36579,09/25/2023,BURGLARY
36580,09/25/2023,FRAUD
36581,09/25/2023,ASSAULT
36582,2023-09-26,BURGLARY
36583,09/26/2023,VANDALISM
36584,09/26/2023,OTHER
36585,09/26/2023,ROBBERY
36586,09/26/2023,VANDALISM
36587,2023-09-26,THEFT
36588,26-Sep-2023,DRUG OFFENSE
36589,09/26/2023,VANDALISM
36590,26-Sep-2023,FRAUD
36591,26-Sep-2023,FRAUD
36592,2023-09-26,ASSAULT
36593,2023-09-26,VANDALISM
36594,09/26/2023,ROBBERY
36595,2023-09-26,ASSAULT
36596,09/26/2023,ROBBERY
36597,26-Sep-2023,OTHER
36598,09/26/2023,VANDALISM
36599,2023-09-26,FRAUD
36600,26-Sep-2023,FRAUD
36601,2023-09-26,BURGLARY
36602,26-Sep-2023,OTHER
36603,26-Sep-2023,VANDALISM
36604,26-Sep-2023,BURGLARY
36605,2023-09-26,ROBBERY
36606,09/26/2023,FRAUD
36607,2023-09-26,OTHER
36608,26-Sep-2023,ASSAULT
36609,26-Sep-2023,ASSAULT
36610,26-Sep-2023,FRAUD
36611,2023-09-26,ROBBERY
36612,26-Sep-2023,BURGLARY
36613,2023-09-26,OTHER
36614,2023-09-26,THEFT
36615,26-Sep-2023,ASSAULT
36616,09/26/2023,OTHER
36617,2023-09-26,ASSAULT
36618,09/26/2023,BURGLARY
36619,26-Sep-2023,OTHER
36620,2023-09-26,THEFT
36621,09/26/2023,VANDALISM
36622,2023-09-26,THEFT
36623,09/26/2023,OTHER
36624,09/26/2023,OTHER
36625,09/26/2023,ASSAULT
36626,09/26/2023,DRUG OFFENSE
36627,09/26/2023,BURGLARY
36628,09/26/2023,VANDALISM
36629,09/26/2023,ROBBERY
36630,09/26/2023,FRAUD
36631,26-Sep-2023,FRAUD
36632,09/27/2023,OTHER
36633,2023-09-27,OTHER
36634,2023-09-27,ASSAULT
36635,2023-09-27,VANDALISM
36636,2023-09-27,BURGLARY
36637,09/27/2023,THEFT
36638,09/27/2023,DRUG OFFENSE
36639,27-Sep-2023,VANDALISM
36640,27-Sep-2023,FRAUD
36641,09/27/2023,OTHER
36642,27-Sep-2023,ROBBERY
36643,27-Sep-2023,ASSAULT
36644,27-Sep-2023,ASSAULT
36645,09/27/2023,FRAUD
36646,2023-09-27,ROBBERY
36647,2023-09-27,THEFT
36648,2023-09-27,ROBBERY
36649,27-Sep-2023,DRUG OFFENSE
36650,09/27/2023,BURGLARY
36651,09/27/2023,ROBBERY
36652,27-Sep-2023,VANDALISM
36653,09/27/2023,ASSAULT
36654,27-Sep-2023,OTHER
36655,2023-09-27,VANDALISM
36656,09/27/2023,VANDALISM
36657,09/27/2023,THEFT
36658,27-Sep-2023,VANDALISM
36659,09/27/2023,VANDALISM
36660,27-Sep-2023,VANDALISM
36661,09/27/2023,FRAUD
36662,27-Sep-2023,ROBBERY
36663,09/27/2023,ROBBERY
36664,09/27/2023,BURGLARY
36665,27-Sep-2023,THEFT
36666,2023-09-27,ROBBERY
36667,27-Sep-2023,BURGLARY
36668,27-Sep-2023,VANDALISM
36669,27-Sep-2023,ASSAULT
36670,09/27/2023,VANDALISM
36671,2023-09-27,BURGLARY
36672,27-Sep-2023,DRUG OFFENSE
36673,09/27/2023,THEFT
36674,2023-09-27,VANDALISM
36675,27-Sep-2023,ASSAULT
36676,2023-09-27,FRAUD
36677,2023-09-27,ROBBERY
36678,27-Sep-2023,ASSAULT
36679,2023-09-28,OTHER
36680,09/28/2023,OTHER
36681,2023-09-28,VANDALISM
36682,28-Sep-2023,ROBBERY
36683,2023-09-28,ROBBERY
36684,09/28/2023,THEFT
36685,09/28/2023,ASSAULT
36686,2023-09-28,OTHER
36687,28-Sep-2023,THEFT
36688,09/28/2023,OTHER
36689,09/28/2023,THEFT
36690,09/28/2023,DRUG OFFENSE
36691,2023-09-28,ASSAULT
36692,2023-09-28,ROBBERY
36693,28-Sep-2023,ASSAULT
36694,28-Sep-2023,BURGLARY
36695,28-Sep-2023,DRUG OFFENSE
36696,28-Sep-2023,FRAUD
36697,09/28/2023,BURGLARY
36698,2023-09-28,BURGLARY
36699,2023-09-28,THEFT
36700,09/28/2023,THEFT
36701,28-Sep-2023,BURGLARY
36702,09/28/2023,ROBBERY
36703,09/28/2023,FRAUD
36704,28-Sep-2023,VANDALISM
36705,09/28/2023,BURGLARY
36706,28-Sep-2023,OTHER
36707,2023-09-28,THEFT
36708,28-Sep-2023,OTHER
36709,09/28/2023,ASSAULT
36710,28-Sep-2023,ROBBERY
36711,2023-09-28,ROBBERY
36712,2023-09-28,DRUG OFFENSE
36713,28-Sep-2023,OTHER
36714,09/28/2023,DRUG OFFENSE
36715,28-Sep-2023,FRAUD
36716,09/28/2023,DRUG OFFENSE
36717,28-Sep-2023,OTHER
36718,2023-09-28,OTHER
36719,2023-09-28,FRAUD
36720,28-Sep-2023,VANDALISM
36721,2023-09-28,VANDALISM
36722,09/28/2023,ASSAULT
36723,28-Sep-2023,ASSAULT
36724,29-Sep-2023,FRAUD
36725,2023-09-29,THEFT
36726,2023-09-29,VANDALISM
36727,29-Sep-2023,THEFT
36728,09/29/2023,ASSAULT
36729,29-Sep-2023,THEFT
36730,2023-09-29,FRAUD
36731,29-Sep-2023,ASSAULT
36732,09/29/2023,BURGLARY
36733,2023-09-29,FRAUD
36734,09/29/2023,BURGLARY
36735,09/29/2023,ROBBERY
36736,2023-09-29,VANDALISM
36737,2023-09-29,THEFT
36738,2023-09-29,THEFT
36739,09/29/2023,BURGLARY
36740,09/29/2023,FRAUD
36741,29-Sep-2023,DRUG OFFENSE
36742,09/29/2023,OTHER
36743,29-Sep-2023,FRAUD
36744,09/29/2023,OTHER
36745,09/29/2023,ASSAULT
36746,29-Sep-2023,DRUG OFFENSE
36747,09/29/2023,BURGLARY
36748,09/29/2023,FRAUD
36749,29-Sep-2023,THEFT
36750,2023-09-29,THEFT
36751,09/29/2023,THEFT
36752,09/29/2023,ASSAULT
36753,2023-09-29,OTHER
36754,2023-09-29,DRUG OFFENSE
36755,29-Sep-2023,DRUG OFFENSE
36756,09/29/2023,DRUG OFFENSE
36757,2023-09-29,ASSAULT
36758,29-Sep-2023,BURGLARY
36759,2023-09-29,FRAUD
36760,09/29/2023,VANDALISM
36761,2023-09-29,FRAUD
36762,09/29/2023,OTHER
36763,29-Sep-2023,OTHER
36764,09/29/2023,FRAUD
36765,09/29/2023,DRUG OFFENSE
36766,2023-09-29,VANDALISM
36767,2023-09-29,OTHER
36768,09/29/2023,THEFT
36769,09/29/2023,FRAUD
36770,09/29/2023,BURGLARY
36771,2023-09-30,DRUG OFFENSE
36772,09/30/2023,OTHER
36773,09/30/2023,DRUG OFFENSE
36774,09/30/2023,BURGLARY
36775,09/30/2023,THEFT
36776,09/30/2023,VANDALISM
36777,2023-09-30,ASSAULT
36778,30-Sep-2023,VANDALISM
36779,30-Sep-2023,ASSAULT
36780,09/30/2023,OTHER
36781,09/30/2023,OTHER
36782,2023-09-30,ROBBERY
36783,09/30/2023,FRAUD
36784,2023-09-30,FRAUD
36785,09/30/2023,FRAUD
36786,09/30/2023,VANDALISM
36787,2023-09-30,ROBBERY
36788,2023-09-30,ROBBERY
36789,30-Sep-2023,FRAUD
36790,09/30/2023,ASSAULT
36791,2023-09-30,VANDALISM
36792,2023-09-30,ASSAULT
36793,09/30/2023,OTHER
36794,2023-09-30,FRAUD
36795,09/30/2023,BURGLARY
36796,30-Sep-2023,VANDALISM
36797,09/30/2023,FRAUD
36798,30-Sep-2023,ASSAULT
36799,09/30/2023,ROBBERY
36800,30-Sep-2023,FRAUD
36801,30-Sep-2023,VANDALISM
36802,09/30/2023,FRAUD
36803,30-Sep-2023,VANDALISM
36804,2023-09-30,BURGLARY
36805,09/30/2023,ASSAULT
36806,09/30/2023,OTHER
36807,2023-09-30,ROBBERY
36808,2023-09-30,DRUG OFFENSE
36809,30-Sep-2023,ROBBERY
36810,2023-09-30,THEFT
36811,2023-09-30,ASSAULT
36812,2023-09-30,OTHER
36813,30-Sep-2023,ROBBERY
36814,09/30/2023,OTHER
36815,30-Sep-2023,FRAUD
36816,09/30/2023,BURGLARY
36817,09/30/2023,ROBBERY
36818,2023-09-30,VANDALISM
36819,2023-09-30,FRAUD
36820,09/30/2023,THEFT
36821,09/30/2023,THEFT
36822,09/30/2023,FRAUD
36823,01-Oct-2023,BURGLARY
36824,2023-10-01,FRAUD
36825,2023-10-01,VANDALISM
36826,10/01/2023,BURGLARY
36827,10/01/2023,FRAUD
36828,10/01/2023,DRUG OFFENSE
36829,10/01/2023,ASSAULT
36830,10/01/2023,BURGLARY
36831,10/01/2023,DRUG OFFENSE
36832,10/01/2023,DRUG OFFENSE
36833,10/01/2023,BURGLARY
36834,2023-10-01,THEFT
36835,2023-10-01,ROBBERY
36836,10/01/2023,OTHER
36837,01-Oct-2023,THEFT
36838,2023-10-01,THEFT
36839,10/01/2023,VANDALISM
36840,01-Oct-2023,DRUG OFFENSE
36841,01-Oct-2023,VANDALISM
36842,01-Oct-2023,BURGLARY
36843,10/01/2023,VANDALISM
36844,01-Oct-2023,VANDALISM
36845,10/01/2023,VANDALISM
36846,2023-10-01,FRAUD
36847,01-Oct-2023,VANDALISM
36848,2023-10-01,THEFT
36849,01-Oct-2023,BURGLARY
36850,01-Oct-2023,DRUG OFFENSE
36851,2023-10-01,FRAUD
36852,01-Oct-2023,ROBBERY
36853,01-Oct-2023,OTHER
36854,2023-10-01,VANDALISM
36855,10/01/2023,BURGLARY
36856,01-Oct-2023,BURGLARY
36857,01-Oct-2023,BURGLARY
36858,2023-10-01,OTHER
36859,2023-10-01,ASSAULT
36860,10/01/2023,ROBBERY
36861,2023-10-01,VANDALISM
36862,01-Oct-2023,BURGLARY
36863,10/01/2023,VANDALISM
36864,2023-10-01,DRUG OFFENSE
36865,01-Oct-2023,THEFT
36866,2023-10-01,VANDALISM
36867,2023-10-01,OTHER
36868,2023-10-01,THEFT
36869,10/01/2023,VANDALISM
36870,10/01/2023,BURGLARY
36871,01-Oct-2023,BURGLARY
36872,10/01/2023,ASSAULT
36873,01-Oct-2023,VANDALISM
36874,2023-10-02,OTHER
36875,10/02/2023,VANDALISM
36876,10/02/2023,ASSAULT
36877,2023-10-02,VANDALISM
36878,2023-10-02,THEFT
36879,10/02/2023,ROBBERY
36880,02-Oct-2023,BURGLARY
36881,2023-10-02,FRAUD
36882,10/02/2023,BURGLARY
36883,02-Oct-2023,BURGLARY
36884,2023-10-02,OTHER
36885,02-Oct-2023,THEFT
36886,2023-10-02,FRAUD
36887,10/02/2023,DRUG OFFENSE
36888,2023-10-02,DRUG OFFENSE
36889,10/02/2023,ROBBERY
36890,02-Oct-2023,DRUG OFFENSE
36891,2023-10-02,BURGLARY
36892,2023-10-02,FRAUD
36893,02-Oct-2023,FRAUD
36894,2023-10-02,FRAUD
36895,10/02/2023,BURGLARY
36896,10/02/2023,ASSAULT
36897,2023-10-02,ROBBERY
36898,10/02/2023,DRUG OFFENSE
36899,10/02/2023,ROBBERY
36900,02-Oct-2023,OTHER
36901,10/02/2023,DRUG OFFENSE
36902,10/02/2023,ASSAULT
36903,10/02/2023,THEFT
36904,10/02/2023,ROBBERY
36905,2023-10-02,VANDALISM
36906,10/02/2023,FRAUD
36907,03-Oct-2023,DRUG OFFENSE
36908,10/03/2023,BURGLARY
36909,03-Oct-2023,OTHER
36910,03-Oct-2023,THEFT
36911,03-Oct-2023,VANDALISM
36912,03-Oct-2023,BURGLARY
36913,10/03/2023,BURGLARY
36914,03-Oct-2023,ROBBERY
36915,10/03/2023,OTHER
36916,10/03/2023,THEFT
36917,2023-10-03,THEFT
36918,03-Oct-2023,ASSAULT
36919,10/03/2023,ASSAULT
36920,2023-10-03,ROBBERY
36921,10/03/2023,DRUG OFFENSE
36922,03-Oct-2023,THEFT
36923,10/03/2023,FRAUD
36924,2023-10-03,FRAUD
36925,2023-10-03,OTHER
36926,2023-10-03,VANDALISM
36927,2023-10-03,BURGLARY
36928,10/03/2023,THEFT
36929,2023-10-03,ROBBERY
36930,10/03/2023,DRUG OFFENSE
36931,10/03/2023,ROBBERY
36932,10/03/2023,OTHER
36933,2023-10-03,BURGLARY
36934,10/03/2023,ROBBERY
36935,10/03/2023,FRAUD
36936,2023-10-03,BURGLARY
36937,10/03/2023,DRUG OFFENSE
36938,10/03/2023,VANDALISM
36939,10/03/2023,ASSAULT
36940,03-Oct-2023,VANDALISM
36941,10/03/2023,DRUG OFFENSE
36942,03-Oct-2023,ROBBERY
36943,2023-10-03,BURGLARY
36944,03-Oct-2023,FRAUD
36945,03-Oct-2023,ROBBERY
36946,10/03/2023,BURGLARY
36947,2023-10-03,THEFT
36948,03-Oct-2023,ASSAULT
36949,10/04/2023,THEFT
36950,04-Oct-2023,ROBBERY
36951,10/04/2023,ROBBERY
36952,2023-10-04,FRAUD
36953,10/04/2023,ROBBERY
36954,10/04/2023,THEFT
36955,10/04/2023,BURGLARY
36956,10/04/2023,OTHER
36957,10/04/2023,OTHER
36958,04-Oct-2023,ASSAULT
36959,04-Oct-2023,VANDALISM
36960,04-Oct-2023,ROBBERY
36961,04-Oct-2023,THEFT
36962,04-Oct-2023,ASSAULT
36963,10/04/2023,FRAUD
36964,04-Oct-2023,DRUG OFFENSE
36965,04-Oct-2023,BURGLARY
36966,04-Oct-2023,VANDALISM
36967,2023-10-04,DRUG OFFENSE
36968,2023-10-04,BURGLARY
36969,04-Oct-2023,OTHER
36970,04-Oct-2023,OTHER
36971,10/04/2023,BURGLARY
36972,04-Oct-2023,FRAUD
36973,10/04/2023,OTHER
36974,2023-10-04,DRUG OFFENSE
36975,04-Oct-2023,OTHER
36976,2023-10-04,THEFT
36977,04-Oct-2023,OTHER
36978,2023-10-04,THEFT
36979,04-Oct-2023,ASSAULT
36980,2023-10-05,BURGLARY
36981,10/05/2023,BURGLARY
36982,05-Oct-2023,THEFT
36983,05-Oct-2023,ASSAULT
36984,05-Oct-2023,THEFT
36985,05-Oct-2023,BURGLARY
36986,10/05/2023,BURGLARY
36987,2023-10-05,ROBBERY
36988,10/05/2023,OTHER
36989,10/05/2023,THEFT
36990,2023-10-05,DRUG OFFENSE
36991,10/05/2023,VANDALISM
36992,05-Oct-2023,OTHER
36993,10/05/2023,VANDALISM
36994,05-Oct-2023,OTHER
36995,10/05/2023,VANDALISM
36996,05-Oct-2023,FRAUD
36997,05-Oct-2023,ASSAULT
36998,10/05/2023,VANDALISM
36999,05-Oct-2023,THEFT
37000,10/05/2023,VANDALISM
37001,2023-10-05,DRUG OFFENSE
37002,10/05/2023,BURGLARY
37003,05-Oct-2023,THEFT
37004,05-Oct-2023,ASSAULT
37005,2023-10-05,ASSAULT
37006,10/05/2023,THEFT
37007,05-Oct-2023,VANDALISM
37008,2023-10-05,ROBBERY
37009,05-Oct-2023,OTHER
37010,10/05/2023,OTHER
37011,2023-10-05,DRUG OFFENSE
37012,2023-10-05,ROBBERY
37013,10/05/2023,OTHER
37014,10/05/2023,DRUG OFFENSE
37015,2023-10-06,OTHER
37016,2023-10-06,ASSAULT
37017,06-Oct-2023,ASSAULT
37018,10/06/2023,THEFT
37019,2023-10-06,VANDALISM
37020,2023-10-06,DRUG OFFENSE
37021,06-Oct-2023,BURGLARY
37022,10/06/2023,ROBBERY
37023,2023-10-06,VANDALISM
37024,06-Oct-2023,FRAUD
37025,2023-10-06,BURGLARY
37026,2023-10-06,OTHER
37027,10/06/2023,OTHER
37028,10/06/2023,ROBBERY
37029,06-Oct-2023,FRAUD
37030,2023-10-06,FRAUD
37031,06-Oct-2023,BURGLARY
37032,06-Oct-2023,OTHER
37033,10/06/2023,DRUG OFFENSE
37034,06-Oct-2023,ASSAULT
37035,2023-10-06,BURGLARY
37036,2023-10-06,OTHER
37037,10/06/2023,ROBBERY
37038,2023-10-06,OTHER
37039,06-Oct-2023,THEFT
37040,10/06/2023,DRUG OFFENSE
37041,06-Oct-2023,VANDALISM
37042,06-Oct-2023,VANDALISM
37043,10/06/2023,FRAUD
37044,10/06/2023,OTHER
37045,06-Oct-2023,VANDALISM
37046,2023-10-06,OTHER
37047,2023-10-06,BURGLARY
37048,06-Oct-2023,DRUG OFFENSE
37049,10/06/2023,ASSAULT
37050,2023-10-06,FRAUD
37051,10/06/2023,BURGLARY
37052,2023-10-06,FRAUD
37053,07-Oct-2023,VANDALISM
37054,07-Oct-2023,THEFT
37055,07-Oct-2023,ASSAULT
37056,2023-10-07,ROBBERY
37057,2023-10-07,VANDALISM
37058,10/07/2023,FRAUD
37059,07-Oct-2023,OTHER
37060,07-Oct-2023,ASSAULT
37061,07-Oct-2023,DRUG OFFENSE
37062,10/07/2023,BURGLARY
37063,10/07/2023,FRAUD
37064,07-Oct-2023,ASSAULT
37065,10/07/2023,VANDALISM
37066,10/07/2023,BURGLARY
37067,10/07/2023,ROBBERY
37068,10/07/2023,ROBBERY
37069,2023-10-07,OTHER
37070,07-Oct-2023,BURGLARY
37071,2023-10-07,THEFT
37072,10/07/2023,VANDALISM
37073,2023-10-07,VANDALISM
37074,07-Oct-2023,FRAUD
37075,10/07/2023,ASSAULT
37076,10/07/2023,OTHER
37077,10/07/2023,VANDALISM
37078,07-Oct-2023,ASSAULT
37079,10/07/2023,OTHER
37080,2023-10-07,ROBBERY
37081,07-Oct-2023,VANDALISM
37082,2023-10-07,ASSAULT
37083,2023-10-07,OTHER
37084,07-Oct-2023,FRAUD
37085,07-Oct-2023,THEFT
37086,2023-10-07,OTHER
37087,2023-10-07,DRUG OFFENSE
37088,10/07/2023,DRUG OFFENSE
37089,10/07/2023,BURGLARY
37090,10/07/2023,FRAUD
37091,2023-10-07,OTHER
37092,2023-10-07,ASSAULT
37093,10/07/2023,ASSAULT
37094,07-Oct-2023,THEFT
37095,10/07/2023,FRAUD
37096,2023-10-08,FRAUD
37097,10/08/2023,OTHER
37098,10/08/2023,DRUG OFFENSE
37099,10/08/2023,OTHER
37100,10/08/2023,VANDALISM
37101,10/08/2023,THEFT
37102,10/08/2023,FRAUD
37103,08-Oct-2023,ROBBERY
37104,08-Oct-2023,ROBBERY
37105,2023-10-08,DRUG OFFENSE
37106,10/08/2023,THEFT
37107,10/08/2023,THEFT
37108,10/08/2023,DRUG OFFENSE
37109,2023-10-08,ASSAULT
37110,10/08/2023,DRUG OFFENSE
37111,2023-10-08,DRUG OFFENSE
37112,10/08/2023,VANDALISM
37113,2023-10-08,VANDALISM
37114,10/08/2023,BURGLARY
37115,08-Oct-2023,THEFT
37116,2023-10-08,ROBBERY
37117,2023-10-08,BURGLARY
37118,08-Oct-2023,VANDALISM
37119,08-Oct-2023,BURGLARY
37120,2023-10-08,BURGLARY
37121,2023-10-08,THEFT
37122,10/08/2023,VANDALISM
37123,08-Oct-2023,FRAUD
37124,10/08/2023,FRAUD
37125,10/08/2023,FRAUD
37126,10/08/2023,DRUG OFFENSE
37127,10/08/2023,OTHER
37128,10/08/2023,BURGLARY
37129,2023-10-08,BURGLARY
37130,10/08/2023,VANDALISM
37131,08-Oct-2023,DRUG OFFENSE
37132,10/08/2023,OTHER
37133,2023-10-08,VANDALISM
37134,08-Oct-2023,OTHER
37135,10/08/2023,ROBBERY
37136,08-Oct-2023,VANDALISM
37137,10/08/2023,THEFT
37138,10/08/2023,OTHER
37139,10/08/2023,DRUG OFFENSE
37140,2023-10-08,DRUG OFFENSE
37141,08-Oct-2023,ASSAULT
37142,10/08/2023,BURGLARY
37143,09-Oct-2023,DRUG OFFENSE
37144,10/09/2023,OTHER
37145,2023-10-09,THEFT
37146,10/09/2023,OTHER
37147,2023-10-09,THEFT
37148,10/09/2023,DRUG OFFENSE
37149,2023-10-09,OTHER
37150,10/09/2023,FRAUD
37151,2023-10-09,ASSAULT
37152,09-Oct-2023,THEFT
37153,10/09/2023,OTHER
37154,09-Oct-2023,VANDALISM
37155,09-Oct-2023,THEFT
37156,2023-10-09,OTHER
37157,09-Oct-2023,OTHER
37158,10/09/2023,BURGLARY
37159,10/09/2023,OTHER
37160,2023-10-09,THEFT
37161,09-Oct-2023,FRAUD
37162,10/09/2023,OTHER
37163,09-Oct-2023,OTHER
37164,10/09/2023,ASSAULT
37165,10/09/2023,ASSAULT
37166,09-Oct-2023,THEFT
37167,2023-10-09,THEFT
37168,10/09/2023,BURGLARY
37169,10/09/2023,BURGLARY
37170,10/09/2023,ASSAULT
37171,10/09/2023,OTHER
37172,10/09/2023,THEFT
37173,2023-10-09,ASSAULT
37174,10/10/2023,OTHER
37175,10/10/2023,FRAUD
37176,2023-10-10,FRAUD
37177,10-Oct-2023,DRUG OFFENSE
37178,10-Oct-2023,VANDALISM
37179,10/10/2023,THEFT
37180,10-Oct-2023,ASSAULT
37181,2023-10-10,BURGLARY
37182,10-Oct-2023,BURGLARY
37183,2023-10-10,BURGLARY
37184,10/10/2023,BURGLARY
37185,2023-10-10,FRAUD
37186,10/10/2023,ROBBERY
37187,2023-10-10,ROBBERY
37188,10-Oct-2023,FRAUD
37189,2023-10-10,DRUG OFFENSE
37190,2023-10-10,VANDALISM
37191,2023-10-10,THEFT
37192,10/10/2023,THEFT
37193,2023-10-10,ROBBERY
37194,10/10/2023,ROBBERY
37195,10-Oct-2023,DRUG OFFENSE
37196,10/10/2023,DRUG OFFENSE
37197,2023-10-10,ASSAULT
37198,10/10/2023,VANDALISM
37199,2023-10-10,ROBBERY
37200,10/10/2023,OTHER
37201,2023-10-10,ROBBERY
37202,2023-10-10,DRUG OFFENSE
37203,10-Oct-2023,BURGLARY
37204,10/10/2023,DRUG OFFENSE
37205,10/10/2023,BURGLARY
37206,2023-10-11,THEFT
37207,2023-10-11,BURGLARY
37208,10/11/2023,VANDALISM
37209,2023-10-11,OTHER
37210,10/11/2023,FRAUD
37211,10/11/2023,ROBBERY
37212,10/11/2023,BURGLARY
37213,10/11/2023,ROBBERY
37214,2023-10-11,THEFT
37215,2023-10-11,BURGLARY
37216,11-Oct-2023,VANDALISM
37217,11-Oct-2023,BURGLARY
37218,2023-10-11,OTHER
37219,2023-10-11,FRAUD
37220,11-Oct-2023,BURGLARY
37221,10/11/2023,ASSAULT
37222,2023-10-11,FRAUD
37223,2023-10-11,FRAUD
37224,2023-10-11,BURGLARY
37225,10/11/2023,BURGLARY
37226,2023-10-11,DRUG OFFENSE
37227,2023-10-11,ROBBERY
37228,11-Oct-2023,FRAUD
37229,10/11/2023,BURGLARY
37230,2023-10-11,DRUG OFFENSE
37231,10/11/2023,OTHER
37232,10/11/2023,THEFT
37233,10/11/2023,DRUG OFFENSE
37234,10/11/2023,VANDALISM
37235,11-Oct-2023,ASSAULT
37236,10/11/2023,DRUG OFFENSE
37237,11-Oct-2023,BURGLARY
37238,11-Oct-2023,THEFT
37239,11-Oct-2023,ASSAULT
37240,11-Oct-2023,DRUG OFFENSE
37241,2023-10-11,ROBBERY
37242,11-Oct-2023,ASSAULT
37243,11-Oct-2023,VANDALISM
37244,10/11/2023,ROBBERY
37245,10/11/2023,OTHER
37246,11-Oct-2023,OTHER
37247,11-Oct-2023,BURGLARY
37248,12-Oct-2023,THEFT
37249,10/12/2023,ASSAULT
37250,2023-10-12,VANDALISM
37251,10/12/2023,VANDALISM
37252,2023-10-12,FRAUD
37253,10/12/2023,VANDALISM
37254,10/12/2023,ASSAULT
37255,10/12/2023,BURGLARY
37256,12-Oct-2023,OTHER
37257,10/12/2023,BURGLARY
37258,12-Oct-2023,ROBBERY
37259,12-Oct-2023,DRUG OFFENSE
37260,2023-10-12,THEFT
37261,12-Oct-2023,ASSAULT
37262,12-Oct-2023,VANDALISM
37263,12-Oct-2023,THEFT
37264,10/12/2023,BURGLARY
37265,12-Oct-2023,BURGLARY
37266,2023-10-12,ASSAULT
37267,10/12/2023,ASSAULT
37268,2023-10-12,THEFT
37269,12-Oct-2023,VANDALISM
37270,12-Oct-2023,ASSAULT
37271,10/12/2023,ASSAULT
37272,2023-10-12,BURGLARY
37273,10/12/2023,DRUG OFFENSE
37274,2023-10-12,FRAUD
37275,10/12/2023,VANDALISM
37276,2023-10-12,DRUG OFFENSE
37277,10/12/2023,VANDALISM
37278,2023-10-12,DRUG OFFENSE
37279,12-Oct-2023,ASSAULT
37280,12-Oct-2023,VANDALISM
37281,2023-10-12,BURGLARY
37282,10/12/2023,ASSAULT
37283,10/12/2023,ASSAULT
37284,10/12/2023,FRAUD
37285,10/12/2023,ROBBERY
37286,10/12/2023,OTHER
37287,12-Oct-2023,THEFT
37288,12-Oct-2023,FRAUD
37289,10/12/2023,ASSAULT
37290,12-Oct-2023,FRAUD
37291,10/13/2023,OTHER
37292,2023-10-13,ASSAULT
37293,2023-10-13,THEFT
37294,2023-10-13,OTHER
37295,13-Oct-2023,OTHER
37296,13-Oct-2023,BURGLARY
37297,10/13/2023,THEFT
37298,10/13/2023,FRAUD
37299,13-Oct-2023,DRUG OFFENSE
37300,10/13/2023,BURGLARY
37301,10/13/2023,ROBBERY
37302,2023-10-13,ROBBERY
37303,2023-10-13,ROBBERY
37304,10/13/2023,VANDALISM
37305,13-Oct-2023,OTHER
37306,13-Oct-2023,OTHER
37307,2023-10-13,ROBBERY
37308,10/13/2023,BURGLARY
37309,13-Oct-2023,FRAUD
37310,13-Oct-2023,THEFT
37311,2023-10-13,BURGLARY
37312,13-Oct-2023,DRUG OFFENSE
37313,13-Oct-2023,DRUG OFFENSE
37314,10/13/2023,OTHER
37315,10/13/2023,FRAUD
37316,10/13/2023,OTHER
37317,13-Oct-2023,THEFT
37318,10/13/2023,OTHER
37319,2023-10-13,FRAUD
37320,2023-10-13,VANDALISM
37321,2023-10-13,THEFT
37322,10/13/2023,BURGLARY
37323,10/13/2023,DRUG OFFENSE
37324,2023-10-13,THEFT
37325,13-Oct-2023,VANDALISM
37326,10/13/2023,BURGLARY
37327,2023-10-13,BURGLARY
37328,13-Oct-2023,BURGLARY
37329,13-Oct-2023,FRAUD
37330,13-Oct-2023,OTHER
37331,14-Oct-2023,OTHER
37332,2023-10-14,BURGLARY
37333,14-Oct-2023,BURGLARY
37334,10/14/2023,DRUG OFFENSE
37335,10/14/2023,FRAUD
37336,14-Oct-2023,BURGLARY
37337,14-Oct-2023,THEFT
37338,10/14/2023,ASSAULT
37339,10/14/2023,OTHER
37340,2023-10-14,OTHER
37341,14-Oct-2023,DRUG OFFENSE
37342,14-Oct-2023,VANDALISM
37343,10/14/2023,ASSAULT
37344,2023-10-14,THEFT
37345,10/14/2023,FRAUD
37346,14-Oct-2023,VANDALISM
37347,10/14/2023,ROBBERY
37348,2023-10-14,FRAUD
37349,2023-10-14,ASSAULT
37350,10/14/2023,BURGLARY
37351,14-Oct-2023,ASSAULT
37352,2023-10-14,ROBBERY
37353,14-Oct-2023,ASSAULT
37354,2023-10-14,DRUG OFFENSE
37355,14-Oct-2023,OTHER
37356,2023-10-14,FRAUD
37357,2023-10-14,DRUG OFFENSE
37358,10/14/2023,FRAUD
37359,2023-10-14,FRAUD
37360,14-Oct-2023,VANDALISM
37361,10/14/2023,VANDALISM
37362,10/14/2023,FRAUD
37363,2023-10-14,DRUG OFFENSE
37364,14-Oct-2023,ROBBERY
37365,10/14/2023,THEFT
37366,14-Oct-2023,ASSAULT
37367,14-Oct-2023,OTHER
37368,14-Oct-2023,THEFT
37369,15-Oct-2023,THEFT
37370,15-Oct-2023,ROBBERY
37371,15-Oct-2023,FRAUD
37372,10/15/2023,BURGLARY
37373,10/15/2023,FRAUD
37374,15-Oct-2023,ROBBERY
37375,10/15/2023,THEFT
37376,2023-10-15,OTHER
37377,2023-10-15,BURGLARY
37378,10/15/2023,THEFT
37379,10/15/2023,DRUG OFFENSE
37380,10/15/2023,ROBBERY
37381,10/15/2023,ASSAULT
37382,15-Oct-2023,DRUG OFFENSE
37383,10/15/2023,VANDALISM
37384,10/15/2023,OTHER
37385,10/15/2023,OTHER
37386,2023-10-15,ROBBERY
37387,10/15/2023,THEFT
37388,10/15/2023,VANDALISM
37389,2023-10-15,FRAUD
37390,2023-10-15,DRUG OFFENSE
37391,15-Oct-2023,DRUG OFFENSE
37392,10/15/2023,ASSAULT
37393,10/15/2023,DRUG OFFENSE
37394,15-Oct-2023,BURGLARY
37395,15-Oct-2023,FRAUD
37396,2023-10-15,VANDALISM
37397,2023-10-15,BURGLARY
37398,2023-10-15,BURGLARY
37399,2023-10-15,OTHER
37400,10/15/2023,ASSAULT
37401,2023-10-15,DRUG OFFENSE
37402,15-Oct-2023,FRAUD
37403,10/15/2023,ROBBERY
37404,15-Oct-2023,BURGLARY
37405,2023-10-15,DRUG OFFENSE
37406,2023-10-15,VANDALISM
37407,15-Oct-2023,FRAUD
37408,2023-10-15,FRAUD
37409,2023-10-15,DRUG OFFENSE
37410,10/15/2023,ASSAULT
37411,10/15/2023,OTHER
37412,15-Oct-2023,ROBBERY
37413,10/16/2023,BURGLARY
37414,10/16/2023,OTHER
37415,10/16/2023,DRUG OFFENSE
37416,2023-10-16,DRUG OFFENSE
37417,16-Oct-2023,ASSAULT
37418,10/16/2023,FRAUD
37419,16-Oct-2023,BURGLARY
37420,16-Oct-2023,THEFT
37421,10/16/2023,FRAUD
37422,10/16/2023,VANDALISM
37423,10/16/2023,VANDALISM
37424,16-Oct-2023,OTHER
37425,16-Oct-2023,FRAUD
37426,10/16/2023,DRUG OFFENSE
37427,2023-10-16,THEFT
37428,2023-10-16,DRUG OFFENSE
37429,2023-10-16,VANDALISM
37430,2023-10-16,OTHER
37431,2023-10-16,BURGLARY
37432,10/16/2023,OTHER
37433,10/16/2023,OTHER
37434,10/16/2023,DRUG OFFENSE
37435,10/16/2023,BURGLARY
37436,16-Oct-2023,BURGLARY
37437,16-Oct-2023,OTHER
37438,16-Oct-2023,ROBBERY
37439,16-Oct-2023,BURGLARY
37440,2023-10-16,THEFT
37441,10/16/2023,OTHER
37442,10/16/2023,VANDALISM
37443,2023-10-16,OTHER
37444,16-Oct-2023,BURGLARY
37445,10/16/2023,ROBBERY
37446,10/16/2023,OTHER
37447,2023-10-16,THEFT
37448,17-Oct-2023,THEFT
37449,10/17/2023,DRUG OFFENSE
37450,10/17/2023,ROBBERY
37451,10/17/2023,OTHER
37452,10/17/2023,THEFT
37453,10/17/2023,FRAUD
37454,10/17/2023,THEFT
37455,17-Oct-2023,ROBBERY
37456,10/17/2023,VANDALISM
37457,10/17/2023,FRAUD
37458,17-Oct-2023,VANDALISM
37459,10/17/2023,ASSAULT
37460,2023-10-17,VANDALISM
37461,10/17/2023,BURGLARY
37462,2023-10-17,ROBBERY
37463,2023-10-17,FRAUD
37464,17-Oct-2023,OTHER
37465,17-Oct-2023,DRUG OFFENSE
37466,10/17/2023,ROBBERY
37467,17-Oct-2023,ROBBERY
37468,2023-10-17,ASSAULT
37469,17-Oct-2023,VANDALISM
37470,10/17/2023,ROBBERY
37471,2023-10-17,OTHER
37472,10/17/2023,FRAUD
37473,10/17/2023,DRUG OFFENSE
37474,10/17/2023,THEFT
37475,10/17/2023,ASSAULT
37476,10/17/2023,THEFT
37477,10/17/2023,BURGLARY
37478,2023-10-17,ASSAULT
37479,2023-10-17,ROBBERY
37480,2023-10-17,ROBBERY
37481,10/17/2023,BURGLARY
37482,17-Oct-2023,VANDALISM
37483,10/17/2023,THEFT
37484,10/17/2023,VANDALISM
37485,10/17/2023,ASSAULT
37486,10/17/2023,OTHER
37487,2023-10-17,ROBBERY
37488,10/17/2023,OTHER
37489,2023-10-17,THEFT
37490,2023-10-17,ROBBERY
37491,17-Oct-2023,VANDALISM
37492,2023-10-17,THEFT
37493,17-Oct-2023,DRUG OFFENSE
37494,17-Oct-2023,FRAUD
37495,2023-10-17,VANDALISM
37496,10/17/2023,THEFT
37497,2023-10-18,OTHER
37498,18-Oct-2023,OTHER
37499,18-Oct-2023,OTHER
37500,18-Oct-2023,ASSAULT
37501,10/18/2023,DRUG OFFENSE
37502,10/18/2023,DRUG OFFENSE
37503,18-Oct-2023,FRAUD
37504,18-Oct-2023,BURGLARY
37505,10/18/2023,BURGLARY
37506,10/18/2023,OTHER
37507,2023-10-18,OTHER
37508,2023-10-18,THEFT
37509,10/18/2023,OTHER
37510,2023-10-18,ROBBERY
37511,18-Oct-2023,VANDALISM
37512,18-Oct-2023,THEFT
37513,2023-10-18,FRAUD
37514,2023-10-18,FRAUD
37515,18-Oct-2023,VANDALISM
37516,10/18/2023,VANDALISM
37517,10/18/2023,DRUG OFFENSE
37518,10/18/2023,THEFT
37519,10/18/2023,ASSAULT
37520,2023-10-18,FRAUD
37521,18-Oct-2023,THEFT
37522,10/18/2023,FRAUD
37523,2023-10-18,ASSAULT
37524,10/18/2023,OTHER
37525,2023-10-18,OTHER
37526,10/18/2023,VANDALISM
37527,2023-10-18,VANDALISM
37528,2023-10-18,DRUG OFFENSE
37529,2023-10-18,ASSAULT
37530,2023-10-18,BURGLARY
37531,10/18/2023,VANDALISM
37532,10/18/2023,BURGLARY
37533,2023-10-19,THEFT
37534,19-Oct-2023,ASSAULT
37535,2023-10-19,FRAUD
37536,2023-10-19,ROBBERY
37537,2023-10-19,BURGLARY
37538,10/19/2023,OTHER
37539,19-Oct-2023,ROBBERY
37540,19-Oct-2023,ASSAULT
37541,19-Oct-2023,VANDALISM
37542,2023-10-19,FRAUD
37543,19-Oct-2023,DRUG OFFENSE
37544,2023-10-19,OTHER
37545,19-Oct-2023,ASSAULT
37546,2023-10-19,ASSAULT
37547,2023-10-19,FRAUD
37548,10/19/2023,FRAUD
37549,19-Oct-2023,DRUG OFFENSE
37550,2023-10-19,BURGLARY
37551,10/19/2023,FRAUD
37552,10/19/2023,DRUG OFFENSE
37553,2023-10-19,THEFT
37554,10/19/2023,FRAUD
37555,2023-10-19,BURGLARY
37556,2023-10-19,BURGLARY
37557,19-Oct-2023,FRAUD
37558,2023-10-19,OTHER
37559,2023-10-19,BURGLARY
37560,2023-10-19,FRAUD
37561,10/19/2023,THEFT
37562,2023-10-19,ASSAULT
37563,2023-10-19,ASSAULT
37564,2023-10-19,ROBBERY
37565,2023-10-19,VANDALISM
37566,19-Oct-2023,BURGLARY
37567,2023-10-19,OTHER
37568,10/19/2023,BURGLARY
37569,10/19/2023,ASSAULT
37570,10/19/2023,VANDALISM
37571,19-Oct-2023,ROBBERY
37572,10/19/2023,VANDALISM
37573,10/19/2023,VANDALISM
37574,19-Oct-2023,BURGLARY
37575,2023-10-19,DRUG OFFENSE
37576,19-Oct-2023,VANDALISM
37577,19-Oct-2023,VANDALISM
37578,2023-10-19,BURGLARY
37579,19-Oct-2023,OTHER
37580,2023-10-19,OTHER
37581,10/19/2023,FRAUD
37582,10/19/2023,ROBBERY
37583,20-Oct-2023,FRAUD
37584,10/20/2023,THEFT
37585,2023-10-20,DRUG OFFENSE
37586,20-Oct-2023,VANDALISM
37587,2023-10-20,ASSAULT
37588,2023-10-20,DRUG OFFENSE
37589,20-Oct-2023,DRUG OFFENSE
37590,2023-10-20,VANDALISM
37591,2023-10-20,VANDALISM
37592,20-Oct-2023,OTHER
37593,10/20/2023,THEFT
37594,10/20/2023,ROBBERY
37595,20-Oct-2023,VANDALISM
37596,20-Oct-2023,OTHER
37597,2023-10-20,DRUG OFFENSE
37598,10/20/2023,ROBBERY
37599,2023-10-20,DRUG OFFENSE
37600,2023-10-20,BURGLARY
37601,2023-10-20,ROBBERY
37602,2023-10-20,DRUG OFFENSE
37603,10/20/2023,FRAUD
37604,2023-10-20,BURGLARY
37605,10/20/2023,FRAUD
37606,10/20/2023,FRAUD
37607,2023-10-20,THEFT
37608,10/20/2023,OTHER
37609,20-Oct-2023,ASSAULT
37610,2023-10-20,DRUG OFFENSE
37611,20-Oct-2023,DRUG OFFENSE
37612,2023-10-20,THEFT
37613,2023-10-20,VANDALISM
37614,2023-10-20,ASSAULT
37615,2023-10-20,THEFT
37616,2023-10-20,ROBBERY
37617,20-Oct-2023,ROBBERY
37618,10/20/2023,OTHER
37619,2023-10-20,BURGLARY
37620,20-Oct-2023,BURGLARY
37621,20-Oct-2023,OTHER
37622,10/20/2023,THEFT
37623,10/20/2023,THEFT
37624,2023-10-20,ASSAULT
37625,2023-10-20,DRUG OFFENSE
37626,2023-10-20,BURGLARY
37627,2023-10-20,BURGLARY
37628,20-Oct-2023,THEFT
37629,10/21/2023,BURGLARY
37630,21-Oct-2023,FRAUD
37631,2023-10-21,THEFT
37632,10/21/2023,THEFT
37633,2023-10-21,ASSAULT
37634,2023-10-21,BURGLARY
37635,21-Oct-2023,FRAUD
37636,21-Oct-2023,FRAUD
37637,10/21/2023,BURGLARY
37638,21-Oct-2023,THEFT
37639,10/21/2023,OTHER
37640,2023-10-21,DRUG OFFENSE
37641,21-Oct-2023,VANDALISM
37642,10/21/2023,FRAUD
37643,10/21/2023,BURGLARY
37644,2023-10-21,BURGLARY
37645,21-Oct-2023,ASSAULT
37646,10/21/2023,ASSAULT
37647,21-Oct-2023,ROBBERY
37648,2023-10-21,DRUG OFFENSE
37649,21-Oct-2023,FRAUD
37650,10/21/2023,DRUG OFFENSE
37651,10/21/2023,OTHER
37652,21-Oct-2023,BURGLARY
37653,10/21/2023,VANDALISM
37654,2023-10-21,DRUG OFFENSE
37655,10/21/2023,ROBBERY
37656,10/21/2023,FRAUD
37657,21-Oct-2023,DRUG OFFENSE
37658,10/21/2023,BURGLARY
37659,2023-10-21,BURGLARY
37660,10/21/2023,ROBBERY
37661,2023-10-21,THEFT
37662,10/21/2023,DRUG OFFENSE
37663,10/21/2023,FRAUD
37664,21-Oct-2023,ASSAULT
37665,2023-10-21,VANDALISM
37666,2023-10-21,FRAUD
37667,10/21/2023,DRUG OFFENSE
37668,10/21/2023,THEFT
37669,2023-10-22,DRUG OFFENSE
37670,2023-10-22,OTHER
37671,10/22/2023,ROBBERY
37672,10/22/2023,THEFT
37673,10/22/2023,ASSAULT
37674,2023-10-22,DRUG OFFENSE
37675,2023-10-22,DRUG OFFENSE
37676,2023-10-22,VANDALISM
37677,22-Oct-2023,DRUG OFFENSE
37678,10/22/2023,FRAUD
37679,22-Oct-2023,DRUG OFFENSE
37680,22-Oct-2023,ASSAULT
37681,10/22/2023,ASSAULT
37682,10/22/2023,BURGLARY
37683,10/22/2023,ROBBERY
37684,10/22/2023,ASSAULT
37685,22-Oct-2023,BURGLARY
37686,22-Oct-2023,VANDALISM
37687,22-Oct-2023,FRAUD
37688,10/22/2023,BURGLARY
37689,10/22/2023,FRAUD
37690,10/22/2023,FRAUD
37691,10/22/2023,DRUG OFFENSE
37692,2023-10-22,THEFT
37693,10/22/2023,DRUG OFFENSE
37694,2023-10-22,VANDALISM
37695,10/22/2023,BURGLARY
37696,22-Oct-2023,VANDALISM
37697,22-Oct-2023,OTHER
37698,10/22/2023,ASSAULT
37699,2023-10-22,THEFT
37700,10/22/2023,BURGLARY
37701,10/22/2023,THEFT
37702,22-Oct-2023,FRAUD
37703,2023-10-22,DRUG OFFENSE
37704,2023-10-22,ROBBERY
37705,2023-10-22,BURGLARY
37706,10/22/2023,OTHER
37707,2023-10-22,VANDALISM
37708,22-Oct-2023,BURGLARY
37709,22-Oct-2023,DRUG OFFENSE
37710,10/22/2023,BURGLARY
37711,22-Oct-2023,VANDALISM
37712,22-Oct-2023,ROBBERY
37713,10/22/2023,VANDALISM
37714,22-Oct-2023,OTHER
37715,10/22/2023,OTHER
37716,10/23/2023,ASSAULT
37717,23-Oct-2023,BURGLARY
37718,2023-10-23,ASSAULT
37719,10/23/2023,ROBBERY
37720,10/23/2023,BURGLARY
37721,2023-10-23,DRUG OFFENSE
37722,2023-10-23,BURGLARY
37723,2023-10-23,DRUG OFFENSE
37724,10/23/2023,VANDALISM
37725,23-Oct-2023,ASSAULT
37726,10/23/2023,THEFT
37727,23-Oct-2023,THEFT
37728,10/23/2023,FRAUD
37729,10/23/2023,BURGLARY
37730,2023-10-23,THEFT
37731,2023-10-23,BURGLARY
37732,10/23/2023,OTHER
37733,10/23/2023,OTHER
37734,23-Oct-2023,FRAUD
37735,10/23/2023,DRUG OFFENSE
37736,2023-10-23,FRAUD
37737,2023-10-23,BURGLARY
37738,23-Oct-2023,OTHER
37739,23-Oct-2023,OTHER
37740,2023-10-23,THEFT
37741,10/23/2023,FRAUD
37742,10/23/2023,THEFT
37743,10/23/2023,VANDALISM
37744,10/23/2023,DRUG OFFENSE
37745,2023-10-23,OTHER
37746,23-Oct-2023,FRAUD
37747,2023-10-23,VANDALISM
37748,10/23/2023,OTHER
37749,10/23/2023,ASSAULT
37750,2023-10-23,ASSAULT
37751,2023-10-23,THEFT
37752,23-Oct-2023,OTHER
37753,2023-10-23,OTHER
37754,23-Oct-2023,ASSAULT
37755,2023-10-23,OTHER
37756,10/23/2023,FRAUD
37757,2023-10-23,VANDALISM
37758,10/23/2023,ASSAULT
37759,10/23/2023,THEFT
37760,10/23/2023,ROBBERY
37761,10/23/2023,THEFT
37762,10/23/2023,ASSAULT
37763,24-Oct-2023,THEFT
37764,10/24/2023,DRUG OFFENSE
37765,2023-10-24,ROBBERY
37766,24-Oct-2023,BURGLARY
37767,10/24/2023,VANDALISM
37768,24-Oct-2023,ASSAULT
37769,2023-10-24,BURGLARY
37770,2023-10-24,VANDALISM
37771,24-Oct-2023,OTHER
37772,2023-10-24,FRAUD
37773,24-Oct-2023,FRAUD
37774,10/24/2023,ASSAULT
37775,2023-10-24,FRAUD
37776,24-Oct-2023,OTHER
37777,2023-10-24,ASSAULT
37778,10/24/2023,OTHER
37779,10/24/2023,ROBBERY
37780,10/24/2023,OTHER
37781,2023-10-24,ROBBERY
37782,24-Oct-2023,ASSAULT
37783,10/24/2023,FRAUD
37784,10/24/2023,OTHER
37785,2023-10-24,BURGLARY
37786,24-Oct-2023,FRAUD
37787,2023-10-24,THEFT
37788,2023-10-24,OTHER
37789,24-Oct-2023,BURGLARY
37790,2023-10-24,THEFT
37791,2023-10-24,ASSAULT
37792,24-Oct-2023,FRAUD
37793,2023-10-24,DRUG OFFENSE
37794,24-Oct-2023,VANDALISM
37795,2023-10-24,OTHER
37796,2023-10-24,ROBBERY
37797,10/24/2023,ASSAULT
37798,2023-10-24,VANDALISM
37799,2023-10-24,THEFT
37800,24-Oct-2023,FRAUD
37801,10/24/2023,ASSAULT
37802,10/24/2023,THEFT
37803,24-Oct-2023,FRAUD
37804,2023-10-24,ASSAULT
37805,2023-10-25,VANDALISM
37806,25-Oct-2023,ROBBERY
37807,2023-10-25,DRUG OFFENSE
37808,25-Oct-2023,FRAUD
37809,25-Oct-2023,VANDALISM
37810,10/25/2023,ASSAULT
37811,10/25/2023,ROBBERY
37812,2023-10-25,VANDALISM
37813,25-Oct-2023,OTHER
37814,2023-10-25,FRAUD
37815,25-Oct-2023,VANDALISM
37816,25-Oct-2023,ROBBERY
37817,2023-10-25,DRUG OFFENSE
37818,10/25/2023,OTHER
37819,2023-10-25,BURGLARY
37820,10/25/2023,THEFT
37821,2023-10-25,FRAUD
37822,25-Oct-2023,ASSAULT
37823,2023-10-25,ASSAULT
37824,25-Oct-2023,VANDALISM
37825,25-Oct-2023,BURGLARY
37826,10/25/2023,VANDALISM
37827,10/25/2023,BURGLARY
37828,10/25/2023,FRAUD
37829,10/25/2023,BURGLARY
37830,2023-10-25,ASSAULT
37831,10/25/2023,ASSAULT
37832,2023-10-25,FRAUD
37833,10/25/2023,OTHER
37834,25-Oct-2023,ASSAULT
37835,2023-10-25,BURGLARY
37836,10/25/2023,THEFT
37837,10/25/2023,ASSAULT
37838,10/25/2023,BURGLARY
37839,25-Oct-2023,ASSAULT
37840,26-Oct-2023,OTHER
37841,10/26/2023,BURGLARY
37842,10/26/2023,OTHER
37843,26-Oct-2023,OTHER
37844,10/26/2023,FRAUD
37845,10/26/2023,FRAUD
37846,26-Oct-2023,ASSAULT
37847,2023-10-26,VANDALISM
37848,10/26/2023,ROBBERY
37849,10/26/2023,FRAUD
37850,2023-10-26,ASSAULT
37851,10/26/2023,DRUG OFFENSE
37852,2023-10-26,THEFT
37853,26-Oct-2023,BURGLARY
37854,2023-10-26,DRUG OFFENSE
37855,2023-10-26,THEFT
37856,2023-10-26,THEFT
37857,10/26/2023,ASSAULT
37858,26-Oct-2023,THEFT
37859,10/26/2023,OTHER
37860,26-Oct-2023,BURGLARY
37861,2023-10-26,ASSAULT
37862,10/26/2023,THEFT
37863,2023-10-26,BURGLARY
37864,10/26/2023,DRUG OFFENSE
37865,10/26/2023,DRUG OFFENSE
37866,2023-10-26,ASSAULT
37867,2023-10-26,VANDALISM
37868,2023-10-26,ROBBERY
37869,26-Oct-2023,OTHER
37870,10/26/2023,THEFT
37871,26-Oct-2023,BURGLARY
37872,26-Oct-2023,THEFT
37873,10/26/2023,ASSAULT
37874,10/26/2023,FRAUD
37875,10/26/2023,OTHER
37876,2023-10-27,ROBBERY
37877,27-Oct-2023,THEFT
37878,27-Oct-2023,DRUG OFFENSE
37879,27-Oct-2023,BURGLARY
37880,27-Oct-2023,BURGLARY
37881,2023-10-27,ASSAULT
37882,10/27/2023,BURGLARY
37883,10/27/2023,BURGLARY
37884,2023-10-27,FRAUD
37885,2023-10-27,VANDALISM
37886,10/27/2023,DRUG OFFENSE
37887,2023-10-27,FRAUD
37888,2023-10-27,BURGLARY
37889,10/27/2023,ROBBERY
37890,2023-10-27,ROBBERY
37891,10/27/2023,ROBBERY
37892,10/27/2023,FRAUD
37893,2023-10-27,DRUG OFFENSE
37894,2023-10-27,DRUG OFFENSE
37895,2023-10-27,DRUG OFFENSE
37896,10/27/2023,ROBBERY
37897,27-Oct-2023,ROBBERY
37898,10/27/2023,VANDALISM
37899,10/27/2023,ASSAULT
37900,27-Oct-2023,ASSAULT
37901,27-Oct-2023,THEFT
37902,2023-10-27,BURGLARY
37903,27-Oct-2023,OTHER
37904,10/27/2023,BURGLARY
37905,2023-10-27,THEFT
37906,27-Oct-2023,FRAUD
37907,27-Oct-2023,VANDALISM
37908,27-Oct-2023,ASSAULT
37909,10/27/2023,BURGLARY
37910,27-Oct-2023,DRUG OFFENSE
37911,2023-10-27,VANDALISM
37912,10/27/2023,ROBBERY
37913,10/27/2023,VANDALISM
37914,10/27/2023,BURGLARY
37915,10/27/2023,BURGLARY
37916,27-Oct-2023,OTHER
37917,2023-10-27,ASSAULT
37918,2023-10-28,VANDALISM
37919,28-Oct-2023,ASSAULT
37920,2023-10-28,VANDALISM
37921,10/28/2023,DRUG OFFENSE
37922,2023-10-28,FRAUD
37923,10/28/2023,ROBBERY
37924,2023-10-28,FRAUD
37925,10/28/2023,VANDALISM
37926,2023-10-28,ASSAULT
37927,10/28/2023,ASSAULT
37928,10/28/2023,DRUG OFFENSE
37929,2023-10-28,THEFT
37930,28-Oct-2023,FRAUD
37931,2023-10-28,FRAUD
37932,28-Oct-2023,ASSAULT
37933,2023-10-28,BURGLARY
37934,2023-10-28,BURGLARY
37935,2023-10-28,BURGLARY
37936,2023-10-28,THEFT
37937,2023-10-28,ROBBERY
37938,28-Oct-2023,DRUG OFFENSE
37939,28-Oct-2023,THEFT
37940,2023-10-28,VANDALISM
37941,10/28/2023,FRAUD
37942,10/28/2023,VANDALISM
37943,10/28/2023,VANDALISM
37944,10/28/2023,VANDALISM
37945,10/28/2023,BURGLARY
37946,10/28/2023,ASSAULT
37947,10/28/2023,BURGLARY
37948,10/28/2023,DRUG OFFENSE
37949,10/28/2023,FRAUD
37950,28-Oct-2023,OTHER
37951,28-Oct-2023,THEFT
37952,2023-10-28,ASSAULT
37953,10/28/2023,BURGLARY
37954,2023-10-28,BURGLARY
37955,2023-10-28,ROBBERY
37956,10/28/2023,VANDALISM
37957,28-Oct-2023,FRAUD
37958,28-Oct-2023,ASSAULT
37959,2023-10-28,DRUG OFFENSE
37960,10/28/2023,BURGLARY
37961,28-Oct-2023,FRAUD
37962,28-Oct-2023,BURGLARY
37963,2023-10-28,DRUG OFFENSE
37964,28-Oct-2023,ASSAULT
37965,2023-10-28,THEFT
37966,2023-10-29,FRAUD
37967,29-Oct-2023,VANDALISM
37968,29-Oct-2023,BURGLARY
37969,29-Oct-2023,BURGLARY
37970,2023-10-29,BURGLARY
37971,10/29/2023,DRUG OFFENSE
37972,29-Oct-2023,DRUG OFFENSE
37973,29-Oct-2023,FRAUD
37974,2023-10-29,FRAUD
37975,29-Oct-2023,ROBBERY
37976,2023-10-29,ROBBERY
37977,29-Oct-2023,VANDALISM
37978,2023-10-29,VANDALISM
37979,10/29/2023,VANDALISM
37980,2023-10-29,BURGLARY
37981,2023-10-29,ROBBERY
37982,10/29/2023,THEFT
37983,2023-10-29,THEFT
37984,29-Oct-2023,BURGLARY
37985,10/29/2023,ASSAULT
37986,29-Oct-2023,ASSAULT
37987,10/29/2023,ASSAULT
37988,10/29/2023,ASSAULT
37989,10/29/2023,THEFT
37990,29-Oct-2023,DRUG OFFENSE
37991,10/29/2023,FRAUD
37992,2023-10-29,DRUG OFFENSE
37993,10/29/2023,ROBBERY
37994,29-Oct-2023,ASSAULT
37995,2023-10-29,BURGLARY
37996,29-Oct-2023,THEFT
37997,10/29/2023,ASSAULT
37998,10/29/2023,ROBBERY
37999,29-Oct-2023,OTHER
38000,29-Oct-2023,THEFT
38001,2023-10-29,DRUG OFFENSE
38002,10/29/2023,THEFT
38003,10/29/2023,BURGLARY
38004,29-Oct-2023,ASSAULT
38005,10/29/2023,VANDALISM
38006,29-Oct-2023,ROBBERY
38007,2023-10-29,THEFT
38008,10/29/2023,ROBBERY
38009,2023-10-29,ROBBERY
38010,2023-10-29,BURGLARY
38011,10/29/2023,THEFT
38012,10/29/2023,THEFT
38013,2023-10-29,DRUG OFFENSE
38014,2023-10-29,ASSAULT
38015,10/30/2023,BURGLARY
38016,10/30/2023,DRUG OFFENSE
38017,2023-10-30,BURGLARY
38018,10/30/2023,BURGLARY
38019,10/30/2023,OTHER
38020,10/30/2023,BURGLARY
38021,10/30/2023,FRAUD
38022,10/30/2023,ROBBERY
38023,10/30/2023,OTHER
38024,10/30/2023,DRUG OFFENSE
38025,2023-10-30,OTHER
38026,2023-10-30,DRUG OFFENSE
38027,10/30/2023,VANDALISM
38028,30-Oct-2023,ROBBERY
38029,10/30/2023,OTHER
38030,10/30/2023,FRAUD
38031,30-Oct-2023,DRUG OFFENSE
38032,10/30/2023,VANDALISM
38033,10/30/2023,BURGLARY
38034,2023-10-30,ROBBERY
38035,30-Oct-2023,VANDALISM
38036,2023-10-30,OTHER
38037,10/30/2023,ROBBERY
38038,10/30/2023,FRAUD
38039,10/30/2023,VANDALISM
38040,2023-10-30,BURGLARY
38041,30-Oct-2023,ROBBERY
38042,10/30/2023,VANDALISM
38043,10/30/2023,VANDALISM
38044,2023-10-30,OTHER
38045,2023-10-30,OTHER
38046,30-Oct-2023,VANDALISM
38047,10/30/2023,BURGLARY
38048,10/30/2023,FRAUD
38049,2023-10-30,ROBBERY
38050,30-Oct-2023,THEFT
38051,10/30/2023,VANDALISM
38052,30-Oct-2023,VANDALISM
38053,10/31/2023,BURGLARY
38054,10/31/2023,ASSAULT
38055,10/31/2023,VANDALISM
38056,10/31/2023,FRAUD
38057,2023-10-31,ROBBERY
38058,31-Oct-2023,ROBBERY
38059,10/31/2023,ASSAULT
38060,2023-10-31,ROBBERY
38061,2023-10-31,THEFT
38062,2023-10-31,ASSAULT
38063,31-Oct-2023,VANDALISM
38064,10/31/2023,DRUG OFFENSE
38065,31-Oct-2023,DRUG OFFENSE
38066,31-Oct-2023,OTHER
38067,31-Oct-2023,BURGLARY
38068,2023-10-31,ROBBERY
38069,10/31/2023,THEFT
38070,10/31/2023,DRUG OFFENSE
38071,10/31/2023,VANDALISM
38072,10/31/2023,ASSAULT
38073,2023-10-31,DRUG OFFENSE
38074,2023-10-31,VANDALISM
38075,10/31/2023,ASSAULT
38076,2023-10-31,THEFT
38077,2023-10-31,THEFT
38078,2023-10-31,BURGLARY
38079,10/31/2023,OTHER
38080,2023-10-31,ASSAULT
38081,2023-10-31,VANDALISM
38082,10/31/2023,OTHER
38083,10/31/2023,BURGLARY
38084,31-Oct-2023,DRUG OFFENSE
38085,10/31/2023,VANDALISM
38086,2023-10-31,OTHER
38087,2023-10-31,THEFT
38088,10/31/2023,ROBBERY
38089,2023-10-31,OTHER
38090,2023-10-31,VANDALISM
38091,01-Nov-2023,DRUG OFFENSE
38092,2023-11-01,BURGLARY
38093,2023-11-01,THEFT
38094,2023-11-01,FRAUD
38095,01-Nov-2023,THEFT
38096,2023-11-01,THEFT
38097,11/01/2023,OTHER
38098,2023-11-01,OTHER
38099,2023-11-01,DRUG OFFENSE
38100,01-Nov-2023,OTHER
38101,01-Nov-2023,OTHER
38102,01-Nov-2023,DRUG OFFENSE
38103,11/01/2023,ROBBERY
38104,01-Nov-2023,DRUG OFFENSE
38105,2023-11-01,OTHER
38106,11/01/2023,ROBBERY
38107,11/01/2023,THEFT
38108,2023-11-01,THEFT
38109,2023-11-01,DRUG OFFENSE
38110,01-Nov-2023,ASSAULT
38111,11/01/2023,ROBBERY
38112,01-Nov-2023,FRAUD
38113,11/01/2023,DRUG OFFENSE
38114,11/01/2023,THEFT
38115,11/01/2023,DRUG OFFENSE
38116,01-Nov-2023,OTHER
38117,2023-11-01,THEFT
38118,11/01/2023,OTHER
38119,01-Nov-2023,OTHER
38120,2023-11-01,VANDALISM
38121,11/01/2023,ASSAULT
38122,11/02/2023,FRAUD
38123,02-Nov-2023,FRAUD
38124,2023-11-02,THEFT
38125,11/02/2023,THEFT
38126,02-Nov-2023,FRAUD
38127,2023-11-02,BURGLARY
38128,2023-11-02,BURGLARY
38129,2023-11-02,THEFT
38130,11/02/2023,ROBBERY
38131,11/02/2023,OTHER
38132,02-Nov-2023,ASSAULT
38133,11/02/2023,BURGLARY
38134,11/02/2023,FRAUD
38135,2023-11-02,BURGLARY
38136,02-Nov-2023,VANDALISM
38137,2023-11-02,ROBBERY
38138,11/02/2023,THEFT
38139,2023-11-02,OTHER
38140,02-Nov-2023,THEFT
38141,02-Nov-2023,FRAUD
38142,11/02/2023,VANDALISM
38143,11/02/2023,BURGLARY
38144,2023-11-02,BURGLARY
38145,2023-11-02,ASSAULT
38146,2023-11-02,ASSAULT
38147,11/02/2023,OTHER
38148,11/02/2023,VANDALISM
38149,11/02/2023,FRAUD
38150,11/03/2023,FRAUD
38151,2023-11-03,ROBBERY
38152,2023-11-03,BURGLARY
38153,2023-11-03,ASSAULT
38154,03-Nov-2023,DRUG OFFENSE
38155,2023-11-03,THEFT
38156,03-Nov-2023,BURGLARY
38157,2023-11-03,BURGLARY
38158,03-Nov-2023,ASSAULT
38159,11/03/2023,DRUG OFFENSE
38160,11/03/2023,VANDALISM
38161,11/03/2023,ROBBERY
38162,11/03/2023,OTHER
38163,03-Nov-2023,OTHER
38164,11/03/2023,BURGLARY
38165,2023-11-03,THEFT
38166,11/03/2023,FRAUD
38167,03-Nov-2023,OTHER
38168,11/03/2023,ROBBERY
38169,03-Nov-2023,BURGLARY
38170,03-Nov-2023,VANDALISM
38171,03-Nov-2023,OTHER
38172,11/03/2023,THEFT
38173,03-Nov-2023,VANDALISM
38174,03-Nov-2023,BURGLARY
38175,03-Nov-2023,ASSAULT
38176,11/03/2023,OTHER
38177,03-Nov-2023,BURGLARY
38178,11/03/2023,DRUG OFFENSE
38179,11/03/2023,VANDALISM
38180,2023-11-03,ROBBERY
38181,2023-11-03,FRAUD
38182,2023-11-04,ASSAULT
38183,2023-11-04,VANDALISM
38184,04-Nov-2023,THEFT
38185,2023-11-04,OTHER
38186,2023-11-04,OTHER
38187,11/04/2023,OTHER
38188,2023-11-04,BURGLARY
38189,04-Nov-2023,THEFT
38190,11/04/2023,ROBBERY
38191,11/04/2023,FRAUD
38192,2023-11-04,OTHER
38193,04-Nov-2023,FRAUD
38194,2023-11-04,ROBBERY
38195,11/04/2023,BURGLARY
38196,04-Nov-2023,OTHER
38197,04-Nov-2023,OTHER
38198,11/04/2023,FRAUD
38199,2023-11-04,OTHER
38200,2023-11-04,THEFT
38201,11/04/2023,OTHER
38202,11/04/2023,OTHER
38203,11/04/2023,DRUG OFFENSE
38204,2023-11-04,OTHER
38205,04-Nov-2023,BURGLARY
38206,2023-11-04,BURGLARY
38207,04-Nov-2023,BURGLARY
38208,11/04/2023,BURGLARY
38209,11/04/2023,ROBBERY
38210,04-Nov-2023,THEFT
38211,11/04/2023,DRUG OFFENSE
38212,11/04/2023,ASSAULT
38213,04-Nov-2023,OTHER
38214,04-Nov-2023,OTHER
38215,11/04/2023,ASSAULT
38216,2023-11-04,VANDALISM
38217,11/04/2023,BURGLARY
38218,2023-11-05,DRUG OFFENSE
38219,05-Nov-2023,BURGLARY
38220,11/05/2023,ASSAULT
38221,11/05/2023,DRUG OFFENSE
38222,05-Nov-2023,OTHER
38223,2023-11-05,FRAUD
38224,11/05/2023,ASSAULT
38225,05-Nov-2023,ASSAULT
38226,11/05/2023,BURGLARY
38227,11/05/2023,VANDALISM
38228,05-Nov-2023,BURGLARY
38229,11/05/2023,THEFT
38230,11/05/2023,OTHER
38231,2023-11-05,ASSAULT
38232,11/05/2023,VANDALISM
38233,05-Nov-2023,ROBBERY
38234,05-Nov-2023,ROBBERY
38235,11/05/2023,BURGLARY
38236,11/05/2023,ASSAULT
38237,05-Nov-2023,VANDALISM
38238,05-Nov-2023,VANDALISM
38239,2023-11-05,THEFT
38240,11/05/2023,THEFT
38241,2023-11-05,ROBBERY
38242,11/05/2023,FRAUD
38243,11/05/2023,ROBBERY
38244,2023-11-05,ROBBERY
38245,11/05/2023,BURGLARY
38246,05-Nov-2023,BURGLARY
38247,11/05/2023,ROBBERY
38248,11/05/2023,OTHER
38249,11/05/2023,FRAUD
38250,05-Nov-2023,ASSAULT
38251,2023-11-05,OTHER
38252,11/05/2023,OTHER
38253,11/05/2023,ROBBERY
38254,11/05/2023,THEFT
38255,2023-11-05,FRAUD
38256,05-Nov-2023,FRAUD
38257,05-Nov-2023,DRUG OFFENSE
38258,11/05/2023,BURGLARY
38259,05-Nov-2023,DRUG OFFENSE
38260,2023-11-05,VANDALISM
38261,2023-11-05,DRUG OFFENSE
38262,2023-11-05,THEFT
38263,11/05/2023,ROBBERY
38264,2023-11-05,ASSAULT
38265,11/05/2023,VANDALISM
38266,11/05/2023,ROBBERY
38267,05-Nov-2023,THEFT
38268,05-Nov-2023,DRUG OFFENSE
38269,06-Nov-2023,THEFT
38270,11/06/2023,DRUG OFFENSE
38271,06-Nov-2023,DRUG OFFENSE
38272,2023-11-06,THEFT
38273,06-Nov-2023,VANDALISM
38274,2023-11-06,THEFT
38275,06-Nov-2023,VANDALISM
38276,2023-11-06,VANDALISM
38277,2023-11-06,VANDALISM
38278,06-Nov-2023,BURGLARY
38279,11/06/2023,THEFT
38280,06-Nov-2023,BURGLARY
38281,06-Nov-2023,VANDALISM
38282,2023-11-06,DRUG OFFENSE
38283,2023-11-06,ASSAULT
38284,2023-11-06,FRAUD
38285,11/06/2023,ASSAULT
38286,11/06/2023,FRAUD
38287,11/06/2023,ROBBERY
38288,06-Nov-2023,ASSAULT
38289,11/06/2023,ASSAULT
38290,11/06/2023,BURGLARY
38291,2023-11-06,VANDALISM
38292,11/06/2023,DRUG OFFENSE
38293,2023-11-06,ROBBERY
38294,06-Nov-2023,VANDALISM
38295,06-Nov-2023,THEFT
38296,11/06/2023,ROBBERY
38297,06-Nov-2023,OTHER
38298,06-Nov-2023,THEFT
38299,2023-11-06,VANDALISM
38300,06-Nov-2023,BURGLARY
38301,2023-11-06,BURGLARY
38302,11/06/2023,OTHER
38303,06-Nov-2023,OTHER
38304,11/06/2023,OTHER
38305,06-Nov-2023,THEFT
38306,06-Nov-2023,ASSAULT
38307,11/06/2023,ASSAULT
38308,06-Nov-2023,OTHER
38309,2023-11-06,DRUG OFFENSE
38310,11/06/2023,VANDALISM
38311,11/07/2023,FRAUD
38312,11/07/2023,FRAUD
38313,07-Nov-2023,VANDALISM
38314,07-Nov-2023,OTHER
38315,2023-11-07,FRAUD
38316,07-Nov-2023,BURGLARY
38317,07-Nov-2023,ROBBERY
38318,11/07/2023,ROBBERY
38319,11/07/2023,ASSAULT
38320,11/07/2023,THEFT
38321,07-Nov-2023,ROBBERY
38322,2023-11-07,ROBBERY
38323,11/07/2023,OTHER
38324,11/07/2023,ASSAULT
38325,11/07/2023,VANDALISM
38326,2023-11-07,ROBBERY
38327,2023-11-07,DRUG OFFENSE
38328,11/07/2023,ROBBERY
38329,11/07/2023,THEFT
38330,07-Nov-2023,THEFT
38331,11/07/2023,ASSAULT
38332,2023-11-07,DRUG OFFENSE
38333,2023-11-07,DRUG OFFENSE
38334,11/07/2023,ROBBERY
38335,11/07/2023,ASSAULT
38336,11/07/2023,FRAUD
38337,07-Nov-2023,VANDALISM
38338,11/07/2023,DRUG OFFENSE
38339,07-Nov-2023,FRAUD
38340,2023-11-07,ROBBERY
38341,2023-11-07,BURGLARY
38342,11/07/2023,ASSAULT
38343,11/07/2023,THEFT
38344,2023-11-07,ROBBERY
38345,07-Nov-2023,ASSAULT
38346,2023-11-07,OTHER
38347,11/07/2023,ASSAULT
38348,2023-11-08,OTHER
38349,2023-11-08,OTHER
38350,11/08/2023,ASSAULT
38351,08-Nov-2023,THEFT
38352,08-Nov-2023,BURGLARY
38353,08-Nov-2023,OTHER
38354,08-Nov-2023,THEFT
38355,08-Nov-2023,OTHER
38356,2023-11-08,ROBBERY
38357,08-Nov-2023,BURGLARY
38358,08-Nov-2023,DRUG OFFENSE
38359,08-Nov-2023,VANDALISM
38360,11/08/2023,BURGLARY
38361,11/08/2023,VANDALISM
38362,11/08/2023,VANDALISM
38363,11/08/2023,ASSAULT
38364,2023-11-08,FRAUD
38365,2023-11-08,DRUG OFFENSE
38366,08-Nov-2023,FRAUD
38367,11/08/2023,DRUG OFFENSE
38368,2023-11-08,DRUG OFFENSE
38369,08-Nov-2023,VANDALISM
38370,08-Nov-2023,FRAUD
38371,2023-11-08,VANDALISM
38372,11/08/2023,OTHER
38373,11/08/2023,BURGLARY
38374,2023-11-08,VANDALISM
38375,11/08/2023,BURGLARY
38376,08-Nov-2023,ROBBERY
38377,11/08/2023,ROBBERY
38378,2023-11-08,FRAUD
38379,11/08/2023,ASSAULT
38380,11/08/2023,BURGLARY
38381,08-Nov-2023,DRUG OFFENSE
38382,11/08/2023,OTHER
38383,11/08/2023,OTHER
38384,09-Nov-2023,FRAUD
38385,11/09/2023,OTHER
38386,09-Nov-2023,ASSAULT
38387,11/09/2023,FRAUD
38388,2023-11-09,ROBBERY
38389,11/09/2023,DRUG OFFENSE
38390,2023-11-09,ASSAULT
38391,09-Nov-2023,VANDALISM
38392,11/09/2023,ROBBERY
38393,11/09/2023,DRUG OFFENSE
38394,2023-11-09,OTHER
38395,09-Nov-2023,ROBBERY
38396,2023-11-09,THEFT
38397,09-Nov-2023,OTHER
38398,11/09/2023,DRUG OFFENSE
38399,11/09/2023,VANDALISM
38400,2023-11-09,ASSAULT
38401,2023-11-09,DRUG OFFENSE
38402,2023-11-09,VANDALISM
38403,11/09/2023,DRUG OFFENSE
38404,09-Nov-2023,VANDALISM
38405,11/09/2023,ASSAULT
38406,11/09/2023,DRUG OFFENSE
38407,2023-11-09,ROBBERY
38408,09-Nov-2023,OTHER
38409,2023-11-09,ASSAULT
38410,11/09/2023,THEFT
38411,11/09/2023,VANDALISM
38412,2023-11-09,DRUG OFFENSE
38413,2023-11-09,ROBBERY
38414,2023-11-09,OTHER
38415,2023-11-09,OTHER
38416,11/09/2023,DRUG OFFENSE
38417,2023-11-09,FRAUD
38418,2023-11-09,OTHER
38419,2023-11-09,BURGLARY
38420,09-Nov-2023,VANDALISM
38421,11/09/2023,OTHER
38422,09-Nov-2023,BURGLARY
38423,2023-11-09,DRUG OFFENSE
38424,2023-11-10,ROBBERY
38425,11/10/2023,VANDALISM
38426,11/10/2023,DRUG OFFENSE
38427,2023-11-10,FRAUD
38428,2023-11-10,ASSAULT
38429,11/10/2023,ROBBERY
38430,2023-11-10,BURGLARY
38431,11/10/2023,DRUG OFFENSE
38432,2023-11-10,THEFT
38433,11/10/2023,DRUG OFFENSE
38434,11/10/2023,FRAUD
38435,11/10/2023,THEFT
38436,11/10/2023,BURGLARY
38437,11/10/2023,ROBBERY
38438,2023-11-10,VANDALISM
38439,2023-11-10,BURGLARY
38440,10-Nov-2023,VANDALISM
38441,10-Nov-2023,OTHER
38442,11/10/2023,BURGLARY
38443,11/10/2023,VANDALISM
38444,10-Nov-2023,OTHER
38445,11/10/2023,DRUG OFFENSE
38446,11/10/2023,VANDALISM
38447,11/10/2023,VANDALISM
38448,11/10/2023,ASSAULT
38449,11/10/2023,BURGLARY
38450,10-Nov-2023,BURGLARY
38451,2023-11-10,ROBBERY
38452,2023-11-10,THEFT
38453,10-Nov-2023,VANDALISM
38454,11/10/2023,ROBBERY
38455,11/10/2023,BURGLARY
38456,2023-11-10,ROBBERY
38457,10-Nov-2023,THEFT
38458,10-Nov-2023,ASSAULT
38459,2023-11-10,FRAUD
38460,11-Nov-2023,OTHER
38461,11-Nov-2023,ASSAULT
38462,11-Nov-2023,ASSAULT
38463,2023-11-11,VANDALISM
38464,2023-11-11,THEFT
38465,11/11/2023,ASSAULT
38466,2023-11-11,VANDALISM
38467,11/11/2023,DRUG OFFENSE
38468,11-Nov-2023,OTHER
38469,11/11/2023,FRAUD
38470,11/11/2023,OTHER
38471,11-Nov-2023,OTHER
38472,11-Nov-2023,DRUG OFFENSE
38473,11/11/2023,THEFT
38474,11/11/2023,ASSAULT
38475,2023-11-11,ROBBERY
38476,11-Nov-2023,ASSAULT
38477,11/11/2023,FRAUD
38478,11-Nov-2023,ASSAULT
38479,11/11/2023,DRUG OFFENSE
38480,2023-11-11,OTHER
38481,11-Nov-2023,ASSAULT
38482,11/11/2023,DRUG OFFENSE
38483,11-Nov-2023,OTHER
38484,2023-11-11,ASSAULT
38485,2023-11-11,FRAUD
38486,11-Nov-2023,OTHER
38487,11-Nov-2023,VANDALISM
38488,11-Nov-2023,ASSAULT
38489,11/11/2023,BURGLARY
38490,2023-11-11,DRUG OFFENSE
38491,2023-11-11,ASSAULT
38492,11-Nov-2023,VANDALISM
38493,2023-11-11,BURGLARY
38494,11-Nov-2023,ROBBERY
38495,2023-11-11,THEFT
38496,11-Nov-2023,THEFT
38497,2023-11-11,DRUG OFFENSE
38498,2023-11-11,DRUG OFFENSE
38499,11/11/2023,THEFT
38500,11/11/2023,BURGLARY
38501,2023-11-11,ASSAULT
38502,11/11/2023,FRAUD
38503,11-Nov-2023,ASSAULT
38504,11-Nov-2023,FRAUD
38505,11/11/2023,THEFT
38506,2023-11-11,DRUG OFFENSE
38507,11/11/2023,ROBBERY
38508,11/11/2023,ASSAULT
38509,2023-11-12,OTHER
38510,11/12/2023,OTHER
38511,11/12/2023,BURGLARY
38512,2023-11-12,THEFT
38513,2023-11-12,THEFT
38514,11/12/2023,BURGLARY
38515,11/12/2023,THEFT
38516,12-Nov-2023,VANDALISM
38517,12-Nov-2023,THEFT
38518,12-Nov-2023,VANDALISM
38519,2023-11-12,VANDALISM
38520,2023-11-12,THEFT
38521,12-Nov-2023,THEFT
38522,11/12/2023,OTHER
38523,2023-11-12,ASSAULT
38524,12-Nov-2023,THEFT
38525,2023-11-12,BURGLARY
38526,11/12/2023,ASSAULT
38527,12-Nov-2023,ROBBERY
38528,2023-11-12,ROBBERY
38529,2023-11-12,ASSAULT
38530,11/12/2023,FRAUD
38531,11/12/2023,OTHER
38532,2023-11-12,OTHER
38533,11/12/2023,OTHER
38534,2023-11-12,OTHER
38535,2023-11-12,VANDALISM
38536,12-Nov-2023,THEFT
38537,2023-11-12,THEFT
38538,12-Nov-2023,FRAUD
38539,11/12/2023,DRUG OFFENSE
38540,11/12/2023,FRAUD
38541,12-Nov-2023,THEFT
38542,12-Nov-2023,BURGLARY
38543,11/12/2023,ROBBERY
38544,11/12/2023,VANDALISM
38545,2023-11-12,THEFT
38546,11/12/2023,ROBBERY
38547,11/12/2023,OTHER
38548,2023-11-12,FRAUD
38549,12-Nov-2023,ROBBERY
38550,11/13/2023,OTHER
38551,2023-11-13,BURGLARY
38552,13-Nov-2023,ASSAULT
38553,13-Nov-2023,ROBBERY
38554,2023-11-13,ASSAULT
38555,11/13/2023,ROBBERY
38556,13-Nov-2023,ASSAULT
38557,11/13/2023,ASSAULT
38558,11/13/2023,FRAUD
38559,11/13/2023,DRUG OFFENSE
38560,11/13/2023,THEFT
38561,13-Nov-2023,THEFT
38562,11/13/2023,THEFT
38563,2023-11-13,ASSAULT
38564,13-Nov-2023,THEFT
38565,11/13/2023,DRUG OFFENSE
38566,13-Nov-2023,BURGLARY
38567,13-Nov-2023,ASSAULT
38568,11/13/2023,OTHER
38569,13-Nov-2023,THEFT
38570,2023-11-13,FRAUD
38571,2023-11-13,ASSAULT
38572,11/13/2023,OTHER
38573,2023-11-13,FRAUD
38574,13-Nov-2023,ASSAULT
38575,13-Nov-2023,FRAUD
38576,11/13/2023,THEFT
38577,2023-11-13,VANDALISM
38578,11/13/2023,ASSAULT
38579,13-Nov-2023,ASSAULT
38580,13-Nov-2023,DRUG OFFENSE
38581,11/13/2023,ASSAULT
38582,2023-11-13,ROBBERY
38583,2023-11-13,THEFT
38584,2023-11-13,FRAUD
38585,13-Nov-2023,ASSAULT
38586,2023-11-14,ROBBERY
38587,14-Nov-2023,DRUG OFFENSE
38588,2023-11-14,FRAUD
38589,14-Nov-2023,OTHER
38590,2023-11-14,OTHER
38591,2023-11-14,DRUG OFFENSE
38592,2023-11-14,VANDALISM
38593,11/14/2023,DRUG OFFENSE
38594,2023-11-14,ROBBERY
38595,2023-11-14,FRAUD
38596,11/14/2023,DRUG OFFENSE
38597,11/14/2023,BURGLARY
38598,14-Nov-2023,OTHER
38599,2023-11-14,FRAUD
38600,11/14/2023,VANDALISM
38601,14-Nov-2023,THEFT
38602,11/14/2023,BURGLARY
38603,14-Nov-2023,OTHER
38604,14-Nov-2023,FRAUD
38605,11/14/2023,FRAUD
38606,2023-11-14,ROBBERY
38607,14-Nov-2023,ASSAULT
38608,2023-11-14,OTHER
38609,11/14/2023,ROBBERY
38610,2023-11-14,ASSAULT
38611,14-Nov-2023,OTHER
38612,14-Nov-2023,ROBBERY
38613,14-Nov-2023,DRUG OFFENSE
38614,14-Nov-2023,FRAUD
38615,11/14/2023,VANDALISM
38616,11/14/2023,OTHER
38617,2023-11-14,ASSAULT
38618,14-Nov-2023,VANDALISM
38619,11/14/2023,DRUG OFFENSE
38620,2023-11-14,ROBBERY
38621,2023-11-14,OTHER
38622,14-Nov-2023,THEFT
38623,14-Nov-2023,THEFT
38624,2023-11-14,FRAUD
38625,2023-11-14,ASSAULT
38626,11/15/2023,BURGLARY
38627,11/15/2023,OTHER
38628,11/15/2023,ROBBERY
38629,2023-11-15,ASSAULT
38630,11/15/2023,ASSAULT
38631,11/15/2023,OTHER
38632,15-Nov-2023,THEFT
38633,11/15/2023,ROBBERY
38634,2023-11-15,FRAUD
38635,11/15/2023,VANDALISM
38636,11/15/2023,THEFT
38637,11/15/2023,FRAUD
38638,2023-11-15,BURGLARY
38639,11/15/2023,ROBBERY
38640,11/15/2023,OTHER
38641,2023-11-15,OTHER
38642,11/15/2023,ASSAULT
38643,15-Nov-2023,ROBBERY
38644,11/15/2023,VANDALISM
38645,15-Nov-2023,BURGLARY
38646,2023-11-15,ASSAULT
38647,2023-11-15,VANDALISM
38648,11/15/2023,VANDALISM
38649,2023-11-15,THEFT
38650,11/16/2023,DRUG OFFENSE
38651,2023-11-16,OTHER
38652,11/16/2023,ASSAULT
38653,11/16/2023,BURGLARY
38654,11/16/2023,DRUG OFFENSE
38655,16-Nov-2023,ASSAULT
38656,11/16/2023,BURGLARY
38657,16-Nov-2023,FRAUD
38658,11/16/2023,FRAUD
38659,16-Nov-2023,FRAUD
38660,16-Nov-2023,BURGLARY
38661,2023-11-16,ASSAULT
38662,16-Nov-2023,FRAUD
38663,2023-11-16,THEFT
38664,11/16/2023,DRUG OFFENSE
38665,11/16/2023,ASSAULT
38666,16-Nov-2023,VANDALISM
38667,2023-11-16,DRUG OFFENSE
38668,11/16/2023,DRUG OFFENSE
38669,11/16/2023,DRUG OFFENSE
38670,11/16/2023,ASSAULT
38671,2023-11-16,FRAUD
38672,2023-11-16,THEFT
38673,11/16/2023,VANDALISM
38674,16-Nov-2023,OTHER
38675,2023-11-16,VANDALISM
38676,16-Nov-2023,ASSAULT
38677,11/16/2023,OTHER
38678,2023-11-16,DRUG OFFENSE
38679,16-Nov-2023,ASSAULT
38680,16-Nov-2023,ROBBERY
38681,2023-11-16,ASSAULT
38682,11/16/2023,BURGLARY
38683,11/16/2023,BURGLARY
38684,11/16/2023,FRAUD
38685,11/17/2023,DRUG OFFENSE
38686,11/17/2023,OTHER
38687,17-Nov-2023,OTHER
38688,2023-11-17,FRAUD
38689,17-Nov-2023,ROBBERY
38690,2023-11-17,BURGLARY
38691,2023-11-17,THEFT
38692,11/17/2023,ASSAULT
38693,17-Nov-2023,BURGLARY
38694,11/17/2023,VANDALISM
38695,11/17/2023,ASSAULT
38696,17-Nov-2023,FRAUD
38697,2023-11-17,OTHER
38698,11/17/2023,FRAUD
38699,11/17/2023,ASSAULT
38700,2023-11-17,ASSAULT
38701,11/17/2023,BURGLARY
38702,11/17/2023,FRAUD
38703,2023-11-17,THEFT
38704,17-Nov-2023,DRUG OFFENSE
38705,2023-11-17,ROBBERY
38706,2023-11-17,VANDALISM
38707,2023-11-17,BURGLARY
38708,17-Nov-2023,OTHER
38709,17-Nov-2023,FRAUD
38710,11/17/2023,VANDALISM
38711,2023-11-17,FRAUD
38712,17-Nov-2023,VANDALISM
38713,11/17/2023,FRAUD
38714,2023-11-17,ASSAULT
38715,17-Nov-2023,DRUG OFFENSE
38716,2023-11-17,FRAUD
38717,2023-11-17,THEFT
38718,2023-11-17,ROBBERY
38719,11/17/2023,VANDALISM
38720,11/17/2023,FRAUD
38721,17-Nov-2023,OTHER
38722,11/18/2023,OTHER
38723,18-Nov-2023,FRAUD
38724,2023-11-18,THEFT
38725,11/18/2023,OTHER
38726,2023-11-18,BURGLARY
38727,2023-11-18,BURGLARY
38728,2023-11-18,VANDALISM
38729,11/18/2023,DRUG OFFENSE
38730,18-Nov-2023,OTHER
38731,11/18/2023,ROBBERY
38732,18-Nov-2023,DRUG OFFENSE
38733,18-Nov-2023,DRUG OFFENSE
38734,11/18/2023,VANDALISM
38735,18-Nov-2023,THEFT
38736,2023-11-18,VANDALISM
38737,2023-11-18,THEFT
38738,2023-11-18,ASSAULT
38739,11/18/2023,FRAUD
38740,18-Nov-2023,DRUG OFFENSE
38741,11/18/2023,VANDALISM
38742,11/18/2023,OTHER
38743,11/18/2023,VANDALISM
38744,18-Nov-2023,THEFT
38745,18-Nov-2023,ROBBERY
38746,11/18/2023,BURGLARY
38747,11/18/2023,DRUG OFFENSE
38748,11/18/2023,ASSAULT
38749,11/18/2023,BURGLARY
38750,2023-11-18,DRUG OFFENSE
38751,2023-11-18,VANDALISM
38752,2023-11-18,FRAUD
38753,11/18/2023,ROBBERY
38754,11/18/2023,VANDALISM
38755,18-Nov-2023,OTHER
38756,11/18/2023,THEFT
38757,11/18/2023,ROBBERY
38758,2023-11-18,VANDALISM
38759,11/18/2023,VANDALISM
38760,2023-11-18,ROBBERY
38761,18-Nov-2023,ROBBERY
38762,19-Nov-2023,OTHER
38763,2023-11-19,OTHER
38764,11/19/2023,BURGLARY
38765,2023-11-19,THEFT
38766,19-Nov-2023,VANDALISM
38767,19-Nov-2023,VANDALISM
38768,11/19/2023,THEFT
38769,2023-11-19,THEFT
38770,2023-11-19,ROBBERY
38771,11/19/2023,ASSAULT
38772,11/19/2023,BURGLARY
38773,19-Nov-2023,ASSAULT
38774,11/19/2023,DRUG OFFENSE
38775,2023-11-19,BURGLARY
38776,19-Nov-2023,FRAUD
38777,11/19/2023,DRUG OFFENSE
38778,11/19/2023,THEFT
38779,2023-11-19,THEFT
38780,2023-11-19,DRUG OFFENSE
38781,11/19/2023,DRUG OFFENSE
38782,11/19/2023,FRAUD
38783,2023-11-19,FRAUD
38784,11/19/2023,OTHER
38785,2023-11-19,FRAUD
38786,2023-11-19,THEFT
38787,19-Nov-2023,VANDALISM
38788,19-Nov-2023,DRUG OFFENSE
38789,11/19/2023,ASSAULT
38790,19-Nov-2023,DRUG OFFENSE
38791,19-Nov-2023,DRUG OFFENSE
38792,19-Nov-2023,BURGLARY
38793,19-Nov-2023,FRAUD
38794,11/19/2023,THEFT
38795,19-Nov-2023,BURGLARY
38796,2023-11-19,ROBBERY
38797,11/19/2023,DRUG OFFENSE
38798,11/19/2023,DRUG OFFENSE
38799,19-Nov-2023,FRAUD
38800,11/19/2023,VANDALISM
38801,19-Nov-2023,VANDALISM
38802,2023-11-19,FRAUD
38803,20-Nov-2023,ROBBERY
38804,20-Nov-2023,OTHER
38805,20-Nov-2023,FRAUD
38806,20-Nov-2023,ASSAULT
38807,11/20/2023,DRUG OFFENSE
38808,20-Nov-2023,OTHER
38809,11/20/2023,OTHER
38810,11/20/2023,ASSAULT
38811,20-Nov-2023,DRUG OFFENSE
38812,2023-11-20,ASSAULT
38813,20-Nov-2023,ROBBERY
38814,20-Nov-2023,VANDALISM
38815,20-Nov-2023,OTHER
38816,11/20/2023,FRAUD
38817,2023-11-20,ROBBERY
38818,2023-11-20,BURGLARY
38819,11/20/2023,DRUG OFFENSE
38820,2023-11-20,VANDALISM
38821,20-Nov-2023,DRUG OFFENSE
38822,11/20/2023,THEFT
38823,2023-11-20,FRAUD
38824,2023-11-20,BURGLARY
38825,11/20/2023,ASSAULT
38826,20-Nov-2023,ASSAULT
38827,20-Nov-2023,BURGLARY
38828,11/20/2023,THEFT
38829,20-Nov-2023,DRUG OFFENSE
38830,2023-11-20,THEFT
38831,20-Nov-2023,THEFT
38832,20-Nov-2023,BURGLARY
38833,11/20/2023,OTHER
38834,11/20/2023,VANDALISM
38835,20-Nov-2023,BURGLARY
38836,20-Nov-2023,VANDALISM
38837,11/20/2023,THEFT
38838,20-Nov-2023,DRUG OFFENSE
38839,2023-11-20,BURGLARY
38840,20-Nov-2023,BURGLARY
38841,11/20/2023,ROBBERY
38842,20-Nov-2023,BURGLARY
38843,20-Nov-2023,ROBBERY
38844,20-Nov-2023,FRAUD
38845,11/20/2023,DRUG OFFENSE
38846,11/21/2023,FRAUD
38847,21-Nov-2023,OTHER
38848,21-Nov-2023,THEFT
38849,21-Nov-2023,THEFT
38850,21-Nov-2023,VANDALISM
38851,11/21/2023,DRUG OFFENSE
38852,2023-11-21,FRAUD
38853,2023-11-21,THEFT
38854,2023-11-21,ASSAULT
38855,21-Nov-2023,DRUG OFFENSE
38856,2023-11-21,DRUG OFFENSE
38857,21-Nov-2023,ASSAULT
38858,11/21/2023,OTHER
38859,11/21/2023,OTHER
38860,21-Nov-2023,DRUG OFFENSE
38861,2023-11-21,ROBBERY
38862,11/21/2023,ROBBERY
38863,11/21/2023,ASSAULT
38864,11/21/2023,ROBBERY
38865,11/21/2023,ROBBERY
38866,21-Nov-2023,VANDALISM
38867,2023-11-21,ASSAULT
38868,2023-11-21,BURGLARY
38869,2023-11-21,BURGLARY
38870,2023-11-21,FRAUD
38871,11/21/2023,ASSAULT
38872,11/21/2023,FRAUD
38873,2023-11-21,VANDALISM
38874,2023-11-21,VANDALISM
38875,21-Nov-2023,THEFT
38876,11/21/2023,VANDALISM
38877,2023-11-21,OTHER
38878,21-Nov-2023,FRAUD
38879,2023-11-21,BURGLARY
38880,21-Nov-2023,THEFT
38881,2023-11-21,FRAUD
38882,11/21/2023,BURGLARY
38883,11/21/2023,OTHER
38884,2023-11-21,DRUG OFFENSE
38885,22-Nov-2023,FRAUD
38886,11/22/2023,OTHER
38887,22-Nov-2023,FRAUD
38888,22-Nov-2023,ROBBERY
38889,11/22/2023,THEFT
38890,11/22/2023,VANDALISM
38891,22-Nov-2023,BURGLARY
38892,2023-11-22,DRUG OFFENSE
38893,2023-11-22,OTHER
38894,2023-11-22,DRUG OFFENSE
38895,2023-11-22,ASSAULT
38896,11/22/2023,VANDALISM
38897,22-Nov-2023,VANDALISM
38898,11/22/2023,OTHER
38899,2023-11-22,DRUG OFFENSE
38900,2023-11-22,ASSAULT
38901,11/22/2023,FRAUD
38902,2023-11-22,FRAUD
38903,22-Nov-2023,THEFT
38904,2023-11-22,THEFT
38905,11/22/2023,VANDALISM
38906,2023-11-22,VANDALISM
38907,22-Nov-2023,ASSAULT
38908,11/22/2023,OTHER
38909,22-Nov-2023,FRAUD
38910,22-Nov-2023,OTHER
38911,11/22/2023,OTHER
38912,2023-11-22,VANDALISM
38913,11/22/2023,ASSAULT
38914,2023-11-22,THEFT
38915,22-Nov-2023,BURGLARY
38916,22-Nov-2023,VANDALISM
38917,11/22/2023,DRUG OFFENSE
38918,11/22/2023,BURGLARY
38919,11/22/2023,VANDALISM
38920,11/22/2023,FRAUD
38921,11/22/2023,ASSAULT
38922,2023-11-22,FRAUD
38923,11/22/2023,OTHER
38924,2023-11-22,OTHER
38925,11/22/2023,ASSAULT
38926,11/22/2023,DRUG OFFENSE
38927,11/23/2023,ASSAULT
38928,23-Nov-2023,FRAUD
38929,11/23/2023,THEFT
38930,23-Nov-2023,ROBBERY
38931,11/23/2023,FRAUD
38932,2023-11-23,ASSAULT
38933,2023-11-23,OTHER
38934,11/23/2023,THEFT
38935,23-Nov-2023,FRAUD
38936,23-Nov-2023,FRAUD
38937,2023-11-23,OTHER
38938,2023-11-23,VANDALISM
38939,11/23/2023,BURGLARY
38940,23-Nov-2023,FRAUD
38941,23-Nov-2023,BURGLARY
38942,23-Nov-2023,ASSAULT
38943,2023-11-23,BURGLARY
38944,2023-11-23,VANDALISM
38945,23-Nov-2023,FRAUD
38946,11/23/2023,VANDALISM
38947,11/23/2023,BURGLARY
38948,11/23/2023,ROBBERY
38949,11/23/2023,ROBBERY
38950,11/23/2023,THEFT
38951,2023-11-23,THEFT
38952,2023-11-23,ROBBERY
38953,23-Nov-2023,OTHER
38954,11/23/2023,OTHER
38955,11/23/2023,DRUG OFFENSE
38956,11/23/2023,THEFT
38957,11/23/2023,DRUG OFFENSE
38958,23-Nov-2023,OTHER
38959,2023-11-23,ROBBERY
38960,2023-11-23,OTHER
38961,2023-11-23,DRUG OFFENSE
38962,11/23/2023,VANDALISM
38963,2023-11-23,FRAUD
38964,23-Nov-2023,BURGLARY
38965,24-Nov-2023,DRUG OFFENSE
38966,11/24/2023,OTHER
38967,11/24/2023,ROBBERY
38968,11/24/2023,ASSAULT
38969,11/24/2023,THEFT
38970,2023-11-24,OTHER
38971,24-Nov-2023,FRAUD
38972,24-Nov-2023,DRUG OFFENSE
38973,24-Nov-2023,FRAUD
38974,11/24/2023,ROBBERY
38975,11/24/2023,VANDALISM
38976,24-Nov-2023,VANDALISM
38977,24-Nov-2023,FRAUD
38978,11/24/2023,OTHER
38979,24-Nov-2023,ROBBERY
38980,24-Nov-2023,BURGLARY
38981,11/24/2023,FRAUD
38982,24-Nov-2023,BURGLARY
38983,11/24/2023,BURGLARY
38984,2023-11-24,VANDALISM
38985,11/24/2023,DRUG OFFENSE
38986,11/24/2023,ASSAULT
38987,11/24/2023,OTHER
38988,2023-11-24,OTHER
38989,2023-11-24,FRAUD
38990,2023-11-24,FRAUD
38991,24-Nov-2023,FRAUD
38992,11/24/2023,ASSAULT
38993,11/24/2023,DRUG OFFENSE
38994,2023-11-24,VANDALISM
38995,2023-11-24,OTHER
38996,2023-11-24,OTHER
38997,11/24/2023,DRUG OFFENSE
38998,2023-11-24,FRAUD
38999,2023-11-24,THEFT
39000,11/24/2023,VANDALISM
39001,11/24/2023,BURGLARY
39002,24-Nov-2023,ASSAULT
39003,11/24/2023,DRUG OFFENSE
39004,11/25/2023,ASSAULT
39005,11/25/2023,ASSAULT
39006,11/25/2023,ASSAULT
39007,11/25/2023,ROBBERY
39008,2023-11-25,FRAUD
39009,25-Nov-2023,THEFT
39010,11/25/2023,ASSAULT
39011,2023-11-25,ASSAULT
39012,25-Nov-2023,ROBBERY
39013,11/25/2023,DRUG OFFENSE
39014,25-Nov-2023,VANDALISM
39015,11/25/2023,VANDALISM
39016,2023-11-25,ASSAULT
39017,25-Nov-2023,ASSAULT
39018,25-Nov-2023,ROBBERY
39019,11/25/2023,DRUG OFFENSE
39020,25-Nov-2023,FRAUD
39021,2023-11-25,VANDALISM
39022,2023-11-25,ASSAULT
39023,2023-11-25,FRAUD
39024,25-Nov-2023,VANDALISM
39025,25-Nov-2023,BURGLARY
39026,2023-11-25,THEFT
39027,2023-11-25,OTHER
39028,25-Nov-2023,VANDALISM
39029,2023-11-25,ROBBERY
39030,25-Nov-2023,THEFT
39031,11/25/2023,DRUG OFFENSE
39032,11/25/2023,ROBBERY
39033,11/25/2023,ROBBERY
39034,2023-11-25,FRAUD
39035,2023-11-25,FRAUD
39036,2023-11-25,OTHER
39037,25-Nov-2023,THEFT
39038,2023-11-25,OTHER
39039,2023-11-25,THEFT
39040,25-Nov-2023,FRAUD
39041,11/25/2023,FRAUD
39042,11/25/2023,FRAUD
39043,11/25/2023,FRAUD
39044,2023-11-25,OTHER
39045,2023-11-25,ROBBERY
39046,11/25/2023,BURGLARY
39047,25-Nov-2023,THEFT
39048,2023-11-25,VANDALISM
39049,25-Nov-2023,OTHER
39050,2023-11-26,OTHER
39051,11/26/2023,ASSAULT
39052,2023-11-26,ASSAULT
39053,2023-11-26,BURGLARY
39054,2023-11-26,FRAUD
39055,11/26/2023,OTHER
39056,2023-11-26,VANDALISM
39057,2023-11-26,ROBBERY
39058,2023-11-26,ROBBERY
39059,2023-11-26,ASSAULT
39060,11/26/2023,VANDALISM
39061,11/26/2023,OTHER
39062,11/26/2023,ROBBERY
39063,11/26/2023,DRUG OFFENSE
39064,26-Nov-2023,DRUG OFFENSE
39065,11/26/2023,FRAUD
39066,11/26/2023,FRAUD
39067,11/26/2023,DRUG OFFENSE
39068,11/26/2023,ROBBERY
39069,11/26/2023,DRUG OFFENSE
39070,26-Nov-2023,THEFT
39071,11/26/2023,FRAUD
39072,2023-11-26,ASSAULT
39073,11/26/2023,DRUG OFFENSE
39074,11/26/2023,BURGLARY
39075,11/26/2023,VANDALISM
39076,26-Nov-2023,OTHER
39077,11/26/2023,OTHER
39078,26-Nov-2023,ROBBERY
39079,2023-11-26,FRAUD
39080,26-Nov-2023,THEFT
39081,11/26/2023,BURGLARY
39082,26-Nov-2023,DRUG OFFENSE
39083,2023-11-26,DRUG OFFENSE
39084,26-Nov-2023,BURGLARY
39085,2023-11-26,BURGLARY
39086,11/26/2023,ROBBERY
39087,11/26/2023,VANDALISM
39088,26-Nov-2023,OTHER
39089,11/27/2023,DRUG OFFENSE
39090,2023-11-27,ROBBERY
39091,2023-11-27,OTHER
39092,2023-11-27,THEFT
39093,11/27/2023,ASSAULT
39094,11/27/2023,ASSAULT
39095,11/27/2023,VANDALISM
39096,27-Nov-2023,ROBBERY
39097,11/27/2023,FRAUD
39098,27-Nov-2023,DRUG OFFENSE
39099,11/27/2023,VANDALISM
39100,2023-11-27,VANDALISM
39101,27-Nov-2023,BURGLARY
39102,11/27/2023,THEFT
39103,11/27/2023,ROBBERY
39104,11/27/2023,THEFT
39105,27-Nov-2023,THEFT
39106,11/27/2023,THEFT
39107,2023-11-27,DRUG OFFENSE
39108,11/27/2023,BURGLARY
39109,2023-11-27,DRUG OFFENSE
39110,27-Nov-2023,BURGLARY
39111,2023-11-27,ASSAULT
39112,11/27/2023,THEFT
39113,2023-11-27,FRAUD
39114,27-Nov-2023,BURGLARY
39115,2023-11-27,DRUG OFFENSE
39116,11/27/2023,FRAUD
39117,2023-11-27,BURGLARY
39118,27-Nov-2023,VANDALISM
39119,2023-11-27,BURGLARY
39120,27-Nov-2023,ASSAULT
39121,11/27/2023,VANDALISM
39122,27-Nov-2023,FRAUD
39123,11/27/2023,DRUG OFFENSE
39124,27-Nov-2023,ASSAULT
39125,2023-11-27,DRUG OFFENSE
39126,11/27/2023,VANDALISM
39127,2023-11-27,VANDALISM
39128,2023-11-28,OTHER
39129,2023-11-28,DRUG OFFENSE
39130,11/28/2023,DRUG OFFENSE
39131,2023-11-28,ASSAULT
39132,11/28/2023,THEFT
39133,11/28/2023,BURGLARY
39134,2023-11-28,ASSAULT
39135,28-Nov-2023,ASSAULT
39136,2023-11-28,OTHER
39137,28-Nov-2023,ASSAULT
39138,11/28/2023,BURGLARY
39139,28-Nov-2023,OTHER
39140,11/28/2023,DRUG OFFENSE
39141,2023-11-28,ASSAULT
39142,28-Nov-2023,THEFT
39143,28-Nov-2023,FRAUD
39144,2023-11-28,ROBBERY
39145,11/28/2023,THEFT
39146,2023-11-28,VANDALISM
39147,11/28/2023,THEFT
39148,11/28/2023,ASSAULT
39149,28-Nov-2023,VANDALISM
39150,2023-11-28,FRAUD
39151,28-Nov-2023,FRAUD
39152,11/28/2023,FRAUD
39153,28-Nov-2023,DRUG OFFENSE
39154,28-Nov-2023,OTHER
39155,2023-11-28,BURGLARY
39156,11/28/2023,BURGLARY
39157,11/28/2023,OTHER
39158,2023-11-28,THEFT
39159,11/28/2023,FRAUD
39160,11/28/2023,FRAUD
39161,11/29/2023,DRUG OFFENSE
39162,2023-11-29,ROBBERY
39163,11/29/2023,BURGLARY
39164,11/29/2023,BURGLARY
39165,11/29/2023,DRUG OFFENSE
39166,29-Nov-2023,BURGLARY
39167,2023-11-29,ASSAULT
39168,11/29/2023,DRUG OFFENSE
39169,2023-11-29,ROBBERY
39170,11/29/2023,BURGLARY
39171,29-Nov-2023,BURGLARY
39172,11/29/2023,THEFT
39173,2023-11-29,FRAUD
39174,11/29/2023,VANDALISM
39175,29-Nov-2023,ASSAULT
39176,29-Nov-2023,ROBBERY
39177,11/29/2023,DRUG OFFENSE
39178,2023-11-29,BURGLARY
39179,11/29/2023,DRUG OFFENSE
39180,29-Nov-2023,FRAUD
39181,29-Nov-2023,THEFT
39182,2023-11-29,ASSAULT
39183,11/29/2023,ASSAULT
39184,11/29/2023,VANDALISM
39185,11/29/2023,DRUG OFFENSE
39186,2023-11-29,DRUG OFFENSE
39187,2023-11-29,ASSAULT
39188,29-Nov-2023,FRAUD
39189,11/29/2023,FRAUD
39190,11/29/2023,THEFT
39191,2023-11-29,ASSAULT
39192,11/29/2023,ASSAULT
39193,2023-11-29,BURGLARY
39194,11/29/2023,OTHER
39195,29-Nov-2023,VANDALISM
39196,11/29/2023,DRUG OFFENSE
39197,29-Nov-2023,BURGLARY
39198,11/29/2023,FRAUD
39199,2023-11-29,ASSAULT
39200,29-Nov-2023,OTHER
39201,2023-11-29,FRAUD
39202,29-Nov-2023,OTHER
39203,11/29/2023,DRUG OFFENSE
39204,11/29/2023,ROBBERY
39205,2023-11-30,VANDALISM
39206,30-Nov-2023,BURGLARY
39207,30-Nov-2023,ROBBERY
39208,2023-11-30,VANDALISM
39209,11/30/2023,ASSAULT
39210,2023-11-30,ASSAULT
39211,2023-11-30,OTHER
39212,11/30/2023,ROBBERY
39213,2023-11-30,THEFT
39214,30-Nov-2023,BURGLARY
39215,11/30/2023,THEFT
39216,30-Nov-2023,OTHER
39217,11/30/2023,ROBBERY
39218,30-Nov-2023,BURGLARY
39219,30-Nov-2023,FRAUD
39220,2023-11-30,OTHER
39221,30-Nov-2023,ROBBERY
39222,2023-11-30,OTHER
39223,2023-11-30,BURGLARY
39224,11/30/2023,FRAUD
39225,11/30/2023,ASSAULT
39226,30-Nov-2023,FRAUD
39227,11/30/2023,ASSAULT
39228,30-Nov-2023,DRUG OFFENSE
39229,30-Nov-2023,ASSAULT
39230,2023-11-30,DRUG OFFENSE
39231,2023-11-30,VANDALISM
39232,11/30/2023,ASSAULT
39233,30-Nov-2023,ASSAULT
39234,11/30/2023,FRAUD
39235,2023-11-30,FRAUD
39236,11/30/2023,OTHER
39237,2023-11-30,THEFT
39238,11/30/2023,DRUG OFFENSE
39239,30-Nov-2023,VANDALISM
39240,12/01/2023,ASSAULT
39241,12/01/2023,ASSAULT
39242,12/01/2023,FRAUD
39243,2023-12-01,ASSAULT
39244,01-Dec-2023,ROBBERY
39245,12/01/2023,OTHER
39246,12/01/2023,THEFT
39247,01-Dec-2023,FRAUD
39248,01-Dec-2023,ROBBERY
39249,12/01/2023,BURGLARY
39250,2023-12-01,THEFT
39251,01-Dec-2023,THEFT
39252,01-Dec-2023,THEFT
39253,01-Dec-2023,ASSAULT
39254,2023-12-01,ASSAULT
39255,2023-12-01,DRUG OFFENSE
39256,12/01/2023,THEFT
39257,12/01/2023,FRAUD
39258,12/01/2023,FRAUD
39259,12/01/2023,BURGLARY
39260,2023-12-01,ASSAULT
39261,01-Dec-2023,ASSAULT
39262,01-Dec-2023,ASSAULT
39263,12/01/2023,DRUG OFFENSE
39264,01-Dec-2023,THEFT
39265,2023-12-01,BURGLARY
39266,12/01/2023,OTHER
39267,01-Dec-2023,DRUG OFFENSE
39268,12/01/2023,OTHER
39269,01-Dec-2023,ROBBERY
39270,12/02/2023,DRUG OFFENSE
39271,12/02/2023,ASSAULT
39272,02-Dec-2023,THEFT
39273,2023-12-02,ASSAULT
39274,12/02/2023,THEFT
39275,02-Dec-2023,DRUG OFFENSE
39276,02-Dec-2023,BURGLARY
39277,2023-12-02,BURGLARY
39278,02-Dec-2023,ROBBERY
39279,02-Dec-2023,FRAUD
39280,12/02/2023,THEFT
39281,2023-12-02,OTHER
39282,02-Dec-2023,THEFT
39283,12/02/2023,VANDALISM
39284,2023-12-02,THEFT
39285,12/02/2023,BURGLARY
39286,2023-12-02,DRUG OFFENSE
39287,2023-12-02,FRAUD
39288,02-Dec-2023,ASSAULT
39289,12/02/2023,THEFT
39290,02-Dec-2023,ASSAULT
39291,2023-12-02,THEFT
39292,2023-12-02,THEFT
39293,12/02/2023,BURGLARY
39294,02-Dec-2023,ASSAULT
39295,12/02/2023,ASSAULT
39296,2023-12-02,THEFT
39297,02-Dec-2023,FRAUD
39298,2023-12-02,VANDALISM
39299,12/02/2023,ASSAULT
39300,02-Dec-2023,VANDALISM
39301,12/02/2023,BURGLARY
39302,2023-12-02,OTHER
39303,2023-12-02,FRAUD
39304,12/02/2023,BURGLARY
39305,02-Dec-2023,ASSAULT
39306,12/02/2023,OTHER
39307,02-Dec-2023,OTHER
39308,02-Dec-2023,FRAUD
39309,2023-12-03,BURGLARY
39310,03-Dec-2023,VANDALISM
39311,2023-12-03,VANDALISM
39312,03-Dec-2023,ASSAULT
39313,2023-12-03,ASSAULT
39314,2023-12-03,FRAUD
39315,03-Dec-2023,DRUG OFFENSE
39316,12/03/2023,ROBBERY
39317,12/03/2023,VANDALISM
39318,03-Dec-2023,BURGLARY
39319,12/03/2023,ROBBERY
39320,12/03/2023,VANDALISM
39321,12/03/2023,BURGLARY
39322,03-Dec-2023,THEFT
39323,12/03/2023,THEFT
39324,03-Dec-2023,BURGLARY
39325,2023-12-03,FRAUD
39326,12/03/2023,ASSAULT
39327,03-Dec-2023,OTHER
39328,2023-12-03,DRUG OFFENSE
39329,12/03/2023,ROBBERY
39330,2023-12-03,VANDALISM
39331,2023-12-03,ROBBERY
39332,12/03/2023,ROBBERY
39333,03-Dec-2023,OTHER
39334,03-Dec-2023,FRAUD
39335,2023-12-03,DRUG OFFENSE
39336,12/03/2023,OTHER
39337,04-Dec-2023,DRUG OFFENSE
39338,2023-12-04,ROBBERY
39339,04-Dec-2023,ASSAULT
39340,2023-12-04,ROBBERY
39341,04-Dec-2023,OTHER
39342,2023-12-04,THEFT
39343,12/04/2023,DRUG OFFENSE
39344,04-Dec-2023,BURGLARY
39345,2023-12-04,VANDALISM
39346,2023-12-04,VANDALISM
39347,12/04/2023,ROBBERY
39348,2023-12-04,BURGLARY
39349,2023-12-04,DRUG OFFENSE
39350,12/04/2023,OTHER
39351,04-Dec-2023,BURGLARY
39352,12/04/2023,FRAUD
39353,2023-12-04,THEFT
39354,12/04/2023,DRUG OFFENSE
39355,04-Dec-2023,VANDALISM
39356,04-Dec-2023,BURGLARY
39357,2023-12-04,OTHER
39358,04-Dec-2023,VANDALISM
39359,2023-12-04,FRAUD
39360,12/04/2023,THEFT
39361,12/04/2023,ROBBERY
39362,2023-12-04,THEFT
39363,12/04/2023,BURGLARY
39364,2023-12-04,ROBBERY
39365,04-Dec-2023,ROBBERY
39366,2023-12-04,DRUG OFFENSE
39367,2023-12-04,ASSAULT
39368,12/04/2023,VANDALISM
39369,2023-12-04,VANDALISM
39370,04-Dec-2023,ASSAULT
39371,04-Dec-2023,ASSAULT
39372,2023-12-05,OTHER
39373,2023-12-05,FRAUD
39374,12/05/2023,THEFT
39375,2023-12-05,FRAUD
39376,12/05/2023,BURGLARY
39377,05-Dec-2023,THEFT
39378,12/05/2023,DRUG OFFENSE
39379,12/05/2023,FRAUD
39380,2023-12-05,BURGLARY
39381,2023-12-05,BURGLARY
39382,2023-12-05,VANDALISM
39383,2023-12-05,VANDALISM
39384,12/05/2023,THEFT
39385,12/05/2023,DRUG OFFENSE
39386,12/05/2023,VANDALISM
39387,12/05/2023,BURGLARY
39388,05-Dec-2023,OTHER
39389,05-Dec-2023,ROBBERY
39390,12/05/2023,OTHER
39391,12/05/2023,BURGLARY
39392,2023-12-05,ASSAULT
39393,06-Dec-2023,ROBBERY
39394,2023-12-06,OTHER
39395,12/06/2023,THEFT
39396,06-Dec-2023,ASSAULT
39397,12/06/2023,OTHER
39398,2023-12-06,VANDALISM
39399,06-Dec-2023,ROBBERY
39400,06-Dec-2023,VANDALISM
39401,2023-12-06,OTHER
39402,12/06/2023,BURGLARY
39403,06-Dec-2023,ASSAULT
39404,2023-12-06,BURGLARY
39405,12/06/2023,THEFT
39406,12/06/2023,VANDALISM
39407,12/06/2023,FRAUD
39408,12/06/2023,ROBBERY
39409,2023-12-06,ASSAULT
39410,2023-12-06,BURGLARY
39411,12/06/2023,BURGLARY
39412,2023-12-06,VANDALISM
39413,2023-12-06,FRAUD
39414,12/06/2023,VANDALISM
39415,2023-12-06,FRAUD
39416,2023-12-06,THEFT
39417,06-Dec-2023,ASSAULT
39418,12/06/2023,ROBBERY
39419,12/07/2023,ASSAULT
39420,12/07/2023,ASSAULT
39421,2023-12-07,VANDALISM
39422,2023-12-07,FRAUD
39423,12/07/2023,FRAUD
39424,12/07/2023,FRAUD
39425,2023-12-07,FRAUD
39426,07-Dec-2023,FRAUD
39427,12/07/2023,ROBBERY
39428,12/07/2023,ASSAULT
39429,2023-12-07,THEFT
39430,2023-12-07,FRAUD
39431,12/07/2023,FRAUD
39432,12/07/2023,ASSAULT
39433,07-Dec-2023,THEFT
39434,07-Dec-2023,OTHER
39435,12/07/2023,FRAUD
39436,2023-12-07,THEFT
39437,12/07/2023,ROBBERY
39438,07-Dec-2023,OTHER
39439,12/07/2023,ASSAULT
39440,2023-12-07,ASSAULT
39441,2023-12-08,THEFT
39442,12/08/2023,FRAUD
39443,08-Dec-2023,FRAUD
39444,08-Dec-2023,BURGLARY
39445,08-Dec-2023,ROBBERY
39446,12/08/2023,DRUG OFFENSE
39447,12/08/2023,ASSAULT
39448,08-Dec-2023,THEFT
39449,12/08/2023,ROBBERY
39450,08-Dec-2023,FRAUD
39451,12/08/2023,ASSAULT
39452,08-Dec-2023,BURGLARY
39453,2023-12-08,DRUG OFFENSE
39454,12/08/2023,ASSAULT
39455,12/08/2023,OTHER
39456,2023-12-08,BURGLARY
39457,08-Dec-2023,BURGLARY
39458,08-Dec-2023,ROBBERY
39459,2023-12-08,ROBBERY
39460,08-Dec-2023,BURGLARY
39461,08-Dec-2023,OTHER
39462,12/08/2023,ASSAULT
39463,12/08/2023,ASSAULT
39464,12/08/2023,BURGLARY
39465,08-Dec-2023,ROBBERY
39466,12/08/2023,BURGLARY
39467,12/08/2023,BURGLARY
39468,08-Dec-2023,VANDALISM
39469,08-Dec-2023,ASSAULT
39470,12/08/2023,BURGLARY
39471,12/08/2023,ASSAULT
39472,08-Dec-2023,FRAUD
39473,2023-12-08,VANDALISM
39474,2023-12-08,VANDALISM
39475,2023-12-08,ROBBERY
39476,08-Dec-2023,DRUG OFFENSE
39477,08-Dec-2023,THEFT
39478,12/08/2023,ROBBERY
39479,2023-12-09,THEFT
39480,09-Dec-2023,VANDALISM
39481,12/09/2023,BURGLARY
39482,12/09/2023,ASSAULT
39483,2023-12-09,BURGLARY
39484,12/09/2023,OTHER
39485,2023-12-09,ASSAULT
39486,12/09/2023,ASSAULT
39487,2023-12-09,BURGLARY
39488,12/09/2023,ROBBERY
39489,12/09/2023,OTHER
39490,2023-12-09,DRUG OFFENSE
39491,2023-12-09,FRAUD
39492,12/09/2023,THEFT
39493,12/09/2023,THEFT
39494,2023-12-09,VANDALISM
39495,12/09/2023,ASSAULT
39496,12/09/2023,FRAUD
39497,12/09/2023,DRUG OFFENSE
39498,12/09/2023,VANDALISM
39499,2023-12-09,THEFT
39500,2023-12-09,ASSAULT
39501,2023-12-09,ROBBERY
39502,12/09/2023,OTHER
39503,09-Dec-2023,ASSAULT
39504,12/09/2023,OTHER
39505,09-Dec-2023,THEFT
39506,2023-12-09,VANDALISM
39507,12/09/2023,DRUG OFFENSE
39508,09-Dec-2023,VANDALISM
39509,2023-12-09,VANDALISM
39510,09-Dec-2023,THEFT
39511,09-Dec-2023,DRUG OFFENSE
39512,09-Dec-2023,OTHER
39513,2023-12-09,ROBBERY
39514,09-Dec-2023,BURGLARY
39515,12/10/2023,VANDALISM
39516,10-Dec-2023,ROBBERY
39517,2023-12-10,FRAUD
39518,2023-12-10,FRAUD
39519,12/10/2023,FRAUD
39520,12/10/2023,DRUG OFFENSE
39521,2023-12-10,OTHER
39522,2023-12-10,THEFT
39523,12/10/2023,THEFT
39524,10-Dec-2023,ASSAULT
39525,10-Dec-2023,DRUG OFFENSE
39526,2023-12-10,BURGLARY
39527,2023-12-10,ASSAULT
39528,2023-12-10,ROBBERY
39529,2023-12-10,ROBBERY
39530,10-Dec-2023,FRAUD
39531,12/10/2023,DRUG OFFENSE
39532,2023-12-10,ROBBERY
39533,2023-12-10,DRUG OFFENSE
39534,10-Dec-2023,THEFT
39535,10-Dec-2023,DRUG OFFENSE
39536,12/10/2023,VANDALISM
39537,2023-12-10,BURGLARY
39538,2023-12-10,DRUG OFFENSE
39539,12/10/2023,ASSAULT
39540,12/10/2023,THEFT
39541,10-Dec-2023,ASSAULT
39542,2023-12-10,BURGLARY
39543,12/10/2023,VANDALISM
39544,12/10/2023,THEFT
39545,10-Dec-2023,DRUG OFFENSE
39546,12/10/2023,OTHER
39547,12/10/2023,DRUG OFFENSE
39548,2023-12-10,VANDALISM
39549,10-Dec-2023,ASSAULT
39550,2023-12-10,DRUG OFFENSE
39551,10-Dec-2023,VANDALISM
39552,12/10/2023,OTHER
39553,12/10/2023,ASSAULT
39554,2023-12-10,ASSAULT
39555,11-Dec-2023,ROBBERY
39556,2023-12-11,VANDALISM
39557,11-Dec-2023,BURGLARY
39558,11-Dec-2023,ASSAULT
39559,11-Dec-2023,ASSAULT
39560,2023-12-11,ROBBERY
39561,11-Dec-2023,BURGLARY
39562,11-Dec-2023,ASSAULT
39563,11-Dec-2023,ASSAULT
39564,2023-12-11,DRUG OFFENSE
39565,12/11/2023,OTHER
39566,2023-12-11,DRUG OFFENSE
39567,2023-12-11,BURGLARY
39568,12/11/2023,FRAUD
39569,2023-12-11,ROBBERY
39570,11-Dec-2023,ROBBERY
39571,2023-12-11,VANDALISM
39572,2023-12-11,DRUG OFFENSE
39573,11-Dec-2023,ASSAULT
39574,2023-12-11,ASSAULT
39575,11-Dec-2023,OTHER
39576,12/11/2023,ROBBERY
39577,11-Dec-2023,BURGLARY
39578,12/11/2023,ROBBERY
39579,2023-12-11,FRAUD
39580,2023-12-11,BURGLARY
39581,2023-12-11,THEFT
39582,12/11/2023,VANDALISM
39583,2023-12-11,BURGLARY
39584,2023-12-11,OTHER
39585,2023-12-11,VANDALISM
39586,12/11/2023,BURGLARY
39587,12/11/2023,VANDALISM
39588,11-Dec-2023,DRUG OFFENSE
39589,11-Dec-2023,OTHER
39590,12/11/2023,VANDALISM
39591,11-Dec-2023,ROBBERY
39592,2023-12-11,ROBBERY
39593,12-Dec-2023,FRAUD
39594,2023-12-12,ASSAULT
39595,12-Dec-2023,THEFT
39596,2023-12-12,BURGLARY
39597,12/12/2023,OTHER
39598,12/12/2023,BURGLARY
39599,2023-12-12,VANDALISM
39600,12/12/2023,BURGLARY
39601,12/12/2023,ROBBERY
39602,12/12/2023,OTHER
39603,2023-12-12,THEFT
39604,12-Dec-2023,FRAUD
39605,12-Dec-2023,BURGLARY
39606,2023-12-12,DRUG OFFENSE
39607,12-Dec-2023,DRUG OFFENSE
39608,12/12/2023,VANDALISM
39609,12/12/2023,ROBBERY
39610,12/12/2023,ASSAULT
39611,12-Dec-2023,FRAUD
39612,12/12/2023,BURGLARY
39613,12-Dec-2023,FRAUD
39614,2023-12-12,VANDALISM
39615,2023-12-12,ASSAULT
39616,12/12/2023,ASSAULT
39617,12/12/2023,ROBBERY
39618,12-Dec-2023,VANDALISM
39619,12/12/2023,THEFT
39620,12-Dec-2023,OTHER
39621,2023-12-12,VANDALISM
39622,12/12/2023,ASSAULT
39623,12/12/2023,VANDALISM
39624,12-Dec-2023,ASSAULT
39625,2023-12-12,ROBBERY
39626,2023-12-12,DRUG OFFENSE
39627,12/12/2023,FRAUD
39628,2023-12-12,ASSAULT
39629,12/12/2023,OTHER
39630,12/12/2023,FRAUD
39631,12/12/2023,OTHER
39632,2023-12-12,BURGLARY
39633,12/12/2023,THEFT
39634,12-Dec-2023,FRAUD
39635,2023-12-12,DRUG OFFENSE
39636,12/13/2023,ASSAULT
39637,13-Dec-2023,ROBBERY
39638,13-Dec-2023,DRUG OFFENSE
39639,2023-12-13,ASSAULT
39640,13-Dec-2023,BURGLARY
39641,12/13/2023,THEFT
39642,12/13/2023,DRUG OFFENSE
39643,12/13/2023,FRAUD
39644,13-Dec-2023,ASSAULT
39645,2023-12-13,THEFT
39646,2023-12-13,DRUG OFFENSE
39647,2023-12-13,ROBBERY
39648,2023-12-13,VANDALISM
39649,12/13/2023,FRAUD
39650,13-Dec-2023,BURGLARY
39651,2023-12-13,DRUG OFFENSE
39652,12/13/2023,OTHER
39653,2023-12-13,ROBBERY
39654,2023-12-13,THEFT
39655,2023-12-13,ROBBERY
39656,13-Dec-2023,FRAUD
39657,13-Dec-2023,OTHER
39658,12/13/2023,ROBBERY
39659,12/13/2023,VANDALISM
39660,12/13/2023,THEFT
39661,12/13/2023,VANDALISM
39662,13-Dec-2023,THEFT
39663,12/13/2023,ASSAULT
39664,2023-12-13,BURGLARY
39665,12/13/2023,BURGLARY
39666,2023-12-13,ROBBERY
39667,12/13/2023,BURGLARY
39668,13-Dec-2023,ASSAULT
39669,12/13/2023,FRAUD
39670,2023-12-13,DRUG OFFENSE
39671,12/13/2023,VANDALISM
39672,12/14/2023,DRUG OFFENSE
39673,14-Dec-2023,ASSAULT
39674,2023-12-14,DRUG OFFENSE
39675,12/14/2023,BURGLARY
39676,12/14/2023,DRUG OFFENSE
39677,12/14/2023,BURGLARY
39678,12/14/2023,ROBBERY
39679,12/14/2023,VANDALISM
39680,2023-12-14,DRUG OFFENSE
39681,14-Dec-2023,FRAUD
39682,2023-12-14,VANDALISM
39683,12/14/2023,BURGLARY
39684,14-Dec-2023,FRAUD
39685,2023-12-14,VANDALISM
39686,14-Dec-2023,FRAUD
39687,14-Dec-2023,BURGLARY
39688,2023-12-14,OTHER
39689,14-Dec-2023,BURGLARY
39690,14-Dec-2023,DRUG OFFENSE
39691,14-Dec-2023,BURGLARY
39692,14-Dec-2023,ASSAULT
39693,2023-12-14,THEFT
39694,2023-12-14,DRUG OFFENSE
39695,2023-12-14,THEFT
39696,12/14/2023,ASSAULT
39697,2023-12-14,DRUG OFFENSE
39698,12/14/2023,ASSAULT
39699,2023-12-14,BURGLARY
39700,2023-12-14,ROBBERY
39701,2023-12-14,VANDALISM
39702,15-Dec-2023,VANDALISM
39703,15-Dec-2023,ASSAULT
39704,15-Dec-2023,OTHER
39705,15-Dec-2023,ASSAULT
39706,2023-12-15,FRAUD
39707,12/15/2023,FRAUD
39708,2023-12-15,OTHER
39709,15-Dec-2023,BURGLARY
39710,15-Dec-2023,ROBBERY
39711,2023-12-15,BURGLARY
39712,12/15/2023,BURGLARY
39713,2023-12-15,OTHER
39714,15-Dec-2023,ASSAULT
39715,12/15/2023,THEFT
39716,2023-12-15,DRUG OFFENSE
39717,2023-12-15,OTHER
39718,15-Dec-2023,BURGLARY
39719,2023-12-15,OTHER
39720,15-Dec-2023,ROBBERY
39721,12/15/2023,DRUG OFFENSE
39722,15-Dec-2023,ASSAULT
39723,2023-12-15,OTHER
39724,15-Dec-2023,OTHER
39725,2023-12-15,ROBBERY
39726,15-Dec-2023,BURGLARY
39727,2023-12-15,ASSAULT
39728,15-Dec-2023,DRUG OFFENSE
39729,12/15/2023,THEFT
39730,2023-12-15,DRUG OFFENSE
39731,12/15/2023,THEFT
39732,2023-12-15,ROBBERY
39733,12/16/2023,OTHER
39734,16-Dec-2023,VANDALISM
39735,12/16/2023,ASSAULT
39736,16-Dec-2023,FRAUD
39737,16-Dec-2023,ROBBERY
39738,2023-12-16,THEFT
39739,2023-12-16,THEFT
39740,2023-12-16,ROBBERY
39741,12/16/2023,FRAUD
39742,2023-12-16,FRAUD
39743,2023-12-16,ROBBERY
39744,12/16/2023,FRAUD
39745,2023-12-16,OTHER
39746,12/16/2023,BURGLARY
39747,2023-12-16,THEFT
39748,12/16/2023,VANDALISM
39749,2023-12-16,THEFT
39750,2023-12-16,VANDALISM
39751,16-Dec-2023,BURGLARY
39752,16-Dec-2023,ROBBERY
39753,12/16/2023,ASSAULT
39754,16-Dec-2023,FRAUD
39755,2023-12-16,BURGLARY
39756,16-Dec-2023,ROBBERY
39757,12/16/2023,VANDALISM
39758,12/16/2023,OTHER
39759,16-Dec-2023,ROBBERY
39760,12/16/2023,ROBBERY
39761,12/16/2023,OTHER
39762,16-Dec-2023,ASSAULT
39763,12/16/2023,VANDALISM
39764,2023-12-16,VANDALISM
39765,2023-12-16,FRAUD
39766,12/16/2023,DRUG OFFENSE
39767,2023-12-16,BURGLARY
39768,16-Dec-2023,OTHER
39769,16-Dec-2023,ASSAULT
39770,2023-12-16,ROBBERY
39771,12/16/2023,OTHER
39772,2023-12-16,THEFT
39773,16-Dec-2023,BURGLARY
39774,12/16/2023,ROBBERY
39775,12/16/2023,ASSAULT
39776,12/16/2023,DRUG OFFENSE
39777,17-Dec-2023,OTHER
39778,12/17/2023,OTHER
39779,2023-12-17,FRAUD
39780,17-Dec-2023,DRUG OFFENSE
39781,2023-12-17,DRUG OFFENSE
39782,12/17/2023,FRAUD
39783,17-Dec-2023,ASSAULT
39784,17-Dec-2023,THEFT
39785,17-Dec-2023,VANDALISM
39786,17-Dec-2023,ASSAULT
39787,17-Dec-2023,THEFT
39788,2023-12-17,FRAUD
39789,17-Dec-2023,OTHER
39790,2023-12-17,THEFT
39791,12/17/2023,BURGLARY
39792,12/17/2023,DRUG OFFENSE
39793,17-Dec-2023,BURGLARY
39794,12/17/2023,DRUG OFFENSE
39795,17-Dec-2023,THEFT
39796,2023-12-17,VANDALISM
39797,17-Dec-2023,BURGLARY
39798,2023-12-17,VANDALISM
39799,12/17/2023,DRUG OFFENSE
39800,2023-12-17,OTHER
39801,2023-12-17,ROBBERY
39802,12/17/2023,ASSAULT
39803,2023-12-17,DRUG OFFENSE
39804,12/17/2023,BURGLARY
39805,2023-12-17,VANDALISM
39806,17-Dec-2023,FRAUD
39807,17-Dec-2023,FRAUD
39808,17-Dec-2023,OTHER
39809,12/17/2023,THEFT
39810,12/17/2023,DRUG OFFENSE
39811,12/18/2023,VANDALISM
39812,18-Dec-2023,DRUG OFFENSE
39813,2023-12-18,ASSAULT
39814,2023-12-18,ROBBERY
39815,2023-12-18,THEFT
39816,2023-12-18,BURGLARY
39817,18-Dec-2023,ROBBERY
39818,2023-12-18,BURGLARY
39819,2023-12-18,THEFT
39820,2023-12-18,THEFT
39821,12/18/2023,ASSAULT
39822,2023-12-18,VANDALISM
39823,18-Dec-2023,OTHER
39824,18-Dec-2023,ROBBERY
39825,2023-12-18,THEFT
39826,18-Dec-2023,FRAUD
39827,12/18/2023,THEFT
39828,2023-12-18,DRUG OFFENSE
39829,18-Dec-2023,FRAUD
39830,2023-12-18,ROBBERY
39831,2023-12-18,DRUG OFFENSE
39832,12/18/2023,VANDALISM
39833,2023-12-18,DRUG OFFENSE
39834,12/18/2023,THEFT
39835,12/18/2023,BURGLARY
39836,2023-12-18,ROBBERY
39837,18-Dec-2023,ASSAULT
39838,12/18/2023,OTHER
39839,18-Dec-2023,ASSAULT
39840,2023-12-18,OTHER
39841,2023-12-18,ROBBERY
39842,18-Dec-2023,THEFT
39843,18-Dec-2023,OTHER
39844,12/18/2023,ROBBERY
39845,18-Dec-2023,OTHER
39846,12/19/2023,DRUG OFFENSE
39847,12/19/2023,OTHER
39848,19-Dec-2023,VANDALISM
39849,2023-12-19,OTHER
39850,12/19/2023,BURGLARY
39851,12/19/2023,VANDALISM
39852,2023-12-19,DRUG OFFENSE
39853,19-Dec-2023,OTHER
39854,2023-12-19,VANDALISM
39855,12/19/2023,THEFT
39856,12/19/2023,VANDALISM
39857,12/19/2023,THEFT
39858,12/19/2023,DRUG OFFENSE
39859,2023-12-19,ROBBERY
39860,2023-12-19,ASSAULT
39861,19-Dec-2023,OTHER
39862,2023-12-19,FRAUD
39863,2023-12-19,VANDALISM
39864,19-Dec-2023,THEFT
39865,12/19/2023,BURGLARY
39866,19-Dec-2023,DRUG OFFENSE
39867,19-Dec-2023,DRUG OFFENSE
39868,2023-12-19,DRUG OFFENSE
39869,12/19/2023,ASSAULT
39870,2023-12-19,OTHER
39871,12/19/2023,ROBBERY
39872,19-Dec-2023,BURGLARY
39873,19-Dec-2023,OTHER
39874,19-Dec-2023,VANDALISM
39875,12/19/2023,BURGLARY
39876,2023-12-19,BURGLARY
39877,12/19/2023,VANDALISM
39878,19-Dec-2023,OTHER
39879,19-Dec-2023,VANDALISM
39880,12/19/2023,FRAUD
39881,12/19/2023,ROBBERY
39882,12/19/2023,OTHER
39883,19-Dec-2023,ASSAULT
39884,12/19/2023,DRUG OFFENSE
39885,12/19/2023,THEFT
39886,2023-12-19,FRAUD
39887,12/19/2023,THEFT
39888,2023-12-19,ASSAULT
39889,2023-12-19,FRAUD
39890,12/19/2023,BURGLARY
39891,12/19/2023,THEFT
39892,12/19/2023,ASSAULT
39893,12/19/2023,ASSAULT
39894,12/20/2023,DRUG OFFENSE
39895,12/20/2023,ROBBERY
39896,12/20/2023,BURGLARY
39897,12/20/2023,ROBBERY
39898,12/20/2023,FRAUD
39899,2023-12-20,BURGLARY
39900,20-Dec-2023,THEFT
39901,20-Dec-2023,VANDALISM
39902,12/20/2023,DRUG OFFENSE
39903,12/20/2023,THEFT
39904,12/20/2023,ASSAULT
39905,2023-12-20,VANDALISM
39906,20-Dec-2023,THEFT
39907,12/20/2023,FRAUD
39908,20-Dec-2023,THEFT
39909,20-Dec-2023,FRAUD
39910,12/20/2023,ASSAULT
39911,20-Dec-2023,FRAUD
39912,2023-12-20,ROBBERY
39913,12/20/2023,BURGLARY
39914,2023-12-20,THEFT
39915,12/20/2023,DRUG OFFENSE
39916,2023-12-20,OTHER
39917,20-Dec-2023,ASSAULT
39918,2023-12-20,OTHER
39919,12/20/2023,VANDALISM
39920,12/20/2023,DRUG OFFENSE
39921,2023-12-20,FRAUD
39922,2023-12-20,BURGLARY
39923,2023-12-20,ROBBERY
39924,20-Dec-2023,ASSAULT
39925,12/20/2023,DRUG OFFENSE
39926,12/21/2023,ROBBERY
39927,21-Dec-2023,DRUG OFFENSE
39928,2023-12-21,THEFT
39929,12/21/2023,THEFT
39930,12/21/2023,THEFT
39931,12/21/2023,ROBBERY
39932,21-Dec-2023,ROBBERY
39933,12/21/2023,DRUG OFFENSE
39934,2023-12-21,THEFT
39935,12/21/2023,VANDALISM
39936,12/21/2023,THEFT
39937,21-Dec-2023,THEFT
39938,21-Dec-2023,ROBBERY
39939,12/21/2023,BURGLARY
39940,12/21/2023,FRAUD
39941,21-Dec-2023,FRAUD
39942,12/21/2023,THEFT
39943,21-Dec-2023,ROBBERY
39944,12/21/2023,THEFT
39945,21-Dec-2023,THEFT
39946,2023-12-21,DRUG OFFENSE
39947,2023-12-21,OTHER
39948,2023-12-21,BURGLARY
39949,12/21/2023,OTHER
39950,12/21/2023,ASSAULT
39951,21-Dec-2023,ASSAULT
39952,12/21/2023,FRAUD
39953,12/21/2023,ROBBERY
39954,2023-12-21,ASSAULT
39955,12/21/2023,THEFT
39956,12/21/2023,ROBBERY
39957,21-Dec-2023,DRUG OFFENSE
39958,2023-12-21,OTHER
39959,12/21/2023,VANDALISM
39960,21-Dec-2023,BURGLARY
39961,12/21/2023,THEFT
39962,12/21/2023,VANDALISM
39963,12/21/2023,VANDALISM
39964,2023-12-21,BURGLARY
39965,2023-12-21,ASSAULT
39966,22-Dec-2023,FRAUD
39967,2023-12-22,ASSAULT
39968,2023-12-22,BURGLARY
39969,12/22/2023,THEFT
39970,12/22/2023,VANDALISM
39971,12/22/2023,VANDALISM
39972,12/22/2023,VANDALISM
39973,22-Dec-2023,BURGLARY
39974,2023-12-22,OTHER
39975,2023-12-22,OTHER
39976,12/22/2023,FRAUD
39977,12/22/2023,BURGLARY
39978,12/22/2023,ASSAULT
39979,2023-12-22,ROBBERY
39980,12/22/2023,ASSAULT
39981,12/22/2023,OTHER
39982,2023-12-22,ASSAULT
39983,12/22/2023,DRUG OFFENSE
39984,12/22/2023,THEFT
39985,12/22/2023,FRAUD
39986,22-Dec-2023,ROBBERY
39987,22-Dec-2023,DRUG OFFENSE
39988,12/22/2023,ASSAULT
39989,22-Dec-2023,OTHER
39990,2023-12-22,THEFT
39991,22-Dec-2023,ASSAULT
39992,22-Dec-2023,BURGLARY
39993,12/22/2023,BURGLARY
39994,12/22/2023,FRAUD
39995,22-Dec-2023,VANDALISM
39996,2023-12-22,BURGLARY
39997,22-Dec-2023,VANDALISM
39998,2023-12-22,FRAUD
39999,12/23/2023,THEFT
40000,2023-12-23,OTHER
40001,12/23/2023,THEFT
40002,2023-12-23,VANDALISM
40003,12/23/2023,VANDALISM
40004,12/23/2023,BURGLARY
40005,23-Dec-2023,THEFT
40006,12/23/2023,OTHER
40007,2023-12-23,THEFT
40008,12/23/2023,ASSAULT
40009,23-Dec-2023,ASSAULT
40010,23-Dec-2023,DRUG OFFENSE
40011,2023-12-23,ASSAULT
40012,23-Dec-2023,VANDALISM
40013,2023-12-23,VANDALISM
40014,12/23/2023,ASSAULT
40015,2023-12-23,ROBBERY
40016,12/23/2023,DRUG OFFENSE
40017,12/23/2023,OTHER
40018,23-Dec-2023,BURGLARY
40019,2023-12-23,VANDALISM
40020,12/23/2023,ASSAULT
40021,23-Dec-2023,BURGLARY
40022,23-Dec-2023,VANDALISM
40023,23-Dec-2023,DRUG OFFENSE
40024,12/23/2023,OTHER
40025,12/23/2023,THEFT
40026,2023-12-23,FRAUD
40027,12/23/2023,ROBBERY
40028,12/23/2023,THEFT
40029,12/23/2023,THEFT
40030,2023-12-24,ASSAULT
40031,24-Dec-2023,ASSAULT
40032,24-Dec-2023,VANDALISM
40033,24-Dec-2023,FRAUD
40034,2023-12-24,VANDALISM
40035,24-Dec-2023,FRAUD
40036,12/24/2023,FRAUD
40037,12/24/2023,THEFT
40038,2023-12-24,DRUG OFFENSE
40039,12/24/2023,VANDALISM
40040,12/24/2023,ROBBERY
40041,2023-12-24,OTHER
40042,12/24/2023,ASSAULT
40043,2023-12-24,DRUG OFFENSE
40044,2023-12-24,FRAUD
40045,2023-12-24,OTHER
40046,24-Dec-2023,OTHER
40047,12/24/2023,VANDALISM
40048,2023-12-24,BURGLARY
40049,2023-12-24,FRAUD
40050,2023-12-24,THEFT
40051,24-Dec-2023,ROBBERY
40052,24-Dec-2023,ROBBERY
40053,12/24/2023,ROBBERY
40054,24-Dec-2023,DRUG OFFENSE
40055,24-Dec-2023,DRUG OFFENSE
40056,24-Dec-2023,OTHER
40057,12/24/2023,DRUG OFFENSE
40058,12/24/2023,VANDALISM
40059,12/24/2023,THEFT
40060,12/24/2023,VANDALISM
40061,24-Dec-2023,FRAUD
40062,12/24/2023,ROBBERY
40063,24-Dec-2023,FRAUD
40064,24-Dec-2023,OTHER
40065,12/24/2023,FRAUD
40066,2023-12-24,DRUG OFFENSE
40067,2023-12-24,ASSAULT
40068,24-Dec-2023,VANDALISM
40069,25-Dec-2023,VANDALISM
40070,25-Dec-2023,BURGLARY
40071,2023-12-25,OTHER
40072,12/25/2023,FRAUD
40073,12/25/2023,FRAUD
40074,2023-12-25,OTHER
40075,2023-12-25,OTHER
40076,25-Dec-2023,FRAUD
40077,12/25/2023,BURGLARY
40078,12/25/2023,VANDALISM
40079,12/25/2023,ASSAULT
40080,12/25/2023,ASSAULT
40081,2023-12-25,OTHER
40082,25-Dec-2023,DRUG OFFENSE
40083,12/25/2023,OTHER
40084,12/25/2023,OTHER
40085,2023-12-25,ASSAULT
40086,2023-12-25,VANDALISM
40087,2023-12-25,FRAUD
40088,12/25/2023,OTHER
40089,2023-12-25,OTHER
40090,25-Dec-2023,BURGLARY
40091,12/25/2023,THEFT
40092,12/25/2023,BURGLARY
40093,2023-12-25,VANDALISM
40094,2023-12-25,VANDALISM
40095,12/25/2023,DRUG OFFENSE
40096,25-Dec-2023,VANDALISM
40097,12/25/2023,OTHER
40098,2023-12-26,BURGLARY
40099,12/26/2023,ROBBERY
40100,12/26/2023,THEFT
40101,26-Dec-2023,BURGLARY
40102,26-Dec-2023,OTHER
40103,12/26/2023,BURGLARY
40104,12/26/2023,VANDALISM
40105,2023-12-26,OTHER
40106,26-Dec-2023,VANDALISM
40107,12/26/2023,ASSAULT
40108,12/26/2023,BURGLARY
40109,12/26/2023,VANDALISM
40110,26-Dec-2023,BURGLARY
40111,26-Dec-2023,FRAUD
40112,26-Dec-2023,BURGLARY
40113,26-Dec-2023,ROBBERY
40114,26-Dec-2023,ROBBERY
40115,2023-12-26,THEFT
40116,26-Dec-2023,DRUG OFFENSE
40117,2023-12-26,THEFT
40118,12/26/2023,OTHER
40119,12/26/2023,VANDALISM
40120,26-Dec-2023,THEFT
40121,26-Dec-2023,ROBBERY
40122,2023-12-26,FRAUD
40123,26-Dec-2023,THEFT
40124,12/26/2023,THEFT
40125,12/26/2023,FRAUD
40126,12/26/2023,ROBBERY
40127,26-Dec-2023,ASSAULT
40128,2023-12-26,FRAUD
40129,12/26/2023,DRUG OFFENSE
40130,2023-12-26,ASSAULT
40131,2023-12-26,FRAUD
40132,12/27/2023,DRUG OFFENSE
40133,12/27/2023,THEFT
40134,12/27/2023,OTHER
40135,12/27/2023,ASSAULT
40136,27-Dec-2023,ASSAULT
40137,12/27/2023,ROBBERY
40138,12/27/2023,BURGLARY
40139,12/27/2023,FRAUD
40140,2023-12-27,OTHER
40141,12/27/2023,BURGLARY
40142,2023-12-27,OTHER
40143,12/27/2023,THEFT
40144,2023-12-27,FRAUD
40145,27-Dec-2023,ASSAULT
40146,2023-12-27,BURGLARY
40147,2023-12-27,THEFT
40148,12/27/2023,OTHER
40149,12/27/2023,FRAUD
40150,2023-12-27,THEFT
40151,27-Dec-2023,VANDALISM
40152,27-Dec-2023,ASSAULT
40153,12/27/2023,FRAUD
40154,27-Dec-2023,THEFT
40155,27-Dec-2023,DRUG OFFENSE
40156,2023-12-27,FRAUD
40157,27-Dec-2023,FRAUD
40158,12/27/2023,OTHER
40159,27-Dec-2023,DRUG OFFENSE
40160,2023-12-27,OTHER
40161,2023-12-27,VANDALISM
40162,12/27/2023,DRUG OFFENSE
40163,27-Dec-2023,ROBBERY
40164,2023-12-27,THEFT
40165,27-Dec-2023,ASSAULT
40166,12/27/2023,FRAUD
40167,12/28/2023,VANDALISM
40168,12/28/2023,ROBBERY
40169,28-Dec-2023,ROBBERY
40170,28-Dec-2023,DRUG OFFENSE
40171,12/28/2023,BURGLARY
40172,12/28/2023,VANDALISM
40173,12/28/2023,BURGLARY
40174,2023-12-28,THEFT
40175,12/28/2023,THEFT
40176,28-Dec-2023,THEFT
40177,28-Dec-2023,FRAUD
40178,12/28/2023,FRAUD
40179,12/28/2023,FRAUD
40180,2023-12-28,OTHER
40181,28-Dec-2023,THEFT
40182,2023-12-28,THEFT
40183,12/28/2023,FRAUD
40184,2023-12-28,VANDALISM
40185,2023-12-28,FRAUD
40186,12/28/2023,FRAUD
40187,12/28/2023,DRUG OFFENSE
40188,12/28/2023,FRAUD
40189,12/28/2023,BURGLARY
40190,2023-12-28,ASSAULT
40191,2023-12-28,DRUG OFFENSE
40192,12/28/2023,DRUG OFFENSE
40193,12/28/2023,OTHER
40194,12/28/2023,VANDALISM
40195,12/28/2023,OTHER
40196,28-Dec-2023,ASSAULT
40197,12/28/2023,ASSAULT
40198,12/28/2023,DRUG OFFENSE
40199,28-Dec-2023,THEFT
40200,12/28/2023,ROBBERY
40201,2023-12-28,ASSAULT
40202,12/28/2023,THEFT
40203,2023-12-28,THEFT
40204,28-Dec-2023,THEFT
40205,2023-12-28,THEFT
40206,28-Dec-2023,BURGLARY
40207,2023-12-28,FRAUD
40208,12/28/2023,DRUG OFFENSE
40209,2023-12-28,DRUG OFFENSE
40210,28-Dec-2023,THEFT
40211,28-Dec-2023,ASSAULT
40212,28-Dec-2023,OTHER
40213,2023-12-28,ASSAULT
40214,2023-12-29,FRAUD
40215,12/29/2023,BURGLARY
40216,2023-12-29,THEFT
40217,12/29/2023,FRAUD
40218,12/29/2023,THEFT
40219,2023-12-29,OTHER
40220,29-Dec-2023,ROBBERY
40221,12/29/2023,VANDALISM
40222,12/29/2023,DRUG OFFENSE
40223,12/29/2023,ASSAULT
40224,12/29/2023,VANDALISM
40225,12/29/2023,VANDALISM
40226,29-Dec-2023,OTHER
40227,12/29/2023,BURGLARY
40228,12/29/2023,OTHER
40229,2023-12-29,FRAUD
40230,29-Dec-2023,VANDALISM
40231,2023-12-29,THEFT
40232,29-Dec-2023,BURGLARY
40233,29-Dec-2023,VANDALISM
40234,29-Dec-2023,BURGLARY
40235,12/29/2023,BURGLARY
40236,29-Dec-2023,OTHER
40237,2023-12-29,FRAUD
40238,12/29/2023,VANDALISM
40239,29-Dec-2023,VANDALISM
40240,12/29/2023,FRAUD
40241,29-Dec-2023,DRUG OFFENSE
40242,30-Dec-2023,BURGLARY
40243,30-Dec-2023,DRUG OFFENSE
40244,12/30/2023,ROBBERY
40245,12/30/2023,VANDALISM
40246,2023-12-30,ROBBERY
40247,12/30/2023,OTHER
40248,2023-12-30,FRAUD
40249,12/30/2023,ASSAULT
40250,2023-12-30,VANDALISM
40251,12/30/2023,VANDALISM
40252,30-Dec-2023,DRUG OFFENSE
40253,2023-12-30,FRAUD
40254,30-Dec-2023,FRAUD
40255,12/30/2023,DRUG OFFENSE
40256,12/30/2023,VANDALISM
40257,30-Dec-2023,OTHER
40258,30-Dec-2023,ASSAULT
40259,12/30/2023,THEFT
40260,2023-12-30,THEFT
40261,30-Dec-2023,ROBBERY
40262,2023-12-30,DRUG OFFENSE
40263,12/30/2023,ROBBERY
40264,30-Dec-2023,VANDALISM
40265,12/30/2023,ASSAULT
40266,2023-12-30,THEFT
40267,12/30/2023,THEFT
40268,2023-12-30,ROBBERY
40269,12/30/2023,FRAUD
40270,2023-12-30,DRUG OFFENSE
40271,30-Dec-2023,ROBBERY
40272,30-Dec-2023,FRAUD
40273,12/30/2023,BURGLARY
40274,2023-12-30,DRUG OFFENSE
40275,12/30/2023,THEFT
40276,30-Dec-2023,BURGLARY
40277,12/30/2023,ROBBERY
40278,2023-12-30,VANDALISM
40279,12/30/2023,DRUG OFFENSE
40280,30-Dec-2023,FRAUD
40281,2023-12-30,ASSAULT
40282,12/30/2023,ASSAULT
40283,2023-12-30,THEFT
40284,12/30/2023,ROBBERY
40285,12/30/2023,VANDALISM
40286,2023-12-30,ASSAULT
40287,30-Dec-2023,ROBBERY
40288,30-Dec-2023,OTHER
40289,2023-12-31,BURGLARY
40290,2023-12-31,VANDALISM
40291,31-Dec-2023,FRAUD
40292,12/31/2023,FRAUD
40293,31-Dec-2023,VANDALISM
40294,12/31/2023,ROBBERY
40295,2023-12-31,VANDALISM
40296,12/31/2023,VANDALISM
40297,2023-12-31,ROBBERY
40298,12/31/2023,ASSAULT
40299,2023-12-31,VANDALISM
40300,12/31/2023,FRAUD
40301,2023-12-31,DRUG OFFENSE
40302,2023-12-31,ASSAULT
40303,12/31/2023,BURGLARY
40304,31-Dec-2023,THEFT
40305,31-Dec-2023,OTHER
40306,12/31/2023,THEFT
40307,12/31/2023,OTHER
40308,12/31/2023,DRUG OFFENSE
40309,12/31/2023,BURGLARY
40310,12/31/2023,ASSAULT
40311,31-Dec-2023,ROBBERY
40312,12/31/2023,ASSAULT
40313,12/31/2023,ROBBERY
40314,12/31/2023,BURGLARY
40315,12/31/2023,DRUG OFFENSE
40316,12/31/2023,OTHER
40317,2023-12-31,FRAUD
40318,12/31/2023,BURGLARY
40319,12/31/2023,ASSAULT
40320,31-Dec-2023,OTHER
40321,31-Dec-2023,FRAUD
40322,31-Dec-2023,OTHER
40323,31-Dec-2023,DRUG OFFENSE
