Time,V1,V2,V3,V4,V5,V6,V7,V8,V9,V10,V11,V12,V13,V14,V15,V16,V17,V18,V19,V20,V21,V22,V23,V24,V25,V26,V27,V28,Amount,Class
116.8,-2.55110353,-0.34079384,1.27934035,0.46346088,-1.2053156,0.69451689,0.54696462,-0.82165366,-0.79610652,0.50854731,0.72160172,-0.93276253,-0.70734307,-0.36264042,1.20882823,0.48494596,1.18042184,1.1931372,-0.30960803,-0.92953843,2.07299853,2.07484654,-1.16700969,-0.43791956,1.66603088,1.87513609,1.53859752,-0.8734003,274.41,0
189.6,-0.4105351,0.14804168,-0.33198045,0.49346562,-0.28607385,-1.23224496,0.44683331,0.96419335,0.44032583,-0.12065219,0.45118754,-1.5435201,0.44450493,0.81970095,1.4841936,-0.93685931,-2.1723987,-0.30575267,-0.25910361,-1.50070327,-0.97731778,-0.42689069,0.16887467,-1.17061808,0.23121751,0.93549402,-0.39210354,-0.12805094,95.94,0
338.4,0.86023079,-0.72470517,-0.23030392,-0.08639672,-0.09973269,-1.64787752,-0.32350374,0.47834883,0.15308178,-0.00102978,-0.81791514,-0.79837671,-0.31809221,-1.29581291,-0.45984687,-1.48580495,1.60115595,3.2241269,0.3402222,0.07264824,0.31603951,0.18294109,0.45330831,-1.94864107,0.77283816,0.50671492,-0.99779192,-0.38339528,143.23,0
523.9,0.56799604,-0.88413459,1.55527275,-0.56044652,-1.19959129,0.36029068,-1.13508098,2.17009035,-1.8590047,1.71946144,-0.18235939,1.24625678,-0.47155105,0.36730757,-0.82281269,0.02127143,-1.84275398,-1.34972436,1.00216256,1.14378978,0.41308702,0.39699293,1.79126276,1.32386191,0.26880729,-0.32752567,-0.18575902,-0.45959702,230.93,0
772.5,-1.3862136,1.42776965,-0.12968447,-2.37947848,-1.66660263,-1.42426537,0.14938759,-1.03296496,-0.57395872,-0.22657325,-1.49358482,0.85980038,0.84504877,-1.09750762,1.11592229,-0.66743267,0.39921369,0.96423515,-0.82302744,2.10166721,0.04841032,-0.51866056,-0.20909225,0.52209086,-0.35098804,-0.60283365,1.82035452,-2.44677875,361.31,0
831.6,0.83150749,0.55161927,-0.70251823,-0.18447817,-0.84431732,-0.95276013,-0.31792863,0.66734055,-0.58121698,0.51121313,0.04180925,-1.09857205,0.54933643,-0.95988679,0.7106703,-0.79929487,0.91956898,0.36837422,0.14166609,0.87454181,1.84442506,-0.54631678,1.62674737,-0.75031515,-1.36354288,0.39571369,1.05135812,-1.61077359,93.51,0
1181.9,-0.89180144,0.22836453,0.47539819,0.69321771,-1.2082805,-1.53352475,-1.42362972,0.62356203,0.2835714,0.81709296,0.07458048,1.53795494,-1.38367881,-0.33514491,-1.43438477,0.24377083,-0.20448528,-0.18326361,-1.11607823,-0.41261527,1.365575,0.36605877,-0.18592505,0.0878519,0.57454409,1.34845681,1.51980733,-0.89002069,226.31,0
1348.2,0.47119231,0.01689197,-3.0332806,-1.71337317,-0.02037661,-2.45771263,-0.65277913,0.64286248,0.66905921,-0.17409649,0.11528214,-2.36237886,0.72148588,-0.99388049,-0.03167971,0.70188029,1.43842516,-1.65514891,-0.95887034,0.1152648,0.7345699,0.36118224,-1.06808971,0.04826455,0.83797185,0.74129177,-1.49766764,-1.52341008,13.05,0
1365.3,1.78454745,0.35234176,0.88478195,-0.16249787,-1.24471295,-0.04598729,-1.41869816,-0.81897879,0.55367149,0.28323254,1.02689418,1.41405686,0.24761147,1.44576089,-1.37203146,-1.16058314,-0.73601679,1.33691904,-0.43204913,0.49778371,-1.08492349,-1.40154907,-1.38850943,1.16461808,-0.29006492,0.51095779,-0.46124653,0.86860856,221.82,0
1384.8,-0.58426573,-0.48701392,-0.14155255,0.84459131,-1.02642406,-2.49761645,-1.63760065,1.53270428,0.59243006,-0.35676869,-0.42629783,0.90378396,1.02846678,-0.81005448,1.29495409,0.12108617,-1.10361335,-0.77376389,0.81338799,-0.59349631,-0.41687005,1.10301897,0.93744904,0.38681094,0.92028829,1.51172375,0.48635219,-0.4840517,144.59,0
1410.2,-1.26760746,-0.44459893,1.6748623,-0.48874052,0.24225636,0.81370589,2.67987919,-0.63034912,-0.08888734,1.17803795,-0.25276762,0.27993676,0.37933484,1.66454679,-1.09582271,-1.07418053,0.82426217,-0.66041141,-0.55367756,0.32271567,0.12525423,1.8458342,0.37132027,0.33142571,0.59342693,0.09750889,1.3214162,0.79626327,117.89,0
1462.5,-1.08358629,-0.02716073,1.80821779,-0.89197184,2.45527262,-0.65530374,-0.82048859,-0.66086987,0.64872883,-0.01408133,1.12122103,-0.82366503,-1.67321656,-0.37093434,0.27977378,-1.46975451,-0.10651206,0.53558138,-0.80665768,-0.82398058,-1.09517476,-0.14345317,0.45632649,2.74755565,1.16521224,-1.26170605,-1.53679746,-0.11027938,481.0,0
1483.0,0.33843027,0.60254485,-0.60703523,-0.64507501,0.4605051,0.9935411,-1.23834925,0.89542478,-1.62137296,2.01877223,1.13656816,0.31535284,-0.55302998,1.11821806,1.01989321,-0.89190441,1.51250921,-1.9297334,1.61732238,-0.59603312,0.62743814,-0.76489432,0.70468512,0.23044046,0.24241187,-1.1091257,-2.49881613,-0.44571725,93.71,0
1496.8,-0.59475228,0.76336223,-0.26456414,2.39146752,-0.76283577,0.42936379,0.36662366,-0.85140048,2.23175612,-0.71173546,0.15384977,-0.9399909,0.24853464,0.43756255,-0.84712065,-0.27746839,1.29666952,-1.26727833,1.22653545,0.46687037,-0.68878602,1.9677579,0.10767452,-0.38267631,1.6799566,3.0929736,0.88781631,-0.11665936,257.46,0
1688.1,1.09169774,-0.50831791,0.40446196,-0.41607163,0.26618702,-0.07448533,-0.06192227,0.09486279,1.35844939,0.21775933,0.17635229,-1.37564829,0.80798984,0.45001667,-2.25004762,-0.42544893,0.63233805,-0.30760494,-1.26526324,-0.75280706,1.32698233,-1.50611243,-0.03616399,0.93731689,-0.58481353,0.24815859,0.18737436,0.40811522,74.51,0
1817.8,1.6569273,-0.32055292,-0.03588554,-1.47082366,0.68611587,1.36470693,-0.48342922,-0.68747012,-0.95856797,0.23809867,0.97954485,-0.33683636,-1.02995297,-2.1338306,0.39649775,0.89176424,-0.10011,1.54351722,0.16281237,-0.65676213,-1.91700801,1.30484568,1.01923173,0.81463332,1.14624123,2.28696611,-0.93450081,0.36053668,35.13,0
1836.8,-0.05190694,1.91842687,-0.4113533,0.55678732,0.80689029,-0.38157434,-0.32625738,1.470513,1.38406093,-1.51194106,-0.83174975,-0.7829462,-1.37503957,-0.12190109,0.74932137,1.86316823,-1.74367586,-0.61641232,0.04765627,1.47457833,-2.25141518,1.86347799,0.06566925,2.43255243,-1.48528312,0.72159436,-0.64000977,1.24404601,376.42,0
1846.8,0.25191329,1.09299621,-0.66551129,-2.84289719,0.50166041,1.10052236,1.38614584,1.09091857,-0.45769511,-0.03902114,0.38383428,-0.42603691,0.40807318,-2.31329281,0.59170118,-1.68960401,1.44895687,-1.05230481,-0.93561486,0.07293724,-1.75117122,-1.01692998,-0.23043408,-0.94130666,2.10474778,0.77086172,0.12514481,-0.32139458,191.81,0
2053.9,0.64967372,-0.46170543,-0.99659224,-0.21849889,0.48638019,-0.00906682,1.05686391,0.55472895,-0.11752609,-0.79294612,-0.73284649,-0.64866965,0.06154172,1.08062413,0.07436472,0.8037285,-0.63207773,-0.97434518,-0.27296707,0.70416157,1.52161213,-0.60883418,-0.58277763,-1.01847018,-0.830583,0.17398682,-0.2194322,0.4102926,473.63,0
2070.2,-1.9855082,1.17580924,1.60360447,-1.34378654,-0.07325253,-0.36467057,0.67611061,-0.03050043,-0.45419191,1.23633016,0.319659,-1.51216399,-0.26772038,0.57906219,-0.19295591,0.4613659,-0.58253382,0.37329487,0.0821803,0.5894503,-0.28914339,1.59751215,-1.25160104,-0.98400036,-0.58619488,-1.39904997,0.41735345,0.12462346,405.64,0
2080.1,-0.57685194,0.67096533,0.07014763,1.02961516,0.8654402,0.16492997,1.28170463,-0.47559576,-0.00317732,1.3208179,-0.56788954,-1.91217504,-0.51552928,0.23494808,0.32783904,0.11494036,1.33621048,1.57345209,-0.33010489,-1.79267573,-0.33715869,-1.19806649,0.99770746,0.64734403,1.27716717,-0.69534595,-1.3424819,-0.11277887,158.21,0
2131.8,-0.57270291,0.1889422,-1.42554682,0.87270202,-0.50227541,-1.84310113,-1.10822435,-0.64256245,-0.07518059,-1.66547749,0.87587344,-0.01530387,0.84821423,1.43574119,-0.29560242,-0.6356986,0.57633745,-1.73751363,1.07817598,-0.0603833,-0.42720111,-1.13545645,-1.30733978,-0.31017316,0.46017257,-0.01840218,-2.30622275,-0.68786546,216.32,0
2439.1,-0.82543424,-0.25252452,-0.2414615,-0.37749686,-0.18060036,0.36652469,-0.64486182,0.18241636,-0.70862325,-0.66565646,-0.61313086,1.47825153,0.73868271,0.8041973,-0.31242875,0.87626794,0.18138661,-0.99887601,-0.88672829,1.15648538,1.44984157,1.33979139,-0.79941674,-0.62704237,0.35104154,0.80590909,-2.29125376,0.66529336,36.57,0
2574.4,-1.27181031,-0.34488146,-1.79730639,0.46141052,0.24101663,0.12630312,0.27102651,-0.85530187,1.18240945,0.0300723,0.83119447,-0.89694483,-0.7059422,0.2873113,0.27799153,-0.00156504,1.25258585,-1.62941852,0.05193158,-1.38272028,1.73800672,0.29332385,1.55288128,1.62417286,-0.6262695,-0.38587556,1.40416366,-0.77790303,54.88,0
2742.1,1.05976553,2.04764729,-0.30510843,-0.05109807,0.51429474,1.47420021,1.62386903,-1.81625888,0.91558642,-0.76467681,0.59579781,-0.54006708,-1.04741765,-0.42904234,-1.16142132,-0.61638548,1.19179348,0.53116113,0.02148829,-1.22975795,-0.47943985,-0.22797929,-0.23473997,0.8620119,-0.80716745,-0.5107236,0.20616316,0.20967328,160.5,0
2836.6,-0.21705221,0.93620434,0.39753499,-1.58085155,0.78252091,-0.3309522,0.03401732,1.02020646,1.48575961,0.1289374,-1.35923204,0.65930402,0.68948664,0.60464223,-0.65718784,0.72935205,-0.66819701,0.28059183,-0.33620746,1.52512436,-1.35687633,0.53278608,0.2793382,0.0812291,0.43204686,-0.79462192,-0.76645615,2.31580596,40.44,0
2861.9,-0.42793939,1.39164947,-0.20035001,-0.54714626,1.84888102,-0.52667552,0.66556746,0.27484599,-0.48540204,-0.99730197,1.09396012,-0.68778643,-0.1737375,-0.42472157,-0.40249185,-0.21633453,0.8567289,-0.32206121,-1.37137586,-1.37462128,0.44375758,1.35615318,-0.07838549,-0.93977799,-0.13311616,0.45679074,1.54251073,2.088466,663.88,0
2953.2,-1.92455537,0.16766392,0.12473693,-0.40821375,0.70405441,0.43818331,-1.13344108,0.94464377,-1.38937906,1.30982251,-0.10416287,0.45639427,1.73467445,0.25622181,0.56225288,-0.72857505,-0.31784716,1.13671298,1.35776748,-0.14845223,0.10146905,1.01441219,0.03527996,0.58435034,-0.12364082,0.73796746,0.24340842,-1.68130231,298.95,0
3065.8,-1.60383112,-0.15938847,-0.05726987,-0.23477909,-0.31232494,-0.06666148,-0.87719125,0.63443885,1.26283639,-1.12313699,-2.58558203,-1.50700734,-0.98860494,1.03660732,-0.46661202,0.67125167,-0.98229611,-0.30980906,0.60346817,-0.48847746,-1.27966665,0.1550799,0.91582606,-0.33741293,-1.03554918,-0.09855891,-1.40219788,1.44560604,64.1,0
3306.5,0.55110695,-1.13794092,1.38627566,0.26845826,-0.64995093,-1.81248373,-0.60556037,0.49037657,-0.23750412,0.12819133,-0.28635767,0.20123893,-0.27793285,0.82687804,-1.55801187,-0.05171739,-2.43588847,-0.15585524,-1.426072,0.01414995,-0.15914605,-0.28240031,-0.10399007,-0.23403237,0.53418161,-0.09115789,1.31256131,1.14412818,11.79,0
3339.6,0.37568478,0.71119313,-0.98773305,-0.57445908,1.68566329,-0.55275762,0.70616979,0.27397978,0.34029122,-0.85744689,-0.16580822,-1.75782514,-0.46229133,1.66914791,-1.16176,-1.51205491,-1.50752464,0.87223894,-1.20354179,-0.76146147,0.24853145,0.50122884,1.27045827,0.27213813,0.11451214,0.08751472,0.82989358,-0.39097228,126.07,0
3423.2,-1.60918213,-1.44205027,1.33017541,0.12550818,-2.25264049,-0.47592316,-0.32423922,-0.11276222,-0.76301282,-1.07091351,0.2489248,-0.96601659,0.96423515,0.48766779,0.2367806,-0.56903234,0.11129884,0.05952048,0.14930505,-1.60761681,-0.00706878,-2.27685561,0.12237996,2.46981307,-0.97275604,-0.81042567,0.82954191,-0.84244334,170.03,0
3427.4,1.45453158,1.38733575,0.64828938,-0.15298676,-1.28584288,-0.66429851,0.79488721,1.54894214,-0.91746309,1.18111452,-1.62823976,0.12820964,0.75331668,-0.62613369,-0.32152039,1.37637413,0.37166994,0.47821234,0.32185347,-0.84825859,-0.88375367,-0.95632147,0.22399623,-0.31282528,0.37802052,0.61254113,-0.33857575,0.75774102,48.6,0
3598.1,0.66561706,-0.10851012,0.90517108,0.65308983,-1.13893052,-1.55272807,2.2123766,0.85129436,-1.13285736,1.66884154,-0.71041567,1.36656909,-0.09722257,1.63475174,-1.55188234,1.11079984,-1.6674598,0.00836258,1.05517297,1.67725641,-1.15056786,-0.78471162,0.41896537,-0.19833972,0.40347523,0.6586553,-0.77722734,1.06307598,164.85,0
4095.3,0.64074412,1.97846363,1.28968821,-1.05193424,-1.58196935,1.3572883,-0.43640417,-0.13164683,-0.48814325,0.32710065,-0.41390349,-1.19034727,-1.78498989,-2.39190709,-1.05419731,1.22470672,-0.93769461,-0.0235089,1.12149381,1.31387659,-0.55701642,0.7113232,-0.37550888,-1.93842416,0.95743863,0.11012948,-0.87705972,0.20600111,171.41,0
4153.1,0.44641841,0.56457224,0.32001361,1.30960974,0.38442308,-0.34707253,0.11655774,0.32854944,0.34329143,-0.56840047,0.48160242,-0.22699948,0.07391063,1.04387433,-0.48135875,2.20827218,-0.80538509,0.20788069,1.28095025,0.67409695,-1.57887571,2.11722694,1.78856679,-0.09552474,-0.6042341,0.97634308,0.57303716,-0.07047906,90.29,0
4412.3,-0.9345817,-1.40686596,-1.14961054,-1.73846623,-0.11810862,-1.31813954,-0.06782627,-0.38753384,0.57760384,0.12506108,-0.22504486,-0.1455781,-0.96870881,0.40417193,-0.00553427,2.07065501,1.09321641,0.18819368,1.1682937,-1.12523533,-0.56835115,-1.41464706,0.80008062,0.70495553,-1.00177759,1.07220813,0.35907509,-1.06585171,46.74,0
4521.3,1.83027514,0.62085553,-0.06922378,-0.99377138,-0.22754501,0.17016691,0.62405407,0.02853367,-0.47276708,-0.66795598,-0.41227348,1.8220001,0.85326712,-0.68084879,-1.22284999,-0.18137814,-0.60334858,-0.11372009,0.13232577,1.10531068,-2.05519307,-0.43166619,0.53424563,-0.21430394,0.14727955,-0.66536482,0.72603605,0.82544801,190.2,0
4550.6,-1.03994758,0.1081989,0.0066395,-1.11773384,-0.48841383,0.0509344,0.91437324,-0.32400267,0.11771835,0.13961276,-0.04731656,-1.47496662,0.18122404,0.48515406,1.00962561,-0.0489175,0.17148544,-1.4865748,1.64467132,0.80133037,-0.86846721,-0.22329915,-0.41290764,0.35436725,0.24985461,0.79725898,0.21887775,1.43192881,391.28,0
4628.1,-0.45976307,0.42967777,-1.37313455,-1.24049947,-0.05859302,0.02354461,-0.07267016,1.36525627,2.00140255,3.26167009,0.24908412,2.19302065,-0.03802022,-0.80612509,0.41376234,-1.78002342,-0.56736621,-1.65289475,-0.64322547,-1.74312853,1.42948505,0.73226293,0.86265456,0.72880804,0.06745118,-0.08150069,-1.65166989,-1.85030359,64.62,0
5202.4,-0.20758076,-0.71378489,-0.55217106,-1.08957205,-1.98239577,-1.35988825,-0.33184519,-0.8219794,-1.9932723,0.65855225,2.18342717,-0.95758704,-0.17222651,-0.86530664,-0.53404846,-0.09153093,0.49975002,-0.44855535,-0.88158573,-0.15385187,1.24708093,-1.06330782,0.52977263,0.99377866,-0.06147375,0.83753829,-0.87396351,-1.04098421,122.66,0
5211.1,-0.03005572,-0.62521767,0.60666082,-1.35500116,-0.82522493,-0.56958679,-0.37391296,0.79802828,-0.40562974,0.81675319,-0.02789308,1.32177108,0.0088308,-0.29545237,-0.34012614,-1.03101277,-1.179411,-1.29560818,0.16776897,-0.00961243,-0.05582673,-0.0039539,-0.22578991,2.36182293,-1.14492294,-0.10709768,0.23720802,0.53331349,313.57,0
5326.5,0.70928093,0.6454113,-0.45740475,1.17774054,-2.45644881,0.44483371,-0.91800775,-0.29253506,-0.42603824,-1.06128968,-0.1042435,0.72566033,-0.30748629,1.04614251,-0.86516567,1.2687928,-1.5511807,0.59856364,-1.74107858,1.15694895,0.2027674,0.28877228,0.08097134,-2.36255735,0.01900609,0.65501898,0.47159372,0.13220371,593.72,0
5345.9,0.56500935,-2.44276628,-0.22062943,0.35272121,-0.29950405,0.68231841,0.44200714,0.20817229,1.28960565,-0.47596199,2.17130091,-1.35296684,0.39205571,-0.94315506,0.27741596,-0.50067291,-1.44781757,0.96760445,0.47053779,-1.48498444,-0.34407838,2.26153823,0.13999113,-3.37667934,-0.81313605,-0.6468568,0.4422674,-0.63057586,438.24,0
5422.1,0.45990696,-0.6080105,0.45540503,1.08138383,-0.54826975,-0.84421627,-0.22451701,-0.85526199,0.59717825,0.6596402,1.02479715,-0.21762244,-0.88015681,2.04136511,-1.41770331,-0.63015724,1.74669605,0.08169789,0.9943652,-0.29370932,-2.97453639,0.24549675,1.23983172,1.66581184,0.0852576,1.3583146,2.10214585,-0.58129618,40.53,0
5423.4,0.76587281,0.25354655,-1.35862421,-0.87729016,-1.65368018,-2.62309827,0.63508754,-0.51381805,-0.8160177,0.69677386,-0.76034347,-1.20340995,0.56423215,-0.8017518,-1.55678445,-0.0365307,-1.879919,0.79029672,1.75653346,-1.16896908,-0.46935805,-1.73161374,0.81168576,-1.42409436,-0.03023351,0.96850072,-1.05872987,-0.01059817,116.85,0
5465.1,-0.83492761,-1.00487874,0.6039581,0.0850642,1.09333537,0.66470995,-0.21262659,-0.15752599,0.46181553,0.37775972,-1.69279825,0.92653942,-0.56096901,1.13403363,0.1791369,-0.64958813,-0.00022166,1.44047756,-0.74957004,-1.70958492,-0.25568422,1.25938468,1.58816305,1.03273589,-2.12025182,-0.23712665,-0.47807028,-0.17645121,185.74,0
5537.3,0.34319098,-1.92392283,-1.20906322,0.04628739,1.88247937,0.5027649,-1.50463847,0.12413186,-1.32236015,-0.28284914,0.07432843,0.16584014,-0.87511304,-1.35827075,-0.72918287,-0.05302726,0.73786952,-0.11472773,0.14721433,0.06964891,0.53602411,-0.3636486,0.589087,-0.55794716,-0.65029598,-0.02903028,-1.36498442,-1.12266899,471.91,0
5588.7,-1.36771224,0.49606107,-0.09774724,1.30686853,-0.13908873,0.96914351,1.55977993,-1.37649524,0.33984102,0.26245002,-0.76791577,0.8273322,0.55577141,0.30184913,0.47228564,-0.78224037,-0.91441125,2.91510004,-1.03063299,-0.15614608,-1.48880026,-0.70345827,1.02431916,-0.05832912,-1.42137982,0.70042119,-1.24381615,0.12932802,58.44,0
5736.7,-1.37509648,-1.12138478,0.20427895,1.58063277,-0.55927382,-0.01068856,-0.51330984,-0.50772177,1.18950999,-1.68640248,1.96980193,0.14650287,1.14969222,-1.33380279,-0.07319521,-1.20026149,-0.21821794,-0.98074768,-0.81105348,0.13279433,1.59038755,-1.08078271,-0.34670558,0.5078222,-0.05747654,2.22922999,0.74866537,-0.21490061,331.75,0
5835.2,-1.53377914,-1.84524081,1.36873484,-0.02985057,-0.23765152,0.02700256,-0.07861809,-0.30604986,-0.11787522,-0.19154441,0.1834102,-0.45873015,-0.40117177,-0.85155883,-0.01831953,-0.2878704,-0.30722516,0.64194588,-1.27786879,0.21454225,-0.81254119,2.01564728,0.70636211,-0.19033751,1.48797833,0.76749801,-0.83245303,0.06425376,208.61,0
5880.0,-0.00652169,-0.14954467,0.23600406,0.6895048,0.1109532,-1.51133509,-0.8370862,-0.91711414,0.25592945,-0.63821446,-0.19476384,0.98951291,0.04175801,-0.41284235,-0.73660285,0.88986053,-2.15880835,-0.66302548,-0.085441,0.69811801,0.98079336,0.72230964,-0.34154565,-1.36086283,0.02625199,-1.52412177,1.84631507,1.60056111,134.38,0
5977.7,0.33253247,2.11418824,-0.37927508,0.53253901,0.03111621,0.11043593,0.46465757,0.81788464,1.76196185,0.46110239,1.50188137,-1.00874488,-1.50075007,2.23681718,1.57196638,1.36014194,0.13499351,0.89759837,-0.75380199,1.40102308,0.5723628,-0.42995523,-0.97909926,0.66701404,-1.20774456,-0.42954171,-0.23085155,-0.64302201,237.9,0
6240.9,2.0122128,-0.93595596,0.69378608,0.24470869,-0.7893731,0.45535784,0.46523405,1.19699399,-0.57815828,1.36487623,-2.23133088,-1.02238639,-0.30514787,1.07918476,2.06433895,-1.24886615,-0.50644931,0.52952085,-0.53449466,-0.24212999,0.1122964,-0.53909538,-0.72421635,-0.54095313,0.78703717,-1.68267553,0.18503505,-1.43131385,130.9,0
6599.1,-1.11728782,-2.14785278,-0.46754118,0.52381512,-1.83793892,0.50858838,0.32800825,0.9625144,1.40891016,0.18857199,-0.57230118,0.18654134,0.04075156,-0.38127319,-0.41014441,0.88937609,-1.14266234,-0.92316721,-1.04402839,1.13884939,-1.86341215,-1.04534646,-0.7070626,0.9300649,-1.25043254,-0.57261278,-0.65934364,0.69462642,259.44,0
6672.3,-1.2015067,0.26299629,0.64722073,-0.21673499,0.36270105,1.67920219,-0.18708318,-1.3071207,1.04509869,0.54270128,0.04436156,-1.47689673,-0.68881017,0.78143538,-0.28275891,-0.27268459,-1.0995592,-0.02495681,0.3743309,-0.279963,-0.73331949,0.65445344,1.27861534,-0.26433921,-0.69757105,0.10000164,-0.03187238,-0.49817361,548.95,0
6735.8,-0.17834637,1.96241871,-0.04056795,0.47468429,-0.21153248,0.71036983,-0.45984689,1.22977378,-1.23773827,0.72110682,0.14948844,2.14722587,-0.44180536,-0.70150808,1.01037405,-0.17922186,-0.6770815,-1.07700566,-0.11004223,0.61120461,-1.20790134,0.99731776,-0.87951712,-1.64026698,-0.26439275,-0.20791625,1.57454709,-0.57593983,81.84,0
6751.1,-0.94231287,1.00175202,-0.15575676,-0.63021086,1.61942563,0.47822953,-0.56293338,-0.78171082,1.32691285,-1.16796252,-0.28994323,0.53842917,1.71740066,0.06285084,0.42690768,-1.26487633,-0.7103929,-0.51343648,0.63959409,-0.59408343,1.17149154,0.91892358,1.54469385,0.60005641,-0.14801591,2.34982828,0.11798336,-0.83913213,253.25,0
6759.7,-1.36167091,-0.23297821,-0.29948111,1.48893968,1.01352184,-0.13404658,-0.79012556,0.02346014,-1.01106331,-0.81285069,-0.30103864,-0.76095934,-0.64843904,-0.36348254,-1.03936765,1.51863849,-2.12732181,0.69953907,0.66869639,-0.17984892,-0.16463794,0.13809075,0.04279991,0.69727321,0.54181335,-0.40874546,-0.98853604,0.31312214,230.8,0
6881.8,1.63895538,0.6545,-1.40619278,-0.05844074,-1.03620349,-0.00682956,-0.12368006,-0.39591829,-1.34728847,-0.31509417,-0.1479125,0.84851598,-0.67231592,-0.04783475,0.44236273,-1.15833465,-1.09703826,0.89908815,0.76568343,-1.30353611,1.41717912,0.62509272,-0.24313441,-1.92056754,0.39683839,0.15111056,-1.00726253,0.43976719,78.71,0
7023.1,0.44123624,1.08008739,-0.41926428,-0.51787623,0.63363141,-0.63769636,-1.35577419,0.480662,-0.27167606,-0.45820003,0.38870928,0.79172925,-0.15911663,-0.73767245,-0.25163665,-0.0977107,0.42595766,1.25261119,0.27023682,1.13848519,-1.01598805,-0.3673326,-0.6400323,0.77298985,1.86947456,-0.58779603,0.12228431,-0.87812547,281.94,0
7068.8,-0.68350574,-0.99948288,2.61170651,-0.12941834,-0.00246948,1.98357771,-0.69246125,1.00635791,0.09216019,0.8922457,1.102859,1.40175695,-0.37277732,-0.68830189,-0.32984329,0.99717465,-1.12169262,1.71850647,1.72650163,-0.46307287,-0.48411662,2.10268494,-1.01254295,1.15526948,2.01455719,-0.07933688,-0.63951385,1.70130051,344.17,0
7089.0,-0.21429498,-0.45170283,-0.13813763,-0.41879134,0.98712669,-1.57517504,-1.91390816,-2.01772208,0.26929072,-0.30293673,0.61216466,1.87172273,0.60791565,0.78636365,0.73029474,0.53241497,-0.14603636,0.89731495,0.57068706,0.17378463,-0.51818717,0.37977465,0.98278009,0.91484728,-0.68679603,0.47769064,-1.45664474,0.42496323,228.43,0
7284.7,1.06793853,2.84994364,-0.66853538,-0.08555078,-1.60594391,1.31855964,1.72049285,1.06744551,0.56985051,0.0986047,-0.84494917,0.24186477,-0.01394992,-0.4587002,0.31687695,0.62684577,0.74992546,-0.56310693,0.49018276,-1.08749805,0.52939532,1.19046156,-1.93097675,0.17780555,-1.14196071,0.58662403,1.13954265,-0.8017629,557.32,0
7427.2,0.87089746,0.02440561,0.17578462,0.76399193,0.18490549,0.76036119,0.25568448,-0.56318909,0.45397196,-1.88953315,0.57810872,0.00779092,1.07575307,-0.3275361,-0.56874424,0.92743445,0.46364399,1.50107489,-1.34818724,-1.20470856,0.1073466,-0.41915686,-1.09121336,0.56130467,-0.25495416,0.39350307,0.33463314,-0.43834007,255.47,0
7553.2,0.44738002,1.27480914,1.26527804,-1.37850438,-1.98726811,0.23575319,1.38412362,0.96318619,0.66059632,-0.30768392,-0.6130211,2.87553354,0.64116643,1.59898021,-1.05060641,-0.07916283,-1.12907761,0.75018344,1.37616157,-0.75336142,-0.900454,0.38159935,2.22478631,-0.7216778,-0.09373075,-1.68956884,-0.00884815,1.34606715,190.09,0
7688.6,2.56438709,-0.03613377,0.95440823,0.73330303,-0.07539509,-1.5236266,-1.23193471,-0.93416097,-0.13437874,-0.10971322,-0.71092762,-0.04877719,1.96025428,-0.7320916,0.53470939,-0.81048856,-1.14109547,0.60821229,-1.76065372,-0.38997507,-1.09487886,-0.6077526,0.8789899,0.41687284,-1.17633554,0.73179449,1.19164977,1.09365855,200.88,0
7733.6,0.47310541,0.58425719,-1.0125252,-1.80222043,-1.15034834,0.6059297,0.9193909,-1.05959324,0.57456371,1.97193838,-0.06692949,-0.79505912,-0.38003253,-0.96483065,-0.69132228,0.416862,1.49761884,-1.07269238,-1.35025886,0.10015349,-0.70255279,-0.71625588,-0.36343397,-1.02976798,-0.36938124,-0.60673055,-0.32120754,-0.37655045,324.56,0
7742.0,0.08508788,0.87790743,0.3662644,2.2589902,-0.98165431,0.4308664,1.52890396,0.33972693,0.45257833,0.28952291,0.608421,1.08938934,1.52691576,-0.2024915,0.16691994,-1.6390989,-0.21752628,-1.37594083,-0.19565333,-1.65976717,-1.20913565,-0.45706694,0.14024694,0.32817543,-0.09357996,0.01831368,-0.12744615,-1.03449109,400.7,0
8028.5,-0.90681506,0.03232621,-0.62318194,1.86110799,0.59007071,0.061395,-0.26240148,-2.27578746,0.56004481,-0.28724678,-0.6803094,-1.76000278,0.83122124,1.27818143,0.33331419,-0.50677787,0.28888664,-1.59152014,1.35339939,-0.60518743,0.10835247,1.99934829,-0.21423627,-0.67464694,0.89958971,0.40814386,0.7048293,-0.18971349,239.09,0
8129.7,2.04956029,0.23449684,-0.36613802,0.45970878,0.99760901,-1.87137886,0.35542582,0.07237165,-1.25683462,0.58544771,0.51717272,0.48988202,-0.04481216,0.91104636,-0.1898776,0.24402491,0.56735595,-0.54833126,0.89056725,1.24504251,-1.48107362,-0.14364123,-0.61829652,-2.2005106,-1.02207346,0.42090073,0.26393561,-0.40681508,358.11,0
8130.6,0.86546855,0.97826135,-1.56959226,0.05906657,0.25940755,-0.32769071,0.03856503,0.27681244,0.53816724,0.15676548,-1.63249337,0.28019491,1.48624903,0.11961799,-0.81015398,-0.52345179,-1.74483168,-2.25140167,-0.77375414,-0.08198741,0.47221883,0.54490728,1.12061439,0.62590629,-0.72406746,-1.39097297,0.57099899,0.90091195,236.8,0
8135.9,0.35212516,0.1528807,-0.40223746,0.63454003,-0.39777513,0.76578316,0.46452404,-1.41444719,-0.11782483,-0.34862608,-1.24462291,0.70393826,0.0528849,0.71006536,-1.86050935,-1.11641682,0.33352952,-1.97039708,0.08741045,-0.20481834,-0.62051902,-0.6645499,0.97259257,1.76839589,-1.16074948,-0.17366291,0.49736893,1.30813681,119.32,0
8406.5,1.03973166,1.65091735,-1.29304024,0.39681544,1.8062216,-0.50958098,0.03593979,-1.17436155,1.64556662,-1.13360108,0.64588538,-1.96658397,-0.86224806,0.22223924,-1.11363854,-0.25536374,-1.34019592,0.08893867,-1.18217219,-1.06058279,0.26567162,-1.90441029,0.63104402,-0.81644737,1.59699925,-0.52536708,-0.88204048,0.10806373,337.34,0
8459.0,0.08339223,0.30196212,-0.04564407,0.52360777,1.26269941,0.11973118,-0.49308687,-0.58690018,-0.02090422,0.59331383,-0.77955656,0.9464207,0.67560641,0.25539862,0.38078389,-1.51357937,-1.9463952,0.70371031,-0.08672568,1.46394479,-0.34907121,-0.42886857,-0.4690657,1.67373789,1.05689163,-0.96486198,-1.66042624,-1.43791755,244.25,0
8459.3,0.04478286,-0.03888011,1.22064441,0.6918431,-1.01175987,0.03957093,-0.79727002,-1.0059453,-1.05730923,0.09141151,1.35620729,-0.87507942,0.73191743,0.0688135,2.03181917,0.28032198,-1.40099556,0.05065474,-1.37663421,0.34490438,1.13549413,-0.19561505,-1.20788231,0.53331496,-1.15328646,0.39421614,1.54548842,-1.05981156,284.19,0
8493.0,-1.20512531,-0.80926914,-0.17066715,0.51281147,-1.29395886,-0.24981027,0.35986373,0.7515619,-0.69134927,0.67984292,1.16193893,-1.31489496,-0.07561738,-1.27339522,-1.07641474,0.46654508,1.6781369,0.54528708,-0.01294895,0.16955984,0.21718851,-0.83493032,-0.84409796,0.43954731,0.03587744,-0.91076419,1.01544649,-0.81390731,131.57,0
8495.4,1.44608489,0.04035654,-0.25197884,0.04217369,0.18362313,1.71021012,0.37528624,0.28777497,-1.22026108,1.74418457,-0.54714645,-0.14818215,-0.87229145,0.8065755,0.99421314,-0.81412802,-1.59561444,-0.95086866,0.78980854,1.27354804,-0.48225864,-0.12820787,-1.09472162,1.35516352,1.26147834,1.5305331,-0.85128475,0.49162783,705.81,0
8563.9,1.91812816,0.34447813,1.29765587,-0.87362266,-0.38043775,0.45958641,0.52509314,0.4759981,-0.36400919,1.85480786,-0.4458966,-1.47198247,-0.92390171,0.44240206,-1.07260958,0.83651287,1.03446362,0.56446348,0.29568868,-0.46147286,0.86614847,-0.47350888,0.13170425,2.32798074,-1.42198031,0.05285376,-0.86639122,-0.73935476,47.25,0
8639.0,-1.5420426,2.36236653,-1.3705685,1.75713141,0.88052765,0.7503846,-0.87353095,-0.62072331,-1.67721837,1.23098725,-0.55551038,-0.79946813,1.06448818,-0.55714757,-0.51943017,-0.82737872,1.06720885,-0.19790554,-2.12477431,0.35858476,0.29434689,0.97961895,1.93772237,1.56436778,-0.55936337,0.00181872,1.27705946,0.08657352,135.37,0
8728.0,-0.55223307,-0.02600876,0.61915341,-0.58738233,-1.45599833,-0.17519803,-0.41781074,-1.94411118,0.8848145,0.7529711,0.28561262,-1.71210768,1.68269085,1.1920165,-0.97417022,-0.5854896,0.08667285,-0.24994936,-0.14029099,0.53369407,2.12244785,-2.24967644,-0.14539571,-0.09382125,0.28012359,-1.38595123,-0.59718308,-0.04213364,70.29,0
8729.4,-0.01065865,-0.11537527,-0.99234827,-1.26701654,0.45062005,-0.70840261,-0.02105664,-0.24771713,0.97028405,0.27996334,0.30647066,-0.2865158,-0.13800539,-0.3399026,0.2496023,-1.72409501,-0.01975033,0.36755671,0.39326177,-1.07749148,-0.42110677,-0.38077497,-0.53997174,-1.2168656,-1.08643225,0.00909449,0.38548313,0.14799307,129.87,0
8761.9,0.15358479,1.42401719,-0.5939961,0.10259438,0.52034633,-0.24213173,-1.14882122,0.30788461,-0.42105425,0.53118833,-0.52580539,-0.05836012,-0.28498603,0.08883424,-0.52164241,0.75237504,0.50126611,0.73146217,0.22268904,0.49457424,1.43106557,0.41658013,-0.81913042,0.19356499,-0.69811521,0.52120314,-0.97433947,-1.3334157,513.0,0
8889.1,0.73140358,-0.22301373,-1.18414376,0.32507558,0.98224696,0.23211993,0.13484316,0.19360382,0.3599703,-1.57010357,0.50110146,-0.86353514,1.44519208,0.06159759,-0.50599655,1.30833877,0.65446075,-0.68299316,0.34561173,-0.42282251,1.33790016,-1.11299098,0.12656265,-0.6956332,-0.52620441,0.89577686,-1.37151927,-1.43096571,11.09,0
8892.6,-1.61185223,-1.08583891,0.73156681,-0.59749894,-1.84209504,-1.00850515,0.33616096,-0.97691038,0.35302118,0.32068574,-3.14502472,0.31491031,-0.84326679,0.14631947,-0.78632924,0.25781736,-0.04459667,-1.04005135,-1.16225074,0.28804786,0.14352285,-0.55537795,-0.99642894,0.85210155,-0.25904558,0.8703056,1.41529768,-0.52695198,104.98,0
8984.9,0.37643616,-0.41586097,-1.22607047,-1.17524134,1.07199246,0.71464405,0.06951858,0.31238145,-1.20181671,-1.7234173,0.47874975,0.00275067,-0.49005328,0.86797414,-1.737572,0.27303989,-1.50419638,-0.29278609,-0.0907424,-0.33992235,0.50279625,-0.4855613,-1.18025307,-0.17875271,-1.03735315,-1.23679705,0.74852801,0.17088638,273.07,0
9095.9,0.76802363,-0.4389654,2.65841421,0.01006163,-1.12138554,-0.384317,0.31853545,0.46989111,-0.53099828,-0.69797405,0.58511836,-0.43251118,0.07870906,0.19653649,-0.02117876,-0.77578645,0.67588472,-1.09819823,-0.2632422,-0.50605718,1.22706474,1.03068784,-0.47495676,-0.78622049,-0.98643884,0.6853666,-0.85421941,-1.14287515,252.52,0
9137.1,-0.90939997,-1.13241396,1.99632822,0.02884649,0.63879382,-1.31504558,0.06407566,1.81742832,2.14604593,1.04469054,0.70935256,1.48813144,0.25925248,0.01997323,0.13322489,0.30620665,1.02798629,-0.2712689,-0.73651335,1.2410896,2.05204431,-0.77715818,0.88278219,0.10514163,0.29551952,-0.53008861,-0.02565034,-0.44814586,102.01,0
9166.5,-0.31571289,0.18827368,0.27886667,1.20503074,1.33807937,0.5591424,0.83288757,-0.80038986,0.01695597,0.63093137,-1.56690365,1.02305162,0.33599042,1.37851173,-1.39797597,0.67913487,0.65014168,-0.48819628,-0.00732185,-0.5221811,-0.19271735,-0.29987037,0.08503801,-1.24618725,-0.08124241,-1.02629521,-0.48306871,-0.95425612,61.48,0
9189.1,-0.9458819,-0.06712317,0.29820679,0.59626496,1.54328195,9.871e-05,0.9080304,0.58942388,-2.603852,-1.19279946,-0.07032037,1.74474994,0.16211793,1.20693688,-0.29502242,0.89667637,-1.24876536,-0.37221883,0.61521681,1.01896133,0.57342785,-0.23467687,0.21341343,-0.96232973,0.29281497,-0.96710548,-0.5557255,1.01060185,105.15,0
9511.6,0.01555237,-0.53071747,-0.04557549,-1.04829302,-1.11238519,-1.32401383,0.9846623,0.11903569,0.05724951,1.01691609,0.67949332,-0.39542373,0.63419759,-0.10919224,0.03264244,0.18895004,0.07807112,0.56900424,0.02207386,1.02046051,1.24093236,0.48758476,0.87740954,0.96666394,-1.79110335,0.27439508,-0.10091201,1.36301838,322.08,0
9661.1,-0.03268421,0.62922586,1.30624671,-0.35084354,-0.17860647,-0.07543785,-0.28000975,-1.44551215,-0.0883532,0.41411699,-2.9815811,0.9853011,0.41103646,-0.4528514,0.65562168,-1.18614487,0.51275337,-1.78093305,0.60935063,1.33575672,-0.14623217,1.59833634,-0.60449724,0.91810445,-0.60871263,-0.38950591,-0.36054738,0.3160104,234.11,0
9683.0,-2.04830109,0.06176513,-0.37987697,-0.64188718,0.12183313,1.00292059,-1.54707161,0.24078509,-0.44961354,0.08608687,-0.75178991,0.14384133,-1.07217047,-0.02029043,-0.26030282,-1.66525739,0.41826926,-2.81185729,-0.37568553,-1.49058717,0.25700842,-0.33604953,0.81696108,-0.20210673,-0.21296958,1.12059975,-0.46482005,-0.02969125,444.56,0
9799.6,2.02252161,-0.4093292,-0.94204992,-1.35636113,-0.29669081,1.12059744,2.03579032,-0.38194614,0.4048302,0.5798444,0.44276889,-0.94428889,0.87329459,0.66679041,-1.57589038,0.52093912,0.48699449,-0.89165277,-0.92926047,1.29349627,0.64809176,1.99298715,-1.25058025,-0.5002367,-0.64314848,-0.81503102,-0.72815053,-0.01838384,290.87,0
9941.9,1.48106253,0.44365661,1.35336101,0.59176512,-1.25592825,0.31261689,2.0552495,1.34590068,-1.56212891,1.9013738,1.18474723,-3.50270454,2.39672588,0.10264127,-0.427017,-1.49228812,2.72132625,-0.03964378,0.15902697,0.67376105,0.57572809,-0.99021498,-0.20100592,-0.22404503,1.10794493,-1.71095567,1.68700776,1.1889242,50.36,0
10013.4,0.49170698,0.02146911,0.83435276,0.96736823,0.00032464,-1.65416124,-0.66548827,0.57295261,1.08344927,0.72167638,0.12853522,0.36075396,0.2249709,-1.26855304,-0.78572818,-0.38325418,-1.01505299,-1.02119946,1.63869011,1.35719087,-0.09913228,0.75058677,0.24247199,-0.40981484,-0.65466337,0.4912637,-1.45429773,-0.20680995,6.52,0
10044.1,0.31738136,-1.35470685,1.01639504,-1.29243435,1.24882178,-1.43686658,0.9480166,2.30396042,-0.44215527,0.13088201,1.19485467,1.25026489,0.45391275,-1.34920239,-1.27453991,-0.62073245,1.30525883,-0.96044739,-1.38530852,1.25750109,0.64118065,-1.46876652,-0.55120792,0.31636907,0.97054168,0.22111577,-0.62337747,0.31751366,176.45,0
10089.2,-1.24646767,0.21513192,-0.81845556,0.35075907,-0.63017549,-1.24855204,-0.02991152,-0.31494213,0.43670862,0.32974431,0.30639157,0.4015603,0.17119415,-1.02147696,0.59179829,2.1017549,-0.57181532,-0.74816502,0.04068081,-0.02814963,-1.36684173,0.34078048,-1.87296226,0.64209117,-0.65607964,0.98777111,0.35430518,-0.57516823,159.2,0
10133.6,1.00655944,0.55120861,-0.20841504,-1.15495361,0.67300948,0.48580061,-1.42577998,0.40912994,0.88762634,-0.15249855,0.1876788,-0.76432984,-1.75007198,0.52183069,-0.08788591,0.42960265,-0.23477902,-0.26035644,0.16229517,-0.06332116,0.86627915,-0.42388936,-1.4443974,0.14411301,-1.30320328,-2.53397461,-1.09677984,-0.4385885,110.99,0
10237.7,-0.5442573,0.26496864,-0.58949887,0.68579262,0.563031,-0.36698101,-0.35142064,-0.54177919,-0.04806694,-1.0925895,0.24985066,0.59237522,1.28951567,0.23061189,-0.11520008,0.36095406,-1.03176114,1.09904226,0.62021628,0.42845422,1.36651373,-0.19178929,-0.74851952,1.01681502,-1.19660001,-0.42628505,-1.29923923,0.46212511,204.84,0
10306.9,-0.61416124,0.37130852,1.94289908,0.88046715,3.34004141,0.57477468,0.2615327,-0.01634626,0.81183614,1.69975815,-0.05242702,0.8900861,0.58991981,0.22586753,1.3646498,-1.44831636,0.60807299,-0.75220326,-0.92411141,0.21599036,-1.76839108,0.86133881,1.28933705,-0.5964786,-0.84964326,-0.37922802,-0.1119276,-1.51894023,21.74,0
10324.9,0.22439984,-0.5989049,-0.32449597,-2.02288845,0.25386004,1.91772021,1.29272909,0.12296624,0.55886346,-0.99345124,-0.64852127,-1.58052936,-0.96886675,-1.56225862,-1.07341759,0.92819224,0.24416092,1.48171625,0.02401089,0.51839969,-2.68925583,-1.7131416,-1.64309157,-1.05132422,0.06567159,-2.71667218,1.18420105,1.30469483,219.31,0
10346.7,-0.53761288,0.30882995,0.22425611,1.52520671,-0.04001968,-0.92565313,0.49117337,-0.12037803,-0.83194971,-0.61003408,1.29266694,0.84940309,-0.75702336,-0.2869129,-0.64900346,1.161535,0.17871015,-1.80381071,-0.65944534,0.29080584,1.18332855,1.2667969,-0.67230255,-1.14272344,1.94818394,0.0262488,0.47482509,-1.78266454,339.36,0
10463.8,0.50709767,0.20248096,0.41341745,-0.57008552,0.48775865,0.04675009,0.96202817,0.422865,0.31801033,-0.55479002,-0.22333602,1.09589919,-1.49103919,0.20619699,-1.14468646,-2.31678364,-1.01955076,1.06796957,-1.21457241,-1.10053195,2.01800636,-1.63629801,1.45402642,0.21661532,-1.47468316,0.72333953,-0.93095776,-0.39154475,347.73,0
10526.6,0.86824244,-0.0370769,-0.46984682,-0.25361155,-0.79393538,0.10363757,-0.51673017,0.17000127,-0.1948545,0.19039517,1.36667936,0.86181092,-1.35348444,-0.96038779,-0.56068648,0.51771528,-0.24191551,2.15405705,0.70986844,-1.2602785,-0.498369,-0.32688736,0.11815595,1.29025561,2.17422995,1.64753315,1.46171386,-0.13511062,161.35,0
10587.9,0.79129705,-1.31913985,0.43350385,1.57715084,0.31619722,-0.15507222,-0.94307626,0.07003882,-1.69069604,0.53981329,-0.9161029,-0.7201859,-1.75165356,0.52703932,0.81983957,0.12680926,0.23546166,0.87245427,1.71483736,-0.36942453,0.20201612,0.21402262,0.32597148,-0.91940656,0.5433236,-0.18743403,-0.57303225,-0.35764933,297.17,0
10612.5,-0.60000529,0.10215351,2.88820768,0.97104426,0.50607499,-1.30457169,-0.0951445,0.40394936,-1.95163792,-0.0686506,-0.09283439,0.52511968,-0.38197906,1.9380286,0.48443123,0.04334584,0.61060366,1.19122326,0.63315918,0.8846751,0.27663252,-0.72737396,-0.35061699,-1.09723655,0.60755653,-1.89528029,-0.2313268,0.35048894,445.0,0
10681.2,-0.50522088,0.90810093,0.10620809,-0.99973968,-0.06658575,1.50310974,-1.17318187,-0.33411836,-0.24590346,0.13119095,-0.05008331,1.99831116,2.10384894,1.09445994,0.67098997,-1.47579165,-0.88171966,0.38447124,0.60648672,1.11398587,0.5961798,0.66687146,-0.64820254,-1.9189909,1.19876436,0.18727238,0.43854814,-2.26440799,50.15,0
10759.5,0.44316801,1.86418001,-1.32723933,-1.52454451,-1.41470173,-0.62738698,-0.60987971,-1.66211228,1.35013525,0.02202102,-1.06933357,-2.43432188,1.4739254,-1.50150588,1.00847593,-1.13665108,1.62335534,1.46932168,-0.76393198,-2.21751939,1.93625597,0.63443838,0.69947541,0.96368001,-0.11671622,-2.27643664,0.16942403,0.50628891,235.33,0
10924.1,-1.4398149,-0.14772806,1.25003332,0.71257163,-2.87522055,-1.18587656,-2.03269987,1.07191552,1.0413685,1.6808712,0.52706104,-1.07217634,-0.9460078,-0.38760463,1.42209994,-0.78308242,-0.82566011,-0.94649018,-0.06764185,0.67197935,-1.40616753,3.09883384,0.77107862,-2.03690146,-2.53967303,1.36194485,0.02786127,2.39062325,232.63,0
11077.9,0.9810305,-0.07858728,-0.14839868,0.01247425,-0.77591371,-1.10072136,-0.50789833,-0.68429536,-0.06380565,-1.49051885,-0.85723555,0.09845347,0.032047,1.33983435,0.60247632,1.2063541,1.78428324,-0.98743284,0.07291062,0.43368467,2.04438724,0.50263556,0.48253101,-0.6255255,-1.26681862,0.25208481,0.32538945,1.1076784,276.42,0
11173.9,-0.92142023,-0.0719525,1.55347143,0.77719384,-0.8188432,0.44820589,0.29885746,0.39819748,-1.43910163,0.63170962,-1.44637926,-0.79707754,0.71276788,0.8072328,-0.15324647,0.73046479,0.01953181,-0.53372862,-0.60482058,-1.01293911,-1.04146682,-0.3696115,-0.96177654,-0.64869518,-0.2816681,0.09946807,0.59560396,1.61725073,1.13,0
11181.4,-1.24873372,0.89832346,-0.14108016,-2.52906944,-1.71784406,1.36822165,1.33027634,-0.12539671,-0.79823072,-0.30027862,-1.28607586,-0.25393116,1.74699432,-0.62559547,-0.79439714,-1.34393243,0.20571149,-0.94990376,0.65042009,-0.30859699,1.68130898,0.59131894,0.47701838,-1.40681833,0.02410022,0.30378019,0.34286655,0.35540687,118.64,0
11290.0,0.10072184,0.98655477,-1.68248366,0.63904796,-0.13662912,-1.38524458,0.80888119,-0.53189391,1.82002621,-0.19750254,0.01248358,-0.36963847,-0.6747774,-1.00203179,1.77788497,3.46554679,-0.05850447,0.28523326,0.66254107,0.90274132,-0.09416215,-0.48780182,-1.19550556,-2.65343307,0.74819309,1.03858094,-0.09343527,-0.87705573,114.52,0
11335.6,0.73992551,1.27037318,0.46108978,-0.87567749,1.95903735,1.37695899,-1.34173322,-0.21765161,0.75839177,0.41406457,-0.74361124,1.3965676,0.37471644,0.16710639,-0.8057237,-1.14580613,0.11201908,1.8045987,-0.65211979,-0.1953182,0.94875534,0.27638299,0.41711875,-1.38743773,0.72978278,-1.63652937,-1.14903942,-0.72297938,317.74,0
11549.2,-0.24552448,-1.57772658,2.38965077,-0.94998404,0.37264113,0.20135182,-0.56476928,-0.25193462,0.93542376,-1.2547761,-0.9216371,0.35305561,0.22844605,0.38954963,1.64176425,1.46362687,-1.11938681,1.82043685,-2.01817083,-0.42384567,0.79277134,0.20412504,-0.75384375,0.21679067,-0.96107253,0.63023633,1.60764732,0.0877781,135.14,0
11594.5,-0.44030391,-0.46389987,-0.66631431,2.07869232,-1.57233458,0.08478659,-0.14917434,0.31872824,0.4977396,1.69372914,-0.57781995,-0.97439837,-1.05184395,0.91893333,-0.05099571,0.67074522,-1.72056439,-0.13966394,1.54801587,1.90746796,0.60831759,1.49653368,-0.30331929,-0.67975609,-0.07264512,-0.43218027,1.52244367,2.70977973,235.78,0
11635.3,-0.6566699,1.27633889,-0.86985347,0.91969342,-0.87163893,-1.27808168,0.51305688,-0.80295114,-1.39715257,-1.23148136,-0.38992832,-0.17869418,-0.59943103,0.43804947,-1.26659837,0.88235895,1.60940855,0.93426743,-1.08990087,0.65204724,0.49049433,-1.98536982,-0.94078786,-0.06237073,0.48550168,0.09019965,0.07477109,1.58799704,319.73,0
11708.7,-1.13094452,-0.60734895,-1.7977357,0.64287959,-0.22486886,-0.46991274,-0.14081394,-1.38329353,0.92816969,1.60755721,-1.61233708,-1.08617898,1.34149762,-0.60910684,-0.75529515,0.48668312,0.08733985,-0.73159486,-1.34831682,-0.7831868,-0.98883785,0.8134145,0.19042412,-1.41043013,-1.39234379,-0.36317366,-0.10717924,0.8781,24.09,0
11748.0,-0.7617055,-0.23185495,-1.10666317,1.26611194,-0.66391043,-0.74665427,-0.82897116,0.94866441,1.43540059,-1.22384813,-0.28222847,0.02097406,0.92217191,-0.64684344,1.35281591,-0.57727382,-0.20433024,-0.7361307,-0.43195676,-0.38592264,-0.83737791,-0.20053563,-0.84234448,-2.28880974,1.53286805,-0.44947706,0.846447,0.32061189,134.75,0
11896.3,-0.29055732,0.95257145,-0.85749004,0.79252333,0.19673652,0.67390704,-0.4380329,1.4445935,0.99522512,0.48073814,0.27639647,-1.49294456,0.68426437,1.32469873,-0.59034494,0.59337008,0.19719544,1.34109235,1.63166129,-0.09905377,0.60165509,2.18358351,-0.01759442,0.23424564,-0.00137213,0.86683571,-1.25307439,-0.31041139,361.53,0
12000.4,-0.10441179,-0.24389892,0.1713076,-0.47644256,-0.12958399,0.56244955,1.18930253,-1.26585598,0.09725147,0.15409755,-1.14323403,-0.99739886,-0.87057982,-0.48289085,0.44431696,0.4773729,0.27387154,-0.68372039,0.55908278,-1.73288239,-0.58304175,0.53213647,-0.66184753,0.31347209,0.46309027,0.23604522,-0.73837681,-0.71491812,23.25,0
12009.9,-1.26618684,-2.04744167,0.84784173,-0.42484618,-0.58034752,1.47685018,0.49214183,-0.15995667,-0.96948831,1.84060918,1.20659978,-1.82129675,0.2879535,0.52833042,0.18454414,-0.07326095,0.26799371,0.30065108,0.5129749,0.67643286,0.07061705,-1.80504028,-0.58146446,1.74104378,0.20543227,0.37283562,-0.20561789,-0.35913971,256.56,0
12107.6,0.28925234,-0.0351668,0.30397736,-1.12477662,0.83663193,-0.0844744,0.89093798,-0.01296814,-0.08320805,1.88210844,-0.50772681,1.0663228,-0.07856873,0.84888444,-0.93689875,0.61935101,-0.10328409,-0.49045397,-0.8170208,-1.98537406,-0.8745764,0.28293273,-0.03281843,1.11897578,-0.0156959,-0.68993543,0.66511643,-1.01501213,337.46,0
12199.7,0.80515412,1.04752165,0.97401533,-0.00042726,-0.22129063,0.60124299,-1.55267982,-0.06684745,0.13192535,-0.4541694,0.97933923,0.3681849,0.05770801,0.14751348,-0.64281495,0.62998738,1.60741563,-0.48386383,0.74427189,-0.45342158,1.28850209,0.28429335,-0.29514364,-0.25530424,0.13511388,0.59148748,-1.35826061,-0.24760422,122.9,0
12307.6,0.39921835,-0.02446956,1.60036965,0.25745796,-0.03450832,-1.56557317,1.11684732,1.32211231,1.75015036,-2.34316923,-0.76534517,-0.25889164,0.00874904,1.71758058,0.24544037,0.80638393,1.25118434,-1.52511157,0.14527016,1.76511439,-0.09085022,0.23037912,0.72543813,-0.95045784,0.23208206,0.7130103,-1.69104307,1.04436097,172.82,0
12548.7,0.72638727,0.72155608,0.22544711,0.30299928,0.33118571,1.54578039,0.27816975,-0.62376318,0.70183305,-1.14791005,-0.25145433,0.83150759,-2.35727269,-0.36623656,3.46222456,0.54325711,0.18533993,1.46071684,-1.12775118,-1.09654096,-2.15555238,-0.30113079,0.23886768,-0.48475291,-0.32381901,0.7590462,-1.81594698,0.49273994,221.84,0
12560.5,-0.48671988,-0.12176242,-0.78179245,2.09214937,1.30358963,-1.58086586,1.07011114,0.55483706,0.83331216,1.43747714,0.89101977,0.12472834,-0.75459239,1.19260239,-0.67372603,0.64000881,-0.08475897,1.6427654,-0.75288228,-0.00367199,-0.76749692,-0.03163876,1.01484287,-1.40992993,0.41023002,-0.59855941,-2.85786472,0.88751479,146.24,0
12621.0,1.97664158,1.05583349,-0.50564774,-0.91718942,-0.12847991,0.61649067,0.90103064,-0.95949005,-0.25215547,1.20294671,0.94791985,2.24828405,-1.71480106,1.45969675,-0.99046224,-0.09372637,-1.59467088,-1.31471247,-1.80159652,1.3381054,-0.04476738,1.15601843,-2.09756905,-1.04851288,0.49882524,0.40248646,0.26729862,-0.29574263,61.71,0
12789.8,0.43081814,0.80738211,-0.92899592,-0.99613987,1.35099364,-0.76687812,0.98352033,0.59261122,0.28922919,0.47781039,-1.54174552,-0.97081619,-0.16491289,-1.26672123,-0.06545202,0.26318702,0.50140604,0.42796842,-0.17336553,0.03003001,1.32712079,-0.15194211,-0.59664444,-0.24455637,-1.28580544,0.26822775,-0.90863903,0.40529081,100.33,0
13069.8,-1.75512068,0.00864456,-1.06226315,1.9231137,0.59005565,0.15958376,-1.25929168,0.06410946,0.52347204,-0.71785882,0.7609151,0.22958606,-0.53233717,2.09009555,0.67220186,-0.44984202,1.74613516,2.04183365,-0.03716413,0.55840023,-1.45966222,0.99998893,1.23550329,0.14648582,-0.60013323,-1.84614048,1.69817303,0.7323018,140.78,0
13170.2,0.5908497,-0.0707744,-0.43307095,-0.01743636,2.79163077,0.60832498,-0.41852718,-1.41620627,0.19338408,0.45175732,-0.87446969,0.33432816,0.59036519,1.76443671,0.54215434,0.71359096,0.34134631,-0.90918786,0.53182791,-0.1141787,-1.33109315,0.17453676,0.15238411,0.48706265,-1.25306635,-1.42356266,0.86352205,1.1683651,89.4,0
13177.9,-0.13753471,2.07344062,0.93888456,-0.64742911,-1.54970818,-0.72083564,-0.64804569,0.71746766,1.28454973,0.90983043,0.14723643,0.22503833,-0.10566795,-0.96815157,0.48834366,-0.01478076,0.91118675,1.32412688,-0.62215495,0.19286703,-1.16084503,0.96368676,0.53436535,0.06109258,-0.93753162,-0.03351934,-0.36797801,-1.65486939,84.61,0
13184.3,0.10490984,-1.13607429,0.18247652,0.86068825,-0.41798756,0.33137184,0.47491037,-1.53198611,-0.71955548,0.10267866,-0.42949294,0.78798616,-0.54423992,0.28368474,0.98689994,1.13013042,0.39970876,-2.46822199,-0.02665043,1.18422028,0.9659153,0.83803368,-1.61155071,1.12159491,-0.70147442,-0.44044629,-0.74274589,0.80715482,47.7,0
13316.3,0.30389272,-1.66278551,-0.77204872,0.37396974,0.5128067,-0.06719611,-1.6592129,-0.26796861,-0.80008538,-0.77057313,0.47874258,0.30214528,-1.511693,-0.13330697,0.56671674,0.18753576,-0.17355929,0.00842109,-1.182983,1.88654429,0.12901948,-0.87106234,-1.84819346,-1.77317429,-0.62777922,1.03150945,-0.57427033,-0.26521574,165.95,0
13469.6,-0.34536054,-0.17608954,0.64089942,-0.45624244,-0.29713735,-0.8650959,-0.75276752,0.84626168,-0.91462667,0.38239862,-1.37217107,-0.77601625,0.39260617,0.54426917,-0.44521445,0.14060331,-1.65772935,0.15136225,0.82192139,0.22876652,-1.78678125,1.9813431,-0.18204846,-0.47686212,1.07513431,-0.13916966,-2.03997264,1.90058925,235.51,0
13502.6,0.17008247,-0.82423448,0.53420445,0.48871803,-0.72031585,-0.5337113,0.3861863,2.3448608,0.67199804,-0.35703095,-0.10856808,-0.35910535,1.8146524,-1.89690918,1.16699737,0.59255781,1.39956648,-1.84718719,-1.00948091,-0.00029816,1.44950979,0.53887641,0.86553867,0.72408287,0.67842464,-0.38758071,0.89229299,0.17008634,72.59,0
13582.3,-0.63612857,-1.6311252,1.52456759,0.81010508,0.01357892,-0.29446581,1.38304395,1.11256264,-0.34830125,-0.02956915,0.56032529,0.51908491,1.35743943,0.60009079,0.04992322,-1.74568983,0.59443525,-0.32631671,0.51989725,-0.37189495,-0.25982454,0.35046552,1.35135301,-1.96548497,0.87717012,-0.29239129,0.62797707,0.9972354,63.01,0
13695.2,0.57923754,1.07702195,-0.55429068,0.23491728,-0.768643,0.06004194,0.23534834,-0.95507429,-0.24300939,-0.21855752,0.97055027,0.11031122,1.21486088,-1.26175893,-1.64595692,-1.14614365,0.94407073,-0.26019675,0.68322835,1.51676513,0.70503401,0.51448723,0.27372641,1.45486387,0.18246121,0.05953326,0.39842066,0.05080972,308.23,0
13918.7,-0.43095364,-0.52223763,0.14310268,0.4314212,1.19968388,0.01108145,0.06384457,-0.38575694,-1.36252581,1.03714243,-1.5244666,0.02285796,-1.06821278,-1.06112469,-0.24782215,0.29853042,-1.88820645,-0.08738739,-0.86921218,-1.7450835,-1.47635063,1.40869336,1.48565034,0.40986562,0.28986727,0.72065718,-0.21782749,-0.13807451,188.08,0
13989.1,1.19524278,-1.11049342,2.2693649,0.81398958,-0.95399049,-1.86226219,0.73136568,0.61255746,-0.69896003,-0.64924196,0.57884973,1.14079083,1.43472685,0.64244946,0.79168848,2.70675552,0.03503861,0.48974558,-2.3445701,0.31876326,-2.21484798,-1.2197874,0.41320994,1.60074111,0.14337494,0.92161299,-0.16436496,1.50108972,72.65,0
14370.0,-0.76930534,0.48301296,-0.55484061,0.7675928,1.26237704,-0.12039135,-0.68056526,-0.68419939,0.55011158,-0.25025635,-0.84424209,-0.81982483,0.0666716,-2.25437846,0.50412224,1.89284413,0.5322113,1.43349632,-0.60555238,1.00290934,-1.10942883,0.07777315,-1.12862618,-0.14017836,-0.45714893,0.5113183,0.25087147,-1.02192932,199.1,0
14447.4,-0.27216801,0.92654951,0.23956252,-0.79000724,0.63563225,-0.36378104,-2.17096056,-0.75141061,-0.84242767,-1.15759904,1.02840142,0.60865186,1.09750661,0.33661593,-1.46713076,0.79292858,0.88653193,-1.12507574,0.29149409,0.80945508,0.89000271,-0.99235464,0.87120651,-1.5373027,0.64943727,0.14460617,0.026699,-0.18270054,217.94,0
14532.4,0.84225547,-1.27798776,0.6937496,0.70995866,0.93000748,-0.55127749,-1.40943045,0.59506807,-0.48255845,-0.46666685,0.49859318,-0.13002817,1.88933831,0.04488315,0.69432462,-2.80629267,0.13200883,0.56458949,0.15631237,-1.05289187,-1.22558459,-1.23202086,0.99767162,-0.6018353,-0.68727431,0.14260052,0.95967304,-0.38531843,29.68,0
14768.9,1.87714742,-0.09284178,-0.3593354,-0.30386147,0.87625514,-0.55625604,1.04983644,0.53746192,-1.0048772,-0.6335129,0.00987725,-1.35332133,-0.3326668,-0.13488306,0.67758735,0.08306131,-0.49086477,0.38553588,0.47859045,0.62990625,-0.60472099,1.77967138,0.37111587,0.86772749,-0.05611636,0.99221361,0.05859553,0.53288043,24.12,0
14793.2,-0.21646648,-1.13765639,0.07854508,-1.52974891,-0.706891,-0.92207252,0.11778476,-0.42599302,0.27235926,1.50988403,-0.4565353,1.23854671,-1.21311073,0.20575349,-1.47733967,0.74686091,-0.75730503,1.36145466,-0.09972345,0.75443093,0.47496155,0.44971631,0.90557151,0.84563315,0.04896357,-0.63804753,0.24123415,1.12511021,20.94,0
14810.9,-1.28811515,0.42859617,-0.75881941,-0.43018869,0.66760637,-0.3602717,-0.24446848,0.41665859,-0.65757531,-1.12602522,0.38462691,0.0704735,0.12135921,-0.09293588,0.9148065,-1.41181377,-0.85315609,1.49106623,0.21589797,-0.69517917,-1.13164713,1.40146631,0.95260354,-0.01349999,-0.76871136,0.82813326,-0.86259581,0.39144685,72.05,0
15103.1,-1.44739452,-0.13283765,-0.71734571,-0.87544106,0.14852635,-0.28917956,-0.51448182,0.23340681,0.7509167,0.20676402,0.35687166,0.13106426,-0.08878407,-1.64574723,0.36448637,0.94568282,0.67163051,-1.35096391,0.12633221,0.10401603,1.65151404,-1.82339951,0.16874307,-1.16834287,-1.5235626,-0.10354142,-0.64468665,0.58254257,38.15,0
15206.9,-0.29463115,-0.49245464,0.58021338,1.90328567,0.47114306,-2.60928822,0.51109502,-0.38350175,0.50506345,1.48654459,-1.13458291,1.0496104,0.94414072,0.98211828,2.1883115,-0.56162952,0.91715515,-2.52497552,0.63254868,0.33884176,-0.3223363,1.95680842,0.98036222,0.08936008,2.14707014,1.126124,-0.42748537,0.23820292,243.74,0
15251.8,0.22551566,-0.46187358,1.03000211,0.45503006,1.67144178,1.24066366,0.48576597,0.34631887,-1.39357901,1.86892714,0.56227217,-0.12906785,-1.77922492,-0.65452321,0.67456138,-0.74413391,-0.02919326,-0.19685625,0.75673327,0.10475929,2.85669417,0.45491024,-1.38553456,-0.66450451,0.35094782,2.12151759,-0.63329073,0.34900123,11.07,0
15308.5,-1.57002882,0.3830978,-0.85131529,-1.18152276,0.64506833,1.40440695,-0.0617102,-0.52115551,-0.83085138,1.684847,-0.07138329,-0.57583151,-0.13367199,-1.20751725,0.16309401,2.43465418,0.1844022,-0.12897375,-0.5691898,1.42608873,0.01592865,-1.41046776,-0.49756956,0.77689312,-0.28722334,0.37051192,0.5403419,0.25461758,341.05,0
15402.6,0.28469887,-0.13916074,-2.34873879,-0.01679831,-0.49654264,-1.32083969,1.44724806,1.25738692,-0.37329771,0.3574229,0.00376962,-1.8897972,-0.42994436,0.87062827,-0.11082246,-0.99752596,1.13112946,0.34932453,-1.15968749,-0.56918078,-0.42243897,-0.98384719,0.76006186,-0.54207058,0.13699385,1.78406947,-0.66915348,-1.10309506,88.29,0
15430.1,1.67055932,-0.05780289,1.34440919,-0.60724879,-0.35822124,0.49850269,-1.17159975,1.40784929,-0.36210507,0.19209972,-0.59828302,0.44820254,-1.91329015,0.48773735,1.2783222,1.82049718,0.14887186,0.28932402,-0.40073065,0.17282005,-0.19383848,0.63447808,0.32326202,0.67377253,0.53124351,0.83944081,-0.17649622,0.27044808,240.1,0
15444.7,0.6471582,0.86557803,-1.25120501,0.66628437,1.47997268,0.81552265,-1.46695497,0.36782823,0.90681286,-0.04132595,0.1490102,0.03145082,1.45696231,0.25260002,1.80029978,0.27595396,0.86643604,0.16724244,0.08624335,-1.81460511,-0.35636576,-0.21330242,0.90451304,2.30235697,1.42675334,1.01295982,-0.934989,-0.23400802,184.88,0
15477.4,1.60158722,0.59884348,-0.23530536,0.83507203,1.69852094,-0.53536891,-1.89591091,-0.15718718,-0.87291331,0.07455239,0.04655534,-0.12427369,0.75082227,-1.60731491,1.26507501,-0.64538261,0.51840867,0.1460845,0.57292467,0.3196961,-1.78944361,-0.3848279,0.21661725,0.9200745,1.22308867,1.55642175,-0.19086781,-0.7558941,117.18,0
15579.9,-0.37578251,-0.40465743,1.83777064,0.79625416,-0.4708428,0.78325859,-0.18394877,-0.51625887,-0.4075825,1.18252067,-0.55905115,-0.07130526,1.02004481,0.30411035,0.24040797,-0.66530938,2.3308526,0.8182959,-2.36854998,1.30418418,-1.28606901,-1.3720355,-0.69793504,1.2578569,-0.27241875,0.2106213,-1.67000763,1.07549832,21.19,0
15600.9,1.24300348,-0.9527704,0.90223462,-0.82456641,1.09882038,1.06230351,0.97056967,0.88470876,1.72411719,-0.68561434,0.37395212,0.05245632,3.0659979,-1.2247534,-0.33422415,2.17123083,-0.08877109,-0.18342678,2.21198282,-0.37891981,-0.2408824,0.48704154,0.27621997,0.6858394,-1.74115584,-2.00675962,-0.83688212,3.11880894,3.66,0
15628.5,-0.20296677,0.63327772,-0.02081097,-0.65798973,0.57996816,-1.36495175,0.70814212,-1.52282857,0.91428567,-0.90134643,1.55819612,-0.4263786,-0.61861411,-1.02266894,0.57348516,-1.20547131,-0.25969482,0.4274221,-0.88789895,-0.91425572,-0.50985132,-1.3574177,-0.72283152,-0.01680738,-1.55832996,0.00703867,0.07543805,0.18589317,86.22,0
15731.8,-0.60620316,0.99834595,1.0338536,-0.63078259,-0.55765454,0.42446284,0.96933503,-0.51701612,-0.33618928,0.58311733,0.191969,-0.18130165,-1.83608361,-0.05417021,-0.81143835,-0.62563543,-0.97590813,0.42608045,0.93877905,-0.80107353,0.73492645,-1.74452243,-0.04424832,0.37725064,-1.66265118,1.46194589,1.38901108,0.54362635,324.63,0
15780.6,1.84719662,-0.45070799,-2.18532494,-1.11692457,1.49371515,-0.004013,-0.03504401,0.28442682,0.04440557,-1.12679878,-1.29134086,-1.81329797,0.5536893,1.20580714,-0.77054109,-0.87162771,0.77696377,0.50162663,-0.74446803,1.28992322,0.56038501,-0.69737923,-0.28577941,-0.77349644,1.72525146,-0.61875986,-1.04738106,-0.34101777,0.87,0
15899.6,0.83113029,0.91363101,0.50015819,-0.67863655,0.75201935,0.87178489,-0.56055548,-1.62724584,-2.06359041,-1.65478061,-1.18150773,0.17621346,-0.83401391,0.04795138,-1.22882887,0.59051912,0.12349764,1.75867144,1.96183466,1.07357438,-1.38103421,0.00592637,2.23489729,1.87739961,0.94500601,0.91134334,-0.17116312,0.73806776,221.93,0
15918.3,0.48701291,-0.03620035,-2.82900552,0.43551793,0.76732468,-0.97472624,0.90304366,1.01662005,-0.56369819,-0.65461707,-2.11998769,0.41149589,1.01255985,1.05410008,-0.91577191,1.03110412,-0.23945942,-1.11446379,-0.01573338,-1.95458754,0.23299912,0.66397935,1.63709939,1.73911617,0.06336999,0.40928205,0.84197814,0.57057889,177.36,0
15997.3,-0.0955629,-0.09113895,0.92892567,1.23276263,-0.69998612,0.35301164,-0.56265145,-0.45656813,-0.56025994,-0.24172399,0.18388057,0.50429621,0.23763941,-0.62726775,0.29688675,0.76982884,1.77546348,0.38477809,0.11504269,0.1447293,-0.5625795,-0.46797892,-0.29838232,1.72907506,0.17596089,-1.0863396,1.28490375,-1.0455223,731.61,0
16091.0,0.04444533,0.92991944,-1.04981317,2.47124621,1.21343557,0.94107764,1.4939624,-0.32629693,-0.07273156,-1.37446235,-1.35101637,-1.34572671,0.67557281,-1.18929841,-1.44669891,-2.09084125,-0.29939679,0.42584583,-0.74556237,1.86168132,1.03446664,-1.43413584,0.71220025,0.93745415,0.6458893,-0.56186223,0.11968762,-0.46155836,6.63,0
16155.6,1.17117198,-1.23902202,-0.40787352,-0.7909254,1.16826781,0.61952942,-0.32324755,-1.68348182,-0.68858867,1.53662004,1.0908489,1.25997611,-1.149578,0.30533758,-0.81217875,-1.17779535,1.93965669,1.40197367,1.31962652,0.17164658,-0.99386212,0.78941906,1.07163192,0.28215286,-1.92652002,-0.29373656,2.12105342,1.1552757,286.1,0
16205.7,0.90788173,-1.03970025,-0.66414176,1.25629499,-0.16584808,1.00309516,-0.03558804,0.23081161,0.38514118,0.64387208,0.22643354,-0.27957366,-0.33417815,0.94597904,-1.3219402,1.58783954,1.15887601,1.40285821,0.18774352,-0.44487992,-0.86384703,0.77392061,0.48591836,0.50612088,-1.59099111,-0.71970415,-1.34691184,1.69855703,164.94,0
16442.4,-0.08030486,0.8976844,0.48524871,-0.40967486,0.42114993,1.74505813,0.09321587,0.79916297,0.68714741,-1.06102319,-1.91397564,-0.50820657,0.47612517,-1.16858852,-1.35410478,-0.7154577,-0.37057659,1.21253248,-0.62529744,2.03047004,0.00417127,-0.28838081,0.91121416,-0.50964045,-0.43301649,-0.66280631,0.35741802,0.12125228,404.1,0
16473.0,-0.80748896,2.30969265,-0.85465026,0.67368145,0.40691003,-0.46017115,-0.26464838,0.69829911,0.65517175,1.34850907,-0.24443294,0.77961161,0.4136837,-0.21297363,1.13386937,0.58061078,2.46286026,-0.72068852,2.07485523,-0.09087146,0.40547901,1.40349315,-0.37428868,0.93879623,-0.14245832,0.94173453,0.57095138,0.11875531,271.78,0
16477.8,-0.29029829,-0.05190504,0.48320397,1.95401957,0.86411465,-0.73751384,0.37638035,0.11336582,1.91278098,-0.96577394,-0.23834748,-0.10050329,0.78340726,-0.37608771,1.29117389,-0.31884197,0.02237199,-1.57925156,-0.32118808,0.23865218,0.38773407,0.63228078,0.5035442,-0.85572926,0.71467949,-0.54346917,0.01934914,-0.54877727,488.19,0
16500.0,-0.60605616,-0.15720947,-0.02639779,-0.20925292,-0.14587262,-0.42819749,-0.22105254,0.7806394,-0.19415342,0.05728524,0.35690992,1.15091566,-1.53796135,-0.66731066,0.25522673,0.66705097,-1.57184185,0.4618519,0.70074403,-0.80288336,-0.88159925,1.19890577,0.45986684,0.68874111,-0.09384142,-0.35957933,0.36855876,-0.1690752,424.45,0
16523.7,-1.37397735,0.59068238,-1.7521154,1.65366574,0.92865017,-0.03659815,-0.63640889,0.10475787,-2.38324842,1.20567591,-0.20234923,1.59139996,0.66927861,0.41670046,-0.81780621,-0.86312751,0.10703115,0.01052556,0.74122995,0.62327393,-0.91569542,-1.14082302,-0.27918413,0.87620702,-0.35578047,0.87241266,-0.36691226,1.93837945,41.04,0
16580.0,-0.51761509,-0.12347434,0.19423849,0.0929533,0.70994271,1.14876344,-1.78936955,1.04747544,-0.64652766,-1.51456,-0.9570503,0.18458424,-1.54443729,-1.24721197,0.89875741,1.39908219,-0.49466819,-0.09721982,0.17143495,-0.76339086,0.9005203,-1.37756251,0.16091209,-0.33548774,-0.45142429,0.38752224,-1.63893367,-0.73987166,124.53,0
16743.1,-1.70685244,0.13936186,-0.58629737,-0.27547536,0.3038779,0.1396036,-0.3124293,0.01996872,0.74419887,0.04456564,-0.7935117,-0.07682538,-0.57435788,1.3831429,-1.16935173,-0.23522993,0.04641206,1.00208387,-2.41847115,-0.25745377,-0.63649359,0.28316842,0.33397218,-0.34269617,-0.46798298,1.32549163,1.30028435,-0.07004896,443.47,0
16777.4,-1.00658428,0.13339044,0.45659095,-0.95262498,-1.39610138,0.77223774,0.20059307,-1.90579441,-0.41886856,-0.16528619,-0.56065818,0.17546838,-0.37954069,0.26283818,-0.35936831,0.82979341,-1.53589767,-0.5816758,0.60316926,-1.08056613,-1.76946394,-0.2998893,-1.20659052,0.85565895,-0.91428523,-3.00776723,-0.68791859,-0.03862965,119.08,0
16792.9,0.05402317,-0.23023991,-0.42980977,-0.05952765,-1.69540299,0.74263322,-0.40612961,-0.19486916,1.42990071,-0.92534022,-0.08320246,0.51326792,0.66790034,-0.32604417,0.21377012,-0.16570136,-0.34476588,0.21838798,-0.38584769,0.46444448,0.01030934,0.88724974,-0.73377426,-1.44330274,-0.80014894,0.27579854,2.35876125,-0.600751,80.56,0
16865.0,-0.44281324,0.53685637,0.55709523,0.60813818,-1.58394072,0.61605861,1.37751351,-0.22165394,0.37141975,-1.01441603,1.30297987,-0.6183808,1.64948372,-0.37994251,0.67776537,-0.53341843,1.87775285,-1.97213454,0.36931848,-2.07944695,-1.20477633,1.89199347,0.90802115,-2.01054097,-0.0060305,-0.61966892,0.56979644,1.85040729,251.47,0
16884.7,0.75908457,0.84892781,0.21706874,1.96764513,-0.42461135,2.00176194,-0.54358336,0.35148742,-0.44811558,-1.70733573,-0.44181515,-0.23566333,1.45652046,0.06588188,-0.33211392,-0.80561014,-0.37599308,0.44152294,-0.44344865,-0.62324012,0.64322006,-0.82948259,-0.53342749,0.60014105,-0.70830675,-1.52021917,-1.49640912,0.90760969,150.95,0
16885.3,0.04553952,-0.78420198,0.67903612,-0.63821777,0.36347815,0.26476543,0.07588978,-0.1029802,1.52758635,-0.72210086,-0.87558548,0.10705663,-1.09814747,-0.51623784,0.56821181,-0.51894502,0.52723889,-0.71190035,1.48444698,-0.54078758,0.26276303,0.71295991,1.01240066,-0.28206129,-1.07058492,0.87908904,-0.45387663,1.08356732,188.21,0
16888.5,-0.68973474,-0.22875822,2.75730447,0.00084981,1.23579389,0.01856187,-0.16109999,-0.25203462,0.65221615,0.68708357,1.95013394,-0.77997771,-0.0735984,0.54296609,0.78202729,-1.09813159,2.33783136,0.83420232,-0.54911313,0.01721411,-0.26274796,-0.49045114,-0.75589395,-0.23820801,-0.08373339,-0.46881504,-2.13062443,-0.82451326,18.28,0
17061.0,0.40601969,1.96495906,-1.25721694,1.44286064,0.21229182,-1.14089897,-0.43155805,0.90827975,-0.16372072,-0.00410056,-0.52373216,1.0621019,-0.76699732,-0.40062104,1.17811985,-0.26829151,-0.96334448,1.0389525,1.70973274,-0.86427648,-0.51239524,-1.01079086,-1.26610919,-0.24482821,0.46458849,-0.22624007,0.50180467,0.94036788,93.67,0
17110.1,0.85454659,-1.02185937,0.06850001,0.24605488,-0.07735542,-0.74362981,0.78661985,1.87263696,-0.60124296,1.23446285,0.88926406,-2.65325172,-0.7611941,-0.6358403,0.78177155,0.18848788,0.47439809,0.63627887,-0.89891671,-0.74654995,-1.22288896,-0.1702706,-0.11910321,0.17120533,-0.72730763,0.9065246,0.91711082,1.54651881,265.83,0
17257.8,0.90584793,0.74951666,-0.16228988,-0.09719611,0.04502785,1.15289889,0.3931328,-0.91949836,1.49882533,-1.05884064,0.62687115,1.01851365,1.12347168,-0.64672103,0.80814146,-0.53421924,0.70779924,1.19728383,1.73596682,0.50056097,-0.59302751,0.16574683,-1.32269837,-0.82535514,0.1450661,1.2020518,1.52421027,0.36673548,380.88,0
17309.8,-1.49175742,0.41395517,-0.32445843,-2.06705436,0.87259778,1.03957843,0.55054247,-0.59366033,-0.57579795,-1.74465334,-0.94011563,1.02112395,-0.61521345,-0.95445603,-0.55149049,0.33497442,2.50423795,-0.21797796,0.07021121,-0.16914688,-0.19538972,0.2355653,0.31400761,-0.83008502,-1.28346457,0.4684062,-1.11498126,0.80831449,318.43,0
17428.3,-1.34529607,-1.12934523,1.08068949,-0.04481426,0.0598816,0.2841524,0.63832232,0.26340769,-0.08742872,-0.03383288,-1.86758697,-0.55620588,0.580214,-0.51132573,2.45206252,-1.59249063,-0.28646837,-0.09503405,1.02607958,-2.18317762,0.98765286,-0.74270666,0.36751485,0.97070924,0.35416092,-1.19335336,0.96270585,-0.54561382,76.34,0
17434.1,1.31972029,0.2826214,-0.09139871,-0.30240389,-0.06025862,-1.01271201,0.06876364,0.69656621,0.22338087,-0.25748822,-0.82613425,-0.02022644,0.65140293,-1.4851307,-0.56632722,1.22534498,-0.41132514,-0.77723469,-0.17769568,0.52694102,-0.37793762,-0.59729503,-0.1106596,0.33696265,1.95136918,-0.65415791,1.19154771,-0.73971368,174.43,0
17447.9,0.99103178,-0.83338307,0.42471845,1.42653338,0.41866617,0.52429974,-1.77936737,0.22590472,0.82026266,0.38700871,-0.19374717,1.33671251,0.42334289,-1.23573087,0.49920754,0.96530493,1.26980244,0.81351263,0.91928169,1.02677597,-0.25453985,0.03669766,-0.69286885,0.20058788,-1.54635705,-0.73963029,0.0834864,-0.20260705,14.59,0
17674.0,-0.67608591,1.22015041,0.56539345,0.25419864,-0.71345664,-0.41625735,-1.02263359,0.62838526,-0.04596634,-0.80822476,0.92359605,1.12751053,0.81583898,0.16455953,0.92629504,1.29825639,0.24735302,-1.47783526,1.57310963,-0.13075725,-0.2110539,0.66730612,0.57944439,-0.32295963,0.95024057,1.37533471,-2.06973271,0.5896131,183.67,0
17781.1,-1.43218218,-0.71744699,0.16130473,1.18147785,1.91778418,0.54461816,0.03866997,1.12912848,-0.42296275,0.38254359,1.79219425,-0.82744098,-2.09379557,-0.72223228,-0.06111918,-1.04093476,-0.45238455,0.93377501,-0.14765388,-0.78170919,0.85254706,0.45405855,-2.15490333,-0.02763518,0.7758132,1.63121037,2.4653669,-0.28922185,341.84,0
17783.8,-0.23991059,1.34719782,1.47363383,-1.32641676,1.883505,0.95707453,-1.48111721,0.7931682,-0.36292112,0.79998146,0.58765277,1.70322616,-3.04340346,0.02579716,-0.45301216,0.24447897,0.42304395,0.78273978,-0.97143113,0.87995348,-0.31370651,1.40191484,1.83835218,-2.33637189,0.69517361,-0.43116816,0.55290056,-0.85167103,531.62,0
17820.7,0.29221395,0.37681247,-1.43713728,1.86262361,0.15555967,-1.87844856,-1.23676392,0.49926912,-0.92019105,-0.5970884,-0.0607665,-0.19293673,-0.33192303,-0.68299742,-0.67998675,-2.12675345,-2.09320388,-0.54464844,0.8664733,0.50360283,0.25460208,0.7024298,-1.90497011,-0.8028436,0.98842394,-0.19904935,0.82565606,0.85304264,313.64,0
17888.9,0.4874689,0.49191476,0.07714824,0.42861654,1.35014013,-0.41660955,-0.64781936,-0.89137637,0.73571787,0.13849463,-0.550421,1.21090384,-1.1955788,1.48933095,-0.01492977,0.24908187,-1.34050894,-0.62808573,1.37946117,-1.84725588,0.70250845,-0.4400355,0.69112916,0.73486869,1.98447122,0.7463197,-1.71151718,0.70657515,211.37,0
17967.6,-1.28812972,-1.08570423,0.64385656,1.24385176,1.37989025,-1.05527467,1.12491681,-0.6687837,1.25465678,-1.22109708,0.21927426,0.94220116,-1.30470453,0.97784516,-0.31466035,-0.88469291,-0.00334517,2.24893543,0.38374911,3.10210861,-0.60648656,-0.19334038,1.66701875,-1.93620551,-0.13070435,-2.36116392,0.95073887,1.22753674,323.04,0
18019.8,-1.87870114,0.71227782,-0.03261806,2.24746446,-0.89454862,0.18459919,0.70851551,1.55885902,-0.6350206,1.82287609,-1.45493078,1.04158275,0.45930858,-0.18158482,-0.30986568,-0.20415253,-0.76509477,0.80752786,0.02361007,1.52540431,0.78709378,0.99626817,-0.67268587,1.26655317,1.37935152,0.25563447,-0.65273708,1.24051663,229.01,0
18024.5,-0.24130589,-0.08330711,-0.43292663,-1.07416622,0.14701997,0.34990323,0.79510547,-0.18827677,0.15614601,1.45969494,0.31128386,0.14642994,-0.6098969,-0.07133785,0.65424815,-0.79381762,0.26718232,0.40417042,-1.11088508,-0.25898296,2.26235649,1.04318454,0.35064837,-0.39422607,0.29248188,1.02295102,-0.28449218,-1.09860839,382.34,0
18266.5,0.66875691,-0.7755354,0.75615015,1.26370719,-0.63779401,-0.5943607,1.40925817,-1.4297754,-0.5474627,-0.77225688,0.04177337,1.58648674,-1.33528021,-0.43483884,-0.34851888,-0.49294715,0.56899398,1.96672256,1.86280951,-0.02267751,0.04368696,-0.36093229,0.29444224,1.19177509,1.01392235,-1.57058286,-0.41909546,0.2868472,54.54,0
18339.3,-0.89166631,-0.32271265,-0.02267565,-0.15253835,0.88305661,0.27510045,-0.27522798,1.09884838,-0.90225231,-2.12432814,0.1932648,1.50277194,0.1862404,0.36909445,0.61341702,-0.03953235,0.91758951,-0.65597884,1.45912339,-0.99877694,-1.42571618,0.24079464,-0.66596015,-1.29570726,0.57488369,-0.69406596,0.16889512,1.34156288,129.52,0
18394.7,1.70823506,0.57486364,0.56939104,1.07196991,-1.40613141,0.93531983,-0.07157302,-0.09740967,-1.26507759,-0.4529985,-0.09987486,2.44133279,-0.9579822,-1.06203961,0.47817581,-1.02719912,-1.11955143,1.51062866,-0.41255934,-0.62114406,0.41428884,0.66764651,-0.02873874,1.11829831,0.75097289,0.94879283,-0.11338633,-1.10736139,457.2,0
18411.1,0.85809478,0.02802035,-0.50513339,0.61124624,0.43354347,0.47650018,-1.20693442,0.40187448,-0.19325873,0.12600348,-0.26851846,0.35109144,-0.72286023,-0.5117334,-0.62399597,0.54847081,-0.32043209,0.27263348,1.76523192,-1.26336369,1.29048829,-0.178099,0.47388178,0.85666237,0.54432716,0.6482998,-0.36120696,0.01561514,151.69,0
18459.1,-0.41977536,-1.11377834,0.16224939,-0.80336017,0.95719864,-0.11981196,1.33154452,-1.648074,-0.66682123,0.52840692,0.29924072,-0.77257142,-1.04235236,0.94481484,-1.04898479,0.69811831,0.07416834,-0.15831122,-0.58828413,1.92543866,-0.52945183,-3.01780131,-0.1838578,1.21603478,0.04040667,-0.25972767,1.76032033,0.10587034,70.94,0
18491.6,-2.05819073,0.46700081,0.32304122,0.43627618,1.14222761,0.31421988,-0.72344403,-0.77054856,0.58312687,-1.07182695,0.7183422,0.71419341,-0.04388349,-0.78142328,-1.77633873,-1.12396496,-1.62592999,0.02667109,-0.44228754,-0.92066154,0.87260547,0.12932789,0.04758693,0.55811678,1.03645245,-1.60282399,0.70667985,-1.8089368,110.6,0
18822.5,-0.44260565,0.81612368,-0.3703625,-0.15277374,-0.06891971,0.04431115,0.85034642,-0.10693037,1.00529903,0.38012983,-1.0557623,0.04387156,1.69650096,0.29569657,1.11098852,-0.19816491,-1.44214971,-0.41783175,-1.40468217,-1.36552591,0.54433677,-0.6104024,-0.49727185,-0.51867296,-2.15314056,0.66277625,-0.10867342,-0.55847454,241.75,0
19103.9,-1.61130077,-0.57943391,0.35158025,-1.14901608,0.22556078,0.05600008,1.50617231,-0.93647278,-0.4338845,-0.15265533,-1.36510721,1.00976482,0.50180995,0.31837287,-1.24730407,-0.12803324,-1.81901911,-0.19332763,-0.52382258,-0.95559373,0.1486065,0.19957127,-0.51025257,-2.65602982,-0.31600812,-1.07021017,0.09892683,0.27743372,91.94,0
19186.7,0.44733792,-0.31758528,-0.92827821,-0.91970792,-0.50599279,0.5289924,1.32173678,0.42318943,0.00454614,-0.65323353,0.00467023,1.45454232,0.49124609,-0.46845943,-1.2398534,-2.58053366,-0.54821352,1.3516178,-0.65722434,1.52135197,0.21151984,0.03827598,-0.13360456,0.13108314,1.14784199,1.3631662,1.07260471,0.09599287,43.22,0
19215.7,0.43248958,0.89832886,0.45605213,1.30578774,-0.37337473,-0.3022768,-0.48612851,1.68863069,-0.54791915,0.9258956,2.11726088,1.28260666,0.54067594,-0.05567292,-1.31497244,0.77851653,-0.48362861,-1.35074695,-2.71621602,0.35705065,1.40339894,2.10289511,0.5668439,1.46480247,0.36401871,-0.98089413,-0.70493105,0.10695027,101.63,0
19355.7,1.10592411,-0.43385482,0.64761739,2.07163343,-1.65422272,-0.06508751,-0.72227571,0.43931016,-0.24707039,-1.51153056,-0.28121762,-1.87129042,1.70040948,-1.10507577,-0.50449451,0.64398321,-0.74213128,0.11957794,0.209513,-0.80562844,0.38368032,-0.37358654,-1.33252066,-0.06955171,0.18768129,-0.56399899,-0.62614084,1.73284694,223.07,0
19390.2,-0.10125388,-1.13292054,0.00157202,0.72698736,0.2596081,-0.29595982,-0.79636683,0.20475483,-2.77243338,1.51374376,-0.20904942,-0.28399774,-1.71631727,1.03392665,0.13602296,-0.00863959,-0.52197418,-0.4237006,-0.28979526,-3.11430698,0.45141193,-0.54930041,-1.42492841,0.62815794,0.50687231,1.03428437,-1.05578609,-0.060735,91.03,0
19469.3,-1.22121636,0.53852343,2.2033075,-0.34103925,-0.50622044,-0.67955805,0.78010359,-1.0538412,-0.50011301,-1.2245099,0.88988197,-0.11268347,-0.05571997,-0.30767063,-0.28954092,-1.35706292,0.2381775,0.49070416,-0.28755723,0.38612148,2.82727427,-0.23610394,0.45437328,-0.10892061,-0.9407529,0.84034156,0.47805062,-0.36280477,209.24,0
19619.3,1.1059477,-1.84437976,-0.15118522,-0.18293332,0.46373946,0.0338019,-0.11811556,-1.44343185,0.50005288,1.67793044,-0.33566792,0.40326593,1.33402499,0.68381474,-0.13375877,1.43636628,-2.03329778,1.05489014,-1.37176518,-1.99108053,-0.01041202,-0.95385821,0.24198299,0.74740446,1.13326563,1.30331007,1.3787311,1.29339659,382.98,0
19637.6,2.39941513,-1.79288348,0.45895574,-1.74827622,1.3385591,-0.13742925,2.53356376,-0.61473985,1.14777504,0.48536144,-1.99626748,-0.80811644,-0.90664001,0.96551821,0.97617775,0.47286868,2.73725177,-2.22446642,-1.85961255,-0.25767952,1.77870248,0.67610335,1.12035628,-1.2320874,-1.44023199,1.40465631,-0.3341756,-0.46037664,320.93,0
19662.2,-1.65556406,-0.05951189,0.67085009,-0.89376525,0.14268037,0.85845748,0.19954117,0.50703824,-0.86057657,-1.03772372,-0.29133691,-1.73114596,-0.56788694,0.25120738,-2.52488696,-0.61584025,-1.2875402,0.03337386,-0.45884442,0.53796328,1.11780939,0.84923721,2.00389226,-0.27125864,-0.96212095,-0.9293281,1.51240088,-1.29789886,281.21,0
19680.6,0.70198409,0.90868031,-0.8213395,1.10462268,-1.27381441,0.41009138,-0.22164413,-0.44662376,-0.61873315,0.31605729,-2.23090273,-1.17382536,-1.80347236,-0.25074945,-0.36426521,2.36836681,0.02191568,0.07623935,-0.48708559,1.27381425,0.45317699,0.78558089,1.17292562,1.98552016,0.54359637,0.34497155,1.14921972,-1.17058014,13.99,0
19748.3,0.7474229,-0.48846209,-0.01350036,-0.44952628,1.4245682,0.66209102,0.87831988,-0.56104044,0.25305801,0.04947741,-1.04366238,0.74506238,-0.29927481,-1.45748957,1.22927383,-1.81628694,-1.63014475,-1.15140747,0.587766,-0.33031137,-0.49763409,1.08133643,-0.21275509,-0.91736429,1.06686086,-0.83366929,1.01305848,0.81472092,19.7,0
19777.7,0.6119892,0.85931735,0.11456218,-0.16495861,0.36939451,0.83483162,-0.39476935,0.13249224,-0.94179168,0.9572157,0.66716227,-0.40763403,1.28154797,-1.23459036,-0.35874824,-1.36604774,0.97401748,1.45328943,-1.49114939,1.08932575,0.65717206,-0.28318266,-0.22884967,1.06353955,0.51613465,0.67405485,-1.15844466,1.53337167,176.5,0
19785.3,0.31139336,1.58867197,-0.29369613,0.06971585,-0.95322679,-0.64726192,-0.18525761,0.0892152,0.46841942,1.16913482,0.26670043,0.70356549,-0.69115627,0.55602769,1.09244854,1.84144536,0.60648689,-1.3602244,1.79851779,0.0274697,-0.2934746,1.47211264,-0.29116394,0.72219938,0.06426815,-0.79120505,0.30959569,-1.02331814,253.82,0
19826.9,-0.52843112,-0.14633964,0.58658294,-0.22931912,0.33204385,-1.06476649,0.49315481,0.48907215,0.28051506,0.15589047,1.03109769,1.29744037,-0.26215489,-0.19238546,-0.51332968,-2.67419089,-0.06807129,2.6974523,-0.77911561,1.79904721,-0.96746405,1.17082026,0.03254911,1.52308924,0.26712065,1.25396674,0.18060963,1.35364163,391.87,0
19963.0,-0.38069812,0.88329769,0.51043674,1.16851831,0.7481219,0.69814903,2.14392823,0.16402415,0.61942333,0.6235679,-0.86731736,1.81408443,-0.15749142,-1.13127462,1.02010377,0.80610367,2.9154647,-0.0224473,-0.52826283,-1.4413765,1.24950481,0.07271371,0.49346536,0.27217476,0.18369996,-0.55452416,-0.17915382,0.28636667,143.82,0
19988.8,-1.29523069,1.20441538,1.01985058,0.41350681,-0.71911532,-0.91391061,-1.17864262,0.3575088,-0.28501061,-0.2628264,0.36022311,0.3479796,0.55085884,0.2179524,-0.92122013,-0.74352954,-0.06308809,1.39090936,1.15859402,-0.42518758,0.45046512,0.13544961,0.29328957,0.19940244,-0.55872184,0.82385622,-1.97083645,0.44117624,113.97,0
20330.6,0.65938344,-0.90846394,2.20509943,-0.16540066,-2.15438287,0.19853208,0.98492777,-1.08050327,0.25349892,-0.19733199,-1.15450641,0.19043945,0.00763541,-0.84268236,0.59075076,1.69505623,-0.02111949,-0.07065943,0.04984842,0.95298565,-0.20060865,-0.12223758,-0.58194655,1.9543007,-0.09252993,1.90287039,1.79020681,0.33548611,261.9,0
20343.6,0.97558428,0.35750099,0.31125888,0.21168426,0.63312751,-0.09924945,1.21294675,0.46619238,1.4878354,-0.0797114,0.27212563,-0.68218102,0.01562741,0.81802782,-0.3654973,1.49217576,0.02567296,1.58317645,-1.04880314,-0.27686201,-0.49636009,1.01063162,0.64210298,-0.07641424,-0.45579785,-0.0268373,0.72458629,0.83574077,73.1,0
20358.5,1.01951746,0.04022595,-0.50894048,0.94165209,-1.50013902,-1.70850132,-0.31587403,0.77453676,1.81092472,0.62559854,-1.59997886,1.43515562,-1.31804778,-0.09245568,0.14801506,-0.64235707,0.28730016,1.48399521,0.13999539,0.05170785,0.32620822,-1.13240477,-0.46499813,1.6247184,0.19033739,-0.72603289,-0.84841838,-0.45204426,168.12,0
20511.6,-0.85345437,-1.45548443,0.02402312,0.82401302,0.61984761,-0.01725008,-0.0064726,1.1454376,0.73599032,-0.62476202,-0.57982985,-0.67986626,-0.03564916,-1.16066857,-2.15837182,-0.21830724,0.25288199,0.18642526,1.08499026,-1.29250361,-0.51315596,-1.44242595,0.2458297,-0.10458292,-0.48082408,0.041442,-0.70688759,-1.02202885,483.13,0
20520.6,-0.06678296,-1.14551144,0.1059264,2.09842161,-1.87108759,0.45474204,1.52544668,-1.35862031,-1.90521052,-0.0756454,-0.28474277,0.09656515,-1.89347686,0.41918298,-0.24427567,-0.10856988,-0.56358772,1.38581098,-0.21009635,-0.43091873,-0.08590519,-0.13676237,0.12380807,-0.59101251,0.2609139,0.3587423,0.60627086,-0.95644819,45.36,0
20628.9,0.66681169,0.76366848,1.29080349,1.06737643,-0.1036565,-0.0767875,1.94586907,0.17413704,-0.55762888,1.11808898,-1.6948607,-1.11743441,-0.69984157,1.27870181,0.29156421,-0.01971987,0.13068,0.12386237,0.32858642,1.54414667,3.15727171,0.50336119,-1.5540482,-0.53606753,-0.71796007,-1.98943085,-1.49445217,2.3844753,31.47,0
20753.2,0.65183527,-1.43396186,0.05016457,0.53601397,-0.64394983,-0.80404939,0.54184561,1.36103899,-1.24194266,-0.76893732,0.90480409,-0.10270914,0.24570306,-0.6120583,-0.3168952,1.47002201,-0.40166218,-1.66323288,-1.31802572,0.47628153,-0.23996627,1.86293064,1.03784993,-1.08194515,0.17731531,0.81023042,-0.11163744,0.65098862,212.88,0
20753.4,0.59841205,1.02391836,0.10045821,0.0052809,0.13584787,-0.09357733,-0.22308077,-0.65273119,1.0087318,-0.39369243,0.43052113,1.11522112,-0.45219434,0.03100627,0.03690245,-0.74038704,0.2458668,-0.60180596,0.37535113,0.80346085,-0.24412575,-1.4546108,-0.68559261,-0.18611328,-1.72866845,0.20866869,1.17849915,-0.81651292,618.43,0
20786.9,-0.00568826,-0.50067712,-0.86408446,-0.78225609,-0.03208338,0.71149636,-0.71044721,-0.6116481,-0.71067943,1.55328421,0.19156548,-1.05266472,1.04108105,-0.89802177,-1.25856075,0.49282179,0.12482048,1.59661978,0.27364927,-0.16530137,0.89355244,-0.25708625,-0.63687718,-0.01727847,0.51154889,-0.86411136,0.09926213,0.258609,100.02,0
20902.0,0.49052414,1.59659574,-0.99934409,-0.59976566,0.01480763,-0.9860046,0.2651864,0.23403433,-0.99756657,0.22414417,-1.01807082,0.10158569,0.21260326,2.07380096,-0.30898153,2.55421807,-0.34100884,-0.6702816,-1.65131689,-0.59108413,-0.34381396,0.96231854,1.22830784,0.71509338,0.75609186,2.51134248,-2.03239334,2.07614523,150.05,0
20913.8,0.00030533,0.55466396,0.38652042,-1.86541904,0.31058237,-0.31754484,0.11699918,0.7343149,0.70546579,1.84179095,-0.20103699,0.6854981,-1.05478885,0.65838185,-1.36149615,0.87869121,-1.07152708,-1.29554184,0.58639387,0.73580904,1.69473787,-0.33610641,-0.51143051,-0.06584889,-1.25617771,-0.81842757,0.12352681,-1.25222974,461.13,0
21062.4,0.39055874,-0.08347813,1.07961371,-0.64342378,0.8876805,0.40526294,0.26356676,0.7457523,-0.08681662,-0.05359383,-0.82281069,0.75315914,-1.60428029,-1.43230205,0.15708197,-0.23722094,0.80736926,-0.09821999,-0.13952669,0.38819647,0.56914799,-1.63611325,-1.69706209,0.85737704,-1.53930982,-0.59432194,-0.84263613,0.98282216,81.83,0
21248.6,0.66636031,0.46489113,-0.49462516,0.0475221,-0.61359716,1.51939811,-0.3861093,1.04318943,-1.59065024,-0.07909159,3.61775772,-0.33984691,0.75770306,-0.8494105,0.65243457,-0.2589833,1.65190945,0.43876932,0.57197915,0.79277346,-1.19933319,1.6310181,-1.272455,0.27362723,0.27812009,1.97749607,1.07477865,-0.02468621,171.72,0
21531.4,-0.95228487,0.93676259,0.56689051,1.1821226,1.19869794,0.20891647,-0.24852641,0.32609108,-0.23047259,1.76969467,-0.08039283,0.62120878,1.83298091,0.38327129,0.57119,-0.40367995,0.07573336,-0.29474808,-0.58358503,0.16783744,0.69617559,0.87919961,-1.80218006,-1.64813344,1.51492001,-1.60563034,-1.48751926,-0.65942778,119.47,0
21614.5,0.52042524,0.48535583,0.04242327,2.64161513,0.2645385,0.43347529,-0.53065441,-0.8615134,-1.16445384,-1.28999583,0.55065965,0.16192376,-0.63046169,-0.35092815,1.05922111,-0.20724086,0.03417447,0.28930667,0.49703826,-0.75623267,-2.46357512,-1.95053032,0.35320163,-0.57668384,-0.34215742,-1.71718054,-0.80055077,0.11936001,97.89,0
21954.8,-2.0026519,-1.11788011,0.74687151,-0.91777243,0.82213207,-0.93002927,-1.75419145,0.21308543,0.04222286,-0.53402296,-0.1268349,1.76336103,-0.53993835,-0.38557279,0.84147684,0.05874777,0.26257984,-1.41274252,1.06171079,-0.01134091,0.85053859,1.46113163,0.81941151,-0.59428429,0.2512762,-0.05348355,-0.13517504,0.92218641,106.25,0
22037.0,-0.25786721,-0.36535518,-0.19790368,-0.73405073,-0.94374777,-1.19072409,1.99484838,0.34733526,-1.24757165,-0.26889195,1.57555376,0.53851828,-0.80329338,0.07296481,-1.44396758,-1.04918538,2.3725729,-0.41162219,-1.09396413,-1.91943919,0.21171361,0.74395533,0.40218696,0.46274551,0.23272742,-0.26835624,0.8040593,-0.39114684,298.32,0
22049.4,0.1430356,-0.88319995,1.02274685,0.13402021,0.9065148,-0.63285799,0.76497866,-1.35866665,-0.19490956,-1.58283063,0.2631302,-0.58607299,0.41729312,-0.64109954,-0.21206643,-0.89265484,-0.21274317,-2.43467811,-0.62335135,1.20685558,-0.43167821,0.17687176,0.51669712,-0.81816768,0.0967094,-3.25225235,0.5901471,-1.80031809,179.03,0
22185.6,1.4090951,-0.26402889,-1.71730067,1.44056722,0.39095443,2.4981226,0.90807846,-0.17238403,-0.72400954,0.98368397,-0.70443904,-0.95058219,-1.1818982,1.25011139,-0.4417757,0.11068751,-0.17854111,-0.44765874,0.64141275,-0.30688603,-0.08589428,-0.53343535,0.11786835,0.31240681,-0.04082725,-0.81102632,-0.04764658,1.23832307,58.51,0
22274.5,-1.46470095,1.49534599,-1.79119688,-0.39210882,1.05735361,-0.17409767,-0.58122779,0.59949423,1.69606372,-0.49975065,-1.13530832,0.79334266,0.9275644,-0.32240727,0.38044507,1.08108414,-0.23380635,-1.18059597,0.51877237,1.10055266,-1.77192749,1.74547868,0.55035362,1.45842578,0.03597061,1.76285315,-0.82213397,0.52828422,226.98,0
22396.2,-0.81113425,-0.36613455,-0.88101178,-0.19015118,1.42435023,1.17617267,0.9863962,0.3497892,0.76336455,0.77665363,-1.01264889,0.57431533,-0.59418423,-0.41635737,-0.08885894,0.19014597,-1.61562653,0.62971555,-0.09522286,2.04634813,0.26008782,-0.28956554,-0.75301554,-0.38683278,0.99216819,-1.07431605,0.52153908,-0.37376592,136.47,0
22446.5,0.68240241,-1.31167086,-0.06257796,-1.37905654,-0.14098945,0.21678939,1.50837877,0.71311405,-0.38806934,1.34383062,-0.94441134,-0.02339105,-1.6192574,-1.5075725,-0.73555889,-2.05730123,0.270879,0.29424529,-0.42924109,1.71857141,1.33535453,-0.47306981,0.88191925,1.66743069,0.52605574,0.40130251,-0.55995712,-0.73755143,283.99,0
22552.4,1.4518121,0.99345286,1.50853203,-0.65953052,1.46577347,-0.65408948,0.31154631,2.45509731,-0.87121802,-0.94802713,-0.17050263,0.10347236,0.44610029,1.29970033,0.10278638,0.32653802,0.86212971,-0.50851848,-1.06838657,-0.9636656,0.14498886,-0.64513125,-1.3996617,-0.26120052,0.04382309,0.54399205,1.30899528,-0.78055392,65.22,0
22554.0,-0.00993873,0.09280843,-1.15323543,1.55812949,-0.35841051,0.00781132,0.8302397,0.78498771,-1.37910073,-0.14818658,0.32686244,-1.2904412,-0.36915743,-0.11117829,-0.38396356,0.28654305,0.73026861,0.01545487,-0.12483605,-0.67202658,0.43689166,0.7064342,0.30159574,1.74708035,1.60802162,-0.07241495,0.68065947,0.13405631,75.98,0
22585.0,0.31456921,0.92811755,-0.29812531,-0.01375313,-0.22042946,-1.76463331,-0.36104701,0.87960311,-1.08292595,0.91366732,0.01359591,-1.85772908,0.90006875,-0.04702685,-0.32438836,-0.47821427,0.13186619,0.23445146,-0.67941842,1.45433802,-1.1694741,1.41014584,0.13695327,1.69344724,2.01300946,-1.5640903,1.37637877,-0.05700144,326.41,0
22789.6,-0.78177485,0.41008043,-0.82643852,-0.31250588,1.11077396,0.44621935,-0.75442566,0.09582433,-0.51100553,0.31030866,-0.45708802,0.53552574,-0.79266356,0.76270879,-1.3770039,1.6176868,0.18437659,0.93063453,0.39145044,1.90785595,-0.9669613,-2.07120623,1.3142678,-0.66662002,0.1740275,1.27351549,1.46317872,-0.61431909,117.29,0
22858.8,1.22400059,-1.44800999,-0.72371358,-0.36227008,0.01641749,0.6203433,0.58240997,0.48104874,-1.06722754,-1.29230529,0.88835781,0.39825001,1.11140459,0.0040041,0.45445156,-1.43420211,-0.98681211,0.76528192,-1.00450241,0.69287063,2.3281246,-0.56504959,-0.82874741,1.08329913,-0.32857874,-1.63075996,0.01247918,-1.21749547,159.32,0
22876.8,-0.94242026,-1.04635939,-0.67736646,-1.16462412,-1.49032143,-0.43950947,0.39368521,0.53032098,-2.31076718,1.44210599,1.64473301,-1.26631936,2.32044009,-0.20061349,-0.2723764,0.37218716,0.82639909,0.14563532,1.29142939,-1.04970892,0.10269301,-1.39304425,-1.13238846,-0.55894536,-0.54087487,0.8395619,-0.56484592,1.1173425,76.31,0
22902.8,-1.72214634,0.4170337,-0.77252701,0.646342,0.70588799,-0.66037734,-2.38105837,-1.35187678,-1.11186127,0.20589261,-0.13518157,0.4313984,-0.0979589,-0.856966,-0.10216705,0.43106118,0.61204875,-0.10557948,0.1870361,-0.74144501,1.14432302,-0.82830273,1.38883855,0.7385776,-0.05722437,1.46650896,2.15334756,-1.86188149,307.13,0
22921.8,-0.03216724,-0.09338176,0.21623803,-0.01025585,0.51060589,1.17976606,-0.34650932,0.84932073,0.41017481,-0.3629098,-0.7644169,0.17594173,-0.6037627,-1.36638267,0.07793119,0.70753721,-1.97466514,0.10592448,0.03418686,-0.64464297,0.47227818,-1.5356022,0.44697975,0.32720361,-0.72398095,-1.0919652,-0.31250565,1.99160702,41.88,0
22931.6,-2.4311995,-0.40984991,1.38500107,0.96245909,0.61700146,-0.52654468,1.46725882,1.04046545,-1.29167755,1.08858992,0.16830572,0.27847763,-2.01706688,-1.46314825,0.98951885,-0.76698951,0.81244897,-1.32715937,-1.47524494,1.91075489,0.90939845,-0.12835977,0.22371023,-0.70859522,0.35600189,1.17943008,-0.41547299,0.48563006,335.05,0
22937.0,-2.39949705,1.89325162,-1.07271832,0.96650486,1.19825259,-1.09563239,-1.87172854,0.11860839,0.1174968,0.96266748,0.11912624,0.95745165,-1.00336485,0.15819602,1.78770163,0.2083797,-0.09647431,0.1147764,1.27735558,0.07270939,0.49719791,0.43414409,-1.73866074,-0.11338606,-0.40573754,-0.20260198,-2.15421851,0.56116939,185.94,0
23000.7,0.88423842,-0.17337577,0.17393501,-1.40828781,0.59709679,0.95460317,1.54968799,-0.6321127,1.339838,-0.67243534,0.44307924,-0.44005368,0.14839753,1.17727942,1.53780325,1.50203393,-0.1138008,0.94221404,1.98600337,-2.15528213,1.67512572,0.9664342,-0.15795122,1.34920901,-0.79920239,1.20914544,0.702164,0.32874231,87.52,0
23046.0,-1.01995175,1.65962492,2.02242959,1.60121022,-1.07188052,1.31983503,0.45864317,-0.8980033,-1.35385611,-1.97160679,-0.24497724,-1.54670568,-0.45269159,-0.32576567,1.54699294,-0.39538517,-0.48729445,0.13710035,0.47074546,-0.08020486,-0.13771521,-0.95556642,0.95968333,-0.15496612,-0.60653923,-0.4043419,-1.19059572,1.04955144,400.48,0
23062.6,-0.31266585,-1.41948323,-0.22953664,0.47461702,1.53533529,0.06770916,0.39734732,0.17415308,-0.83106895,-1.45419869,-1.6443495,0.44970605,0.59083591,0.57256226,-0.57731061,-0.46094922,-0.20144534,0.10483444,-1.53396303,-0.42259076,0.30030584,-0.14288523,-0.3944614,-0.7116945,0.88159287,-0.02607173,0.01710052,-1.41987056,380.13,0
23203.3,-0.22403797,-0.00096732,-0.88585443,0.16323194,-1.02052274,0.33045178,0.46564682,-0.20186107,0.63680843,0.63833271,0.39396314,-1.52227189,-0.74852072,-0.08281988,1.2278286,-0.05409078,0.20313143,0.05194851,-0.37169163,0.35261097,-1.53659084,-0.76654827,1.8035946,0.89906672,-0.61015082,0.47745857,-0.42315293,-1.08952606,142.93,0
23214.4,0.81260422,-1.46661938,-0.90054608,0.89841478,-2.16786431,-2.65993872,-0.36542201,2.08600105,1.59927493,1.0348716,1.32467749,-0.0030089,-0.31017815,-1.23801531,1.19548374,-0.36850933,-0.8048623,1.30258088,-0.16852619,-0.57243101,0.66192449,-0.8304252,-1.27781925,-1.6695007,0.39353116,-0.0105554,0.95882625,-0.77652006,423.7,0
23406.9,0.84975392,-1.08514791,0.41049625,0.69581564,0.54050221,-1.98324469,-2.63022012,0.64582121,1.7810266,1.33600669,0.03774058,-0.3410986,-0.73866218,-2.18796937,0.17284177,-0.03336606,2.20522675,0.65349833,0.00817839,0.71493017,-2.56067299,0.05646776,-1.34352074,0.69266567,1.09107393,0.97485374,0.28139031,0.64246932,212.53,0
23517.3,-0.04515534,0.61423485,-1.18053732,1.04217246,0.99983898,1.19162153,-0.84902596,-0.4273569,-1.74145491,0.33703892,-2.1194761,-2.40579004,-0.28920274,-0.8410036,1.14307418,-1.01891982,0.59210029,-1.58926817,-0.81960006,2.27314145,0.9285748,-0.23201565,-1.45090439,0.94646683,-0.31920417,0.00794829,-1.57940003,1.47515642,145.47,0
23694.8,0.24567881,-1.65458574,2.10882713,2.33655998,0.76674198,0.96141352,1.44700095,0.07712335,-1.48899168,0.58845783,-0.39722229,-0.41290214,-1.29482914,0.80234128,0.2713752,-0.32819358,1.34899352,0.98613727,-0.83259857,-0.52526171,0.84596987,-0.19889505,0.51401676,0.61999147,1.09593337,0.6411699,-1.10654408,-0.80403491,157.31,0
23713.1,0.65324997,-0.03092247,0.89129224,1.65600848,0.08049304,0.44025342,0.87345167,-0.33804281,-1.12830452,0.90600082,-1.56876436,1.78883669,0.87043343,0.18769117,0.05109593,1.75135795,-0.94622596,-1.16019346,-0.59813592,-0.26179748,-1.00646924,0.15386107,0.13594495,-0.81385715,1.60305265,-1.39207394,-1.27672286,0.37612003,36.13,0
23735.6,0.3152103,0.97630442,-1.97386081,-0.9198096,-0.84138102,0.22976995,-0.37188314,-1.69716111,-1.40782724,0.11007887,0.62958637,1.27145325,0.79909317,0.02367271,0.04270417,-0.60620022,0.10539671,-1.15495578,0.03655902,-0.42776709,-1.06584719,-0.93349627,-2.12979702,1.47905412,-0.20607495,0.18559038,0.30201656,0.91800161,307.63,0
23746.8,3.31065999,-0.7411702,-0.58431599,-1.11567705,-0.69999221,0.85206346,-0.68649206,-0.05216654,1.21882141,1.01326215,0.55049616,-0.14056861,1.51027605,0.38247502,0.17585738,1.15223852,-0.64590411,-0.7563323,0.98509338,0.45371741,-0.02990197,1.17257123,1.13059653,-0.71853313,0.51338843,1.94186066,-0.89544508,-1.99096438,248.39,0
23776.5,-1.65647034,0.33780996,-0.2446567,-1.09643612,0.44541766,-0.1588021,1.50824381,0.26313669,1.05948391,0.88852583,0.57301331,-0.08726104,1.1804377,-0.93049453,0.96579951,-0.91710249,0.75861814,-0.05805433,-0.5060944,0.03053204,0.29214729,0.86150623,0.1589837,1.07749589,-1.74348459,0.96956961,0.09556995,-0.06973858,181.97,0
24036.3,0.11043672,-0.55063949,-0.73762064,-1.24705247,1.4223158,-0.22734937,-0.1309563,1.27501073,1.40519451,1.64257153,0.10017453,0.67514401,-1.27287956,0.11249674,-0.35066418,2.79821261,-0.16454534,-0.32541086,-1.15880089,-0.10719703,-0.65037247,1.96785877,-0.88198523,-0.11607764,-0.32503728,-0.0029472,-0.0869477,0.89022863,240.81,0
24053.6,-0.3175201,0.62187754,-0.53032498,1.3696984,-0.28948461,-1.84099318,-1.39838768,-0.95789761,-1.43555276,-0.65498768,-0.84067243,-0.57976932,1.08834491,-0.18274577,-3.43527033,-1.11096498,0.11205805,0.61261924,-0.57038453,-1.02264676,0.98188413,-0.12852745,1.06473272,0.04361486,0.56183106,0.34835566,-0.62567419,-1.64253722,52.17,0
24141.4,1.91711574,0.26841467,0.57793548,0.08914519,-1.16544311,1.40049135,-0.40473402,0.52704054,-0.40461104,0.17489804,-1.19530237,0.5249381,1.96051979,-0.10304728,0.21688344,-0.50765683,-0.51483788,-0.56389743,1.26342136,0.24992445,-0.43178782,0.32573004,-1.03623586,-1.84160503,0.90324942,0.69296314,0.45835489,1.45063049,114.15,0
24154.8,-0.15154436,1.18658459,-0.56859737,0.39851103,0.75560246,0.03522733,1.29358036,1.15783581,0.33076545,-0.21944178,-0.51091824,2.44232868,0.59545925,1.30555333,0.65478174,1.43574958,-0.11098376,-0.40324337,-0.0198025,-0.6007726,0.54128929,-0.86631456,1.70803377,-0.32375076,-1.45181293,0.36730753,0.62260067,1.70329391,109.02,0
24221.8,0.49444368,-0.66639669,-0.33015042,-1.1345842,0.83317531,0.7168076,0.08163576,0.20905367,-1.26447304,1.25252477,0.16020907,1.21899198,0.78725112,0.36592806,-2.01336842,-0.58803053,0.45076612,-1.24345376,0.10150293,-2.09344113,-0.94439862,0.71817426,0.71019196,-0.17394174,0.12383661,-0.63161934,-0.21730799,0.92048081,298.33,0
24328.3,-0.20880439,0.10793177,-0.71435553,0.06109344,0.94815653,-0.91469426,-0.14177288,0.3194085,-0.46851953,-0.70353202,-0.06855201,-0.56373348,0.40956383,-1.36378616,-0.13445122,0.31381432,-0.26807146,-0.75157354,-0.54511326,1.23276256,-0.31631098,-0.1285948,0.14461462,-0.87166475,-1.00444432,1.36594097,0.82286284,-1.35372024,162.63,0
24364.2,0.5117369,1.84071185,0.00719731,-0.23539414,2.07509368,-1.45759591,-1.73551626,-0.44362649,1.88873871,0.07914306,0.66509039,0.10867233,1.21527056,-0.46527875,-0.13623139,-1.20544904,0.40753007,-0.72997841,1.20858893,0.99491551,0.60795332,-0.89767718,-0.71163989,0.32257845,2.07818448,-2.37213696,-0.05729934,-0.49432802,26.46,0
24392.2,-0.81675423,-1.24701727,-0.3752833,-0.16726836,1.19094366,-0.6124047,-0.44461776,-0.28102285,0.77484661,2.00549764,-0.65118044,-0.34055897,1.7220321,0.08176251,-0.60578802,0.51649498,-0.04252864,-0.34332402,0.36125122,-1.350352,-0.19118687,0.74523823,-0.58183779,-1.19668259,0.70034135,0.51039367,0.04929492,-0.37867348,321.2,0
24414.8,0.18225141,0.17034331,0.48435545,-0.06757424,-0.56594723,-0.24250002,-0.27030136,-1.89834931,-0.0856485,0.78179947,0.18058477,-2.37383976,-1.1467126,-1.16927258,0.83280112,-1.840116,2.72125177,1.02421556,1.66083106,-0.57650387,0.37572136,0.94025554,0.87263426,-1.5597712,1.38487638,2.45722674,0.21110922,-0.12854775,49.68,0
24568.1,1.93156622,0.04242886,2.62072771,-0.93050804,0.21558535,0.11910672,0.24773201,1.73040358,-0.43548389,0.69235618,-0.59755725,0.58570081,-0.0277844,1.75364672,-0.26998192,-1.55166213,-0.0117671,-0.49415728,1.9525227,-1.2935009,0.83813899,-0.34616882,0.77103758,0.33036429,-0.81950907,-0.45367283,2.45508293,-0.67675003,422.61,0
24569.7,0.17075378,0.29037411,-0.02014056,-0.88176321,-0.18500291,1.80268238,-0.18297977,0.04699574,0.95649981,-0.22378034,0.35594405,1.58358321,-1.12768302,-1.05968639,0.36905938,-0.96131014,-0.23184324,-0.11517374,1.88839826,-0.12630424,-0.00897876,1.20528533,-1.58254641,0.07490616,-0.61681886,1.05173366,0.29852457,-1.70937228,7.29,0
24667.6,-0.237412,-0.16574741,1.56005753,-0.6912698,0.257187,0.63748871,-0.53688758,1.1807305,0.86658425,-0.29008639,2.14917388,-0.69212747,-0.39378073,0.54115409,-0.61499619,-0.78401413,0.47510565,0.68143078,0.58732989,0.2482643,0.50193975,1.37623291,-1.87757868,0.7588284,0.68083896,0.31715986,-1.25533494,-0.22768891,488.6,0
24722.2,-0.04351471,-0.13227286,-0.12213739,-0.80090872,-0.75493065,0.92006289,-1.12081695,0.52560533,-0.34430848,0.86511917,-1.2232128,-0.57466455,-0.59003887,-0.82739891,0.55295265,1.16361743,0.69385091,-0.17099236,0.25026423,-1.52465629,1.24931259,-0.12165649,0.53337038,1.0045184,-0.1242718,-0.81822713,0.15921384,-0.49448031,422.67,0
24804.6,0.76036788,-0.88661408,-0.34125098,-0.40777132,2.30926235,-1.03220709,1.38036102,1.06746303,0.56216991,-0.02428154,1.01812029,-0.27311976,-1.51043502,-1.8546581,0.14950936,-0.89479945,0.49747512,-0.14294451,0.76741477,0.30576973,1.7740513,0.93769357,1.17391818,-1.74258907,-1.45182712,0.03266817,-1.23979181,0.96563226,156.09,0
24808.9,-0.07179383,-1.24702558,0.59410618,0.06150946,1.03627696,-0.21680703,-0.36331745,0.36963815,-0.05936779,-1.17396867,-0.19395773,1.26763002,-0.09310373,-0.87045996,0.71593701,-1.85344367,-2.12026725,-0.0041503,0.18092523,0.22039921,-0.89278289,-0.15049962,-1.39873325,0.21956231,-1.61531885,-0.14924274,0.26157931,-1.7566257,42.63,0
24819.4,0.48696809,-0.1846421,0.5131668,1.5431704,0.74285762,-0.2687863,0.21689357,0.27158878,1.1896612,-0.25417271,-0.32461651,0.06192211,-1.32318658,-1.03411192,-0.70152588,-1.48572937,-2.67721995,0.78209506,1.30520081,0.22371662,0.58157104,0.78590473,-0.31438552,0.07961256,-2.9330268,0.96814189,0.90300095,-0.28661601,113.95,0
24936.5,0.19105064,1.10786392,0.66897972,1.51288422,0.05987717,-1.08191029,-0.20337112,-0.37037129,1.59272199,-0.55817232,0.5114234,-0.03748339,-0.98361781,-0.34645423,0.67988349,1.63938345,-2.17581206,1.44166895,-0.3466029,-0.49752612,0.21697175,0.69311415,-0.6931858,-1.5857281,0.52648144,0.17798774,-1.7084718,-1.54056976,84.58,0
25114.3,0.40995999,0.25539965,-1.47370078,-0.23658959,0.22726191,-1.56865714,-0.83178477,-2.02681213,-1.68495556,1.62600076,0.73458028,-0.19559378,-1.57433001,0.89187441,3.32756473,-1.01969768,-0.15006809,-0.16512123,-0.36753039,-0.84247565,1.1252209,-0.04543748,0.0778833,-1.66834891,-0.3493737,-0.9716523,2.5242732,1.73837619,135.71,0
25211.9,-0.25258533,0.25805764,1.44736736,-0.24535088,-1.57373596,-0.00815894,2.23494986,0.10475559,1.59326954,-0.13683906,-0.09458967,0.49870177,-1.16605133,2.14271901,-0.58152981,0.28605867,-1.3087761,-0.58988251,1.60481101,-0.77588609,-0.22399573,-1.45107945,-0.74987301,0.6851765,-1.17340361,-1.28895738,0.60727518,-0.35027236,131.04,0
25231.4,-1.39338864,0.12705928,-0.60417205,-0.95477885,0.19185353,0.74770396,-0.18765686,-0.14505373,-1.40570053,1.37781198,1.43237824,0.19874876,-1.70402924,-0.26070108,1.02492751,-0.47932118,1.32213291,-0.38830553,-0.51812314,-0.20458571,-1.58260809,0.25741825,0.38044064,-0.30605358,0.93689545,-0.90092078,1.7314649,0.81412256,42.48,0
25438.4,-1.06401792,2.22990179,-1.75557007,1.07061822,-0.09058341,1.07299652,0.09863958,-0.30443454,1.10666446,-0.84080332,-0.527537,1.0846097,0.49606919,-0.9458691,0.32679143,-2.5559952,-1.4031839,1.74614981,-1.26974092,0.20520607,0.2466655,1.70434574,-0.31665519,1.43853772,-0.37045618,0.55807989,-0.18697156,2.46501048,100.19,0
25617.5,-0.28197127,-0.15619303,-0.2245623,0.90027989,-1.17843156,0.44224273,-0.71646597,0.27823973,-0.15208894,-0.5432266,0.31231247,-0.64621818,-1.21293671,-0.48301957,-1.25470131,0.14516706,-0.60790116,-1.26387617,0.36428257,0.40181012,-0.18453395,-0.29227804,0.91329519,-0.27116769,0.2580656,-1.13499264,0.55758577,-0.14293886,217.56,0
25706.0,-0.69150266,-0.62738406,-1.30164492,-0.80391784,-1.19397664,-0.24425278,-1.64444823,-0.59938725,-0.75705147,0.9062611,0.50506886,0.98591276,0.64848095,1.20451129,0.66115081,-0.21661403,-0.24532195,-1.53351952,1.09190936,-0.88327395,1.11356075,1.84068369,1.80616602,0.34469585,0.05438141,1.18130883,-0.33221737,-0.56971173,152.54,0
25714.2,-0.34014453,-0.81045044,-0.67663934,0.07129976,-1.44567036,-0.55836386,0.61952663,-0.25775709,-0.15684363,0.19037203,-0.63723789,-0.25326412,0.05674734,-0.76325971,-0.69842389,0.23013498,-0.11793246,0.87861627,0.05866176,0.33661742,-1.85860536,0.08481423,1.09201544,0.64634768,1.54241473,-0.63087433,0.47683747,-1.39845269,768.88,0
25738.0,-1.83200151,-1.99808717,-1.08778505,0.53781539,0.12689593,-0.64136085,-0.92898897,0.26648125,-0.15084848,-0.15934235,-0.50435176,0.15025531,0.28270392,-0.62633532,1.66268569,-0.58877895,0.16631408,-1.55156724,-0.99897029,0.92046204,0.72639554,0.21467386,-0.67253729,0.35363421,-0.99294086,1.07004378,-2.62893625,-0.38500263,111.31,0
25767.6,0.36234149,-1.68563437,-0.48564041,-1.52029347,-1.0615965,-0.15608196,2.03057887,0.32769637,0.69359295,-0.26455298,0.39852689,-0.74959368,-0.0996779,-0.92351399,-2.10111297,-1.19266636,0.21772756,-0.22011707,0.9917857,1.87001197,0.66468279,0.08550183,-3.42803606,-0.29358799,-1.51479491,1.26306785,-2.50271877,-0.02535562,101.13,0
25789.2,0.74108934,-0.6059095,-0.76186395,-1.26155257,-1.04930171,-1.73793079,1.17906541,1.82857702,-0.44407274,-2.10463486,0.03084265,-0.48360813,0.14834874,0.73573867,0.26864255,1.03732115,-0.91454923,-0.05726882,-0.82079393,-0.18443236,0.9792221,-0.37267927,1.18912556,-0.79025508,-1.37366737,-0.02055907,-0.71331792,0.5235909,182.82,0
25796.4,-2.61042206,0.42588943,-0.34925914,-1.15664842,-0.22726592,0.705382,0.33207805,-0.24469947,0.48203284,0.31254341,2.1863451,-0.42590191,-0.49660041,-0.92674367,2.27474042,0.57285929,3.25446111,0.83056612,0.09115051,0.24026956,0.37583386,0.33148519,-2.42865455,-0.85141152,-0.28649472,-1.45188312,-0.46119871,1.30245308,45.04,0
25901.5,0.55926863,-0.10919131,0.17864926,-0.66289978,0.53291876,1.21285161,-0.35074882,0.16096845,1.14334382,-0.17500088,-1.05055206,0.55813107,-0.19175377,0.34446143,-0.06773069,0.36128469,-0.08928721,-0.50570003,1.01954361,-0.17907405,0.70999289,1.69113805,-0.6288723,-0.13976024,0.08106719,-0.2094869,0.54908756,-1.03596156,189.4,0
25934.3,0.42635336,-0.46082818,-0.24638457,-1.01356158,-0.62503881,1.59273487,-1.32411223,0.46491816,0.39274677,0.35761563,0.40751747,1.3351474,-0.02165375,1.10764729,0.77011696,-0.98755157,2.06893639,0.07478687,0.10144839,1.32942188,-1.01556945,0.15619648,1.18887726,0.64781394,0.04181596,1.2583666,-0.93221142,-0.87282953,124.06,0
25961.3,2.20239041,-1.21350788,-0.94396314,0.70436616,-0.46850852,1.00975627,1.34408598,0.40848332,1.83888082,-1.29309166,0.77361954,-0.41434786,-0.33859532,0.0375885,0.55814397,-0.32536103,0.0026875,-0.70136647,1.32637213,0.11919938,1.1947953,-0.87367493,0.64890824,2.64473101,-0.88620616,1.35641671,-2.23172686,1.15255665,560.7,0
26067.6,0.43257665,0.17718803,0.73915803,-0.54325042,-0.26350344,-1.1554824,0.35283291,0.66698229,-0.99467408,0.41011768,-0.58198707,-0.0837546,-0.56881998,0.58438504,-0.76361638,0.49292899,-1.44127363,-1.01817326,-0.22208517,-0.29503749,1.24840565,0.84276234,-0.34150442,1.56721232,-1.20550699,-1.81189918,0.62987491,-0.64364114,31.82,0
26131.6,-0.32516162,0.8622393,-0.64540546,1.48191936,-0.81765533,-1.13995161,-0.10984221,-0.65106543,0.09705261,0.7912747,2.13696755,0.21653024,1.42266519,0.40457591,0.79207624,-0.44761485,0.20221676,-1.16143617,-0.76706555,0.92342176,-0.53806192,0.74243352,0.64773605,-0.83905898,-0.75704538,-0.56706566,0.77711331,-1.25492845,53.6,0
26166.1,-0.37538343,-0.95688689,0.35166105,-2.22280411,1.13784388,-1.16948333,0.50394159,0.20792856,0.23482603,0.85503724,-0.63976761,-1.03999443,-0.24048511,0.56789902,0.77943921,-0.48017646,-1.04780506,1.36339072,-0.2608603,-1.41199267,-0.47855838,-1.28630934,0.26699651,0.70343171,-0.66674021,-0.2547526,0.82841643,-0.14238034,46.66,0
26186.9,0.42378355,-0.59593672,1.23217574,-1.39554355,2.26305603,-1.13282855,1.03553362,-0.17213575,-0.65828739,0.21072405,0.70418906,-0.09702781,-0.52350839,0.60989498,0.22171553,0.84104328,-0.07708404,0.69522494,-0.95684189,-0.33102408,-0.01504538,0.12416443,-1.05634269,1.53849837,0.42162847,-0.90705138,-0.7046691,1.32165371,22.43,0
26190.1,-2.34868915,-0.33849354,0.15761779,1.66894387,0.89483997,-0.15722093,-1.42225881,0.86981938,-1.25374165,0.0594747,-1.41578653,-0.22131548,-0.46076597,0.35283732,0.81095411,-1.64629587,-0.46918734,0.15735828,0.66002765,-0.41062688,0.09696471,1.43544877,-0.30702862,-0.11642354,0.39398851,-0.59657322,0.67831166,0.18508339,103.64,0
26307.4,0.08953507,-0.72756777,0.55524324,2.02886251,-0.11976908,0.29385581,0.37277817,-0.72741714,0.8889072,-0.77108873,-1.275202,-0.60951781,-3.3361374,1.49102713,-0.03767269,1.45247177,0.58847806,3.38056248,2.33583999,0.51549107,2.27550237,0.91856402,0.84164735,0.59485446,0.12395115,-1.05558494,2.64998388,-0.2549906,146.63,0
26469.2,0.52544367,-0.01941754,-1.36422396,-1.08998681,0.63682403,-1.22108821,0.22635704,-0.36079762,-0.60222851,0.02669846,1.67635209,0.28881658,-0.29566573,-1.47337159,0.51223841,1.13670335,0.60737605,1.16595411,0.47659818,-1.30327481,-0.04494976,0.52486798,0.72101153,-0.49307644,-0.06336535,0.36586964,1.27129302,1.0052388,249.58,0
26476.3,-0.97581154,-0.78415998,0.36989668,0.03443256,0.85625647,0.26914776,-0.70606609,0.18271695,0.03719235,-0.96263941,0.32679277,-0.25785613,-0.45123775,0.98535871,0.59143424,0.39241302,-0.19493566,-0.3243963,-1.07924003,-0.66365485,0.44923624,0.54312653,0.80444815,0.10417188,-0.99940337,0.13320993,-1.07966764,-0.93725194,209.86,0
26500.7,0.54082129,-1.07202252,0.90419413,-0.14723478,1.41085756,-0.47233809,0.12904959,1.61183593,0.88622521,-2.24749856,-0.4729047,-1.73044218,0.7490374,0.92289307,0.08482809,-0.99121775,0.43392243,-0.17504512,0.55199037,-1.38784965,1.72013741,-0.47738989,0.3931471,0.67682289,-0.48345684,-0.73775742,0.52662642,0.81917269,382.01,0
26635.9,1.84263079,-3.17677012,0.08089085,0.09408692,-0.73118202,-1.32529512,0.5229402,0.39643657,1.57926342,-0.80650304,1.18551955,0.01710677,-0.49627718,0.49921535,0.87650194,-0.52521229,1.57040754,0.01881142,-1.23306412,-1.13867027,1.07196773,-0.55292897,0.08903757,0.10595377,-0.11243547,0.97936571,-0.48190535,-1.10968975,487.35,0
26737.4,0.55619015,-0.15274978,-0.92030705,0.1150152,1.55837996,1.07343255,-0.20804574,0.79081328,0.01864078,-0.39870782,-0.53064844,-0.90255397,0.1335641,1.15671114,1.8618903,-1.4354711,2.15064434,-0.65300615,-0.70983574,-0.22787143,0.46356523,-0.62176803,0.29565921,-0.85832085,-0.6602538,-0.12144402,0.58787407,1.74710635,141.5,0
26867.6,0.68404453,0.69590919,-0.03014582,-0.32820378,-0.41671555,-2.67665646,-0.19973168,-0.73013958,-1.21505368,-0.9886126,1.19474875,2.67310057,0.35418667,-1.12684652,-0.17068333,1.0427265,1.92779341,-0.73986682,0.33409804,-0.78524188,1.52271083,-1.89037272,-0.7209099,0.47996368,0.34342064,0.21836715,-0.30244349,-2.38841783,131.71,0
26965.9,1.21494177,0.44691771,-0.2531316,-0.83512789,-0.20155033,-0.98156224,-1.31008628,0.94930727,0.66086039,0.04888145,-1.01963799,-1.08772235,1.01718277,-1.42430957,0.37581912,-0.98498304,0.37333076,0.01019297,1.1470792,1.35712474,1.07687731,1.51293711,1.14022457,-1.77171532,-0.22607315,-1.18679465,-0.79045581,-0.01678853,57.4,0
27039.3,0.59527147,1.29825917,-2.46748139,-0.43614184,-0.39227674,1.61583371,-1.83101518,-0.3432487,-0.69807141,1.03101342,-0.111691,0.2513348,0.94709924,-0.19174195,1.52366153,-0.90869795,0.45329391,0.68981699,1.27501853,1.67490058,-2.15444099,-0.11935974,0.90609339,-0.33355141,-1.86729449,0.19806644,-0.36751831,0.7597423,257.23,0
27054.5,-0.71149898,-0.81921103,-0.05698398,-0.03479504,-0.10619943,0.25952282,-0.03359097,0.04000797,-0.05747663,-1.77224017,0.75258435,-2.02342473,-0.80177624,0.24260926,0.45616715,-1.0098209,0.04876101,0.2041217,1.441542,1.11189847,-1.33199414,1.74675357,-0.1544961,1.12262351,0.542842,-0.19018846,-1.29265473,2.41848721,270.21,0
27093.9,1.19689475,-0.20407217,0.51211081,-0.07148526,0.32971826,1.34960268,0.12368323,0.62500711,-0.03220429,-1.27973387,1.00349106,-1.54425654,-0.84983888,0.17078662,-1.17729166,-1.45802832,0.91976002,1.55131939,-0.3979789,-0.52418467,0.31269243,0.25343315,-1.54343014,-1.16934045,0.80172529,0.14277423,-0.35509462,-0.09491121,256.4,0
27123.9,0.48858242,0.34080076,0.40586906,-0.32846385,0.96857996,-1.65408756,-0.44218053,0.78085006,-0.52942861,0.03620095,0.62135704,-1.13131396,0.75725507,-3.01425832,0.48053664,0.70693042,0.02201281,0.65712083,0.66712142,0.68168904,0.14348182,0.70492503,-1.12634134,-0.84809999,-0.00059506,0.35045229,-1.82250959,0.5719914,94.82,0
27211.7,0.7470764,1.09912104,2.07335724,1.60703843,-0.35603444,0.23424982,-0.58819304,0.34897536,-0.3315374,0.6138204,0.99988213,-0.48344493,1.31514516,0.66011078,-0.42487272,-0.7552382,1.57727961,-1.02796343,1.82661129,1.98108081,0.4326771,0.26420506,-0.15945607,-0.96742999,0.94298035,-0.57947912,-0.09254426,2.12361834,137.98,0
27271.3,-0.58023739,-0.22695547,-1.08252968,-0.2230615,0.06783657,0.96596431,-1.55167113,-1.55827609,0.80227826,-1.3792958,1.77616041,0.58538902,-2.20758981,-0.10066579,-0.95792176,-0.88557672,-0.61941879,1.29717423,-0.39017653,0.97906566,-0.62438591,-1.52504521,0.16934481,0.36864859,-1.35448269,2.14703755,0.21213721,-0.67376264,457.32,0
27354.7,1.06923681,1.43192408,-1.17359563,-1.70148867,-0.86047173,-1.6300044,-0.50747147,1.56188246,-1.78411564,-0.21210123,1.77016649,1.13357264,-0.18605754,0.47885359,-1.23726281,-0.06968094,-0.83272876,2.2231134,-0.00212633,0.91042579,-0.5441982,0.04882745,-0.68917822,-0.48849939,0.41604231,-1.1035786,-1.0828594,-0.3438245,57.24,0
27363.5,-1.70438114,0.7876653,0.59897812,-1.13758919,0.47619477,-0.38392831,-0.32234421,0.42094605,0.70400943,1.04584945,1.65670266,0.21303175,0.92793162,0.71420668,-0.58665607,0.61741284,1.25200061,-0.67801208,0.7448781,-0.34801375,0.47611575,-0.53674538,-0.2953135,0.81550492,-0.35284905,-1.07913379,-0.76618588,-0.08562218,123.74,0
27421.7,0.8784009,-0.72262298,1.06065907,0.57023692,-1.81147818,-1.46517646,0.56403055,-0.08094934,0.41373951,0.22330833,-1.35857844,-0.49157568,0.26123609,0.05385216,0.86028134,-0.48113957,0.95778582,-1.04539214,-0.82533405,0.13773697,1.06253543,-0.43406598,-0.59093973,-2.12026779,-0.34218016,1.86857581,-0.47674336,0.69725059,715.07,0
27727.9,1.01314192,-1.42944421,1.97939377,0.3327625,-1.54014291,0.30631373,1.00789256,0.07741437,0.07158652,-1.80629884,-0.78712148,0.49694383,1.50621477,1.23666847,1.30726847,0.08393484,-0.27380771,-0.76470611,0.5786723,-0.19995449,1.3054439,2.34864062,0.22055963,-2.57016896,0.03607786,0.05272397,0.88278399,0.0895321,519.41,0
27799.4,-0.1547169,-0.45949925,-0.32617115,-0.10496699,0.74153585,-0.73982896,1.51347739,0.20025384,0.03215129,0.05685718,2.34502838,0.07933947,-0.01567669,-1.24479562,0.34969774,0.94136703,0.06130107,-0.06288658,-0.60139658,-0.65518315,0.32095987,0.67611517,-0.71935215,-0.13469662,-0.58505421,-2.26588669,-0.56138506,-0.19477303,308.57,0
27944.6,0.80704946,0.68093298,-0.16498183,-0.38328612,1.11681666,0.3908207,0.18622188,1.37582294,0.74227906,1.11819861,0.03101461,1.29383063,0.78459965,0.40298306,0.22302679,1.08835606,0.08611952,-0.48420368,0.53491579,0.09129845,-1.09135694,-0.09517653,1.43617268,0.00883276,-0.76434315,1.10580704,-1.1866134,-1.09689998,27.57,0
28157.3,-0.82918453,-0.32823717,-0.31764672,-1.73123479,0.43144826,0.01371312,-2.39157856,-0.3047322,0.25900356,-0.58015706,-0.5956629,-1.47320909,0.03272739,0.54025187,-0.8696036,0.48031025,2.0786409,-0.9156746,0.2687117,-0.92836593,-0.34613588,0.04048208,-0.76507817,1.03335462,-0.78223377,-2.3090701,1.0970605,0.71048253,426.95,0
28255.0,0.21804107,0.01255172,-0.27369986,-0.52982156,0.74642415,0.08848462,-0.1720926,0.15110395,-0.67730193,-0.74891289,-0.93206921,0.46524312,2.22032235,0.5615945,-1.64639136,-1.21379877,0.66505878,1.62414286,-0.73126663,1.65727424,0.79412876,0.07295778,2.19338152,-0.66869256,-0.57903998,-0.67593906,-0.57185483,-1.43147513,248.22,0
28380.3,0.00064846,-0.04423681,-0.59368387,-1.04413388,-1.76145789,-1.28642207,-2.76039529,2.30452575,2.07270344,1.869038,-0.51005361,0.43736225,0.57199878,0.32016527,-1.42101565,-1.20427135,0.1010215,-0.20353395,0.91322548,-0.32655655,1.35711239,0.49811169,1.23504045,0.68002496,1.46623648,0.72588896,0.96456648,0.34264121,243.61,0
28403.1,-2.01431619,-0.75275287,0.2642148,0.07829542,1.24405905,0.46536081,-0.31754117,0.75236962,-0.79518591,0.55478512,-0.75073478,-0.27001237,-0.67714558,-0.83948631,-1.17768791,-0.02314146,0.22223325,0.6155779,-1.24722663,-1.1206754,-1.82242459,0.05458816,0.87306171,-0.2467902,1.92275962,0.11593465,-0.33432639,-2.45981115,456.15,0
28446.2,-0.45485799,-0.11807167,0.78693028,0.50030644,0.7765742,-0.21849411,2.23518049,0.38474211,-0.77873155,-0.68890824,-1.18222297,-0.28133074,-0.42152492,-1.03521945,-0.56298965,-1.01857635,-1.69600455,1.00357812,0.43472757,0.62188756,0.53310191,0.09549096,1.31211556,0.23667025,-0.16523317,-0.43686196,-0.53806863,-1.06212487,380.98,0
28460.2,0.12321723,0.84139337,1.04721829,0.57211536,1.0815588,0.70433062,0.39958455,-0.99966658,-0.04862873,1.26231117,1.05517331,0.53411187,0.74392649,-0.83109519,-1.50193527,-1.98036487,0.53345539,-2.00860828,0.25634859,-1.6454341,-1.03154341,-0.65406753,-0.07984027,-1.27953185,0.65899859,0.79865321,0.1331885,0.67343562,130.86,0
28512.2,-0.92304913,-0.15440582,1.37390192,-1.71990166,0.31419135,-0.65148701,-1.624277,1.06507398,-1.28283214,-2.12598518,0.50757531,-0.49716145,1.29456568,1.70868801,0.27477317,-1.14109174,-0.47954878,-0.23954556,0.38575894,-0.31915179,-2.35048292,-0.89885046,-0.67481779,-0.33812983,0.33867346,-0.81491709,1.09017678,0.13964381,90.91,0
28600.2,-1.94197532,0.00450257,-0.98462419,0.18573779,-0.99497969,-0.08588042,0.63203561,0.3755682,0.59182591,-0.67542647,-1.94172409,0.27852452,-1.0667624,-0.32013137,-1.17758444,-0.2323499,0.66618226,-0.32866222,-1.22416466,0.14533827,0.26878937,0.02088882,0.28162762,1.23859928,1.66353833,0.71257996,-0.3504897,0.36207585,258.92,0
28762.7,-2.39718447,-0.8969306,-0.21958776,-0.11091127,0.97733264,0.27038394,-0.04876575,0.49993301,-1.17665489,-0.03281818,0.04285245,-0.93645145,1.35371861,-0.23983468,-1.80014052,-0.8188526,1.71322362,-0.10566115,1.58831825,-1.08950859,-1.01227934,0.0104613,1.48173833,0.2732819,-0.14618151,-1.13005099,0.05758413,0.14326171,99.78,0
28899.3,-0.2698894,1.16994113,0.25195874,-0.71243032,-0.43270349,0.66701932,-1.2755047,0.90968053,-0.20246619,0.61870481,0.11778234,-0.78012119,1.5878481,-0.24328791,0.30271866,-0.53230793,-0.80434119,0.09418215,-0.50203466,-0.06185081,0.13452222,-0.53215059,0.9844802,0.60017144,-2.05426395,-0.91390453,-0.37278282,-0.98211115,94.67,0
29014.4,1.70416848,0.98580285,-1.19491752,0.5670102,0.81081343,2.47947273,-0.83972195,-0.87895429,0.00725934,-0.5826602,-1.22559346,1.95922085,0.78969823,1.83768306,0.65752711,1.18238402,-0.1351818,1.06137131,-0.25809475,0.79897211,-0.23056928,0.75251475,-0.36925086,1.49164002,-0.8394133,0.48585218,-1.78753414,0.94785942,327.36,0
29115.5,-0.48581542,-0.00458555,-1.05337964,1.42758138,0.38165827,0.61272084,-0.59819727,-0.20360928,-0.76706101,-0.28197884,-1.09975251,-0.25345341,0.81570328,-0.90981392,-0.85613617,1.06292884,-0.21032497,-0.14389592,-0.04048682,0.27919729,0.00649789,-0.78983754,-0.3914088,-0.30494749,-1.21835078,1.24895884,-0.66081298,-2.24976916,52.85,0
29122.6,0.87240231,-1.14465698,-1.4807565,-1.06316485,1.57698166,-2.29238622,-1.11499435,1.27159261,1.87877521,1.1918517,1.28924633,0.84544844,0.38643943,0.12573648,0.99989602,-0.45518086,-0.52965589,1.90535544,-0.39658651,2.1899115,0.11321487,0.85670766,-0.72023729,-0.09332352,0.27379942,0.17928915,-0.98786928,-1.4462034,658.82,0
29198.7,-1.10295001,-0.24563044,-0.64598942,0.78890723,-3.17181615,0.16071212,0.48398344,0.48212812,0.90142085,-0.50814364,-0.36642876,0.7112784,-1.51668982,0.42677676,0.34258097,0.2355222,-0.52428291,-0.05839004,-0.38441585,-2.86335345,1.02785083,-1.71843019,2.45605028,-0.62840424,-0.55048424,-1.08266849,-0.32266038,-0.21785289,85.17,0
29344.9,0.47275455,-0.11241374,-0.95142502,0.78538092,0.07662452,0.37006163,-1.13771231,-1.28101144,-0.07507057,0.21395546,-0.26993619,-1.31732212,1.17402583,-0.71576446,-0.14599388,0.13312969,0.78789993,-1.45998875,-0.16255321,0.83010678,0.78985917,-0.09527208,0.22288226,0.47059784,0.14545331,0.87970959,-1.28022305,0.91128132,310.06,0
29466.3,1.03487973,1.24193386,0.8231426,1.78878129,1.06251247,-0.7089943,0.26832652,-1.18807002,-0.67977819,1.40421824,0.1190571,-0.32855462,0.19326202,-1.68866675,-0.60615598,-0.31135574,0.22921902,-0.41101663,-2.85281541,0.35969802,1.26880051,-0.20140747,-1.12408692,0.44827547,-0.60444582,0.07742077,0.45933847,2.92286424,449.45,0
29532.9,0.89913987,0.30261061,-1.6806225,1.01206391,0.41882149,-1.03977485,-0.22544323,0.74052422,-1.50835932,1.80548522,-0.80074232,0.56183285,1.14339391,1.58914957,-1.32249177,-2.11390483,-0.0212741,-0.9610981,-1.83396352,0.52492268,1.75911214,-1.38572951,0.91014145,-1.41886145,-0.05046378,1.91134025,-1.72229475,1.42282958,128.29,0
29844.9,-1.48519298,0.31114101,-0.01086792,0.56774132,0.60815222,0.31571718,0.65236297,0.42422512,-0.10994845,0.86206168,-0.04698605,1.46888064,-0.11052339,0.63240683,1.67726779,0.90206905,-0.25519716,1.16643601,0.68463136,-1.02235849,-0.96255087,0.19742611,0.31045035,0.48618979,0.22399102,0.59240984,-0.0423015,0.00162828,54.92,0
29873.4,-0.6362268,3.70332161,-1.68316512,0.4554058,0.4969857,-1.41440918,1.80800117,0.82715672,-0.24917835,-0.1161139,0.73808579,-0.43998138,-0.14356086,0.11982705,-2.16583426,0.81198022,-0.13180036,-1.12843315,-0.35265724,-0.18464221,-1.04852123,0.44328188,-0.11160524,0.55522017,-0.534955,-0.54822311,0.4368073,-0.13520336,448.88,0
29986.9,0.08831185,0.46840702,0.06055225,0.85679695,-1.187304,-0.6492094,-0.5245875,0.45260115,0.33409207,0.24390988,-0.25286302,-1.05106836,-0.06702073,-0.98288827,-0.73343658,-0.64704489,-0.76971814,-0.20416275,0.85679948,-0.78648126,0.29993638,-1.18086474,-0.51447764,1.05723198,-1.4266448,-1.26795404,-0.75760956,-0.5996007,9.69,0
30002.0,-0.76727129,1.62121265,0.46481282,-0.09429693,-0.87722978,1.72547062,-0.44604925,-0.451399,1.02625573,-0.9656258,0.61998543,-2.3481947,-1.40225963,-0.55662825,0.19638912,0.44998522,-0.46665422,-0.1596501,1.88456775,-0.96602697,2.09259123,-0.33999483,-0.53894286,-0.36385986,0.9513801,0.48147874,-1.0326065,-0.97591835,156.14,0
30028.8,0.99992639,-1.22612117,-1.16951728,0.04152823,-1.72996902,0.99863537,0.13920544,-0.69780512,1.48324367,-0.55789365,2.00779397,1.03773305,0.80203193,0.28773443,-0.83700909,-0.0657516,0.10039277,1.71441033,1.2921152,-0.13547589,-2.51632037,0.18671464,-1.12753462,1.11625126,-0.03581001,0.49812898,1.21903627,1.16699559,534.41,0
30155.2,-1.50930307,0.29962887,-0.33602524,0.57332334,0.8723366,-1.65419953,0.5758459,0.41072987,1.13721,0.14144092,-0.12873116,0.74493967,1.20956396,-0.90050989,2.77064941,0.90936296,-0.40963773,0.21491677,0.36072978,0.75077526,-0.75573627,0.11651986,-0.83119756,-0.92556467,0.67107241,1.72262153,0.40928122,0.62121965,38.51,0
30254.0,0.20354404,-1.09915316,-0.4755433,-1.33107782,0.13606519,-0.33443215,0.18122359,-1.09130864,-0.0806896,0.28823373,0.09134693,0.27798271,1.09971307,-0.48931215,1.24858863,-0.08546675,-0.03483202,1.67268575,0.33988103,0.87614021,0.3859545,-1.96668797,-0.25384733,0.44880363,-1.41761907,1.5477699,-0.08917986,-2.11960936,422.5,0
30363.3,0.8368245,0.63710933,-0.60026347,-0.32308079,0.38974233,-0.49293238,0.61949375,0.11651345,-2.17847498,1.32166465,-1.14736753,-0.52797281,2.29678458,1.57475766,-0.1525452,1.49897266,-0.21951963,1.86599889,1.16744986,0.46689955,0.74088428,-0.80552069,1.25599142,-1.12797748,1.59621266,-0.85685711,1.98602931,1.09809458,321.02,0
30401.7,-0.68145695,-2.27901729,-0.70799729,0.57989367,-0.45026698,0.23396067,-0.61647804,-0.08713088,-0.36321842,1.48133795,1.09788224,0.22292999,0.46410564,-1.64492546,0.39450583,-0.09645607,-0.56757472,0.68365394,-0.31049279,1.96367007,0.10802389,0.12305629,-1.19367065,1.17505354,0.15383224,0.50446762,0.18827184,0.55557446,131.54,0
30720.5,0.65951228,-0.67551979,1.08794677,-3.01759123,0.84774121,-0.51068764,-0.15740171,1.36801617,-2.15717925,-0.84078279,0.78497982,-1.6851599,1.65343171,-1.10838645,-0.45145792,0.00562317,1.19078291,-1.87264061,-0.54062957,-0.62104145,0.25127326,0.22795921,0.08981686,0.02974186,-0.95765943,0.79722454,-3.10549633,-0.29895422,269.77,0
30828.9,-0.39274261,0.33201195,1.27710831,0.6330551,1.09964685,1.07182652,-0.49225662,1.5004191,0.24377172,-0.9482507,0.17818832,1.76878762,-0.13032453,-1.72250316,-0.34316055,-0.26469725,1.11967162,-0.34272629,-0.92723191,-0.04156958,0.08248303,1.03035552,1.29962326,-0.59078383,0.33183018,0.41245847,-0.2580694,0.42525013,199.75,0
30877.1,-0.3046906,0.11105026,-0.7107284,-0.18927344,-0.26872934,1.14476659,0.55011122,-1.77075827,0.73407852,-0.17463034,1.49112703,0.90357757,0.95380009,0.49859553,-0.97122487,0.68735318,0.0800575,-0.05508315,0.30215128,0.40244683,-0.68543106,-0.03383543,-1.22532681,0.16407463,0.93025197,0.47025638,-0.65999734,-2.15097078,24.41,0
30936.6,0.14191688,-0.30249235,0.02049514,0.1613664,-0.45543588,0.62579164,-0.63488182,-2.13238469,1.7251413,-0.16026421,2.05770232,-1.40115008,0.21491753,0.19564992,0.63151416,0.16593655,1.88953884,-0.70165581,0.34583823,0.19230797,0.85939457,0.62426627,-0.73361496,-0.31023936,-1.08861506,-1.65904,-1.05347462,1.79951179,153.26,0
30937.1,0.8015819,-0.62019063,-0.510248,0.41944131,0.17514018,-1.45182052,1.36405099,0.22675754,-0.27124687,1.7195743,0.35270512,-0.08228142,-1.86998609,-1.93743088,-1.23201324,0.03950596,-0.42627858,0.37832438,-1.58461606,-1.55778782,-1.59127491,-0.05807071,1.07604021,1.56036346,-0.55924528,1.18620644,-1.66332403,0.06370722,165.62,0
31007.4,-1.49920879,0.36751088,-0.28267084,-0.3695139,0.84842338,0.19507381,0.25479694,1.14162499,0.78992273,-1.52678046,-0.82032929,0.90961463,2.1352359,-0.88626738,0.33432144,1.2715259,0.75569758,-0.81964867,1.32347514,0.07220422,-0.3697251,1.00873256,0.02671783,0.13066547,-0.8278717,-0.73983448,-0.48856929,0.52361816,191.18,0
31027.5,0.89593762,0.14639612,1.43242568,-0.26255379,0.32108142,0.6590491,-1.00188743,-1.08775224,-1.37810369,0.40763281,-0.20254465,0.25179537,0.12110258,0.20328092,0.62975972,-0.40554836,0.7460927,0.60738677,-1.39003379,-0.23945662,1.5455038,3.5888498,-0.04519805,0.02457267,-1.64078246,0.11158024,-0.06848979,-0.56857976,530.45,0
31070.7,-0.29488995,0.63831957,1.37710644,-1.05763364,2.88215937,1.11171913,-1.67738502,-0.31378151,2.70143003,-0.0066919,1.18255892,0.86070533,-0.19081492,1.83093711,0.29439582,-0.16851056,0.70367605,-0.01595467,1.01830832,-1.46833225,-1.16997819,1.51215596,0.35056904,-0.5143097,-1.5140424,-0.99480566,-0.71581959,-2.09617588,470.16,0
31190.8,0.57001347,-0.93611724,0.69012789,-0.21484386,-0.04236294,-1.11356445,0.08516065,-1.16348201,0.13537246,1.19328629,0.51260533,-0.5657254,1.25130838,0.79852738,0.23087772,-0.55435639,1.44435919,-0.94604061,-1.32337014,0.7510999,1.94286442,-0.76343129,-0.33744424,-0.38602396,0.7820425,0.03914755,0.45364567,0.50363089,114.58,0
31247.8,0.65378958,-1.78792533,0.60246927,-0.56815454,0.29234212,-0.3312769,-0.04530533,1.82100093,-1.59124432,0.11180977,-0.85835659,0.24763851,-0.09451922,-0.66454555,0.74512747,-0.79921409,-0.78141788,0.18390536,-1.17520992,-0.72999411,-0.92285465,-0.4769835,-1.32864255,-0.28831617,-1.16827733,1.3319852,0.89589021,-0.13231808,183.35,0
31262.9,-0.09515424,0.25201126,0.98300331,0.57484643,-0.94080391,0.09520586,0.33750996,1.07468855,2.14450817,0.28100933,0.37292572,0.13817276,-1.89622502,0.70031268,-1.27135963,-1.36359319,0.08496641,0.46568004,-0.09274509,0.8908887,1.49314049,1.13615273,1.73234482,-0.57266142,0.59504982,0.52978804,-0.86882197,-0.24224578,66.86,0
31263.1,-2.2554338,0.79580712,-2.0179942,0.98299054,-1.37922926,-0.16078247,-1.05614997,-0.66728084,-1.094249,0.27346185,-0.23964532,0.86122207,-0.05498007,1.09528165,-0.10550969,0.36392638,-0.08561349,0.48809978,-2.50880246,-2.08548243,-0.23057683,-1.29914247,-0.24702695,-0.64661031,2.22954982,-0.07397921,-0.92474927,-2.39059054,265.73,0
31329.8,-0.24052602,0.08064139,0.60333238,-0.32036513,-0.13572067,0.21773021,-0.57058926,-1.58027784,-0.42876511,-0.25647175,0.96767979,1.45735582,0.02737538,-0.31440336,-1.43661307,1.22364706,-0.02028392,-0.5842568,1.03467777,-1.3793741,-1.07527764,0.03796647,0.55960973,-1.06466591,-1.04468509,0.27717059,-0.66668404,-0.22954575,472.58,0
31411.3,0.1816792,0.90221396,1.53249217,-1.58944095,-1.05822021,-0.76598399,1.21521317,-0.9869701,0.454821,-0.42887298,1.09754369,1.48790593,0.27613789,0.05329075,-2.44835424,-0.58925987,1.68997749,-0.66047713,-0.31362778,0.76853961,-0.36773975,0.51252912,-2.13257049,-0.24885875,-1.36006341,0.02007449,2.24722649,-0.03753509,619.12,0
31429.0,1.71656628,-1.68684116,0.53292196,-0.47376745,2.14580044,-0.72550709,-0.84557765,-1.12042629,2.25351287,-1.49359786,0.49643344,1.47306648,0.49468332,0.88339818,-0.70012018,0.33536308,0.81175374,0.50846335,0.47245401,-0.16260828,-0.2096176,-1.0480847,0.9635833,-0.52982075,-0.23193164,-0.44552922,-0.14756183,-0.6332548,370.27,0
31513.7,-0.87510035,-1.25921689,1.33994615,2.31443725,-0.85866166,-0.91177105,-0.56526617,0.17729733,0.08968301,-0.39997223,-0.99252759,1.46368613,-0.25598382,-0.38779514,0.20663342,1.43886679,0.11817221,0.72871406,-0.42394543,0.37230704,0.22507795,1.70292713,-2.65661394,0.1284204,0.80412437,0.44345611,-1.16773621,1.11353774,291.79,0
31651.5,-0.04307497,-0.48863311,0.49223109,-0.44636825,-0.06791998,-0.53471785,0.31936683,-0.08290541,0.12904623,0.07066375,-0.6497979,0.4886395,-0.86788679,0.37177557,0.64816834,-0.98611462,-0.12547507,1.1857322,-1.58489326,-0.08184181,-0.70143852,-0.87547861,-2.83488127,-0.90356544,-0.69057331,0.95482231,-0.3277418,-1.11604701,62.23,0
31682.9,-0.66753766,-1.12016031,2.11952371,-0.06170434,1.51020832,0.91355406,-0.42555175,-0.79745496,-0.18489338,-0.43350059,-0.20435042,1.36110435,1.26855119,1.8274238,-1.63106325,-1.10517875,-0.39592881,2.29625868,2.35811488,-0.47211669,0.09327171,0.25313682,1.87525453,0.67855584,1.55405471,0.25819786,-0.69772702,-0.80398275,89.92,0
31697.7,-0.90862006,-0.41794727,0.69762825,-0.24776343,0.54952338,-0.58122144,-0.57600839,-0.59876943,1.33842382,-0.7768974,-0.12073016,-0.68943492,-3.12092686,0.12777578,-3.09651591,-1.06721966,0.41807702,0.21812062,0.09214513,-0.88351491,-0.72739626,0.23162493,-1.11293125,-0.04242859,1.37996462,0.68353136,-0.00162421,-0.97969387,75.5,0
31767.5,-0.91201418,3.22033873,-0.17109772,1.07756583,-0.01243288,-0.00403538,-0.13933104,1.05319619,-2.37020764,0.87134689,-0.45340436,0.26437721,0.44984038,2.89821577,1.84061458,-0.96709044,-0.40301438,-1.05308216,-0.75135159,1.56210052,-1.36578411,-1.10552817,-1.88683827,-2.00611734,-0.74343488,-1.81286336,0.4285246,-0.06790409,127.43,0
31838.3,-0.01587137,-0.61614411,-1.02279515,-0.33086707,1.0265161,1.67211917,1.20772681,-0.35591488,-1.06534787,0.07634107,-1.40326682,0.83965025,0.23556762,-1.40498288,-1.05835583,-0.49079352,-1.01347071,0.96668561,-0.60609931,1.45300711,1.62706318,0.02700596,-0.87688834,-0.94213921,-1.16570103,0.79551238,-0.17728471,1.64392567,272.98,0
32058.8,1.95803519,0.23137271,0.12021653,-0.72885592,-0.26551811,-1.44120867,-0.96062945,-0.23994546,-1.15985803,-0.1767606,-1.30656614,-0.43789144,-0.63044826,1.28486016,0.93552087,0.77853663,1.73470204,0.7725112,1.39409212,1.48034419,0.34184013,1.10079999,1.05850397,0.75645414,0.7558766,-1.25462314,-1.53416696,-0.25111099,79.09,0
32105.6,0.59211895,-1.85861103,-0.77197828,-1.03713252,0.15897061,-0.16747116,-0.65597764,0.90880557,-1.18373522,-0.11163197,-0.29175611,-0.1241126,0.67006191,-0.05342566,-0.01660774,2.73744547,0.71308266,0.43061846,-1.31404907,1.64637096,0.87065256,0.91592535,0.25501415,0.2880909,0.29508862,-0.12007506,1.10214676,0.91735608,280.54,0
32134.1,0.64979601,1.12819101,0.41863098,-0.51398978,-0.51072386,-0.27203767,-0.5261544,0.76161664,-0.13144577,-0.2451266,0.9280602,-0.49830013,-0.78314121,1.67692982,-0.34086924,2.06544846,-1.27138671,-2.07618165,0.76685819,-0.48468788,-1.84007372,-0.44596069,1.72940103,0.6551338,-1.47693223,-1.78025567,0.46051881,-0.21068603,103.09,0
32197.2,-0.53051892,0.59653655,-0.03227743,0.64579069,-0.78152876,-0.69639094,-0.42053063,-0.34020272,-0.10823568,-1.29859859,0.53010283,-0.5977868,0.55199049,-1.40380499,-0.05526975,0.18687895,-0.20126759,1.62481582,-0.17768106,-0.39393883,0.10061107,0.36689488,0.09369448,0.52477082,0.1230678,2.64734387,-0.00760929,-0.13495505,82.94,0
32272.4,1.47158559,-0.50874868,1.04222,1.42414796,-0.69839995,1.84072831,1.48043194,0.6937321,0.27940231,0.05685208,0.82715204,-0.64135342,-0.41672688,-0.84081999,1.69906921,0.06000666,-2.13957978,-0.56390299,-0.74453295,-0.0488936,1.25311583,1.75862417,0.84847444,0.52646706,0.10153784,0.53126527,0.73039197,-0.35771069,185.64,0
32613.0,-0.0096196,-0.14915757,0.26951586,1.37151215,-0.89098467,-0.32239044,-2.03948452,-0.91514539,0.73581082,-1.34352222,-0.82779403,-0.0861224,0.27565759,1.46962218,0.56582497,-0.37664937,1.39356886,-0.22377156,1.36759129,0.09742563,0.02865883,0.19953506,-1.69916373,-0.49323242,0.2030019,-0.67901203,0.41823436,0.26841063,1.27,0
32645.3,2.09914387,-0.9221625,-2.94116444,0.85928755,-0.69701127,-0.40388239,-0.60755813,-0.27410999,1.00274233,0.33274196,1.33613541,-0.15434096,-0.97825938,0.14633214,0.4623154,0.43111787,-1.15750898,1.37553229,1.82573296,0.65086019,-0.21569214,1.24249568,-0.20206568,1.73865631,1.36076852,-0.6853117,0.58913735,2.0227349,55.85,0
32709.6,0.78954091,1.51232322,-0.54510627,1.17938438,-0.73893247,1.67419963,-0.32567521,0.59439452,-0.02944228,-0.66461205,1.01732136,-0.2436945,-0.61022868,1.68022526,-0.0939135,-0.54239545,0.73306612,-1.2907303,1.07768193,0.95363123,0.72607731,0.26164731,-0.63950679,0.5232235,1.32500542,0.24379292,-1.64167905,2.87687697,409.48,0
32752.3,1.13702316,0.33250852,1.20412302,0.47053064,-0.18998864,0.21187699,0.91488353,0.46829055,0.89972195,-0.4014327,0.90817373,-0.35725565,0.09466232,0.57613934,-1.3294335,-0.25384449,0.27381266,0.16626679,0.83071874,-2.32305485,-1.66270699,0.99446263,0.73997848,1.94602524,-0.11591298,1.19744497,2.22624922,-2.28546414,326.39,0
32761.3,0.03809375,-0.4188314,1.01320225,-0.05708737,2.09516912,0.3905542,-0.07859222,0.30937996,1.53471234,-0.20477588,0.50977012,-0.24008994,-1.23016463,-1.11147241,1.61687385,0.72807567,-0.08140498,-1.46930624,1.21862693,-1.61444215,-0.15274431,-1.2794533,0.10101643,0.49132025,0.51932675,1.7515436,-0.57465644,0.01550747,118.22,0
32815.2,-1.02924219,-0.43338138,-0.64364459,0.71772354,0.83022779,0.05886046,-0.08630712,-1.4017358,-2.60830686,0.28507893,-0.43896202,0.51015794,1.6492006,0.94538651,1.040508,0.56382583,0.21287416,0.9839983,-1.15592971,1.81397714,0.50347032,0.68780362,-0.73853577,-0.01837422,-0.18467293,-1.20024252,0.36376558,0.20973671,306.55,0
32863.7,0.78393065,1.12033669,-0.29057138,0.31224323,1.47969278,-0.10011479,1.18961217,-0.51224833,1.02174524,-0.76444176,1.78561039,0.28945488,-0.65823033,-1.33028343,0.24459677,-0.61790476,1.18353626,0.42136097,-0.67094976,-0.16553285,0.83450549,-0.00670447,-1.10660297,0.00815379,-0.22901519,-0.22531071,1.17485757,-0.17105019,5.94,0
33070.6,-1.71794443,1.30117198,-0.16395642,-0.65988836,0.85446112,0.68281864,0.74352377,0.06940614,0.65901444,0.17464945,-0.29901758,-0.64159097,0.45289143,1.38513278,0.41682584,-1.41844812,0.34047789,-0.29251251,1.00257848,0.09937616,-0.34063153,1.81364841,0.57600724,0.87712075,-1.95872877,-0.47344713,0.4893608,-0.51263357,290.12,0
33203.6,-2.30177724,-0.45746804,-0.0142072,0.04675301,0.81187133,0.48055707,-0.39285126,-1.66410428,-0.05550784,-0.11800467,1.35368257,2.65141504,0.96932587,-3.29832539,-0.2583065,-0.21347397,-1.72363088,1.61258843,0.13824919,-0.92774445,1.02326511,1.32898528,-0.92091068,-0.15535337,1.20976015,1.13734333,0.5237814,-0.71666085,222.96,0
33218.9,0.48004408,0.87234492,0.47661537,-0.01953275,-1.15133028,-0.76532603,-1.86287306,-0.30811262,-0.07869331,0.35791328,-0.60964717,-0.48009631,-0.96279429,-1.21679537,1.12415183,0.77559505,-0.09537874,-0.2366833,0.88543789,-1.18460983,-0.61859404,-1.71512573,-0.7529154,0.92478926,-0.4236115,1.50551495,-1.47466777,1.05599784,155.41,0
33255.4,-0.05819547,0.43221956,-1.10792824,1.52000879,0.96103184,0.44856745,0.88418345,0.11757736,0.74614743,1.67744685,0.31111041,2.28366577,0.78879174,1.10496929,-0.62544446,1.80761745,-0.30530483,0.16146239,-0.01113642,0.92290943,-0.77305142,-1.39055164,0.66249058,1.34278236,1.07320155,-0.84889447,-0.01129522,-0.21526703,85.33,0
33256.5,-0.3669936,-0.41294972,0.1244676,0.42071334,-1.57577727,-1.03694492,0.66792637,-0.30505961,1.41690574,0.75780424,-0.60240422,1.48156399,0.019865,0.62276176,0.00530783,0.8196979,-1.34653046,0.45374293,-0.23873521,1.7271401,2.34980352,1.29212251,-0.48633693,0.36160716,-1.10683443,0.42719428,-0.15982653,-1.68267462,276.08,0
33305.3,1.62190689,1.02052601,1.65835064,-0.46965156,0.36850371,-0.1080275,0.05355083,-0.89756183,-0.21491084,-0.02639528,-1.24308822,-0.31298903,-0.40407664,0.86539079,-1.53612312,0.00727414,-0.43542231,0.25050743,-0.23612094,0.31340211,-1.6386739,-1.70632116,1.36136575,-1.05466646,-0.89196521,0.47771575,-0.15065634,0.05350904,380.53,0
33428.7,-0.52508748,-1.03271774,1.97319638,-1.66504536,-0.85282012,1.19263289,0.89210359,-1.24810725,-1.06445931,0.36792199,0.08801207,-1.8937859,0.45431471,-2.11321957,1.38014766,-0.60058633,-0.98547329,-0.56263116,-1.12059413,1.1038469,-1.57569498,0.68771993,-0.90232195,0.63301231,-0.38963787,1.3104866,-0.16183226,-0.96033527,188.61,0
33509.7,-0.04319856,-0.55055069,-2.13870073,1.47612119,-1.81074151,0.62962674,-1.78527205,1.97950826,-0.95737241,-1.35683077,-0.45478246,-0.46741811,-0.25195075,-0.30274345,-0.00834457,0.2296014,0.32304266,0.32754257,2.02672886,1.45701096,0.28299326,0.068906,-0.28295697,-0.71668994,-0.96463941,1.15259119,-0.20692544,-0.48020586,23.91,0
33576.8,0.17606292,-0.575844,-1.71221505,-0.35107086,-0.00451882,-0.20853649,-1.22142597,0.41332106,-0.09230857,0.11422758,0.40385877,0.3067496,0.20039287,0.1519067,1.13582403,-1.20472804,0.73770867,0.16248598,-0.05816597,0.12044571,-0.38351097,-0.29311072,0.08294895,-0.66932289,-1.24305079,-0.3608736,0.76585221,-0.53414762,328.5,0
33583.2,0.86709887,-0.91097855,0.33171575,-0.79558099,-0.69745145,-2.36893001,-0.82687487,-0.51305999,1.48388858,0.4839905,0.98563377,-1.27160514,-0.47349503,-1.10383763,0.05913462,-1.20588946,0.46574012,0.10779034,-0.41921013,-0.50302537,2.33948238,-0.27870747,-0.76550947,-0.12836878,1.41997723,1.10571285,-1.68548145,1.38826128,453.42,0
33596.2,-0.04411721,0.34625405,-0.15184246,2.04369251,0.84474088,0.55008804,0.68539165,1.95152033,0.62149114,-0.0589484,0.48372656,-0.4919003,0.95608756,1.77400172,-0.59410179,-0.22068147,0.19512711,0.93188726,0.78724531,0.16124932,-1.1749106,1.35299761,1.61765242,1.46626267,-0.49235979,-0.69967144,-0.10845597,0.82134041,148.39,0
33634.2,1.10476346,0.8002854,-0.40259702,0.38969209,0.97335748,1.4361869,-0.22886918,-0.24942666,0.38211869,0.6548644,1.4619497,1.54976434,-0.22216031,0.9391315,-0.04435521,-1.09524524,1.43062952,-2.02186117,0.16220152,0.37131394,-0.87572897,0.94482378,0.75125375,0.21049975,1.72703535,-0.90709896,1.00241043,1.71959515,116.71,0
33697.8,-2.32514775,-2.34418908,1.67238748,-0.01385818,-0.46767229,2.48859883,0.77006975,0.26526239,0.13978475,2.02797696,-1.74254782,0.67706687,-1.09491399,-0.70062567,1.95975169,-1.6879705,0.76009657,0.94368368,1.43292595,-0.21347021,0.03719378,-0.48477066,0.09038348,-0.4155815,-0.49797969,0.48097073,-0.41370372,-0.93751844,291.69,0
33714.7,0.00028693,-1.22117262,-0.29788415,-0.97329248,0.73274903,-0.58591618,0.0775281,-0.3084237,-1.91303031,1.23356078,1.80496424,0.14234644,-0.0012844,2.61925464,1.24300914,-2.06864147,-0.56442586,-1.45397847,0.751205,0.62919159,-0.25123019,-0.29547505,-1.08285615,0.93745395,-0.33909484,0.60098533,0.51556975,-1.60019573,650.45,0
33794.7,0.33388638,-0.67250908,1.14136414,-0.84293151,-0.82471645,-0.23419838,-0.12770731,-1.02657314,2.05036224,0.90583968,0.22044514,0.79942444,0.10238329,0.31396369,0.27995394,0.32936324,1.01266403,0.26777167,1.40320517,0.44654383,0.36484133,-1.42591754,-0.1210383,-1.80282715,0.92336952,0.24340114,-0.02685917,-0.74584879,660.13,0
33797.3,0.956986,-2.05031447,-0.10519034,-0.655069,0.50883144,0.25756524,-0.16817671,-2.7647698,-1.3654488,-0.60707743,-0.97546587,0.97282712,0.78852953,0.15513747,-0.96075223,-0.05788487,-0.96479532,-1.44920587,0.15370319,-0.13775309,-0.34190292,-2.17940467,1.26982148,-0.29221062,0.00185871,-1.85404001,-0.54623819,-0.25101921,136.83,0
33849.9,1.26433835,-0.94029988,-0.5360435,-0.47232998,0.29504611,-0.08857115,-0.70027706,-0.03428456,0.18095975,-1.08085708,0.03214015,-0.11703094,0.58354397,-0.24276069,-1.06451832,0.64899612,0.78180237,0.97259154,-1.13130624,-0.75594035,-0.52289786,-0.41309655,-0.15008722,1.11783458,-1.15426521,1.04033803,-2.01026299,2.5096883,241.23,0
33892.2,0.65643745,-1.52594164,1.61566309,-0.47612618,0.28244163,-1.47532697,0.39381623,0.66505332,0.79225056,0.15964537,1.80454302,-0.71143078,0.13566225,-0.03344021,1.23258495,-1.03681181,-0.89141823,0.01497421,-0.91877445,-1.61564327,2.57383943,0.94480298,-1.59694123,0.04686548,-0.25363387,1.44723932,-0.98241129,0.84212526,345.86,0
34057.7,-1.15135473,-2.44152753,-0.13542585,0.44762502,-0.92270417,0.52176784,0.82061996,0.76713644,0.13739425,-1.56349365,-0.09266135,0.62531279,0.52182791,0.37297877,-0.83104727,2.4770259,1.23802763,0.99459203,-0.9636447,-0.61449298,0.43475866,-0.07366427,-0.19664936,-1.78956162,-1.97818574,-1.02900031,-0.03128528,0.67478859,22.48,0
34078.0,1.16324742,0.80653285,-1.47116443,0.06213904,1.04209935,0.33823642,0.9876716,1.41005476,-0.88220149,-2.66636398,-11.01723705,-5.0480021,-0.0202049,-4.51141938,-6.37433868,-5.32641674,-6.28714088,1.30268042,-1.04792639,1.19470589,-0.90956983,0.16870026,0.06483403,1.63588271,-0.18047773,0.2631418,1.00408249,-0.07295779,61.48,1
34091.8,1.35991921,-0.10333541,0.32231491,0.75871351,-0.89554474,-1.78971576,0.59269798,0.24013825,0.62144937,0.02466472,0.17982788,0.52761844,-2.59102275,-0.70005464,-0.48173509,-1.48158345,0.57197582,0.29497495,-1.34755049,2.79925782,0.74270296,1.21067577,-1.13475388,-0.74343799,-0.81908418,-0.03426683,-1.67015065,0.83094593,59.92,0
34126.0,1.13157317,-1.39941876,1.52913879,2.04871523,0.22771472,-2.54464213,-2.24039446,-0.91320923,-1.13301353,-0.48614624,1.20172017,0.01906522,0.93759048,-0.67155716,0.6228874,0.99358461,-1.21860976,-0.39065463,0.17756178,-0.84630738,0.60727944,0.55043707,-0.36429504,1.98449288,1.14801144,-0.288662,0.56810747,0.01651014,46.94,0
34182.6,0.95487496,1.84946442,-0.17730013,-0.89389182,-0.59075415,-0.21061121,1.90641545,0.25901561,0.17437715,-0.1096683,-0.42964819,-0.87635727,0.11297152,-0.47168189,0.7853513,-0.33334442,0.11263001,1.81752366,-1.26394382,-2.01702069,3.44900029,-0.49967163,1.51100791,-1.38949331,0.51208577,0.22304293,1.5817054,-0.81651999,175.31,0
34228.0,-0.85372757,0.10174097,-0.40887091,0.42621334,0.81895705,-0.54598651,-1.6591193,-1.13207664,-0.81824277,-1.00077324,0.74571606,-0.52980913,0.45190862,-0.03990152,0.67557552,0.74187718,0.64062631,0.33157096,-0.72195966,0.08375924,-1.95029567,1.4023786,0.49044054,-0.63251088,-0.61942273,1.349159,-2.23215769,-0.12208263,86.63,0
34337.9,1.51815009,-1.29629976,0.09840616,0.47955763,-0.59446996,-0.656696,0.398896,0.69791557,1.28885875,1.20498993,0.2924574,0.01642642,0.23710936,-1.11064153,-0.79282241,-0.54767571,0.49568294,0.31230246,1.16578729,0.75431321,3.08947766,-1.43372324,-0.2480599,-0.24847275,-0.95611049,-1.22583534,0.13359488,-0.5011062,164.82,0
34695.3,-0.39363889,-0.36588535,-0.3307645,1.06613542,1.144401,0.69481291,-0.07961945,0.07261153,2.4792885,0.7504156,0.50634764,-0.23144868,-0.27453566,0.02446653,-0.81794324,0.59447275,1.47280147,-0.76836558,0.16364331,-0.29348751,1.99751129,-0.30844844,-0.54347953,0.44432565,-2.3369891,-0.38101184,1.30084408,0.08449601,109.0,0
34832.4,-0.70386801,-0.56476566,-0.36149521,0.687354,0.60050904,0.55803443,1.33772818,0.24489868,-0.6952891,-0.97501499,-0.53031885,0.35704918,1.74558914,0.46765187,-0.09191894,-2.03426166,0.40048385,1.23633156,-0.03241151,-1.89146257,-0.95663161,-1.85457374,0.39137291,-0.86158915,1.32167159,0.46990673,-1.89669109,-0.84703186,83.62,0
34903.8,-0.05466701,-0.29429766,0.45289584,1.18072223,-0.03248927,2.04726934,1.31832874,-1.73445758,2.0968469,-0.33040433,-1.50707402,0.50561742,0.31723217,-0.19895535,-2.02120359,1.12769212,-0.21025998,-0.00511292,-1.25450136,-0.90129525,0.21026594,0.220927,-1.62709451,-0.71841171,-0.56817556,-1.54169806,-1.2149657,0.91229573,545.38,0
35018.5,-0.56015962,-1.97905006,1.44748643,0.33413965,0.17940294,2.50832753,-0.37306693,1.40373736,1.1816471,-1.62799434,0.08252368,0.99356461,-2.09073056,-0.36214161,0.23335405,-1.52108109,1.46305409,0.83251934,-0.84618768,-0.85222563,-0.81741759,0.46169053,0.72816647,-0.18194429,-1.93092994,-0.33887119,0.40684234,-1.13065673,59.7,0
35393.6,1.08285772,-1.09172594,-0.3192494,-0.26338615,-0.28612331,0.74067499,-1.21161786,0.81630038,0.11446482,0.3740867,0.40555566,1.57081461,-0.89265954,0.82071915,0.03175958,-1.32403375,-0.35179522,-0.24897602,0.32656792,0.97932655,-0.73152713,-0.8231468,-0.27451407,0.68067502,1.34212103,-0.52029454,0.93042722,-0.27734637,148.03,0
35591.0,-0.64383681,-0.91311468,0.33995311,0.03168577,0.37413762,0.48823997,-0.05142179,1.74403851,-0.47860027,-1.24135708,1.33775778,0.54457151,-0.03229462,1.05375157,0.50288701,-1.05689773,0.49508992,-0.59739551,0.03498522,-0.62916163,0.41742893,-0.07582249,-0.67127729,-0.06430438,0.12689948,0.14012313,-0.18775303,-0.98600509,289.97,0
35622.8,-1.52005693,-0.77670663,-0.93678633,-2.00760512,1.23840875,-0.21278599,-0.17724682,0.50123241,1.06518121,1.33682726,-0.43159528,0.18797902,-0.90533761,0.7327941,0.02104754,0.90910173,0.82730061,0.78169757,0.53616559,0.08703174,-1.24268995,0.32907405,1.68343251,-0.43390231,-0.67737384,0.61805441,1.6743052,-1.04105146,515.97,0
35729.7,-2.0220344,0.22166656,0.7248559,-0.42805288,-0.39492506,1.7620083,1.39695842,-0.663262,-1.31831202,-1.28342176,-1.11478527,-0.28395644,-0.07571751,-1.38375704,0.15459823,-2.90320937,0.13983023,1.60782422,-1.21510949,-2.87967854,0.1665492,0.70067427,-0.40841701,0.2287335,1.29107117,1.68936835,0.59801578,-1.23600061,130.35,0
35795.1,0.42861392,1.9728283,-0.26772645,0.49760808,0.06111513,-0.04409194,0.35204332,-0.43433096,0.5200622,0.55375513,0.67195945,1.30855682,0.17077729,0.02790726,0.18326101,-0.71404016,-0.27666638,0.55350966,1.55704563,0.53199238,-1.63257686,-0.27000172,-1.71573556,0.25799378,-0.47890383,-0.03992568,-2.4109403,-0.05816123,509.04,0
35833.5,2.41215704,0.34792169,0.87219965,-1.29180124,-0.32406264,-0.94965816,0.50678218,0.56489696,0.77701254,-0.48836662,0.55572835,0.02327121,1.46098,0.15297621,-1.18319624,-0.19963546,0.97049105,-0.239715,-0.37490305,1.28644319,-0.86929388,-0.15172961,0.25600579,-0.52082831,-1.13106177,-0.11671614,1.0460734,-1.30089583,13.29,0
35875.6,-0.3797253,-1.82011,-0.5965355,-0.24766534,2.0044229,0.44933108,-0.22556535,0.34945709,-0.59749275,0.17361954,-0.1331738,-0.43979883,-0.24422142,0.87577785,-2.85126379,0.84645858,-1.04871366,-0.4090292,-0.3818357,-0.45477511,-1.50801372,1.39919337,0.64760097,-0.61706467,-0.63063376,2.89096804,-0.14826768,-0.08553547,175.75,0
35878.7,-1.09090703,2.515e-05,-0.13784939,-0.40558315,-0.18981623,-0.08555568,1.29702147,-1.92802277,0.19889211,0.00015032,1.3165944,-1.00961075,-1.5674676,1.15111529,-0.15868407,0.03390908,-0.37828482,-1.82833142,0.24559616,-0.82297948,-1.10397197,-1.10322718,0.77905539,-0.62170964,2.4430187,-0.4045062,-0.59007413,-1.63199271,8.05,0
35881.9,0.21500993,-0.69358593,-1.18322768,1.29788246,1.23990598,0.44951846,0.73953582,-1.20287178,1.75064128,0.2376726,0.08462439,0.22906834,-0.27571453,-1.27619516,-1.86396612,1.24313377,-0.80267803,0.96148888,0.9332842,0.43654577,-0.27100006,-0.72646191,1.33907574,-1.08543615,0.79627307,0.0968361,-0.75032386,-0.13187648,18.17,0
35943.8,0.68524094,-1.58932378,1.76175149,0.07154849,-0.31681837,0.4925482,0.28750038,-0.55789467,0.02631094,-1.05997019,-1.34182216,-0.53297845,-0.01204445,0.37974448,-1.12874494,1.18732576,0.81395364,0.32956614,0.67954412,-0.6813585,-0.14614862,0.45149534,0.12969109,1.80009392,-0.63620275,0.13335398,1.06648653,-0.62831307,171.76,0
36115.2,0.06621345,-0.65598134,-0.15969227,-0.7654317,-0.11269767,-1.60886148,0.1722365,0.97728362,1.20190725,1.31381623,0.15247534,-0.15415271,-0.25524165,0.39235935,0.71710682,0.33814141,-1.34541641,1.37805295,0.47748157,0.99068624,0.05192492,-0.26099349,1.93754731,-1.06983286,-1.68813916,1.99579675,0.24039398,-0.42836944,58.26,0
36320.1,-0.21944977,-0.66418794,0.02336702,-1.85152838,1.10420421,-0.03623191,-0.06231427,-0.53103357,-2.394089,0.93978893,-1.33471774,-1.07498433,-0.35928995,-0.19304077,0.487891,-0.13012721,0.97398798,0.07308105,-1.67756919,0.10853768,0.59771974,0.27084095,-0.52772766,-0.54822788,1.21463168,-0.02540399,1.24949962,-0.35101193,242.67,0
36332.3,0.82257144,-0.92453756,-0.20714794,1.24381974,0.54715539,0.3172296,1.52907101,-0.16761486,-0.05735335,-0.65469821,-1.54586286,0.46387144,-1.41394134,0.07671422,1.34372254,0.66533828,0.8813351,-1.47087006,-0.02162009,1.14666417,-1.15921892,0.43042261,-1.22185354,-1.18605908,0.59884657,-0.57797958,-0.0527761,1.15988833,162.11,0
36391.4,1.53227944,0.6187474,0.11151739,-0.11448569,-0.28014886,0.09143101,-0.43398038,-2.01383774,0.77974622,0.51721239,-0.9554219,-0.2492016,-0.22504621,-0.55256139,0.78689525,0.80261783,0.81838719,0.52860061,1.28274128,-0.03915416,2.53868169,-1.14308981,0.03926237,0.10860327,-0.86020035,0.73453532,-0.35548588,0.64248367,273.46,0
36549.0,-1.31746063,-0.54335244,1.13535547,-0.40055492,0.49835062,-0.03216451,0.00464774,0.49825512,0.58033197,-0.53819526,0.23451848,1.39019142,0.13060926,-0.25955824,-0.3670004,-0.05717122,-0.43002923,-0.84020913,2.22435203,-1.50366813,-0.72581741,-2.19055523,1.03085643,-1.01276213,0.70199904,-0.61400792,-0.8152855,-1.11274572,35.29,0
36566.6,1.44616559,-0.27738435,1.59054653,0.06720715,0.73272238,-0.24791166,0.19920054,-1.02443226,1.01900907,-0.5300553,-1.22566788,1.41913441,-0.1625232,1.61949601,-1.50474607,0.3397336,-0.64844278,0.53241709,-1.1592933,0.65941855,0.05090729,0.4171567,1.23784142,0.88434624,-0.06893798,-0.95977627,-0.66634134,-0.95329255,173.25,0
36633.3,0.09584471,0.27061553,-0.71923419,-0.54610211,0.28995085,0.2275593,0.79284065,0.6105975,0.89853752,0.85045825,-1.89907202,0.73985519,-0.52031955,-0.76516271,-0.55016012,-0.23336229,-2.10951392,-1.07262238,-0.38197405,-0.64747362,0.52073716,-0.24086567,1.31601129,0.68683946,-2.47600615,0.63134415,-0.41487097,0.10093117,404.59,0
36759.6,1.05455004,-0.39410181,-0.59373435,1.50249691,1.21490225,-1.14184066,1.2538999,-1.62136748,-0.81461217,1.52519275,-2.23955334,0.57478566,-1.25349412,-0.14400012,-0.18020321,1.69720421,-0.81060344,-0.06901518,0.62701982,-0.25177749,-0.82206733,-0.05919978,0.09351149,0.88405543,-0.94305235,-0.44913051,0.32294269,-0.16716744,41.68,0
36871.2,0.0906616,-0.26324075,-1.09900382,-0.833068,-1.73025473,-1.38064943,-0.53524592,-1.0828864,0.13887826,0.67473399,-0.07489287,-0.20158405,0.68349351,1.15540712,-0.92840174,0.93859669,-1.18199986,-2.29100059,0.51504674,-1.66052112,-0.67797768,-1.46303241,0.10650634,0.11027529,-1.88330119,0.80219757,-0.10368083,-1.21406721,188.49,0
36896.9,2.14312109,-1.13783733,-0.77493827,-1.8086002,0.24205894,-0.38485482,-0.86720945,0.10708916,0.73852476,-0.21953599,1.29992298,-1.32949957,0.42346667,0.61332328,-0.94011471,1.39324202,0.91187039,-0.04105303,-1.77117253,-0.27077994,0.79016129,-0.94856905,-0.68695145,-0.08723346,-1.24795313,-0.78214653,0.99607034,-0.32303806,136.89,0
37059.9,-0.93019161,0.34619765,-0.87778092,0.72438476,-1.74888016,1.50143674,-1.22062241,1.03921499,-0.74029959,-0.27368516,-1.52806769,0.91980548,-2.13900102,-0.52730789,0.76813759,-2.58840952,1.10335719,-0.50966479,0.60290194,0.61420779,-1.87281532,-0.27568958,0.42638061,0.2034524,-0.76709068,0.64083569,1.11311158,1.34014446,82.67,0
37115.7,-1.19820877,0.82577472,-0.02356066,0.266767,-3.15307005,-1.96448601,-0.93292154,1.45635079,-0.05814381,-0.56091959,1.31887307,0.20003138,0.33241611,1.49788735,-0.50801159,-0.04505035,-0.70642523,-0.20596492,-0.04356163,0.24010781,-0.81673721,0.2266022,-1.22279676,-0.32405079,0.05981708,0.28642419,-1.48319807,2.67681298,160.82,0
37217.0,1.12912515,0.54489733,-0.85907428,0.85977085,-0.16658867,-0.18689962,-0.5004888,3.08159984,1.14793156,-0.18409155,-0.18604042,-0.90939559,-0.15385061,0.10109289,-1.98331087,0.90504051,-0.14951911,1.78644011,0.26347458,0.07997198,-0.83709309,0.94336564,0.47099439,0.94206455,-1.4277024,-0.12373892,-0.2626133,1.34723966,133.08,0
37232.5,0.59411852,-0.77866892,0.58434334,1.03553444,0.24627935,-0.60597318,0.13264909,2.1265963,0.1777105,-1.40176001,-2.10819036,1.12202071,-1.10278771,-0.13081136,-0.66025258,-0.16167149,1.48281235,0.62832056,-0.14797,-0.67473773,-1.69408395,0.30031745,-0.00785631,-1.81873302,-0.76289353,-1.45246111,-0.56395539,0.41327507,294.73,0
37257.3,0.59136491,0.99956625,-0.40601465,0.04128312,-1.37562182,-1.02532568,0.9822791,1.07071499,-0.10888665,-0.2135365,1.49150046,-0.3915166,1.20530219,-0.27869799,-1.23917086,0.19503388,-1.14997653,1.53329216,2.18727379,-0.93074222,-0.85323799,-1.96960422,-0.27436623,-0.81442061,0.32845708,0.29063239,0.11171698,-0.88596967,322.1,0
37309.2,1.50758706,-1.07621855,0.18942278,0.83533135,1.679525,0.08685964,0.61500219,0.63290145,0.80418704,-0.19393235,-1.16702283,-0.23015802,1.27970954,-0.07401353,1.17294778,-1.76900283,1.02250365,-1.24016226,-1.03575432,0.16157744,-2.36579813,-0.24203399,-2.01376972,-0.55072896,-0.03728965,-0.54948408,1.40391759,1.02599465,582.63,0
37366.1,-0.45786564,0.67047714,-0.3249152,0.65417357,-1.26476958,-0.59223928,-1.38607045,-0.02522948,0.09554404,-0.38453481,-0.13385462,-0.63411594,0.05980447,0.96707913,0.93355679,-0.57647413,0.28715593,0.31925021,-0.54967841,-0.11029071,0.15654325,0.43355055,-0.61139518,-0.5735138,-0.94367959,-0.6643055,-0.75929552,-1.36098487,86.16,0
37411.7,-0.85324264,0.0715985,0.02440347,0.17763154,0.42474622,0.99371053,0.83043157,-1.72692369,-0.88528891,-0.01810751,-0.61122832,0.16096006,1.22357571,0.39595411,-0.84858246,1.49140557,-0.96563523,0.75460506,2.10178358,-0.2485593,0.4720671,1.10873664,-0.09498111,0.2907212,-0.65781363,0.38004907,1.45131876,0.09392417,34.04,0
37451.6,0.95385005,-0.47222395,-1.45890248,-0.24014023,-0.26809183,0.33448235,-1.15819812,-1.69827098,0.11967769,-0.58127035,0.54605358,-0.28118023,0.56984963,0.88455593,-1.10356896,0.47771054,-0.0542421,-0.13989335,-0.20636843,-0.62492655,-0.26230229,-0.33200471,-1.45751621,1.12802244,0.61595138,1.10405591,-0.95096141,-1.1617065,58.24,0
37456.5,-1.00105001,-0.09591208,0.22460239,2.00118463,0.23456972,-0.07806277,1.2129675,0.85867719,-0.59963371,-0.15759,-0.75596366,-1.0516073,-0.23340705,-1.59866328,0.23678741,-0.1297338,0.91895464,0.17036953,-1.29772161,0.63017561,-1.76934756,0.60667522,-0.62763249,-1.07040901,-0.50998887,-0.88791407,1.19919859,0.37035101,210.27,0
37500.8,-0.76293006,-0.06255879,-1.05406853,-0.98642276,0.71305907,-0.55108945,0.1417421,0.64109348,-1.09613927,0.0070814,0.74810059,-0.59358957,0.52018796,-1.58568443,-1.30867638,-1.67171245,-0.15953713,0.12747718,0.67316555,-1.96534397,-1.94369208,0.05804253,0.9540635,-0.12348241,-2.0656501,-0.96983461,0.73168947,-0.895938,34.53,0
37562.7,-0.54755002,-0.32031353,0.56225788,0.66935706,0.61420031,-0.05168607,3.31328258,-0.70310452,0.32198711,-0.64130926,0.30407094,1.05230152,0.42842602,-0.50427193,0.94150241,-0.17296523,0.66548481,1.03044587,0.62086889,0.15921171,0.35847355,-0.31400442,-2.17056352,-1.20791462,2.18150489,-0.20306073,-0.59748822,0.7104021,59.41,0
37847.5,0.25975767,1.95588085,1.60176999,-0.30526594,0.41931535,-0.76099803,-1.20407552,-0.88614884,-1.29946355,-0.23598972,0.29094219,1.84821013,1.11804462,-0.3674285,-0.5496379,-0.51104822,0.67293496,-0.01659244,-1.31315965,0.660646,1.13413638,0.58377414,0.24418862,-1.28018912,-0.55128708,-0.09777182,-1.33109707,-0.09606595,90.36,0
38085.1,0.28906757,0.94681768,0.90814593,-0.60551457,-0.72903841,1.06319571,-0.82319663,-0.44097693,-0.44671467,-0.11693215,0.41545486,-2.31182098,-0.44191069,-1.25613826,0.56609372,0.43319796,-1.58172079,1.60650749,0.6000111,0.72438221,0.05347105,-1.1919956,-0.09080692,1.4362848,0.18644059,-0.01733844,0.0520548,-1.04650124,67.62,0
38168.9,-1.24633492,-2.15287038,-0.94048041,1.04913165,1.27867151,0.21415715,2.83399698,1.02672485,1.81026511,1.33329365,0.83123831,-1.33920171,-1.60035952,-0.74134965,0.25835713,0.00108097,0.37470445,-0.0199979,0.4777614,0.98754879,0.00794969,-0.28798501,-2.62129376,0.87221677,-0.77333688,-0.90914265,0.86768738,0.91844216,257.99,0
38235.6,-2.20509227,-0.48790987,0.68561719,-0.93427741,0.87990011,-0.12823234,-1.53514066,-1.29239597,-0.23188334,0.94835776,2.26977695,-0.84953084,-0.69868163,0.45501815,-0.47012144,-0.65028228,-0.86926227,-0.46129608,0.36659944,-1.52258729,-0.24855354,1.60894762,-0.65031531,-1.78519874,1.08432671,-0.62622738,0.69808922,-0.09229344,48.19,0
38252.0,1.89767082,-0.31065698,-0.85829595,-0.17848469,-0.64709024,1.88814706,-0.72585599,-0.53383423,0.53305621,0.43382381,0.69342758,0.47872247,0.2264579,-0.55492284,0.24268187,-0.15828966,1.18584533,0.63844905,0.77907292,0.01931948,0.78180163,-0.31608289,0.20729575,-0.99326796,-0.71044409,0.20894632,0.51684756,0.42047078,309.79,0
38321.6,-0.51756944,0.45816412,1.02631978,-0.7700929,2.54470318,0.33903088,-1.57851256,-1.12677407,0.46382142,0.5467664,-0.50505022,0.39577351,-0.4143189,-1.0020592,-0.19075945,-0.18096264,1.24302677,1.02758197,0.25640319,0.43610877,1.18226496,3.35230813,-0.21669489,1.79069143,-1.46261488,-1.25846307,-0.02672881,0.85678292,43.88,0
38336.4,-0.59854557,-0.7028322,1.15169853,-1.22510667,1.50150235,-0.42644634,-0.90816247,0.11276485,-0.58382045,0.29616572,-1.15922516,-1.60344845,0.65319788,-0.88297158,-1.05209905,-1.34439927,0.841183,0.30843673,-0.50137383,0.79381629,-0.60634212,-0.35352391,1.61420914,-0.62136397,0.26091017,1.39759957,0.27704149,-0.54445016,229.6,0
38402.3,0.09056886,0.49617696,0.49500468,1.5252821,0.87822842,-0.27948493,-0.68544169,-1.37993315,-1.76315609,1.04755186,-0.12964232,1.10303519,0.26433574,-0.60554065,-0.13514623,0.32212435,-0.19432452,0.3149051,-1.0992617,-0.13752405,0.02158876,0.49813911,-0.94498188,-0.14480417,0.32910669,0.45263922,0.98656272,-0.30513328,296.88,0
38460.0,0.27082146,0.91219515,0.3851412,1.18676272,0.53495826,-0.04666282,0.99801805,1.40373264,0.35165223,-0.77540072,-2.31295108,-0.00264058,-1.93679407,0.33636274,-0.72341091,-0.05494014,0.36029544,-0.39635591,-0.11706686,0.61453507,0.48159169,0.8695341,1.50195685,0.40806511,0.80444631,-0.16671092,0.0435043,0.9472372,265.75,0
38481.6,1.56379391,-0.7096815,0.2733939,-0.40050147,3.27174431,-2.00880576,0.2751835,0.09906454,-2.57732108,-0.49253128,0.71636417,1.97144559,-0.10076152,1.2108093,-0.40495699,0.41706993,-0.79795026,-1.64127145,0.59537559,1.07291353,-0.2190357,1.08909815,0.17958721,-1.5538241,-2.23044584,-1.47419858,-1.15424859,0.33547792,163.81,0
38493.2,-0.00148858,0.1950237,-0.9737659,1.60524358,0.02150576,-0.30324086,-0.582106,-0.89056834,0.67819362,1.20807629,-0.18417052,1.43860293,0.10859697,-0.28074694,0.04558001,0.4319664,1.14982012,-0.71611421,0.0716566,-0.89563914,-0.36401751,1.88464651,0.64752169,0.07174337,-0.1100133,0.2671186,1.35751437,0.93973706,55.67,0
38501.9,0.27236219,-0.92951778,-0.25140042,0.62931863,-0.55469247,0.76166655,1.71751805,0.817811,1.24621506,1.2997448,1.48800924,0.37527491,1.04037218,0.41682813,0.93271191,-0.10822802,-0.16147624,0.12361155,1.08773522,-1.04036407,-0.56723442,-0.62832779,-1.68346886,-1.47585433,1.1264089,0.12585996,-0.22492106,0.77047036,634.43,0
38664.9,-0.20389469,-0.65525056,-1.27209157,-0.07953428,-1.76426795,-1.13006935,-1.24564261,1.16798151,0.08735854,-1.23558985,-0.88146043,-0.79553797,-0.94912087,-1.34637837,-0.70317996,-0.71819642,1.49612915,1.20533689,0.42126931,0.07192466,-0.71475226,0.4727642,0.04076859,-0.65413688,-1.25791121,1.3962357,-0.29455341,-1.90234215,122.56,0
38668.8,0.40034499,1.12033516,0.73357638,-0.09008171,0.24866439,-1.8093059,-1.65820594,1.19177968,0.39336238,-0.37562503,-0.06748443,-0.75076717,0.70638431,0.21425887,-0.54546216,0.96661125,0.87420343,-0.9026614,-1.80226977,0.56368039,0.13009572,-0.31222796,-0.57391515,-1.00251332,0.80259507,0.27683946,-0.62206479,-0.53611214,138.87,0
38824.7,0.02708235,-0.40817834,-1.13532927,0.92981564,-1.34914562,0.72184132,0.58929088,-0.51448838,0.51714697,-1.10361166,-1.12654329,0.47218801,-0.50472408,0.16258981,-1.18847837,0.32503153,1.00537029,-0.15493519,-0.03898591,1.9047519,-1.50596596,-2.48069685,-1.06794874,0.84037676,1.39010965,-0.52958872,-1.69516513,-0.0463239,65.51,0
38829.8,-0.11346635,0.06535251,-0.58539407,-0.77685442,-0.50440409,0.15131387,0.26225809,0.46963257,0.36883931,-0.33746874,-0.15900252,0.54071885,0.21532001,1.00602039,1.22056144,1.4281021,-0.80829425,1.21344638,-0.26473815,-0.74156537,0.87627945,1.22713925,0.83699886,-1.14974435,1.18628766,-0.34497354,-2.92716202,0.12896807,417.97,0
38971.2,0.41027321,0.59000793,0.28923777,-0.4645698,-0.73690874,-0.13224028,0.09023015,-1.17006586,0.02793722,-0.24418239,-0.30425465,0.92593789,-0.05487196,0.06441503,0.41958603,-1.31205277,-0.6747536,0.55030013,-0.11938789,-0.69892018,1.20718906,0.69288179,-1.15785695,0.59978524,0.28677394,-0.68321124,0.06770549,0.81481451,140.73,0
39089.6,-0.30756608,0.58601995,1.34554589,-1.28078308,2.37814794,-0.5945488,-1.05551123,-1.8348864,-0.96661397,0.03301626,-0.53043593,-1.29819957,0.69237224,-2.05118472,-1.11707382,2.12458996,0.46405569,-0.23536274,0.20742129,0.2039338,0.6005153,0.1641479,0.20609337,0.1649893,-0.57094565,-0.57345522,1.16996522,-0.91336448,111.26,0
39092.9,-0.04150826,0.35428652,0.02083932,-1.48378127,0.78799669,0.47075925,-2.56759656,-0.68422324,-1.07352719,-0.67869556,0.99755048,-1.55462153,-1.08005567,0.60591192,0.76061423,-0.84232485,0.8371263,-0.76990133,1.89877885,1.02768621,-0.26264859,-1.15140509,1.45550319,-1.05113973,-0.61195417,-1.24984723,1.22447728,1.15394853,423.85,0
39123.8,-0.41076529,-0.11063774,0.78891342,-1.46424736,0.22025225,0.73042124,-1.26701179,0.42335507,1.46125777,-0.44984929,-0.09604913,1.23488735,0.36374153,0.22920365,-0.75103776,-0.33743019,-2.46757422,0.77134885,-0.87519814,0.0818548,0.38324264,-0.00823623,1.25388568,0.11508133,0.08780383,-0.29944618,1.42673897,-1.23477408,108.76,0
39180.8,-1.21845276,-1.84292534,-1.7155122,0.06065459,-1.08938257,0.93308019,0.09203559,0.27797591,-0.08260355,0.02517975,-1.82336146,2.33785365,1.32359172,-0.58346396,-1.64417,0.96493258,1.95401691,-0.37804803,1.65502129,0.98194126,-1.06347733,-0.71931,0.40185093,0.36103907,-3.33135373,0.11840898,-0.1376687,-0.90233622,42.56,0
39338.1,0.13436503,0.40672316,-0.23291118,-1.1803015,-0.71431116,0.74675116,-1.21699752,2.23404511,-0.58783395,-0.57813615,0.33610176,0.45903846,-0.24063904,-1.55740051,0.4216458,0.01757156,1.23836464,1.6361192,-0.10103302,0.76615282,-0.058889,-1.60698887,0.21421408,-0.77669647,-0.57100275,-1.69726259,-0.04860639,0.2460782,556.78,0
39367.1,0.99387418,1.26983376,-0.66990546,-0.25449224,1.78125009,1.47538918,0.588907,0.55892159,0.05510742,-1.65620161,0.13783949,-1.37667637,0.22742402,-1.11650382,1.56119795,1.3208677,1.82412591,1.95055147,0.01711988,0.36427837,-1.12845617,0.99089137,-0.96276282,-1.80509082,-1.51822081,-0.43743879,-0.5390452,1.08384148,490.09,0
39370.9,1.57294905,-0.8501554,-1.32741304,-1.42466778,-0.45227285,0.30367201,0.86186862,0.26474736,-1.02115131,0.36390106,-0.05354751,0.31618651,-0.8872855,1.07108952,-0.57115415,0.76131127,-0.54203487,0.40928792,0.76497634,1.70199179,-1.03603265,-0.69524011,-0.85150862,1.47543065,0.91177879,0.72709378,-0.50207479,-1.53986508,82.31,0
39416.6,0.53743469,0.39211312,0.8290181,0.29508991,-1.19941816,1.06808093,-0.93556023,-0.89963622,0.63380691,0.78557538,0.58366705,-0.88919714,-0.66765395,-0.12184225,1.92952195,-1.76105461,-0.79741851,0.32561804,0.55388788,0.54858251,1.26789809,0.05632397,-0.77072188,-0.32644544,-0.73895908,1.74559797,-0.4314666,-0.020008,176.7,0
39661.7,-1.3132497,0.37550434,-0.95935133,0.54480891,-0.33450607,0.08318125,0.86195477,0.36267623,-0.25732668,-1.39105159,-0.39730502,-0.29109122,0.73516005,-0.77082375,2.56098569,0.55342507,-0.57026415,-0.72044143,-1.29889489,0.44522764,0.67632941,0.60186243,-1.56272286,1.35399965,0.06234279,-0.86293026,0.34657091,0.34395333,20.82,0
39669.5,0.6251722,0.24842294,-0.58894831,-0.2649463,-0.02026343,0.7928688,0.44707073,-0.11246253,-0.96984206,0.64030236,1.2044693,-0.10418046,0.02371099,-1.81499135,2.30263143,-0.24525329,-0.42604382,2.06171661,-1.06152169,-0.01695474,0.25288118,0.66519306,-0.69681229,-0.14823606,1.15786715,-1.66330407,2.19037095,0.94547203,26.46,0
39682.8,0.92328597,-1.71522458,-1.88636821,1.31626619,0.44290251,-1.13223816,0.28596498,-0.49102715,-0.23463969,-0.54063395,-1.05586158,0.19459458,-0.95666925,0.40329313,-0.72673635,2.32285433,-0.5973916,1.08490486,-1.04661363,-1.4189352,-0.66979565,-1.33289271,-0.4700105,0.65560998,-1.6531263,1.25368484,0.16098102,-0.13312985,45.2,0
39821.8,-1.38308582,-0.29062219,-0.61134092,0.27889728,-0.25737036,0.96818757,-0.20513636,1.03527869,-1.25410933,-3.26646977,0.95936247,-0.28581468,-0.25100604,0.11450592,0.3889727,1.93392986,0.75448929,0.87213158,0.56993218,-1.16827591,-0.47994951,0.07744833,-1.44707368,-0.97859009,-0.43205381,-1.62793951,-0.38627111,1.79815304,189.8,0
39836.9,1.09375479,0.52618173,-0.0234577,-0.91660554,-0.19156362,-1.3954574,1.01055618,0.09432699,-0.71841027,1.12180024,1.35278154,0.43058533,-0.55610604,-0.29444747,-0.57050564,0.00392598,-0.68272536,1.77748569,0.40136324,-0.37879029,-1.82684005,-0.16532277,-1.57443976,1.1825339,0.41074671,-0.47906176,-0.27954032,0.61636746,652.89,0
40091.4,1.01635789,-0.26029844,0.98350187,-1.17938626,0.28776769,0.30828734,-1.25382673,1.21088129,-0.43823833,-1.74189883,-1.36437459,-0.99009655,1.18480995,-0.46099236,-0.47041998,-2.12423573,0.51575745,-1.04164649,-1.06141337,0.16045633,-0.2498638,0.262534,-1.11800154,-0.00070993,1.56635489,0.81623954,-0.32865888,-0.25983615,262.74,0
40105.6,0.85812698,0.4143545,2.15026611,-0.72133421,1.15012467,0.80286217,-1.22279103,0.56606756,0.6116631,-0.6091168,-2.46108124,0.74564797,-1.29624676,-0.17242488,-1.7746189,0.59339561,-1.83589301,-0.58744352,-0.56458438,-0.0069488,-1.48307666,0.4594019,0.48368168,-0.36310639,-0.28440124,-2.75301734,1.60523086,-0.22675736,249.75,0
40169.4,-1.1279248,-0.33368838,-1.09400487,-0.78869063,0.94879689,-0.14701102,-0.94946169,0.0961359,0.2733522,1.44825418,-1.06659395,0.17931003,0.83677431,-1.69383752,1.4310563,0.35217789,0.94047942,-1.1749297,0.21779367,-1.1118688,-2.63542107,0.14437511,1.16947035,0.13077976,1.40928499,1.41250129,-2.48000598,-0.32630924,287.06,0
40479.7,-0.38974386,0.01698468,0.31168228,-0.98120375,0.18780895,-0.78504546,-1.70059317,0.75211439,-0.17646927,1.12798103,0.27116207,-0.54826677,0.29444817,-0.18517081,1.4104069,-1.00170767,1.43533752,-1.22799525,-1.40730453,-1.90867677,-1.96187569,-0.26558508,1.24006205,-1.55694522,-0.75752206,-1.75487368,-1.15936015,-0.38407051,491.89,0
40533.1,0.14352458,0.7932393,0.40660348,-1.26298592,-1.19623915,-1.13899572,-1.12247335,0.46617532,-0.16428109,-1.13203345,1.35484627,0.59480768,0.11174721,2.33561451,0.2024429,-0.33716478,-0.05508557,-0.07123563,0.03138665,-1.86850249,-1.44952314,-0.15025622,0.03372806,1.56261793,-0.45671347,0.50984702,0.48952481,1.07069651,128.71,0
40642.7,-0.14752583,1.53713232,-2.79090434,-0.13061287,-0.76092762,0.57323711,-0.05203631,-0.04261512,-0.06175481,-1.41307755,1.2262469,0.84525265,-1.15534616,1.43349826,0.57242998,0.42569652,0.46741169,-1.48533065,1.26188745,2.19915187,1.91852804,-0.50034918,0.9431199,0.23286675,0.21821938,0.09113096,1.59438025,1.16566427,27.6,0
40745.2,0.46574876,-0.89177476,0.40455042,1.53939693,2.00645265,1.0680905,1.46135584,0.52360747,1.05381285,1.94503947,-0.05425386,-1.58774418,-0.17031186,0.18598047,-0.82392889,-1.19785671,-0.49298348,-1.23000817,0.91266275,1.70467698,0.67538012,-1.39458956,0.20707447,-0.85828312,0.27973893,-0.8231406,0.9828491,0.70232416,7.85,0
40836.7,-0.86705795,0.08739098,0.61812246,-0.91449402,-0.50382627,0.76304818,-1.41487391,-0.83849273,1.45236127,-2.7975807,0.00224003,0.91154834,-0.03125614,0.15624253,-0.83379764,-0.23824392,1.21140521,0.81934272,0.22796487,0.75161583,-0.76836889,0.61825871,-1.82474043,-2.96011406,-0.78787258,-1.49433583,1.28415148,0.33479062,34.95,0
41012.4,1.61069371,-1.45818423,0.49304516,0.60109912,-1.36280418,0.75133732,0.97249812,-1.4648303,-2.48524096,0.53715244,1.52380963,0.38654018,1.3913798,-1.24985692,0.66290052,1.2517949,-0.52727525,-0.15316078,0.31626898,0.17433207,0.32222561,-1.17925875,-1.1575973,-1.11598812,0.00068493,-0.9336808,0.96055851,-1.15048783,62.62,0
41294.4,-0.00793281,1.42791731,-1.1270031,1.7361859,-0.59991916,1.42089347,1.61882699,1.4557657,0.25671953,1.30490247,-0.55597615,0.32726759,1.47260812,1.60209952,1.08545424,-0.50159003,-0.95536185,0.97730842,0.47849802,0.21560144,1.35838342,-0.45276118,-1.1703351,0.55380514,1.19311378,-1.739937,-1.57790216,-0.60239938,324.18,0
41308.6,-0.00204335,0.91716052,-1.92398578,0.37854602,0.30717464,0.53050295,-0.57313273,0.92576536,0.12554362,-0.8838576,-0.00981597,-0.86868014,-0.12680839,0.55291111,0.61481849,0.56923083,0.82062525,-0.44634922,0.66934808,-0.94135136,0.58038017,-0.02042644,1.10130439,0.65974494,-0.19753758,0.98545705,0.48552182,-1.13106464,49.14,0
41547.0,-0.07777516,0.70591395,1.87428278,-0.16850755,0.69804572,-0.88201833,-1.23712402,0.56308931,1.44417879,0.31736979,-0.94510446,-0.011658,0.48893261,-0.8138344,0.07977603,1.47832122,0.6266359,-0.96406052,0.20554407,-0.24036314,1.77117873,-0.18440481,0.04307361,0.18861397,0.42166347,-0.26045318,-0.47114671,0.89019409,156.78,0
41578.4,-0.01340487,1.60746633,0.39432826,-0.07392074,-0.01359495,1.22793147,-0.84112044,-0.83916457,-1.86801282,-0.42364998,-0.51043714,-1.74742211,0.48516837,-2.50760008,-1.26413386,0.06069622,-0.5491447,0.23828525,-0.06647343,-1.59077907,-1.25236276,-0.17811573,-0.68414528,-1.89292935,1.00947063,-0.88286296,0.4409857,-1.50476895,55.91,0
41889.0,-1.310723,1.29345532,-0.38462011,0.3064161,-1.23308373,-0.52306209,-1.45138154,-0.42789354,-2.35142517,-0.76564433,-1.52445822,0.37489427,-0.7686194,0.31298281,-0.64986664,-1.73084067,0.29026473,-0.98392282,-1.41653822,0.00620168,0.07347393,1.46436725,-0.38229803,-1.72231537,2.73428849,1.37086847,-1.00349297,0.13167599,473.95,0
41895.7,-2.29952221,0.32600566,-1.4039641,-0.50774695,0.41470069,0.19330459,-0.33002781,0.78285398,-0.18349215,0.40094636,-0.32064615,-0.15611956,-2.39846898,0.62606104,0.8830614,-0.7936763,-1.49304662,0.49837838,0.03377376,-0.17445077,0.43139462,-0.78012902,-0.81568732,-0.44960631,-0.71263018,1.16646852,1.16448391,-0.36651073,115.02,0
41916.1,-0.01385778,0.17187286,-1.22527216,0.08812065,1.9223268,0.28716647,-0.85528722,0.43272974,0.09372129,-0.001303,0.29373458,-0.10773585,1.56633646,-0.84664585,0.40047968,-0.30224363,-1.63878144,-1.60180329,-0.54551939,1.02605847,-0.20703562,0.65417927,-1.66660382,-0.45161117,-0.60816041,-0.16407299,-0.34701243,0.919095,206.29,0
41947.5,0.47798731,-0.91310156,-0.68596296,-0.00034523,0.46045073,-0.99905477,-0.49613629,-1.36318255,-0.68244187,-1.82963264,1.68556684,0.08813282,0.42364567,-0.37467946,0.49385851,-0.60913843,-1.48930193,2.15729174,-2.32045027,0.06796015,1.95036281,0.10612919,-0.53893603,1.79154781,0.53171335,-1.08301923,0.86021287,-0.76444515,217.42,0
42183.2,1.02581889,0.43475864,0.52338222,1.87714602,-0.17420865,-1.4984678,0.29196501,0.59467547,0.21038597,2.29857599,-0.72568486,-0.05272636,-0.9605531,-1.10792904,-1.2111835,1.06022169,1.49522448,1.06871726,0.55811781,1.28046947,0.2439645,0.34307928,1.583437,-1.32438076,-0.06138853,0.16085541,0.68435528,1.39194032,193.16,0
42223.6,1.43307985,0.05386363,-0.55118833,-0.23303857,-0.84728651,-0.6442729,0.03301005,0.64768633,0.62893569,-1.39574979,-0.90804901,-0.6925894,0.1203839,-0.52109832,-1.81931817,-0.79438939,-0.06941314,0.27686683,1.52976864,-1.65850373,-0.74335987,1.52562676,0.93440169,-2.14163618,0.88069898,-0.67634528,-0.99380738,-0.902146,146.1,0
42248.8,1.69043523,0.68900388,-0.81168516,1.2322191,-0.58108156,-0.60807818,-0.56198742,0.81722833,0.98166675,1.65275674,-0.13074947,0.66798136,0.80673652,0.3936247,3.62395845,-0.0973953,-0.93303791,1.58840955,0.29042129,-0.95614691,0.64509977,-1.99027968,0.26495776,-1.13959581,-0.06513717,0.35352934,-0.37773832,-1.78992658,0.39,0
42439.9,-0.5154627,0.75488194,-0.77631594,0.92099008,-1.00121835,-0.19122226,-0.67667329,-0.2827886,0.46864914,0.63888318,0.12224393,0.87247463,-0.50500407,-0.81058506,0.76239618,-1.57933165,-0.20724402,0.20639797,-0.31164771,-1.3655125,0.64521065,0.22333872,-1.66354202,1.0530279,-1.29556108,-0.49665668,0.04211688,-0.18029702,164.35,0
42477.4,0.07573433,-0.14009775,-0.79621281,1.95753614,0.59572765,0.54022362,1.68099618,0.19494374,-1.39808001,-1.07334736,-0.60062195,-0.17831618,0.07392286,-0.20831388,0.2501761,0.94971031,0.20275721,-1.69524934,-0.02075427,-0.28463406,-2.21392607,-0.19162791,-0.97136031,-0.2755218,1.33400548,-0.4472046,-0.07183913,-0.19331766,205.21,0
42554.5,0.34337722,0.16942941,-0.16179983,0.59634955,0.94234555,-0.77554877,0.61415596,-0.94761302,-2.37238808,-0.99089024,1.24586383,0.63081955,0.30546119,-0.48796953,-1.6088934,0.20437793,0.79126238,-1.26524623,1.24557301,-0.56783729,-0.43062615,-1.12897285,0.19773228,0.20242185,-0.82890454,-0.06251677,-2.12024706,0.582778,348.63,0
42626.2,1.24283058,-1.85521042,2.54370926,1.15295148,-0.53652745,-0.28977852,-0.54120835,-1.84684523,-0.09992132,-1.56739735,-0.8955425,-0.64740891,-0.50355735,1.00906774,-1.95961118,0.82157008,1.24591775,-0.93338773,-0.47394374,-0.38611991,0.11640525,0.90417023,-1.30775547,0.00893603,-0.7256177,-1.14462079,-1.84367291,-0.4077595,117.64,0
42730.2,-0.50222996,-1.57120602,1.37497173,-0.63505156,1.20951526,0.83266149,0.61931911,1.48174653,-0.4144622,-2.95423807,-1.54556012,0.63757699,-0.13553454,0.28992889,0.39660253,-1.19098712,-1.74378427,0.2907039,0.20670417,-0.21481152,0.49945016,0.812388,0.6086901,1.2290669,-1.18623207,0.5568351,-0.47733133,0.3103443,261.37,0
42817.1,1.60269799,1.35809252,-0.81442493,0.24609213,-0.44731839,1.46729778,0.43421046,-1.71306214,-0.27131729,-0.11469515,-0.61811412,-2.36167404,-0.35079625,-1.10299047,-2.12556762,0.11143104,-0.0865076,-1.20030844,0.17105619,1.81471648,2.84926816,-0.41325793,-0.47997606,-0.24686728,-0.73954998,-1.44047602,0.13837798,-0.01899704,135.08,0
42909.8,0.76992387,0.02115015,-1.24774177,1.33345656,-0.48271604,0.75948467,0.71904199,0.72876887,-0.29079028,-1.01741649,-1.15588933,0.00201615,-1.74616154,-0.43588772,-0.67066129,1.64497769,0.06094501,0.53919531,-2.46986235,1.56867366,-1.20109829,-0.6268786,-0.15024176,1.85636098,1.18103883,0.26684386,-0.64017721,-1.75326539,109.05,0
43026.6,0.55046383,-1.10755759,0.92396182,0.00812758,-0.75781388,-0.58903833,1.35450314,0.78103382,-1.52417698,-0.48757108,-1.15328001,0.74885042,-0.15520719,0.3063454,0.75010444,-1.70619779,0.49718956,2.54374868,1.18565977,2.3910823,-2.69936377,-0.64606363,0.30681146,-1.71429081,1.29845903,1.0261746,-1.07412796,0.98380344,330.79,0
43055.8,-0.61665766,0.100671,0.07669098,1.02406088,-0.80245152,1.05590406,1.11160045,0.85556398,0.75565347,0.85685981,0.23934632,0.97479258,-0.71538597,0.49685697,1.32032009,0.20616954,-0.93983661,-1.30775832,0.22724448,0.32818579,-0.40108374,0.01035592,0.29598984,-0.18730591,1.04839623,-0.77055873,2.16646859,0.81891226,363.84,0
43115.9,-0.80294955,0.8642189,-1.0372881,-0.37675507,1.41801886,0.63553525,0.1280958,-0.88534651,-0.41659739,1.91809341,-0.32672264,1.20590147,0.8424443,0.41106286,0.41249825,-1.28817516,-1.18981365,-0.03987394,1.76826196,-1.29388989,0.32660005,-0.21620016,0.96497321,0.91538673,-0.96478093,0.36999289,-0.67112061,-0.33847703,49.34,0
43198.4,-1.35738181,1.12840462,-0.13390391,-0.54261252,-0.20739766,0.10482171,1.3421836,0.175557,1.05719229,-1.88244797,-1.54467095,-0.65711468,1.03210551,-0.8663512,-0.76618032,-3.83548291,0.39388383,-0.03371572,-3.36182623,-0.27790183,-3.62200608,-0.00489719,0.57341736,-0.02778122,0.59823375,-0.69624977,1.54624096,0.45039355,292.69,0
43294.9,0.69650366,0.81571431,-1.29646348,-0.46838993,1.60691003,1.79654418,0.36976771,1.60957409,1.20818625,-0.13198859,-1.99629482,-0.06117099,-1.28218673,0.13637471,1.74619641,0.24870488,-0.78516613,-1.16933386,-1.96295309,-1.90602381,1.62676658,0.85595785,-0.13103836,-0.15296789,-0.05196984,-0.01173103,1.3921167,0.3901235,407.61,0
43312.1,-0.79983065,-1.20713436,1.00649523,0.71424322,1.29183311,-0.08075717,-0.03776368,0.21583784,-0.35706446,-1.39362167,0.5034796,0.1292563,0.97739573,1.91265038,-1.16267778,0.72459643,-2.16336059,0.38674257,-0.67115356,-0.63268616,-1.46661137,0.30646883,0.10093428,0.58757231,-2.20709994,-2.86755438,-0.46322078,1.24563929,192.38,0
43326.1,0.21038638,0.00423922,1.49087735,0.06425282,-0.11624251,1.57622199,0.97442944,0.96683378,0.39943446,0.12309664,-0.72187931,-0.06021497,0.59083985,0.20336605,-0.62944258,-0.7430985,-0.12089684,-0.53294524,0.63643652,-0.00476347,0.31447592,1.12802415,0.68450203,-1.19610973,-0.34919392,0.69636729,0.58788981,2.15113859,30.93,0
43334.8,0.78539771,2.18900422,-1.3831354,-0.61541655,0.8570424,0.30058282,0.11854097,-0.46847216,1.83351777,-0.29573041,0.49512715,1.77046299,0.7791278,-0.28409818,0.5473761,-0.46500656,1.44505066,0.90729651,-0.42250433,-2.68490794,-0.82263787,0.06825775,1.43953114,-0.55304225,2.29011578,1.59021424,-1.0228908,1.29869501,226.94,0
43569.3,0.07660005,0.10073125,2.12634152,-1.03190342,-0.03474775,-1.30828815,-1.45735903,-0.32062778,-0.6680142,1.14165316,1.69741508,2.72623787,1.76928492,-0.5461995,0.01766253,-0.57658347,-0.87655997,0.73341243,0.96103432,-0.46069087,1.15554759,-0.18248232,2.08869275,2.43572522,-1.73155465,-0.52451869,0.00639395,1.82468308,95.49,0
43575.0,0.42044963,-0.17954207,0.48732552,-0.81627281,0.50102702,0.97715302,0.53551538,-1.26020051,-0.54013195,0.08957434,0.88969549,-0.19620749,0.32334004,-1.42979621,-0.22618399,0.47383184,0.63128773,1.23324769,1.43990971,-1.1255001,-1.09378217,-1.77459486,0.45307607,1.04071356,-1.43672582,1.47665865,-0.57202281,-1.16670212,56.52,0
43608.3,0.62907284,0.58210955,-0.34848882,-0.97916816,1.54181439,-0.34799359,2.02261915,-0.4513908,-0.18671183,-0.85289343,-0.11240229,0.68012392,-0.81988587,2.13031668,1.50879919,0.10163692,0.22070672,-0.56049683,0.47085461,-0.40250552,-0.15160382,0.00878155,-0.19555509,-1.49906045,-0.58385722,0.14883097,0.96016037,-0.86270444,130.18,0
43719.6,-0.82413703,1.87449641,0.29725081,-1.90144445,0.67901631,0.76189734,1.79382118,2.00587736,0.30829285,-0.19461829,-0.38085841,-0.81322442,0.4107735,-0.1105288,-0.8625851,-0.39447577,-0.68473698,-1.61756776,-1.74584415,1.23503334,-2.31414709,-0.37156434,0.82489752,0.39359812,1.53698981,0.95531225,0.95832227,1.81335079,92.43,0
43920.2,-1.37368753,0.69619983,-0.37285338,-0.08556986,-0.35613635,-3.25867054,-0.2146061,-0.61796787,-1.01612074,1.05328234,0.58422353,-1.23131713,-0.50533887,0.27911016,1.06510461,-0.05057118,1.34241677,0.22049204,0.45593539,0.24149559,0.97156243,0.80364489,1.30874632,0.57573592,-0.58641169,0.68381552,-0.29344808,1.99419088,93.34,0
43940.2,0.47310868,-0.0596117,0.13137323,0.10828988,-0.00804913,0.15898228,-0.96023602,0.26183694,-0.70068821,-1.37690225,0.04875112,1.25366918,-1.0768202,-0.33765611,0.85787962,1.26324379,0.45739953,-1.09758065,-0.02068392,-0.58673139,0.44573609,0.14499822,-0.78385917,-1.26122615,-0.97307553,0.28129249,0.98471599,-0.55726978,262.42,0
44000.4,0.44583099,0.75727707,-1.92074522,-0.06883248,0.45040159,1.40845261,-2.21824623,0.3857845,0.38035852,0.23517555,0.42873725,-0.96353183,-1.77078014,-0.04164848,-1.31132552,0.21044604,0.08598465,0.02186143,0.65772654,-0.10566186,-1.59485289,0.01133895,-0.50791598,-1.29254499,-0.59920748,1.04477426,1.19630369,-0.82586728,567.64,0
44305.1,-1.61321436,-0.96283359,0.57684254,-0.42489871,-0.89472069,0.12871004,1.26327099,0.93881908,-2.40935391,1.33849222,0.60074729,0.3153947,-0.28782845,-0.8416567,0.86561177,-0.20243744,-0.16518842,1.02151064,0.40303816,0.53765942,-0.27607021,0.0824931,-0.1245183,-0.89733784,-0.09634684,-0.46920407,-1.37055399,0.51592844,122.1,0
44347.8,0.4249737,-1.19351465,0.09183604,1.04777012,-0.3714678,0.72137358,0.17435159,-0.17373579,-1.10036676,0.75857,0.61929536,-1.52058484,1.04484221,-1.9398033,1.83088593,0.40600974,-0.39170344,-1.03289839,-0.5727953,0.89658907,-1.42040734,-0.53674612,-1.43861393,-1.68822322,-0.84421228,1.18707064,-0.55091733,0.04471128,188.28,0
44434.4,0.24514572,-0.65192379,-0.3188048,0.30151899,0.24069736,1.67693785,1.6742885,0.08577159,-0.1118621,0.2358731,0.73234578,-1.18915887,0.92858958,-0.80521432,-0.02087375,0.95139657,-0.3219171,-0.52947307,-1.02649635,0.21701036,0.80531925,-0.17148568,0.95988686,-0.07106489,0.06926859,0.66115256,0.75088583,-0.2182212,335.53,0
44582.6,-0.3370601,0.01024246,0.32229841,1.61975846,-0.8725378,1.18509549,-0.20728627,-0.30364344,-0.6932601,0.33134355,0.30625492,1.25964764,-2.12895113,0.39054273,0.22270289,0.64708345,-0.58968959,-0.66754062,-1.08401205,-0.52799219,0.56666197,-1.68749744,-0.01323797,0.83654745,-0.19887732,0.63804887,-0.1102076,-0.11910443,572.24,0
44616.3,-0.33763624,0.72611576,-1.42919568,-0.82397472,-0.2958232,0.82595231,0.55237943,0.22094042,-1.34140456,1.71650807,0.09367505,-0.99311895,0.18755106,-0.47925698,-0.77091522,0.29670112,-0.08030094,-1.31716486,-0.80310442,-0.71063253,1.94111939,-0.982228,-0.53433103,-1.52244262,-1.61385986,2.84555542,0.58202633,-1.53521666,234.74,0
44692.5,-0.90533348,-1.01548812,0.35380828,-1.03512103,-0.78997629,0.81186513,-0.6303912,1.0649632,-1.15923595,1.31719926,1.2227907,-0.14874439,-1.11463066,1.00186309,0.53122476,0.73492166,1.22303364,-0.53677883,0.59177122,1.73243683,-0.15435837,-1.09090487,0.77594807,0.24429366,0.83769992,0.80216198,-1.40777027,1.5548714,13.81,0
44703.2,0.39532977,-0.87833129,-2.63112327,-0.29016624,1.31934972,0.02980322,0.03451111,0.27048317,0.20886704,-1.62636513,-0.48016415,-0.14790427,-0.66574818,-1.90841502,-0.48710188,0.56563172,0.50295909,1.24433289,1.56942053,-1.93764776,-0.03382505,-0.02007922,0.45088933,0.01607742,-0.13817753,-0.08815491,-0.2049845,-1.12943246,152.91,0
44711.8,0.1245524,0.96055902,-0.742189,-0.38294864,-1.39116494,0.01650679,2.07116757,-1.5466299,1.59575435,0.24041955,0.1412808,-0.33377988,-0.47922147,1.14211458,-0.13465171,1.05356039,0.97331622,-0.44001333,0.92460064,-0.20080276,-0.45090826,-0.5214415,-0.99458175,1.51373539,1.54267774,1.76199692,-0.45305764,0.58466948,5.15,0
44762.6,-0.07043529,1.50461178,0.58376418,-0.72874776,-0.2679029,-1.32804585,-0.23550818,0.32530983,-1.12244174,0.41358844,0.07256535,0.88496256,-1.28481862,1.34498537,-1.23796252,0.721985,0.39505124,-0.3908385,-0.81499096,1.56194746,-0.52127561,0.88160863,-0.65161763,-0.92072674,1.37544563,-0.23114724,0.16137877,0.25540045,587.03,0
44845.3,1.29433146,-1.10366894,-0.33441998,0.99626289,-1.53795471,-0.24515231,1.07133036,-0.88765932,1.37234094,-0.37332605,1.51059654,0.45706103,-1.69855384,1.22482371,1.27275643,-1.98605324,0.27617434,0.53451967,-1.03837801,0.41720082,0.83041529,0.69967013,-1.10108004,0.31162846,0.39481158,-0.14817255,0.39251977,-0.32787029,196.47,0
44883.0,0.59161111,-0.71027788,0.85857742,0.55116002,-0.33438497,-0.53188023,-0.69717638,-0.8575716,-0.42430422,1.06610975,-0.72752779,0.20294321,0.301096,-1.99739761,0.21940601,-0.58952372,1.21142659,-0.79448494,-0.77157232,-0.69732115,0.51912954,1.011786,1.6486081,0.55304215,-1.38957333,-0.6641709,-0.60761502,-1.13941113,209.91,0
44894.2,1.64651795,-0.60604835,1.06212335,0.99857247,0.28021185,-0.42396506,1.02530505,-0.21304111,0.68306624,-0.25211153,-0.4355529,-0.29682869,0.08394169,-0.71332077,-0.16309659,-0.48323212,0.66381724,0.99536261,1.99864061,0.43975908,-2.20504453,-0.533363,0.62601654,1.61060352,-0.48472994,-0.96291642,-0.22638854,0.64422555,103.7,0
45047.0,-0.05116381,-0.51315616,1.22301213,0.49276071,-0.16317643,1.78888444,1.37809258,-1.05955765,-0.09258547,-0.2856071,0.70479323,0.96245725,0.42855766,0.21751797,-1.47482889,1.80369873,0.56053523,-0.37749071,-0.66180878,0.7195842,-0.45588676,-1.74486317,3.40198808,-2.53783702,0.12360906,0.11124065,-0.16785334,0.41155647,134.27,0
45048.2,0.13785353,0.55961684,0.62730237,1.69394081,-0.02738575,-0.10187719,0.48247336,0.27839886,0.74759866,1.25319243,-1.205706,-1.71049217,-0.34529585,-0.81690683,0.46153803,0.6629965,-1.58523051,0.61563446,-0.14122422,0.25287299,1.46255038,-0.98290864,0.13247367,-1.62409619,0.47987366,-1.0107001,1.5696334,1.7311914,125.83,0
45146.9,2.10288695,0.04757668,-0.40893266,0.58453073,0.64565801,2.12365973,-1.06156634,-0.03393744,0.53966541,1.38290409,0.09308104,-0.0977848,1.30965247,-0.13332033,0.07734113,-2.45662481,-0.29365278,0.35365347,0.55929758,-1.0433212,-0.32871075,-1.41985766,0.47287256,0.31010277,-0.06514103,-0.95359038,-0.6083286,-0.09442713,440.12,0
45185.1,-0.3171558,0.75503718,-0.7914851,0.67582235,-1.02285271,-1.36898813,-0.81628265,-0.68573874,-0.5373067,-0.83634123,-1.57060718,-1.66364111,-0.90782621,0.78626526,-0.02475257,-0.09456743,0.36189377,-1.48907322,0.14518742,0.51323591,-0.96217775,-0.84880133,0.51520875,-1.50723666,1.73534497,-0.57350129,0.0232427,-0.04236558,76.31,0
45204.1,-0.74814476,-0.40566564,0.80454741,0.5169196,0.01072921,0.24455115,0.30438679,-1.12969021,-1.02236624,-2.51615084,-0.33773323,-0.13347516,0.43954477,2.351049,1.27146359,1.97790914,-0.51260954,0.03953133,1.26958703,-1.56597457,-0.20183541,1.27742732,0.19246956,1.3057641,1.84576841,0.16482366,0.23153213,-0.45915056,465.97,0
45295.4,1.10419119,-1.34280425,-0.87737961,0.11938284,0.01249173,-0.52983375,0.66106027,2.56263667,0.31834938,1.49884017,1.41503014,2.0205614,1.042952,-0.57642099,-1.11020474,-1.25514759,-0.89346439,3.30369259,-1.73066247,2.50890652,0.81150436,-1.00559485,-0.30123107,-1.44794113,-0.78411581,-1.82228166,1.09301166,2.27210044,113.19,0
45403.0,-1.81289818,1.36930757,1.84281764,0.95952283,-1.26448434,0.43864733,-1.36108717,1.02770536,-0.28284924,0.15127683,-1.33605279,-0.30240672,-3.39544555,0.29215179,-0.87774959,-0.03109045,1.01719347,-0.86642337,-1.60706718,-2.78339688,1.74540117,-0.77970995,-0.9314317,0.46830334,-0.92521042,-1.04867916,-0.22686775,0.41248464,309.02,0
45439.7,-0.38540565,-0.22060867,0.64753442,-1.28603315,-0.84510856,-0.43834014,0.14896921,-0.7832008,2.63568952,-0.57549908,-0.75054049,2.03418867,0.06268067,-0.59743447,-0.43005835,-0.60013804,-0.96447415,0.24456693,-0.38576157,-0.9696224,-0.25550314,1.26753863,-0.37894756,0.51423015,0.71640652,-1.55021334,-1.1921547,0.20686027,106.53,0
45750.1,-2.21332435,1.03804501,-1.15835014,-0.58252002,0.19380652,0.92728936,-0.28856007,-0.75861176,-0.28677219,-0.51118824,-0.03913697,0.99006689,0.68880934,0.24961224,1.66846112,2.34024233,-0.41212904,-1.09947691,-0.36870168,0.30684668,-1.694329,-0.39604603,0.95041875,0.79667637,-0.84043692,0.54186399,0.31587564,1.27935581,270.75,0
45784.0,-1.72247446,0.04551687,-0.56181368,0.56653696,-0.16979277,0.72009499,-0.25962846,1.15267205,-0.6722002,1.14841674,0.63029855,-0.88563914,-0.7407049,0.19169051,0.10829829,-0.20984379,0.01506999,-0.74075324,-0.80113881,0.66877283,-0.22242336,0.03477041,0.14819034,-0.15365427,0.69935921,-0.7776037,-0.52475038,0.67921873,69.07,0
45792.4,0.65073297,1.11037845,-0.91771684,0.23389276,1.01589712,1.4625598,1.17751046,0.61969277,0.20833741,-0.78653891,0.71504599,-0.26618047,-0.64309956,-0.56163184,0.08934757,-1.24214679,0.91017095,1.12614112,2.04342872,0.15526438,0.21783918,-1.44076745,-0.97329072,0.17993559,2.10769753,-0.46301246,0.27735262,-0.59646977,16.4,0
45947.5,-1.31982689,-0.80627731,0.83851883,-0.01474677,-0.43462646,-1.32120417,0.09700978,0.85849427,0.40515194,0.0742568,0.6156379,-0.57699414,0.71446666,0.11121293,0.6745058,0.24798723,0.73044376,0.72741376,-1.02623934,-1.08009042,-0.86961606,1.86237422,0.297608,0.04185252,-2.27109475,0.30582343,0.54405369,0.33178847,38.04,0
46063.3,0.93599045,1.67875576,-0.0972742,0.23211472,1.28149106,-1.62405537,0.8756742,0.08419642,0.10215299,0.93269326,-0.69970321,-0.96320902,0.46248565,0.49354417,-0.13887671,1.59753366,-0.86441878,-1.50746811,1.25439031,0.21838663,0.6251738,1.31139031,0.34604209,3.10612528,2.15774074,0.82246015,-0.16156606,-1.22681866,246.15,0
46101.9,-1.3757664,0.11129548,-0.46519461,1.37349389,-1.42328639,0.31740517,1.81418834,-0.8269603,0.21064868,0.20200164,-0.68970219,0.64789362,0.09705028,-0.9437675,1.7620161,0.791615,-0.16710695,-0.63667477,-0.78436262,1.23094097,-0.14647823,0.4594382,-0.1844567,0.61640947,-0.11597913,0.76385387,-0.18321091,0.8295873,256.1,0
46200.0,-0.45761042,1.11518906,-0.22917796,0.49981408,0.88016684,0.84367908,-0.84588336,0.23180437,0.19564063,0.8654488,0.30392869,-0.10059919,1.42799165,-0.40809969,0.63798327,-0.31026675,1.35937182,-0.77358548,1.0771961,-1.79832778,-2.05107128,-0.24819825,1.07367681,-0.11450162,0.48848468,-0.30290739,-0.91558049,-0.78697684,451.59,0
46446.6,-0.36455017,-0.17025375,0.87088681,-0.804836,-0.4090751,0.82599748,0.44970886,0.71856595,2.24342364,-0.40378619,0.82584214,0.20768922,-0.8701053,-1.56860039,-1.63932374,-0.35770525,-1.10137967,-1.07524244,-0.25777881,-0.43177325,2.57568006,1.30718909,0.55953846,0.9706613,-0.18053775,1.74517964,-1.49389197,-0.79607714,183.89,0
46480.1,-1.17756944,1.33258397,0.41127114,-1.43388496,0.46156307,-0.74844552,0.46988741,1.00352207,-0.40398609,-0.07466348,1.34211455,1.11212988,0.0304614,-1.3949682,0.25564969,-0.81194805,-0.05694045,0.94862361,-0.43583823,-0.34030413,-0.71974728,0.55520037,0.59713769,-1.21499266,-1.12514235,0.33826474,0.09327245,1.08305726,38.16,0
46505.2,0.12337027,-1.5821138,0.36953222,1.10513182,0.05692338,-0.42386692,2.19470023,0.08637242,-1.68350995,-1.40972448,-0.63272863,-2.09607073,0.72742079,-0.55210325,0.03465752,0.85610459,-0.15157931,-1.49476037,-1.69410375,-1.3168142,-2.29033847,1.28476475,0.03865575,1.02976834,0.18691498,-1.60057192,2.70322033,0.21584087,132.6,0
46512.6,0.4284895,-0.71416436,0.02799267,0.74578431,0.10487834,-0.94219142,-1.59719352,0.45510447,0.55583215,0.49262572,-0.22223281,-2.04815109,-0.60219847,0.71066072,-2.21708472,-0.07864812,-0.77813202,-1.11953412,-0.98876905,0.32837375,-1.69761136,-0.79028256,0.8767172,0.87982136,0.16927481,-1.00923303,-0.46976757,-0.27684591,74.73,0
46769.4,0.66169,-0.0169903,-0.35284449,-0.20934501,0.22012137,1.11055428,-1.11671084,1.44654455,-0.68290151,-0.7949581,0.44473042,-0.09382922,-0.05995106,0.84589783,-0.4797999,1.19565646,-0.38110142,-0.79586043,-1.33723203,-0.71522369,0.16847454,0.51309417,-0.79764047,-0.28311996,1.1106713,0.66249381,-0.86969944,-0.90674874,275.33,0
46869.5,1.42983665,-1.87490365,0.67635934,-0.86781788,1.00753115,1.00968568,-0.22219015,0.08725149,0.19781655,-0.20504276,-1.45859852,1.44574456,-0.56782027,0.52946978,0.291359,0.28966026,0.21893606,0.91208296,-0.87073017,0.99207227,0.16586233,0.03922858,-0.41509599,-0.04540602,0.57915894,-1.1719505,-1.72057897,-0.27477166,263.52,0
46891.8,0.61152648,1.57859741,1.00364197,-1.0676191,-1.65996036,-0.31446395,-0.60117677,0.44689499,-0.49208266,-0.13374136,0.08444335,1.27820399,-0.53551348,-0.0913486,0.43268876,-0.49899285,0.21491866,0.14107365,0.43464124,-1.24986704,1.74400885,-0.52161999,2.16041513,0.20648949,0.5924863,-2.08411486,0.399353,-1.12568181,46.4,0
46971.0,-0.96358661,1.27703525,-0.0940878,-0.66195551,1.39799685,-0.7636523,-0.67165192,-0.82221022,0.51225195,-0.83606149,-1.29665623,-0.63830592,0.59456994,0.64542346,0.09926151,2.68772375,-0.20749195,0.05558889,-0.82103355,0.39527652,0.9032984,0.48172239,1.37516615,-0.63392135,-1.17076489,-0.24914776,0.37116464,0.40146633,611.75,0
46988.9,0.33782664,0.93905534,0.39850433,0.71536711,-0.56486288,-0.72915256,-1.74800256,0.51442171,1.32184863,0.95969169,0.72554628,0.17616595,0.84376901,-0.50353703,1.07499696,0.4567978,1.32293051,2.25332797,0.17053643,-0.86990705,-0.08951354,-0.09591077,0.47312362,0.59123503,-0.92143213,-0.03366838,0.43606189,0.24700678,57.58,0
47263.3,-0.72378565,-0.3045048,1.26928439,-1.46296864,-0.98114036,-1.15023298,-0.89783421,-1.48691088,1.16208506,-0.5035955,0.18710294,-0.62667524,0.46438099,0.446582,-0.7998544,1.36350735,-2.17432109,-0.42302876,0.5028909,1.73656843,0.77430312,-0.11733543,-0.15529014,0.04551062,0.39188435,-0.03341211,-0.41861653,0.18269448,324.25,0
47267.6,-0.47682541,-0.25409611,1.54460538,-0.57089184,0.17236182,1.72832994,1.80687876,1.4319745,1.41258111,-0.90747148,-0.31117555,-0.6366074,1.46432439,-1.33875697,-0.43617098,-0.60835865,-0.7979547,-0.88048036,1.68565311,0.79641626,0.17557328,-1.18793505,-0.51954133,0.25186362,-0.22699036,-0.10859568,-0.52060265,0.34519192,124.62,0
47280.8,0.44085988,-0.8614,0.72300937,-0.59177425,-0.93710393,1.33760555,1.15023693,-1.37126332,-1.21734387,0.35792092,1.29768186,0.56764425,-0.26979667,-1.28579005,-0.92786644,-0.63590522,0.27834757,0.30031046,0.37846159,-0.1787309,-0.30675395,-0.41621314,0.17716236,-0.69477509,0.60678838,0.97145765,0.67919563,-0.15621322,285.88,0
47348.4,1.95362958,-0.42836452,-0.62682241,-1.49949671,1.56018174,0.50859604,0.86650076,-0.5298975,1.45720058,0.14520281,1.45263649,-0.01337348,-0.04466473,-0.52795452,0.07748692,0.2249841,1.49269647,1.53971292,0.08994684,1.21903843,-2.71765136,-0.47029242,0.2497114,0.88712164,0.42310092,-0.05605317,-0.46149764,-0.7997657,563.49,0
47361.0,0.76786705,1.88480477,-0.09365028,0.91166898,0.66983322,0.18894411,2.03003688,0.56561943,-0.89239461,-0.59112327,-0.27486453,-2.68659891,0.57199147,-0.48122835,0.72967766,-0.91816676,0.33540469,-1.12618655,-0.64651301,-0.54103751,-1.49501601,0.26535813,-0.6552338,0.46424076,-0.84915103,-1.6382499,1.38980276,1.57062813,173.2,0
47405.2,0.06279941,0.99691783,0.31394866,0.00154739,0.69800224,0.05365072,0.24355787,0.01503388,-0.90756924,-1.13480353,-0.25004327,-0.33953722,1.50504099,-0.44059859,-1.18830225,-1.03861736,-1.01348906,0.03741855,0.90260625,-0.21383418,-1.90488288,-0.55318916,0.02473801,0.52528979,-0.71429858,-1.48315175,-0.39813463,-0.49562771,202.82,0
47457.7,-1.6847248,0.33749028,0.6324459,-2.44046322,-1.88205587,-0.55040441,0.78623917,2.35704053,0.15059312,1.16542365,1.33026574,-0.99019288,-0.24915495,0.35175457,-1.01092359,-1.36243443,-0.23639404,-1.10916493,3.02576985,-0.16414434,-0.60172204,-0.21557124,-2.36957452,-0.25642566,0.33506227,1.52465851,-0.62152551,-1.80589377,252.36,0
47531.0,-0.71549704,0.26599324,-0.11498853,0.2454981,-0.49250131,-0.58423061,0.11466569,-0.73433534,-1.35405388,0.04123301,1.60581354,0.0561225,-0.71426371,-1.49892452,-0.66602154,-0.55907458,0.20143727,1.38361528,-0.11623111,0.20298531,-1.71125627,0.66603998,-0.37207602,1.97354061,2.56721115,0.53228544,-0.95696883,-0.15142762,75.04,0
47608.6,0.54498971,0.37603707,1.12555506,0.77129069,1.46713544,0.04214748,-0.0684308,-0.1382432,0.91900096,-0.70435652,1.08781597,-0.42789738,-1.2195072,-0.4838096,0.11452883,1.36238106,0.87135338,0.52608438,1.22965113,1.66686177,-0.36417787,0.168797,-0.6797767,-0.2902882,0.2920094,-0.12113722,-0.74296332,0.74776486,217.89,0
47877.5,0.83803844,1.45937228,-0.3051732,-2.2628361,-3.11128012,0.20458932,0.59225745,-2.00456261,0.9572262,0.69632551,0.16958403,1.29836494,1.54400449,0.00090136,1.53408425,-0.6678114,-0.56205123,-0.20749955,-0.19580406,-2.80311774,-1.33554559,-0.64601682,0.65658354,1.73907246,0.03010887,0.30266971,0.80441681,1.69264621,155.53,0
47978.7,-0.39112424,0.04772492,1.91352557,-1.49836406,0.69838093,1.30089179,1.45937267,-0.9628334,-1.78715645,-1.16185103,-1.75989505,-0.155567,-0.71969732,1.38002043,1.49616279,1.06992105,0.00521583,0.26104821,0.12922628,0.49357811,0.71503847,-0.91189767,-0.37689511,0.53489955,-1.3845517,-0.95159348,0.52293344,0.61301144,60.95,0
48058.7,-0.72732973,2.14175139,-1.12164645,-1.45367575,0.80173077,-1.03109962,0.28641309,0.23537207,0.30426314,-0.51312543,0.40077269,1.56300265,1.61594376,-1.19685734,0.562656,0.08130661,-1.53771061,-0.81032576,-0.16858467,-1.31894321,-0.12766939,0.17985351,-0.3713,1.07805006,-0.92646559,-1.34056881,0.48360784,1.2884241,96.21,0
48341.4,-0.24769877,-0.56342017,-1.6195004,0.94343152,-1.5385967,-0.69807595,-0.46575546,-0.78041821,-0.95225778,1.43731046,0.6260367,0.22303767,0.61689861,-1.07218931,-0.80829679,-1.34478088,0.16238151,-0.94452151,-1.739198,-1.76988678,-0.02058575,0.82711594,1.61734768,1.12713354,1.17126569,0.29436864,0.45599389,-0.69121972,206.01,0
48361.2,-1.07245815,0.66864551,0.04278859,-0.55478587,-1.25743104,-0.30449653,-1.45312667,-2.39022452,-1.76469217,0.70045565,0.13757418,-0.59186034,0.70430947,-0.55839554,-1.37229307,0.52222226,0.41921907,-0.40305385,-1.59025884,1.07332868,1.08887634,0.85601654,-0.2612614,-0.43370046,0.13602939,-0.21146781,-0.22908043,0.60552591,322.43,0
48644.9,-0.77896149,0.0249391,0.31811521,-1.72265794,-0.83414309,0.53871722,0.77778533,-0.75042666,0.36701093,-0.71100659,-1.1524448,0.0710087,0.2170324,0.39638888,0.73004501,1.6771148,0.94874975,-0.36084868,0.93968882,-1.46751753,0.10069243,1.05347844,0.67916194,0.82824082,1.91003938,-0.7407424,0.79477717,-0.09333763,366.67,0
48780.4,0.46945051,0.49980077,-0.73696238,-0.11952651,-0.04141991,0.39289158,1.22677462,-0.4639499,1.31691787,-1.30422195,0.3007771,-1.71960871,0.07177702,0.72225428,2.02296925,0.0493567,-0.74831484,1.02649597,0.04115724,0.09833786,0.9170178,1.09275014,-1.73212906,0.05154999,-0.01639571,-1.06956998,-1.6238997,-0.06684619,27.93,0
48799.0,0.65477847,-0.41779536,0.81301156,0.56810712,0.34233625,0.43500621,-0.96739755,0.24736382,0.35166182,-2.31235171,-0.49194769,0.61631854,-0.71623469,0.12007671,0.05872596,-0.39790666,-0.69267364,1.76346004,1.93860479,-0.35731543,0.42088483,-0.11452819,0.01356052,-1.01883213,0.7211938,-0.7699709,-0.91438823,-0.30578756,593.88,0
48831.0,0.64863263,1.93701573,1.87942666,-0.59980904,-0.00027861,-0.08003493,1.16499627,0.52391365,0.16129808,0.6052211,-0.68031839,0.38432015,-0.96699266,0.90475383,-0.7461646,-0.87603594,-0.34780134,-0.52544555,-0.22490568,0.6907031,-0.30133401,1.11202851,0.28890893,-0.95518769,-0.71395308,0.89544179,0.40116522,0.27831858,395.25,0
48946.4,1.21256151,0.0124988,0.38426527,-0.68875947,-0.59398939,-0.49516767,0.1830389,-1.47501383,0.27431485,0.26158975,0.20536107,-0.56218176,0.2799546,-1.1032874,-0.76121189,0.79904013,-1.32862897,-0.64452203,-0.57775912,0.64959483,-1.44009263,-0.58898221,-1.08537084,1.65610457,-0.2763798,-0.51935135,0.11370862,0.86401138,430.24,0
49004.6,0.57006945,-0.53798492,0.93977625,-1.51250125,-0.63938849,0.37967206,0.83787046,-0.60724365,0.57431271,0.05621899,-1.29768999,1.30741709,0.57661158,-1.22467503,-1.28863339,2.17615248,0.74335386,-0.03351519,0.64517917,-0.10846939,-1.15631292,-1.47981974,0.4162742,-1.24560109,0.98090905,1.02981723,0.61152513,-0.08759892,336.67,0
49013.7,-2.63363718,0.64187844,-0.3560967,0.52635794,-1.18450055,1.71140971,-1.68317161,0.70503592,1.33681455,-0.0943345,0.16565818,0.6035724,1.06751063,-0.01281735,-0.27300853,-1.6509891,-0.3013593,-1.28398508,-0.26915633,0.58084163,-0.43903966,-0.15978343,-1.68860104,-0.5643263,-0.64892638,-0.04610742,-0.47930133,0.44263295,15.85,0
49018.7,-0.8633752,-0.70527664,0.75411273,-1.25797832,0.16346519,-0.40412629,1.03846696,0.81385093,0.14367363,0.46942034,-1.3454863,0.29341497,1.54973472,0.39806682,-0.84530919,0.40979805,-1.64081649,-1.70674239,1.03692856,-0.4060247,1.81400376,0.76986576,0.33348353,-0.56698706,0.35574369,0.62711584,0.59701653,0.76532214,731.64,0
49025.5,-0.42538743,-1.72898984,0.42830272,-0.61503732,0.15919285,-1.71888916,-0.77763235,0.18308661,1.71581711,1.06201008,-0.39735243,0.8831151,1.48754115,-1.45175873,0.50054902,0.59400394,0.07697018,-1.49038355,-0.31591805,0.72668431,-0.09433707,-0.39203809,1.28957072,0.50548923,-0.75648267,-1.22360812,1.08558294,0.88266521,134.61,0
49060.5,1.05746343,0.69766711,-1.66709873,-0.22483506,0.12741474,0.20084977,0.3867382,-1.28291852,0.09382079,1.72250836,-0.4332365,-2.91392534,0.27030312,0.22488126,-0.98035962,1.00558073,-0.19087454,0.24776256,-0.3009,-0.41946417,-0.48500035,1.56041754,-2.73088103,0.82798849,1.02420527,-2.82324953,-1.94260433,-0.84930874,126.44,0
49103.2,-0.37163514,-0.37861524,0.12711725,-0.20448961,-1.0256258,-1.69870339,-0.51753805,1.01255728,1.23185837,-0.19525362,-0.15228672,1.07416217,1.51842568,-0.29418365,0.59712338,1.20995143,-0.96617618,-1.04253952,-1.12046657,-0.47640432,-0.55072103,-0.66170409,-0.71412312,1.02060929,0.36395367,-1.01677418,-0.51582785,0.57931889,86.88,0
49358.8,-0.42708027,0.29830506,-1.58343331,0.53678995,-0.07668551,0.25172341,2.54886461,-0.65598443,-0.9135799,1.06851871,-0.62245089,0.79843737,0.40979082,-0.40096512,1.57706059,0.56820109,-0.92244138,0.10134829,-0.49139261,-0.47642559,1.61303683,0.46093678,1.30108346,1.91587325,-1.17507639,-1.30061508,-2.36862984,-0.93957796,202.33,0
49541.7,-0.06442915,1.32094025,1.38570273,-1.30394873,-0.8437055,-1.75380013,1.94630329,-0.33991139,-1.88287117,1.50673179,0.6634904,-1.01545424,-1.49735835,0.32695093,1.44638575,-0.43101238,-0.29770194,-0.3998967,-1.1012068,0.44954412,0.0484541,0.49302102,-0.09763168,-0.16728953,1.03674045,-0.56264717,0.68874913,-0.57308891,247.07,0
49638.2,-1.14116188,0.87088838,-0.16975096,-0.25946697,-0.42292348,-0.85499333,0.19260368,1.16846784,1.01119754,-0.48282056,-1.65484463,-1.79796336,0.18434441,-1.02818304,0.07004444,0.07876226,0.82546909,-2.09794039,-0.09876994,0.07254253,-0.3466961,0.10633726,-0.77152175,-0.41077103,0.90795608,-0.94224565,0.35976045,0.67363138,15.39,0
49757.5,-1.33148223,-0.52783331,0.01934982,0.83876585,-1.06276398,0.81526956,-0.02455721,-0.45981021,-0.93396038,-0.47145318,0.30536248,-0.19468233,0.75443907,-1.61157742,-1.46976226,-1.03693443,1.10927195,-0.13909294,0.03742839,0.59182863,0.65622686,-0.53395539,-1.42725374,-0.35850096,-1.52858965,-0.06709469,-0.76650722,0.28747296,137.03,0
49834.7,-0.35242536,1.15402494,-0.22412825,-0.44166686,-1.02997022,1.53003766,2.11226601,-1.05267514,-1.03685625,-0.27273485,0.7782678,0.05455677,-0.16868325,0.78886842,0.20759034,-0.27569482,-0.18251844,-0.36449216,0.99625115,-0.01915084,-0.03028333,-0.00836323,0.92852975,-0.41072169,1.93634915,-0.86827186,-1.4750549,0.23829545,175.7,0
49860.6,-0.98133704,0.72681525,-0.933615,0.02651135,0.14085484,1.39871085,-0.85260776,-1.46859818,-1.07671537,0.3415977,-0.80253017,0.07557854,0.5595747,-0.26022801,0.2831114,-0.94201062,0.14149681,0.44704537,-1.18211077,-0.63251835,0.53587368,-0.17314352,-0.72957289,-1.15763168,-2.03687119,0.47267016,-0.55341322,-0.42138046,53.81,0
50036.2,1.29318069,-1.73168563,0.51375042,0.35713151,-1.18643542,-1.73174449,-0.27715232,-1.09853876,0.85122542,0.59819483,-0.6208213,0.40242053,-0.0750894,-0.03925175,0.49970661,-0.37149126,0.40579657,-0.01960441,-0.44153507,1.07064977,1.1767328,-0.69812112,0.08975805,0.1032278,-0.40951486,0.12183709,1.23163121,-1.6348376,247.82,0
50119.3,0.08930937,1.02651435,0.19217792,-0.17530502,0.58032436,-0.42484057,0.01001014,0.78812669,-1.06237326,0.54294024,0.24207601,0.97516527,-0.91037796,-1.16776438,1.0083361,0.14191234,-0.63562914,-1.99210887,1.69257524,1.59429947,0.26000569,0.58106229,-1.66917574,1.0546978,1.21669376,-0.7590693,0.22536897,-1.36185279,124.25,0
50178.9,-0.19031655,0.48293831,-0.1139263,-0.42329763,1.19919685,0.78867952,-2.79232479,0.17300579,-0.89945676,0.15731808,1.98705139,1.39406273,-0.8515829,-1.00658318,-0.18290657,0.34077526,1.39853894,-0.3872595,-0.33929567,0.76956058,0.57761145,-0.06903357,-0.17796812,0.52189693,-1.06945642,1.31751317,-0.05640467,0.75888011,169.87,0
50231.2,-0.88676642,-2.01380402,0.83628754,-0.56163733,0.07953191,1.50010439,1.5536374,0.66194968,-1.02112008,-0.08816165,0.30006206,0.2693358,0.14051642,0.82037941,0.65836716,1.21897416,0.82265336,-0.69478446,-0.3188625,-0.01261171,0.41286165,-0.49174967,-0.01064453,-0.33182271,-0.53451254,0.41283625,0.90987837,1.77238541,343.66,0
50319.3,0.98158522,-0.46879646,0.12721133,1.16466809,-0.00346926,1.09693001,-1.62506427,0.08034621,-1.49948748,-0.58425525,1.44941105,-0.03471603,-1.14734543,0.91679237,0.44286201,-0.79631901,-0.87976505,-0.055,-0.02504559,-0.12243589,-0.59731325,0.00919335,0.71334491,1.24151007,0.74025961,-0.08454722,-0.19661834,-1.2456692,26.97,0
50634.2,0.20518542,-0.51139094,-1.02448374,-0.46247122,-1.08780893,-0.72042306,0.68265185,-0.77231366,0.52241309,0.56696346,1.64122469,-0.45953656,-1.38993868,0.84074738,1.71731157,-0.44857399,-0.54952351,-0.05079729,-1.7837198,0.29246063,0.15517111,-0.38527638,1.31061435,-0.93103506,0.69722126,0.33196564,0.89354424,0.26205966,230.13,0
50871.3,1.02952679,0.29183104,-2.06919504,-1.60665236,-0.74965018,1.53962619,-1.93831891,0.3700551,-0.30402852,0.96419662,-1.53663836,0.29373406,1.71661952,0.17417677,-1.04568653,-2.34114199,-0.99421153,1.31348957,0.47076574,1.26441124,0.18368786,0.80372075,1.18265222,-1.00256607,0.27642873,1.11347684,-0.90236143,0.32087228,242.82,0
50938.5,-0.61720266,0.62914388,0.22574333,-0.858578,-0.62022387,-0.24543897,0.25808168,1.15390497,0.29465215,-0.3730242,0.03825055,0.88659675,-1.58542389,0.20349768,-2.61516161,0.50105297,1.40684111,0.41832785,-0.83383304,-2.02386749,-0.80811861,0.06594411,-0.75970197,-0.60242913,1.14821378,0.85020334,-0.156468,0.94754404,195.58,0
50976.3,1.31585888,-0.36466521,-0.87421141,-0.84856446,-0.23372293,0.39244417,-1.26068822,0.74328478,1.42356458,1.01607535,-1.0015513,0.48503048,1.69868109,0.30772974,-0.55652971,-0.703972,-0.93732463,0.03157,1.15049185,-0.1684084,1.28498053,-0.54706636,-0.13100683,-0.59996993,-0.47135288,1.79114426,-0.38251907,0.08048495,85.95,0
51014.3,-0.7696537,-1.24581658,-0.43716563,1.39735803,-0.7189825,0.72866981,0.43141575,0.05055947,2.24108159,-1.12361628,-0.73061803,0.19480439,0.90022514,1.99844989,-0.92247091,-0.43320583,0.63212751,-1.42711813,0.00045463,0.972382,0.00272024,-0.03913458,0.72633445,-0.40952416,-0.37873874,0.37668528,0.14258589,-1.52319992,313.95,0
51098.8,-1.02412535,-1.23382726,0.87291917,-0.8040286,-0.28156294,-0.10047742,-2.18832721,0.80918622,0.04021011,-2.21583874,-0.39091253,-0.33402596,-1.03454843,0.34883024,1.20445365,0.34667123,-1.41107683,-0.6777059,-1.97823925,0.2006047,-0.9982408,0.27544782,0.80116081,0.87820955,0.20774985,-0.25578313,-1.62145738,2.18127463,640.25,0
51317.4,0.00521043,-1.17477976,1.47519621,-0.82850007,-0.59330297,0.29022285,-1.21583418,0.37946404,-0.46308372,-1.80219378,-0.60491812,0.84537322,-0.31150101,1.14966533,-2.11220067,-0.59065611,1.07133921,-0.03270523,-1.85155,-1.07246496,-0.52050402,1.04979143,-0.14919071,-0.86813105,-1.84560593,-0.74062602,0.30542435,-0.11857382,306.06,0
51378.3,1.12753124,0.76576485,0.84368722,-0.02326717,-0.62820668,-1.61988779,-1.74709069,1.01406913,-0.00988712,-0.81600156,-0.66450756,0.39471639,0.53351434,-0.67472478,0.23880881,-2.38583838,-0.54768658,2.068731,-0.575911,0.39284437,-1.308185,0.6687043,-0.18407997,-0.97136548,0.04613112,-1.92485459,-0.32935333,0.02714826,137.24,0
51422.5,1.43064009,0.6601599,1.07036985,1.40152794,-0.43455732,-0.11654718,0.66467104,0.34139087,-0.50694348,-0.16281834,0.1474608,0.27860299,0.00098869,-0.45935395,0.03310589,0.96946466,0.69587288,0.50926496,0.27028245,0.36664254,-1.22726752,-0.27770658,-0.47363498,0.56050429,1.23931739,0.24875281,0.53000842,1.53189319,362.53,0
51431.1,-0.94048013,-0.57395932,-0.67164847,-1.22646334,-0.24671894,2.59705692,0.44468352,-0.46559277,0.65763551,1.52199833,-1.60836804,-1.23231816,0.97059962,0.76595696,0.49779192,0.01829622,0.53769533,1.00383755,-0.72059842,-1.88215457,1.32601029,-0.2893747,-1.38343893,0.11568193,0.93329641,-0.15430739,-0.70534298,-1.35895208,79.73,0
51441.7,1.09301357,-0.00472035,-1.06942934,1.49996501,-2.96515013,1.19407731,0.11792805,-0.72591051,0.49564744,-1.23589161,-0.93086698,1.27060689,-0.40472803,-0.44631255,0.43619988,0.52214438,0.09349315,0.33711125,-0.4808892,0.65480526,-0.85825624,-0.21329814,-0.23530098,-0.7922984,-0.21488497,1.96415838,1.50187779,-0.13732151,617.94,0
51679.7,-0.09771985,0.59578605,-1.38354881,0.63914585,-1.44785761,-0.51111551,-1.17318692,0.70226389,-1.02564762,-0.69619879,0.15247904,-0.71070158,-1.72998945,-0.28724021,-0.05722496,0.35228369,0.17084954,-0.52128833,-2.18379416,1.29361226,0.08176024,0.26381379,1.05192235,1.70999281,-0.01475266,0.33795543,1.30886697,0.81870738,551.55,0
51704.9,0.65799418,-0.16950748,0.49564393,0.51831174,1.26201352,-0.03666708,0.17975301,1.62458139,-1.22470282,0.80164449,1.38480505,0.23636294,-1.12038414,0.14325238,0.92940036,1.93515882,1.09714506,-0.69516736,-1.52576513,-0.71652782,0.47852601,0.7864939,-0.86911581,-0.21846536,0.63878785,2.19886733,-0.42841922,1.32878685,260.84,0
51730.3,0.0905681,-1.22423768,-2.02304506,0.32918736,0.37005396,0.99299367,0.79079569,-0.19071558,1.34926096,-0.13636691,-0.66083639,-0.52057844,-0.58481164,-2.16573672,0.15632605,0.24988559,-0.36226581,-0.71384147,0.37180382,1.71687059,0.03825515,-0.50763361,-0.5914472,-0.06975644,-1.26476557,-0.12526069,0.06118226,1.84467869,323.87,0
51803.8,-1.83386185,-0.01156726,0.1236996,0.70537339,0.27675982,-0.52581866,0.81892053,-1.20580933,0.21882432,-0.73853505,-0.76057922,0.36141149,-0.35382278,-0.22088733,1.5481506,0.36658902,-0.28894031,-0.66410738,-0.41141212,-0.89955907,1.51593075,-0.93917778,-2.35150594,-1.09083598,-0.31933223,-1.63588933,-0.44192605,-0.57100762,400.61,0
52061.2,-0.68093682,0.17566103,-1.16233859,0.7441279,-0.47619602,0.09674026,-0.09500605,-0.12736743,0.62523163,-0.08177058,-2.14887365,0.38879764,0.75261127,0.25456181,0.00762758,1.37766862,0.75756587,-0.56706558,1.49178187,-1.30515838,2.00036203,-0.38382582,0.28510307,-0.84995434,-0.18761788,-0.4971567,2.4559083,0.88606842,19.37,0
52112.5,0.75242498,-0.37238569,-0.89781775,-0.02285554,-0.32252502,-2.11532123,-1.15512417,0.28647937,1.13820409,1.33024046,0.11657246,2.04998947,-0.40970332,2.48400071,-0.47978479,0.39457064,-0.24683307,0.56631725,-0.44894763,-0.58374101,-0.596397,-1.2047883,-0.90740332,-0.90701367,-0.29165947,0.61379625,0.45274866,-0.07151293,343.72,0
52340.5,0.6298977,-0.18920035,-0.94278002,-0.43854739,0.26332514,-0.50948552,-0.73424957,-0.22364421,0.02910379,-0.01694857,1.80995294,0.79987634,-0.11169102,1.14265164,1.02847771,0.45344261,2.2591775,-0.2681503,-0.4079431,0.01671557,-2.07454378,0.53812615,-2.07002869,-1.86696589,1.47488464,-2.01415778,-0.06492409,1.27720402,439.99,0
52516.5,-0.91958578,0.65309585,-0.25979356,-0.17806463,0.32242667,-0.7755974,0.72087589,-1.18180467,-0.37557874,0.4123892,-0.83883732,0.46759109,-0.47351372,-0.0122082,-0.78923604,0.26776763,0.79509039,-0.03887439,-0.71950767,0.86743422,-0.34483749,-1.01269252,-0.30829244,0.55605808,0.87646445,-1.06658259,0.03671597,-0.65590233,220.84,0
52583.6,0.9123916,0.78449602,0.2534282,-0.22983128,-0.41385649,-0.4312966,-0.23349355,-0.68126752,-0.56906621,-0.54416986,-0.95742084,0.79273551,0.10041778,0.84682127,-0.36592078,-0.92115662,0.94184371,1.43756799,-1.20528391,-0.06191225,0.24831694,0.4930968,-0.06178098,0.66211268,-1.10283403,0.6910733,0.9541195,-1.28592772,456.21,0
52590.4,-0.30325814,0.13606941,0.09485062,-1.88577997,-0.63597501,-0.80315269,1.43494149,-1.11886228,1.32875819,-0.94810864,-0.17384532,-0.40275285,-0.55616465,-1.55874655,1.39085483,1.12410134,1.20438637,0.96684029,0.91198281,1.24128538,-0.76413194,0.570983,1.45369697,0.3521005,-0.17801128,-0.87745577,-0.26439236,-0.46637202,658.78,0
52679.0,-0.10020934,0.81297278,0.53478472,0.4333645,0.02211517,0.02573835,0.7797555,0.85075433,1.34338608,-0.21556799,0.05077147,0.57466022,0.97252196,-0.42395846,-0.04999323,-1.69177583,0.4796847,0.92468432,-0.67314036,-0.71372525,1.49598046,-0.91760773,1.06503153,-0.97095956,0.0989688,1.55316145,-1.81302754,-0.63372929,396.85,0
52785.4,0.05285748,-0.11084929,1.21427364,1.33175507,-0.66613694,-0.32072334,-0.14245235,1.10482476,1.79287375,-1.0640863,-0.96480714,-0.59471897,0.1568638,-0.18659586,0.43600923,-0.95379818,-1.27633366,0.52781818,0.68586584,-0.59507447,0.99754311,0.06527967,-2.96071667,0.0300866,0.82880752,1.92873182,-0.5106766,0.62883801,271.34,0
52788.7,-0.9912208,-0.65061489,0.19590249,-0.35399691,3.22917227,-0.31622858,-1.27072338,-0.03265869,-0.56753351,0.32393272,-0.37308663,1.35068728,-1.79433189,-0.65351141,0.08072042,-1.19731075,0.74882696,2.21929439,-2.1631008,-2.23132504,0.7977018,-1.89805866,-0.10420692,0.80341519,-1.33322994,2.43443727,-0.96350304,0.06158117,458.34,0
52796.4,0.01577926,1.9762115,-0.02151617,0.80761327,-0.04090341,2.3922974,-0.82249745,0.6844885,-0.09748041,1.1130537,1.23453521,0.24054962,-0.40642836,1.57676855,-0.43412493,-0.14808292,-0.05914598,-0.44283901,-0.46326448,0.30548933,1.77311487,-0.63369756,0.04089515,0.07433974,0.30820594,0.32653243,-0.55185025,0.67858384,428.77,0
52825.4,0.65079795,-0.628411,-0.66636983,-0.71301508,2.00811783,-0.59589901,-0.07106859,0.95937565,-0.15512633,-0.89771853,0.13321915,-1.30928592,0.87661568,-0.7479703,1.98377282,0.96561166,-1.07401629,0.70117118,-1.18701399,-1.52895031,-0.73542559,0.33907343,2.2693325,-0.86071463,-1.14298152,0.79604658,0.7996666,1.67427127,391.95,0
52922.0,-0.6279802,0.13276157,1.80327175,0.24797912,-1.26117156,0.35401384,-0.92654862,0.40117129,0.38468786,-0.65898199,-0.63486774,0.64927239,-0.36666011,-0.76118687,2.01447981,-0.37424766,0.17774991,-2.14265279,-1.04439844,-0.04570668,0.3738894,-2.45308977,-0.19540367,0.14056674,-2.25414827,-0.17319264,1.96135044,-1.69452881,243.68,0
53265.6,0.2550647,1.27918274,-0.09135043,-0.06376268,-1.28269134,1.81085494,-0.39008916,-1.93688828,-0.49083485,-0.41948255,1.27922379,0.99249328,0.27629269,-1.4736415,-0.49285662,-1.24669185,2.53659956,0.83391229,0.58427064,-0.06650213,-0.59279024,-0.39421893,1.88484055,1.11214995,-0.89375407,-1.68914119,0.54335678,0.79113368,28.39,0
53413.5,-0.96316482,-1.35174491,-0.45514608,0.77560403,0.15994299,1.27607452,-0.18846313,-1.6274817,-0.68902071,0.83360907,0.24605641,0.12236371,-0.04535286,-0.505962,0.63850957,-0.5281172,0.39322934,0.01861745,-1.60830114,1.53650306,-0.25474481,0.83723478,0.5874746,-0.02477472,-0.46080052,0.20164052,-0.53368362,-0.83771575,39.75,0
53425.3,0.47104201,-0.62584207,1.33458033,0.47595198,-0.17012788,0.83482049,0.14013713,1.50374788,-0.30983939,1.59895498,1.56747756,0.10062327,-1.22312594,-0.29655096,-0.3061959,2.18478576,-0.08990212,0.21145433,0.62997518,-0.66810252,-0.64690239,0.97906452,1.42470171,0.71619678,1.42795111,-0.51755832,-0.38068386,-0.29261343,398.67,0
53449.1,2.87643993,-0.3435623,0.65774788,0.34516482,0.46713718,1.16868098,0.63726826,0.35261108,0.32173594,-0.53969016,0.17941314,1.53596801,0.7637706,-0.50183857,-1.21642405,-0.20929896,-1.04844582,1.03180872,1.00138302,1.18586162,-0.44742951,-2.00612337,-1.23231727,0.28314918,1.09626754,0.57035624,0.12311749,0.13287378,174.25,0
53548.5,1.19619593,0.13229809,0.61777194,-0.59218831,1.01684752,-0.29954238,-1.56715866,-0.9608714,0.2603723,0.05459627,-2.25145638,-1.33727842,0.16743898,0.41378,-1.42413403,0.37183885,-0.15313138,0.01818334,0.01452294,0.31424712,0.06240489,0.79866877,0.05635668,1.08526161,6.464e-05,-0.33939885,-2.52664033,0.78476513,225.39,0
53633.0,-0.0172602,0.79652247,0.53481832,-0.05330454,2.25568215,-0.20456214,-0.16235956,-0.17822378,1.12748802,1.4837892,0.420157,-0.02674275,1.4008519,1.83143312,-0.335779,1.49561839,-1.7359518,1.41422934,-0.02460231,-1.13051019,0.06898307,1.17793897,-1.17887439,0.09853312,-0.2611042,2.08512021,0.3819881,0.93288954,422.93,0
53651.8,0.85407924,-0.36609111,1.48536991,0.24063631,-1.39757413,-0.38645687,-0.06202496,0.13167982,2.16712116,0.02053968,-1.41775437,-0.5211029,-1.17936879,0.64386263,0.25696444,-0.73223314,-0.40671009,0.00115436,0.29009567,1.19658505,0.17325295,-1.24834508,-0.58822633,0.29152881,-1.05819443,0.94364602,-0.68538975,0.5767772,255.98,0
53664.1,-1.84150199,-0.18844463,0.63690084,1.28132426,-0.73999368,2.55670721,-0.40909969,1.85113902,0.86970917,-0.69153761,1.14985065,1.14891845,-0.23606934,0.33536007,-0.93082695,-1.04328225,-0.41315732,-0.25266498,-0.16683893,-0.99567208,-0.40109738,1.00906827,0.23946148,0.38149734,-3.32862089,-0.9079239,0.19388465,-0.22602235,153.48,0
53692.1,0.90515975,-0.1525655,-1.67457637,0.39464727,0.0323716,-1.06845091,0.18485016,0.87991501,-1.0958922,-0.02709928,-0.48330226,2.35307283,-0.29850599,0.42856927,0.3566649,1.51523479,-2.45036784,-0.03493059,1.02971237,1.30544287,1.8616336,-0.09200687,0.5111319,0.69515416,-0.0070712,-0.52390993,-0.38861315,0.80050504,343.12,0
53824.6,0.56979356,-0.29284503,0.75900346,-0.06046544,-0.73873423,0.78983853,1.45949664,0.24323568,-0.43254864,-0.55780651,-0.58926093,-2.08846753,-0.30071591,-0.87543166,-0.40396106,2.15125967,-0.47416192,-1.29498062,0.53509979,1.33122336,-0.47347772,0.12448806,1.75327149,-0.91923452,-1.72979389,-0.59608951,1.49659205,-1.32211859,168.7,0
53853.5,-2.33159243,0.99425228,0.02372539,-0.86314055,1.29816131,-1.14127022,0.51629598,0.68682402,-0.52872238,0.80050778,1.32716062,0.06745082,-0.14960366,-0.30930655,-1.89698554,-0.08477584,0.66089264,-0.81227785,0.22491829,0.62978476,1.4720707,-0.95378084,-0.80773941,1.24577498,-0.96332391,-2.66425695,-0.72637025,-0.5260832,477.76,0
53936.2,0.12575191,1.91089302,0.18595784,-1.26955788,1.07551468,0.65956675,-0.60380905,-1.46312791,0.15090688,0.7429031,0.23629933,0.69308695,-1.00909817,0.44641204,0.28254729,-2.65352721,0.95661447,-0.34912212,-0.72590634,2.27411878,-0.31576651,1.46193087,0.73155901,0.38173729,-1.42381581,1.61904195,1.27028094,0.77549605,37.48,0
54034.6,1.16064817,0.09671799,-1.17047604,-1.17027737,-0.10858276,-0.0778712,0.20207489,1.11710413,-0.40033736,0.68087571,-0.14463534,-0.19401191,0.25706805,-2.06772827,0.06635686,-0.63825747,-0.92983854,-1.88699142,-0.44289109,-1.87743607,0.87012316,-0.23930732,-1.68207178,-0.67352487,0.75495375,-0.59488347,-0.28121781,-0.36918321,55.93,0
54116.7,1.12362391,1.63688281,0.42578349,-1.04829188,-0.09463497,-0.01469927,-1.3686542,-0.06792766,0.06812938,1.72110399,-1.00601687,-1.39282498,-0.5407356,-0.44781645,0.36327197,-0.66952436,0.10507325,2.72005767,-1.22223066,0.56929977,-0.64523545,1.05715112,-1.04893631,1.3343406,0.22042535,-0.84862973,3.00385091,1.18000454,239.91,0
54165.9,0.6497172,-0.00368461,-0.25215343,-0.15393013,-0.67371454,0.89268108,-2.20152064,0.54113326,1.52573147,-2.20069575,-2.08604074,0.48526077,-0.52881448,0.16386225,0.00361836,-1.04309762,0.54154975,0.08395959,-1.2322192,2.76495207,-0.68105295,-0.74557354,1.76363694,0.15498247,-0.32422083,-0.52368877,-0.5318992,-0.35148767,294.16,0
54177.1,-0.04318306,-0.90956103,-0.66626111,1.13815125,0.05016551,-0.22340359,1.56009997,-0.46147141,1.54249466,0.33018484,-0.08792456,-2.06652939,-0.41879261,0.31659409,-2.21695831,0.32314969,-0.24936228,0.00371271,-0.82639392,-0.04795062,-1.85997087,-1.45247599,-0.70924154,-0.92705129,-0.48400134,0.47819615,-1.74059064,0.53263162,86.16,0
54209.8,-0.54090124,-0.36684826,1.35190633,-0.29401177,0.94394789,-0.48224846,-1.11869907,0.86922201,-0.88881059,0.31886574,1.27172872,0.74360361,-1.00956612,0.59701864,1.21082621,-0.48145713,-0.67209725,-1.99567178,0.42204344,0.15594428,0.66741946,-0.59576992,0.45245569,0.49812491,-0.66841128,1.08657436,0.29271096,-0.09503141,565.87,0
54213.0,0.35172881,-1.24306191,0.24288623,-0.2524644,0.56871641,0.87065181,0.85735086,-2.07144676,0.42662552,0.23085234,0.35173377,1.5551408,0.83796361,1.87446718,1.4262982,-0.30367726,-0.3016966,-0.71427495,-0.92535716,-1.03270251,0.79846771,0.16269136,1.11988838,-0.31879325,0.14673575,-1.55386843,0.6246895,-0.92513227,460.6,0
54229.8,0.82061499,0.91133572,0.51229956,1.30274951,-0.1376328,-1.1573421,-1.27398755,1.65337257,-1.20327087,0.50499735,0.0493767,-0.10676202,1.26730881,1.49179381,-0.70055242,0.18455558,0.18782651,-1.39066631,0.63930715,0.53184875,-0.03368425,1.50104131,-1.66258842,0.77123359,-0.52938572,-1.04309389,0.73488694,-0.11911626,34.29,0
54318.0,1.07139431,-0.29428069,-1.50788243,0.41844108,-0.25961598,-0.47909223,-0.39347654,1.29938518,0.09571008,-0.44040582,-0.88295911,-1.67970435,-0.76915145,-0.25755293,-1.03977098,-0.84435436,0.99459657,-0.3940389,0.24394679,0.49422745,0.84488564,-0.3160739,-0.93082949,-0.57149867,0.77453318,-1.91524717,0.67042747,-0.40556706,65.07,0
54335.6,0.21287681,0.90773379,-0.49297936,-0.34013494,-0.70275472,-0.31369132,0.03410707,0.38765416,1.20331681,-1.22551973,-0.40328436,0.61395079,-1.26496446,0.37980075,-0.85703568,-1.83404279,0.36464231,0.15999241,1.16599569,0.25343592,-0.48266993,-1.0098731,-0.21378736,-0.45956259,0.32591212,0.50048994,-0.49073695,-0.61580718,45.04,0
54462.1,0.2746151,-0.203114,-0.16826799,0.94677151,2.23692037,0.82205204,0.33683036,0.64143023,-1.49244562,-0.84162382,0.24668373,-0.55974859,0.78163602,0.14424151,1.54247964,-0.87468681,1.19333492,0.36028943,-2.33831744,0.62467154,0.5578879,-1.7334824,0.65195004,-2.13526093,1.09466123,0.11309881,0.31037406,0.51039409,148.63,0
54513.1,0.39898421,-1.66365169,0.22687336,0.01856706,1.29084122,-0.74853431,2.22611201,-0.4803516,-1.15247389,0.36850872,0.714403,-0.29232154,-1.57083918,0.61023304,0.09815158,0.85421575,-0.74775039,0.01810664,-1.06364086,0.75369755,0.60778625,-1.28570917,1.33366375,0.27560126,0.37716627,0.29117533,-2.37241025,-0.47003065,20.6,0
54613.7,1.76850631,-0.5670373,-0.16736603,0.79193283,-0.49016771,0.30057457,0.45115844,0.10036556,-1.30522185,1.18234114,0.56774429,1.25947806,-0.75761844,-0.71722119,-1.70614885,0.21108177,-2.91869618,0.84920977,-0.6214596,-1.78639025,0.04324046,0.61896548,0.36281919,-0.90670582,0.30381465,1.12372374,0.94705244,0.41075147,123.93,0
54815.2,-1.63297113,1.07556699,-0.36250793,-1.51786079,-2.41771899,0.39538408,-2.50674417,1.55767874,-0.74916703,-0.96387677,0.32406955,-1.16711478,0.08868917,-1.20278979,-1.45748917,0.63595631,-0.00941478,-0.40405644,0.20583466,1.29041161,-0.60970619,-0.56112668,-1.79963938,-2.09944643,-1.33969014,-0.80112462,1.45016636,0.62368657,49.13,0
54974.4,-0.14358356,1.49619093,0.73146776,-0.87740503,-0.18700815,-1.71059959,-1.51424724,0.54810274,-0.17307323,0.7362703,-0.57063191,0.04062592,-0.46710227,0.86510776,0.00996304,-0.24411415,0.12056273,-0.20421324,-1.71287878,-0.02621555,-1.64064473,0.15942562,-0.61479606,-0.08518934,0.07095751,-0.16441441,0.09195574,0.61899126,206.34,0
55025.9,1.76595304,-0.04437814,-1.42642906,0.87529146,-0.73964473,-0.50596819,-0.78566063,0.28163852,0.02116558,-0.88111972,1.64635531,-0.0112969,-1.45091737,-0.09977337,-1.25647675,1.23088819,0.20122916,-0.37852984,0.80236429,-0.65181913,0.22292017,-0.82699794,0.08115924,-0.71992425,0.87259278,0.72496064,0.98447698,1.36375676,575.81,0
55108.9,-0.8411141,0.31880896,1.71408844,0.08240212,-0.22769213,1.34244643,1.44505398,-1.22225989,1.30930696,1.24344803,-1.2296857,0.38898417,-0.50613315,-1.35494641,0.75898571,0.94728244,0.3356227,-0.68948511,1.18271838,0.04391466,0.32933388,-0.50989017,-1.41050323,0.34361645,0.54344437,0.3793419,0.74343664,1.74168962,14.28,0
55320.6,-1.95076946,1.19127879,1.4222328,0.53559085,0.25452563,-0.01215391,-2.43156774,-1.4904872,0.781854,-1.84206824,0.0226426,0.7723431,0.36539644,0.36832774,-0.57033906,0.47055772,-0.02802519,1.23121451,0.12535741,-2.2127249,1.54994316,1.00331043,0.35296209,0.18427987,-1.73427253,-0.6756754,-0.37959816,0.11285993,37.08,0
55322.4,0.95740217,-1.31174595,0.6515197,0.78989732,2.72754909,1.22437174,-0.10405659,0.33176578,-1.07147395,-1.83143786,0.19488249,-1.87988226,-0.91187576,0.12419778,1.21215851,-1.00753706,0.18575082,0.46970655,-0.70088298,-0.57021799,0.56951483,-0.85743838,0.0350718,2.19601161,-1.55020576,-1.43925921,-1.06622465,1.20700099,480.97,0
55322.6,0.44807951,-0.29782533,0.30711442,-1.49158874,1.24530748,1.31741888,0.40593711,-0.11155948,0.05314873,-0.98781602,0.14633577,-1.23784752,-1.57043468,0.67506757,-0.43625518,1.13417868,-0.29940742,2.3619,0.95678265,-0.94330068,-1.19153923,-1.29024503,-1.23895179,0.75320153,0.67951204,0.6789656,0.64483035,0.98033518,290.78,0
55339.6,0.0661118,0.45627305,0.87220123,-2.18409139,-0.17421423,-2.16904272,0.22504819,-1.24637675,-0.84281259,1.67036172,-0.23714469,0.52777176,0.60196787,-1.20386488,0.04987497,-0.15871477,1.80174029,-0.37905351,-0.04733133,-0.32912646,1.57238441,2.44288966,-1.74438073,-0.03171452,-2.25651645,-1.17855652,-1.55622752,-0.85516112,251.66,0
55365.8,0.42680068,0.84313729,-0.96406091,0.17559438,0.44174062,1.19783374,0.82451163,1.46874682,0.51191282,-1.58210071,-0.47371528,-1.02900963,-0.184873,-0.19769018,2.33467383,2.44985213,1.11472285,-0.02469029,0.17474153,0.87946954,-0.89183135,0.98363797,-0.38630485,1.10638499,-0.06921008,-0.46256879,-0.4466048,-1.92913953,89.27,0
55455.3,2.08015897,-1.21380992,-0.93963505,0.81925308,-0.45085424,2.15465345,0.42436825,-0.87165623,0.35384629,-1.02682763,2.0573695,0.58165715,0.42447395,1.12360219,0.57353925,-0.1935049,1.19608646,-0.33711867,0.36761379,0.01694407,-0.82716148,-1.51213462,0.69461338,-0.78837484,0.98672396,0.75478002,-0.80009935,-2.61495538,144.87,0
55600.6,-0.29709249,0.58141985,1.43293006,-0.65641855,-0.31799182,0.04774543,-0.29491927,-0.05199055,-1.56217873,0.37175482,-0.91519156,-0.95696157,-1.5881262,1.16100163,-0.1406091,1.14949198,0.27230168,-1.70336093,-1.08369643,0.75793197,-0.76568271,-1.09034405,-0.17937913,-0.17696716,-1.0118674,-0.32614526,-0.47849267,-2.58998964,213.67,0
55623.1,0.85178467,1.41615884,0.28716455,-0.63377052,1.72016322,-0.01267199,-0.8455897,1.19787216,0.15133271,-0.05093099,-0.25997671,-1.15577947,-0.95259869,1.17926947,1.22966179,0.09061501,0.72594596,1.44889727,0.36209462,1.16879344,-0.61644213,-0.73615994,-1.08158943,0.37956563,-1.85398446,-0.38307497,-0.24575183,0.27495789,383.47,0
55927.5,-4.23448446,-0.88751827,-1.00118196,-4.82949522,-1.46513003,1.70698652,1.6472282,-1.6063446,0.32399833,-5.03552157,-4.24740963,-4.43448147,0.1387485,-2.83434762,-3.29592613,-5.04866218,-7.86343481,0.88705147,0.66635806,0.26301838,-0.77850774,0.96734352,0.84176428,-0.36914559,0.13062206,-0.286046,-0.50277214,2.52355758,42.44,1
55938.4,-1.20462606,2.35622968,-0.20231246,-0.0735102,-1.63207389,-0.23181734,0.52200592,-0.54596726,0.14509451,0.32315689,-0.3698095,1.00318147,-0.19152307,-0.0851088,-0.01112774,-1.79993315,0.57785275,0.76892137,0.77588282,0.44451584,-0.08636725,0.54456981,2.72634523,-1.10206379,0.60427764,0.48987312,0.84156366,-1.42628044,591.4,0
56063.3,0.17058776,-1.17606089,0.28708591,-1.05472965,-0.78738005,0.299215,0.57666493,1.01232889,-0.47585224,0.77226041,-0.0859301,-1.4851911,-0.88027009,-0.23398826,-2.19645407,-1.36162778,0.25221068,-0.83658186,-0.32046811,-1.34138439,0.23030499,0.47217513,2.12094613,-0.5729963,1.79180263,-0.36948682,-0.80863783,0.39232874,408.02,0
56166.0,-0.22195976,-0.66712271,-0.41278348,-0.31898997,-0.93881106,-2.93410786,-1.2466995,0.05285678,1.81294123,1.10325611,0.73093004,0.66823277,-0.18078983,0.25531781,1.27117385,-0.20182372,-0.46741385,0.222688,-0.94534809,0.44160769,-0.70910219,0.5490886,0.94246433,1.75712668,-0.80420622,-0.27796771,1.3183116,-0.18990169,49.47,0
56271.1,-2.297922,-0.18201133,-0.60934546,0.49920725,-1.02564945,0.49667022,0.16008851,0.02948069,1.72937196,0.3149594,-0.61455877,0.82398049,0.8631106,0.62226352,1.72962417,-0.51266743,0.27894351,0.0030291,1.68414442,0.45947997,-0.6824833,-0.72951033,0.88514913,-0.57505789,-1.54199035,1.22041196,-0.07042697,0.6535462,397.91,0
56304.6,0.87976084,-1.86394846,-0.19212313,1.15933853,-0.19121624,3.17398953,-1.84946464,0.10954704,-0.90409744,-0.53627629,0.8495821,-0.22294336,0.01832917,0.90636861,-0.0771628,-2.21586275,0.96242198,0.80814494,0.96859455,0.50399516,-1.81246689,0.08342754,0.89222466,0.99913037,0.11100892,-1.16832946,0.77272939,0.55009368,364.3,0
56355.5,-0.65772608,1.1217477,0.1456483,1.61387396,-0.03229962,0.86843518,0.85234704,0.41281524,0.20489393,0.90109406,0.43354929,-0.28987631,-0.33891526,-0.21697896,-0.34193729,-0.06473882,1.70859211,1.17130653,-0.18795197,0.22723114,1.0941205,0.3211325,-0.05794534,1.83750362,0.70411064,-1.30877072,0.4809776,1.51119509,42.67,0
56428.4,0.76891095,-1.81283461,0.71863195,-0.60939393,1.56528195,0.8412439,1.556281,0.19578021,-1.00830556,0.86155908,2.44255367,0.89942876,1.28348062,-0.88838514,-0.50973521,2.50337127,-0.80755363,-1.9470327,-1.13852117,1.08757341,-0.33733016,-0.6076255,-1.90385474,1.27208781,0.58181599,0.31331768,0.12986307,0.33599374,160.57,0
56476.3,0.47493868,0.06883233,-0.97391839,0.02384835,-1.88841539,-0.00590024,0.41337234,1.23598078,0.15127728,0.92813982,-0.00053751,-1.02347635,-1.41137972,-0.96973438,-1.36614772,0.63370781,-0.20761469,0.57031489,0.07343143,1.04404954,1.06019279,-0.64533801,-0.27431596,-0.53282859,-1.62131208,0.67521715,1.18879479,-0.00642839,35.3,0
56656.9,1.68127693,2.62068608,-0.63547795,-1.32331857,0.89945689,0.08406674,2.34608571,-0.16428413,-0.39436466,-0.93949174,0.22796338,0.31518056,-1.36679662,-1.91395915,1.16680644,0.57391688,-0.47077038,0.89058399,-1.29366075,0.36067918,1.29570268,0.32777979,0.11177334,-0.78286054,-1.23979962,0.58377582,-0.30368287,1.22077605,234.03,0
56671.2,-2.32681977,0.8162573,0.19419125,-0.71690337,-1.31905263,-2.3304137,-0.76801802,0.90664756,-0.72245927,0.61713317,-0.55565757,-0.75177215,-0.91908172,-0.70444631,0.49961388,-0.89009516,-0.64800874,1.07578083,0.36539493,-1.296142,-1.36597742,1.31050079,2.52087082,0.0154609,-0.69871454,-1.1458286,0.71619489,-1.12818467,46.52,0
56837.4,-0.47279403,-0.53089428,0.0148186,-0.3449495,-0.54512364,-0.20074683,0.61745392,-0.15821366,-2.35881608,0.79869816,0.86580736,0.59964978,-0.77759596,1.09362137,0.05323662,1.72381589,-1.3642912,-0.86653137,0.11504609,2.60362451,0.49188526,0.95548193,-1.2361924,-1.35580532,-1.70195561,1.01631704,0.91353579,0.54412218,450.35,0
56860.2,0.98824582,-1.503938,-1.58745138,-0.69538616,0.21725106,1.08898923,-0.29643114,-0.11647943,0.09717936,1.09396781,-0.35702466,2.15853998,-2.6383768,-0.97928662,0.8405194,0.19920556,1.55590514,-1.69275964,-0.00893895,0.27256048,0.10302024,-2.09402653,1.21684479,-0.28527262,-0.93709001,1.1507458,-1.45813661,-0.68104619,353.82,0
56922.6,-0.43650188,1.30747631,0.35940492,-0.37515961,0.12862954,-1.68689754,1.20479097,0.82550895,-0.30054429,1.23775984,0.25396246,-0.78383679,0.3914007,-0.35040839,0.41052299,0.0955963,-1.27088147,-0.07947122,-0.16444187,-0.13646186,0.16074398,0.90466927,1.27126336,-0.14974476,-0.05538605,-0.21780673,1.1174317,-0.03239868,18.5,0
56935.9,1.66684736,0.18747045,1.00964187,-0.39627083,-0.55693725,0.135809,0.53212057,-0.90504223,0.99589224,-0.04242079,-0.76082361,0.27394879,-0.78989104,1.82204241,-0.58063472,-1.65909344,0.42674581,-0.07091888,-0.12220338,0.24079804,-1.73339715,-0.32186018,-0.35030468,0.71382157,0.75638478,0.34099098,-0.28643891,0.24038236,438.36,0
56960.0,-0.65604319,-2.12994123,-0.58667482,-0.60886392,-0.2505248,0.87088406,-0.76697303,-1.91666357,-0.62328834,-0.20483659,0.49504137,-0.44434796,-0.06613363,2.79797675,1.35605443,-0.08431371,0.50007988,0.07169641,-0.06430766,1.36549175,-0.23148116,0.18832869,-0.80435002,-0.6240857,-0.34699174,0.62427054,-0.60339836,-1.45238378,104.91,0
57125.0,-1.17718293,-0.62301979,-1.05258573,-0.93849479,-1.65142339,-1.28027118,-0.8099998,0.6001478,-1.62869514,0.05427636,1.83606002,-0.7293163,0.32175179,0.78606692,-0.31156849,3.03587043,-0.52471263,1.26956461,0.42388301,0.24624129,-0.73158275,0.57109047,-1.13722512,0.39328465,-0.58272288,1.07528927,-0.30379692,0.26021539,181.51,0
57280.9,-2.08471068,0.34854198,1.5880925,0.25205101,-0.09976878,2.35581646,0.29803552,0.80549693,0.60494828,-0.58170699,0.05535648,-0.22974842,0.68553541,0.10579567,-0.7463294,-0.07225786,0.50866678,0.30989623,-1.42617897,1.11544115,1.20581365,-0.05279737,0.41796249,1.43094257,0.71657789,0.08055467,-1.03300409,1.87524174,131.55,0
57308.3,-0.90829889,0.46840681,0.18071884,-1.85421265,0.47457658,-0.96520789,-1.16353823,-0.99432625,0.37169525,0.39316112,1.28464387,1.02206086,-0.13725295,2.25944365,0.46464436,-0.23992642,0.20558896,-1.34240968,0.33403087,0.93185285,-1.76271429,1.17589183,1.6094098,-0.19223558,-0.01363748,-0.56212344,-1.015407,-1.56909756,45.75,0
57412.8,1.93216986,-1.71671341,-0.0403218,1.11310203,-1.77144439,-0.11193463,0.1221625,-1.02051002,-1.54881858,-0.48507201,1.40434294,0.06379964,0.48198593,-1.57263472,2.2102214,-2.26122034,-0.41600057,-1.43322567,0.18458274,0.36702019,-1.37151717,0.31244706,0.23236432,1.13788078,0.08408766,-0.50011509,-0.03760588,-0.52330421,238.25,0
57516.0,0.20785116,2.17569807,2.36685326,-0.04849585,1.32190668,-0.27626799,-0.00337167,-0.30520285,-0.03194552,1.3900891,-0.32461676,0.94798501,-1.80735309,1.90292668,-1.22685049,-0.48182877,-0.07649511,1.18130698,1.85740824,-0.86937404,0.59040217,0.64410847,-0.54294233,-0.10507092,0.223135,0.20135735,1.40682325,1.45852588,298.8,0
57517.5,0.61267039,2.96588008,-0.16702913,-0.66318908,-0.37237235,0.95557822,-0.73343852,0.56827002,0.09813205,-0.49563291,2.70901093,-0.1891228,0.81377516,-0.8311062,-0.63670334,0.22114555,-0.90057677,1.53301107,1.41850275,1.01942129,-0.12105668,0.17784234,-0.510858,1.52060827,1.66718528,0.24151742,-0.26438322,1.04527374,11.88,0
57541.8,-0.68504385,-1.40211059,-0.05585407,1.65854125,0.49849821,0.07298775,-0.85090411,0.53417639,-0.31260873,0.02686207,-2.17473321,-0.39219984,-0.18020647,-0.01391106,-0.23576186,0.09816479,-1.78871197,-0.04734396,0.29041563,-1.12705089,-1.26468431,-0.64254292,-0.12604832,-1.28465615,1.71893994,-0.2808122,-1.7546734,-0.35490315,148.94,0
57555.8,0.03893158,-2.03596624,-0.09218079,0.02682447,-1.0637861,0.01803151,0.17721786,0.65693063,1.21506559,-0.34733265,1.09546883,0.8374555,-2.24093595,0.50599896,1.9067265,-0.30730398,1.4647511,-0.42595249,0.50825986,-0.63126736,-0.51119707,1.32038649,0.66505457,0.86908076,0.1515025,-0.51957111,1.10904436,-0.59813788,86.31,0
57755.2,0.78210059,-0.33077035,2.05938981,-2.51464053,2.15988944,-0.50890498,-0.55318583,1.73863689,0.61305493,-1.17160458,0.28744592,0.44334712,-0.9704249,-0.71714519,-1.4748838,-0.43265284,0.63759852,1.30809368,2.50586441,-0.77142733,1.38785486,-0.82155518,0.20464043,2.26103483,-1.61658945,0.70870537,-2.05058981,0.25883433,79.93,0
57764.8,-0.00122908,0.47772328,0.06671415,0.91050085,0.84876072,0.30216049,0.65605283,-2.30614588,0.22395215,-1.37212736,0.12396652,-1.39576205,-0.37193235,-0.20124075,0.24172691,0.09691543,-0.7511848,1.78869346,0.47936795,0.20754195,0.94354656,-0.52556643,-0.44581793,1.33012632,1.37783393,0.6043821,-0.77870982,-0.30412148,5.5,0
57828.7,1.39231303,2.07547967,-0.51854356,-1.28325406,-3.59821528,-1.24548694,-0.3392806,0.23356413,-0.82403045,0.72303452,-0.69254897,-0.77441922,0.52244499,0.14665975,0.42008132,0.32911384,1.91003869,0.11845479,-0.59059945,-0.885976,-0.27491763,-1.39512361,-0.34179839,-0.6020322,0.7531536,1.06970927,1.14955938,1.02990992,260.03,0
57860.3,0.93358992,-0.50907213,-0.29099666,0.62395369,1.38672657,-1.4641569,1.45262759,0.31935671,-0.77939228,0.67053865,0.19472358,1.11646642,-1.37904602,0.34774027,-0.81262347,1.62431723,-0.28030598,-0.18352307,0.31245605,-0.11959339,-0.67291027,2.4255458,-1.01737392,0.41968252,-2.23919924,-0.04614273,1.26170327,-0.62666083,106.68,0
57957.3,-0.13505399,-0.4825963,-0.09547686,-0.95904592,-1.26608263,-0.35824391,-0.34497033,-0.08596516,-1.11242086,0.77303077,0.55058983,0.20198846,0.13795884,1.98151292,-0.03128937,-0.29258434,0.72486595,-1.71398419,0.34601205,0.05702368,-0.18973139,-0.03647161,1.46533664,1.78434025,2.12792172,-1.60625621,-1.29959384,-0.17638305,188.91,0
57996.4,-0.19668625,-0.40359592,1.46516768,-0.32689278,0.50054644,1.74753473,-0.24224257,-1.93292368,2.60412878,0.07532578,-0.81015052,0.41915686,-1.52385938,-0.08036894,1.02520335,-1.12691462,-0.31581782,0.17336143,1.095162,-0.53312846,-0.52401303,-1.00568078,1.10097899,-0.42185442,1.13745871,-0.09808196,1.08334597,-1.97196862,307.04,0
58056.1,1.84941127,0.62963264,0.82152662,0.2508351,0.91055252,0.6001391,-0.39764616,1.05723282,0.13146699,-1.42070911,-0.34253211,0.43241716,-1.13610106,0.46340882,-0.06781165,-1.62197251,1.34496553,1.14338478,-0.91111984,0.22635921,-0.56247155,1.72079315,-0.60158275,-0.28806732,-0.52713751,2.08650606,0.26115571,0.86188052,220.25,0
58119.7,2.22920897,-0.27445699,0.30513729,-0.68650908,-0.23471427,0.44936275,0.24503956,0.11406901,0.01143981,1.32629816,1.52082602,1.08070344,1.16920104,0.59819169,0.96842981,-0.88746189,-1.21905908,-0.49568789,0.79748497,0.62096261,-2.23442785,2.40210016,-0.3449076,-2.16387094,0.81993743,-1.00439241,0.55217781,-0.09749869,256.18,0
58169.9,-0.77558792,0.64224435,1.82497296,0.09930618,0.24596658,-0.17450573,0.33005439,-0.36159634,1.27004198,0.39696646,1.47540793,1.28043525,1.05566669,0.40641045,-0.21082143,-0.96394858,-0.66981503,-0.82133876,1.24823314,1.79461224,-0.25740183,-0.91437055,0.4380987,-0.83910582,1.07503411,0.84581473,-0.31789806,0.35961724,105.41,0
58210.7,-1.18021068,-0.19861229,1.25856198,2.07054131,0.15716285,-0.30121645,0.79065525,0.66024768,-0.00649555,-1.01466648,-0.15256262,-0.25559159,0.56831685,-1.24757184,0.58979905,-0.23192492,0.32078167,-0.30642772,-1.02625383,-0.89968789,1.78262444,-1.10060439,0.85234534,-1.02672055,1.12523475,-1.49613084,-0.4806639,0.053899,140.4,0
58310.7,-0.70250564,-0.52873172,1.77223907,-0.60503587,-0.1665349,-0.11698563,0.14718321,-0.6424924,1.26819213,-0.77502799,-0.53227184,1.59514029,0.37356249,0.00361553,0.41900725,1.33477389,0.90188068,-0.7127457,-0.78746219,-0.41298484,2.64008647,-0.27980408,-0.69383277,0.86776661,-1.68807756,-0.13219663,-1.21051467,-0.38551627,113.77,0
58335.6,-0.05716709,-0.57201122,-0.5674294,-0.65460106,0.30902392,-0.95727471,-0.88002134,-0.13312489,1.26132979,0.3096986,-0.48284104,-0.82352356,-0.28896986,0.34062347,1.77785984,0.30639932,-0.60022916,-1.85112844,-1.65898671,1.38022028,0.89030943,0.78578474,-0.10593367,-0.44682881,0.03867955,0.39862527,-0.58353945,-0.5824455,125.87,0
58345.8,-0.13290393,0.86197374,0.47284726,-0.50184284,0.25632444,-2.10381866,1.67485928,-0.48869944,2.18625754,-0.5052238,-0.59627656,-0.0729694,0.0065853,-1.05757637,-2.11068539,-0.57971346,-1.10696385,-0.34286341,-1.02292652,0.77935898,-0.37092172,-0.42022697,0.01102106,0.18482037,-0.03725999,0.73169606,-0.0318969,0.95099215,10.06,0
58398.1,1.06425068,-0.70558288,-0.76827944,-0.38358556,0.62653803,1.69449079,0.54925218,0.43341186,2.76884928,0.91181388,-0.25908891,-0.12357028,0.69638408,0.70678983,0.52155714,-1.55670484,-0.04275805,1.24923152,0.21935659,0.44302906,0.33034157,-0.6778794,0.65944396,0.72006624,0.47314287,-1.43497998,-0.17684,-0.10707127,323.8,0
58500.7,-0.51033395,-1.35582827,1.16715334,-1.5695404,0.62015684,-0.75598109,-0.64777153,1.45505432,0.11979881,-2.02560902,0.36695735,0.08420406,-1.5300837,-1.65337974,1.65715632,-0.02680419,-0.41664246,0.18350303,-1.35433937,-1.51204694,-1.44358445,0.5333028,0.25207928,-0.17498663,0.23824377,-0.79857986,-0.39624021,0.39703226,228.81,0
58508.9,-0.27718985,0.88595944,-0.91654273,2.74271202,-2.51653038,-1.1491863,-0.8097793,1.07350717,1.20234127,0.50927213,0.1548704,-0.10960332,1.64824519,-2.42339304,-0.42322555,-0.66004003,-0.46872441,-1.24546891,0.84282328,0.11438379,-0.52984005,-0.68195014,-0.54987622,-0.2649611,-0.03928685,-0.96733166,0.49356569,-0.92158118,101.02,0
58725.5,0.45647117,-0.48385745,-1.1294146,1.29523503,1.89563383,1.15248471,0.30312304,-1.81808543,-0.64220811,1.37955329,0.5665912,-0.96047606,-0.36032355,-1.21524488,0.12684578,0.2575643,0.94295865,0.5375089,-0.19040742,-0.03821555,0.05795488,0.76462465,1.75440173,-0.40559229,-1.74747867,-0.37503641,1.68592733,0.07412524,380.06,0
58737.3,1.48788075,-0.33999739,-0.76171458,2.12992657,-0.55803548,0.41599574,0.06124401,-0.7380845,0.71731461,-0.15418876,0.81418638,-1.63237405,-0.8409221,-2.2356105,-0.07329886,0.22359452,-1.60451202,-0.86288335,0.93792359,-0.62699412,-0.00382072,0.8920024,-0.09961306,1.10291124,-0.19265937,0.17511893,-0.31039058,-0.10464678,23.98,0
58815.6,-0.18388907,-0.12657053,0.73297871,-1.76834363,0.51764653,0.79991212,-1.21275537,0.48659909,0.91704015,0.18451205,0.9005125,-1.11853413,0.40317594,2.03876768,0.96505762,-1.19870773,1.46084755,-0.85354915,-0.56558987,1.3331228,0.80977885,-0.36138436,0.98610833,-1.03702706,1.06130346,0.3185164,-0.13939134,-0.62290222,333.27,0
58942.3,0.48046827,-1.96264556,-0.8366244,-1.69039661,-0.92692872,-0.7909133,0.39247117,-0.26185615,0.56962539,1.14047459,1.43638333,-0.29026877,-2.99552293,0.29592355,1.17335696,-1.23133686,-0.62874118,0.66399661,0.47902957,0.58813316,0.54230305,-1.92986598,0.77932359,-0.53507267,2.16986107,1.6693416,-0.11760991,1.31826961,81.19,0
59141.5,0.0875184,0.21685257,1.63927823,0.39841422,-1.13093596,-1.26696197,0.16288103,0.62089981,-1.47630608,-1.43523806,1.32680416,1.64948778,-0.71564195,-1.55508617,-0.62126089,0.6811151,2.82497875,-1.3628107,0.87871224,-1.89957768,-0.3734366,1.11272693,-0.68848291,0.610358,1.11710653,-0.57706084,0.54611271,2.8280718,112.03,0
59239.0,-1.45705286,-0.23817683,-1.25203615,-2.39851722,0.57898049,1.65435026,0.21909126,0.32322186,0.17047464,0.58404055,-1.59016687,-1.37889456,-0.79301475,-0.39475658,-1.17140726,-0.7342732,1.60252153,1.26591452,-1.82508568,-0.23932506,0.96585622,-0.20848027,0.51235988,-0.22548164,0.0829616,-1.8236605,2.26535831,0.61796663,174.46,0
59323.8,1.51584418,-1.18596888,-0.95550553,1.5891488,1.18881185,0.44014782,-0.17561366,-0.23514993,-0.93077226,1.42211554,0.2312836,-2.48410221,-0.29694105,1.21540294,-0.39848211,0.87475355,0.08619683,-1.50534895,0.1159197,0.32294372,-0.63517375,0.48343698,1.32087035,1.09371485,1.02677928,-1.30779417,-0.1013565,0.43857152,33.27,0
59330.2,-0.48847652,-1.74102278,-1.256683,-0.87154673,0.0353744,0.58612408,-0.26689403,-0.0246632,0.37947487,-0.49323089,0.73302622,2.51081943,-0.60678927,-0.14727788,-1.91051078,0.3677952,0.61914514,0.15686964,-0.42874837,0.70954739,-0.36925103,0.26164578,2.18033914,0.06381118,2.60200379,1.68811835,1.88829799,-0.78123987,140.79,0
59390.7,0.50346281,0.14442243,-0.23765757,-0.00523999,0.25287913,-0.82279038,1.01860985,0.53293317,-0.45470593,-1.8224713,-0.79275367,0.02348231,0.17497304,-0.23888159,0.01174971,1.03314406,0.14954292,0.82794192,-0.02903254,-1.33031459,1.05809743,1.09190862,1.77213028,1.09060627,-0.52000267,0.71524746,0.40500066,0.82653748,150.5,0
59429.8,0.06656941,-1.43047443,0.10311531,0.23195432,0.01603213,-0.24204718,-1.00669372,0.69822345,-0.84726583,1.45089516,0.39192115,0.15649172,0.88088516,-1.27644459,-0.21447505,-0.45727386,0.34025404,0.53556365,0.74885715,-0.67672426,0.58101946,0.39407549,0.4972355,0.41023134,-0.92385381,0.22658758,-0.74591586,-0.95675157,22.0,0
59652.4,0.35659511,-1.21852482,0.10571383,1.12822025,1.09620401,-0.53715773,-1.11071811,-0.36556012,1.34407842,0.7437349,-2.29369382,0.8587498,-2.21783265,1.93256883,0.84536043,-0.39458274,0.10694931,0.66101656,-0.49341564,0.46352912,-0.12954442,-0.25080794,1.52501881,-2.03876454,0.04703701,-1.39308036,-0.1821053,-0.70810829,724.57,0
59673.8,0.01674163,0.34413134,-1.74989277,-0.99215252,-0.00612899,-0.04513729,1.29891151,0.6014729,-0.00970109,1.21063707,-1.22369221,-0.48834194,0.52184765,0.29658277,-0.45419406,-0.27097823,-0.10613131,-0.23328053,-0.57041775,-1.61936426,-0.16044582,-0.14799242,1.44707281,0.07954495,-0.01042847,-0.62479847,0.99968167,-1.08492712,532.39,0
59830.4,-1.32053898,-0.56481134,0.9693676,1.26685159,-0.05144293,0.41923248,1.37902548,0.59049894,2.56191794,-0.19937604,-0.67544861,0.19141465,-0.5582819,-0.09818076,-1.54419366,1.98698678,-1.03355547,0.24459043,0.75853122,0.57633321,-1.5210549,-0.55421872,0.36459113,0.57744839,0.36034595,-1.19852896,-1.61261275,1.91248042,683.1,0
59849.3,-1.04608105,0.38119931,-0.03209231,-0.68704371,-0.48230497,-1.41523363,-0.00915883,0.2559555,1.57063611,-2.09760356,-0.87061138,-0.94341512,-0.3844546,0.56342651,0.95561571,-0.09112833,-0.22611161,0.84055564,-0.11190715,-0.21793946,-0.42745461,-0.42671772,-0.63347209,0.85342215,0.21757933,-0.00570777,1.25726058,-0.21245685,94.55,0
59910.0,0.05095535,0.33127443,-0.32215629,-0.2495292,0.96737642,-0.12755468,-0.26602886,0.79317276,0.8886317,0.07257373,1.15170137,-1.89458655,0.52552702,-1.00576366,-0.2901622,0.0960647,-0.97009191,2.21476441,0.06522797,-0.33850867,1.16555722,-0.55158072,0.53310282,1.41886994,0.65343796,-0.22721798,0.13981212,2.98008326,664.72,0
59933.4,1.20439584,0.19385665,0.86827952,-1.48422876,-1.2959328,0.21139198,-0.12283326,-2.50553411,-0.91614531,1.73367061,-0.69607747,0.33256164,0.65169696,0.03621239,-0.48953922,-0.73252389,-1.55455967,0.50260462,-2.06672576,-0.00248838,-0.90994754,0.00107799,-0.03155664,1.07032316,1.38230468,0.72605855,1.85787026,0.32570895,51.04,0
60086.7,-5.88723783,-2.48007251,-2.13144071,-0.74253834,-0.86065626,0.83385866,-0.82869516,0.01909149,0.56573679,1.99295532,-0.53057924,-7.34210035,1.58411202,-4.2148762,-6.26859987,-3.77611602,-6.00003223,0.06475858,0.37225224,-0.94740573,-2.01207018,0.30907774,-0.74576993,-2.12652697,-1.18585207,1.06091624,0.57321063,-0.3733516,279.44,1
60157.7,-0.45168112,-0.36683867,-0.10978598,-1.65655716,0.61907089,-2.27819705,0.31100254,0.87202235,0.52790682,-0.25419597,-0.53700379,-0.96147688,-1.74603212,1.72951018,-0.82591056,0.9724271,-0.72405108,0.47640735,-0.55699298,-1.07373606,0.48165365,-0.68101985,-0.26778557,-0.16261599,-0.26684012,0.55523922,1.74696294,0.40880955,369.14,0
60172.5,-0.39796062,0.13978326,-0.48958943,0.6031411,0.7451918,-0.04193821,-0.7630333,-0.90986349,0.7136767,-0.52225013,1.40017413,1.12540106,-2.47745152,-0.71151051,-0.20985777,-0.52366333,-0.99837299,0.7441228,-1.30365451,-0.60957442,0.62689154,-0.44154649,0.2149376,-1.51053055,0.55253227,1.06324871,-0.36757656,1.04902477,31.06,0
60361.1,-1.50113253,-1.13792049,-0.82984302,-1.28984881,0.44945818,0.11861826,0.35438443,-0.10429128,1.78752045,1.05757458,-2.33748783,2.07144765,0.55384632,1.79358344,0.23878282,-0.68510622,-0.96699729,-0.0279772,-0.24036259,1.20358584,-0.33083561,0.9893222,0.35496233,-0.99891794,-0.76551623,-1.2938659,-1.52639334,-1.63491147,328.95,0
60416.4,-0.18006542,0.61629598,-0.06184852,-0.29601672,-0.53088447,-1.07326268,1.28007309,-0.64711742,-0.15246013,-0.5438125,-0.81497635,-0.88723682,0.97306154,0.09775596,-0.05710706,0.23438692,0.4843966,-1.82483164,-0.07939996,1.03827517,-0.53313837,0.65601769,-1.08407662,0.15702538,0.51704771,-1.44630835,-0.71466548,-0.56878396,77.17,0
60436.5,-0.61666814,0.31283375,0.50345607,-0.58199448,0.3515088,-0.90925084,2.8158544,0.83426072,-1.09921212,1.20378438,-0.70007227,-1.20905868,-0.47511071,-0.51120006,0.85946479,0.91392888,-0.48314162,-0.77207297,0.33627053,-0.37704468,0.6817006,1.84299923,-1.3191871,-0.02515032,-0.85670786,-0.01809113,0.3889255,1.09615193,119.95,0
60445.2,0.53581413,-1.12228487,0.42802498,-3.1838199,-0.28613548,0.51436454,0.58102288,-0.37586549,-0.72207212,0.37060272,-0.31138731,-0.59546831,0.2939453,0.29271776,0.81388663,1.18486242,-1.7322411,-1.55419673,-1.08480904,0.59019075,-0.19643049,-1.11919059,-0.39794377,1.42783677,-0.88210546,0.1561442,-0.39651694,0.92439565,37.99,0
60446.2,-0.27433428,1.51670845,-0.31214274,-1.04649492,0.84426797,0.79627829,-0.32688942,-1.26557992,1.23915055,0.57584739,-1.37347392,0.77995382,-1.44097741,-0.48263044,-1.12330945,-0.63783057,-0.833311,-0.61331081,0.72426396,0.29459097,0.6287316,1.09234212,-0.3727025,0.07989468,0.538153,1.70673857,0.89907825,1.38155116,342.74,0
60529.6,-0.23656813,-0.9561839,-0.93729961,1.11938714,0.57694858,0.15951611,0.08475512,0.44801038,-0.90273942,0.18799885,-0.30622257,1.1885215,0.57652028,-0.38991712,0.90201749,-0.74109808,1.64029863,0.27643564,0.9407518,0.54399394,1.3833991,1.1564556,1.12033393,-0.09018357,0.59332733,-1.08999778,-0.20407276,-2.46519529,307.29,0
60544.0,1.43443626,-0.19891333,-0.48346041,-0.65089991,1.09119614,-0.61684195,-0.91697084,-0.23336656,1.63932652,0.14053835,-0.03852515,-2.63930112,-0.24754745,-0.22403835,0.40957029,1.00275093,0.8657884,1.11342812,0.63358522,0.33701234,-0.86480281,1.01165522,-0.81527125,-0.00166036,0.12158873,0.46718758,0.0691737,-1.49426308,83.37,0
60831.2,-1.01256931,-0.79060613,0.47475985,-3.25840498,-0.16687769,1.50660601,-0.39889362,0.33471872,-0.93051612,0.77979784,-1.23422349,-0.86980662,-1.30706471,-1.69146377,-0.7137805,1.92650864,-1.60662683,-1.18627402,-0.49332066,-0.14758218,1.73050743,0.72346919,1.81765401,0.64649621,-1.50960693,-0.48606999,1.03565499,0.37044416,151.22,0
60844.0,0.70486957,-3.96682632,0.4936124,-2.82535455,1.16368074,0.96202686,-0.88820763,-0.41113382,-1.47101448,0.84752885,0.63705819,-0.04857419,-0.88661346,-1.50984724,0.95240173,-1.11529725,3.7829785,-1.25441318,0.33454956,-0.17026222,-0.13638731,-0.32762096,1.15169459,-0.79590666,-0.83773879,-0.21347496,-1.09255797,1.31783117,464.04,0
60856.5,-0.49282732,-0.35582563,0.1088529,0.80593603,0.07983871,-0.5277703,1.00932309,-0.79245773,0.32082229,-0.54445265,-1.96792883,1.82033703,-0.85917781,-0.05607252,-0.7419823,-0.97192457,-0.67358017,0.54256575,0.95397867,-0.82524216,0.07169641,0.69747022,-1.21114801,2.04349373,-0.90163349,-1.40521742,0.44614057,1.39584122,233.16,0
60994.7,-1.31611912,0.7204589,-1.730685,-0.39191448,0.48626619,0.17407809,-1.53555875,1.11305264,0.05902019,0.99861415,-0.42287438,0.03557953,0.19670788,-0.43839695,2.21236117,-0.27217639,0.33833088,-0.64304263,-0.55583115,-0.14677072,-0.7157361,-0.94900179,0.036936,-0.41623429,2.12700871,-0.1829426,-0.66004916,0.6165242,525.47,0
61312.8,-0.11306601,-0.32787524,-0.06192326,0.6389428,-0.35083492,-0.1453532,0.93773407,1.41101104,0.61348618,0.55965419,0.86385623,-0.51628591,-1.92331702,1.07459995,-0.63656875,-1.01688682,2.63228878,0.43397199,-1.34516166,0.08298283,-0.14291007,1.3743242,0.65751526,3.03547818,-0.40806475,0.55932109,-1.81628277,1.06078376,351.36,0
61363.9,1.32858983,-1.20419657,0.15653995,0.31990197,1.63818918,2.2825709,-1.07978994,-0.06862647,-0.44096645,0.12537371,-0.21885499,0.23702877,-0.64785946,1.25590566,2.22247605,1.46366035,-1.3820823,1.96384173,0.90369276,0.12399537,-0.32485781,0.32869245,0.33690911,2.02792347,-0.30516915,-0.09352589,0.66604804,0.40867692,149.28,0
61368.3,0.3739931,-0.54533804,-1.98181806,-0.6388027,0.00127707,-0.58378431,0.41619425,1.4101564,-0.12761545,-0.89207258,1.41115956,-0.20075689,-0.03033374,-2.22718726,-1.75371862,0.90050742,0.35095978,1.26113645,2.24407987,-0.09504998,-0.01758824,-0.17740254,0.15689032,1.06541532,-0.72263697,1.58376209,-1.93022465,0.52503389,410.5,0
61380.1,-0.46356154,-1.31028942,-1.50973912,0.95960314,-0.90289623,-1.1375381,0.24624505,0.49649804,0.65916428,-0.96450807,-1.24505664,0.83990839,-0.26956532,1.44245812,0.74068605,-0.11785619,-2.24398201,-1.16777343,0.58323888,1.76148029,1.2572302,-1.09018064,-1.2407282,0.73312261,2.07984227,1.30775344,-0.48002066,-1.08303227,189.09,0
61424.9,0.29731273,-0.03091569,0.89559647,-1.20502137,-0.5208969,-0.58560299,0.24589199,-0.52452516,0.53192406,0.65949737,0.85416974,-0.37998787,-0.24505899,1.14036768,1.02540858,1.4564228,0.54254605,-1.065609,1.10732656,1.1157995,0.53209704,-0.88853595,0.56107877,-1.26718606,-0.09315182,0.88041628,-0.02509,0.10404914,236.34,0
61469.7,-0.7803768,-0.66753777,-0.59247797,-0.06174995,0.08076153,0.49506167,-0.40852331,-0.28225566,0.36609811,-0.42031001,0.02102279,-0.57540731,-0.05190745,0.82340886,0.81151969,0.81705966,1.2125704,0.15010013,0.99182163,-0.322281,1.00725461,0.75514497,1.66359129,0.83350224,0.67809863,0.31636261,-0.50298472,-0.64717754,300.04,0
61673.5,1.13380526,-0.20910968,-1.89086829,-0.35966561,0.42120818,-2.70008309,0.39054545,0.51835063,0.78643232,-1.0212016,1.34635503,0.25282278,1.24857144,-0.05361058,-0.32567111,1.13144749,-0.76294709,-0.82176706,1.24637386,0.89690468,-0.37300269,0.28495028,-1.35413707,-0.57032958,1.04137528,-1.02497621,1.55629827,-1.11211557,163.82,0
61750.0,-0.87431455,1.1834276,0.02166639,1.44507765,-1.83559997,-1.20628669,0.78168255,0.3411852,-0.10436209,0.17007728,-0.51161194,0.98691258,0.84686643,-0.98066578,0.64118822,-0.45722774,-0.44354174,-1.25566011,0.97016326,-0.08700598,-1.00613099,0.82914608,0.16453746,-0.42868919,-0.41025315,-0.80656098,-1.70136585,-0.02959848,96.2,0
61906.7,-0.83032962,0.86184329,0.3386239,-0.79236708,-1.34431573,-0.52177066,-1.01613473,-0.08459651,0.58756996,-0.81447804,-0.60283868,0.19919549,1.01557055,0.57090253,0.27818561,0.28162597,-0.802012,1.01028015,1.15552029,-0.57691952,-1.4390467,-0.04013271,-0.62543024,-0.72917052,1.13991322,-0.02652566,-0.1602898,-0.18661125,273.39,0
62020.7,-0.51959306,-0.46727904,-1.41630534,-0.35355312,-0.32208435,-1.6218994,-1.2823006,-0.73666423,0.15914553,-1.49666009,1.76417483,-0.42065773,-1.40218917,0.53905623,0.72295464,-1.79519513,-2.38016614,0.22509739,1.51877875,0.33838769,0.96161779,-0.45156221,-0.00734905,-0.48181815,0.11901311,0.34109083,-0.90035153,0.33507067,433.87,0
62073.2,0.45690463,-0.48341544,0.10625384,0.2662483,-1.30135823,1.01539582,0.48041436,-0.34446046,0.35990464,1.08425635,-0.39912221,-0.67723559,-1.11177061,0.60127467,0.48746038,-1.50603952,-0.77087189,1.51556402,0.86951444,-0.79855318,1.70680159,-0.88918439,-0.36926858,0.31001283,0.1610691,0.12967261,0.65848342,0.97606233,108.02,0
62183.8,0.79454439,-0.50125278,-1.66556002,-1.45386656,-1.17006682,1.27174521,0.32573232,-0.19817509,-0.16590671,-0.4563595,-0.68512507,0.55654931,0.31122511,-0.92533253,1.20422822,0.35865571,0.8724656,0.71417894,0.52739401,0.00095476,0.72751499,0.20755052,-0.23145841,-0.6288469,0.11895366,0.36430169,-0.62602838,2.64825215,29.32,0
62210.3,1.59621909,0.59720333,-1.09001941,0.59682514,0.94201726,0.9501212,0.38719382,-0.38834264,-0.36184906,0.88470821,1.02231514,-1.0295724,-1.54160206,-1.14373618,0.96247508,1.04646653,-0.85303511,-0.18835258,0.08156099,-0.61937624,-0.09299226,-0.17637834,0.09026414,0.345386,0.62554658,0.57550044,-1.34715052,1.37825591,147.3,0
62307.8,-1.51408465,-0.47765141,0.02550253,-0.60148582,-1.00295543,0.55146146,0.6173677,-0.29960397,0.63250949,-0.87859974,-0.30537846,-0.9357325,0.55518989,1.21519351,-0.78942434,-1.19691423,-0.40278274,-0.87561494,1.22011323,-0.1407109,1.3337335,-1.0545251,-1.15585823,0.22999727,-0.15680396,0.54097795,-0.69691043,0.64231323,27.81,0
62381.2,-0.12053533,-0.52520124,-0.58372039,0.58757532,1.04235346,-1.16829587,0.22134114,-0.5669444,-1.08767372,1.68745442,0.39427308,0.18884398,0.09355871,0.99324532,0.2726525,0.88920268,-0.68810537,1.5819893,0.45521798,-0.57362327,-0.22253207,-2.28147543,0.20984387,0.90040712,1.72505575,1.24571772,0.38832842,-0.2784512,348.2,0
62609.8,-0.04424827,-2.95959174,-0.81466101,-1.40041668,0.43649574,0.45658042,-0.96729005,0.99735471,0.23084923,-0.32494566,0.010344,-0.19181085,1.02385331,-0.33579648,2.2696859,-1.30106929,-1.9428165,-2.8485073,-0.53679478,-0.14114723,-0.78384623,-0.22385619,1.51521783,1.25006999,-0.43629825,-0.43963592,-1.04080471,0.95999665,135.37,0
62623.2,0.77333656,0.65659386,0.20368326,0.49167887,0.26596264,-0.04360942,0.72340427,-1.09253603,-0.36313652,0.35028773,0.07411513,2.05181823,-0.25705717,0.29836123,-0.11822219,-0.90043363,0.39125859,1.41068726,0.98686822,0.18387743,0.5822046,1.91448436,1.73823625,-0.76223822,0.26511925,-0.50433021,1.12632891,-0.17502811,488.29,0
62781.3,1.16845008,-1.07870372,0.45884257,1.0099744,-1.4402372,0.66636786,-1.0444999,-0.07257904,0.30352673,1.01382586,-0.0240343,0.24876569,1.62929519,1.61525291,1.05316379,0.75047694,0.50818944,1.63925519,0.7372993,-0.67786985,0.10619265,0.41081538,-1.39272255,-0.57788569,1.71073749,-1.137042,0.50986778,0.31305009,329.26,0
62820.3,0.34241316,-0.46374389,0.89603191,-0.11335467,-0.6695375,0.13418344,0.63704096,0.69373941,1.91191797,-0.74921203,-1.16959123,1.02147572,-0.7386766,0.08983626,-1.02035771,-0.42822598,-0.54496093,0.30261979,0.3720993,-0.48710118,-0.69065014,0.85888277,-1.49729073,-0.23053716,-0.22650547,0.25938064,1.23986936,0.54474469,293.12,0
62834.7,1.98726446,-0.3139239,-1.7340199,-0.14704396,0.30664433,0.74631229,0.43979562,0.73515578,0.98862176,-1.05501295,1.22944369,1.63296762,-0.02318125,-0.74149648,0.50623938,-0.39729492,1.4489739,0.26308937,-0.75118327,0.2303663,0.37567528,-0.18571941,-0.51924813,0.23849255,-1.19079262,-0.01638948,0.75373847,0.26154388,383.41,0
62901.7,0.89381672,0.03356082,-0.41691395,-0.32226024,2.19878293,-0.29389711,-0.66085323,0.68031363,-0.36692813,-0.43973935,1.06618659,-0.86326067,-0.47464649,-0.19530725,-1.71778117,-0.56860084,-0.03308309,-0.91056817,-1.7131299,0.66161184,0.48656841,-1.88280846,-1.28668469,1.60921031,-0.45995725,-0.93938196,-1.12359946,-0.91722351,109.41,0
62928.8,0.87489919,1.2522491,-0.13209854,-0.56665727,1.41715665,-1.83997916,1.07176706,1.70514625,-0.90938207,0.8309327,0.64892035,0.41732778,1.21836458,0.34773697,-1.42505158,-0.57692444,0.04147165,-0.4640808,0.53301916,1.88025216,-1.33673752,0.17613692,-1.04712207,-0.13799961,1.62211621,0.83927028,0.11042898,0.44278492,450.99,0
62953.3,0.09906755,-0.77205965,0.13448068,-0.55361475,0.3867234,-1.07930242,-0.35618652,0.60404381,0.80370498,-0.27479742,-0.83908811,0.54758067,0.03875438,1.41230977,-0.67819754,0.66020214,-0.99155558,-0.22115902,-0.90984437,0.27482763,-1.75090703,1.37468557,0.23561841,-1.01468398,-0.63327594,-1.39333081,0.61661537,-0.18310702,52.91,0
62998.1,0.00504837,0.4777994,-1.67072434,0.86563855,-0.17870228,0.43997694,-0.03529765,0.46540557,0.14322842,-1.45343393,0.44901177,0.093289,-0.51468128,-0.9882647,0.24705297,1.40966598,-0.17211601,-0.3688498,0.63612007,1.14716963,0.30920408,-0.66402604,0.41031756,-1.13958364,-0.56638621,2.80312719,-0.37216758,-1.45066816,276.08,0
63097.6,0.27214886,-0.68207646,-1.68511005,-0.54374994,-0.93297405,-0.55474778,-0.41388515,-0.83626157,0.33983276,1.00163482,0.95800662,-0.00085967,-0.43219824,-0.83274255,-1.00827554,-0.17393723,-1.09827611,0.07568346,0.83479851,0.92137132,-0.05318832,0.41910944,0.40695427,1.74978185,0.71493371,-1.51257557,-0.29968732,-0.2546306,214.07,0
63214.2,-2.15794973,-0.08531735,1.66295889,-0.82484754,-2.4689916,0.53844233,-1.55148571,0.67452574,0.31195489,0.45013914,2.39396812,-1.09247906,0.91983757,0.11961794,-0.81017072,0.36819994,1.05847704,-0.06550895,0.32163981,-0.15239658,0.53140625,1.04761861,-0.39495333,-0.01405043,-0.79019967,-0.54403518,0.84349969,-0.22839512,410.53,0
63329.0,-0.31039848,0.35603527,1.80153389,1.14563977,-0.80263518,1.751969,1.53296488,0.33668743,0.7101647,1.61422646,-0.43980221,0.75201684,0.4553751,2.24740581,-0.54268187,-0.64999,-0.84584055,0.03466624,2.3017066,1.43932473,-0.15043459,-0.62454391,-1.08239909,0.45251429,0.16765589,-0.30922848,0.46850994,0.40436175,16.05,0
63577.6,-0.60097822,-2.89326715,-0.09704901,0.9809264,0.74928657,-0.33477877,2.47832212,-0.03587597,-0.77349344,-1.07403323,0.02932233,2.1331338,1.71644034,-0.66765582,-0.2749005,0.82835644,-0.57624491,1.48406091,1.21431497,0.44440391,0.32129523,1.68490501,0.38264919,2.51884122,-0.08058886,-0.17314724,-1.48768689,-0.32428243,515.39,0
63609.7,1.93523916,0.54094007,0.50683972,0.17838582,-1.37414147,-1.59619831,-2.46238753,-0.65695379,-0.61032931,-1.41788624,-1.37310662,2.04467543,-1.48083821,-1.03664142,-1.16090475,-0.5520739,0.55676745,-0.79159456,0.88630583,-0.71166459,0.15485298,0.1298933,-1.33888157,0.3230661,-1.25526517,-0.59999705,-1.03840449,-0.8636021,64.26,0
63633.6,-0.59338016,1.03816401,0.75204041,-0.92311066,-0.35106497,-1.43468547,-1.63339065,0.56915164,-0.52820752,1.6247844,-1.11889994,0.34786971,-0.96386883,0.04144823,0.67485811,-0.68442562,0.36310554,-0.34363325,0.22537798,1.0655349,0.97282805,-1.31233771,0.28797711,-0.69853907,-1.13826377,-0.78548896,0.35610809,0.03824351,39.08,0
63655.7,0.14156024,2.2862821,1.17225998,-2.01357219,-0.92940826,-1.52515341,-0.21229352,-1.73362441,-0.71807544,-0.5926121,0.89601046,0.28311015,-1.47446928,0.75811055,1.16223153,-1.10133478,-0.97790675,0.56953176,-0.33079407,0.38433649,0.3336285,0.35850433,-0.11259072,-0.77157394,-2.66274187,0.87861472,-1.36708384,0.00750661,420.12,0
63673.1,-0.11100924,1.1962446,-0.18822783,0.47748584,-1.56029821,-0.58949886,-2.05332792,-0.04468073,-1.081428,1.27380071,0.29559802,-0.09599711,-0.47592178,-0.94607705,-0.32702945,0.89942858,-0.52415189,-0.74288217,0.40366906,0.5247643,0.35441392,-0.33258862,0.54379683,-0.1978489,-0.25144482,-1.05980944,0.17097229,-1.37063207,29.68,0
63725.7,-1.41591864,0.39516163,-1.08725783,0.87067369,-0.03599955,-1.44451068,2.11333672,0.97678939,-0.62344918,0.75606918,-1.28909133,-0.65311931,1.53525943,-2.08146729,-1.80265606,-0.06895328,1.07679316,-0.28439007,1.01434117,0.93697012,1.57723612,-1.38581633,-0.73661194,0.10139759,-0.18318273,-0.45432719,0.30132236,1.03197787,97.43,0
64127.7,-0.60452763,-0.12544272,-1.22589534,-0.43388977,-1.14723587,-1.10137923,-1.27800332,-0.33288294,0.73920136,1.8619499,-0.41367506,-0.24626326,1.08391948,-0.57624693,1.4232407,0.16777826,-0.61734362,-0.13275257,1.49181304,-2.17791279,0.62809203,1.08655099,1.07199919,0.52357144,-1.13076107,-0.4893434,0.18597099,0.39739237,339.65,0
64232.5,-0.69271549,-0.42953684,-0.58411368,-0.65046215,-1.3913111,-0.64885872,-0.38092257,-0.79034883,-0.89218753,-2.38315475,-0.47269657,1.02639154,-0.42264691,-0.52059182,-0.25791023,0.9398078,-0.48148344,0.26640002,-1.14578742,1.0982488,-0.6938052,-0.1364917,-0.89481152,0.40816811,-1.29945848,-0.00907039,-0.93535834,-1.37552511,248.1,0
64312.9,0.18597352,1.67961288,-0.44857814,0.70565179,-0.883642,-0.03937769,-2.11120526,1.25360869,1.17928705,-0.48073653,-0.63565517,0.16004843,0.93560029,0.73993285,-2.24270508,-0.61999834,0.08083465,0.97228586,-0.44740079,-0.18601888,0.91584286,1.26241869,0.94916865,-0.41378889,-0.79564574,0.91580901,0.01024641,-0.97477699,206.27,0
64416.1,1.6580243,2.1867557,-1.33965771,-1.5748282,-2.06543357,1.89337213,2.01574253,1.08787876,-0.0048264,-1.04793796,2.42649123,0.3435285,-0.06266536,1.4533862,1.41187107,-1.27782286,-0.454667,0.20208191,0.27881514,0.72602424,-0.39414543,1.13485926,0.45534274,-0.59282028,0.29315671,-0.92283494,-1.66679776,0.28638955,294.31,0
64497.2,2.29250479,2.13742622,0.22794768,0.21621605,0.26768057,0.92269773,-1.06010436,0.36115204,1.90155545,0.02661285,-1.63887215,0.61561182,1.4629894,-0.04314705,1.94032977,0.36546654,-1.78342638,1.26309867,-0.71262829,0.37009373,0.22974518,0.92500607,1.48741287,1.08891445,-0.15689968,1.98494561,0.54162067,1.86338238,79.26,0
64507.1,1.12264114,-0.46974671,0.29686646,-0.63750566,-0.60775699,0.82408949,0.00466631,-0.47437526,-0.69837683,-0.84927954,1.07380135,-1.83276004,0.01304879,0.03197382,0.32056117,-1.14090365,0.43512468,0.34995317,2.20093813,1.07320309,0.05235998,1.01951655,0.56895183,-1.11261916,1.50780463,1.04683574,0.24862482,0.03698876,204.07,0
64573.6,1.10695787,-1.12026273,-0.53628271,-0.35626449,0.14903136,-0.60174717,0.34919931,-1.63903009,-0.06134487,0.68690174,-0.24907115,0.64503702,0.25234924,2.07213648,-1.03021157,-0.75921622,-0.85246772,-0.484665,0.80041599,0.15019669,-0.54530884,0.07308629,0.55597193,-0.84415133,-0.96007232,0.36339376,-0.18736849,1.37650901,29.73,0
64617.2,-0.96483753,0.6960692,-0.93158673,0.42558766,0.49837979,1.66595889,0.34205222,0.78959032,0.07470964,-1.40718674,0.85572263,1.67938797,-0.12428048,2.09377665,0.92386178,2.00098061,-0.18118975,-0.88467083,0.05597744,-0.7262378,0.19845584,-0.2416365,0.16451187,-0.0900454,-0.97425396,-0.52940615,1.26912507,-0.06350318,247.21,0
64668.3,0.91009786,-2.22647835,-1.60801484,0.01053049,0.30737855,-0.48290381,-0.43131233,-1.72194612,-0.39022439,-0.15514462,0.29221487,0.5741142,-1.94812523,1.56490982,-2.11169615,0.51635334,-0.45043827,0.98358722,0.55211629,-0.18939976,-0.31348633,-1.66581399,-0.09024554,-0.73077908,-0.94298995,-1.11720254,0.00991349,-0.42202474,305.7,0
64669.4,1.22780647,-1.0591753,0.01491822,0.0064056,-0.7128574,0.83526652,-1.93362835,1.43298521,-0.86645584,-0.6111259,1.48709418,0.83934194,-0.15659014,0.24498746,0.50171117,-2.75310068,1.09391342,0.50538844,-0.67638138,0.1027498,-0.20097861,-0.64797199,-0.62430107,1.17499926,0.0505555,-0.05706601,-1.40118622,0.45309337,477.5,0
64695.1,-0.16088153,-0.91952889,-0.36094672,0.21753588,-2.72728883,1.16531459,-0.84253815,0.96068058,0.39079044,0.58694058,-1.4044719,1.52219655,-0.32110373,-0.82313029,-0.22835653,0.01401238,1.06930221,-0.07861798,1.48180819,0.05348428,0.14027507,-1.25051006,0.42706544,-0.45610263,1.60899221,-0.77715651,-0.34642132,0.43624192,273.8,0
64708.9,0.36497244,-1.48415441,1.10309392,0.44283411,-0.19534737,-0.64615334,-0.25598308,-1.25687219,0.49974445,0.59449602,0.7734217,0.75438214,0.61203159,-0.52689279,-0.91763853,-0.49650124,0.49943635,0.67809546,-1.31182556,0.4635054,1.14340739,0.66961912,1.97337299,0.9332912,0.47554667,-0.50092911,-0.4209281,-1.14167149,150.59,0
64759.4,-0.10129798,1.56213526,0.56017592,-0.24708099,-0.35906478,-0.36316327,1.2440732,-0.5714892,-0.30673066,-1.4247683,1.01921127,-1.43577046,1.45983671,-0.67382498,1.1225219,-0.77369847,-1.44678723,-1.57811626,-1.0453891,-1.09346122,-0.56921496,0.92881803,0.52195785,-0.2136527,-0.33790176,0.1517024,0.00742813,-0.91178586,651.39,0
64816.7,0.70180415,-1.54936815,0.56935392,-0.06197428,-0.97651165,-0.95356895,0.3310892,0.26929132,0.94084171,0.17405509,-0.40571388,1.00274857,1.97096698,-0.08121849,-0.50293759,0.02101576,-0.50600358,-1.35951781,0.09318244,-0.00174111,-0.87302074,1.05153057,2.70445515,0.29069634,-0.89868106,-0.01618022,0.48712223,-0.11629451,96.06,0
64973.9,-0.03207588,-0.37833248,0.84748932,0.31772684,-0.51926869,-0.73208945,1.86218556,0.04423994,-0.98799724,1.05406466,-1.03142924,-0.36757534,-0.96813309,1.24734098,1.02700486,-1.95484471,0.09801752,1.19301287,-1.12299726,0.93437752,1.45934258,0.38353814,0.31474226,-1.73491543,-0.70915382,0.27696519,0.19371299,0.20122208,76.59,0
65016.5,0.41097327,0.25368241,1.38949285,0.79311953,0.34381371,-1.47660309,0.97193777,1.95514906,1.58358703,0.70634259,1.07846798,0.81116651,-0.15524416,-0.37732072,-0.57657358,-1.22868736,0.0535572,1.29098781,0.11556297,-0.10818882,-0.5674883,-0.21583128,-1.70894589,-1.32237811,-0.20357404,2.4610405,0.62863438,-1.81872159,216.82,0
65116.3,0.74918403,0.35904773,0.20593006,0.03737177,-0.1251222,-1.127671,-0.29233621,2.21573173,1.4517806,0.51585693,-1.34980296,0.0645593,-0.00331402,0.23527941,0.48082366,0.95093802,-0.09772672,-0.73649436,-1.72154015,-0.8129625,1.01800949,2.04583927,0.53117581,-0.136004,0.24686932,-2.5846065,-1.48206742,-1.39726926,217.49,0
65169.5,0.13917069,0.95681651,-0.19017586,1.8013844,1.39734646,0.72630831,1.4418015,-0.64565465,1.740031,-1.2244297,0.07998088,-0.61341909,-1.9064596,-1.29648769,-0.43518815,0.48719804,-0.37026888,0.93797311,-0.32767041,-0.9257837,1.3590713,1.20694007,-0.24599126,-1.61263662,-1.09028256,-0.51693548,0.07568667,1.19840697,105.9,0
65400.2,2.11070694,0.18201487,-1.13210263,1.61266137,-1.61605458,-1.76476284,1.10187264,-0.27112302,-1.89404866,0.88460691,1.13375677,-0.01995502,-0.21223711,-0.33306865,0.92274281,-0.16828485,-1.99229065,0.39629285,-0.72259988,1.33957824,-1.37908705,0.75319736,-1.49049877,1.0358928,-0.80808716,-0.0622947,0.8198902,0.52196433,94.05,0
65472.8,-1.46826989,0.05265217,1.55283905,0.99277202,1.64138793,-1.40613644,-0.01259564,-0.01449361,0.34354907,0.45295591,-0.97514002,-0.19400449,-0.58236773,-0.3103719,-0.36397269,-0.7930114,-1.99890901,-0.94485891,-0.80526319,2.25669851,-2.61008257,1.13480238,-0.24144539,0.35883137,2.92851476,0.14952724,-0.43058949,0.29581349,22.22,0
65726.8,0.93048135,0.03448656,0.04278818,-1.95931581,0.99785653,-0.30060714,-0.01961943,-1.25678725,-0.56249237,-0.42650533,0.20430906,1.05027535,0.89016155,0.16416122,-0.43835432,-0.91866079,0.57111064,0.96631509,0.97025708,1.00283768,0.98657546,0.16877884,-0.21549301,-0.09227635,-0.33700973,-0.42201179,-0.31196852,0.07656077,37.02,0
65776.9,0.80712363,-0.55197615,1.45495462,0.33467091,-0.29639349,-0.85439908,0.64253274,-1.85211805,0.2175613,-0.99922307,-1.30910434,2.00308943,-0.24449078,-1.24412915,-0.78566886,0.05522937,1.91685767,-1.16049495,1.2760767,0.75245609,-0.49827587,1.08327903,1.37982852,1.19394294,0.16463987,-0.44647757,0.8631048,0.43578267,343.0,0
65782.1,0.45314639,-0.06707406,-0.80268303,1.84040697,-0.62976322,-0.12654602,-1.10675534,-0.00452581,0.18651342,-0.09304911,0.02011787,1.22766208,-0.5012278,0.86518291,0.50907002,0.76975972,-0.8370706,1.12347832,0.23952952,2.7565162,-1.827917,-0.0143735,-1.44509476,-1.45955588,1.41811381,-1.16714373,1.25068924,0.23423463,60.96,0
65955.2,0.62026589,1.62924738,-0.56802083,1.00377314,-0.18874264,-0.42086425,2.41603887,-0.67978409,-0.04396589,-0.00815271,-1.17314719,0.56990114,-0.89132144,-0.11591287,-0.80591763,1.15118319,1.17243032,-0.88597082,0.93235942,2.01053267,-0.56632011,0.4747082,1.92351978,0.57084177,-0.02738458,1.02840024,-0.35636338,-0.0052916,485.27,0
66044.8,-0.78012399,-0.28943021,-0.8312832,0.52107091,0.56590602,0.40885995,-0.07244114,0.30895599,-0.78047368,0.09913548,0.06480534,0.61530034,-0.27907551,0.57130269,-0.21367673,-2.60371201,-0.64982231,-1.17731333,-1.91245982,-1.09665141,1.08653237,-0.02956382,1.57003023,0.14503299,0.50944674,-0.31851692,-2.69848917,1.25355188,57.17,0
66118.6,-1.05503759,0.19388901,0.56829678,-0.85179879,0.6730188,-0.12970018,-1.53554823,0.69466214,0.50776132,0.31287319,0.16986146,-1.05856268,1.67487314,-1.95871443,-0.0361729,2.01111551,-2.39616689,-0.12950919,0.77594299,0.63463306,-0.09330759,-0.14947694,-0.81720479,-0.20934973,-0.1364271,-2.31458656,2.27432486,-0.04480192,332.79,0
66380.4,0.55894259,1.43814603,1.12305865,-0.85474092,-0.26693762,0.32573943,-1.0951316,-1.20796765,0.4177267,0.50457648,-0.25339102,-1.31658992,-0.35990772,0.02438637,-0.82995911,-0.21616862,-1.85298382,-0.40125278,-3.14427833,1.03678978,0.33050835,0.07834429,0.06956378,-0.28753625,1.33653134,1.22673922,-0.54978257,-0.9612933,134.31,0
66408.5,1.37314916,-0.1346066,-1.56326139,-0.20752832,-1.9751934,-1.38768055,0.61072655,-1.29303312,-0.62249186,0.25112477,-0.99686729,-1.5048647,-0.0586538,0.25482148,-0.97653034,-0.70495338,0.07003058,0.60540005,0.72063718,0.16613386,0.5853469,0.00105654,1.73898651,-0.03478172,-0.60523489,0.79951081,-1.03532744,-0.62181353,80.27,0
66454.5,-0.84424111,0.56400229,0.98990362,-0.63193387,0.43771738,2.06768585,-0.26713648,-0.35147264,-0.06247981,-0.7944114,-2.1136765,-1.41686943,-0.20161912,-1.6338869,0.75499199,1.51859761,-0.75692114,0.18449277,1.67778622,0.9613874,0.76519474,-0.97997146,-0.27361504,-1.39014687,0.55971615,1.1977714,-0.61225665,-0.33329003,173.3,0
66466.7,0.05812832,0.6524637,0.18696277,0.42531711,0.97321823,0.80770676,0.27517779,-0.89323842,-0.23863585,1.35172122,0.22273767,1.77186221,-1.40733538,1.52352015,-1.0014567,-1.41529043,-0.91017449,-1.01683973,1.5814623,-0.96692354,0.42510682,-0.21224492,-1.61682827,0.45028913,0.16891802,-1.21948619,1.0334751,-0.86480376,356.64,0
66588.3,-0.27963439,0.19971655,0.31804568,-1.44220588,0.24413546,1.86089219,-0.9404843,0.1578966,1.4931352,0.62681978,0.07688809,-0.29367509,-0.54049518,1.1788388,0.71609435,-2.23821099,-0.51515168,-0.80824522,-1.43637548,0.6967583,1.16237549,0.56510925,0.79736089,-0.44943062,-0.16622764,0.08044538,0.39982209,-0.17797649,27.09,0
67086.1,0.71921476,0.15809439,-0.96667,2.42555804,1.9618139,0.38451445,-1.32310916,2.52840619,-0.13141429,1.03551137,1.79471532,0.191808,0.05916259,-0.49877116,0.5450463,-0.58643552,0.90182118,-0.51323573,1.00677222,-0.58929474,0.15458569,0.43825487,0.37321499,-0.34019683,0.78340512,-0.07031732,-0.69898105,1.22771517,107.22,0
67124.7,0.84293037,-0.53650804,0.76089616,-0.10588862,1.56895101,0.99915164,0.06270355,0.68446448,1.71670188,-1.41570242,-1.39538712,-1.51147686,0.10721174,-1.01549507,1.96131023,0.42395731,1.05445598,-2.12873826,-1.01516793,0.18644892,0.86162726,-1.33601839,1.32443152,-1.29543855,0.69780541,-1.38236029,-0.9305443,-0.03705609,279.01,0
67687.6,-1.52120111,-1.84281406,1.29625361,1.00267654,-1.57796423,0.17554951,-0.13026051,-0.18636478,-0.01473602,0.37949212,2.48134281,0.88708905,-0.18097454,-1.06040681,-0.48391231,-1.4468924,-0.20464878,-1.79828204,0.53540041,-0.30531818,1.2722688,0.24905831,0.41209732,1.52522545,-0.29299875,0.17515187,-0.04935504,0.52564168,154.67,0
67738.5,-0.9491629,0.64220028,0.82758424,-0.54487734,-0.15013339,-0.98515895,-0.92729607,-0.96930321,-0.57548132,-0.37697543,-1.11954889,-0.44480465,-0.67475953,0.45294162,-1.74959817,-1.32093495,0.73021133,0.67948944,-1.86273515,-0.74630018,-1.239826,0.66263706,-1.06057395,-1.86779362,-0.05153076,-0.40706273,0.4883312,-1.10352999,105.73,0
67797.6,-0.61343808,-0.70031705,-0.42126865,-0.47493064,-0.93220212,0.78049036,-0.89338151,0.81247013,-0.20420284,-0.05530452,-0.88124108,-0.55029445,0.01620979,0.22555231,0.21618945,0.51203294,0.16499661,-0.00127695,0.30649467,0.97903004,0.31884243,-0.74691803,0.97414149,-0.98988277,-0.67979306,-0.27070407,0.31356627,1.771401,52.7,0
68162.5,-0.13064925,0.40820837,-0.21109231,-0.59252694,0.84095382,0.9852035,-0.11981105,1.23722292,1.01223858,1.04375816,-1.21132029,-2.15273853,0.77418238,0.49954574,0.49196892,1.10978776,0.67439252,-0.10525047,0.98548716,0.79325013,-0.99226904,0.12191493,-0.08455934,1.40198253,-0.19037112,1.26679267,-1.14185134,0.15559874,97.71,0
68268.0,-0.12973155,-0.72528235,-1.86062936,-0.50690071,-0.50407442,0.75943872,0.42206559,-2.46924694,1.35191244,-0.79229368,-0.37797505,-0.21597277,-0.62100507,0.68244084,-0.87714796,0.63493854,0.92475139,2.23286846,-1.33441188,-0.57070325,-0.0934098,-1.6968029,1.62681686,-0.42561637,0.0408764,-0.9829155,0.49661647,0.04777852,108.11,0
68343.0,1.19954721,-0.58295811,0.01395961,-0.74508918,-0.54276869,-1.89878565,-0.17663987,1.08060761,0.30459342,2.04036782,0.56055709,-0.54613856,-1.48166383,-0.24254768,-0.70562582,-1.07248874,0.18999746,0.24848381,-0.49249375,0.92051427,-0.89775881,-0.70034562,2.73940925,-1.18178682,-0.60138341,-1.0779402,0.15643506,-1.20558224,212.52,0
68440.5,0.88777115,-0.94637794,-1.26597551,0.04765859,-0.69314772,-1.08977896,-0.53193101,-1.17580303,0.48036146,0.2091645,0.7115021,0.30815627,-0.65106504,-0.30588487,-1.72776523,-0.25232426,0.53785963,1.40605202,1.53482502,-0.07768408,-0.74735587,-0.15693339,-1.02245963,-0.40568253,1.32370709,-0.54449749,0.30570756,-0.1142585,334.67,0
68492.0,-0.78955222,0.07927915,0.8626109,-1.14673678,1.4699673,0.06903108,0.85527721,1.08661729,0.20842199,-0.92333492,1.07714596,-0.22959746,-0.4616904,-0.33760726,2.05373877,-0.17249686,-0.10867864,-0.72483809,-0.76889244,0.0422152,1.25237818,-0.17613459,0.55213554,0.19331465,0.1453692,-0.94627378,1.3769602,-1.39582692,44.91,0
68518.8,0.59983174,0.92824064,0.50302132,-1.30081938,0.78021475,-1.56552468,-0.18184462,2.14508469,-0.21662269,-1.33407504,0.56921962,-0.81279005,0.36701945,-0.43258114,0.0135325,0.40556536,0.91579286,-1.37658637,-1.79445159,1.92431979,-0.96344599,1.25910739,1.16793374,-1.21735419,-0.89886731,0.73656562,0.76746163,-0.92036637,132.01,0
68542.2,-1.96729196,0.49245429,0.03327384,0.77219504,-0.4427897,-0.00957999,-1.15158595,1.14683567,0.52422443,0.11848255,2.44502833,1.17897681,1.42981018,0.3327765,-0.51316563,0.45732685,0.05213659,-0.33869848,1.18963471,-0.31102948,0.25452192,0.12827529,-1.49870783,0.53658935,0.7737421,0.05503977,0.2589879,-0.31668473,67.49,0
68580.3,0.60898485,1.65022305,0.11544471,-0.7893038,-1.68996929,-0.62228088,0.9983666,-1.17434607,0.03023606,0.10379933,1.19236935,0.50034256,-0.03908893,-1.01596834,0.33048706,0.10270391,0.64077132,-0.193406,1.20310629,0.56335645,-1.48433481,2.24461468,0.16328482,1.63305034,-0.6958362,1.57634055,2.20304701,-2.00492181,24.0,0
68614.1,-0.25993659,-0.423154,-2.82221723,-0.99541677,-0.68348191,0.84698766,-0.03507988,-0.22030676,0.67322449,0.12913785,-0.16493645,0.66821839,-1.37624098,-0.20624129,1.25332647,-2.14012958,-0.7906522,0.1563153,0.22912666,-0.33632678,0.42992048,-0.88654982,0.97944997,0.19469568,1.8151848,0.84659661,0.55159137,1.41609899,112.81,0
68621.2,1.03052998,0.50294134,-1.9293211,-0.58906389,-0.18316411,0.58368039,-0.52529492,-1.28745464,-0.4563063,1.93177214,-0.76867992,-1.17935416,-0.13863907,-0.84149114,-0.38903152,0.40233149,1.59126725,-0.26947457,-0.92651393,-0.63638646,-0.0574727,-0.65073507,-0.76120689,1.76962607,0.71200097,0.01321912,-3.46693478,0.07819861,78.8,0
68637.0,-0.46224301,1.62506215,1.563969,-1.29248904,1.15426632,0.68290194,0.74600097,-0.46418965,-0.57288843,0.45650091,0.96406284,-1.14364936,-0.38292241,0.03566671,1.37356087,1.21646645,-0.49140414,-0.02682734,-0.90767911,1.28907286,-0.26143079,-0.57009896,0.39248912,-0.08118245,-1.97077686,-1.37317406,0.04239525,-0.52766475,167.98,0
68658.7,2.68298684,0.10776077,0.95493055,-1.32343694,-0.5545606,-0.90186943,1.58263598,0.44261404,-0.06777474,0.97198558,1.74861496,-0.7569196,0.04852162,0.87354859,1.07409685,-1.58027081,0.26543126,-0.6645262,-0.29572875,0.0831909,-0.75752732,-0.34198534,0.84120638,0.51489941,0.71445933,-0.93672847,-0.40754317,1.53037849,101.4,0
68690.5,0.03171864,0.64290496,-0.27081617,1.48776456,-0.61168393,0.44958975,1.88292771,0.41645676,1.41331803,-0.70600232,-0.87421356,0.49413345,-0.03578034,-0.88569553,-0.41952017,1.04056824,0.0218175,1.4660986,-0.30558136,-0.14568876,1.50577024,1.4277292,-0.19262477,-0.35215511,-1.41449552,1.23873159,0.0427646,-0.86355439,40.83,0
68695.8,1.15833552,-0.73732724,0.37995566,-0.07149766,-1.42829112,1.11098882,-0.00869643,0.51742711,-2.5377771,1.1256293,0.16619966,-0.98414779,-0.41957335,-0.6826315,0.22260947,0.09846725,-0.2412939,-0.66210239,0.37390848,0.83440636,-2.00258632,2.2240306,-0.33246016,-1.20777278,1.19229986,0.94171857,1.3180894,-1.02183758,113.38,0
68705.2,-1.75995322,0.43974996,-0.80126092,-1.12176218,0.78157033,-1.1629746,-0.49957351,-1.03890891,-1.31378397,-1.31484791,0.09533481,0.35252414,0.16491153,-0.54511046,0.76066644,-0.25658115,0.73852816,-0.31134016,-1.31339035,-0.76541482,-0.37321481,0.84280028,0.18466876,0.02866148,-0.24994826,2.56051441,-0.03771013,-0.39552508,17.83,0
68738.0,-0.78470104,1.70752173,-1.1212495,0.25488252,0.44703517,0.29467707,0.79676924,0.63437721,1.01554971,0.79495018,2.09072646,-1.51932921,1.20263899,-1.63288429,2.14734535,-0.01025142,2.18016007,-0.35688144,0.62237238,0.65196684,1.04725985,-0.47594254,0.51670099,-0.96670529,0.98437129,0.48370818,1.00156453,0.04136981,216.18,0
68841.0,-0.28988298,-0.2826656,-0.20762422,-1.02067673,2.40111638,-0.52034629,-0.28098368,-0.7647856,0.4089398,-0.02393463,0.09893174,1.29451287,1.32532316,0.29565637,-1.04641882,-1.31760368,0.96227298,0.26226615,-0.69706697,0.1611076,0.50903372,0.60934459,0.66838494,-0.15507385,0.63627596,0.39912319,1.15789125,-0.34646197,299.86,0
69257.9,-1.19001671,-1.19180822,0.72067395,-2.57856902,-0.80124167,-0.68019041,0.60871765,0.5226683,-1.23075277,0.22873119,-1.04441064,0.29144289,-1.21979433,0.12807979,1.46855046,2.04019598,1.08670986,-1.03157738,-0.519005,-0.93319943,-0.6101739,-1.74781913,-0.63034178,1.11778394,2.2343678,0.4346766,0.2032359,0.67299064,307.14,0
69362.0,-0.38690987,1.06180485,1.30586206,-1.39156259,-0.36667727,-0.42109901,-0.56513187,-0.32297317,0.442387,0.43255001,0.0575714,-0.7782591,-0.88704781,-0.32974882,1.48512766,-0.15941229,-0.23999358,1.89429276,0.10926705,-0.40639477,-2.18291974,-1.66986758,-0.73061991,-0.27014974,1.06859533,0.13308914,0.45573836,-0.21109905,388.5,0
69484.6,-0.1834452,-0.28538466,0.21243462,-0.36891165,0.0265865,-0.69454941,0.61347348,0.94485078,0.3777706,-0.52330772,-0.82991751,-0.05806917,-0.41742864,2.40077542,-0.99585706,0.40199348,-0.14746644,0.90520205,-0.28191523,1.86453827,-1.01898782,1.03058946,1.07947401,-0.0080746,1.59177976,-0.54880676,0.12901381,0.34992622,292.77,0
69682.2,-1.30146999,-2.94367574,0.80047675,-1.12781571,0.04103136,1.29334724,-1.36291769,-1.09068725,-0.57316231,0.02724806,1.28023837,-0.87055122,1.07446755,0.03404175,-0.02795434,-0.63032185,-0.11097685,0.68115315,0.89703154,0.22764115,0.40736057,-1.01319269,1.34998178,0.07541083,1.50151512,-0.36350477,1.25247258,0.71627192,71.97,0
69706.4,-0.02921028,0.33330112,-1.05941522,-0.59073546,-0.56725071,1.14521513,0.3794065,0.76766019,0.75141268,-1.69324682,0.13308132,1.69371759,0.39152784,-0.17277284,-1.2810883,2.39412661,1.07717408,0.88916451,-0.39846665,-0.57336555,-0.91125968,-0.13532928,-0.77665563,1.39141777,1.73033021,0.82025616,0.54390977,-0.23048603,133.05,0
69727.4,-0.90302749,0.30405345,-1.19882779,0.19158762,0.13342886,0.55101515,0.13257361,0.06365256,0.97388155,-0.64774404,-0.00089564,-0.07986009,-0.1890197,0.2942335,2.34741648,-1.9626665,-1.20664938,0.16134036,-1.76507946,-1.77736843,-0.06815504,0.31561434,-1.43503355,0.97885506,-0.05235754,-2.2940005,0.48227086,-0.90331638,457.27,0
69756.7,-1.62658819,-1.63695339,0.69032002,2.12859145,1.17761487,0.2062985,0.64757743,0.96712094,-1.40875311,-0.80218438,0.20118957,0.01869256,0.73936136,1.73007776,2.02884067,-0.05819633,-1.50096805,-0.56849752,0.28194049,0.29133846,-0.86851084,0.02165423,1.16340168,-0.19413143,-0.30269359,1.32139399,-1.56964871,-0.7171587,466.0,0
69959.2,0.14001239,-0.91795343,-0.47638177,1.46571088,-0.49642493,1.36899437,0.9271609,-0.44455333,1.00376834,0.09123369,-0.9327721,-0.51613568,-2.63158668,-0.53302295,1.74544636,0.54964745,-1.10263029,0.87852617,-0.09364933,-0.27055235,-1.43298873,1.23669699,-0.41786163,0.46602889,0.14667934,-2.41347228,-0.31453653,0.03482725,28.25,0
69989.0,-0.18741799,0.57258776,1.31076617,-0.22162387,0.10068045,-0.499799,-0.43567225,-0.83043685,-0.54328059,-0.19046822,-0.65155406,0.0265749,-1.81863411,0.4279338,0.17745684,0.44622879,-0.46349693,-0.50821971,0.98236094,-0.15450373,1.98654938,-1.40611769,-0.24736483,-1.12737357,-0.78674458,-0.78999161,-0.48073228,0.78284211,197.97,0
70004.0,0.25718532,-1.83707191,-1.16642931,-1.18705124,-0.39888359,1.13032305,-0.00903273,0.15046595,-0.94244394,0.28711157,1.69577629,-0.08724108,-0.82473398,-1.16587471,0.26290348,-0.94130783,0.71338759,-1.01231703,-1.65611739,0.47995271,-1.29370307,0.60613459,1.03742794,-0.59281293,0.20830476,1.39215808,-0.46483013,1.59845394,5.86,0
70192.1,-0.92621136,1.40449894,0.93534863,-0.42998744,0.45533249,0.23705512,0.42652582,-0.93984073,-0.18705409,-0.82114643,1.32525834,0.81834046,-0.03959349,-0.04613002,1.44606161,0.61802233,0.29629615,1.51447541,0.79063189,0.7667771,0.41479378,-0.80665371,-1.99862976,2.16404798,-1.27133891,-1.7623566,0.48791279,1.1626034,346.12,0
70203.5,-0.21567977,-0.9984105,-0.11473212,-0.51731444,-0.5562346,0.56865835,-0.19280636,0.1547828,0.48260546,-1.04765814,1.25849565,0.05998019,-2.42662712,0.47001488,0.54081473,-1.83357027,0.06078964,0.23246469,-2.62370213,0.74926324,1.46019052,1.30156075,-0.11394285,-1.83717735,0.25331962,-0.57658346,-1.59411858,1.41539039,335.3,0
70327.5,-0.95714632,1.10744434,2.01953001,1.28709124,-0.08871667,-0.54321104,1.24211367,1.05322691,1.10867619,-0.49693926,1.16419857,-2.15014614,0.69234647,-0.31756545,0.55182723,-0.48918901,1.30371553,1.25984826,-0.63312276,1.16398651,-1.27965742,1.05929295,0.09251916,1.04441955,0.38257782,0.48862254,1.0568387,-0.20212945,78.98,0
70343.3,-0.51368926,0.82276762,-0.61044444,-0.59391333,1.18375041,0.56525392,-1.9690249,-0.53210975,0.29450414,-0.39474622,0.2703455,1.410139,-0.65742273,1.67327956,-0.11448958,-0.74561748,0.52412941,0.84467195,-1.16301283,0.01955647,-0.34443714,0.79257279,0.95362604,-0.80667821,1.22507467,0.76393138,-0.98803938,-0.15869246,120.33,0
70351.5,1.24216573,2.4818165,2.18367147,-0.08307679,-0.03915719,0.8607655,-0.76172682,-0.38998059,-0.43052942,-0.80057983,1.30054927,-0.74058992,0.30453451,-0.18129046,-0.27795736,0.59183971,-1.16103279,0.00665726,0.23882762,-0.32970786,0.17306605,-0.00438488,-1.55202614,-0.0814587,0.46844823,-0.45557819,1.14059914,-1.83565657,292.44,0
70372.5,-1.39987581,-0.64127647,-0.55761225,0.0993675,-0.87221839,-1.59372893,1.05727582,-1.51461129,0.68778476,-1.01451943,2.79440223,-0.57746786,1.65016196,-0.03208872,-0.63645037,-0.46425842,-0.29878592,1.83031124,-0.74122437,-0.74603066,-0.52748457,0.80530804,0.29036546,1.20728385,0.68394629,-0.04753982,-0.46377959,-0.41108833,145.05,0
70384.5,-1.23659101,-1.26874848,-2.02590095,0.32716922,1.99913618,-0.95536309,-0.56196962,-0.4575766,-0.53236936,1.22643516,-0.80251314,0.26482046,-0.16221732,-0.22944459,0.27868186,2.14874195,-0.02043582,0.78507826,-0.28236071,-0.05523022,1.04294133,-0.32437899,-0.84583669,0.63940275,1.74034034,-0.46276041,-0.2715543,1.81517138,160.58,0
70403.3,0.0176533,1.55838479,-2.00897809,-1.04306799,-1.78644216,2.07043489,0.63796818,0.75047061,-0.05388766,-0.84492436,0.7913346,0.83993053,-1.02513712,-0.37288933,0.20968859,0.96898494,-0.72913545,0.52080729,0.38320665,-0.92348661,0.96987585,0.25898474,-0.11861177,0.05223941,1.55879365,0.44244749,0.32515585,-0.27912773,43.6,0
70506.7,-0.04743142,2.06413733,0.26378159,1.9065111,-0.86991812,2.47956217,0.05084871,0.98295459,0.59784663,0.75696177,1.13440386,-0.62262832,-0.36922451,-0.65401672,-0.02546341,-1.61231992,0.48340038,-0.56041598,-0.97727775,1.46560264,1.08952208,0.60145489,-0.21110953,-0.56282407,-0.1627709,0.79536093,-0.39657344,0.19111397,123.48,0
70559.9,0.58192845,-0.86043269,-0.06993464,-0.18546563,-1.6866652,0.83832106,-0.05571951,0.57898865,-1.55068288,-1.60274139,0.62394658,-0.00265099,-1.06577651,0.26629114,-0.74210274,0.16208265,-2.17414162,0.07081332,-0.07367096,1.07686646,0.57470239,-1.43927201,-0.12375412,0.86624012,-1.69375401,0.34407548,1.00858278,0.34784987,304.29,0
70635.2,2.18971774,0.54505212,-0.96773157,0.85505216,0.36757734,1.00565689,-0.073016,2.20914935,-0.20712666,-1.17567021,-1.52339818,0.10909529,-0.47893898,-1.36946978,1.46048077,-0.72668149,0.01272873,0.2647112,0.54546784,-1.30235396,-0.68965311,-1.3840295,-0.47575889,-0.61600599,-1.45301514,0.41748321,-0.0365755,1.35721012,546.0,0
70647.3,-0.22855497,0.84694527,0.19865773,-0.06270742,1.63675902,-0.17951928,-0.07955323,1.00802102,-0.1074165,0.53070243,-0.42333394,-0.03392118,-0.54955092,0.35671833,0.40813734,2.99281315,0.7156924,0.3087107,2.73437456,1.0088439,1.08098284,0.93161816,0.28462788,-0.25195131,-0.37081049,-0.7153036,-1.17979384,0.37961537,116.45,0
70872.9,-0.64467458,-0.01558606,-0.07838205,0.50742042,-1.6750695,-0.83342426,-1.12432504,-0.98855301,1.24051531,-0.03237475,-0.64293351,1.07320924,-1.59709103,0.00779795,1.58370508,1.47719144,2.33173999,0.5925496,-1.03699075,0.17866073,1.55959417,-0.30157129,-1.0530939,-0.2339622,-1.79479902,0.99842026,-0.53314573,-2.69096486,84.4,0
70882.5,2.55997713,-0.09809113,0.63689585,-0.0310032,-0.13634789,0.55249605,0.24287972,-0.04764009,-1.16231292,0.52539156,-0.21261176,2.14949662,0.19698643,0.68314982,0.0063962,0.07125977,0.34744121,1.20198205,0.13785252,0.00695679,0.83048224,-0.22593373,-0.99078559,0.03270726,0.48452408,1.20443231,0.0365574,-1.56203865,100.99,0
71021.8,1.19304405,-1.96277066,-0.31243538,1.47150511,-0.38289974,-0.45981198,0.34032091,-1.25772991,-0.83956346,0.99193772,2.12203352,0.30761293,-1.32330468,-0.60845996,-0.66477513,1.74578864,1.08065024,-0.55482885,-0.16810683,-1.60995885,-0.72172372,-0.97897089,-0.14243443,-0.94712122,-1.40621684,-0.53479579,-0.03615566,0.51922066,249.6,0
71099.8,0.97861321,1.08376407,0.01293096,1.13507455,0.37347525,-0.60635138,0.07892668,1.1200845,-0.08984417,0.43346732,-0.31884011,-0.53367855,-1.17755994,0.00918964,0.4392724,-0.9991724,-1.3589914,0.47238811,-2.27579334,-0.65535622,-0.07339919,1.01246227,-0.06450538,-1.67661842,1.50538183,2.22742662,2.36292433,-0.07439126,212.72,0
71124.3,1.40536945,-0.14306944,1.28565108,-0.75574216,2.50873711,0.21297326,-0.01555438,0.24169447,1.63405474,-0.00472541,1.47530646,0.69580753,0.52614344,-1.21725662,0.0206232,-0.94730366,-0.35644774,0.19185123,-0.50133672,-1.25321272,-1.48578297,-0.6730678,1.59342148,-2.75130739,0.39622082,0.24028994,0.89467331,-0.77162587,86.08,0
71344.6,0.39303201,-1.18211789,1.86700498,0.19389487,-0.6588358,1.17467314,0.8214538,1.91439216,0.96137582,-0.7481878,0.03963388,-0.05252986,0.83497563,-1.65440852,0.59947729,-0.40389282,-1.23150338,-1.40342183,-0.94641068,0.49314995,0.66133751,0.1743171,0.94677783,-0.53974062,0.6301551,0.55211671,-0.19959007,-0.75694624,123.66,0
71403.1,1.29509998,0.85056274,-0.67584167,0.8232081,-0.5354514,0.34342305,-2.21377153,1.53674545,0.3314396,-0.77447184,0.36097158,1.79366349,0.50656435,1.59667449,1.31293851,2.59958994,-0.56149939,-1.07758513,1.29687385,0.20785143,1.26974158,1.16866892,0.31003245,-0.25615382,-0.63497599,0.43024121,-1.01867122,-0.38723109,295.18,0
71544.1,-0.02311092,0.33723287,0.8349461,0.38432151,0.06488688,0.44859465,0.23682321,1.09083607,-0.48143984,0.30035274,0.0101375,1.24158691,0.0321788,0.33336737,0.4029946,0.68991663,0.24867365,-0.00037065,-0.29477122,-1.12127167,-0.67686016,-1.85168742,2.25672076,1.23950692,0.3967025,1.03245905,0.19910529,0.98227593,205.23,0
71612.1,-0.45085684,-0.47869767,-0.38623889,-1.10215611,0.05520866,1.45997142,1.66641717,0.05808001,0.05964205,-0.47101606,-0.55447271,0.28187671,1.16618689,-0.31536513,0.71974011,0.23495008,0.63967323,-0.90007157,0.47117248,-1.40737165,1.34146069,-0.10224755,2.00430804,-0.65068774,-1.21107577,-1.03636265,-1.88346004,-0.05656241,421.33,0
71784.4,-0.61136681,-1.65045863,0.12133603,-0.3966214,-1.20138337,1.59150172,0.60337074,0.07575778,-2.00600711,0.92438144,-0.05792203,-1.11692538,0.18629468,-0.99795412,1.59139812,0.10612455,0.79951622,1.00764812,-1.39026809,-0.70452311,-0.69792193,-0.80331421,0.56049914,-0.8541334,0.94938078,-1.0814376,-0.34596438,1.04011833,391.11,0
71809.7,0.09365401,-0.67528956,0.12839359,-0.36764067,-0.24476507,0.54842456,-0.11388018,0.54577554,0.1713488,0.39437624,0.55583366,1.12325464,1.02958046,-0.34055527,-1.05719992,-1.43692428,0.3065022,1.28816363,0.45013058,-0.01080828,-0.43223537,0.77110575,0.66034466,0.43363852,0.45889497,1.15926867,1.1018152,-1.51262285,220.16,0
72081.7,1.45671605,0.90557514,-0.97094726,0.76387032,-0.74763155,-0.9355701,0.20492569,-0.51031369,0.92497181,1.07758119,-0.91896018,-0.11558023,1.68360487,-0.1683088,-0.36292332,1.04711781,-0.24977561,-0.72815472,-0.08363679,0.02259909,-0.91451979,1.30153252,1.6795438,0.83790401,0.27205073,-0.00364902,-0.73385117,1.02554099,190.61,0
72096.2,0.83043687,0.8208701,-1.19803557,0.49844244,0.97151037,2.15963704,-1.23752505,-1.75932312,-0.83624018,0.23974209,-0.67483916,0.50939232,-0.94102587,0.4687745,-0.72418602,0.25002221,0.36635043,-0.19861658,1.77340595,-2.43221787,0.82851173,1.74138929,1.01476235,-0.49100881,-2.35518445,1.43295944,-1.27564054,1.4727175,133.08,0
72154.7,-0.11020348,-1.18637962,-2.96092992,-1.70243642,-0.43645317,1.40951532,-0.53882143,0.81407366,1.36840341,-0.8381505,0.11738807,-0.49853472,1.10711155,-0.96311841,0.49716225,1.39450253,0.65470339,-0.93722211,-0.42528941,-0.35094547,0.3433116,-1.28951296,-1.4941396,-0.7208912,1.21422809,-0.30967872,0.21323782,-0.1376484,263.92,0
72224.8,-0.14982359,-0.27840152,-1.27281735,-0.66325102,0.3315431,1.34906103,-1.15320648,0.07685366,-0.05108379,-0.03896195,-0.38705559,-0.50635673,-0.79622665,-0.44931382,0.45604508,0.32893436,0.52956363,-0.81523575,-0.16243321,-0.79546959,-1.20006668,0.05863873,-1.7926816,1.94626268,-0.58482797,1.50174323,-1.22443087,-0.66680983,232.12,0
72438.7,-1.05211349,-0.6104293,0.61989712,-0.26961288,-0.15570258,-0.72192476,-1.18381911,0.90893766,-0.26939957,0.82917838,0.00454641,-0.38806864,-3.47500513,0.93224376,0.3899673,-0.00956655,0.18012813,0.76411311,1.88403568,-0.83987595,0.69715596,-0.66071457,1.03757049,1.58490125,-0.39583682,-1.31725198,1.45219407,-0.1167412,548.26,0
72488.7,0.79865649,-0.49215061,-0.30435796,1.18985815,1.10618734,-0.46786059,0.06561665,-0.63287659,1.38531345,0.93521909,-1.95331839,-0.55039376,0.70548715,-1.34627063,-0.47972371,1.44327741,-0.16956623,-0.41560871,-1.63135598,-0.89746821,1.20447565,0.09782303,-0.80426334,0.82458786,-1.18167395,1.85394866,0.46357184,0.3476856,117.16,0
72611.2,0.22114148,-0.12414393,0.43134385,-0.53048276,-0.00526598,0.8315598,-0.21636368,-0.21279263,-0.18151703,1.04224144,0.8077339,0.37675751,-0.64262701,1.01007898,-3.28978405,1.26962599,0.60016195,-1.00193858,-0.48389235,-0.42929486,-0.19548684,0.60449197,0.60737665,-0.55473296,0.16495321,0.84150155,0.0541825,-0.39872828,87.74,0
72644.1,-0.0887757,-0.38462327,-0.00030127,0.21555481,0.21917124,-1.15536328,0.53897963,-0.4394678,-0.38820623,-2.97290694,0.78994446,1.29423306,-0.28863881,-1.03588392,-1.2264914,-2.56117649,0.51054826,1.2454076,0.61404594,0.65123265,-0.22554491,-0.59992156,-1.18694329,0.18082262,-1.51077788,-0.54390385,1.97970102,-0.72859717,255.09,0
72791.7,0.54710965,-1.9525323,-0.81591063,0.3509548,-0.03772734,-0.6177051,0.74284572,-0.14898229,1.26315314,-0.80522051,-0.316239,-2.27832773,0.1345393,-0.51554455,-1.81850408,-0.90197341,-0.49308101,-1.39425546,0.16688653,1.00844101,0.02577565,0.37928723,0.1292924,0.45044944,-0.92798821,-0.21927325,0.97041023,0.62435468,204.77,0
72847.7,-1.45014151,1.38546157,1.30981602,1.22178218,0.64083607,-0.77825514,-0.1327224,1.88950307,0.44273178,-0.5034803,1.26070294,1.06689285,0.39384378,0.48701662,0.8042611,-0.34225014,1.15487878,-0.35526006,0.61914132,-0.73500624,-2.03532043,0.31257638,-0.66071111,-1.08558784,-0.76502366,0.02744263,-0.51308337,-0.80264598,111.01,0
73029.6,0.64980139,1.22360366,-0.06676825,-1.64330412,-0.13444411,1.53332343,-0.06712088,1.75963699,1.02094988,0.66061371,0.5070647,0.01333201,-0.54414495,-0.7290535,-0.66651522,0.45051957,2.10373275,1.52147065,0.31882037,-0.33910333,-1.21775352,-1.18104026,-0.62261438,0.72896286,0.57815975,-0.08678321,1.03527115,-0.44727577,507.58,0
73221.0,-1.21686716,0.93116158,-0.57875444,1.11786731,0.0070313,0.39523957,-0.72570876,0.03245116,-0.00575154,1.04861159,-0.46550304,-1.56240389,-1.10347802,-0.67895984,0.63635443,-0.89458628,-0.9795081,-0.30448601,-0.01978752,-0.08739507,-1.28389239,-0.31377578,0.95268389,0.39273377,0.3828744,-0.75918559,-0.28132048,-1.24956478,230.32,0
73228.7,-0.75554464,-0.3010762,1.15290706,0.50959104,0.30174787,-1.08224712,-1.36037909,0.62025845,-1.00301749,-0.25751993,-0.8435356,-2.12206476,-0.71620208,-0.79955568,0.96808851,2.31533304,1.42204553,1.4280911,-0.5426939,1.62200992,-1.77308032,0.08463341,-0.41163994,-0.12259126,1.45023372,-0.47917315,0.27972194,-0.22951297,35.21,0
73239.4,0.0725539,-0.47787714,0.10665009,0.47015503,0.21722991,0.39225597,-0.5940747,1.08519966,0.2107912,0.57743054,1.36526068,0.9029833,0.77452253,-0.27852186,0.08890588,0.89681071,0.31075548,0.75464505,1.12909315,0.0879711,1.03546264,-0.05387586,-0.78593153,-0.88811887,-0.38822637,0.75298384,-0.03384984,-1.0562751,68.66,0
73476.7,0.03743438,-0.08903209,-0.08339817,-0.90949868,-1.87878259,0.42877567,-0.64371936,-0.79229314,-0.08386813,-2.17672514,-2.70976229,0.36132329,0.35237411,0.23465494,0.45860123,-0.28076617,0.5802983,0.01392645,-0.04158423,-0.50093923,-0.31010907,-1.20222664,0.88183738,-0.14890532,-0.22072551,0.25053674,-0.59290954,0.37215744,235.41,0
73545.0,0.18234869,-0.83173801,0.17824875,0.71108596,-0.03565281,-1.64129232,0.57502022,-0.44383641,0.77601975,0.01384917,0.73073171,-0.24311048,-2.27712684,0.24783442,0.71827637,-0.23809091,1.27408903,0.46955105,-0.38776726,0.7410471,0.98985491,-0.76124466,-0.1206169,-0.33588399,-0.40594641,-0.23946213,2.07408992,0.58306865,70.31,0
73550.4,2.798228,-0.51257432,-0.76379533,-0.36707547,0.71668555,0.08021809,2.21221814,-0.84282829,-0.6975732,1.2509657,2.05149863,-0.05107334,0.67238118,-0.39274069,1.37720183,0.95683985,1.04893327,0.26466628,-1.60757103,1.06316067,0.71025836,-0.00690237,-0.99690788,1.63119742,-0.19453851,0.94740021,-0.6982203,0.29053569,505.26,0
73956.9,0.58223557,0.22383507,-2.09369428,0.38670905,-0.44988088,0.25440006,0.12435058,-0.57752209,1.32849208,0.80312517,-0.54438997,1.13547757,-0.32717384,0.21703972,-0.06289145,-0.34572768,0.25576685,0.27947634,0.86119826,0.74851707,-2.19055902,-0.66779887,1.39257103,0.21196287,-1.04605656,0.14670812,-0.2755532,0.46393933,179.88,0
73959.8,-0.84491251,0.46278161,1.71668809,-0.86110261,-0.53365764,0.25235028,0.41277976,-0.6260831,-1.49412334,1.0176304,-0.49160229,-0.80063734,1.04207096,-1.49367225,-2.04831532,1.4196752,-0.07998328,1.0268289,1.17809952,0.56320124,-0.14557581,1.33663996,-0.41720553,-0.5426922,-0.69341124,-0.09965902,-1.46436308,-0.89198765,90.31,0
73982.2,-0.7728069,0.50527104,-0.65852797,0.19552624,-0.03750806,-0.4020126,0.26762728,0.2765878,0.26959842,1.66820702,-0.37342393,-1.14508361,-0.42596346,0.53902575,0.29642513,-1.72855402,0.36749822,0.7629093,-0.05628741,-0.69257177,0.21902223,-0.79552009,0.14325746,-0.88603275,0.17575304,-0.80621274,-1.57690053,-0.06424422,119.21,0
73986.4,1.1306844,-1.0438218,-0.99926793,0.16504368,0.11944813,-1.37324628,-0.36073614,0.29787939,0.69690993,1.40859848,0.78135233,0.56704612,1.16539382,-0.20405624,1.18901002,-0.33295519,-0.98568982,-0.10612327,1.57206235,0.62206492,0.17249079,-0.02241982,-1.18984677,0.19163239,-1.25147663,0.95720187,0.52233888,-0.02747237,196.66,0
74085.3,0.34473976,-1.25646525,1.46141086,-1.93206071,-0.89953477,1.32950553,0.19666828,1.67785034,1.70986915,1.38719872,1.52838567,0.08278445,-0.93864785,0.82480822,-1.14626894,-1.66762395,-0.88044396,0.06656922,0.15865569,1.25717974,-0.17668441,2.39647834,0.08804113,0.76615952,-0.57658729,0.24940868,0.29841722,-0.87727981,142.87,0
74127.3,0.37959789,0.36484962,-0.31977671,1.57414831,0.70179623,-1.87059288,-1.81130851,1.93938111,1.00410322,0.4205403,-0.5944779,0.34156101,-0.33592518,0.6471743,0.60002423,-0.62407177,2.31417833,-1.35415854,0.29166984,-1.23865717,-0.79323631,-0.41821062,0.17856273,0.48995833,-0.61730873,1.27357101,0.70924515,-0.13005766,65.48,0
74533.0,0.05109058,-0.8979523,-1.1218416,-1.19812696,-3.42339332,-0.76959246,-1.20838139,0.39826828,-0.38281152,-0.14580994,-0.68540538,0.35010413,0.41811625,0.57784525,0.89452172,-1.93515536,0.58874274,-0.15599757,-0.98654522,-0.01432947,-0.58743365,-0.00719687,0.83373833,2.3306561,-0.01158363,0.41477009,-2.34562188,-1.09978687,14.64,0
74605.8,0.34633395,0.59298287,-1.85379679,-0.78555425,2.00250436,1.35078866,2.78341129,0.46767874,2.46726063,-0.72658013,1.35213854,-0.45216941,1.55577057,-0.51991346,-0.35936939,-0.81609932,1.57747369,-0.99671897,-0.4204386,-1.27273708,0.45896045,0.42731309,-0.0470279,-0.74064492,-1.58998378,1.78319947,-0.11850116,0.26028798,475.19,0
74748.2,-0.33661652,-0.7882375,0.72510845,-0.46964089,1.69660183,1.50202723,-0.71294913,-0.51948349,-0.15141978,1.46406676,-0.52978863,0.11152745,-0.63208104,0.68861623,0.87661837,-0.17569466,0.16766965,0.00479841,0.11225449,1.14802708,-0.04372367,-1.74914822,-0.70576893,-0.37739465,0.15595672,-0.04249223,-1.02093304,-0.36253698,67.11,0
74782.9,2.20097437,0.58733332,0.69573476,-1.1903594,-1.74294647,1.43980245,-1.33251789,-1.04330487,0.53170344,1.05337599,0.85287886,1.27762395,-0.8045768,-0.16722972,0.66338208,-0.59659533,0.39059671,0.11203254,0.27872252,1.47213172,0.49154537,-1.1459296,0.74509404,-0.82353701,0.44405412,-1.61642748,0.81922509,1.43808078,236.54,0
74903.6,-2.00344058,-0.59570772,-0.02787426,0.24501518,-1.92435037,-0.90064811,0.34550783,0.00542371,-1.11426469,-1.19881943,-2.39334275,0.26425688,0.2576268,-2.20296245,-1.41229856,0.8897652,-1.15800951,-0.33580298,-0.26064771,-1.19921016,1.13061962,1.99262274,0.01303511,1.41289071,-0.17343379,0.6129221,0.00556203,-1.84308704,275.29,0
74921.0,-0.89487242,-0.31589211,-0.25156231,-0.02549089,-0.15623115,-0.35741074,-1.0098927,2.84612416,-1.16861873,-1.23794369,-0.57782044,0.2486184,1.19391298,1.00946644,0.81642062,-1.2684604,-1.65839064,-0.57581511,-0.5954177,2.16169994,-0.41190994,-0.96127929,0.24602219,1.19083823,2.27758817,1.33565634,0.77268764,0.55264594,95.63,0
74981.3,-0.37868092,1.7070596,-1.80272897,-0.8012678,1.34765998,0.05383902,-0.84750515,0.40082667,-1.02306498,-1.75515484,-0.86521059,2.22995016,0.69483637,-0.29813583,1.06819769,0.38214108,-0.7856404,-0.09387458,-1.18026308,0.85594822,1.0973101,-1.1805879,0.93999383,-1.10486401,1.03244547,1.54560328,0.73803797,-0.459743,145.31,0
75107.4,1.08658184,0.56378013,-0.46993807,-0.02383723,-1.25995867,-0.38933688,-0.09492647,-1.45974734,0.7690581,0.10277187,-1.35448532,-0.95360687,-0.81723233,0.43759205,0.51955808,1.28293323,-0.79695735,0.41267033,-0.39114121,0.91224546,-0.27971615,-1.37869937,-0.01220277,0.46546204,1.30440742,-0.07658657,-0.19105171,-0.75936774,34.84,0
75117.1,0.09488444,-0.82774891,1.29446004,-0.25622782,-0.91313657,0.03294249,0.58813021,0.35499597,0.17513289,-0.49898402,-0.90292873,0.59053781,-0.41974869,-0.34629988,0.7476321,1.78986116,0.83248858,0.52958493,-1.59667469,-1.37436612,0.54371736,1.06198546,0.64136194,0.48036227,-0.37927538,-0.11670116,-0.38937457,1.61086343,42.18,0
75233.7,0.63722635,-0.77751009,1.23222191,-0.7314347,0.36857618,-1.40592826,1.21127199,2.46268294,0.54765936,-0.52681677,0.28217747,-0.78191847,-1.72711945,-0.40529828,0.0908016,-0.18080932,-0.42562178,1.17136596,-1.37207838,0.87403487,0.06726584,-0.87797103,-0.44514262,-1.10750836,0.32408591,0.98160796,-0.25255317,0.11367918,122.49,0
75248.7,-1.37975974,-0.26372083,-2.58118597,-0.22870206,1.80285647,-1.1165947,-0.27306884,-1.4896092,0.63823753,-0.22531919,1.94073306,0.20683944,-0.37217997,0.5502725,-0.50622796,-1.33930818,0.30194777,-0.1748688,0.16631505,0.37545733,-0.51031967,0.42157637,1.73769657,-1.10779953,1.73742551,-0.24280325,-0.76662665,2.42722057,126.76,0
75369.1,-0.79622618,0.58674523,-0.17783018,-1.1898738,-0.47074749,0.86447309,0.32694127,0.38094954,-0.41825061,-0.15240598,-0.33477309,-0.25242593,-1.27399988,1.52565687,-0.52394399,-0.26332443,-1.13160401,-0.67856388,-2.2934999,0.69356474,-0.06025979,-1.18755712,0.36851404,-0.40837356,-0.79735725,-1.84947201,-0.8682718,0.52662762,41.78,0
75452.1,-1.93493801,0.33707753,-1.33556089,-0.33928522,0.89015559,-0.78164954,1.42144726,-1.15148027,-0.68632303,0.11687726,0.96548138,-0.85588237,0.66490997,-1.18559661,-0.23689856,-0.18061399,-0.4633083,0.15078834,-0.45687721,-0.33420121,-1.26268433,0.48526632,-1.60474652,-0.72286331,-0.59023111,1.36257553,0.7024225,0.43065228,274.08,0
75491.6,1.43579608,0.69567157,0.82612353,-0.90475935,2.15509906,-0.2617443,-1.09322383,-0.9385717,0.4585651,-0.20023529,0.12661723,-2.34298962,-0.90912816,-1.47621351,0.80049455,-0.63583843,-0.56204946,0.05534843,1.19693943,0.87250364,0.8978091,-0.7635824,-0.33370977,0.03347085,-0.99810345,-0.08957843,0.06258574,0.72050232,388.86,0
75498.1,-0.27616862,-0.69872184,1.29989734,-1.79615958,-1.09635449,1.24866758,0.39743278,-0.38527535,-0.71184929,1.46811698,1.12244146,-1.80028963,0.4415743,-0.88789077,2.29151324,0.06353767,0.19241835,0.93167675,2.46915398,-0.32414763,-1.01361979,-1.37283205,0.45605078,-0.36401243,0.90402224,-1.2686817,-0.47255201,-1.30838728,306.22,0
75517.6,1.40002686,0.98196576,-0.79245047,1.61791531,0.09778165,-0.8289041,1.79583086,1.02785502,0.09833192,0.83423,-1.10073781,-1.86061393,-1.24046992,1.17044976,0.02266185,-0.18206784,-1.16744287,-0.48217237,-0.48002913,0.45834023,0.25226624,-0.2008098,0.56907096,-0.94067406,0.17363947,-0.23986802,0.91203509,2.0145959,226.83,0
75579.5,-0.68357034,1.45692004,1.05262246,-1.41240271,-0.03778769,0.41131503,-1.87995488,-0.54095842,-0.55695262,-2.30381854,-0.79533707,0.12675515,0.4239624,-1.30057844,0.53947334,-0.19788927,-0.13139643,-0.59290577,-2.17136716,0.86394124,0.46631514,-0.02544919,-0.52833387,-1.35366938,0.4052383,-0.46516071,0.57599258,0.67254136,37.56,0
75588.0,-0.01413727,1.06565813,0.94726187,1.46412264,0.83376827,-1.43668314,-0.66736777,-0.1026166,0.63266759,0.52618286,-0.13023113,0.61056041,0.13522649,-1.12414918,0.02913982,-0.36633257,-0.81539442,0.2400693,0.10761905,0.66107231,1.25448901,-1.44387704,0.7719917,-0.1801745,-1.06558969,0.13223323,1.16492857,1.29629467,62.71,0
75792.4,0.08926902,1.77686202,-0.9966737,-0.17061669,-0.00922887,-0.46933391,-0.44109254,0.64104072,-0.15451662,0.08900037,0.01800548,0.57854784,-1.08082375,0.86088662,-1.81780262,0.75405017,1.69542896,-0.77973152,-1.27271765,0.88970369,-0.31380643,0.00833712,-0.33767619,0.58978625,1.74444646,-0.8863725,-0.39486142,1.24411969,387.59,0
76004.7,-0.45918494,1.58499883,-0.19040827,-0.5297409,-0.25885414,0.95013012,-0.15563146,-0.18052003,0.20268128,0.82506691,-0.66897608,-0.39130219,-0.29833654,-1.62713496,1.02010263,-0.02488966,-0.44962263,-0.41411006,-0.32484088,0.4831068,0.52206001,-0.6943144,-1.41047808,1.42182152,-0.60610775,0.05634981,-0.61324263,-0.0980639,121.79,0
76042.3,1.05251321,-0.48693543,1.83722466,-0.31146586,0.32129822,0.41072003,-0.12722434,-0.51080842,-0.56227046,-1.91399331,0.50980557,0.46716607,-1.63356763,0.27606261,0.90150094,-0.33052633,1.2949998,-0.40444294,-0.42618892,0.27568075,-0.25809934,-0.1249664,0.55014498,0.79124909,0.84875671,-0.04793975,-1.76305324,0.15631879,297.21,0
76111.4,-0.17971688,-0.32630862,-0.103993,0.27740035,-2.09086365,-0.12669641,-0.51404117,0.23134275,-0.08595049,-0.52650481,0.9331837,0.37374257,-0.21041521,0.45013961,1.16642435,1.29042659,-1.0149391,-1.25513054,0.47389024,1.10047042,-0.58388173,0.09269573,1.08129558,0.02207928,0.78270382,1.78180154,0.49824501,-1.38735162,70.31,0
76239.1,-0.60925858,-1.281979,0.989237,0.62923833,0.87181188,0.58363132,-0.61569616,0.88356659,0.48629369,0.19906508,-0.0140451,0.39476714,0.02627586,0.88856011,-0.73433338,0.2783379,-0.65989843,-2.54721172,-0.10808247,-0.94748855,1.49778772,1.04668229,-1.01348678,-2.78193006,-0.32758261,0.067757,-0.08755102,-0.50505272,181.3,0
76307.8,0.96512534,-0.55190193,0.71600817,0.8617234,0.95541788,-0.15856398,-0.10897178,-1.97987772,0.25278783,0.36367546,-1.50647888,-0.44030347,-0.04912178,1.78760258,-1.00421484,2.08837731,0.34229918,-1.29207151,-0.23245984,-2.62711249,-0.40529925,1.18351247,-1.06151749,0.04913632,-1.25236012,-1.40349844,0.21863777,0.64887232,102.87,0
76373.7,-0.02715968,0.49073336,-0.62241785,-0.80799317,-0.79335633,0.70889086,-1.29197918,-1.25889641,-0.67346474,-0.17593535,0.20835342,0.47416956,-0.07520118,-1.17597916,-0.07591445,-0.84224394,0.08831316,0.44685007,0.58038894,1.2006612,-1.37760573,-0.30336521,0.80131686,-1.43253826,0.79605045,-0.41517198,0.39778341,0.32771934,156.18,0
76401.6,-0.03232117,1.61434176,-0.64485617,1.30161375,-0.88426296,-0.84909056,-1.70046741,0.04443113,-0.45406176,-0.21338475,0.00412623,0.06471164,-1.77654049,0.40041352,-0.19678665,2.81940893,-1.04125252,-1.4506123,0.15002629,0.79299379,0.46475399,-0.41788523,-0.28041611,-0.67535318,-0.59743672,0.94660291,0.46933649,-0.39501833,13.57,0
76466.7,1.91096613,1.21906675,0.319321,-0.39622037,-0.69486461,-1.89161497,0.06547972,0.74619243,-0.07876474,0.21855848,1.42824514,0.03354702,0.15448887,0.00813427,0.2047422,-1.45282853,-1.23642712,-1.08767838,0.64763273,-0.93817579,-0.42776597,0.76106672,-1.07705523,-1.46030129,-1.50228173,1.64320801,-0.2167062,-0.76047131,594.24,0
76566.0,2.02202418,0.36337092,-0.70412683,-1.24779768,0.71930804,0.26199346,0.6374382,0.73668149,-1.46926124,0.11978542,-2.0058184,0.5193604,-1.08562887,0.46730654,0.72595451,-0.53946587,-0.02304703,1.22231617,-1.6538977,0.64363346,0.11837663,0.94814535,-1.65189116,0.00353651,1.10419643,1.3591643,-0.76925423,-0.27953619,548.35,0
76687.4,0.64233583,-0.70619647,0.10814529,-0.54719948,1.15361344,0.88035118,0.6984122,1.79327178,1.25737422,-0.39318468,0.26258678,0.5844207,-0.47539485,0.35228937,1.6828052,-0.01648888,-0.52210907,-0.11364464,1.10877209,0.51891789,0.17223432,0.31614393,0.14628453,-0.42941764,-0.53029795,-0.05771843,1.96088661,-0.84870797,157.56,0
76761.0,-0.12866447,0.68136504,-1.10173912,2.36016218,-0.6850626,-0.65076783,-1.36261616,0.16539343,-0.15808101,0.33736318,-0.81438406,-0.30777812,0.06177899,-0.77551268,-0.73114548,0.57321814,-0.80919265,-0.25829543,0.48870135,1.05566899,-0.33968777,-0.63158935,-0.42389286,-1.16005714,0.21129312,0.21759145,-0.33845145,-1.12663627,221.81,0
76971.6,0.17557982,-0.20233317,-0.37673063,-0.65581418,-0.04866069,-0.56296078,1.24145409,2.04988752,-0.76133735,-0.36360925,0.43358841,0.58308401,-0.76348516,-0.57083724,0.58661108,-1.63832568,2.21505537,0.30144797,-0.30410475,-0.15033536,-1.07338999,1.80250805,-0.08390126,-0.43508713,1.75702104,1.03194435,-0.19443129,0.4362471,4.96,0
76998.3,0.09940622,0.20827786,-0.63963723,-0.00773599,-0.51911705,2.21205471,1.81055331,-0.5454999,-0.28371907,0.29210838,0.89499477,-0.24498277,-1.95549155,0.49463381,-1.9026975,-0.10692657,0.68448186,-0.68227855,-0.65278552,1.08579267,-1.32771267,-0.87759535,0.15077136,-0.58637101,-0.66908277,0.34529122,-0.22381741,0.49626056,42.3,0
77269.5,-1.76746644,-0.41746081,-1.2050944,0.42060434,-0.08592983,-0.81638127,-0.52911544,-0.54718564,0.09804925,-1.25319136,-0.09468693,-0.49446889,-1.0988343,-0.84868485,-2.05260753,0.51689057,0.94880374,1.34270156,1.21791372,0.44541163,-0.64527391,-1.07460913,2.07765681,2.2584211,-0.3379388,0.91797125,-1.01466597,-0.41279337,194.4,0
77394.3,0.7705837,2.27593034,-0.95630411,0.47731858,0.19086972,0.10869363,1.01761344,0.7823858,-0.65960033,-0.5433221,1.71431952,-0.08314094,0.20232788,-1.53613154,-0.28727155,-0.05023016,0.80917106,-0.28113808,-1.83104844,-1.12159099,-1.37984376,-0.38015861,-0.0833856,-1.23346678,0.81247939,0.24831797,0.97642768,2.38861548,529.95,0
77438.8,1.88480468,0.73506829,-0.45618955,0.39757248,0.65538864,0.22210297,-2.65117663,-0.44269533,0.79262137,1.01748254,-0.66159313,-0.22893387,-1.53555277,0.22259096,1.29613761,-2.11370231,0.68871976,-0.27122194,0.07300251,0.82189803,0.63144032,1.2212871,-0.22450607,0.9056487,-0.26719069,-1.23194353,-0.71589393,0.66444998,102.27,0
77495.3,-0.1390227,-0.16295725,1.40491665,-1.20782404,-1.38320122,-1.07993952,1.32005261,1.53787527,-0.19257549,0.20341822,1.18156892,-0.48035696,0.20779812,0.13645564,-0.69146392,-0.37028222,0.04878198,0.26437672,-0.69142249,0.1801686,0.00014132,-1.504088,-0.66384947,1.10818791,0.87258231,1.14017406,-0.87806949,-0.91766745,242.23,0
77777.1,-1.44399,0.91591132,-2.13163962,0.64635864,-1.45778272,-1.48995848,1.31579157,-0.99357283,0.12134668,-0.47936659,-0.19728668,-1.63529305,-0.00137618,-0.78201942,1.19832318,-0.73963708,-0.44444668,1.67051908,-1.55958585,0.85890837,0.40819742,-0.32631962,1.35853741,-1.21837353,-0.14931044,-0.98270005,-0.65247108,1.12317731,81.06,0
77874.3,-0.05507285,1.17536755,-0.87799511,0.228315,0.11538843,-1.14987587,-0.56157923,-0.15952925,0.596863,-1.31367517,-0.06494644,0.01453901,0.97647715,-0.03086358,0.50716855,-1.04967668,-0.01822456,-2.53953747,-0.09451353,-1.6958305,0.32533253,1.96562877,-0.40691647,0.51318588,1.08941106,0.82487927,0.39730664,-0.84405708,331.24,0
77901.1,-0.77534526,-1.3562099,0.45035211,1.06165608,1.39969801,2.60210971,0.17559826,-0.04366123,0.35357073,0.38321611,-0.82899717,-0.43068663,-1.32753297,-1.43026635,-0.48266566,0.67483638,-1.87468288,1.23347737,-0.67381957,-1.03411264,-0.4505703,-1.81907529,0.60269059,-0.9495562,-0.23794245,0.75766438,0.61439145,-0.2573648,111.42,0
77990.9,1.78566258,0.39638136,0.91309637,-1.08222402,-0.70441833,-0.66609067,0.53606446,0.58086292,0.06102893,-0.78017034,-0.01078059,-0.24655666,-0.24045659,1.28111611,0.60598095,-0.55712328,-0.5435688,0.30075731,0.01895952,-0.9105993,-1.13957456,-0.68631796,-0.66174871,-1.20334379,0.15772485,-0.53008898,0.52144865,-0.70216631,364.64,0
78025.1,0.12257087,0.90153889,-0.99319201,0.2987353,0.87220717,0.59343932,-0.49238365,-0.83386457,1.30042474,1.85375472,1.72259336,0.77300772,0.37553201,0.24915192,-0.12855199,-1.82308752,-1.24643134,-0.46090734,-0.82824166,-0.33751207,0.6719464,0.64896505,-0.84488761,-1.43562841,1.07984668,-1.17790202,1.32787354,-0.26717942,107.74,0
78117.6,0.17241379,1.31164538,-0.18408338,-0.23922966,0.18700593,0.27479408,0.59583258,0.35774892,0.77543121,-0.15644501,-0.30526868,-0.98770514,-0.05539761,-2.57604033,-1.13216773,1.74551788,-1.33987435,-0.81799282,-0.77250923,-0.85505351,-1.43700442,-1.45828617,1.67443644,-0.61903392,0.2275724,0.13235211,-1.15101445,0.49524981,93.54,0
78157.0,-1.09908948,-0.46081156,-0.76864134,-0.02292195,0.19163299,0.90518488,-1.01023486,0.70274782,-1.18403954,0.95830069,1.08816375,-0.02576267,-0.02697987,1.18087762,0.67741958,-0.27407345,1.67856092,-1.72759879,-0.97513228,-0.45796804,0.62230198,-0.45583274,0.52580298,-1.2283022,-0.30372076,0.39189612,1.95357739,-0.07049992,143.84,0
78158.6,-0.66106155,0.85052048,1.19236354,0.81615073,0.35706122,-1.53029253,0.53926135,0.78826709,-0.16550464,-2.12152907,-0.48404648,0.34317358,0.76018296,0.42453819,-0.74685919,-1.45673361,-1.191703,0.51997635,-1.7561223,-0.69257104,-0.84484749,-0.77886401,0.42728991,-1.35580222,-0.61626251,0.90161538,1.58464387,0.09848906,203.66,0
78174.5,-0.6572318,1.18487133,1.1571214,1.0315749,-0.06524166,0.05229942,-0.01607268,1.65676565,-0.02725636,0.69525878,-0.40958092,0.84814333,-2.09178463,1.29120628,1.45400472,1.04716394,1.08748557,0.78407866,-0.10482176,-0.24160972,-0.14990898,0.55272982,-0.40347178,-0.97002103,0.40023924,0.19132018,1.02772534,-1.03149721,407.47,0
78209.0,-0.64743089,0.66275507,1.11599667,-0.92555803,-2.62264663,-2.01085555,1.0527393,0.11822743,0.2628054,0.6675898,0.87840641,-1.5579136,-1.67034506,0.98110698,0.50675847,1.60065399,0.05933173,0.4843504,0.81690131,0.57869022,0.33256032,0.11511567,0.89810039,-1.03207197,-0.32223696,0.59817976,0.60863312,0.0797424,90.03,0
78285.1,-0.14720953,-0.13980908,0.3381678,1.27945366,0.09354162,0.44376021,0.33192049,0.93091964,-0.11032225,0.11791083,-1.86493569,-1.04165567,0.6924113,0.83529606,0.8359019,-1.57823226,-0.79008987,0.21645843,1.21776709,-1.15564998,-0.24086459,-1.55353423,-1.35374942,0.50247426,0.58801789,-3.02975802,0.39196469,0.01974495,183.32,0
78452.8,0.2769396,0.77389827,0.2739116,-1.08145353,-0.42550595,-2.02655692,-0.54038182,0.51408647,-2.04019029,0.32741504,-0.1452843,0.20434615,0.55140312,-1.007368,-1.59252416,-0.00389145,-0.22857377,2.98133617,1.61833608,-1.15486606,0.62183544,0.78396745,0.27125442,-0.90029187,0.52514805,-0.88482993,-0.01817912,-0.04664938,110.32,0
78453.0,-1.50155111,-0.87010662,-2.09633461,0.329794,-1.36132429,-1.23350953,-1.97601461,-1.11798838,0.56841448,-1.31135412,-1.74964234,0.17826313,-0.34117129,0.43219001,0.7405598,-0.00849893,-1.29776083,-0.12379996,0.50025948,-0.58298896,-1.43746125,1.10261206,-0.41524764,-0.40923001,0.01596224,1.03047236,0.26361975,-0.33322599,258.53,0
78457.2,-1.28326519,1.29020566,-0.37306842,2.64359004,0.0964708,-1.36498376,-2.04069783,-0.73550165,1.4454006,-0.24712488,-2.50017236,-0.62509145,-0.2901185,1.36986036,0.43258856,-0.14999679,0.30294276,2.22426862,1.05904824,-0.74145342,0.68417592,1.13193244,2.32945553,0.28689935,-0.32330632,0.35764241,-0.47729718,0.15090003,113.25,0
78619.3,-1.03613161,-0.07886446,0.70504099,1.47578875,-1.8337724,-0.13515451,1.38117457,-1.97068942,-1.09348644,-0.08513514,-0.01362823,0.70462201,-0.26590955,0.56521165,0.44726442,-0.05109027,-3.68568417,-0.15528605,0.62212465,-1.76034097,-1.87631032,1.70908852,0.81486442,0.60274243,0.06432624,0.06242037,-1.09321863,0.03749427,179.45,0
78874.6,-0.12896098,-0.38908735,-0.44617609,-0.19727909,1.12058656,0.91877505,0.22874507,-0.74916526,-0.45539805,-0.06923121,-1.02474241,-1.87595535,-0.11572892,-1.08167913,-1.39812456,0.33584956,-0.6266794,0.96329295,0.83292845,-0.46267511,-1.08016589,1.44475674,-0.23366207,0.29096956,-1.58701396,1.35902464,0.34939425,0.25996326,133.83,0
78949.2,0.21453208,0.2555292,0.07116492,1.40653743,-0.33906109,0.05792657,-0.83338959,0.24385708,2.09542152,0.10167185,-1.02834801,1.30450922,0.83055853,-1.2734642,-1.06566872,0.44830712,-0.06627371,0.0331068,-0.38657407,0.09316697,0.56455326,0.26999543,-0.14090531,-0.41430339,-1.49752513,1.35284504,-1.48272346,-1.06067212,322.53,0
79061.1,0.91082329,-0.87828778,1.48146647,2.5030373,-0.90843602,0.24095483,-0.49436481,0.17569939,-0.07316957,-1.44881023,-0.20442541,-0.49503217,-1.31223647,0.07375846,-0.64835223,-0.70418604,0.77661059,-1.23468318,-1.3339323,0.69111978,-1.95805013,0.65866251,1.45684291,-0.48855293,0.77984102,-0.81545192,0.44145157,-0.53381792,451.73,0
79096.1,-0.86890628,-1.47774366,-0.83538782,-0.42194503,1.46762336,-1.37279034,0.98927399,1.40956625,0.1722455,0.60918566,1.33889748,0.22263311,0.97461574,-1.43996726,-2.40895687,-0.61974536,-0.40711361,0.76935907,0.08533715,0.67907651,-0.34306954,0.99326916,-0.30988722,2.32619486,0.19154652,0.91727268,1.39223779,1.62621074,352.23,0
79216.4,-0.48378024,-0.80807463,1.13990279,0.4791487,0.21274415,1.03813577,0.18774825,0.76822356,0.42906947,-0.80008703,-1.14045118,-0.60782201,-0.91392895,0.0844344,-0.12954344,-0.28715669,1.41885504,1.02507738,-0.49857127,0.12940884,0.67543688,-0.84143923,2.51824747,0.01069507,0.45081836,1.45947412,0.97914703,1.0681289,402.37,0
79242.5,-0.5797783,1.37371049,-0.24518341,0.4393297,-0.41661319,-0.40662419,-0.27550835,-0.18530702,0.3344362,0.4024797,-0.12928482,1.14865565,-0.46259977,1.71127505,-0.12515863,0.22854894,0.04116513,0.93878861,-1.04156378,1.13539362,0.29156945,-0.02443234,0.27188583,-0.03095516,-0.95584219,0.59759255,0.93119893,0.46451094,125.56,0
79319.9,-2.18779111,-3.83087871,1.14855384,-4.33877126,1.7297735,-1.4284497,-0.71434853,0.45123972,0.99280531,-6.76721758,-5.55126036,-0.7444586,3.08293407,-4.4331872,-2.24451163,-7.92718223,-7.20204975,-0.35282983,-0.11083344,-0.43348012,-1.38189638,0.60554243,0.70141404,-1.24115262,0.17156362,-0.09697513,-0.19623539,-1.06893427,250.93,1
79522.5,0.31603178,0.11231416,0.69711082,-1.27003733,-0.22672645,0.3918477,-0.28904136,1.10903642,-0.1732739,0.30914033,-0.0896221,-1.49539928,-0.02204359,-0.32934671,0.15545024,0.53587309,-0.07031957,-1.16732847,0.24831235,1.47999827,0.50698183,-0.67739952,-1.12299934,2.7906351,1.15100988,0.04667781,-0.18811925,-0.45638645,428.19,0
79608.6,0.37197649,-0.11275532,1.26109404,0.5267494,-0.82437134,0.60519032,1.35573198,0.24827713,0.20805927,-0.46518543,0.53793747,0.5605696,1.48178241,-0.48943777,0.67278762,0.74384559,-0.21833929,0.1137227,-2.74120391,0.55558834,-1.77864006,-0.93251067,-0.94204676,-0.18158364,0.36096956,-1.14628833,-1.95398839,-0.52389067,283.3,0
79608.8,-0.20132134,-0.12220107,0.27857426,0.24956966,-2.14246323,-2.38934468,-0.32041316,-0.64798417,-1.00115028,2.28468614,-0.13904011,-0.01447023,0.37296794,-0.65697646,1.2482473,0.82567672,0.17174947,-0.35867941,1.03374633,-0.47541234,-1.28394956,1.68703345,-0.28992656,2.40734942,-0.89528561,-2.00318335,-0.66740993,0.00419628,41.59,0
79615.4,0.07771058,-0.66032845,0.46724761,0.28197289,-0.35278389,-0.81036335,0.01389788,0.22373475,0.62631792,1.91526715,-0.5089021,0.84032149,0.88470049,-0.54040112,-0.71610042,0.25761206,0.52923091,-0.37873823,0.31663314,-0.21159927,0.3536515,0.25829564,-0.6163602,0.36679899,-0.31480348,1.20469215,0.20845931,-0.8204525,319.0,0
79669.1,-0.20966676,-2.58704357,0.52663667,-1.64724436,1.81034143,-0.09011741,-2.31745298,1.2439544,-0.71770422,1.32358108,0.18104646,-0.19422997,0.50896131,-2.60557784,0.34979593,-1.59348057,2.60008204,-0.02360209,-0.65452281,-0.99545842,0.8747191,-0.22533849,-0.61554353,0.0182205,0.21647169,-1.66607584,-1.10525871,1.60243287,24.09,0
79800.0,1.34617465,-0.44874481,0.34741431,1.18849362,0.93087401,-2.03990803,-0.66235779,0.42271468,2.54047843,-0.39725397,1.44655728,0.3470321,-0.51614322,-0.15652762,0.12789176,-0.01605101,0.65122315,0.81506019,-2.05650449,1.09348843,-0.46417912,-0.02659896,-1.00219123,-1.11906479,-1.17441496,0.35494473,-1.1773402,-0.63775922,244.8,0
79820.6,0.2191336,0.05314414,0.40410805,1.93042897,0.59784152,-0.79071451,0.94221636,-0.135059,0.83413727,0.19546558,-0.58863404,-0.06377551,-0.21479729,-0.58104038,-0.25200756,-1.2013725,-0.24243577,-0.64746108,0.83109972,-0.69124874,0.32801365,0.49796122,0.09396705,0.66571578,0.02287511,-0.96539404,-1.78384211,0.31144055,329.52,0
80054.4,-0.28030057,0.16387313,2.01833721,-0.68783889,0.74017668,-0.39043546,1.05689225,0.36645619,-1.10137649,0.95200966,-1.23388951,0.54890788,-0.73342498,0.94829854,-2.30734303,0.33418224,0.77503004,-0.83970222,-0.39368753,0.52446312,0.53148583,-0.28361175,0.56100675,-0.02787123,-0.19179727,-0.76913151,0.69411747,0.10852292,33.22,0
80060.2,-0.97675412,-0.03466959,0.77581132,-0.77814749,1.74953407,0.67187535,0.14476481,-0.161393,-0.18940636,-0.96228129,-2.1028437,1.04237553,-1.33116791,-0.68437575,2.33083431,0.28375743,-0.25045842,-1.02439996,0.99109834,-0.33188883,-0.71894324,-0.64419842,1.0353619,-1.25934677,1.11498523,1.27994443,-0.02318637,0.7949959,394.94,0
80105.1,0.42219242,-2.61635179,-1.11011548,0.72668978,0.90744574,0.9584301,-1.05099193,-0.47015654,1.77440717,-1.10474747,0.44538904,-0.30236111,0.73160747,0.24024572,-0.78230254,-0.60549606,0.51915496,0.88781542,-0.10889193,-0.10210528,-0.33675778,0.19362056,-2.21778658,0.66394354,-0.54027607,-0.31226153,0.75933043,-0.60802259,632.63,0
80223.4,0.50178018,0.36364499,0.80328289,0.20326223,0.27586099,-0.82090815,-0.0321442,-0.44565013,0.01579296,-0.30610666,0.88227075,-1.18281491,0.45051619,0.82577079,-1.28909171,0.5319248,0.3190904,-0.30544987,0.25227301,-0.58332758,-2.07890401,1.49494995,-0.13500318,0.97794085,1.06050789,-1.44678612,-1.05996512,-1.43690002,380.55,0
80402.0,0.35010043,-0.05380662,-1.88424427,-0.29453621,1.78157213,0.3022924,0.0694848,1.22219863,-0.02187864,-2.11150072,1.43344748,-0.12608759,1.00308497,-0.32880624,-0.60891984,1.27966273,-1.61422399,0.543249,-1.22473441,0.40688385,0.08092672,-1.14600279,1.09105841,1.20643493,1.24752108,-0.66580118,-0.20640977,-0.27663381,112.85,0
80436.1,-0.70874874,1.97603593,-1.03095195,-0.99757542,0.54480447,2.07965709,-1.07601976,-0.95705565,0.81255094,0.18102708,0.61595556,1.25926853,1.13514583,-0.58250999,-0.01958961,-0.75781994,-1.0366976,-1.26256892,-0.06583677,1.1266844,0.25379799,-1.27356073,1.55927621,0.98490442,-0.42387638,-0.50895022,0.75382501,-0.00144896,227.56,0
80597.0,0.24987834,1.11778439,-0.24333269,0.3915581,-0.58144695,2.20561106,0.85065616,-0.22707984,1.35400785,-0.14244944,0.33478454,0.72755905,1.54120996,-0.32974958,1.98927793,0.98355314,1.01141317,0.83708407,1.10620712,0.46930628,0.15111774,1.47459629,0.36385084,0.84311607,-1.01174902,1.53478289,0.41423148,1.46927578,235.61,0
80662.9,-1.23154108,-0.93225261,0.22453602,1.45540111,-0.87267044,0.44310646,0.70250863,0.39669645,0.11633259,-0.17275935,-0.50670399,-1.57415204,-1.34222712,0.42758002,0.0687013,1.04732657,0.17010202,-1.51729204,-1.01142114,0.21742728,0.39943152,-0.03165537,-1.10802397,0.04956781,-0.28917799,-0.24008692,0.73016763,0.46270534,366.92,0
80726.5,0.32089201,-0.12438548,1.30381309,-0.34584768,1.2479312,-0.81778614,0.11349971,0.03948905,-0.4092614,-1.50095539,-0.53201359,0.59964798,1.26670255,-0.22876136,0.700238,0.73827561,0.60810794,0.25655978,0.41236026,1.01459547,-0.13658554,0.02188389,-1.4325454,0.35149579,0.6754905,-0.47588893,0.40698992,-0.9702106,79.6,0
80740.3,-0.19521192,-1.84250487,-0.18084259,-0.59366521,-0.15461741,0.2848959,0.17835624,0.80568348,1.24107292,1.77651584,0.30923973,-0.3105311,-0.3215332,2.1302246,-0.9879145,1.68096479,-0.62057078,0.14091314,1.51207199,0.00757265,-1.30198437,-1.71651974,-1.17403314,0.20471886,-1.07173139,0.29477447,0.38804325,2.53372679,8.2,0
80914.3,-1.46013449,0.41840273,-0.27684649,-1.08435055,0.08169122,0.70710846,0.89037381,-1.06130706,0.85186497,-0.5193649,-0.46053413,-1.40578676,0.49916032,-2.00794363,-0.23731362,0.071731,-0.91944004,0.14364558,-0.59397993,0.14757833,0.15320742,-1.35330494,0.32458667,0.3345014,0.7351501,-1.62673535,-0.66438834,1.28650692,169.25,0
81044.4,-0.59342849,0.74163682,0.40644548,-0.1625646,1.77778637,-0.09257612,0.31799873,-1.34721136,0.65692808,0.09648191,0.84985921,0.59114934,1.47984572,-0.87152312,-0.52675052,-0.79570631,0.45307003,-0.14851211,-0.36964418,1.62658945,0.62637498,-1.45726267,-2.22345654,1.25039613,0.3921567,-0.65939249,-0.6923533,0.0271697,264.84,0
81047.5,0.68090519,-0.08619117,-0.45015183,-0.47726846,0.51486469,-0.21145049,1.47944458,0.07514402,0.05706983,-0.37193334,1.90157267,-2.46236478,-1.15493361,-0.98383267,1.52894967,-0.1014268,-2.03513387,-1.67637313,-0.32785948,-0.93380234,-1.02848393,1.02584235,-0.23723266,1.37997945,0.13113191,0.20536714,0.83187051,-2.18748799,199.45,0
81167.9,-1.31423869,0.21297006,0.31791246,-0.3399458,0.19130592,1.49121881,-2.54478805,0.26238435,0.24843953,1.30462062,-1.49138616,0.81943287,-0.61517951,-0.62558959,0.00531292,0.87262254,0.77426109,-0.61060873,0.08411207,-0.88684691,0.88807879,0.06780084,-0.768546,0.65277485,0.17452625,-0.60696886,1.17724994,-0.88861569,255.3,0
81205.4,0.18183024,-0.33270408,-0.24524381,-0.53754718,-0.80363098,-0.69137615,1.07416346,-0.91133037,-0.26941463,0.51866801,-0.10398894,-0.88425852,-0.74849538,1.32155665,2.48978658,0.30633843,0.19240592,-0.16962467,0.63869843,0.56183045,-0.74737974,-0.18075246,0.73033264,0.76701227,0.71268024,1.35461434,1.03763104,0.08405754,222.41,0
81327.2,0.99584251,-0.20358819,0.23436395,0.29918469,0.43531983,1.66254788,-0.59616954,1.07705336,-0.72264775,0.49315723,0.55113793,0.47544191,0.55998687,0.61649965,1.78053431,0.86184052,-0.1214794,-0.50311177,-1.07011974,-0.95250187,-0.3084328,0.03055699,-0.01291258,-1.62249925,-0.56043784,-0.89463843,0.53029745,-2.18825803,77.62,0
81375.1,0.95137076,-0.01805202,0.62330515,1.18501903,1.14593619,-1.12730891,-0.55052406,-1.32281064,-1.82797059,-1.63765207,0.13348221,1.21580284,-0.63545797,-0.96143804,0.49220187,-1.26096708,2.08200252,0.32004844,-0.24011104,-0.52156746,-0.87443689,-1.36458721,-0.46061622,1.97185024,-0.74096973,1.43162115,1.02484461,-0.24629668,278.11,0
81383.3,0.4976379,-2.09311662,0.20571957,1.40622427,1.81151275,-0.95055784,0.2762217,1.0443217,1.20583868,-1.83965678,-2.00957583,0.15429326,0.4983154,-0.12456994,-0.32786011,1.27802762,1.47750657,-0.59218873,0.15769748,-1.15687716,1.73549323,-1.40424016,-1.07009117,-0.88981155,-1.0484771,1.2775605,2.32164417,0.26068328,3.99,0
81605.0,-0.22857646,-0.74866313,-0.58332307,2.71778694,1.17304096,1.09741821,-0.06767111,0.03972793,-0.50231812,-0.47803217,-1.19614509,1.3078475,0.23023903,0.2576302,-0.14393849,0.35550925,0.87384035,0.85401181,0.112619,-0.81449689,-0.69389082,-0.17458379,-0.9088209,0.68681814,0.69846615,-1.13075934,0.04189517,-1.02191381,279.64,0
81651.3,-0.51718686,-1.20058021,-1.73856529,-1.00954465,0.57872313,-0.28524193,-0.69285687,0.58962516,0.54921284,0.37139648,-0.01322994,-0.03674905,-1.31860995,-1.84522122,-0.80642014,-0.78867779,-0.8189444,-0.17321102,-0.47404508,-1.30460246,-0.10288781,0.33600163,-0.49254474,0.81906905,0.31545708,0.38944668,-0.37354143,0.41347332,258.62,0
81771.8,0.00225198,-0.23140177,-2.16967099,0.29904717,-0.55099432,-0.23300001,0.83222617,0.43088162,-0.93361354,-0.57210458,1.01558341,-0.15101167,1.22711685,0.12436252,-0.04671491,-0.87211453,0.95752102,0.84258198,-0.78040784,0.31419451,0.71873065,-0.10467086,-0.62303903,0.26573117,-1.14391396,0.44279204,-0.64353203,0.8848716,38.78,0
81799.3,0.55447699,0.19327137,2.31739632,0.86070613,1.34602028,0.9772432,-1.07443468,0.70625375,0.21355711,0.53954817,1.19218724,-0.02645363,3.09070817,1.27033309,0.55217514,0.24711216,1.77246705,-0.82895696,-0.0850159,0.19637321,0.81609661,-0.73111271,-1.14953976,-2.07234078,-0.33184787,1.49207147,0.08533744,-0.430738,279.86,0
81973.9,-0.20493702,-0.45126362,-2.16898163,0.54288244,-0.27228764,0.96696788,-0.81253694,-0.20442624,-0.90380834,-0.35208316,-1.03163523,-0.52165818,-0.49111692,0.9877066,0.12732684,-2.23773283,0.43983237,0.29956676,0.13828363,0.475267,-0.6351706,1.37537777,-0.16711635,1.16319853,0.88531957,1.6865745,-0.3261752,1.38858901,436.41,0
81974.7,0.66509358,1.33260663,1.38644207,0.38505778,-0.23340697,1.04221797,-0.91375144,1.56081598,0.01571479,-0.29718753,-0.13691673,-2.27114379,0.78786553,1.56782798,-0.49454649,0.04655593,1.26374194,-0.97925219,-0.74176268,-0.48862696,0.47568229,1.42583991,-0.79547114,1.54472882,-0.20914012,0.40334122,-0.15531846,-2.01359614,37.24,0
82028.7,1.91887986,-1.1105361,0.22468916,0.226854,-0.14085317,0.67330605,1.20651933,0.16674376,-1.16367714,0.46058674,-2.1430154,0.82931986,-0.44832247,0.38761879,0.84178544,-0.87668061,-0.0134659,0.49562625,0.07888127,0.64823351,-0.31706917,-0.10744935,1.02631465,2.01451126,1.06483358,0.41857847,-0.2361648,0.03496609,100.32,0
82145.3,-0.88912426,-0.39440073,-0.47251029,-0.09985914,0.5098591,-0.23988033,1.22549177,-0.0262347,-0.85316463,-0.31523444,-0.51673426,-0.93398239,0.85988401,-1.1033781,-0.50007855,-0.0370223,1.45825616,0.39599594,0.12678441,-0.79242844,-0.88493346,0.12476031,0.02672576,0.62571082,2.10336403,-0.36488053,-0.12761893,1.23245653,312.68,0
82183.9,0.25479573,0.42225176,0.16163588,0.35691608,-0.90179863,-1.2258211,0.05692029,-1.84475801,-1.20774481,-0.74707877,0.87225664,-1.39218815,1.23293542,1.87828389,0.28393296,-1.3414641,1.48164229,1.26503806,0.18374841,1.12940989,1.20781449,1.89308423,0.32662965,0.08852629,-1.93537178,-0.7553957,-1.45027916,-0.09955234,102.32,0
82320.4,0.1755654,-2.81614624,0.58421541,-1.51560666,0.1801542,2.13742955,0.97060012,1.87562236,0.03812343,-1.04316567,1.26485941,0.54141834,1.45720746,1.27616326,1.52283263,0.75056199,-1.50308887,-1.18928415,0.78058557,-0.40672288,-0.30835073,-0.92377349,1.30279369,-0.09124848,0.23696188,0.72517411,-0.75850846,0.31410156,132.88,0
82395.7,0.02519771,2.35218435,1.55938738,0.41960346,-0.06413171,0.45232382,-0.90499667,-1.58931379,0.47430341,0.66661402,-0.55049031,-0.77992494,-0.06073128,-1.8852734,2.17429928,-0.25000609,-1.21386084,-1.34957997,0.444299,-1.26505135,0.08811398,0.00662608,1.12493022,0.71163183,0.76965784,0.86422639,-0.07982094,-0.45721335,277.34,0
82524.2,1.60230535,-0.23397169,0.10177195,-0.06081773,0.1567421,1.02596488,-0.64722048,-0.22094975,-0.98796775,1.35491568,-1.02558584,-0.53829651,0.94992276,-0.82160881,0.54873954,1.02499757,0.92498431,-1.46742707,0.1314697,0.50317674,-0.76602037,1.5252265,1.52935411,-0.43515539,-0.72524929,-0.10536763,1.28099937,-0.97095208,217.68,0
82540.7,-0.60317736,0.41664207,1.39333023,0.10056213,1.30754364,-0.18403886,-1.40784361,0.25988924,0.37609396,0.27346285,-1.26243158,2.94545728,-1.51413282,-0.78883047,0.65371265,-0.54006598,-2.35477116,0.4912225,-1.35351222,1.27019544,-0.44789551,0.12488037,-0.89454214,1.4884511,-0.191433,1.00611449,-1.8150551,1.8133535,352.03,0
82541.4,-0.82285931,-0.06215216,-0.86028058,0.66363877,-1.45952261,-1.19987726,0.91942674,-1.64321905,1.51618551,0.86085786,-1.19927519,-0.49743193,0.95900931,0.69726669,-0.93230014,0.26398064,1.18485824,0.54416747,-0.32011476,-0.77963891,0.36713132,-1.31071511,0.34498399,0.58510811,1.80529912,1.31701111,-0.45643693,-0.42815088,112.76,0
82604.1,0.1609716,0.44752681,-0.0440921,1.19698559,-1.95789949,1.82440864,1.32007718,-0.30112911,0.27519303,0.10570422,-0.44391986,-0.12656583,-0.40586789,-0.67389771,0.01900655,1.03223511,1.1742811,-0.74622201,-0.42854295,0.10409004,-0.14791565,1.43509903,1.63521626,-0.04527359,-0.08114879,1.19231679,-0.22240811,0.14053912,13.57,0
82635.1,0.47458426,1.72917464,0.78203181,0.24513728,0.87502267,-0.38199909,-2.58267819,-0.84457085,0.60645614,0.87804995,1.03942681,0.24591579,1.20223895,-0.33233299,-1.87191336,-0.79759396,-0.63801852,-0.11683327,-0.21840445,-0.186166,2.23163618,-0.98914999,-0.14595202,-0.26727544,-0.56268928,-0.60070227,-1.63370052,0.1329531,103.01,0
82648.2,0.31440236,-0.1662729,0.42106726,0.14845863,0.65555275,0.22003086,-0.78385719,-1.69750419,-0.28146711,0.22944762,0.08991044,0.624284,0.34048995,0.47089167,0.71577061,2.69290267,-1.12857432,-2.69323703,0.1402653,-0.18766901,1.05648429,-2.32447603,-1.06079454,-2.60096147,1.5876606,-0.84685805,0.51302845,-1.16820275,65.97,0
82731.4,-0.05660068,-0.16392608,1.19627473,3.66553431,-0.7050673,0.45213786,0.75311807,-0.120579,1.01868042,0.96575328,-0.56098893,-0.2908798,-0.20991426,-0.5831613,-2.5928672,0.59016159,-1.77140624,-0.66373555,0.05177736,-1.50308773,-0.82672937,-0.64864275,0.084859,-1.26027786,-0.2690243,0.4606663,1.54147281,0.87083075,37.45,0
82746.1,0.19783233,2.3824488,-0.47694732,-1.6989891,-0.71208461,1.25262248,0.76449346,-1.56329874,-1.90343414,-0.55927933,-0.17786345,1.18274261,-0.51315672,1.65640519,0.96357623,0.54596165,2.16974954,-0.46303382,0.97666261,-0.61098874,-0.59139776,-0.56789486,-0.67398192,0.27322336,0.01874205,-0.91948854,-0.05456713,-0.31314697,91.94,0
82856.0,-0.10933601,-0.32979373,-1.55184082,-0.9957874,0.33344396,1.10598488,-0.21746978,0.07104036,1.33771318,-0.03174516,-0.100293,-0.50780042,-1.222616,0.83012451,2.66171377,-0.05150465,0.03120939,-0.23918132,1.48129291,2.08149924,-1.75234764,-1.97297882,-0.00738835,-1.30840629,-0.59984546,-0.78149299,0.20964058,-0.45160682,288.38,0
82991.1,0.0207656,-2.18327756,-0.93099682,-0.88718392,0.21060151,-3.1030077,-0.27914641,0.52517678,0.22904264,-0.98008723,-0.06124954,2.03226128,1.22551435,-0.39641706,0.3332774,0.11465725,0.19568502,1.19046779,-0.12916062,1.06517739,0.72718674,0.28185256,1.09890081,0.69425198,0.45691887,0.25928484,0.79953186,1.01095935,134.8,0
82998.6,0.15814526,-0.80363325,-2.56097208,-1.42141131,1.08155133,0.68650275,2.23310013,1.39484399,1.15015278,-1.02837006,-0.17079757,-0.35075088,-0.11525112,0.48038428,-0.8770237,-0.76894434,-1.45830531,-1.59899526,-0.73319423,1.13641256,-1.34962814,1.32061376,0.51360131,-0.53083915,1.52152699,0.24075966,-1.74027517,0.87614091,127.0,0
83150.5,-0.30840218,0.03062134,-1.54758254,-0.21076347,-0.68912427,-0.39007363,1.85648231,0.44805337,0.21225554,0.830707,-0.50071515,0.97896535,-0.41340712,0.78955212,1.2627723,1.0080579,-1.38933074,1.55390133,0.46800098,-1.03583364,0.69092858,-1.00473814,0.07841887,1.05117734,0.18238764,-0.24593151,0.76107731,-0.19643014,308.4,0
83198.6,-1.47126269,-1.5125193,-0.87921218,-0.2079717,0.21910009,-1.01029993,-0.08843034,-1.89659741,-0.4902138,1.53016277,-0.49567686,1.13558458,0.39432288,1.46901643,0.64084042,-1.99207497,-1.60165673,2.10290175,-0.04787298,0.24707682,1.39604413,-0.14419924,0.71361585,-1.08777919,-1.03390265,0.86007525,1.10040882,-1.25461107,27.74,0
83235.4,0.58060985,-0.21479324,-0.62523068,0.51186677,-0.57829623,1.20358037,1.77976263,0.17956536,-0.61498725,-0.34593916,-0.76190922,-0.16343637,-0.7652665,0.37584835,0.80864107,-1.16718217,-0.0678219,-0.83099188,-2.4044617,0.68856684,-0.79531479,-0.11344645,-0.96809092,0.26787293,-0.88494415,0.88298375,-1.38534149,0.43695559,405.48,0
83449.0,0.51206817,-1.43111611,-0.11431179,0.37212638,1.00085134,0.39563259,-0.67224693,0.06673887,-0.67855125,-0.53776864,-0.32146777,-1.59583172,1.74513025,-2.08864448,0.65527213,0.70456015,-0.81180807,-0.3312008,-0.77154886,0.16498149,0.00590071,0.45123554,-0.24613857,0.95337242,-0.56551086,-0.50095343,0.39096758,-0.44174219,65.48,0
83545.5,-0.44385686,0.54487447,-0.35925811,0.02795139,-0.20172926,0.21635338,0.58566352,2.10308963,-0.72472485,0.86214934,-0.29594546,0.08669953,0.87848809,-0.10767301,-0.34792604,-1.16301954,0.9106369,-1.66517638,-0.1047813,1.24943258,0.67049802,1.29274494,-0.96464679,1.0900726,0.61688556,-1.0361149,-1.55482086,1.5290729,144.02,0
83671.3,0.41720501,0.67429002,0.35388543,0.03000709,1.40033487,-0.54838078,-0.36669747,0.66705586,0.5307913,0.85259753,-0.28401078,-1.31470608,-1.23758214,-0.43267272,0.79242517,0.79226418,-1.81591122,0.53389577,-0.08722657,-1.04210587,2.19077503,0.26395789,0.82741523,2.56752544,-0.5811194,-0.39679019,1.48901566,-1.30767097,106.49,0
83710.8,-0.37696846,0.81436332,0.45686383,1.21379883,0.13453634,-1.23776402,-0.67076765,1.31055968,-0.04805193,-0.25443818,1.51970025,-1.09644889,-1.37529631,-1.01181743,-0.9435049,-0.54628214,-0.39937533,-0.77503504,1.00865091,0.19962367,-1.92868339,-0.20143189,0.10353546,-0.07885593,1.62186539,-0.23476581,0.38375996,-0.08949999,81.91,0
83886.6,-1.30299329,0.26535173,1.51733044,0.20602178,-0.62924077,0.61653533,-0.93435366,0.67755876,-1.15439184,-1.47071321,-0.41719443,-0.55665895,1.58555044,0.40543661,0.2817941,0.51159353,-0.23854222,0.97195392,0.64046288,1.86389764,-0.73360526,0.98141109,-0.70178043,-1.4550829,-0.02055612,1.74900167,-0.44773075,-0.52168307,29.74,0
84044.4,0.53014768,1.20106837,0.24496539,0.13270135,0.55298066,0.82248422,-0.68838831,-0.91426668,-0.7563738,1.79249405,1.19981114,-0.6183823,-0.47804394,-1.59380376,-0.19335458,0.08472001,0.79619978,0.70934692,0.06303968,-0.13233098,0.96688901,-0.18672304,0.30161577,-0.34710529,0.84234734,-1.79419,0.50692494,1.21027202,344.04,0
84074.3,-0.54668872,-0.48597506,0.03751593,1.81356173,-0.04544959,-1.87022568,-1.02878696,0.1299534,-0.48328815,-2.15680102,0.08015475,0.9150202,0.95476938,1.00010243,-0.60421599,-0.4192512,0.86311299,0.89377326,-0.47432977,0.35210372,0.77035543,0.49955259,1.957561,-0.13852024,-0.83716874,0.36147415,-1.18849825,1.56396912,38.97,0
84094.8,0.59521844,-1.21678499,0.79284748,0.03062433,0.86245267,0.97092968,-0.58355349,-1.00788436,-0.13443453,0.658024,0.9622652,-0.13899391,-0.09814112,1.18670819,1.86643043,-0.4835122,-1.1311376,0.82025863,0.39201584,1.30707389,0.25173929,-1.07780591,0.61522899,0.55195581,1.06066997,0.0573169,1.3703262,0.25838157,443.51,0
84123.4,0.48056932,-0.95613147,-0.00653158,-0.8977067,-0.33715429,1.0409164,-1.61234904,0.92821169,-0.61046295,0.04156784,-2.10468677,-1.15275847,1.04016197,0.37914293,-0.17881412,-0.997496,-0.07626623,-0.54865628,0.6492153,-0.3903554,1.65153836,-0.04346483,1.46030666,-0.99050673,0.38516516,1.50734255,-0.19334202,-0.511645,10.78,0
84230.9,0.22908766,0.18356176,-1.40097219,0.64291525,-1.73385815,1.37440437,-2.06764214,-0.65247713,0.73850354,0.24035358,-1.08611206,1.09305614,-1.0092037,-0.05844898,0.58791844,-0.6870492,0.2364057,0.52222073,1.15189258,1.16638767,1.62111783,0.55220119,0.82662425,-0.40914849,-0.93149451,-1.94551656,-0.51637656,-0.6806762,237.19,0
84297.9,0.13679026,0.45791428,-1.02280187,-0.80307293,-1.05231979,-0.01593285,-1.48106364,0.31457383,1.21182847,0.12977547,-0.35540602,-0.62179387,-0.79719066,0.67390832,0.38484807,0.52904011,-0.79122314,0.47989762,-1.40711615,0.26430142,-0.66288933,0.87959469,-1.25964039,1.02100388,0.68773489,1.18318855,-0.1335305,0.34108558,244.77,0
84340.5,-1.01561754,-0.51654307,-1.2595365,1.01142259,1.57883948,-0.68726429,-0.23884853,-0.42809325,-0.25753034,0.67999271,2.35721655,-0.4795511,-0.31229593,-0.71219723,0.83514652,0.42247062,0.8515854,-0.70561707,0.06546269,-1.66206824,0.8756835,0.68925352,-0.42780394,-0.80539889,-1.96590509,-0.20337366,-0.41759372,-0.11697349,18.05,0
84360.0,-0.31334807,0.72312568,1.16188493,0.72701934,-1.11340244,1.06417033,0.10266459,0.03989768,2.00748042,1.51401676,1.12218233,-0.16669614,0.36517263,-1.42075773,0.27860923,0.09637601,1.07231305,1.27575766,1.45211686,0.58521817,-0.45211159,-0.04756085,-0.03390086,-0.6591758,0.55038542,-0.67613035,-0.89665349,-0.91257143,118.87,0
84401.0,0.85430578,-0.50228076,0.17001745,-2.59185574,0.48882661,0.11459253,-0.51057814,0.14944499,-0.55936575,0.0669266,-0.93215337,-0.33451748,-0.56789099,-0.45027171,-0.2439636,1.54655389,-1.01429283,-1.66111135,-0.72294767,-1.16087949,-0.2949503,0.08745948,-0.06774544,-0.29309514,-1.10868292,0.06395096,-1.50031672,-1.30908799,190.82,0
84527.5,1.03391864,1.00339567,-1.76725563,0.78131064,1.56600964,0.09090923,-1.78024088,-0.19766612,0.87495438,-0.58225729,-1.41983332,-1.09177794,-0.67231665,-0.80132157,0.86953308,-0.90396673,-0.60655269,-2.03534379,0.32493739,-2.18841724,-1.13641253,0.72464341,-1.33013326,0.40048134,0.81954561,0.97189164,1.0454707,1.57972203,633.11,0
84650.2,1.57076446,0.09442757,-0.52079266,0.74654431,-1.08565323,0.21122128,0.3704511,1.48725817,0.14491617,0.5639142,0.99335432,-1.65688954,-0.6733093,1.06104122,-1.58387225,-1.58732998,-0.77362145,1.01363456,-1.89283737,0.02621943,1.76336096,-0.59105733,-1.52925387,-0.00280083,0.68969909,-0.23865136,0.11009276,0.26675327,225.68,0
84688.3,0.35885716,-0.33827134,0.22687705,-0.08270244,0.95782046,0.52022233,-0.99684214,0.18360096,0.28788505,-0.11097525,0.07181254,0.14994794,-0.45214393,-0.60896518,-0.26367016,-0.81651002,0.81549019,0.87654003,0.60038419,0.6940371,0.10343933,0.22226949,-0.22400614,0.55761327,-0.05641575,0.9035067,-0.18270502,-0.6148664,11.56,0
84721.4,0.27672279,0.04798798,-2.16724195,0.17127266,-1.2371605,0.19696875,1.39201603,0.79938746,-0.48468533,-2.20797656,-1.59589233,0.46706372,0.15570608,2.87160575,0.84118441,0.18437967,0.33357279,-1.93541806,0.21449126,1.00564307,0.52312996,0.03388268,1.13338285,-1.32336816,0.9964933,-0.42722633,-1.11533574,-0.01452539,7.18,0
84730.0,1.33392758,-1.7202515,1.72664079,-0.42601509,0.95971204,-1.05455159,-2.34493371,1.70824571,-1.61562937,-1.03376288,1.20273956,0.08947757,-0.18599099,1.33493172,-0.28253461,0.80093598,-1.23662559,1.42732711,-0.55633721,0.17870201,-0.71839153,-0.81345806,-0.27981097,0.91736096,-0.24487797,0.1945187,-0.47170153,1.32387668,278.25,0
84762.1,-0.50901301,-1.32402448,-0.54562797,-0.93460735,-0.20292454,-0.46012844,-0.62111221,1.26989317,-0.3664869,-0.72193982,-0.7176038,-0.5372503,-0.63447558,-0.17866422,-0.90691964,1.73597214,-0.00666898,0.46541096,-0.46152153,-0.08165964,-0.34745891,0.1930349,-0.66754679,0.54330136,-0.39891269,-0.94211473,-0.17734059,-0.95944615,254.2,0
84776.8,-1.94904587,0.00508873,0.70744328,-0.04244254,-1.3517594,0.44858151,-2.27771596,0.8842464,-0.35427692,-0.44590469,0.95440141,0.03819153,-1.63087862,-0.15741058,0.47422935,0.83395465,0.64086915,2.44185689,-1.78549986,-0.29232149,0.58329101,1.10793147,0.66189082,-1.49447456,0.13181788,0.33554116,0.17121026,0.52897826,104.16,0
84916.7,0.07206095,0.36258757,-0.4114057,1.02210483,0.47187846,-0.01663895,-0.2593287,-0.26469161,-0.16891605,1.21449162,0.35600893,0.04037007,0.02140398,-2.0450365,0.62316118,0.39671666,0.76385796,-1.31955362,0.24488437,0.43574282,0.60187751,-1.18951261,-0.00419962,0.12689042,1.54283618,1.02952693,0.03055632,1.75899762,4.8,0
84923.7,1.47873812,1.0527061,1.18634882,-0.4798363,0.03790067,-0.66672853,-1.30902816,-0.51473727,-1.19720188,-1.94049501,0.29596772,-0.99568421,-0.04184674,-2.65784868,0.08868972,-0.69212268,-0.62534316,0.87050842,-0.12231316,0.29912867,0.05346025,0.4812021,-0.79155373,-0.01164986,-0.23323982,0.70890468,-0.57645149,0.75331899,220.1,0
84982.2,0.43418346,0.58900412,-0.97730256,-0.37515789,-1.02540397,0.05695463,1.15549019,2.07325436,0.07171585,-1.66225039,0.77759798,0.78958785,0.95740428,-0.29312706,1.18933832,-0.09837436,0.89514865,-1.27700752,-0.70689949,0.6043113,-0.31974259,-0.95919093,0.30310136,0.43209294,2.48967675,-0.25801088,-0.78079418,-0.74625831,576.9,0
85180.3,-0.4925101,-0.8659846,-0.15392673,-0.45099474,-0.9116053,0.52456202,1.08823314,0.193245,-0.13691623,-0.05844285,-0.46848609,1.36103265,1.08940513,-0.86470481,2.1020742,0.57693386,1.09278076,-0.26020107,-0.13562754,-0.79374546,0.93485814,-0.10764883,0.72990363,-0.93080547,-0.91070587,1.27298642,-0.27833014,0.22842162,41.75,0
85195.1,1.19259775,1.16676391,0.38920072,-0.66180605,-0.48237576,-1.87806198,-0.11223642,0.84635418,1.65562601,0.04971794,-0.23839604,1.73531192,-0.20748368,0.22208705,0.1442644,1.98299367,1.1527116,1.12462626,-0.65995565,1.59757114,-2.91511158,1.05917758,-1.32007707,0.11418607,-0.58642614,-0.08931332,-0.12629768,-1.17626413,421.85,0
85202.5,0.17530219,-0.04638905,1.20938685,0.11497832,-0.91260294,0.54039802,-1.03829482,-0.89042533,1.27968197,-1.24496827,1.54190657,-0.69260441,0.18140547,0.76721764,-1.49390539,0.25534804,0.96839169,0.75187996,-1.26684893,1.14613289,-0.29672667,1.28749966,0.67476489,0.99397097,-1.3190673,0.10463041,-0.86432681,1.28437346,181.69,0
85260.4,-0.80933914,-1.87543915,-0.61072054,1.42230661,-0.61635575,-0.01409169,-0.11110997,2.2695181,-1.42616136,-0.18817851,-1.1002237,0.69338678,-0.67430273,0.54494765,-0.62585698,-0.62046985,-0.91843592,0.41623082,1.38739116,-0.4356595,-0.0822551,-1.44490259,0.44169374,2.7389304,-0.95056451,0.46098381,0.5867869,-1.52399971,225.96,0
85526.8,-0.26737518,-0.41347739,-0.95051555,0.61996856,-0.97838368,0.21736127,0.12428971,0.05769697,-0.8291848,-0.19316558,1.22693694,0.54352334,0.96283871,-0.08008198,-1.7022831,-0.46646818,-0.15067794,1.30150816,1.13595387,0.42484515,-0.85652765,0.12844721,-0.26173149,-0.24350826,-1.2335221,0.46390465,-0.02984276,0.80438182,277.41,0
85554.3,-0.44812441,-0.16839805,0.39111245,-1.87291606,0.63608025,0.51111515,-0.57338302,0.07065507,0.33320934,-0.44604261,-0.27858335,-0.46961879,-1.30499066,1.30583522,-0.11405188,0.18739453,0.85540712,0.32509682,-0.21323161,-0.13504664,1.59410213,-0.06486091,-0.67036922,-1.14678003,-0.65012323,-0.21377649,0.57807339,-0.83208192,204.71,0
85590.6,-0.96521941,-1.05154281,-0.85097576,-0.58044901,0.14189486,-1.17083807,1.13986456,0.23263469,1.56952844,0.506462,2.52049532,1.09698415,-0.37350276,1.44792536,0.39992684,-0.26859277,-0.30350466,-0.14322376,-0.24846604,-1.431139,0.91999451,-1.11016156,-2.48941244,0.69760973,-0.36143224,-0.33979249,-0.78830975,1.08116227,123.97,0
85598.4,-0.01787243,2.35846774,-0.9924187,1.8292149,-0.91702941,1.29336712,0.07539455,2.22999854,1.78198527,-0.64772267,2.93570147,-1.12415886,-0.31362069,1.80790314,-0.73478311,-0.64135136,0.1306304,0.45248667,0.38718231,-0.74569735,0.19689352,0.63742541,1.5039906,0.32816049,-1.25297944,0.0284175,-0.62059357,1.31903091,330.86,0
85739.9,1.76308418,-2.27177923,0.03535397,-1.78416252,-0.21714943,-0.05819163,-0.40130502,-1.48691989,-1.11572891,-0.8445906,-0.24810861,1.28849978,0.70908543,-0.47219523,1.27387771,-1.36806249,0.68502132,-0.1752347,0.23632479,0.63846219,-0.67957502,0.80115813,-0.00930999,2.4117989,-0.30426109,1.26917484,0.64709043,-1.17412642,428.16,0
85803.2,-0.25670438,0.48168888,-1.4942667,-0.00398843,-0.14951116,-0.49720887,-0.22903866,0.43480965,-1.34820207,1.30733561,-0.54650253,-1.68761471,0.08195997,-1.04648405,-0.34926661,-0.1690073,-0.56138319,2.49238806,0.48365834,-1.17192366,-1.87277334,-0.09900245,0.90554878,-0.52471575,0.02195102,0.43241994,-1.19963866,0.51900006,35.94,0
85846.9,0.13131487,-0.29538363,-0.43076513,-0.54079741,-1.95569097,1.5532689,-1.47666566,-0.15377547,0.93154478,0.32814394,-1.87093479,-0.13376586,-0.37930966,-0.81717218,-2.18350858,-0.03627051,0.71091305,0.08917135,0.11521008,-1.22591197,-0.85135789,-0.28657521,-0.29435026,0.57087936,-1.12079044,-0.10053512,-0.11031126,-1.08140569,418.98,0
85899.1,-0.12119947,-2.24065845,0.07435911,1.86163332,-0.56460941,0.15357559,-1.06529003,-0.35574066,2.36937691,-0.29515187,0.32678773,-0.67644279,1.26464586,0.06114527,-0.14115448,0.50906137,0.23263174,-1.80701908,0.0951837,-1.8995076,-0.40608608,0.74940084,-0.69502238,-1.64275296,-0.79323051,0.77546164,0.68693107,2.02518396,118.4,0
85970.3,-0.17619104,-0.55585202,-0.9889868,0.57866526,-2.05650455,-0.00013755,-1.1092277,0.00268221,-0.61100135,0.1084399,-0.95224533,-1.29483171,0.67835123,0.09527142,3.019427,0.54885798,0.17992933,0.04453448,-0.98809516,2.2265316,-0.15523257,-0.38668474,0.40298652,-0.79979124,0.937544,-0.29379518,-2.07805788,-0.87667792,102.31,0
86021.4,0.05815748,1.64273191,0.93054277,-0.15764661,-0.02323742,-0.65605743,1.36985747,-0.39971321,1.99974599,-0.44102294,-0.92673876,-1.93153137,-2.39389149,0.78999092,-0.77405103,-0.13212293,-0.90202073,-1.8880626,-0.80504991,0.65729798,0.8597067,-0.03273005,1.17153965,0.30944645,-0.76144825,1.14699229,-1.00693172,0.44735784,522.42,0
86025.0,-0.97242556,-1.49328451,1.50148305,-1.28488906,1.75109045,-0.50139803,-0.68034297,0.96341259,-0.35906537,-1.00095193,-1.67299544,-1.03112811,0.00753613,-0.39506522,-0.78617461,-0.54909918,0.16007652,-0.46192071,-0.05812065,2.58340464,0.15940242,2.44108977,-0.01977749,-0.04781003,-0.31430265,-2.23740753,-0.67036604,-1.00804972,119.54,0
86348.8,0.64825978,0.22998978,-0.64085802,-0.77507089,-0.56162197,-0.40814246,1.29926965,-0.82771957,0.50784976,-0.60921243,0.6198432,0.05696644,0.17058143,-1.31102751,0.5620828,1.20533856,1.59845027,0.4189383,-1.60962465,-0.50239757,-0.68307335,0.00628841,0.1816253,0.15436959,1.06411071,-1.11685945,0.09301388,-2.01972463,200.18,0
86417.3,1.07683982,-2.1602165,0.64588981,-0.55668053,-0.16460165,-1.76415521,-0.25054129,1.16909739,1.34864891,0.61235753,0.80634047,-0.29811202,-1.5392615,0.02852639,-0.77053795,-0.04730742,0.01957906,0.38860331,1.0982986,-1.45481487,-1.8871089,0.96809957,0.20540757,-0.25572721,-1.2246012,0.66893226,0.04451026,-0.94838649,510.55,0
86476.5,-0.12531901,0.18448263,0.82128463,0.6333372,0.48244939,-0.11830425,0.51480455,-0.20129981,-0.41794412,1.02004056,0.30746956,1.10661693,-1.06180192,0.16023156,-0.28772441,-0.82784948,-0.56622183,1.73286279,1.45833676,1.28708602,-0.89928861,-1.20513436,1.47283891,2.46752427,0.02367651,0.61875532,0.68553711,1.08227238,263.43,0
86533.0,-0.11608977,0.3279261,-0.05336857,-1.76284939,0.73554499,-0.92267797,1.44200882,0.9651636,-0.28133739,0.03616436,-0.24256724,-0.4573933,3.09831066,-0.93619688,0.05533759,0.99147157,-0.38433906,-0.62854279,-1.32910105,1.19203533,0.71200299,0.46993361,-1.50879588,0.50358284,0.28530441,-0.33806378,-1.3767408,-0.05668261,129.71,0
86698.7,-0.2993794,1.7009546,-0.52214445,-0.5449646,-0.65891469,-0.26198941,-0.19096327,0.69120405,-0.04842316,-0.43559628,-0.6988326,0.54616657,0.48685264,1.27981912,-0.08635734,-0.59484783,1.10514698,0.46742064,1.44651889,1.26574778,0.69250817,0.19307767,-0.06735663,1.13980991,1.21190331,-0.07532255,1.46186308,-0.48895364,140.47,0
86748.4,-0.0353142,-0.76132681,-0.24086774,-0.47398454,0.10476916,-0.99550264,0.98400105,-0.32946798,0.74406318,-0.99912509,1.2840376,0.48892013,-1.91755006,0.40693547,0.66245371,1.68320991,-1.71600269,-2.33361452,0.19188626,-1.33883456,0.95433242,-0.79893885,-2.16493106,-0.3598344,0.97594955,-1.33441157,-0.14948443,-0.07963708,52.87,0
86777.6,0.47482826,1.01164862,1.39086209,-0.23234928,0.82041475,0.83035898,-1.21022659,-1.71632088,-1.01973068,-0.3458966,1.09946341,-0.09068928,-0.84413245,0.67694915,-0.78342396,-0.92154482,-1.00251787,-0.47777729,0.698428,0.85451373,-0.42299726,0.44704281,3.2460668,-0.90768362,-0.27542033,-0.19397081,1.75353659,-0.02678394,245.33,0
86819.4,-0.61289733,0.97896461,0.41655521,-0.50003627,-0.33528687,2.41384252,-0.1273587,0.40294631,-0.52528158,-0.07601576,-0.40852743,-2.29274277,-0.00147944,0.26576365,0.53482962,-1.68838068,2.74158309,-0.8635431,0.76342114,1.29932165,0.22598122,-0.62089972,-2.1564494,0.12226197,-0.26764372,-0.08664927,-0.44058139,-0.06858622,184.81,0
86823.7,-1.1956751,0.94299724,1.24654033,2.43890537,-0.35470833,-1.05205311,-0.05747906,-0.14309765,0.32198315,1.27911485,-0.62873482,1.22564564,-0.0768251,1.258864,0.09113906,1.12540371,-0.72356876,-0.62259268,-0.68757904,0.00531386,-0.29411929,-0.91919007,0.49369479,-0.64206291,0.22609512,0.47960986,-0.64005753,-0.33066088,248.54,0
86897.8,-0.12632177,-0.35554352,-0.45071776,0.81468626,0.34313306,-0.43079754,0.5750042,-0.11460088,-0.88333247,-0.81809856,-0.06852967,-0.64190964,-1.64807002,-1.06817227,-0.88773281,0.28408633,-1.79734413,1.0221155,-0.02757886,0.66647965,1.00042561,0.73089282,1.3627203,-1.1286073,1.79293484,-0.26689973,-0.86183385,-0.20465924,252.8,0
86906.7,-0.44898583,1.4440367,-0.34888439,1.55491508,0.01231594,-0.60674959,-0.57769841,-0.54093644,0.00232715,0.95588739,-1.22348717,-1.60465218,1.37778727,0.36614574,-0.39704667,0.368233,0.58357082,-0.94058408,2.16794102,-0.8786674,0.61579147,0.00261461,0.62993186,-1.36616704,-1.22312985,1.31929909,-0.3859865,-0.6815853,225.4,0
86969.2,0.37262611,-1.36609978,1.3343245,0.7693795,0.49217582,-0.42622093,0.23804094,-3.15819664,-0.60137749,0.17715613,-1.3812203,-0.56630212,0.25407297,-0.95332775,0.46942108,-0.87157827,0.21332565,0.3554721,1.0288035,-1.98004969,-2.21020671,-1.3954519,-0.15606986,-1.49985777,-1.41310677,1.30451746,-1.6801742,1.20192438,373.22,0
86977.3,-1.31030087,1.01543281,0.69218231,0.26283618,-1.29697305,-0.09391105,-1.25395178,-0.81461703,-0.34199835,1.76753708,0.5745317,-0.17753224,0.76217675,-0.35667282,0.66552698,-0.66665357,-1.32294251,-0.23851869,0.21644234,0.43696736,0.6502388,-1.3762632,-1.42443024,1.19543709,-0.36208588,-0.01002166,-0.30081712,-0.04014122,15.96,0
87131.3,0.07321536,-0.80676632,1.50687078,-0.10345075,1.99475851,1.8453546,-1.39894726,1.10065197,-1.25560438,2.00387995,0.02078273,-0.66595891,-1.17560853,-0.06745796,0.52107595,0.15246417,-0.56474919,0.98234104,-1.31577663,0.36450443,-0.88733939,-0.08672394,-0.45147186,-0.38838908,1.63694254,-0.09663115,-0.27569245,0.86259208,233.58,0
87149.3,1.89336278,-0.49845324,0.27486361,0.93487686,0.64655489,-0.2119777,-0.1862882,0.24986206,-1.15638431,0.84856144,0.77229141,0.92904181,0.99343441,0.99788702,-1.88405714,0.22527498,-1.42986369,-0.9526972,-0.13280653,1.1830476,0.33115392,0.23143492,1.78562285,0.24102248,-0.9497223,-1.39387652,-0.87293058,0.11189786,297.16,0
87178.9,0.82088712,0.16549835,-1.47417255,0.84048858,-0.95605984,1.73287711,-0.40900526,-0.43359629,-0.37541062,-0.45031539,-0.24467003,0.41591897,0.18338214,-1.82334248,-0.57435906,-0.23191537,0.65345563,-1.45905637,-0.17957638,1.84351837,2.03686216,-0.26949564,0.77355634,0.8709528,0.10247462,2.50039062,1.66810594,1.14785709,107.04,0
87241.0,0.89311834,-1.8988398,0.99825029,1.12678145,0.09732396,0.14692887,0.24915994,-1.26358146,0.7841683,-0.77795963,0.38013706,1.69058062,-1.16095478,0.52224758,-0.37032175,-0.52677072,-1.14387242,-0.00898466,-0.60956702,0.90644728,-0.12913058,-0.9142326,-0.50833066,0.89954391,-0.4402576,0.88076918,-0.21538992,-0.05617845,495.99,0
87281.8,-0.33910772,-0.38664464,0.94761343,0.18424458,-0.51928752,-0.34836415,0.91314902,-0.96653734,-0.3505132,0.48397372,1.3104653,-1.02321832,-0.30707238,-0.75950385,-0.45119162,0.38995807,-2.32623456,-1.13522891,0.90000653,-1.1290333,-0.34746159,-0.71146522,-0.1696087,0.10837509,0.32330829,-1.67744674,2.19879765,0.12305795,115.74,0
87475.9,-0.94733398,-1.52980013,-0.46276674,-0.94357548,1.17995472,-0.61815112,-0.90203325,0.77329999,0.43143903,0.93259669,-0.13638282,0.35616223,1.21766798,0.24857504,-1.66347693,2.94583112,0.90506802,-0.51851325,0.44147528,-0.19751787,0.54445454,0.70544034,-0.58401794,0.08476221,0.62488605,-1.10495578,1.06323725,1.34558834,168.83,0
87615.4,1.68806585,-0.7821835,0.98662997,-0.40406029,1.2253653,0.25359133,0.19168986,1.21803459,-0.59836577,-0.99505729,0.32702925,-1.32578651,1.85482155,0.5336927,-0.11511298,0.93761259,0.42210961,1.27833349,-0.4718363,2.52472479,-1.20694463,-0.12683063,-0.74324427,0.10123881,0.53639251,-0.53168538,-0.28233658,0.63529222,607.29,0
87648.3,0.30231478,1.07180212,0.73961141,0.62493997,0.33043387,0.71072833,1.27552286,-0.10955238,1.05254405,-0.82695648,1.22870052,-1.01207572,0.80939133,-0.24224189,-1.9607585,-1.48862806,-1.19962751,1.06982468,-0.26388892,-0.26369243,-0.35453339,-1.27606209,-0.71610017,1.69654894,-0.46039161,-0.69431353,-0.2284615,0.72592221,7.97,0
87654.0,1.09689687,0.86562947,-4.74537048,-2.9441584,0.25891948,0.48579573,-0.33180695,2.79822723,-0.88568815,-5.68126197,-0.80808227,-1.88608577,1.92617337,-3.58852026,-5.93296815,-5.51849482,-4.58658284,0.4099194,-0.65015961,1.20722709,-3.48189196,-4.2921353,0.55253166,-2.12708608,1.09186866,-1.38995052,0.84824485,0.52939809,55.33,1
87670.7,-0.50702405,-1.35331525,0.48351483,-0.18252393,-0.63117173,0.4786833,1.02883002,-1.13998311,0.34999547,-0.38711159,0.7846871,-0.24959883,1.11089811,-0.09040628,-0.19767788,1.66125064,0.42273397,0.45486398,-1.57133244,-1.12696617,-0.38280601,0.45302955,1.16150921,-0.72318415,0.73926922,0.02791403,-1.59331258,1.76740261,123.88,0
87689.7,-0.63862559,-0.8044267,1.11660054,0.45819905,-0.45845264,-0.48652869,-1.06628555,-1.54045424,-1.51957457,-1.13355524,0.85376273,0.61577535,2.3493854,-0.71305267,-0.50270067,0.06750442,0.63603807,0.99793698,-0.53819935,0.16401128,-0.56731814,-0.36447023,0.44801092,-1.81514707,1.02236924,-0.24427444,0.33938998,0.19582552,36.74,0
87747.8,0.75142828,-1.66510115,0.9202347,0.4141826,-0.04418161,1.45752525,1.07486122,0.05327046,1.16767343,-1.24434478,-0.80163037,1.38383747,1.05907889,-0.33043219,-1.23928484,0.50683449,-0.82810584,-2.26135128,-0.27077241,-1.00403288,0.91259427,-1.49787583,-0.95511579,1.25516427,-0.37261331,1.25715238,1.1435361,-0.95762135,374.81,0
87858.6,1.17188047,0.89345722,-0.33265523,-1.15266336,-1.14025024,0.47766053,-1.28531405,-0.9115974,1.4295798,-1.45127551,-0.78962149,-0.61646796,0.96766213,-0.31573688,-0.14950228,-0.20037848,-0.60777375,0.40995197,-1.06220826,0.25720833,1.6236206,-0.07065318,-0.15239344,-1.27247526,0.14409427,0.26772828,-0.27119403,-1.68495928,267.99,0
87879.7,-0.71434062,1.76039006,-0.03433909,1.08731215,-0.2078412,-0.08252073,-1.0413621,0.65827982,-0.66654381,-1.22730488,-1.13325804,2.24096115,1.14586906,-1.35314853,1.28528981,-0.87750321,-0.52119986,-0.03202141,-0.54384702,-2.06584349,1.98343044,-1.17355662,-0.57127385,0.45873384,-1.45192528,0.42053501,-0.59799108,-0.81863354,266.29,0
87968.6,0.67697421,2.58509801,-0.32307113,0.79599512,-0.32311744,0.03382977,0.40697666,-0.22458311,0.41286623,0.58654305,-0.52703092,-0.70818953,0.9637539,0.30792609,0.49074548,-0.02938892,-0.69471023,-0.71946074,1.13196625,-0.49497266,0.24653912,0.12493148,-1.31955674,-1.57220983,-1.03497783,0.33388324,1.95382209,0.68181758,163.53,0
88278.9,-0.75856329,-0.70865666,-0.24403427,0.74871767,0.19627455,-0.94014776,0.00960776,1.94442944,-0.18914656,-0.55781256,1.249888,-1.20126149,2.15348528,-0.71511701,-1.25283757,0.98693419,-0.45292563,-0.78742033,-1.43596171,-0.58102598,-0.31805473,-0.97283089,0.15389973,-2.05632625,-1.85571564,-0.96895829,-0.00749642,-0.57848296,249.45,0
88284.3,0.23765744,-1.4695363,-2.05375446,0.61668799,-1.52569381,-0.53632148,-0.98537314,0.78947782,0.4480451,0.97838539,0.81541721,0.77474158,1.40605494,0.5909326,0.56125222,1.66730637,-0.30995826,-2.25959571,-1.46032023,-2.16034139,2.19849772,-0.61346923,-0.28224634,0.54693269,-1.14648183,-0.59919566,-1.23427415,-1.08553206,546.57,0
88565.0,0.75173622,0.37490348,0.59865813,0.33374025,-0.56636574,0.74962542,1.6289693,1.16996539,-1.56333299,2.92949497,-1.32560242,-1.22591565,0.3043947,-0.0943602,0.36135035,1.31164211,0.93051246,-0.89347812,0.07206729,1.0112082,1.05291191,1.12445389,0.81745005,0.70790212,-0.51351551,-1.31817773,0.42239461,-0.45402844,399.13,0
89367.0,2.62967772,0.88506947,0.82118188,1.29234252,-1.68127153,-3.0510269,-1.47494566,-1.16707521,-0.40115774,-1.1532555,-1.35047012,0.83371052,0.34811242,0.00056585,0.13796491,0.19176955,-0.63929124,-0.94334953,1.65785736,-1.73436574,0.95884061,0.91455755,0.01314205,-0.80921383,0.57350939,1.21852476,-0.54966944,-0.69214364,28.59,0
89393.8,-1.68642859,-0.91056274,-1.16017417,-1.06446879,0.16264431,-0.89467824,0.39135323,-0.90030737,1.93723118,-0.94102436,0.11042562,-0.45021404,1.30181157,-0.93354817,-1.26213305,-0.55031596,-0.65382073,1.05808494,-0.10679382,-1.14529765,0.21288409,-0.53049263,0.88069919,-2.26010778,-0.9558147,-0.28372507,-1.86124125,-0.13502212,430.58,0
89420.0,0.45867195,0.97975994,-0.34055884,-0.92706248,-0.39812077,-0.6928477,-0.03258047,-1.2869535,0.56535835,0.84159725,0.13201907,-0.6506842,-0.95426206,0.59480101,0.35729904,-0.39004871,0.79182231,-0.3650202,1.25653167,-0.56240863,-0.18819826,-2.0342526,-0.78664247,-1.57282087,0.11326408,0.06770669,0.21342093,-0.25068242,218.25,0
89569.0,0.35244134,-0.44895418,-1.0518065,-0.55520804,-1.15399936,1.02190308,1.21497159,0.72731404,-2.11049328,0.96966834,0.52005332,-1.3051176,-0.97814795,-0.5621132,1.50941106,0.07055318,0.28801818,0.67822528,-0.00438943,-1.07923814,-0.09204077,-0.68972801,0.00117848,0.30435056,0.07934722,0.38750146,0.65417151,-0.01932453,292.67,0
89596.0,1.28134429,-0.42280172,-0.81003597,1.14939103,-0.29793721,0.48318577,-0.27785355,1.5038562,-0.43632565,0.35677536,0.66031249,-0.96506879,-0.78881967,0.40387292,0.05152099,-0.72766856,1.57682028,-0.55027179,-0.2260003,1.75905472,0.26150112,0.01570882,-0.82803139,1.66162726,1.2204145,0.927153,0.64275457,2.72970543,193.64,0
89646.2,2.05791553,-1.40207653,-0.31464187,-2.180639,-0.78496625,1.74787318,0.13345212,0.88899432,0.11914244,0.67970153,0.13285457,-1.32841657,0.73207441,0.17465692,-0.51809004,-3.06707568,-2.13025891,-1.39201702,0.06640784,-0.33299797,-1.49535838,0.62690853,-0.47761077,-0.99935161,0.18655348,-2.45682988,1.15577673,2.06436901,183.34,0
89755.6,2.29658249,0.30025319,-1.43614695,-1.23412683,0.44501135,-0.41123439,-1.14453703,0.92812151,-0.08173833,-0.66663837,-0.16319215,1.50440349,1.0787672,0.05226238,0.64339718,-0.5809986,1.7993085,1.30939991,-0.35889291,0.19973685,0.92182436,0.96486989,1.00816847,0.68501017,0.34556562,-1.59344113,1.46310879,-0.3374135,149.24,0
89787.1,1.70008578,-0.88356349,-0.14696418,1.57992376,-1.81233414,-0.59516278,-0.87319335,0.79802299,0.87939788,0.05596892,0.15798364,0.71139215,-0.51540632,-0.19783168,-0.8110812,1.10494039,0.26644031,0.55688325,-0.27411687,0.54434189,-0.72002302,-0.17728214,1.58284559,1.5979353,1.67250164,0.19619595,-0.65863466,-1.05792213,452.4,0
89824.8,0.32324075,0.2586804,1.46498098,-1.15345767,0.34196212,1.60991747,0.979707,0.11155461,0.20869575,0.81733654,-1.93290351,-2.10202408,-1.19055815,-1.75712452,-0.51869046,0.0231502,1.32310163,0.02479789,0.48690727,0.10361919,0.22146912,0.63316242,-1.84625637,-1.98368751,0.69406225,0.1277733,0.25273584,-0.88259405,52.16,0
89896.0,0.32544557,-0.87555408,0.76320685,-0.65913459,-1.0856991,-0.44976602,-0.68804207,0.52514892,0.24873183,-0.19095244,0.22226319,1.31670072,-0.05056828,-1.56410318,1.20547065,-1.03689394,-1.32115856,0.57991255,0.42975213,0.43049734,-1.87175328,0.40312372,-0.99750694,0.3668573,0.78545957,0.09248566,-1.17785711,-1.58282478,478.1,0
89910.8,1.04451284,0.47318221,1.46245881,-0.62384589,0.73493296,-0.06124296,0.26345185,1.47104469,-1.84521989,-0.86367211,-2.15165719,-1.37918228,2.18466406,-0.69387511,0.93056996,-0.34857668,-0.74412339,-1.75648129,1.65409867,1.74111236,0.23388288,1.53417934,-0.46823591,-1.15738272,-1.40478333,-0.05444983,-0.57089598,-0.00832673,193.79,0
90193.2,-0.05475691,0.66586473,0.27152369,-0.62022608,0.0021582,1.06877232,3.09794924,1.25449812,-1.07111592,-0.15107912,-1.15953526,-1.21927139,0.71959104,-0.3890827,1.32163719,1.70325272,-0.10371556,1.5565667,-0.54375744,0.12598299,0.36412577,-1.10323829,-0.05101575,0.19750572,-0.98204541,0.64883446,0.97572523,1.04538092,283.26,0
90320.7,1.61284694,-0.57593899,-0.63682086,0.13066421,-1.16917173,0.08940708,0.0688615,-1.67757283,-0.12919247,0.23493206,-1.09001381,0.66845886,-1.54996319,0.23017689,-0.32925423,-0.3239272,-0.95846907,-0.50201139,-0.31323032,-1.96203632,-1.27184274,0.44085441,1.34326778,-1.22327748,-0.69591035,-0.97583344,0.72822958,-0.39305112,102.77,0
90365.4,-1.01209998,-0.23454757,-1.4045128,0.33257433,1.88899597,0.10080438,1.28694293,-0.20990912,-0.36835618,1.05731353,-0.4308756,0.02745732,0.97802337,1.65768291,0.13182876,-0.71472032,-0.469554,-1.14284135,0.10012434,0.20732194,0.06189312,0.52972665,0.5598679,-0.35562552,-1.7049139,2.16285678,-0.46176187,-1.02729699,159.56,0
90388.0,-0.13670526,-0.42601353,-0.39820336,-0.64265632,-0.8500607,1.23824297,-1.43271569,1.26508412,-2.77114643,-1.06396128,1.3524842,0.48276333,1.0731068,1.62090973,1.20513616,-1.61836905,1.03691456,0.52722894,0.15157584,2.64571993,0.67461413,0.22084012,-0.63127281,-0.79630342,0.10432966,1.10369246,0.34513074,-1.03424197,256.94,0
90653.1,-2.70568662,-0.09475811,0.45045688,0.24711818,0.67463735,0.07241386,0.15249607,-0.78244444,-0.17043786,1.25312204,-0.20416976,-0.16856428,-0.49150337,0.78718588,-0.85467908,0.9105022,-0.93697339,-1.05778113,0.20593946,0.13017947,0.2975573,1.06253712,-0.41249597,0.44299359,-0.90981727,1.25916903,0.63245867,0.53651877,134.97,0
90755.6,1.24951944,-1.23728536,-1.08693304,-0.14181757,0.1369666,-0.26062164,1.2089414,-0.03163415,-1.29188547,0.99416643,-1.12660902,-0.42733642,-0.21671798,-0.232674,-0.25778843,0.97399863,-0.6302334,1.76604797,-1.01708677,0.25198652,-0.25381771,-0.2185362,-0.55080452,-0.05895225,0.52750025,-0.96104209,-0.08381878,-0.48288915,193.8,0
90868.6,-0.82288977,0.01814276,0.71310074,-0.55074409,1.10825116,-0.32438105,0.4333538,-0.13943209,-0.72809911,-0.79253535,-0.18117897,-0.79655599,1.32094251,2.3020081,0.80217716,-1.25128064,-0.41407324,0.35276406,-1.34775388,0.16618644,0.7442366,-0.16401181,0.16047966,0.45829857,0.58193501,-0.08830418,0.27221759,1.79390721,210.24,0
90934.7,1.56143004,1.21082313,-1.1247107,-0.25722714,0.40976075,-0.49809483,-0.5426634,-0.05205323,1.77785583,-0.81219678,-1.7201947,-1.04496382,0.74709475,0.53187469,0.65612196,-0.6915006,-1.01952858,0.21422305,-1.20315329,-0.21284027,-0.14835171,-0.89363063,-0.15269152,0.24587124,1.13258278,0.39683655,-1.4367793,-0.73420918,296.79,0
90950.0,-1.41335451,0.44153915,-0.28414226,-1.36565998,0.44134777,-0.20471407,-0.27782327,-1.47541303,-2.23887467,-0.24716198,0.95955067,1.47233584,0.4730363,0.66583789,-0.05261462,-0.21829688,-1.29081207,-0.58534828,0.62272168,-0.01977911,-1.30794742,-1.96658712,-0.45882806,-0.02933049,0.22080052,-0.51621515,-1.08721182,-0.54141135,234.17,0
90955.4,0.46160954,-0.6017212,-0.2256393,0.30325167,0.04850366,0.00268585,0.90563386,0.20052964,1.6201983,0.99145343,2.35945583,1.59744389,2.47700226,-1.05566378,0.40740878,-0.71011229,0.66943981,0.50433721,0.14398675,-1.12071483,-0.33310957,-0.66568223,1.39293766,-0.4057765,-0.00141235,-0.171975,-0.29132198,-0.67214251,117.18,0
91140.8,0.96139783,1.80141635,-0.3876198,0.17277104,-0.51775967,-2.889e-05,1.43173442,0.8942462,-0.90422493,1.54590437,1.16206133,0.48636832,-0.65921742,0.06570754,-0.79546594,0.46760577,-0.3164711,-2.23496203,0.92620306,0.19145304,1.07848307,-0.13617973,0.18846662,1.11532614,0.38779707,0.28800173,3.21439097,-0.16900019,130.3,0
91205.9,0.17946648,-0.54781492,1.39837082,0.79437265,-1.17897267,0.5040866,-1.28523567,0.84805762,0.83077068,-0.29817631,0.12013556,0.66239673,-1.00202191,0.13146625,0.05489232,0.79591957,0.02354856,0.61965223,-0.3301302,0.60407255,0.56469846,1.34993936,0.78887044,2.25936438,2.02213182,-0.43116861,-1.34860565,-0.63697748,14.3,0
91274.8,-1.50530048,-0.30608659,1.77170582,-3.06938236,-0.72345172,-1.65985736,1.12572799,1.9240487,0.22204683,1.27867008,-2.87719251,0.2463915,0.53886481,0.62234887,-0.5980936,-0.4482328,-0.6732199,0.2067649,-0.60830728,0.3277879,-0.38043877,-0.70283066,0.50092664,-0.04637638,-1.2243148,2.41501846,0.06361331,-0.46010391,90.41,0
91462.4,-0.28900306,0.42240658,-1.20752963,0.41417694,-0.49024664,-2.56279445,2.80455287,2.10561476,-0.95679434,1.34170606,0.00090815,0.27514396,0.50824543,-1.32562893,0.71046878,-1.2221045,0.1129349,1.24708805,-1.62165413,0.09703126,-0.31341338,0.3792924,-0.17921936,-0.13656725,0.71796039,-0.27390676,0.87471192,-0.51912381,199.22,0
91483.6,0.003693,1.08735188,-0.22402051,-1.42481703,1.80438782,1.36987338,-1.09684303,2.35796184,-0.45990595,0.2314548,0.36028134,-1.42735131,-1.08743927,0.12596172,-0.95226222,0.28676079,0.20860325,-1.68417496,-0.2485409,-1.40689202,-0.59753072,-1.56561101,-0.15686576,0.42575913,0.28285834,2.01209072,1.45629126,-0.460179,20.52,0
91547.7,0.08645062,1.16068413,3.16634454,1.25123045,-0.10544857,-0.42914449,1.87773326,-1.01279819,-1.54161881,-0.1923827,-1.88561439,1.94599946,0.38595608,0.2279345,1.23753825,1.3775644,1.1547559,0.58682912,-2.36844994,1.02522233,0.06456853,0.775062,-0.71352969,1.64861644,-0.49679452,-1.55303285,-0.33041063,0.72499383,238.09,0
91656.9,-0.39327187,-0.47624914,1.37480369,-0.37628437,-1.5887572,-1.38033747,0.04627097,0.45823316,-0.00241479,-0.22412647,0.86013115,-0.05401005,-0.05310056,-0.14071222,-0.78396624,-0.7616147,-0.72944965,0.00197255,1.19929946,1.09170703,0.70428553,2.27476301,0.57200483,-1.62278874,-0.41197275,-1.03734851,1.486194,-0.60413239,2.53,0
91697.8,-1.9059056,-0.07894143,-1.00511138,0.15167606,3.14573615,-1.06533349,0.19184289,-0.49359714,-0.89252555,0.99514918,-0.76750627,0.00414212,-2.65377194,0.74673988,0.09921321,0.51292078,1.08514816,-0.75734677,2.1572268,0.62726471,0.13111749,0.57614158,0.78945271,1.86327067,-0.55394055,1.14907906,0.97103993,-0.46157346,45.85,0
91698.2,1.42767934,-1.28626365,2.31794343,-0.66774099,0.79053301,-1.363863,0.6862221,-1.0831759,-1.76051803,0.10972403,-0.50471758,-1.17376383,-0.8500482,0.36523037,0.94213636,0.15101373,-1.45544738,0.31501612,-0.09344509,-0.68724462,-3.26672753,-1.28850091,0.91154128,-0.3648383,0.71591819,1.49705285,1.07788746,0.07238822,61.82,0
91722.6,0.02557867,-0.8976809,-0.69014965,0.33970122,-0.4955427,-0.13382895,1.18105179,0.94363575,0.21566861,-1.99429858,-0.82472757,0.71406882,-0.03304576,-1.23905745,2.11118609,-0.97317299,0.68995721,-0.30527954,-0.19391429,0.16092662,-1.2650754,1.02116595,-0.92380963,0.14649744,-0.82679257,0.32916796,-1.27511933,1.96467714,221.85,0
91759.7,-0.21257184,-0.25030207,-1.35960786,0.82378108,1.38513345,1.0136221,1.26368083,0.04115492,0.92240065,-0.44043919,1.88414059,-0.81488933,-0.66034392,0.09419879,0.85767751,-0.1978677,-1.32893027,-1.73335159,1.10558242,0.69638032,-1.56366858,-0.35109252,2.03835021,-0.85680264,0.93828589,1.84334405,1.00951608,2.00579801,339.41,0
91767.9,-1.44890454,0.88630046,-0.07204879,1.05880371,-0.65669776,-0.7639207,-0.86022556,0.34708795,-1.32525066,0.52593134,-1.13814376,0.07842313,0.20453623,-0.64907878,0.20104438,0.28310251,0.16159228,1.72954074,-0.361997,-1.20860638,0.77219186,-0.32188536,0.87903515,-0.39444288,-1.03217541,-2.40652152,-0.31172728,0.57155129,163.82,0
91874.9,0.1702997,-0.8966479,2.00331681,1.58713613,-1.15072504,-1.25273851,-0.13924763,-0.01784192,0.46389293,0.80409184,-0.20794717,0.51555358,0.28485696,-0.83781384,1.01434924,-0.16440588,2.65382816,-0.11081827,-1.18917642,1.34606536,-1.96554456,0.25243162,1.20586894,-0.38181157,-0.70629748,-0.82740631,-1.20161527,0.90945153,474.2,0
91921.1,-0.00261132,2.07646189,-0.60561031,-1.0454655,-0.40449445,0.74398128,0.26360653,0.53204236,-0.52616458,-2.73706253,-0.20645384,-0.48481573,-0.31533048,-0.11130897,0.09646401,-2.03401725,0.43697387,0.44526555,-1.40469355,-0.89924034,-0.10193002,-0.81055079,0.75983084,-0.5356597,1.46317088,-0.59147913,-0.86546154,-0.53974696,268.8,0
92019.7,-0.90158488,-0.34991089,-1.35687,1.16577641,-1.51796402,0.99301878,-0.77793363,0.20009578,-0.19093801,1.54169593,0.72629602,-1.48214488,-0.6472088,-0.35513561,-1.06645812,0.27264818,-0.58711232,-0.10287857,-1.16049873,-1.20571181,0.01752706,-0.57186369,-0.94276625,-0.15240326,-0.00728194,1.53265834,0.02932366,1.68508101,564.34,0
92027.4,-0.97154974,-1.32916868,0.33881783,0.47233954,-0.13508168,-0.43320814,1.11951197,-0.70354844,0.35646959,1.02297669,-0.6577678,0.04656647,0.07233487,-1.58910511,-0.22089117,0.46638531,-0.74418393,-1.28319136,-1.57894488,-0.59916794,-1.70897489,-0.2151163,1.28227613,0.77926047,1.21393766,0.50236467,2.61412732,-1.4756751,263.41,0
92118.3,0.00122113,-1.65691101,-0.12918934,-1.28565868,-1.83530888,-0.52779294,-0.65585736,0.19903188,-0.83522153,-1.04780845,0.28416162,0.63669366,1.00469315,-1.12937568,2.18476775,0.6277669,-2.50774806,-0.16058929,-0.37017283,0.04369003,-1.28720496,-0.75994218,0.97953535,0.27276234,0.13224573,0.60820577,-0.28004077,-1.93681217,201.23,0
92191.9,0.54194405,0.79921285,-1.00175581,-1.14221429,0.89051778,-0.4306025,-1.79105868,0.59522895,0.20517936,1.2729,-1.26018181,0.01928965,0.32219759,0.78812061,-0.97362531,1.11175957,0.55921164,1.0559347,0.61172081,0.64746796,0.43136922,-1.78873588,-0.5676498,1.11719308,0.31711713,0.28782886,-0.46704568,0.38551782,287.1,0
92213.5,-0.85715306,-1.19417129,0.75568896,-0.4780476,-0.55405145,2.25671515,0.02499265,0.17947344,-0.19689101,-0.60342893,-1.56534762,0.5039404,2.03591296,-0.157524,0.42553345,0.49804976,-1.0324946,-0.66969583,2.0392043,-1.19872621,-0.58049442,1.78006014,0.53588692,-0.25569882,-0.89001265,0.66656582,-1.16296454,-0.02934958,335.48,0
92215.3,-0.13332989,1.17385825,-0.59892046,0.53082246,1.2597406,0.01980061,1.35512798,-0.53625704,1.55213989,2.16001394,0.59674284,0.09160172,-0.22545149,0.12235608,0.67381324,1.9990187,-0.41279388,0.04364668,0.02669436,0.51150944,-0.48087663,0.58372295,-1.45299189,0.45815121,-0.73791054,1.56935747,0.46546802,0.59793461,271.38,0
92235.0,-0.85120725,-0.55878246,0.16606789,1.4140762,1.2469407,0.14825114,-1.2603621,-1.67038665,-0.14659417,1.25310929,0.80764628,0.23655591,-0.55910696,-0.98590713,-0.1872393,-2.09305046,-1.77950916,1.21588775,1.22568471,0.07536314,1.43928431,0.44020442,2.00178974,-0.73494062,-1.39078395,-0.07220513,0.00988892,-1.49105914,30.79,0
92243.0,-0.19975529,-0.13480136,1.38489344,-0.04007926,0.29444317,0.09445863,0.18841431,-0.18045421,1.32822304,0.04793005,-1.01287261,0.72884316,-1.2413078,-0.9366192,1.00975377,2.46871608,0.33485596,-0.25922022,-2.48896796,0.46446015,0.87859783,1.56181844,-0.40152138,1.64677528,0.37887708,-0.63179249,0.88121857,0.27525262,151.58,0
92416.6,-1.88683497,-0.74781663,0.53970959,1.24993527,0.16484133,-0.56341842,-0.39423543,-0.24906141,-0.58200651,-1.51406715,0.39509156,-1.83859737,-0.34233425,1.35818311,-0.91257699,0.91129891,0.04676646,0.18980699,0.83598691,-1.23341401,-0.22569943,1.04864785,-0.50375446,1.35090151,-0.02247808,-0.16662797,-1.05670093,-1.72978484,191.39,0
92437.2,0.77534185,0.7121919,0.29346771,0.60285465,-2.16954184,-0.80692789,-0.98268868,1.07762074,-0.91582709,1.02691998,0.13238252,-0.34497221,1.56483114,-1.86034357,-0.37101079,1.50572057,-1.18908532,-2.05393419,-1.41207958,1.04002302,-0.40489029,-0.15316867,-1.37898622,-0.38393119,1.31779223,0.72963517,0.13632914,-1.15272933,249.61,0
92454.0,-1.99738556,-1.15824668,0.38101122,-0.50093174,-0.97593246,-1.23689675,0.2577137,-0.90003801,1.85355122,0.8115872,0.10949628,-0.40807928,0.28394309,0.46032779,0.60583258,-0.72726364,0.4376434,-0.76789998,0.74095807,0.17830941,0.97057542,0.02097943,-0.99528841,1.25188677,-0.19544945,0.02298391,-0.68411785,-1.30790147,215.25,0
92489.2,-1.13253527,-1.40081712,-1.68879226,-0.89800822,0.44620017,-0.32032006,0.06159283,-1.98394437,-0.49719291,0.76473084,-0.86564774,0.18948974,0.21248195,-0.36765074,-0.50796299,-0.3992384,1.47345496,1.87496487,0.24242056,-0.65232888,-1.9638192,-0.26727886,0.28329717,-0.69780688,-1.6973876,0.04305784,-1.58318256,-2.2301957,112.37,0
92515.8,0.05188241,1.73949042,0.38523096,-1.67163304,-0.43284164,-0.67506913,1.28958234,-0.55828403,-0.8491042,-1.00546114,0.88272516,0.67077606,-0.3921226,-0.26972013,-0.42969803,2.07736269,0.97481251,0.64276482,-1.2296993,1.46015791,-0.89922081,0.73631629,0.38724123,0.05376522,0.38544104,-0.10098784,-0.37210832,-0.89574371,124.57,0
92766.6,0.70584176,0.40943313,-0.37563513,-0.39551992,-1.07404292,-2.03454719,-0.58246024,-1.76595622,0.34334618,-0.9509533,-0.96937748,-1.35818977,0.69777423,1.63337677,1.00613549,-0.34749578,0.12168099,-0.15455502,1.17943633,0.83332563,0.46074009,0.3441544,0.35616316,-1.67503959,-1.80349035,1.49574135,1.29477571,-1.16010964,243.83,0
92826.8,-0.71371576,-0.26168128,-0.50776954,0.18606869,1.06023718,-1.00314058,0.53777973,1.18053942,-1.80430171,-0.66805904,0.22407989,0.77375088,0.7643944,-0.17585666,0.92375114,-1.02630986,0.25287816,-0.95187122,-1.87403,-1.82732951,1.54833409,-0.81460596,0.29619243,1.33441399,0.35282787,1.87017007,-1.19527348,-1.44538154,193.94,0
92915.7,-0.17310001,0.31007351,-0.57208608,0.11400388,-0.75524566,1.03331157,0.21124256,1.39194912,0.72038818,-0.35078702,0.86562715,-1.81714291,-0.73678985,-0.43242103,-0.72078125,-0.71627505,-0.03723613,1.24743643,-0.21653474,-0.33822589,0.93200814,1.32472943,-0.14629959,0.76730823,1.42902313,1.07044556,-1.45435104,-0.88892964,119.47,0
93001.6,0.36267223,-1.01870695,0.35690389,0.37145655,-0.99757548,-0.34731877,-0.94970904,1.2851798,0.4844461,-1.1527312,-0.71466474,0.47042385,-0.36904434,0.27444252,-0.44095588,-1.28091435,-0.67168807,0.26729204,1.05742391,0.77257451,-0.87997126,0.15912103,-0.07690229,0.28226284,-1.00566884,0.54697443,-0.68403936,1.04494753,323.54,0
93088.7,-0.2199235,-2.84949123,2.14674217,-0.48754906,0.12997023,-1.01087783,-0.1537686,-1.61899387,-0.26772044,-0.29747014,-1.40734745,-0.30848392,1.04108406,-0.24734335,1.00999474,1.61871278,-0.28372827,-0.36585161,0.36632236,1.21776067,-0.93265962,0.06809114,1.41621351,0.96476395,0.7228969,0.397381,-1.14450988,-0.48237356,354.43,0
93108.2,1.4405603,1.45515666,1.28127499,0.7096996,-0.91479865,-0.95927296,-0.84346987,0.74700715,1.51023428,1.71035809,-1.33899461,-2.36334752,-0.15023325,0.78219823,-0.20921973,1.6830114,0.43196514,1.60042222,0.61147058,-0.36752611,0.57559214,0.08669031,-0.97268816,1.47306972,0.5187262,-1.32723038,0.77607431,-1.64068913,295.53,0
93161.0,1.09413361,-0.33085983,-0.19784723,1.19531864,1.40954204,-0.81366785,-0.08629569,-1.03074913,-0.08196078,0.35547915,-0.22056671,-0.12912273,0.56000004,-0.07879414,0.19341819,1.62936695,0.29935293,-0.86773654,0.26066174,1.08929087,-0.70742088,-2.12225618,-0.51478611,0.44455862,0.59993105,-0.22156435,-0.64437959,-0.05571824,317.38,0
93171.8,-0.121997,-0.37262001,0.00123534,0.56983777,1.04179551,1.03910413,-0.94696087,-0.00699985,1.60863138,-0.93398896,-0.7184983,0.31655108,0.60354343,-0.06740691,1.3009623,0.51537651,0.29249853,0.19625411,0.67478853,1.29420828,-1.3865671,-1.89504032,-0.28981385,0.44568392,-0.2512305,-0.20246214,-0.08488816,-1.80310055,200.65,0
93240.7,-0.36344318,-0.78930464,1.37030335,0.05837008,-0.22213544,-0.9154665,2.01013431,1.88013053,-0.92731316,-0.80570801,-0.19970221,-1.61177285,0.01023202,1.35650975,0.0348286,-0.62775929,0.60625328,1.31480629,-0.50425914,0.01592611,2.04817997,1.28372828,-2.18084914,-1.09404243,-0.7778883,0.66479248,-0.18039625,-0.51540246,25.91,0
93374.0,-0.76823002,0.59110669,0.25961851,0.56108424,-0.23037262,0.30011198,-0.8563177,-0.71100492,-0.43878248,0.17511194,0.3519862,0.86418649,0.75580296,-0.17844571,0.95707608,0.85256498,0.34137434,-0.33687047,-0.02490703,-0.81759938,-0.96915825,1.88210003,1.63558686,0.06027418,-0.02397101,-0.48474409,0.0169846,-1.36874333,626.17,0
93435.0,0.06983788,-0.33089515,0.24842395,0.4291753,-2.85428014,-0.40924523,-1.05199794,0.73085164,-0.81383237,0.26923551,1.15086299,0.24348777,-0.24257411,1.44034079,1.10039541,0.90833639,0.19159788,-0.50795843,-1.21635844,1.15553677,-0.41618406,-1.70186771,1.95229404,0.66950122,0.89691425,-0.40546526,0.68143978,0.50915199,343.47,0
93473.1,-0.77678515,-1.08140203,-1.33127975,1.75517672,-0.42236462,-0.33919796,1.49666997,2.43599556,0.72740452,-0.80328924,-0.60832972,0.74835527,0.56269378,-2.00362099,0.27618528,-1.19496536,0.25111306,0.74319497,0.89340241,-0.72235573,0.39667478,1.32817337,-0.0419422,-1.85092303,1.53924204,-0.81124554,0.39221144,0.93009533,213.6,0
93479.5,2.02880079,-0.54708514,-0.12737897,-1.43534658,1.04353343,-1.16945624,-1.60410357,-0.77953806,-0.33939996,-1.23754656,0.91217191,0.89831173,0.49145207,1.29878164,-0.29192594,-0.15305669,-0.58593634,-0.27682044,-2.10700888,0.32238571,1.70725658,1.60894655,0.0836249,0.17697079,0.17172884,-0.73030395,-0.57557908,-2.01024502,337.86,0
93555.6,0.62303565,0.68063574,-1.35000256,0.49698196,-0.0930035,0.34840576,0.50372899,-0.52444515,1.36084153,-0.46641019,-0.77878873,0.4826997,-0.54009935,-0.70587002,-1.28676705,-0.8552048,0.59263194,-0.90955238,-0.1773188,0.50157728,0.15022976,-0.59521459,-0.07231039,1.14848193,1.68490648,-0.31347581,0.8924264,0.27343524,57.07,0
93593.2,-0.2145437,0.48495419,-0.47427417,-0.19578758,1.00481269,-0.03176503,0.79069777,1.3238991,-0.14551288,-0.37999342,-0.91281141,0.08573733,0.33132308,1.34022516,0.68470184,0.28191232,-0.10622229,-0.17187105,-1.28833297,0.19754177,-0.6428987,-0.74126726,-0.53024278,0.95852994,0.22654928,0.38861247,-0.54265108,-0.25560146,252.1,0
93676.9,-0.21871637,-0.27058827,1.89309739,0.40849128,1.39821805,-0.50152346,0.09277968,-1.02702635,0.39852647,-0.60632726,-0.0360327,-0.13064703,-0.96594309,-0.03480929,-1.09438582,-1.00003635,-0.85458907,-0.76804443,-0.11485429,0.00878195,-0.1463553,-0.04923035,-0.78787811,-0.14731008,0.18410498,-0.02622639,0.57870074,-1.38095019,277.52,0
93689.4,-1.07372128,1.24931052,-0.78410142,0.43561987,0.51973166,0.29054574,-2.28038353,0.2710102,0.79383174,0.35137036,0.82117058,-0.68538019,0.22992487,-0.53076832,-0.24575952,0.04182001,0.46356568,-0.19169443,0.18467788,2.04733334,-2.5172749,0.12884641,-0.86619356,-0.5377403,0.48063481,-0.66636703,-0.46118101,-0.38432582,208.2,0
93717.0,0.33177346,0.25217144,1.12794855,-1.19699667,-0.55711449,0.31265801,-0.37247824,1.31112279,-1.13387722,0.61538878,1.70255061,-0.83071698,-0.72695048,1.67612063,0.00521434,-0.93654322,-0.6926892,0.52994,1.06529091,-2.44983687,-0.21916295,-0.61666196,1.91271234,0.00493112,0.80245781,-0.79656297,-0.32272464,-2.55750783,340.94,0
93776.2,0.69320706,0.5767217,1.71276123,0.68383257,-0.82465093,-1.4583686,0.29297372,-0.09934781,-1.88772363,-1.46085447,1.55539705,1.85731711,-1.46173006,0.86825174,-0.87155815,1.62412224,2.84123196,0.47153837,-0.62477262,-0.63195244,0.58942294,-0.44124134,0.67921112,0.30684638,-0.79489125,1.33802343,-0.84939219,-0.70792296,148.8,0
93812.9,-0.43532769,-0.27031746,0.00350241,0.73247447,-0.5197313,-1.37701983,-2.10710795,0.79745947,-0.00526235,0.4744118,-0.11439782,2.32764229,-1.46172957,1.56337222,0.37394652,-0.65658114,-0.52679199,0.55762881,-0.11125913,0.61316151,-1.3464345,-1.2314082,-0.49596697,0.65138638,0.01055897,0.14281351,-0.54100916,0.08711462,387.18,0
94036.8,-1.25503205,1.00047899,0.03972424,1.11189856,-0.82100448,0.19970677,2.31265729,0.61789499,1.05949026,-1.72653968,0.21670056,-0.13111487,0.86688488,1.23344553,-1.24097485,-1.34329918,1.54390854,-0.8476762,-0.59940197,-0.46063247,-0.10137653,-0.05065751,0.67280696,0.39943777,1.59679327,-0.74308512,0.90647227,-0.92537752,71.29,0
94091.9,1.04043458,-0.16371283,2.06700858,0.97621739,0.17242028,-0.49864178,-2.51573989,0.78083151,1.02407612,0.16440068,0.06972724,-1.37281638,-0.52710191,-0.72703055,0.67785363,0.29976454,-1.85507824,-0.69873578,0.89949144,0.28750225,-0.38833967,0.06271392,-1.07726985,0.65657534,-1.55081832,-1.98422794,-1.99458928,1.17607278,95.46,0
94614.6,0.64112289,0.25091515,-0.32617082,-0.56671614,-0.90473743,-0.15954936,-1.10334895,0.75470364,0.69749662,-0.43807089,0.01199334,1.9691839,0.73994559,0.73668723,-0.69962488,-0.94209864,1.01002016,-0.14170273,0.27592517,0.71209179,0.44227858,0.46037917,-0.32025853,-0.39121539,-0.2537971,-0.46877288,3.43421528,0.88650076,74.96,0
94618.7,1.42585401,1.16173299,0.26700451,1.24199932,-0.95660545,-2.01074028,0.05103349,-0.79097195,-0.11336816,-0.51899599,-0.20923383,0.86996198,0.50960465,0.58812289,-0.50703742,-0.34281733,0.03613002,0.56620685,-0.62129638,-1.60885386,0.22071954,0.08060265,0.39671752,1.01466524,0.56744855,-0.231938,-0.31983396,-0.49907047,29.79,0
94686.6,-0.87501772,-0.8348274,0.70088821,0.94649893,0.84916698,-0.50286103,0.81091111,0.12217606,1.84065761,0.38453839,0.94239855,-1.40262883,1.73236779,1.60553164,-0.86793124,1.32239223,-0.84308953,0.24210872,-0.38651771,-1.46447934,-0.18354674,-0.52509938,1.10590142,-1.09757116,-0.55999458,-0.9895626,0.77573299,0.26665892,297.34,0
94843.0,0.92324464,1.47293048,0.51079173,0.40576405,-0.85180432,1.28931046,-1.53386233,0.1441349,1.54985109,-0.68900266,0.53953679,-0.72631202,0.6584811,-1.41504501,-0.41225411,-0.63777573,0.10154203,-1.70121202,1.50753019,0.31006564,-0.48883855,1.48901283,-0.02380264,0.25649536,0.28828784,1.59082004,0.15751778,-1.06771431,110.36,0
94845.1,0.71885897,0.08062314,-1.65408421,-0.83995552,-2.35145084,1.29481868,-0.48790892,1.29607064,2.33699896,-2.29996973,-1.76263076,1.28686394,-1.07149879,-0.75771937,-1.61499643,-1.28705151,-1.77172095,-0.773777,0.9326291,-1.40654656,0.69186671,-0.36934334,0.21193903,-0.39691849,-0.69304638,1.59799304,-2.19670874,0.20252519,449.58,0
94931.8,0.52544437,0.40160174,-0.28652573,0.674901,-0.64565371,1.46320596,-0.2030579,0.34090948,-0.01167214,-0.72440537,0.23490478,1.10345401,1.25187496,-1.80773727,-2.34724852,0.72326634,1.77761705,-0.46495299,0.27860899,-1.03567541,-1.16347243,-0.30488369,-0.36317581,1.68309678,0.00111785,1.49867108,-0.81968709,-0.82683434,158.34,0
94992.6,1.04443671,-1.62138483,-0.33768542,0.08234048,1.46874456,0.03832485,-1.20665417,-1.23526063,-0.02028758,0.5531155,0.21152398,0.1044499,0.43320838,1.75929977,-0.36303948,-1.82733665,0.96867715,0.55365021,0.5733368,-1.19118654,0.03490365,0.24575033,0.07764193,-0.15304729,0.28783378,0.43416443,0.03864538,-0.13896177,210.79,0
95187.3,-1.03382606,0.28792316,-0.6447187,-0.15553174,1.31101091,0.59333282,-1.5632856,0.40570071,0.60217703,-0.14236758,-0.94841426,0.36237013,-0.25580845,0.26685006,0.58137264,0.41974578,-0.49238452,-1.61417131,0.09627779,-0.12377711,-0.16499436,0.32547417,0.53427511,-1.07687824,0.84404536,0.35047703,0.16345606,0.0653023,635.29,0
95234.8,0.33415881,0.23296782,-0.1577407,1.19602571,1.75863631,-0.05221027,0.74601059,-1.17986837,1.22623237,-0.68301627,1.18800448,-0.40937414,-0.92508891,-0.83086695,0.25528638,-0.71236481,0.99177969,-0.15544878,-0.79212883,-0.73034735,0.88727523,-0.41541247,-0.80642948,1.95208401,0.76918696,0.49014906,-0.06109579,0.86529048,23.07,0
95320.2,-0.32385438,-0.2746622,-1.43867593,3.68153168,-0.23738213,-1.19810763,0.2236704,-1.84851869,2.39670841,1.19758073,-0.6845219,-0.85264941,-0.39076744,-0.83190135,1.25366588,-1.2078779,-0.40462793,-0.48782374,1.04080689,-0.22397986,0.28590309,-0.17964987,0.40966266,0.40536674,0.45096881,0.75881037,-0.23293914,-0.89168705,582.53,0
95351.3,1.1183624,0.00187568,-0.8166246,-0.57328064,0.58502568,-0.44721702,1.08478116,0.38862107,0.19463817,0.47147636,1.02978553,-0.19904062,0.31902846,-0.50611636,1.50275137,0.69403855,0.56966461,-0.341019,0.21623174,0.51759921,-0.58457751,1.21735733,-1.08278833,-0.31614131,-1.04868521,0.33729692,-1.58217447,-0.44773695,28.68,0
95391.1,-0.97380822,1.27444959,-1.47449743,0.50721314,0.81476226,0.437928,-0.43985727,2.08167789,-0.8677673,-0.36739272,0.74727549,0.53670878,-0.41931627,-0.72760536,0.18107991,-2.4108917,-1.82795339,0.77746653,-2.57002164,-0.48545809,-0.00065561,-0.71223415,-0.54538068,0.51645219,-0.28326392,-2.49042973,0.60266383,0.25610568,90.77,0
95450.9,0.84464237,1.44545441,-0.5132414,-0.27792928,0.27062843,-0.56870451,2.07450764,-0.55762428,1.57860603,0.76997098,0.50107616,1.08240013,0.95886762,-1.1661257,1.24248546,1.47701639,0.87893699,-0.90199555,1.3383371,1.25992234,-0.91969945,0.52799726,-0.15394584,0.2634553,-0.16059027,0.30279705,-0.24623026,-2.93297114,361.51,0
95610.2,0.58779564,0.56036361,0.17539849,0.21204873,-0.13738129,0.06315296,1.03441917,-0.2520552,-1.58284715,-2.02519911,1.22890205,0.22761871,-1.07788354,0.55313623,-0.72893616,0.93347068,-0.2767236,-0.52507061,0.65894719,-0.25610237,-0.23297641,-0.0031283,2.56506883,0.68766026,0.57492489,0.48681479,-0.5819716,-1.03075867,406.65,0
95611.6,0.06593816,0.45976674,0.78835167,-0.93156111,0.08022381,-3.03461397,0.68840126,-0.74744213,0.37395349,-0.8415826,1.75606012,0.66024431,-0.22737839,1.68150803,0.35727687,-0.76205951,0.70376951,0.2754359,-0.22294307,1.19355067,-0.98528526,0.49817273,2.11387625,1.09891426,0.70332165,1.58716553,-0.13077039,-1.20741294,784.01,0
95630.4,-0.14449768,0.08566926,-0.88070725,2.38234102,0.70815055,-0.05884518,1.01130968,1.60854407,1.2647265,-0.04441363,0.65408694,-0.57425805,1.93594713,1.36297873,-1.68355464,1.37256864,1.0872179,1.39511549,-0.7504774,0.82659408,-0.71362742,1.05867793,-0.21126136,1.00920491,-0.7888626,0.74669944,-0.72804603,-1.89066739,56.05,0
95631.0,-0.91717615,-1.28433277,-0.2083386,0.65584692,-1.24288234,1.6372935,-0.09885758,0.90439973,0.5369691,0.14761265,0.91220205,-0.32321887,0.01084752,-0.25504079,-0.95876351,2.12929625,-2.12786597,0.39121194,0.83724447,-0.3728985,-0.15693257,-0.0020223,0.73206102,0.50061891,-0.19352502,-0.26183903,1.30276663,-0.02786048,53.28,0
95708.3,1.10815134,0.9190882,1.11896339,-1.37906986,-0.13792124,0.25100888,-0.63738823,0.43284523,0.19578515,0.25877449,2.26373224,0.46496417,-0.70832459,-0.27840409,-1.22272432,0.41310388,-1.75768797,-0.64190789,-0.16615715,-1.87019364,-2.20227721,-1.5180472,0.62688583,0.06010667,0.50948088,0.11416269,0.67493753,0.70347348,159.17,0
95884.2,0.10571829,-0.02031184,0.85559164,-0.87364869,1.29678599,-0.1753215,-1.95736828,-0.89571041,-1.39745524,-1.46381537,0.51049491,0.36565825,0.59081055,-0.73728456,0.53170872,-1.46807416,-0.4828894,-0.15875903,-0.57031595,0.10046008,-0.02274048,0.4711174,0.30352008,0.95528147,-0.48024255,0.65151585,0.27747804,0.24308933,121.43,0
96188.7,0.14499425,0.47785157,-0.16674565,1.47346773,0.36364638,0.16452106,1.41674713,0.83591964,0.39606633,0.11627241,-0.81749259,0.24666588,-0.06604923,1.27986149,1.52254015,-0.04545936,-0.40917154,-0.18836235,-1.55359307,-0.9593319,0.48826886,-0.42440684,-0.64173495,-0.00261705,0.70290449,0.31864183,0.41173972,-1.17443241,53.48,0
96244.1,-1.46524361,1.36995079,-0.61666748,1.77481259,2.79934224,-0.78954888,-0.40704754,1.04660157,-1.46244439,-0.95447346,1.57603218,-0.23098433,-0.77439464,-1.30084137,1.28363838,-0.40096812,0.18105365,-1.47274844,1.55684747,0.31692686,-0.09822348,-0.53562455,0.47295053,2.27850753,-0.01376292,0.45127343,-0.37633017,0.97955392,24.8,0
96303.9,0.47604972,-0.15931576,-0.84796048,1.8749581,-0.24440127,-1.68532288,0.75428771,-0.70714785,-0.91796585,0.57248134,1.93835244,-0.85666696,0.7305798,-0.32573338,0.08642776,-0.46728556,0.6758434,1.55498193,-0.60081542,-0.50976971,-0.66128944,-0.2963011,0.17036419,1.51541951,-0.96760151,1.18074442,-1.16861802,0.17305005,224.13,0
96482.6,2.17318993,-0.59281871,0.86292149,0.33900703,1.1673961,-1.63357909,0.35108073,-0.75828669,1.20922084,1.5416493,2.17512107,-0.38920865,0.08839059,1.8736696,0.51134952,0.18724515,1.51615888,-0.36851452,-0.16590872,0.16085602,0.94073413,-0.2108178,-0.44324589,-1.406193,1.70502148,0.85222267,0.17002798,-0.17997746,20.81,0
96599.0,-1.25823059,-0.24730341,-0.99077975,-1.00296612,0.84965503,0.25049609,0.02294565,-0.61440241,-0.67461455,0.24614846,-2.07507835,0.39118424,0.8316487,1.56353215,-0.45369506,0.6071806,0.12370915,0.79653301,3.21186782,0.61093127,0.46302708,0.42319451,-0.14788037,1.10624019,-2.04359458,0.11195122,1.07965033,-0.57606285,124.49,0
97050.3,0.71920204,-0.02399567,-0.69562944,-0.5518076,-1.14051472,-1.86228857,-1.25527945,-1.73207911,-1.45162653,-0.18531566,-0.17420408,-0.07043673,0.34282338,-0.743359,0.91921549,0.01774623,-1.23357536,0.81061629,2.14213847,-0.24878982,-0.97599054,-0.43161168,1.77512441,0.33792836,0.21694524,-0.99772961,0.10314798,-1.24983258,310.4,0
97051.3,-0.15708178,-0.56153834,-0.00493007,0.14913577,-0.30374225,0.71101132,-0.15466509,-0.46816754,0.49773825,-0.66328297,0.34972149,-1.32315384,0.94974696,-1.23043336,-0.95568615,0.41920996,-0.55154809,-2.63706197,0.57766313,-0.08022717,-0.52877909,0.63344258,0.48826778,-0.93749072,0.50337239,0.13651231,0.02034575,-1.30833591,154.05,0
97227.3,0.66116922,0.48668266,-0.89512256,-0.2038278,-0.83274503,0.52196662,-1.3647485,0.12394907,0.78055128,0.18721573,0.84733643,1.07626847,-0.09749725,-0.26382474,0.68996573,-0.57390533,0.1290242,1.64991692,1.87390369,-1.01742154,1.82923353,0.23380584,-0.2654213,0.76650037,-1.54144664,0.08124466,1.64401327,1.16653784,537.14,0
97254.2,-1.06008092,3.01348837,1.25085786,1.15193885,-1.38853865,-1.09559295,0.1850391,1.20185132,-1.02952647,0.33083802,1.93759492,-2.33716242,-0.47500822,1.30956081,-1.26729397,-1.04345597,0.64586034,-0.22071855,0.35633237,1.42589151,0.34070795,0.51554602,0.06521042,0.03325986,-1.2779468,0.41076314,-0.18601726,0.70140228,16.08,0
97290.7,1.28453553,1.41437269,-1.20330948,-0.80538692,-1.47211039,0.24527605,-0.2365331,0.50678716,0.01592212,0.62669164,0.62855676,-1.44801145,-0.11612079,1.23766148,-1.24409928,0.4814265,1.29321648,2.14721722,0.03773152,1.43980451,-1.23562439,-1.00192752,0.90507301,0.60990047,1.11945674,-1.45423071,-1.62252666,-0.63603016,271.15,0
97511.9,-0.24233788,-1.09492029,-0.9266961,1.00802003,2.28730077,-1.02147049,-0.20134756,-1.97543237,1.9961653,0.28105237,1.23631464,0.10254113,-1.27222154,0.84911953,-2.16351914,0.22122631,0.19187454,1.08140385,-0.32290396,0.40662147,1.15128362,0.40997259,-0.06847133,-0.12671421,0.6514959,1.38067214,0.15585574,-1.98228147,285.41,0
97600.7,2.18507734,1.17847037,1.10517658,1.06698455,-0.12439314,0.24972585,-0.22001486,-1.3797826,-1.17497469,-0.97084004,0.19294796,-0.75239299,-0.19945676,1.08873725,-0.90703763,0.27759859,-0.22878224,1.59355375,-1.02271691,0.12643988,0.83646592,0.33673979,-1.40217218,0.35938853,-0.76704062,-0.24713565,0.82290283,0.29517191,378.68,0
97668.6,1.29750563,0.2639694,1.2631709,-0.05951417,0.30604124,-1.82827128,0.1151628,-1.11523077,0.60973983,1.12796546,-1.94318307,-0.81704173,-1.22403259,2.09801156,0.21024702,0.87810574,0.23951727,-0.01414833,0.02468617,0.55132745,-0.94450566,-1.49037904,0.10841322,0.550472,-1.23228081,-1.05440067,-0.88003288,1.38955055,524.53,0
97700.3,0.33887442,-0.15304569,0.03719106,-0.2112151,1.38110523,-0.58150476,-0.21303993,2.64341193,0.35013002,1.04268519,0.45193477,0.28357801,0.85513027,-0.39333073,0.6099872,-0.28418283,0.87451582,-0.51112861,-2.24046514,0.46849001,-0.66020493,0.15082137,2.18202505,-0.05333094,-0.17678721,-0.36394585,0.50611556,0.83628277,138.87,0
97722.9,-0.57464908,0.6560088,-0.08860555,0.04285142,0.01700602,0.70749516,-0.0684471,-1.06824953,0.2880915,-0.45326644,-0.21898193,-2.03903031,-0.91711318,0.21805732,-0.43260108,1.19051076,0.6142609,1.22011514,1.07881216,-1.65834182,0.79282294,0.95837876,-0.17321565,2.07822292,0.35114051,0.18299831,1.18148727,0.13893723,411.83,0
97899.4,0.24439279,-0.49523558,-0.07477025,-0.93477966,0.32340566,0.37321479,-0.11278083,-1.10684602,1.25918783,-1.55220671,-1.32245036,-0.24165123,0.48402789,1.22961025,-1.32699042,-1.37806104,1.24049181,-0.28677209,-1.64026479,0.76877924,1.21273971,-0.6401834,0.73090261,-0.26635246,-0.53860264,0.64694131,-0.05241701,0.88883829,7.88,0
97921.6,0.00980099,0.76910739,-0.1014719,-1.5264759,-0.43768023,-0.60888561,-0.40858553,-1.02514037,1.32713038,0.34281908,-0.41459838,-0.14042443,0.69364659,1.75240702,1.99014667,0.84152309,-0.35083643,-0.05006119,0.18633226,1.31434433,-0.97472887,-0.54603883,-1.69714028,-0.40106537,-0.59438879,1.28702395,0.16432519,0.46958845,231.55,0
97952.7,1.58003086,-0.59391396,-0.87962164,0.4909237,0.06383475,-0.34288918,0.3406998,-0.96118441,-0.49145535,-0.32277423,0.31935804,1.0546881,-2.95838864,-1.48439093,-1.15603684,0.96934078,0.15651351,0.2553877,1.14727383,-0.82120517,-0.44622952,-0.77077198,0.96368594,-0.35037345,-0.23474836,-1.26473991,1.44698081,-1.4897649,250.22,0
98036.8,0.18961468,-0.62642503,-0.32382219,-0.66918674,1.39242031,0.03244045,0.50413989,-0.28408732,-0.39828387,0.30905502,0.18635008,-0.29605811,0.75773554,-0.71105098,-0.3979982,0.35449395,0.71749641,0.51413783,1.31892174,-0.94730126,-0.40921014,-0.93567336,-0.20427593,1.15828185,2.17202949,-1.07612384,-0.73400187,1.49891112,95.72,0
98124.4,-1.2541785,1.48423322,-0.76514325,-0.13994637,-0.27049215,2.96094184,0.7238023,-0.58183491,0.41892623,0.37868167,0.10603816,-0.81535443,0.70099321,-0.39040797,-0.23299693,-1.09803215,1.69560521,0.28854033,-1.24838027,0.74461431,1.46712212,0.70297867,-1.15495091,-0.74236601,-0.23271264,0.8515058,-1.58186512,0.51617801,22.51,0
98532.1,-0.73734867,1.06722853,0.7662616,0.69675879,0.06137946,0.29218692,0.75947308,1.01171618,-0.71905026,0.44958711,-0.07532571,0.26554715,1.15439636,-0.25063279,-0.92198538,-0.91099653,-0.57317467,0.60951439,-0.16572495,-0.59804245,0.77277129,0.15995525,0.70057207,2.19301216,1.8812575,0.34485187,0.33890326,1.11366415,407.47,0
98950.6,-1.47789757,-0.05227458,0.48198675,-0.01976888,-0.97718715,-1.2123919,-0.61751764,0.55647662,-1.34852957,0.34475747,-1.42480281,0.4481666,-1.78224459,1.1046161,0.14409703,0.88097977,-0.20905982,-0.15205618,0.45861567,-0.13033103,-1.01192162,1.39455234,0.99786931,0.17441384,-0.25532635,-1.26965227,-0.18366735,1.31366186,95.38,0
98954.0,-0.98792432,-1.09968483,1.36232824,-0.29150768,0.64175431,0.15169401,0.34382056,-1.03650936,-0.03348859,-0.4273678,-0.10128495,0.12468889,0.68147346,-0.46555723,0.82360514,0.3292337,1.63876571,-3.31259575,-0.64267961,1.25857662,-2.52124724,1.48463601,0.08220688,-2.04222965,0.72559077,-1.05257357,-0.91281001,1.46464613,8.72,0
99003.0,-0.83830418,1.43283175,0.47786859,2.10324468,-0.6817526,0.83241842,-1.77133062,-0.65547638,0.09088873,0.3559828,-0.1616279,-0.06705685,0.77730877,1.06287349,1.06112434,1.05167897,-0.38659271,-0.9750493,-1.01375483,-1.83525872,1.12160574,-0.56837789,0.66294534,-1.19168348,0.66500703,0.27051422,0.27547215,1.25650161,70.84,0
99033.0,0.00701094,0.54537041,1.3762834,1.10961698,0.29345613,-0.62324109,-1.08090616,0.1100277,1.34001941,-1.86751561,0.31111938,-0.01928879,-0.47296545,-1.65870037,2.35590503,0.04797022,0.56680873,1.70715646,-0.43682189,0.26798557,-0.15803526,0.34897674,1.46797189,-0.31434057,-1.6593752,-1.09962285,0.76462952,0.91873109,158.32,0
99102.6,0.16549354,0.20706115,1.56780011,0.72364973,0.73338152,-0.49224108,-0.39985154,1.11543215,0.08269582,-0.44789521,-0.50898363,-0.40406702,-0.73948076,0.60125423,0.03856479,2.80630918,0.21427554,0.70569681,-0.63015196,1.43857359,-0.57461392,0.62511518,-1.97453391,0.43534313,1.85050632,0.03370077,0.40764587,-0.29731532,113.81,0
99155.1,1.2498494,2.05479236,1.87739281,0.99912972,-0.13231033,0.56444412,1.61408861,0.22235798,-1.05708413,0.57831386,1.31243331,0.87571041,-1.41246963,1.41356607,-0.07561045,-1.19107323,1.00311361,-0.57039864,0.84532729,0.56528523,-0.32403031,0.42348072,0.34536417,1.80008418,-0.83674837,-1.8188745,-1.13246779,1.00065318,105.87,0
99197.7,1.45329366,-0.62931273,-0.7346404,0.22293673,0.3578995,-0.9503151,-1.06538029,-0.75227105,0.97773898,-0.3688184,-1.28892586,-1.28059356,0.99828879,-1.0687074,0.69250346,-1.25438574,0.09870856,-1.65264889,-0.75958915,-1.51205627,0.26393285,-0.3438052,-0.55467088,-0.07791907,0.27518591,-1.28679689,-0.8468,-0.98240335,282.69,0
99212.1,2.85749315,0.47199797,0.68777812,1.36991741,0.25778416,0.20211245,-0.33836846,-0.40851554,0.02515908,-0.33475929,0.9805667,1.35286485,-0.50330762,-0.35347615,-1.02876864,1.58634473,-0.43589931,0.83296517,0.57096519,-0.11242518,0.07476935,0.33064523,1.5928731,0.58227981,-2.04706005,1.0212812,-0.38671175,-0.57082286,44.71,0
99293.2,-2.06201247,-2.36039921,-0.22885574,-1.06849524,0.06264562,0.97088039,-1.44712938,0.27481946,-1.21576789,2.48240437,0.05159367,0.47517312,-1.04404346,-2.13275558,-0.95884731,-0.95672909,1.17262287,-1.14756231,0.82699886,0.42148036,-0.11154409,-2.48645213,-0.54966109,0.97074263,0.53730415,0.14957747,-1.4369052,0.12603614,151.43,0
99350.6,0.1090984,1.91507076,1.59322476,-2.1989737,-0.52097712,1.52208782,0.97831759,-0.98557684,-0.25630728,0.03836125,-0.81912949,-0.97108156,-0.76950724,-0.97780286,0.58974142,-1.84755593,0.89849788,1.48714575,-0.18156294,0.77974845,0.79860882,2.18371969,-0.01197461,-0.79203771,-0.00099475,-0.21048535,0.05945366,-0.00538923,180.52,0
99414.9,-2.19757525,-0.26997334,-0.13784195,-0.77590557,0.02293402,0.08658553,-2.2318219,0.89664566,-1.08016288,-0.03021603,-0.0792938,0.54752028,1.05321892,0.06857172,-0.80459098,-0.8317173,-0.72095918,-0.10798624,0.87142007,0.47252982,-0.11842936,-0.50442541,-1.81745444,0.13179498,-1.23508807,0.4221694,-0.33710516,-1.09753994,103.6,0
99485.0,-1.24461168,0.6350044,0.77829192,0.32760492,0.41677646,1.8348408,-1.43906089,-0.86944242,-0.1485483,-0.92923608,0.04667642,-1.35235117,1.43528092,-3.32456596,1.10675513,-1.1330335,0.53940202,0.43471071,-0.40109988,-2.08233455,-1.5344453,2.36081327,0.73761303,0.20823284,-0.41774815,-0.15424598,-0.93229965,1.63567197,236.99,0
99583.0,1.91781495,0.29184387,0.5666912,1.02358432,-0.63777699,-1.3053523,0.97583351,1.50359415,-2.35973372,-0.63982566,0.02715395,0.3358266,0.04544349,-0.13832658,-0.16244388,-0.19687934,0.05475032,-1.0623636,-0.49864804,1.69675949,-1.94757926,-1.76431434,-2.68944616,-1.43569469,0.50303075,-0.75984483,-1.15827215,-1.55604452,793.76,0
99860.9,-1.15884793,0.06105952,-1.13185217,-0.04372543,-0.47553689,-2.22834513,2.12099742,1.34571194,-1.18372187,1.91137576,0.58397186,0.07862923,0.82865993,-1.0356499,0.06447183,1.24418446,-0.36772256,1.9051488,0.21722458,-0.88590849,0.95996939,-0.65205984,-0.17632964,-1.72339332,1.28687132,2.09636742,-0.13088817,1.04121437,66.77,0
99892.0,-0.33733989,-0.24861377,0.5027584,-1.35589496,0.83430337,0.0080405,1.74056041,-0.94749348,1.20953203,1.60946517,-0.28866007,-1.0713602,-1.66751872,-0.25531844,0.66554101,0.2105872,-0.2637084,0.4976962,1.56196519,-0.5584154,0.18243373,0.83165937,-0.27475973,1.3809063,-0.06113414,1.19060545,-1.35534559,-0.95572917,52.49,0
99909.4,-0.6635483,-0.39972301,-0.58684273,3.06843991,-2.35176012,-0.51248587,-1.3613879,-1.67437264,1.08580797,-1.17524801,0.25893657,-0.49446718,0.06180634,-1.01951341,1.19106997,-1.06936901,0.43852058,-0.08483513,0.16184804,0.76008376,0.59865049,1.48834415,-0.59870908,0.1060854,0.09732338,-0.8763378,0.05156855,-1.6645961,72.3,0
100141.3,0.1770719,-0.17407581,-2.04650548,1.41337507,0.01750214,-1.7505734,1.07439788,-1.30814698,-1.30242634,-0.55911905,-1.12607026,1.09802035,0.54475282,0.0793419,0.83433856,-0.04066035,-1.48953154,-1.32976249,0.01727399,-0.43289712,0.37703431,-0.69087519,-0.05485394,0.68899955,0.099357,-1.40797496,1.29072486,0.42058644,445.16,0
100297.4,0.73986882,-0.09421163,0.37389288,-0.81958929,-0.439588,1.1657107,-0.21408844,-0.65685626,0.86361195,-2.0950248,0.83114021,0.26941574,-1.19778521,0.92656811,-1.1887742,-1.05060882,-0.46144104,-0.28248291,-1.86237246,0.0528839,1.08503172,0.48070413,1.43564527,1.22474776,0.58750725,-0.86229442,0.39152942,-1.22449622,298.76,0
100322.9,0.08052429,-0.79016778,2.47152382,1.62841728,-0.82405041,0.44161007,-1.72411425,0.31889734,1.12694771,0.85421214,-0.86666159,-0.94392642,0.76878654,1.39545141,0.80177417,-0.44354241,-0.5239393,-1.66963678,-0.02914059,0.28659616,-0.40014121,0.65375691,0.36972381,1.15886407,-0.10167813,-0.77846959,-0.19347976,1.1342046,76.26,0
100404.3,0.36317085,1.77151011,-0.92544718,0.88440987,0.39345708,-0.54745983,-0.67169508,2.26921152,2.65178704,-0.57869092,1.03139094,2.02960899,0.03542907,-0.86744301,0.44369383,-1.06600007,-0.88589351,1.54884666,0.4646492,1.65619328,0.50506848,-0.38458027,-0.94762995,2.46201656,0.10413974,-0.9154385,0.75983514,0.3775591,372.05,0
100429.9,-0.56049909,1.06522671,0.15014221,-0.18972814,0.28603974,1.86160405,0.71401351,0.90312118,-0.25157089,0.66483978,-0.30654443,0.46205336,-0.62702475,1.72594573,0.28340884,-0.63488334,1.34655776,-0.83183719,0.20122656,-1.23516306,0.3025933,0.61486549,0.44512215,-0.49665924,0.09824193,0.57181651,0.24705102,0.25274641,54.69,0
100688.0,-2.22954834,-1.0776416,1.61183973,1.92548693,1.31004547,-1.52468224,-0.26149129,0.35557655,-0.40041039,-0.08391022,2.06996287,1.80537927,-0.27980362,-0.04536623,0.66098422,-0.67748977,1.53269091,0.43056829,0.32115051,0.72501932,-0.18006175,-0.60563259,1.21530845,-0.41273337,0.71090666,-0.59572479,-0.31102685,0.07352367,92.91,0
100709.9,-1.18721588,0.4870446,1.33296939,-1.3024712,0.68717373,-0.56969556,-0.23034881,-0.89665249,-2.39305889,-0.30077528,-0.09785748,-1.9204658,0.52780629,0.17642911,-1.23446869,0.47885212,-0.16216477,-1.36118888,1.54388502,-1.16382971,0.97843432,-1.57234915,-0.37967417,1.18779353,-1.39763735,-1.67435596,-0.39474965,0.12319909,310.06,0
100797.0,-1.61683429,-0.66577293,0.84061928,-1.42685678,0.4260657,-1.4193599,-1.4211871,0.06934321,1.47100211,-1.33180016,-0.43408351,0.49811289,1.01430475,0.11461933,1.01215773,0.13782539,-0.89205553,0.43246167,0.88365836,0.93228952,-0.24052027,-0.96031428,1.68322619,-0.18660473,1.68916696,-0.4516298,0.37320633,0.47407828,405.2,0
100803.5,0.725274,-0.51095818,-2.55804305,-0.20064589,0.78649906,1.34217612,1.10456204,2.40754016,1.99118329,0.5864653,-0.4371034,-0.63819549,2.16133024,-0.13842285,-0.74239748,0.64580043,0.65258726,-0.68478472,-1.30636949,0.46835976,0.06332943,-0.52832303,1.19833788,-1.21264005,-0.04680363,0.48400697,1.61882108,-0.92506082,603.73,0
100859.7,-0.44933085,2.29533773,-0.49598107,-0.31070275,-0.87736201,-0.50464444,-0.94385439,0.0748873,-0.39560072,0.04202297,0.17119964,-1.0108464,0.3437222,-0.34679546,1.35219812,-1.48203575,0.46409997,-0.17504986,-0.62514049,-1.09076757,-0.46987804,1.01902388,-0.36274657,1.17152625,-0.73588255,-0.17707268,0.8502468,-0.9506655,277.12,0
100868.6,0.00212658,-1.42844136,-0.06189699,1.18451421,0.66672402,-1.55377893,1.56978416,-0.36348454,-0.25433811,-0.19396846,0.71506206,-1.42985177,-0.94260167,-0.17676782,-0.59447238,2.53912877,-0.72449815,0.19356762,-0.14012811,-0.00922819,-0.57525262,0.32854954,-0.45146187,1.30971935,0.39003947,-0.36553784,0.30223142,1.4703067,123.25,0
100935.8,1.64711617,-0.32873597,0.73989428,-0.13931939,-1.32044186,0.43877252,-0.48213564,0.88707307,-0.70840402,2.25727141,0.13292732,0.28811758,-0.94601826,-0.50761998,-1.02220013,1.81339917,-1.00648572,0.03241649,-1.57003405,-0.04269747,0.44706987,1.4024953,0.21148712,-1.9507958,2.40155899,0.1688478,-0.15103577,-1.11413835,159.71,0
100941.4,0.66469721,0.38116171,0.07313821,-0.58338349,0.61810984,1.13569695,1.69878955,0.74204516,-0.97149925,-0.95343855,0.026875,-0.07460745,2.10227163,0.27542974,-1.14842347,-1.13660805,0.21736685,-0.65086015,-1.57113262,1.07501973,1.07414231,-1.67969457,1.66392687,-0.01208201,-1.38362596,0.02258032,-1.04934079,0.89049255,368.59,0
100997.1,0.41912309,0.74326031,0.36145547,1.70260789,1.15511317,-1.15662518,1.16254999,0.64057434,0.28750096,0.51354402,0.37653437,0.84906132,0.03863791,-1.23392635,-1.07178442,1.42433497,0.93330289,-0.41207473,0.13059758,-2.99613826,-1.19899272,0.41284708,0.63515196,1.56678355,1.05574384,-0.98132287,2.03324092,1.30182644,138.01,0
101005.5,-1.06564354,0.5372986,-0.14107948,1.24663395,0.54097958,0.33167509,-0.44242396,0.42703059,0.28143212,-0.30747971,0.17168729,-1.02083396,-0.60404211,0.99295566,-1.23006308,0.17040877,-0.52282474,0.36901567,0.06344357,-1.1519912,0.48117371,1.69724144,-1.66580422,-0.73160323,0.17513847,0.59145951,0.66306711,1.11262853,268.47,0
101078.3,0.62657158,-0.67987198,0.20294549,-0.08111264,-0.45070043,1.70036803,-0.42640887,1.19158621,0.57396691,0.75665117,0.44791405,1.67794838,1.25124557,1.30653374,0.65183493,0.23191942,0.07652471,-0.45570566,0.85194394,0.02823963,-0.29988718,0.69032875,-0.74956859,-2.20372008,-1.15393816,0.90442616,-1.59060481,-0.49070268,408.74,0
101107.1,0.19912646,-0.04750278,0.72830628,0.4689502,1.86751302,0.86333943,1.4453882,-0.52718644,-0.79602247,-0.27740326,-0.17532572,0.46013629,-1.62932469,1.64109452,-1.95319176,-1.93145508,-0.81191516,0.22777406,-1.91236008,1.23522306,0.85715753,-0.78846478,1.13363929,-0.51290928,0.224472,0.91060315,0.35548931,0.21030424,109.56,0
101154.5,1.2910241,1.08756721,-1.13436671,-0.28795697,0.94762959,0.23089638,2.09486343,-0.14571149,0.80684168,-1.31166939,0.26433525,0.55385794,1.32323833,-1.51897907,0.88451444,0.75547003,-1.7997896,-1.46141144,-1.33248479,0.5382766,0.74791264,0.902029,-1.67315885,0.51537199,-1.56036049,-1.72565419,0.38226103,0.77408777,375.86,0
101195.0,0.90227642,-1.48039781,0.20692447,0.28610796,0.21010024,0.00136113,-0.12043231,-2.5748136,-1.46747831,0.99742676,0.69485912,1.35783576,0.06199866,1.68708378,-0.13921155,1.0308453,-0.46834524,-0.55086324,0.90491509,-1.44628176,1.52498787,1.84250581,-0.00642359,1.37858997,-0.53591661,-0.24797035,0.23748905,-0.55335255,263.98,0
101318.0,0.49508186,-0.6634839,0.64681226,0.90859448,0.33235039,-0.2922505,-0.40894287,-2.0366738,0.51493575,-1.36335877,0.06993526,-0.58848136,1.17396344,-0.27275252,-0.19352677,-1.43881149,0.8275311,-0.3879646,0.20046906,-0.88762475,-1.25781932,1.51430368,-1.90882856,0.88505599,0.14985685,-0.97897604,0.3513032,1.32732435,216.1,0
101322.5,1.65535618,1.58457746,0.23461665,-1.2561428,-0.04473426,-0.02369954,0.07088414,-0.03633946,-3.18411572,0.04302483,-1.93548335,0.2992555,0.04105752,1.58090341,0.10175152,2.02017299,1.53238281,0.75185461,-1.11470132,0.86644344,1.48425166,1.42661836,-0.98112538,1.94340105,-0.70662069,0.01906899,0.25665142,-0.07406768,413.36,0
101460.0,0.58511222,0.35140511,-1.98513044,0.31936214,0.36856973,-0.03101571,1.62738574,-0.41680312,0.8719146,0.54148214,0.88866189,-0.53000575,-1.4781937,-0.54073684,0.017877,-0.54239516,0.38378684,0.9024941,-0.27710479,-0.09754102,0.87444913,-1.68343006,-0.42539801,1.20736588,-0.22714359,0.05309765,0.78058599,0.01200083,544.0,0
101504.2,-0.32051679,0.02777828,0.06412656,-0.35724446,-0.64131569,-1.01158321,-0.40431482,0.70625754,1.27630152,1.22301798,-0.37994769,-0.91976114,-0.81024455,-0.4918216,2.31432204,-1.65876295,-0.20672524,-0.93528285,0.57545541,-1.3678642,0.93992964,-0.27690798,1.90537834,0.08323378,0.09454732,0.13090042,1.19155777,0.69675899,202.74,0
101513.9,-1.43504277,-1.51946221,-0.02363109,-0.01945679,0.12068028,0.22700489,0.28404995,-1.46362863,1.07414783,-2.16713056,-0.35520522,0.80585125,-0.76402475,-1.45152726,-0.75265069,-0.48685467,2.00502781,-1.49429982,0.42086226,-0.20053141,-0.81600303,-1.38186674,-1.18816934,0.34313829,0.67476991,1.31499179,-0.95584415,-2.12200998,231.95,0
101545.4,0.78038729,-0.42117863,1.75430067,0.33525119,1.05811824,-0.22084299,1.06586299,0.56750678,-0.12152212,-0.08659669,0.40633589,0.57100793,0.58011379,0.19388651,-0.59864151,-0.82905017,0.42252008,0.38356219,-0.48879273,0.12823564,0.40544469,-0.80366361,0.48334844,-1.03919006,-0.06664257,0.67097305,0.87116559,-0.27994413,212.04,0
101872.6,0.60786274,-0.8734912,-0.33439973,-0.87001885,1.07943463,0.85390236,0.32057861,-0.31002214,-1.44713366,0.77672059,-0.19924586,0.66980418,-0.60243114,-1.7513145,-0.03803722,-0.1138571,-1.22425694,0.59846977,-1.09606673,0.86637929,-0.1503071,-1.64049267,0.68261852,1.16595099,1.32210452,1.18328657,0.13432073,-0.41462089,165.42,0
101993.2,-1.02609878,0.36048169,-0.00675976,-1.28424537,0.52843137,-1.27956872,0.1255702,-1.27047814,-0.44164393,-0.52890012,1.41327879,-0.02873093,0.93098271,-0.96054012,-0.87741639,-0.32807142,0.22106946,-1.79884255,-0.10249902,0.62166686,-1.8351845,0.8465342,0.72341853,-0.26847451,1.07430841,0.86045242,-0.31759803,-1.06133389,284.19,0
102076.9,-0.21880775,1.10184595,-1.2443316,-0.13936734,-0.58169027,0.30771719,0.5534596,-0.00247375,0.19134585,-1.23453528,0.90530805,-1.79592496,-0.9030743,0.90600494,-1.73437237,-1.89787595,0.37029884,-0.05198331,-0.75012296,0.05036915,-0.91001865,1.31440406,0.70691263,0.6303741,-1.82564718,0.56029139,-0.06347958,1.81164421,233.31,0
102270.3,-0.90722139,0.21145902,1.05527148,-0.83437824,1.55933775,0.09809411,0.86532391,-0.1232225,0.85154866,1.31549076,-0.28606842,-0.00345516,2.10996042,0.06678598,-1.25677608,-0.29105315,-0.70839067,1.31783563,0.14017052,1.12080573,1.89271179,0.0125509,-0.47668017,-1.39365134,1.79853503,1.23271829,-0.35111266,0.09145626,602.83,0
102322.2,1.5059626,-0.30905562,1.78821746,1.02630751,-1.07467633,-0.59825023,0.10090227,0.62555238,-2.94012358,1.514586,0.97914644,0.36339181,0.47765945,0.62344935,-0.62648011,0.25990617,-0.19912183,-1.07343906,-0.07909016,-0.45385917,-0.76570056,-0.49953023,-0.00117732,-0.90467143,-0.35913941,-0.85337342,0.74731537,-0.45974979,369.16,0
102467.1,0.65199869,-1.69611561,-0.53352241,-1.30128629,0.19464428,-1.32275943,1.72420306,-2.45766713,-0.42247836,-0.10705897,-0.28558839,-0.52867604,0.05998401,-1.7864473,0.64760096,0.26030933,0.14101341,0.09718116,-0.26027045,-0.1018256,-1.16669297,1.45297187,0.36951628,0.09113501,-1.18864011,0.82503655,-0.32875503,-1.59676708,60.95,0
102493.6,0.54637288,-1.06441653,-0.84564966,-2.28844441,-0.11651043,-1.40259603,0.43603481,-0.43115735,-0.89936173,-0.10141627,1.04629375,-0.52438736,1.1247098,0.33113983,-0.21701283,-0.37040746,-0.82372322,-1.94106556,0.78708149,-1.63832233,-1.12940831,1.3528482,0.96940845,-1.98056818,-0.50982805,0.63124433,-0.35124512,-1.11018743,115.65,0
102734.4,0.40747255,-0.56390621,-1.64277001,-0.72957358,1.45022076,-0.72305712,1.65338131,0.08727911,-0.36083841,-0.37866201,-0.52968261,0.76475015,0.30402727,0.85001536,-1.08810988,-1.68557497,-1.04688987,1.12565366,-1.78312492,0.52497273,-0.34497763,-0.61097723,0.42425288,0.84191915,-0.46333706,1.13970172,0.9740744,-1.52912492,829.6,0
102901.9,-0.43672167,1.01192049,-0.38769665,0.03672945,-0.16148715,0.34831365,-1.02969671,1.02419001,-0.0372373,-0.04931166,0.59672836,0.15111936,-0.36817351,-0.27510507,-2.22797079,1.15811296,0.40442294,0.22420491,1.67381325,-0.71294077,0.09588849,-0.75427015,1.09915721,-1.25966228,1.09837016,1.21337822,0.37824417,1.40148541,29.58,0
102906.1,-0.88787352,-0.48239735,0.6610139,0.34352288,-1.54644858,-0.7413286,-1.39871896,-0.74861063,-0.09297893,-0.6209053,1.16652941,0.41838978,-0.84940518,1.28747936,0.91076395,0.19564904,-0.36431047,1.93675885,0.79786798,-1.07501583,0.16160018,-0.8328063,0.89476721,-1.02855189,-0.63688959,-0.61759581,0.48040982,-1.04939515,89.93,0
103023.0,1.1177916,0.01325015,-1.32504026,1.05642642,-0.21066237,0.41867924,0.2739385,-0.32900684,-0.35189552,0.69201909,-0.51446383,0.4933307,-0.4788752,-0.78146521,0.03283957,0.53409118,0.04827796,1.02981886,-0.3672212,-0.34410915,1.86209409,-0.90698781,-2.54619421,0.11283079,-1.06335987,-0.10796702,0.18834915,-0.51958726,259.72,0
103038.2,-0.04498193,-0.44265575,-1.55244659,-0.03160982,-0.84450703,0.12420901,0.61503722,-0.40862363,-0.15093686,0.34811918,0.82292979,1.98124781,0.10062597,0.12452966,-0.89025881,0.14329369,0.34426691,0.70290445,1.33497972,0.70122913,0.81015381,-1.07073827,1.29876161,-0.25163159,-0.75211176,0.05535513,1.42898592,1.17290369,607.11,0
103151.4,-1.36777553,2.386175,-1.79524387,-1.40149965,0.36745951,-0.9857553,-1.25761147,-0.57374294,-1.46334768,-0.02347361,-0.97286971,-0.77357625,0.16408636,1.79255164,-1.26955455,-1.00718878,-0.34646612,-1.16190498,-0.64047491,1.25173002,0.95272577,0.91058213,-0.52053168,-1.63015179,-0.21410859,0.67036259,-0.49241942,1.19449486,196.02,0
103154.2,-1.34029734,-1.97239691,-1.67930527,-0.96072239,-1.40833756,0.16004973,-1.07031433,0.23151041,0.65371408,1.34862892,2.69556441,-0.50792292,-0.44726515,-1.61416232,-0.31171653,0.55989809,-0.71151404,0.14704574,-0.90138353,-1.07809606,-1.64537253,0.1086876,-0.08827146,-0.94947615,-0.189694,-0.80784325,-0.22912085,-1.84180316,99.77,0
103177.2,1.11698077,-0.22321509,-0.52327867,-1.1679704,0.04902512,-0.40566614,0.93910084,2.63447628,0.20020427,-1.53089973,0.99341952,0.46286094,-0.72575417,-0.96468959,0.50646071,-0.57301665,1.91241714,0.59216992,0.86273509,0.15837899,-0.08512858,0.58903875,1.69401309,1.09291145,0.45582204,0.95456282,0.16457848,0.02944638,110.2,0
103233.8,0.16996272,0.571684,1.2908376,-2.16472239,-1.47943528,-0.56967635,0.45948283,-2.2976533,-0.7713723,0.86788608,0.39320741,-0.24341703,-0.51067712,0.27012491,-0.5736003,-0.36905064,1.07660336,1.30969865,-0.171687,0.91727095,0.28482526,-0.06985767,1.37032812,-1.4313595,0.10420632,-0.27128682,2.94310238,1.00067383,204.35,0
103343.9,-0.38896805,0.24939224,0.39385221,0.7957897,-0.01032249,-0.91825709,0.13581825,1.1473576,-1.40291396,0.3115484,0.84581402,0.38286338,0.42010809,1.06439837,2.49846019,-2.47190911,1.86321166,0.10600316,0.69083957,0.5586937,-0.8203546,0.73386443,-0.22811405,1.07740927,2.01433595,0.6783465,-0.20893497,2.19272456,122.87,0
103698.4,0.49640834,0.26527839,0.77182108,-1.04265543,-1.83758824,-0.03603934,0.73298886,1.53658012,0.8289179,-0.01879384,-0.4448176,-0.43643676,0.95729281,0.22866119,-1.59250037,-0.91375169,-1.13401146,1.44946007,-0.40862322,-0.10610413,1.18164656,-0.52030147,-1.30918568,0.05758631,0.79918917,0.6340386,0.20784314,-0.2697992,330.51,0
103699.9,1.25472704,0.1556153,1.34621396,0.05386963,0.75143226,1.62413637,-0.37146293,-1.0912746,1.23194831,0.37266262,0.66188665,-0.45899836,0.34492701,1.26524992,-0.21530267,-0.81295093,-0.02978392,2.11111603,0.64616812,2.50607095,-0.83507008,0.61313584,-0.96900633,-0.60286393,0.47997846,-1.10193977,-0.76031093,0.91669552,422.32,0
103745.0,0.27839004,0.65260066,0.73130123,-0.05589353,1.28105103,-0.54496555,2.22670736,0.13854584,1.2685228,-0.40094926,0.15229864,-0.38491263,0.04735612,-0.5356475,0.72908411,0.54633781,0.53078191,-1.47287125,1.0941213,-0.18322142,-0.82130383,0.78607952,1.50526152,0.32548787,-0.87676881,-1.35849344,-1.40767265,-1.32180591,474.45,0
103928.4,0.90047416,1.17409141,0.49350547,-1.47792934,-0.69897053,-0.50035675,0.51242982,-0.03115627,1.56554969,-0.03100319,-1.86097732,0.25552481,-1.55992382,0.04877216,-2.01397939,1.97119443,-0.9360463,1.62573018,0.39789135,1.57484486,0.57535702,-1.44209148,1.89458755,0.64954424,0.49874091,1.04316096,-2.24319114,1.81320764,174.18,0
104101.5,1.49918403,-1.11441582,-1.51170131,1.79690959,0.72215031,-0.12705043,0.31896674,2.13788926,1.50406458,-0.67358722,-0.55094527,0.56702227,0.42579047,0.47318991,-0.60646966,0.35714261,-0.64314219,0.81879723,-1.20523312,0.02816613,0.77675732,2.163273,0.43231344,-1.04707686,0.48854164,-1.61748864,-0.80935523,2.12097347,580.23,0
104148.2,-0.79709143,0.70476452,-1.2006675,0.54018617,0.7397894,1.07663708,1.68080195,-0.82758422,-0.6383183,-0.24177078,-2.04776567,0.23687583,-0.93356867,-1.85917205,-0.13556302,0.57270563,-0.98586651,-0.00563096,-1.12734664,0.18549675,-0.43912909,1.18478065,0.05812335,-0.32716318,0.07353974,1.83941071,-0.24212382,-2.02175713,45.84,0
104161.2,-0.13177656,0.05469208,-0.17081325,0.80570705,-0.65765336,0.95055647,1.70512664,0.28893327,0.7577656,-2.20701808,-0.28489398,-2.16908084,0.14181708,0.69963767,0.23714077,-0.38033681,1.02329598,-0.26226233,0.11752506,-2.522e-05,-1.68886822,-0.39491519,0.1064712,-0.50194335,-0.16754549,1.38596703,-0.19060509,-0.01897872,38.99,0
104180.1,0.45259527,-0.46051019,0.11786704,-1.60094637,-1.06536861,-0.41293346,0.61385322,-0.65803319,0.1694266,-0.04689982,2.36137707,-0.98403386,2.91619262,2.64738137,-0.73893061,0.09844324,-0.53606572,-0.41259598,1.09140835,-0.64428714,0.15625159,-0.96632957,-0.92252593,-0.19800898,-0.08704239,1.19609893,-0.45559833,0.00779481,367.56,0
104194.6,-1.88852375,0.40898113,-0.80421243,0.11823993,-1.71779598,0.68003414,-0.89026626,-0.97537723,0.44647274,0.27946949,1.52822855,-0.67562824,-0.74238025,-0.66713989,-1.36149958,0.87989103,0.17838629,0.87715422,-0.52080183,1.06940572,-0.64218483,-0.09283899,0.52805283,-0.20696304,-0.77143802,-0.72136618,-2.11305443,-0.15618446,194.95,0
104268.0,-0.30561473,-0.04130329,0.73556459,-0.94968604,-0.54254296,-1.83993363,1.0637788,-0.67118079,-0.00404073,-1.17098303,-0.28451109,1.04857891,-0.40950606,-0.6949182,2.02388222,-1.29192183,-0.52806064,0.43752376,-0.53233468,-0.82595581,-1.28862439,0.15494824,0.76992532,-1.04129188,0.0015629,0.41647645,1.56768728,0.74177655,192.89,0
104317.5,-1.67258546,-1.47620296,-0.16267375,0.64998665,-0.81118384,-0.33828787,-0.03837082,-1.03440217,-1.35447797,0.58129372,-0.26572046,0.29018197,1.0846665,0.41538321,0.55834786,0.11128616,0.10652351,-0.14248582,1.09785841,1.44269532,-0.66172543,0.13598416,-0.33508405,-0.62318212,-0.02700575,-0.60539496,-0.1300363,-1.4567233,299.01,0
104419.3,-1.6388732,0.0661377,1.69021684,-0.34590474,0.11748303,1.69398614,0.31131278,0.1445606,-0.54451934,0.77828828,0.19085217,-0.37278787,-1.23641401,1.18432749,0.59268499,1.47536337,1.19310403,0.59509332,0.97037398,-0.03033942,-0.14755407,-0.18676839,-1.4752696,-1.10271686,-0.05073566,-0.29268559,-0.93753815,1.28385912,306.02,0
104516.8,-1.6156226,-0.57371847,-2.92999122,-0.57452283,1.37858476,0.32817543,-1.13786669,-0.20602953,0.80533463,0.67799564,1.05766164,0.88848792,1.19024992,-0.79697044,-0.20469851,-1.69272849,-0.23789681,1.09079927,1.51286507,-0.33804706,1.35263506,0.94231614,0.25753292,1.03386682,0.26810664,1.33392024,0.22203686,0.77813888,91.42,0
104517.0,0.94373776,1.3311696,0.17392273,-0.63387617,-0.68129198,-0.53322197,-0.53553511,1.072166,0.79168375,0.11740698,0.22957964,0.74905088,-0.62851406,-0.93809273,-0.11324923,0.4272445,1.25548502,-0.26505102,-2.1708803,0.2279455,-0.73279285,-0.15513718,1.16552791,0.12654505,-0.7580697,0.59842392,-0.45844988,-0.13814627,198.3,0
104546.6,0.88782257,-0.35080544,-0.34076139,0.62472381,-0.19643526,0.93319096,-1.80603805,0.63021755,-0.12299433,0.37163622,0.38454316,-0.05500162,0.60172999,0.7555372,0.19155809,-0.34289263,-0.50597765,1.45058596,-1.54684416,-1.22880467,-1.03243217,-0.68832881,0.87484142,1.6826521,0.07747441,0.31217617,0.13809314,-0.56173111,267.61,0
104597.7,0.49723956,-0.71123572,0.86905745,-0.13594608,1.08912876,-0.59525472,-1.52156002,-0.69705118,0.4798465,-1.88726551,-1.74083376,-0.44239097,0.71528674,-0.31439713,-0.38791428,0.80029912,-1.05092873,-3.53785046,-0.05890359,-1.59289037,0.34708588,-1.83256704,-0.78972201,0.2716985,1.04354404,2.43030947,-0.14778868,2.28043478,267.91,0
104703.9,0.95459932,2.08246239,0.99393622,0.2981089,1.12398379,0.31418244,-0.26068891,0.11151401,-0.33586567,-2.20481688,-0.84137161,-0.82900671,0.4835952,-0.48102464,-1.79975131,-0.02858276,0.28668487,0.76930029,0.36429938,2.39059076,-0.86739958,1.31716979,0.92102276,-0.63537618,-0.12809098,-0.74613288,-0.12391124,-0.44306058,23.22,0
104859.7,0.62260492,-0.24745735,0.17555195,0.14036541,-0.1654502,-0.95538634,0.39913215,0.55553407,-0.67455387,-0.02224856,0.49298816,0.49241021,0.35461653,0.47454999,0.60418014,0.72387282,0.4570174,-0.50841983,0.33499269,-0.66735361,-0.58445345,0.34217782,0.05899139,-0.67654546,0.56011888,-0.75578516,0.46103975,-1.33045097,418.47,0
105205.3,-1.31538738,-0.07469345,1.51874027,-0.91160588,-0.1645643,-1.66726702,0.95986571,-0.96759731,0.92065161,-1.84914012,-1.29888807,1.52436185,-0.45475602,-0.58741769,0.38468095,0.69245144,0.75827903,-0.25035661,-0.07764247,0.1188903,-1.07505351,-1.02809509,0.40177597,-0.92518726,-0.63852092,0.02923452,-0.67696019,-1.71467067,97.5,0
105332.5,-0.16184822,-1.57428762,-0.80358004,-0.18100958,-0.45296298,-1.24492984,-0.25590412,-1.30189958,0.16704043,-0.71601806,-0.14261995,1.42615079,-0.65883712,0.80532959,1.33718841,-0.99385946,-0.25719477,-2.14700522,-0.29960993,0.40172691,0.73293165,-0.39706899,2.32374862,0.1391815,-0.82883318,0.01462684,-2.15033162,-0.77330278,263.62,0
105333.8,0.14214513,1.91201754,1.28352593,-0.89259966,-1.47365314,-0.00471233,0.91678515,0.58722633,2.04976773,-1.87867315,-0.50045627,-1.97811653,-1.09651459,-1.64347397,-0.1959714,-0.12953019,0.46387319,-1.19088752,-2.31663987,-0.54622848,1.28947942,-0.12127551,0.68436682,-1.5595779,0.25907443,0.24734882,0.39826427,-0.58606258,248.85,0
105367.5,0.1472142,0.05452379,1.1135377,1.46909357,-1.10695493,1.65597092,2.26884354,0.14966347,0.79446058,-0.00391878,0.55919245,-0.09152168,-1.29407554,0.33877717,-1.09678064,-0.94497158,-0.48978041,0.56407708,-0.21055756,0.66239288,0.0270159,0.03344903,0.19302091,-0.67929162,0.37168424,-0.6244728,-1.60021754,-0.05560624,14.04,0
105378.9,-0.30495284,1.2898775,-0.14028718,-0.21978259,-0.72474197,0.33158341,-0.83177349,-0.79667029,0.3319733,0.85255922,1.08739439,0.57427175,0.03698842,-1.286857,1.22598497,0.1095478,-1.93421922,1.67642766,-0.67911242,-0.28539524,2.47536612,-0.79621028,0.67055815,1.21010364,-0.03042202,0.49249471,-0.1306263,0.63165561,74.43,0
105426.0,-0.30153955,-0.1478491,-0.52481585,0.1234751,-0.22147438,-1.10857809,-0.14229613,1.05647931,0.85948751,0.12767737,0.06906947,-0.46404277,-1.06808184,-0.11292064,0.64783736,-0.33443081,-1.0365418,0.68410536,0.14389087,0.72057731,0.44548541,0.50503921,-1.62323278,-0.37776275,-0.53804301,-0.08430687,-1.29709504,1.60552576,173.12,0
105492.1,0.60419305,-0.23443264,-1.04444454,0.24252544,0.31197557,0.34892974,0.77959766,0.75278082,0.319955,-0.94075574,-0.7956851,0.13894752,-0.46903189,-0.25500903,-2.34207248,1.12409728,-0.645519,1.29570696,-1.52924955,1.68224338,1.06829002,-1.76372771,0.61609875,-1.14011908,0.76179005,0.79800967,-0.11734001,-0.16415036,16.91,0
105525.8,0.47511916,0.5631128,1.17462915,-0.32765139,1.68775808,-0.14426674,-0.60467421,0.69063231,-0.16568502,-1.54245407,-0.10121493,1.14054758,-1.26074129,0.39347965,-0.50533464,0.07728828,1.31450043,0.30045133,-0.33001907,-0.80119418,-0.0090623,-0.24655694,0.26906483,-0.58088091,-0.14586692,-1.19228107,-0.29634099,0.65313965,1.49,0
105536.7,-1.50650759,-0.75027891,-0.83679819,-0.2221415,2.52456654,-1.02851357,-0.85109403,1.09961638,-1.66696343,0.57572621,-0.26124196,-0.88063852,1.02590499,0.13793053,0.03347989,1.16908354,-1.39739053,0.08606705,0.7753608,-0.38442999,-0.37377441,1.37616495,1.77237121,-1.68270376,0.14491787,0.83818424,0.30096245,-0.51905376,441.83,0
105567.4,0.74165743,0.89155939,-0.40878445,1.09038515,0.04998714,0.62799241,1.11461732,0.53152064,-0.48583123,-2.09574784,1.25896177,-0.38249116,-0.31364607,1.0552869,-0.72632872,-0.74775075,-0.98592561,-0.02891603,0.00359597,-0.17892653,-0.92467906,1.02803586,0.81108723,-0.32660114,-0.61541059,0.45684916,-1.32988607,0.99599928,64.67,0
105580.3,-0.19264618,1.1027674,-0.35612185,-1.02116153,-0.30418792,0.73849276,0.81054569,0.43216624,-1.27189952,-0.76542654,1.49932383,0.32161222,0.38179678,0.84567166,0.33501282,0.6741002,0.5838162,0.60777128,-0.144978,1.233551,0.18244849,1.60072421,1.8012189,1.66400995,-1.52516705,1.64380191,0.03188587,-1.45279649,140.3,0
105642.9,0.29589507,0.69197536,1.44742335,-0.45386279,-0.12937976,-1.93249591,0.46307459,-1.82567981,0.41301963,2.34019504,-2.06307226,-0.61603051,-0.41881315,-0.2054828,-0.64260977,0.43730139,-0.89074497,-2.03970144,0.6567582,1.56058501,-0.39996904,-2.28500856,1.05425159,2.16570654,-2.01767656,1.68898191,1.1394145,2.13112088,156.22,0
105829.1,-1.37547567,0.39066745,-0.43786163,-0.06514344,-1.36576532,0.98288745,-0.93264093,-0.31784374,-0.77209012,0.35784057,-0.1320056,0.91679339,1.51363793,-0.30074965,1.92404761,-0.84120354,1.68902899,-1.05599102,-0.83688301,0.99442768,-0.54917232,-0.54421337,0.82691758,1.00348086,-1.34625889,-2.35158844,0.22059863,1.33863097,214.22,0
105853.8,-1.67363739,2.45782125,-2.15518709,0.62637056,0.70895806,1.01738915,-0.35636639,0.43002895,-0.40321812,-0.46967164,3.67873682,-0.76496386,0.7063661,-0.64732206,1.79382311,0.23735151,0.68591891,0.87271757,-0.30535687,-1.21092557,0.14618199,1.00385877,0.50063862,-0.78739934,0.97670574,-0.37341319,-1.41367064,0.80368953,144.68,0
106042.0,-0.40873241,-0.26047876,-1.48594772,1.42294781,0.54883329,-0.9377048,0.13191236,-0.32048392,-0.9263766,-0.31640926,-0.87483422,0.36571536,0.17317061,-0.14652625,-0.32597149,0.6157273,-1.07910641,0.24213602,-1.79909115,0.231151,0.83752974,-1.33148175,0.83574693,0.84616188,0.85431455,-0.06003429,0.96336045,1.0827253,187.01,0
106262.3,1.10663984,-0.20687113,0.11140508,-0.01808832,1.00484539,0.29241647,-0.75009731,-0.24723893,0.02100475,-0.38486484,0.92418394,-0.29746932,2.47674088,0.00753035,0.77024305,-0.83540229,-0.35001361,0.38283708,0.2900285,-0.59656646,0.13304351,1.20224179,-0.81644314,0.89579008,-1.26874613,0.90834663,-1.04297333,1.78154435,249.77,0
106270.5,2.16074344,0.99883448,-2.242567,-0.10735246,-1.77475359,1.75701509,-0.26521505,-0.51457458,-0.97892858,-1.35584345,0.93772268,-1.54917728,0.13597389,0.82190461,-1.1796639,1.08804904,2.3792422,0.11245885,1.90388295,0.11743007,-1.13894939,-0.11215911,-0.07491838,0.81223998,-0.4394676,-0.43505558,-0.16413043,0.65241395,263.81,0
106273.0,-1.23821933,-0.07752516,0.41145551,-1.24231592,-1.19485742,-1.3032814,-0.65986214,0.85602491,-0.54372662,-0.5541751,-0.4010206,1.20011934,0.40496413,-0.53980169,1.20904426,-0.24876429,-0.15192159,1.63105213,0.1362101,-0.49250117,-0.94897737,-0.25018142,0.26866495,0.99075125,-1.57253123,0.55523941,2.08976053,-0.21180504,14.35,0
106356.1,-1.93792052,-0.39653988,1.19608717,0.8223754,0.00209755,-1.19141383,0.56165983,-0.6303727,-0.92388483,-0.64813425,0.24649404,-2.12103211,0.36076315,0.17390962,-0.5845264,1.03692729,0.61144042,-0.60628415,-0.67001662,0.69515148,-1.51607356,-0.33262243,-0.63104653,0.06987748,0.21112652,0.03678791,1.13484808,0.22806303,9.25,0
106457.7,-1.21484692,-0.51912142,0.29095643,-1.69230372,0.49971724,0.67925835,0.1844126,0.71022683,0.0165011,0.17289414,1.38780924,0.11228932,1.62490654,0.857958,-0.2634218,-0.04222311,-0.67663843,1.21688883,2.77583829,-0.25477618,0.29710371,0.48596201,0.09275787,-0.16582552,0.63627535,-1.46226013,-0.87331203,0.23621776,104.72,0
106526.8,0.93445639,0.54995963,1.19272989,0.2673164,-0.01668901,0.71693078,-0.19947374,-0.72404486,0.66107013,-2.03555082,-1.17101213,-0.54685646,0.28548201,0.45548096,0.80300317,0.11280677,0.97744222,-0.40103142,-0.18466767,1.70515616,0.74329925,0.13210954,-0.63923634,-0.8436568,-1.70331284,0.4673965,-1.6856248,-0.27743083,278.6,0
106610.7,-0.30628983,1.84529303,1.41968102,-1.18097347,-1.27580407,0.36126602,-2.55248656,0.06410834,0.13296839,-0.46855865,-0.3722811,-0.1745958,-0.29408129,0.58105968,-0.47819091,0.55319005,-0.79057038,0.63335785,-0.83762711,1.39108305,0.56971907,-0.87328207,-0.81693996,0.35651704,0.32963913,-0.10035082,0.89537462,-1.3860694,199.1,0
106817.3,0.92210201,-1.38966529,1.37846216,1.94964044,-1.5258498,-1.25690129,-0.44905899,2.48786723,0.79580931,-0.26467377,2.17294106,-1.55886561,0.88227494,-0.69557897,1.54768279,1.78060346,0.76086075,0.00169049,-0.81167664,-0.29659231,1.22018185,-0.64064307,0.3380466,-0.08843726,-0.47117105,0.29745709,0.74770504,-1.52768298,303.12,0
106971.2,-0.17134973,0.58770626,-1.34071226,-0.6455685,-0.12474153,-1.01573869,0.40510456,0.62603893,-1.39138574,0.76720253,-1.08741742,1.18370375,-0.68278677,-0.12279831,-0.6347607,1.61551621,1.76824905,1.00371266,0.36315418,-0.74678194,0.98787867,-0.11089528,-1.01830771,1.31832593,0.09648338,-2.00364855,0.98046322,0.26702756,137.18,0
107046.2,-1.47868759,0.07768537,-1.16415253,0.55719461,0.59872007,1.28126383,-0.63324069,-0.42673804,-0.0768139,1.80425868,-1.63296969,-2.19683693,-0.02201525,0.70033085,-1.49907211,0.35596245,-0.39849435,1.02643496,0.37911485,-0.68155925,-1.31260996,-0.90522636,-0.05661054,-0.60512083,0.00069609,-0.34676474,0.46049309,-1.03632678,404.28,0
107459.0,0.75510675,-0.02739949,0.02516522,-0.55275889,1.71385122,0.24035314,0.98578284,-1.03476867,0.39997724,-0.12729345,-1.31619226,-1.13819034,-1.72264972,-0.57394876,0.28778149,0.67835119,0.60407563,0.7335764,-0.06928311,-1.34804733,-0.68210112,-0.87984068,-2.63735195,-0.97254522,-0.32445978,-2.28278899,-0.03885152,1.16385674,225.21,0
107624.8,0.73111455,-0.18097713,-0.12087539,-0.50528988,0.27609907,1.07370812,1.19525309,0.21188274,1.11314456,-1.12467482,0.36300883,-2.46840281,-1.34233971,0.53634064,-0.47945548,-0.56074139,-1.17834211,1.78350573,0.40940011,0.08570203,-1.05419794,0.90988012,-1.81604307,-0.31123733,-1.37082973,-1.41247724,0.47843905,-1.72515941,58.72,0
107988.8,-1.6251831,0.49183883,0.08185195,0.17566257,-0.5760075,-1.90775579,-0.61294158,-0.32130477,1.60014915,-0.38823603,-2.3030403,0.48002647,-1.35151681,-0.28182867,0.12780582,-1.05877984,-1.28453326,-0.56659808,-0.94252584,-0.13274941,0.34219774,0.45722096,-0.33412158,-0.77620903,-0.80479613,0.34593473,0.17624982,-0.31957681,162.17,0
108042.2,-1.28289313,0.67208118,-1.73532466,-0.1714578,-0.68406276,1.35215597,-1.61129415,2.6078503,-1.11460372,-0.68496769,0.74111882,0.51716089,-0.54317554,1.79870297,-1.989282,0.82050302,-1.07942144,0.88357314,-0.23121506,-0.46938754,0.4630421,0.9524678,-0.66207044,1.05616704,1.20846445,1.2060368,0.5706833,0.64187393,263.25,0
108074.6,0.00218884,1.43235014,1.31035914,1.13784692,-3.53482628,-0.77299231,0.46345479,-1.32318464,-0.52788595,0.6685786,0.04753747,-0.34887413,1.73246793,-0.42211286,1.11132993,-0.04968121,0.09915669,-0.35853275,-0.84060421,-0.22161266,-1.36567881,0.61113365,0.11307119,-0.44009055,0.79442369,-1.04222848,-1.96761855,0.42143093,256.36,0
108201.2,-0.18035374,2.01455629,0.29451518,-1.3664798,-0.65015476,0.88286891,-0.43697359,-0.67110244,-0.53407799,0.0538904,1.07069314,-0.89357088,1.25819883,1.47834775,-1.13732222,2.11838711,-0.75615271,0.2259587,1.44214228,0.16921754,0.67968836,-0.14625281,0.5296219,0.48461565,0.81642743,0.29603,-2.20760161,0.22912256,128.14,0
108229.5,0.4009891,-0.68073913,0.85104419,0.2285005,0.23484191,-1.17351413,1.31389561,0.51294778,-0.30290368,0.27933295,-0.37809389,-1.39250996,0.27338487,-0.53997171,0.69416538,0.90025342,-0.47231163,1.43921187,-0.88151712,-0.00501822,-0.69766359,-0.42148431,1.10900942,0.38169236,0.43429859,0.12918048,0.29767883,0.93395096,203.01,0
108251.5,-0.23469424,-1.27351432,0.36834736,0.02197519,-0.3617638,-1.09008164,-0.51713322,0.07233219,0.7389663,-0.70289188,-0.90030586,-2.47736552,0.25925008,-0.44932084,-0.04244205,0.57634491,1.00937198,0.21269085,-0.26761622,-0.19339691,0.10461882,-1.58731318,-0.21757567,1.87049266,2.17847605,-0.35146027,-0.24521171,-0.510816,119.21,0
108255.5,-0.32307666,0.68927483,-0.08731007,-0.3668829,0.31971357,-0.07370677,-1.13723215,0.3588515,-0.63868674,0.69804213,-0.02435348,-0.77412994,-0.35202479,-1.98517811,0.97141659,-0.16875054,1.15721423,-0.3916338,-2.26703248,0.55044855,1.56198729,-0.86113843,-0.34193498,-1.94878293,-0.32187704,0.7337863,-0.14117739,-1.4458532,258.93,0
108400.6,-0.83617157,-0.93897337,2.1759439,0.25720753,0.51116103,-0.42182298,0.04047115,1.09537143,-1.40961818,-0.60649054,-1.28035092,0.94087149,0.29066685,0.28112334,0.57217727,-0.17370585,1.44240574,0.17118068,1.42089424,0.41901852,-0.00829234,0.31993073,-1.58412172,0.4497856,1.15189697,0.26710233,-0.22690434,-0.13977108,79.63,0
108417.7,0.14060306,0.27369332,-1.0109443,0.90338531,0.38104713,1.22694155,-0.02990659,1.95310092,-0.35887634,1.59306041,0.11511897,-0.51626901,-1.12844787,-0.15103055,1.42332103,0.8163745,0.68888386,-2.37587257,0.7109642,0.55585241,-0.54992628,-0.62738437,-0.00231045,1.72487626,-1.0551007,-0.42780503,1.36178475,-0.4461508,3.06,0
108453.9,0.03138148,1.09018819,0.65744302,-0.19889881,-0.41220601,1.10797139,-0.30658059,-0.34407357,-0.53381118,1.04846509,0.51759548,-0.66649182,-0.22551147,0.24187152,2.3047676,1.51412712,-1.63378255,1.00774366,0.42937736,-0.40940215,0.72437416,1.74496037,-0.44666635,0.76265667,-0.51521454,0.29936498,2.17237479,-1.3400238,198.79,0
108477.0,0.26106715,-1.80718466,0.0281303,1.26287227,1.57881153,-2.52044354,-0.76908499,0.08383572,-0.41878124,0.72037713,0.48372735,0.54325927,-0.23892494,-0.17874981,0.93330096,0.53222134,0.33415349,0.10614856,-0.76511037,-0.75826114,0.128605,1.03563708,-1.01428291,0.32683379,0.39734234,-0.25814799,-0.1189753,0.64037716,108.01,0
108576.7,-0.61458621,-0.79493778,-1.51346574,-0.64070565,1.07095365,-0.03195655,1.48759028,0.70391837,0.71826876,-0.68582689,-0.37913575,1.31152743,0.99745518,0.55400811,-1.69122497,-0.1144342,-0.23325073,-1.05343328,-0.49350414,-0.01721962,-0.84015152,0.97517842,-0.33289606,0.02037104,0.64218883,0.26128867,-0.43241661,1.09080398,23.87,0
108636.6,0.5361269,-1.19761722,-0.66424712,0.20615912,-0.90882237,-0.86765602,0.59754144,0.54591508,0.26337752,-2.25425569,-1.10079871,1.80257331,-0.06021385,1.81283902,-1.25781837,0.1001444,-0.76996655,-1.26983013,-0.66351856,1.01184108,0.87970347,0.36839206,-1.61991474,-2.01659544,0.50364858,0.51148231,-0.46815358,0.12828279,110.9,0
108762.7,-0.18012649,-1.21605899,0.28756743,-0.74970719,-0.48614184,-0.36193216,-0.18773535,1.02760102,0.75355416,-2.73848663,0.00733524,-0.62930391,-1.04216439,-0.39600809,-0.04831366,-0.73595743,0.25115155,-1.30364985,-0.76601804,-1.01883617,0.54132026,-0.77982364,0.4059801,-1.47738159,0.26146153,-1.04649289,-0.17224043,-1.88079016,110.88,0
108823.5,0.38911207,-0.91387959,0.26835568,-1.7427668,-1.14581991,0.2441518,-0.67079419,-1.39903839,-1.46071472,-0.56936369,1.20602297,-0.1119998,-0.80192904,-1.35652878,0.09215991,2.32730803,1.33946515,0.70432399,-1.53821457,-0.27973351,-1.29451587,-1.15845599,-1.17037511,1.14575192,-0.44059556,-1.89725941,-0.48629515,-0.27587732,248.79,0
108929.8,-0.64076172,-2.71345007,0.94923897,-1.33069287,-1.04769484,-0.72012098,-0.29299237,1.11850391,-1.33216687,0.11663511,-1.15196337,-0.97136024,0.47071386,-1.05683727,-0.27275655,-1.19518425,-0.76874848,0.41010046,1.94759198,0.82124557,-0.98238176,0.56331037,-2.36359996,0.07741886,-0.8833455,1.26930856,0.81721444,0.10745037,169.53,0
109019.0,0.03942114,0.05340445,-0.55667212,0.28522714,-0.02652434,-0.79319188,0.65269327,1.68917306,-0.56798038,-1.10690398,0.09210593,0.73176167,0.24712835,0.93056089,1.51731843,-0.61101945,-1.58456542,1.46477679,-0.00762318,0.27555834,-1.66674094,0.72552264,0.23587459,-0.57521498,0.00735219,1.28495525,-1.03635694,0.92860216,237.42,0
109093.1,1.18977187,0.0987141,1.46840521,-1.29441863,1.11846854,-0.61885736,1.22605922,-0.13053733,-0.56248686,0.10700511,0.01089878,0.13225103,-0.73824497,1.13597357,-1.91967444,0.95430223,-0.45731142,-0.09388847,0.27027163,-0.57594329,0.00128609,0.56963942,0.1570843,-0.64114779,1.49503506,-1.94036824,-1.52423457,0.34767395,370.77,0
109152.9,-0.61334527,-1.26967208,-1.1846829,-2.67407729,0.01086263,0.47967473,-0.98419215,-1.49283442,-0.22132504,-0.98361792,0.88510164,-2.43434789,1.57663111,-1.23441154,0.00375471,0.81167124,-1.25872524,-2.63984673,0.29395672,-0.13407608,1.3120733,1.10471634,0.88751774,1.1462795,-0.78025372,0.26554459,-1.88994194,1.36434587,382.92,0
109305.3,0.42487787,1.33293012,-0.23213869,0.89064491,-1.32235851,-2.49271568,-1.48073855,-2.04038985,-1.53914332,-0.03765988,-0.21753896,0.44489111,-0.68551411,0.91615863,-1.33958405,-0.63693387,-1.44181708,0.82266291,0.44578321,-0.68907201,1.04327454,-1.48838011,-0.2239572,-0.03220408,0.91055968,1.17887548,0.51565555,1.58371992,197.07,0
109327.3,-2.40214146,-1.8535187,-0.95590492,0.31213011,-0.27394329,1.01435925,-0.99524226,1.0532495,0.37458836,0.84594514,0.12421621,0.04069543,0.11389473,0.94512734,-0.31263813,-0.7348854,0.17815211,0.44095285,0.80329304,-1.06382423,-0.31752817,-0.08837103,-0.69199956,0.15282359,1.53723024,-1.40906871,1.09784334,0.60463164,81.06,0
109374.9,-0.57925349,0.59798609,0.4368257,-0.05387914,1.36330304,-1.47541139,-0.39634747,1.84396944,-0.18626,-0.61528678,1.18496151,0.17646842,-0.37593235,0.37328297,-0.72969125,2.14918981,-0.84314874,-0.03288734,0.79540046,1.12459125,-0.69942309,-0.09928644,-1.0709086,-0.66880864,0.89896794,1.29477786,1.70715742,1.09090372,186.31,0
109445.9,-1.74424934,-0.46427248,0.31649583,0.41396628,-1.98344924,-0.12313525,1.09235909,0.49730672,1.28826923,-0.10251534,0.03082702,1.67306203,0.50660271,-0.80082333,0.12041164,0.77096943,0.98952391,0.38943048,1.19769664,-1.26472604,1.46995254,0.25812068,0.90287597,-0.41946901,-1.57580572,-1.24526216,-0.00456298,-0.52188736,243.74,0
109594.0,0.46990968,-1.0130931,1.00537702,0.29508224,0.91621146,-0.12198104,-0.42762352,-0.43109784,-0.18473197,1.39825164,0.65406186,0.26860495,0.11704362,-1.81454895,-1.4648149,-0.33748537,0.2515268,0.62493549,0.62681219,0.55463822,-2.37010811,0.52336086,0.06863497,0.02293999,-1.2313427,0.94122722,0.89199097,2.02520212,286.49,0
109722.5,0.30991331,0.32237663,1.18938638,1.51426974,0.90145124,-1.59919658,1.60008917,-0.27369373,1.5653728,1.95111552,-0.88532544,0.95066401,0.24070883,1.42677652,0.57959023,-0.36891542,-1.72149715,-0.58225075,0.05402159,0.48372633,1.93396397,-1.50033542,-0.92743435,0.42662987,1.33740706,-1.56426453,-1.48209436,0.26664487,307.04,0
109774.5,-0.59145977,-1.41736294,-1.40887079,-0.39885656,-0.41012837,0.98258713,0.44951201,-0.26111854,0.75768353,1.11655422,0.41129798,-0.40631614,1.01860338,1.76852163,0.66053432,1.77067659,0.92659892,0.84885858,-1.09018648,-1.11354935,-0.04948348,-1.66945769,-0.59295381,0.86733739,-0.66515542,0.53319102,-1.3512509,-0.49364102,343.86,0
109819.5,0.47464785,-0.2507896,-0.29865304,-1.64131706,-1.38390046,-0.53980572,-1.0116716,2.21349604,0.1117608,0.35345219,-0.34620599,1.46147608,0.79136743,-1.40057804,-0.25195168,0.36139421,-0.58784619,-0.83140825,1.09073015,0.20814228,0.3300755,-0.70061968,0.86679381,-0.17569574,-1.00377071,1.67744433,0.42006474,-1.525047,462.74,0
109841.7,0.32781055,0.18997057,-0.6964283,0.47285426,-0.47634009,-1.96811421,-1.47034456,-0.23077724,-0.11178068,1.88092773,1.80048621,1.18174737,-0.91416069,1.40088192,0.47422229,0.79652583,-0.99242419,0.55291203,-0.22193184,-0.54872084,-0.30768213,-0.88396153,-0.34860682,-0.92964595,1.74484872,0.10902274,-0.32984334,-0.23066987,82.62,0
109894.3,-0.52166971,-1.01278874,-0.75901717,2.07536909,1.55104014,-0.96132443,2.27559283,-1.07555128,0.00495178,-1.65003428,-0.3998637,0.32434571,-1.74905588,-0.04074664,-0.83401448,0.16290578,0.57767318,0.15695823,1.110279,-1.28541489,-0.33256859,-0.49543983,1.7386126,0.24879743,0.64319363,1.49172544,1.49120567,1.74155342,183.46,0
110088.8,-0.41890327,0.9642977,0.188292,-0.82372227,-0.3376898,0.03355949,0.26221342,-1.21387467,-0.23989241,1.07363461,-0.03207999,0.54890952,0.0024731,1.76708343,-1.24389721,1.41210125,-0.70374402,-1.1989984,-0.39441949,0.54980039,-0.20380237,0.06888417,-1.31148689,-1.75362621,0.86698442,-0.63492949,0.30557457,0.09664366,128.21,0
110320.9,0.89878399,-0.40484637,0.22089464,1.06037986,0.33000406,0.69342252,-0.93808125,-1.41395113,0.52629577,-0.03925913,-0.2923709,0.49643295,1.12973089,-0.30691124,-0.75821689,-0.12143732,-1.14394368,0.06411843,-1.27856987,-1.22371948,0.42846314,-0.60790898,-0.95682264,-0.73514347,-0.89247081,0.03011299,-0.44564619,-1.38245075,165.63,0
110333.8,0.52838074,1.27077989,0.7298539,2.24638751,0.03539783,0.04757093,-0.01701603,-1.17541417,1.12388654,-1.84805536,-0.59342311,1.05739519,2.01161815,1.86890462,0.32551607,-1.10085684,0.52602203,-1.74382694,0.30318072,1.74517412,-0.45802265,0.99165459,-0.806021,0.4196722,-1.30773231,0.25796307,0.31852532,-0.43875741,136.49,0
110384.8,1.8117383,0.49447525,0.87081763,0.84518917,0.12399971,0.68777853,0.85176534,0.91879215,-0.32425553,-1.4357458,1.83677605,0.01465091,-0.86677201,-0.08536915,1.99243604,0.00405249,0.45136648,0.78960274,0.4000496,-0.51853663,-0.46997269,-0.05535029,0.17902244,-0.17685079,0.3346795,0.76493737,-0.67965992,0.8897469,195.29,0
110413.9,-0.23551227,0.67184261,-0.1507743,-0.69713952,-0.48461443,-0.96382529,0.19545139,1.70618343,-0.84657073,-1.10499613,0.67772226,-0.98789818,-0.65729034,0.26812294,-0.10101187,-1.35524174,-1.56715795,0.58895019,1.25444878,0.96911459,-0.35731994,-0.51821363,-0.14547037,-0.07118129,-0.29695568,1.30875645,-0.77749392,-0.96773386,129.81,0
110442.4,1.75692521,-0.69176734,1.92525236,0.29945896,-0.700143,0.08474199,0.5587348,-0.30864357,-2.18656592,1.95229852,1.03598489,-2.2002598,-0.41972473,1.42836154,0.97190872,-1.18842293,-0.88343691,-0.46054725,-1.16619822,-1.03774771,0.11639121,1.27136083,-1.53383385,-0.47547833,-0.01610831,-0.2343771,2.26339312,0.0229713,473.12,0
110487.8,0.79214474,0.12551828,0.27359901,1.61007109,-0.93805122,-1.89067081,0.89458996,0.54387602,0.690173,0.13074641,-0.23179286,-0.00780237,0.4577508,1.37457201,-0.67777905,-0.1966428,-1.54187536,-0.96855385,1.80899679,0.07390769,-0.29195205,-0.86403366,1.4048967,2.08069953,-0.22838709,0.37749787,1.59215609,1.10731498,272.6,0
110499.1,1.62109327,0.14263451,-1.82299939,-0.69723987,0.17036176,-0.42908593,0.38625768,0.24472227,-1.04040199,-0.22780401,-3.05284096,0.14252492,-1.03874829,-0.53687612,0.1286215,-0.67808872,0.83985166,0.66480305,0.11523689,0.5188019,-0.98869083,-1.16792387,1.38227792,0.03379175,-1.14426609,1.67061362,-0.05346858,-1.59035422,135.3,0
110528.3,-1.10721301,0.47965155,2.71864761,0.31998133,0.79218055,-0.3951979,1.21307436,-0.77701131,0.20176522,-1.00477576,-0.46786359,-1.70640824,0.11876219,0.90912708,1.79056829,0.52706122,-0.00300312,-0.7834788,0.56126322,1.1538848,1.69668815,0.82593089,-0.58978503,-0.13986912,-0.53010644,0.94820621,-0.08144476,0.24715465,145.92,0
110671.6,-0.39079321,-2.01842622,-0.5825464,0.21101611,-1.91894091,-0.44534108,0.34273039,-1.28164239,1.08538983,1.38706221,0.30953215,-0.25945603,-0.17902804,-0.22855936,-0.48230502,1.20860548,-0.18426934,-0.47639106,-0.43347668,1.71791367,0.00961381,-0.64089113,0.1434876,-2.08114326,-0.4397707,0.64801355,-0.61659755,2.62392633,170.82,0
110706.7,-0.76660377,0.66698549,-1.1090408,-0.16283531,-0.71056016,0.07352619,0.58956667,-0.43180887,0.87843826,-0.75487918,-0.86956644,-1.12876541,0.70796441,1.2155797,-0.95184718,-0.25297924,1.61057777,0.25282536,-0.78069113,1.00270222,-0.73224458,1.94074595,-0.41448582,0.74889688,-0.81578503,0.63761234,-0.28097447,0.72764939,172.37,0
110769.2,-0.59532371,0.94600688,0.5801079,0.87883417,-0.96876425,-0.77554872,-1.36442696,-0.53443433,0.52125857,0.21908508,-0.15388936,-0.04600011,1.31042466,2.22588849,-1.35477598,-0.99096012,0.6828182,-0.40767946,0.67235794,-0.10008735,1.43214084,0.56509989,-1.79075214,-0.26355213,0.51842997,-0.45650919,0.90717541,0.54901833,569.56,0
110858.6,-0.88531029,-0.26827999,-1.43867109,0.49526315,-1.24270104,0.62029577,0.15113307,0.57777368,0.45202493,0.9350069,0.42917347,-0.73158402,0.43364378,0.537853,0.07496375,-0.38768977,-0.44746129,0.79722422,-0.22613995,-0.986897,0.46315317,-0.68208895,0.36375578,-0.56775501,-0.0204143,-0.6362432,-1.48103017,-1.82816142,113.14,0
111001.3,0.25013459,0.28409259,-2.27700757,-0.72012026,0.84043869,0.19332918,0.51241333,-0.71255948,-0.8938323,-0.53426705,1.61454895,-0.55714686,0.90838193,-0.09289826,0.18396056,0.02340736,-1.61017726,0.01828819,0.33433654,0.43906163,-2.06002919,-1.3931215,0.69637516,1.15391967,1.04706194,-1.30668037,-1.50998694,1.00003943,317.93,0
111102.8,-0.16547714,-1.29346903,-0.20247375,-2.06912635,1.54624526,1.78848642,-0.75098093,-0.5742498,0.39228992,-1.00343173,1.82258381,-0.62113632,-0.21803539,-0.5997107,1.22866973,-0.12945234,1.48456038,-1.21883264,0.31289349,1.52203284,0.06617675,0.61068828,0.19493507,0.07397143,1.65411459,-1.12306706,0.15430574,-0.14856433,222.24,0
111143.3,-2.06801734,-0.55935978,-0.26417035,-0.46128896,-0.70782187,-1.25325832,0.18887454,1.49678555,1.26841235,-1.89815152,0.21228367,0.59748608,-1.27139993,1.59357889,-1.1680074,-0.0585278,-0.09903661,-0.53081574,-0.51581786,0.24593555,0.6136956,0.54119696,-0.70553935,-1.15540478,-1.4351917,-0.51641057,-1.01536696,-3.20103468,281.27,0
111159.2,-1.26950864,1.89722279,1.55162561,0.07055941,-0.25821326,-0.6706902,0.87756207,-1.81659551,-1.61618328,0.96407909,0.9285624,-0.34711432,0.05971016,-0.05829647,-0.52809699,-0.78867752,0.10964885,1.32314172,1.40503284,-1.94249437,-0.33001012,-0.34526919,0.48595137,0.58497804,0.67928193,0.66065046,-1.69664696,-0.31207593,125.83,0
111168.8,-0.16687278,0.69959937,-0.11350101,-0.54913363,-0.27204384,-0.87885598,-1.01878057,0.2852594,1.0262953,-0.57320348,-0.50511464,-0.63910858,-0.22127255,-0.80620662,0.7030441,-0.88585795,-0.74746481,0.22012142,-0.65427944,-0.7559805,-0.20862838,1.37605118,1.17907666,1.63016766,-0.08437737,-1.19134921,-0.44209758,-0.71132955,55.01,0
111323.6,-0.47812903,-0.07244141,-0.93944008,-0.81835885,-0.35205791,0.55558352,-2.29243971,0.90907253,0.18831528,0.50823473,-0.27237311,0.71835024,0.32391784,-0.12522151,-0.98731257,-1.00481,-0.03364075,0.56705035,1.97445787,-1.66124951,-1.29871682,-0.24933291,1.02379551,-0.28693624,-0.32731648,-0.45081871,0.65158575,0.61149816,281.09,0
111430.7,-2.85168533,-3.98894193,-3.81651566,-3.67974158,0.16482683,2.65488873,-1.92078162,-1.07464877,1.65856808,-5.36477132,0.10237988,-6.12598405,-2.07333388,-4.52946348,-4.38877556,-6.45759326,-3.94395116,-0.34914002,0.82644761,-0.55486756,4.25914857,0.23239119,1.48669896,0.10245672,-0.22446193,-0.81409681,-0.94533376,-1.37289207,171.38,1
111437.6,0.10712647,0.99010763,0.46586726,-1.98040558,-0.10424431,0.09775196,0.78736634,-0.18166987,-1.01470117,-1.87924877,-0.02584333,-1.062029,-0.0166517,-0.68129635,-0.3333774,-1.35759476,1.38213393,0.6562594,-0.28308785,1.32812419,-0.67038795,0.89580856,-0.09006902,-0.22530086,-0.56639718,-0.88309369,0.79253371,1.27848106,72.0,0
111459.4,2.61114454,0.28474299,-0.52017282,0.64981388,-1.59554302,-0.60816001,0.38542275,1.00246434,-1.86506758,-0.49592255,1.06171617,-0.06326585,-1.07106554,-0.49975562,-1.58508211,0.20173638,0.49807365,0.06135028,-1.01874586,0.18041216,-0.16639092,-0.20833033,1.26298417,1.08555137,-1.88255781,0.91893144,0.51920921,0.50552792,273.46,0
111584.3,1.61836548,-0.29882247,-0.56522661,0.58091979,-0.47831125,-0.69090701,0.49363049,0.11031589,0.69447385,0.85949492,2.60521719,-1.18131674,0.43514527,-0.25894817,-1.61211883,-1.86868091,0.54696968,-1.98650444,0.56384261,-0.25653558,1.22096116,1.04395106,-2.0039384,0.57885998,-0.27095693,-0.75140544,1.27422052,0.18182996,441.65,0
111607.0,1.11165783,0.32655433,0.70400809,-0.23880647,-0.10715929,-0.24954292,1.21802909,0.20676651,-0.74666375,0.50028766,-0.37189947,0.24595582,-0.43973463,0.90307331,-0.63089961,0.53203753,0.99888186,0.40592523,0.96244427,-0.30882245,-1.6598136,-1.19713748,-1.02699805,0.98191567,-1.04543834,-0.60836561,-0.10329504,0.75558295,123.39,0
111773.6,0.28550135,1.70175883,-2.94460843,-0.06082488,-0.74022687,0.73711474,1.43057986,0.00864084,-1.35651899,-0.73805944,-0.84392254,1.2006704,-0.83145683,1.60736505,1.02702812,-1.64118862,-0.98262264,-0.61456339,0.75950399,0.1646022,0.28045601,-0.60885211,0.03769873,0.99764047,-0.01610421,-0.10510822,3.04735748,-1.06965668,54.1,0
111803.8,-1.08737424,-0.63628453,0.29499114,0.09361985,-1.49893957,0.110832,-0.28870104,-0.66639233,0.12396392,-0.73299566,0.43529687,0.59718835,-1.42383064,-0.69892306,-1.88901143,-1.14595598,-0.02675401,-1.33031535,0.96902404,-1.27417819,2.94889354,-0.09277969,0.18892745,-0.40558342,-0.74601161,1.2144962,1.43198978,-0.11889625,6.29,0
111954.0,-1.57823403,-0.63676358,0.11687467,-1.24961673,-1.30550478,0.93017036,0.9781939,0.18494194,0.13739844,0.32773585,1.53662532,0.71987756,-2.25871417,-1.20284904,0.13745966,-0.10481908,0.65278573,1.7002836,-1.4881225,-0.83467045,-1.38081298,-0.07790697,-0.60223429,-1.14443637,-0.57453228,-0.13415037,0.42147175,0.39577852,103.26,0
111996.5,0.55620064,-0.13611409,-1.14871464,1.02103046,0.69605709,0.68681147,-0.68219906,0.33179867,1.44163163,1.15035905,1.61832442,-2.54100168,-0.59160899,-0.11047336,0.15302575,0.26298562,-1.64391031,0.42410119,-1.85584725,-1.34444949,0.11870263,0.47171604,-0.82262448,-1.45610225,-0.0145026,-0.4753745,0.33431326,0.98590937,96.03,0
112062.2,-0.55987166,-0.37366307,-0.91556106,-1.30333232,-0.54605672,-0.79179002,0.29572696,-1.38526954,1.58026722,1.14205598,-1.80357179,-1.30366814,-0.50812899,1.42954307,-0.54470305,1.33223719,1.43633643,0.44366083,-0.33580043,2.18084204,-0.97598143,1.35682336,-1.06315037,-0.72090063,-0.9322515,0.0610883,-0.38818955,-0.26423097,3.05,0
112196.0,-0.38511644,-0.18970141,-1.00741676,0.40760594,0.88269459,-0.08400786,0.62555452,0.30870998,0.03616422,0.59362495,1.64622569,0.24230302,0.10988839,-0.68207763,-0.44183453,0.29456422,1.29334192,-0.05871586,-3.15793063,0.91799129,0.02437986,-1.1312523,0.48477407,-0.43750278,0.35929702,-0.89650338,-0.44432299,1.62507001,486.21,0
112251.1,0.06589479,-0.39303615,0.26607043,2.24895599,-0.16665237,-1.08167769,0.30693715,0.02380049,-1.0840958,1.61804222,-0.52928582,0.20083891,1.12664587,-0.76963286,-0.38681447,0.21851122,0.63523101,0.27397552,-0.01683889,-0.47690558,-0.08417587,0.81054403,-0.71488808,-1.50891401,-0.75377696,1.54814414,-2.72821282,-0.03831664,141.82,0
112293.7,3.02216624,-1.11724488,0.4578504,0.5169871,0.49165834,-0.7002877,1.1333844,0.08789591,0.69982462,1.27407324,0.60927232,0.28651603,2.15279524,0.24370304,-0.29596423,0.11196704,1.48276867,0.11871249,0.51937766,1.19573144,-0.51285861,-1.72656977,0.29942315,0.22973479,-0.60801018,0.87108638,0.60756738,-0.99499242,217.55,0
112343.6,-2.19314739,0.61813606,-0.49328273,-0.74309984,2.44506882,-0.48428903,0.91165539,-0.54794557,1.04591826,-1.02293536,0.55425468,1.83579614,-0.30906939,-1.27145506,-0.40491879,-1.60171653,-0.70108362,0.29110511,-1.20405745,0.27729032,1.52296596,1.86149118,-0.23259681,0.19973432,0.99084089,0.96220841,-0.42005599,-0.2418895,266.62,0
112368.5,-1.97055923,-0.22961487,1.43710298,-0.33988326,0.37436211,1.00637869,0.57517688,-0.58314512,-1.04192863,1.29092261,0.18808672,-0.71793814,-0.35244488,-0.05185118,-1.77775406,0.48274582,1.04450744,-0.65570862,-0.84092516,-0.4123709,-0.19856989,2.01696158,0.8503137,0.17926105,-0.61378295,0.07685574,-0.18433964,-1.16384518,18.95,0
112425.8,0.10968369,-1.24476341,0.65914905,-0.90557543,0.96150219,2.13898633,0.08436331,-0.44692622,-0.10945686,-0.44574782,-0.64876377,0.17744736,-1.38197229,-1.06138378,0.22266282,-0.93728456,0.59687327,-0.48422994,-0.00963986,1.0235802,-0.19567841,0.86731665,-1.14420728,-0.81492018,-0.21480006,-0.33322948,-0.53053047,-1.3786795,594.35,0
112509.2,-0.52064008,-2.06847988,-0.73629895,-0.34129625,0.05187174,-2.52953767,1.03468882,1.48190314,1.24636548,0.78735364,-2.09124601,0.16728797,0.71892032,0.30795241,0.84744998,-0.03437907,0.18866317,-0.29129364,0.24069529,1.76103207,1.23107804,-2.09016718,0.9513924,1.57174203,-0.62659927,-0.51507371,-0.48930265,0.40043767,92.08,0
112537.5,-0.65766818,0.73542038,-2.20170011,-0.01988781,0.11066521,0.82736433,-0.61378573,0.00874459,-1.14828176,-1.12017567,-1.53699639,-0.39479717,0.34988562,-0.55697571,-0.34035911,-0.46212447,-0.14480261,1.74348274,1.07822153,1.97537049,-1.34898054,0.01883966,-0.81283107,-1.02033067,-1.40549436,0.84593135,-1.52386583,0.4494502,156.94,0
112776.8,1.74627874,-1.80230205,-0.71391315,0.42836507,-0.75077907,1.9841531,1.00704242,-0.23576311,1.3635696,1.35702418,0.77251093,0.10881845,-0.24735633,-0.54213319,0.1196641,-0.27159844,0.01549918,-0.04191527,-0.95121404,-0.43240736,-1.22781422,-1.0115995,-0.33860459,0.37153363,-0.56570988,-0.82365458,-1.90983632,0.33949026,718.09,0
113012.8,0.53956575,-0.84513846,0.04855689,-0.36831124,1.38372968,0.6632809,0.12117384,-1.61438797,1.00480169,-1.04937472,-1.06869726,-0.47331049,0.6364261,-0.25392631,0.87043346,0.10994017,0.83610422,-0.44563166,0.46667515,1.1691624,0.07729668,0.44037514,-1.36378353,1.66952316,2.31023761,0.0517038,-0.57368719,-0.31618625,169.3,0
113026.7,-2.05572709,-1.01036964,0.47850179,0.66657755,2.0463161,0.98398598,1.64313917,-0.4768136,0.11323758,0.56219687,-0.69502496,1.53298468,-0.30661079,-0.96698784,-1.02629898,0.43730925,-0.10771415,-0.56856824,-1.57189216,1.0169806,-0.25194272,-1.45543504,0.28330308,-0.08432751,-0.64690072,0.63097642,-0.06950642,1.1999141,103.91,0
113151.5,-1.22465254,0.74625057,-0.15141878,0.00987027,-0.36548419,0.84807137,0.35305055,-0.1490216,-1.38280405,0.16847131,-0.37185407,0.1437216,-1.58040468,1.64674949,0.12438681,1.13247733,0.70116475,0.81931304,-0.47532098,-0.63189744,-1.36686797,0.71436683,0.31382861,0.58501408,-0.92536275,-0.05611455,-1.14299213,-1.69789975,88.81,0
113286.5,-1.21141943,1.01167203,-2.01112851,3.61121244,0.72699091,1.15496361,-0.53910779,0.39370472,0.03246272,0.67300165,0.34962992,-1.16175885,0.75181454,1.09020173,0.49086795,0.46452023,-2.07254297,-0.29577644,-1.21003815,-0.56799184,-1.57993459,-0.3315316,0.05727153,0.62831723,0.52520773,1.45789,0.02994101,-0.17162913,472.47,0
113477.7,0.87487917,0.59712386,1.40184215,-0.86207895,1.24539412,-0.52435727,0.73873573,0.16961263,0.86105245,-0.34138214,1.65288885,1.64361306,0.37837126,1.36768947,-0.76996278,-0.48528422,-0.99107561,-0.37587282,-1.12178456,-2.64017858,-0.42893927,-1.74248883,-1.07258638,-1.31510776,-1.68108346,1.77600266,2.02533715,1.79090311,439.15,0
113500.9,-0.55337544,0.17313163,1.03301908,-2.22184971,1.15146645,2.39478342,0.8446187,-0.53010881,-2.07650428,-0.84981858,0.17860352,0.58282768,-0.28325237,1.160807,0.84895658,-1.87959862,0.47497268,-0.20315395,-0.18577124,0.53951486,1.39066112,-0.03901647,-0.89891579,-0.23077348,-1.16683122,0.45059162,-0.7941289,-0.09455387,100.91,0
113564.2,-0.38938503,0.65570438,0.85596596,0.16471157,0.10972071,0.96956726,0.35886193,0.38855574,-0.55534311,-0.63524935,0.00837187,0.69241679,-1.39433321,0.55213028,0.79427018,-2.06553844,-0.47065885,-2.13541488,0.94230094,0.42479379,-0.4861161,-0.65771755,-1.96137399,0.54893292,-1.73279798,0.97585834,0.14509539,-0.44846735,32.87,0
113584.7,2.71229237,-0.40478448,0.19863539,0.16335127,-0.49989597,1.86990119,0.7308709,0.78449347,0.97887251,0.27515517,-0.13891516,-1.69390772,1.56265479,-0.696249,0.6275503,-0.23763786,-1.26082669,-1.01571053,0.46041366,0.47725078,-0.33279987,0.64278467,-1.15606764,-0.29940306,-0.30772012,2.38533356,0.56833843,0.14240006,193.49,0
113646.7,0.50164501,0.31884193,-0.34069113,0.90934245,1.02794001,0.03955535,2.07256321,2.61348068,0.94693702,-0.61162364,0.40773024,-1.22704989,1.27645974,0.68544467,-0.67026147,0.81629335,-0.2945261,1.10597541,-0.7330132,-1.25541919,-0.33668927,0.58321886,-0.00904374,0.61149112,1.4353989,-1.84648152,-1.24490662,-1.26541948,37.19,0
113684.4,1.47214049,2.05013298,-0.26620433,-0.64531773,0.405521,-2.36507774,-2.14998743,0.535354,0.14826695,1.48479139,0.6179568,-0.25247932,-0.42866203,1.28112052,1.76023026,2.72724284,0.09562172,-0.21795007,-0.34089804,-0.17131644,-0.24665041,-2.10231567,-0.46818645,0.1772291,0.92790048,-1.4701461,0.25745937,0.2533112,498.36,0
113819.1,-0.9778583,-0.0135476,-0.39577367,-0.33847793,-2.56025092,0.34392124,-0.10584672,-0.45477803,-0.36282564,-0.56472366,-0.42156664,-0.94172089,-1.87137687,-0.8823945,-0.37122463,0.57829072,-0.28699993,-0.04322762,0.65333746,0.46447891,1.26329543,-1.33182441,0.19837766,-0.56400733,-0.74865032,0.36402087,-1.81921921,0.84099308,450.19,0
113844.5,-0.83790098,0.71091097,1.29935766,0.85338727,2.52311528,-0.14230694,-0.09840601,0.66219315,1.20835711,1.19879781,0.86412735,-0.49353026,0.97953244,-0.4077157,-0.84823412,0.95859022,1.63308799,1.2065053,0.50436555,-0.99362793,1.45580248,1.46121651,0.39118819,0.37404517,1.52808602,0.23708299,-1.17407441,-0.71894555,308.61,0
114026.6,-0.22690122,0.09053516,-1.14426007,0.00788036,-0.95578034,0.80292923,-0.35392813,-0.81414789,-1.10977358,-0.77775269,-0.20756629,0.39953556,0.32596237,-0.64888782,0.01716064,0.10934458,1.27882595,-2.31113178,-0.37675276,1.57059847,0.11982146,0.59095191,1.01962833,-1.88546348,1.54180276,0.5699746,-1.1546648,0.9028008,633.05,0
114063.9,0.58947194,1.78559529,-1.55542773,-1.54102199,-0.40695659,-2.06664487,0.57588686,0.64579683,0.19749401,0.09689197,-0.89092265,0.74783406,-0.84349016,-0.24131092,-2.26646973,0.42293863,0.32737033,-0.46043017,0.82270596,0.42672505,1.55453589,-1.55743289,-0.3176667,2.10793508,0.19728862,-1.28819333,-0.93912957,1.35343441,112.05,0
114161.9,0.57032849,0.23454479,-0.50156141,2.03384382,-0.52368934,-0.58824447,-0.2449843,-0.22400652,-0.52352152,-0.89092169,-0.3804544,-0.11321656,0.18564507,1.36664488,1.04889223,1.39700787,0.33192381,0.18945404,-0.11042933,-0.44854704,-2.46056837,-0.26836626,-0.55409263,1.24385216,0.45503994,0.22031649,0.8316683,1.04776941,143.39,0
114197.2,1.44691216,-0.7192111,-1.79961558,0.19718113,-0.46144473,-0.0344438,-0.4380042,-0.18799151,-1.01605071,0.51886396,-0.53283775,1.94593178,-1.6298707,0.03519254,-0.91338728,0.34387456,0.95001817,1.55215496,-0.31171926,-0.19467883,-0.25426302,0.63760662,-1.05715118,0.80885671,-1.86338256,-0.95818445,-0.73017419,-0.76884607,312.9,0
114325.3,0.13231025,-0.80218915,-0.51562308,0.10920705,1.27587132,1.62400306,0.15085659,0.10560441,1.12853244,0.85813231,0.13257683,-0.07728083,-0.87925529,0.85386723,-0.18935472,-0.60098563,0.29916543,-0.39301449,-0.73753985,0.24000914,1.52608766,1.32720295,-0.31389339,2.53588493,-0.58940957,0.7690875,-0.60571486,0.59657209,17.55,0
114339.5,1.50775197,-0.76191645,0.60519344,-0.27370218,-1.15821126,-1.12909311,1.26749777,0.30028463,-0.82428744,0.37875555,-1.43181678,-0.33091487,-1.96668094,0.56677693,0.65011712,-1.60479502,1.35239615,1.03049765,-0.09202454,0.45085702,-0.37934756,1.72506207,-0.57228659,-1.27906432,0.57537886,0.70097736,1.47655054,0.08118652,229.68,0
114346.8,3.20284688,-0.51618979,0.19065213,-1.94705062,1.41967082,1.27567474,-0.99317238,1.61475826,-0.29985189,-0.07265235,-0.17163041,-0.67682997,0.26090147,1.01331431,2.22432535,-0.46715059,0.31849983,-0.91583917,-0.09699771,-0.13404263,0.11696584,-1.07912594,-1.02816692,-0.0803714,-1.04954572,0.80269752,0.76397436,-0.56010019,388.07,0
114525.9,0.39381496,0.34347552,1.08970775,-1.32515539,0.28490119,1.38480941,-0.08251264,0.4449732,-1.49890391,-0.40100755,-1.13671837,0.37232018,-0.13718878,1.45672828,0.59927094,-0.46551401,-0.54349494,2.23810796,-0.55375232,-0.148742,0.86340338,0.5261363,1.1063196,-1.14966504,-0.86769482,-0.00738341,0.79914512,0.58465405,176.89,0
114582.8,1.27680528,1.12941173,0.32425364,1.31637644,-0.42104866,0.85850512,1.26449159,-0.65602553,0.54335094,0.72172185,-0.43913196,-0.21035396,0.16066984,0.59462806,1.81640052,-0.41997446,0.29438604,-1.03825832,0.44912655,-0.53797955,2.40492517,-0.88618007,-0.22431965,0.0563044,0.82907388,-1.09793624,0.22769376,0.98535232,24.13,0
114619.3,-0.80960828,1.71631971,0.98617511,-0.45477929,-0.65942283,0.05352363,-0.08572361,0.49722175,-1.08461378,1.00518929,-0.28710388,0.12241914,0.26029238,-0.33256021,-1.03308534,0.72990463,-1.91247184,1.42556138,0.03073098,0.39397103,-0.94724235,-1.21122652,-0.87426557,1.80103498,-0.13291819,0.43612642,0.31808271,0.71616232,306.42,0
114758.5,-5.86770646,-0.90739448,-5.31858757,-4.0078254,-1.85110901,0.55561876,-1.93422501,1.15057987,0.12698084,-4.84716367,-2.2048289,-5.268912,-0.45785199,-5.57344892,-5.09564415,-3.65488162,-4.04958786,-0.77064612,-2.22172005,1.43347719,-0.68470177,2.16215267,-1.49560076,0.58264703,1.31778666,1.08154029,1.31827408,-0.720608,272.19,1
114801.8,-2.35044905,3.13012692,-0.55724663,-0.14089631,0.14398306,0.5730969,0.33581157,1.56633707,1.79201155,-0.0512065,-2.97952423,0.18437502,0.82551395,1.7890785,1.2233218,-0.53112951,2.33490742,-0.89777482,0.1318072,-1.12619639,1.06117626,-1.49803664,-0.08786001,0.27669089,1.1227469,0.09205205,1.0722252,-1.04752072,78.45,0
114828.4,-1.54184277,-1.13172766,0.31694419,-0.36273186,-0.35293359,-0.01792766,0.82726294,0.02850955,0.98274004,0.94662929,-0.20964825,0.08956567,-3.23464142,0.79549809,-0.43814182,-0.41661901,0.56432788,-1.3830821,0.29132596,2.43366593,-1.48342045,-0.41124089,-0.56736311,1.11141753,-1.13572687,-2.50943878,1.09665855,-0.34316417,197.12,0
114861.7,-0.07501459,0.78851068,-0.18854375,-0.9112318,-1.16304821,-0.05861096,1.60405434,-0.18411258,0.49392157,0.91182015,0.25492054,1.24388909,-1.31152372,-0.27507138,0.96421694,1.29017424,0.56443788,0.39190462,0.3263956,-0.46490442,0.77244364,-0.03925406,-1.30080885,1.0700969,1.18583313,0.222873,-3.60049673,-0.20888499,31.92,0
114905.9,0.96994425,1.36383756,-0.63442026,0.33988816,0.33007644,-0.97872667,-0.93296631,0.59777352,1.06730702,-1.42355865,-0.15879631,0.18765233,0.08626099,0.11205404,0.8300662,-2.25012935,0.74906698,0.44158921,0.59533983,-0.06782859,1.56316091,0.63564288,-0.76612167,-1.21017345,0.28236005,-0.19841646,-1.07047918,-1.16327003,73.67,0
114943.7,-0.47665746,-1.13039467,-0.36668407,1.19122114,-0.94922156,0.15393567,-0.30433396,0.0987596,-0.65747688,2.40219815,1.96215785,-1.20832512,1.23106567,-1.68709941,1.22795916,1.04432032,0.3094536,-1.05080395,-1.08023936,-1.7977902,1.23808869,1.2084111,-1.37885073,1.23914639,0.82186462,-0.02537048,1.42791521,-1.53405927,566.09,0
115102.6,-1.52813112,0.72712195,1.38618652,1.80182666,0.36920895,-0.74208982,0.12306134,-0.58791869,0.92524591,-0.3922537,-0.38469886,0.68608881,-0.28000234,2.7582736,0.62990703,0.76341723,-0.91578134,-1.71512752,-0.7254923,0.95123865,0.38657018,-0.01432912,1.79325677,2.03897057,-0.07715747,-1.61742526,0.60701209,0.30278237,128.76,0
115360.2,-0.13935293,-0.29119733,-0.31407725,-1.58292346,-0.06521589,0.69869027,-0.4695022,1.8412496,1.50664732,0.31687842,0.64137473,1.56418923,-0.49632158,1.09757516,-0.06347104,1.82225112,0.79844165,2.46793005,-0.64599821,0.00477498,1.91762813,-0.27750408,0.02244657,0.9056167,0.27688167,-0.75107326,0.53402543,0.46454221,365.06,0
115384.3,-1.69961772,2.16297731,-0.28869708,0.83480294,0.17862728,-0.46350668,-0.518446,0.52491301,-0.09786243,0.28088309,-0.13371036,0.28056599,1.85376101,-0.68189226,0.09234775,-0.71627344,2.1264133,0.52235203,-0.78506437,0.32714986,0.06856641,1.20999417,0.84446588,-1.0624335,0.66147546,-0.84944971,0.59366544,-0.31265305,500.24,0
115438.1,0.95959284,-1.14767282,-1.09377693,-0.60986165,1.51022793,-1.32933783,0.80788926,-1.90717696,-0.41296773,-0.32839592,0.60226696,0.280258,-3.37427797,-1.084496,2.43319794,-0.42492657,0.30274608,-0.60604203,-0.74350565,-0.77498959,-0.16739898,-1.40491494,-1.19291812,-1.44528392,-2.18251845,0.26655947,0.59506707,0.43225533,387.29,0
115478.2,-1.45734413,-0.13548578,1.02974823,-0.13091101,-0.20660671,1.36175115,-0.41426578,-0.21423007,-0.65342753,0.0205644,-1.51905204,-0.38140767,0.89667137,-0.675402,-0.80176361,1.70608788,1.27028192,1.42696858,1.51576221,-0.09423278,-0.85031293,-0.83536998,0.44613303,-0.88034062,1.91290764,0.99128543,0.04383177,-0.23054909,164.5,0
115500.5,0.76562598,-1.3651714,0.03677966,-0.44733842,1.17325611,1.22606453,1.15119947,1.28165762,1.48408147,-1.10669735,-0.12933101,-1.04337283,-0.30298927,0.23854783,-1.63796299,0.12053286,-0.60614933,-0.36586081,-1.32686654,-1.07708681,-0.62023955,0.6677441,0.6099094,-1.23050192,0.02347668,-2.21809364,-0.33255997,-0.43195981,153.44,0
115616.1,1.25867093,-0.23610438,0.85420554,-1.36905281,-0.32953857,0.08794937,-1.9414603,-0.773162,-0.61413902,-0.67512608,1.08223794,2.04653676,0.92136643,1.389749,-0.1826574,-1.25923429,2.58558024,0.50661124,0.03175928,-1.02046353,-1.19465514,-0.57830235,-1.11368646,-0.97570407,-0.16896866,0.10437141,-0.91430624,-0.24176372,55.3,0
115660.0,-0.38088361,-0.62195236,-2.55053464,-0.14508997,0.10279621,-0.67585038,1.25404836,0.30312006,1.08617776,0.67719565,1.2983073,-0.69509642,-2.07392339,-2.58977851,0.09023305,0.61377832,1.65479234,1.05703435,-0.03229523,-0.37668302,-0.937721,1.34392101,-1.28613291,-0.30915067,0.06423282,-0.21068897,-0.66665116,0.14215162,24.32,0
116135.8,2.29635671,0.31609002,-1.38795874,0.21477397,0.46928103,0.48721261,0.14381081,1.74250376,0.80999358,0.17766146,-1.14045122,-2.2771737,2.18915936,-1.01816527,-0.42579353,1.00775913,-0.54040337,-0.01185181,-0.04735162,-1.12819799,0.61227187,-0.68173715,0.52441032,-0.5419625,-0.92143951,-1.05893562,0.76011195,-1.88979676,224.84,0
116175.1,-1.6029044,-0.94198473,0.44560152,-0.17548146,0.02284567,0.22397378,0.95896563,-0.85367059,0.60947728,-0.35912237,1.7184853,0.7209076,0.7144914,-0.45729572,-0.46015063,0.29897939,0.80386799,-0.28223291,-0.45172106,0.02094815,0.4100796,-0.351315,-1.42729931,0.42789121,-0.1040977,-2.41365834,-1.43865495,0.8012177,234.13,0
116416.3,-1.20107738,-0.20065083,-0.93392365,-1.2002644,1.61125955,-0.17227827,-0.00054263,-0.8641127,-1.21052333,-0.47940602,1.72427802,1.35257216,1.53328751,0.57992625,-0.13342652,0.44768227,-0.88908926,3.07471328,0.74945007,-1.35802387,-1.01916387,-1.83691093,-0.61586878,-0.0891505,1.47904302,1.78242932,0.22429828,-0.38780115,125.79,0
116455.8,0.41758825,-0.38602993,-1.76589035,-0.0013554,-0.55531413,0.34056172,0.33772844,1.11220432,-0.00833565,0.54528457,-0.27696718,-0.72287244,0.25904908,-2.02206678,-0.5013087,0.00114519,-1.62508639,-0.30837413,0.75066562,2.25861563,-0.51722773,0.2806643,-1.00114067,-0.73531778,2.02965325,0.3635772,-0.02328609,0.82136586,232.73,0
116552.0,0.89766568,-0.82270307,0.06165562,0.39036685,0.63962331,-1.01620733,1.00189446,-0.30833598,-0.70092386,0.66575398,1.67793218,1.44651665,0.00183608,1.24468074,0.05155894,-0.49815954,-0.25351721,0.79417925,0.37643466,1.59289512,-0.63580873,-0.29355733,-0.78536641,2.18921319,-1.1644172,-1.46232744,1.08770678,0.24621244,125.73,0
116686.9,0.40933179,-0.40559598,-0.30522454,-0.20478455,1.57196226,-1.93857014,-0.04397113,-1.00354556,0.57462698,0.29742304,-1.61198389,1.72282804,0.86650353,0.6246675,-0.20754499,-0.21941872,-0.03579796,-0.28579145,-2.07556983,0.62529915,0.72281903,-0.34560343,1.85580358,0.06462798,0.42769664,-1.74692365,-0.81563455,-1.15321983,138.9,0
116958.1,2.20738141,-2.43931096,0.24748768,-0.29099425,-0.6731277,0.38624905,-0.10773837,-0.49627834,0.24006819,-1.42318233,-0.2140854,-0.04668401,-1.59750191,0.19358142,-0.26884489,0.97161545,0.75109653,-1.53768183,-1.03797914,1.20190058,-1.44446674,-0.105099,-0.46374575,0.22326677,0.47447332,0.6195571,0.76200496,-1.49022375,204.1,0
117042.6,-1.65858087,1.96720937,-0.73285463,0.07365862,-1.20760767,-0.18694053,0.16775675,1.88735869,0.86778066,0.45762173,0.01042639,-0.51023873,-0.35070537,1.50847762,-0.39902668,1.71749634,0.27940925,-0.20929178,0.1255636,-1.65888602,-2.28790293,-0.42974075,-0.69974232,0.15938884,-0.78069857,0.37285001,-1.09532798,0.35391892,382.71,0
117076.3,0.32908856,0.34728629,1.00351802,0.9634912,-2.21769196,0.47659238,-0.36161533,-1.13389336,-0.04815932,-0.32195373,1.05586092,0.8537244,-1.54281909,-1.56465051,0.55649276,0.20341633,1.37728585,0.16751455,-0.45338036,0.03410291,-0.39652613,-0.63435166,-1.90873476,-1.93029917,-0.73030287,-0.71476342,1.03425668,-0.61064323,174.94,0
117123.2,-0.2381439,-2.43666256,0.14367343,0.00321365,0.58439971,0.8843562,-1.00392166,-0.2943044,-1.3297949,-0.4455315,-0.60725733,1.57156738,1.85744514,0.34594731,-0.17202439,-1.1313993,0.79091591,-0.04836996,0.19558578,-1.45525692,1.11184311,0.64320757,0.87976576,0.20697974,-0.10899861,-1.03980317,1.15858346,-1.09491713,161.51,0
117171.5,0.96705035,-0.17145493,-0.24774344,-0.51972167,-0.32427635,-0.3121457,1.47978502,0.77184496,0.19548008,-1.76331142,0.43816971,1.406406,-0.77745872,0.04768585,-1.09964032,1.64873924,-2.3641182,-0.7130136,1.04013123,0.20926384,0.84658588,-0.50110641,-0.38345507,0.89288916,-0.25024186,0.06482764,-1.8598347,-0.69166478,39.99,0
117206.6,-0.73026244,-1.49802279,2.29177061,-0.08421005,-1.0641392,-0.28314203,1.11831092,0.0516367,-0.75279453,0.6880572,0.97895047,0.00571622,1.7061841,2.11175992,-2.42075158,0.03081338,1.85349135,0.49866414,1.484191,0.57171417,-1.44524605,-0.63223111,-0.00927208,1.33608549,-0.06257348,-0.47917314,-0.53992941,0.18852074,139.66,0
117380.5,0.0427164,-1.42702953,1.67514363,0.62754156,0.39969904,2.81854861,0.35197687,-1.02177203,-1.36004219,-0.92180175,1.19303052,-0.52968711,-0.13401293,1.91462804,0.59617093,0.95051743,-0.24835407,1.19888145,1.84437907,1.43589047,0.15860614,0.41304847,-2.46371915,1.23579347,0.02339662,0.75369509,0.88569011,-2.07991432,83.0,0
117396.7,0.53084293,-0.1622526,-1.36027622,-1.09081015,0.36421294,0.08092834,0.17023044,-0.93993122,-0.95922837,0.86893403,-1.19072811,-0.92476027,0.91517036,-0.30485414,0.10726794,-1.30182881,-0.99031501,-0.18543184,-0.44714049,-0.6118776,1.23411619,1.06682141,-0.9892948,0.00594274,-0.72134706,-0.29440824,-0.07024614,1.08500363,292.97,0
117536.2,0.10379687,-0.52060802,-2.44849497,-0.68109393,-1.10694866,-0.3198197,1.27974133,0.94365952,-0.22229175,0.01165769,0.07368857,-0.97116876,0.05634512,0.33796424,-0.47725603,-0.33042528,0.61849316,-1.26035348,-1.39182613,0.62003608,0.3055833,-0.55775691,0.52718898,0.51263754,-0.37817248,0.97722083,0.76559009,0.1435977,169.23,0
117570.1,-0.44221626,1.62005298,-1.07174861,-1.21624076,0.83011273,-1.45368465,-0.56700971,0.87545434,-0.73185423,-1.3177581,-0.80498615,0.78314205,1.75100257,-1.34141396,-2.23957337,0.76663436,0.41887585,-1.11416643,-0.68134801,0.85948846,-0.83963139,1.56884833,-0.24094318,-0.08192967,0.77788771,0.85120109,1.11288887,-0.96792977,221.14,0
117585.0,-2.17025144,-2.93910488,0.70618661,-0.26616158,2.57605823,-0.25658296,-0.50840665,-0.28095297,-0.17394637,0.03487616,-1.81865797,-1.00164672,-0.50306264,-0.04641027,0.56655647,0.72337689,-0.96203445,1.62795291,-0.0068152,1.22659213,0.5551099,-0.68560566,-0.07525398,0.12991032,0.89645183,2.09529609,0.84929337,-0.91559271,310.33,0
117704.1,-0.03859844,-1.13300213,0.91919149,0.36509125,-0.14455169,2.20212099,1.14493719,0.21455398,-0.01309552,0.42381151,-0.16406436,0.15828541,-0.05414784,-0.35185825,-0.07851324,-0.57521506,-1.01881858,0.62592775,0.57458855,1.85759774,-0.65299558,1.18689959,1.65156045,-0.89685585,-0.71447251,0.25161554,0.44848374,-1.19440486,155.02,0
117763.2,-0.50971265,-0.10141967,0.22112211,0.22010626,1.65115503,0.20849504,-0.05385737,0.29571211,-1.29961121,-0.20360761,-1.0383582,-1.3590447,-2.92357618,-1.48643119,0.44633138,-1.93183049,1.35482582,0.08985325,1.01518413,0.10509143,-0.55306309,0.25096124,-0.9195384,1.24717543,0.01764418,1.65372881,0.96895323,0.59613921,407.05,0
117768.6,-1.192802,1.4363442,0.00590791,-0.73134571,-1.61538483,-1.04631047,1.13287841,1.09497707,-0.98982637,1.13194607,-1.23948674,-1.24379884,1.02692866,-0.54348054,0.96155008,1.45209094,0.35649809,1.0577831,1.86590611,0.74368798,1.48037038,0.47453649,-0.63217547,0.50073354,1.11004383,-0.97060127,0.2447548,1.18977461,449.18,0
117873.9,-2.7392041,-1.33418217,-1.26540191,0.92505993,0.54603436,0.2506334,-1.68117909,0.03719199,0.83270373,-1.03751534,-1.27874212,-0.24917961,0.01680091,0.8571914,-0.94073601,-0.4433006,0.41887875,1.018185,0.50099474,-0.3252786,-1.42229858,1.79746563,0.72185354,-0.77508102,-0.61490751,0.00561522,0.29182629,-0.67607544,400.3,0
117970.3,-0.53661326,-0.65522135,-1.05863239,-0.5266714,-0.75982427,0.53932785,1.11816761,-1.58691923,-0.29077649,0.01424388,0.08219363,0.83325557,0.11984711,-0.57980336,-1.11189352,-1.82470927,-0.37111192,0.01440987,0.92172488,-0.37776911,2.32370427,-0.07647959,-0.48334376,0.38059526,-0.97055895,0.20890804,-2.06409685,0.67609408,104.67,0
117995.6,2.16115033,0.56964256,-1.62524012,-1.90107636,-2.0344402,0.9295968,0.56852446,-0.70186778,-0.04874242,0.45223833,-0.56333244,-0.82160551,0.24104087,-1.64536577,-0.13117329,-1.32656568,0.30773441,0.85351452,-0.23083515,-0.58601513,-1.42839276,-0.440537,0.07617603,-0.13514533,0.38290582,0.26982573,-0.66365341,0.23450122,53.99,0
118000.0,0.81731609,-0.24313088,0.07489257,-1.20152233,0.06333605,0.4964099,-1.35661867,-1.7278777,-0.26987106,-0.73194644,0.30077463,0.28172639,1.60336922,0.02316369,-2.09439007,1.00903763,-0.06340244,1.44474201,0.04023574,-0.05962251,-0.01967783,1.10169827,-0.3510199,1.59111622,-0.4630724,-1.2456254,1.14299385,0.89930167,21.61,0
118020.4,1.57973543,-0.8297992,1.1989238,-0.32250127,0.3790113,1.07060165,0.92292366,-2.46767614,-0.55517405,-0.15523859,1.7670755,-0.80137486,-0.58939371,0.65144133,-0.36445385,-0.58092811,-0.24916998,-1.12935901,0.15066614,-0.7315186,0.0767034,-0.25879926,-0.31367642,0.13882477,0.78841152,-0.92200518,0.26722568,0.31784482,32.13,0
118053.7,0.14994635,0.32415746,0.61509503,0.31173299,0.74794833,0.19745868,-0.17758946,-0.55018308,-0.51132534,-0.2881677,0.989439,-0.33689301,-0.11107709,-0.10106214,0.53386765,0.64898103,1.9744457,-1.39306333,-0.22794964,0.57302273,-1.68512197,1.74134047,-0.1161084,-0.79399793,0.97075465,-2.19800761,0.21223976,-0.99149889,84.27,0
118096.1,1.52381227,2.00458002,1.50568945,0.15455903,0.53062836,0.99898941,1.42323447,0.07664874,-0.15297369,-1.25845981,-0.736276,-0.74433247,-0.45581833,-0.49482667,-0.43893445,-0.36135208,0.48539101,-0.14901948,-0.4656281,-0.04112856,-0.48340412,-0.47396117,1.76490748,-0.55696018,0.72680534,-1.56286293,1.31460501,-0.89200618,177.06,0
118192.2,0.69028968,-1.43058797,-0.72793185,0.60199761,0.35708547,0.89502326,0.00022247,-0.54127301,1.01166443,1.05576702,1.8742127,0.41234607,-0.56379612,-2.30823978,-0.10820218,2.48535204,0.26740248,1.39547103,1.30472209,1.25298712,1.96808843,1.10819306,-0.82256997,1.05398164,0.65915765,-0.72655831,-0.53963376,1.47296157,131.52,0
118201.5,-1.62026149,0.47063184,0.52024394,1.26510425,-0.32991385,-0.91920965,-1.29666592,0.08016876,-0.14589004,0.53202459,0.42324173,0.9888039,1.26461609,0.44704003,-1.9652576,-0.46785384,0.91662518,-0.81306914,-1.27269552,-0.62897707,0.23356168,-0.44997035,-0.5107247,-1.21961494,1.61003991,0.92572451,-1.14640738,-2.43589384,126.65,0
118237.4,0.51872274,-1.50643779,2.08284699,-0.31493447,-1.74130387,0.47021858,-0.38763904,0.54477974,0.02547721,2.34477608,-1.58738952,0.96277171,0.1789054,0.82885627,-0.8447291,-0.61858638,-0.43845033,0.78908985,-0.56848939,-0.11546373,0.66286898,-0.20330049,1.75823611,0.60461869,-0.30888944,0.96434202,-0.5773373,0.88322512,255.87,0
118267.3,-1.41423608,-0.44442938,-0.5514715,-0.20224291,-0.79455562,0.00098114,0.51610471,-1.62816309,-1.45622617,-0.97097028,0.65506577,1.22646838,-0.73360876,-1.43345497,1.55430206,-0.13110639,0.34201908,-1.40751675,0.52870268,0.96446508,-0.01188083,-0.54857511,0.27877484,0.02802083,1.14254994,1.49394141,1.1803947,-0.00737309,354.8,0
118507.4,-0.36896247,-0.980722,1.0129994,-0.61723612,-0.04073759,-1.33997764,0.31299199,0.25663325,-0.36066902,1.63624257,-0.2107447,-1.93499944,-0.14701152,-1.34552879,-1.19542134,0.10851446,-0.4545742,-0.0023895,-0.23212189,-0.15540879,0.64767644,-2.02583335,-0.54761315,-0.82172337,0.05294087,1.21560119,-0.99637856,0.65331807,18.79,0
118678.3,1.83159556,0.69241044,0.15644343,2.2228372,0.43426422,1.64564556,-1.1515916,1.4834012,-0.04216764,0.86897082,-0.25603843,-0.96879955,0.09706432,0.54361771,0.35701162,0.26691595,-0.98950512,-0.71754287,-0.31612455,-1.73103948,-1.31294911,-0.37588822,0.42558123,1.27213467,-0.45206659,-0.48672845,0.21113889,0.99688999,8.8,0
118774.4,-0.63290942,3.59190242,-0.65086735,-0.31808512,0.91038483,-0.26504395,-0.71699675,0.80082591,-0.53086917,-0.32180431,1.6901535,-0.01559346,1.52384998,0.37028799,-1.43867745,-0.27662471,0.26722226,-0.80085679,-0.66518092,-1.446703,0.20557921,0.19588522,-0.34327742,0.3084451,-0.87209022,-0.06462263,0.12224906,-0.31247254,204.92,0
118989.9,1.83603565,0.79681252,0.1340409,0.13074511,1.156114,0.09246414,0.88929882,0.65943801,-2.21947662,-1.65287971,-0.59064819,2.1203988,-0.81597277,2.19963734,-0.33284921,1.91805894,-2.50809584,-1.61605748,0.64057124,0.57451973,-1.78648532,-0.11053364,-1.24654479,0.23110616,-0.16911084,0.46798282,-0.50658393,-1.32369691,80.58,0
119018.2,0.26105579,1.20950114,-0.64990286,-0.829898,0.56522491,-1.91755959,-1.41348133,2.37054676,0.30631032,0.44188197,-0.78640798,0.07221144,-0.47255981,-0.78391313,-0.39956903,-1.33438221,-0.43454982,0.11069087,0.45712815,0.13058333,-1.24877629,0.56587179,0.65804255,-0.94228641,0.93466638,1.02374839,-0.76781774,1.05127809,553.26,0
119089.3,-0.14114684,-1.45772657,0.98764388,0.12975928,0.8106122,0.26129916,-0.041252,-1.76599656,-0.5651593,1.2083171,-0.8454691,-0.33154346,0.14345128,0.53723244,0.72623082,-0.70454891,-0.93662761,-1.31859005,1.11911952,-1.06278575,0.233972,0.69255722,1.55219192,-1.14872267,0.82610851,-0.52735506,-0.43827849,-1.83921772,100.25,0
119158.2,-0.19800157,0.44239469,-0.2895062,-0.2789328,0.33286313,1.02597433,1.56511211,-0.03726107,1.05497436,0.33048753,0.92611599,2.04367362,0.40363059,-0.78149201,-0.54221406,0.12593387,0.26234181,-0.14649483,0.33971127,-1.55084726,0.30530588,-0.35616587,2.42971821,0.51112473,-1.5091922,-1.44096716,0.36141709,-0.12547147,318.61,0
119163.9,-1.22203055,-0.43020248,0.6556417,0.0060168,0.6642446,0.5388137,0.06758995,-0.75756984,0.44679106,-1.25103391,-1.02694449,-1.07783036,1.25142258,-0.3158352,-0.60833369,0.76534212,-1.49002937,-1.48291664,-0.89352121,1.76142309,-1.04953086,1.32052718,-1.14159577,-0.2363083,-1.16616497,0.54140608,-0.17254907,-0.43365276,231.93,0
119180.4,0.22371305,1.13936964,-0.11815407,1.13634336,-0.71933494,0.03637686,0.7786631,0.47232442,0.13149692,1.79391161,1.16044729,-1.93883889,0.12682117,-0.74589662,0.28043501,-0.32247818,-1.53719368,0.79626679,0.2508824,-0.47738661,-0.33946519,-2.73324489,-0.78807713,-0.74728768,0.50642609,-0.81062048,0.22112301,-2.4315809,162.7,0
119249.2,0.0515677,0.60434264,-1.04832028,-0.93655548,1.39625386,-0.94827263,0.45411711,-0.57913108,-1.43802563,0.75114928,-0.20309144,0.6569007,1.64342025,-1.56961715,0.03151341,0.25235579,0.62167734,-0.42556239,-0.59007677,-0.76472143,0.04775175,0.38727203,-0.2519523,1.27055269,-0.97419459,0.76102605,0.05684188,1.31077854,160.57,0
119326.9,0.69749359,-0.61484063,-0.28215535,-1.08361415,-1.06317256,-0.12384649,0.04221444,-0.73507641,0.64946557,-2.04516455,-0.1260831,-0.91094565,0.16238636,-0.14759384,0.3803183,-0.32485246,0.63064757,0.21405717,-0.42074335,0.4581132,-1.10190755,1.00621015,0.37286621,-1.8241995,0.60444465,-1.3395072,0.05648246,1.74069672,53.86,0
119430.8,0.57262117,0.63493706,0.14999563,0.10205418,-0.5863493,-0.2858536,0.27821756,-0.10146646,1.81881532,0.62628119,1.12135554,0.81731992,-0.97292963,-0.38909158,0.74040664,0.38047232,-0.77017081,-0.43135648,-0.62420541,-1.07243721,0.14923007,1.02093067,0.31174966,1.06072881,0.00298112,-0.27217529,-1.2029095,0.31831844,98.71,0
119521.8,-0.09344594,-1.7025759,-0.47896605,-1.34990981,1.64161777,-1.38774456,-0.32769486,1.47352165,0.87121253,-0.51366134,-0.78306405,-0.18149657,-0.2401552,1.49639855,-0.15466535,-1.34996983,0.98577299,1.03653289,-0.22679603,0.77212503,0.05124656,-1.20679833,-0.08107464,-1.14467796,-0.63415508,-0.93889775,0.33284487,0.1864837,241.92,0
119567.1,-1.34872016,0.63369025,-0.60979286,0.20298198,-0.4922934,-1.0832775,0.90257294,-2.44167876,0.14420158,-0.17778605,1.64673141,-0.10839346,0.89950099,-0.77172955,1.27135177,-2.35475222,0.39727133,1.38876009,-0.55463098,0.46071596,1.81910413,-0.98463562,-2.47999235,2.16775204,0.04391923,-2.02240415,3.47103756,1.98004482,278.84,0
119579.2,0.27988578,-0.35669654,-0.36801681,0.21128141,-0.41514726,-0.34651189,1.14583367,0.2859749,-0.47343025,0.18770177,-0.11556476,-0.50653652,0.24959006,-0.40086399,-0.59276991,0.71418534,-0.67924396,1.38942923,-1.23704008,0.46376108,0.39562936,0.35667393,0.29557876,0.90435847,-0.25751662,-0.37503808,-0.33356992,1.99106982,172.28,0
119744.9,0.20048178,-2.2297469,0.88956035,0.25516045,-0.09214192,-1.03099395,0.92252721,1.8487035,1.41256969,1.12379969,1.1733396,-0.76641139,1.81060337,-0.70936107,0.54466342,0.53384335,-0.63536122,-1.62917633,0.89070158,0.03854763,0.45583958,0.35356906,-0.23949592,-1.04734972,0.96486124,-0.83527853,-0.22528695,0.9732711,132.02,0
119751.2,1.56190536,0.57114409,-0.21262742,0.85083714,-2.23144648,0.00081061,0.31722538,-3.17351579,0.41814919,-1.0377796,0.1209853,-0.89169568,0.68980417,-0.43532973,1.30831691,1.31755872,0.35351156,1.11564113,0.6386723,0.22862304,-1.38294741,0.31211999,0.50784593,-0.14125517,-0.01210666,-0.30138889,-1.27332461,1.19063551,237.54,0
120005.7,-0.25025818,-1.14146443,-0.11636749,1.00561718,1.16530679,-0.62937792,0.68552621,0.16050619,0.58046396,1.90815833,-0.67832094,0.52004285,0.99618431,-0.83781921,0.88964838,-0.38167866,-0.51025793,-0.16775155,0.93668981,0.54626429,-0.78901008,1.063683,-1.36016247,0.30176193,-1.00387152,0.50277058,-1.51910738,0.97813508,12.32,0
120024.7,-0.18701827,1.20936634,-1.52437093,-0.23796428,-0.36674003,-0.31145142,-0.17887548,-1.39678009,1.14605606,-0.09244835,-0.87634135,-2.15984884,0.81978834,-0.07085377,-0.67618919,-0.55117324,-3.21538772,-0.51737271,-0.32007178,0.41883033,-1.11849972,-0.46440421,-0.78733081,-0.85828019,0.58454893,1.24035259,-0.71628725,-2.69036969,143.09,0
120051.5,-1.05795838,0.96333332,-0.16285748,-0.4114951,1.56093142,0.60527097,0.83581807,-1.31334723,-0.52565844,-0.08812603,-0.27550565,-0.46025197,-0.0635913,-1.01619717,1.17596506,1.44714482,0.5116395,-0.26046978,1.57749052,0.91586425,-0.8797101,1.12184423,0.83627121,1.53253889,0.66457599,-1.11320486,-0.41307687,0.38084182,259.34,0
120053.7,-1.30910421,1.51857302,0.62396992,1.95188693,-0.00263163,0.90258141,2.54160563,1.13638966,-0.63694499,0.18790675,0.07267858,-0.75711696,0.83051539,-0.9056052,0.36704866,0.04612055,1.04805637,-0.04226852,0.35704948,0.55876018,-0.20053261,1.6857228,-1.2080541,0.9164317,0.50239583,0.26376646,-0.68885551,-2.11612376,111.7,0
120145.1,1.31205541,-0.44894236,0.06181195,-0.01142889,0.60925368,-0.57115801,1.42217177,-0.28622521,0.44948041,0.53178692,0.61363882,-0.13775902,0.83469334,0.73932389,-0.50594033,1.06916078,-0.51661254,0.007345,-0.25613253,-0.60536867,0.18313201,0.00273979,0.57382352,0.3646541,0.16950501,-0.50038623,0.16216333,1.72776861,138.76,0
120283.0,-2.31884821,0.68172974,0.77628089,-0.59817095,0.19068322,-1.33171675,-0.84884065,0.32756966,1.05141566,-0.00079324,1.5341044,1.48932419,-0.98283091,-0.10137687,-0.50344888,0.82325214,0.71815287,-0.79370741,0.92408653,-1.32066328,1.17784886,-2.43917217,-0.17911829,-0.70792013,0.67592881,0.25255007,-2.19153112,-1.34540497,58.79,0
120317.7,-1.17257468,-2.40884767,-0.31109706,-0.84278835,-1.36910171,-1.559911,-0.80899806,1.77780568,-0.89777844,0.10122662,-1.02969654,-0.83597635,-1.05733211,0.96366106,0.14664785,1.32264132,0.72573579,-0.0530768,-1.58659455,-1.42284641,-0.59141566,1.52590538,0.06328985,-1.38922009,0.90089667,0.35618625,-0.16559825,0.54913544,107.65,0
120380.8,-0.25921994,-1.31012844,-0.9828762,1.00766827,0.63219941,1.00992868,1.85463396,0.26049247,-0.94939211,0.64944704,1.31277496,1.39449393,0.55088604,-0.60484703,0.65940885,0.73393703,0.10443429,-0.10980425,0.17743204,1.55630208,-1.69920762,1.05913211,0.50358693,0.96031897,0.46044194,-0.37491929,2.413972,-1.69656899,130.26,0
120391.5,0.94474033,-1.56361944,-1.00417039,-1.22967328,0.79408169,-0.6000462,-0.11757844,0.30635457,1.71984676,0.0504329,0.24673278,-2.28565642,-0.52086594,0.5231967,0.87871231,0.56844523,0.9047623,-0.06097259,0.52863493,1.38978903,0.38035977,2.03330324,0.54743525,-1.80264731,0.29829636,0.52590495,-0.41191553,0.24123663,61.69,0
120463.7,0.2699005,-1.13941357,-0.73541716,0.69834179,0.34890822,-0.20630644,-0.43804404,-1.11059339,-1.05068192,-0.75917562,0.18971522,0.71981761,-1.14677668,-1.05916055,-0.87769794,-0.89587763,2.70741963,-0.42135742,0.57703412,-0.88993128,-1.67077615,1.85438055,-0.71575075,0.23075921,-1.16052374,-1.61136611,0.31672477,-0.6685835,71.85,0
120483.1,-0.19882382,1.77582871,1.52695584,-0.10643709,0.3309786,-0.15631506,-0.02615709,0.23992218,-1.1218625,-0.02270438,0.26486932,1.57535681,-0.79655252,0.06131038,1.26934326,-2.1055531,-1.34101158,2.77728215,0.75042777,-1.16824126,-1.23329645,0.9976182,-1.5941092,0.12725319,-1.27129016,-0.63644713,-0.54798562,0.15352779,254.99,0
120569.4,-0.33311888,-0.00721252,1.26746169,-0.91569908,-0.58403972,-0.56152062,0.1562566,0.52016324,0.71570487,-0.10903472,-0.03496429,-0.6871474,-1.28035374,1.32305135,1.73381952,2.14920992,-0.46204475,-1.3731838,-0.47191995,0.14109205,-0.262059,0.00179892,-0.17214231,0.96951395,0.19586723,-0.37174078,-0.24936782,1.34897719,410.05,0
120618.8,-0.04808743,-0.6221525,-1.46549087,-0.47018843,-0.17032799,0.28099492,-0.06425307,-1.08859228,-0.29931138,2.35207294,-1.13137445,0.19827467,-0.11649255,1.06290093,0.22787766,-2.50635576,0.0083972,-1.49292992,-1.10477606,1.08085458,0.72529813,-1.41576168,0.98909796,-0.14134139,0.04310829,1.77451398,-0.90285172,1.11346846,19.29,0
120678.1,0.24437706,-1.05065695,0.5360495,1.08419962,0.58860642,-0.88865373,0.35432918,1.40856431,-0.5410653,2.00035449,-0.36991231,0.37092544,-0.70516688,0.85612083,-0.83297166,0.56252488,0.74307043,-0.22672389,-1.07271384,-1.20769463,0.01204306,-0.26107946,1.55676359,-3.16691046,1.97882884,0.70253307,-0.17694811,0.98660393,148.76,0
120700.1,-0.48678365,-1.9364228,0.10299574,-1.08256197,-0.40984873,0.01625242,-0.31150756,-0.31768056,0.24612167,-0.27565807,-0.79621527,-0.85813554,-0.83245833,-0.96881215,-0.08298491,-0.53852079,0.70664894,0.20416181,-0.3533757,0.54397848,-0.2555916,0.92243305,-1.19671533,0.24573331,0.49002174,2.05416162,-0.84117556,-1.23338144,42.51,0
120769.3,-1.29794015,-1.26626767,1.22456696,0.23112819,0.83722912,-0.62584093,0.42473334,-0.18319448,0.70106817,-0.90942416,-0.66454617,2.31268905,0.35551694,0.05758269,1.54549903,-1.71423306,0.53036542,-0.70485776,0.59158938,-0.85196257,0.79032095,-0.35381926,-2.16165224,0.64912783,0.40887138,0.12836845,0.9470012,1.14095459,82.8,0
120855.1,0.4863056,-0.53176813,-0.28385593,-0.02457916,1.42436772,0.7180733,0.86043861,1.8543117,-0.45692163,0.22985303,0.42620741,1.15550082,-0.98092889,-0.66688279,-0.09150427,0.50936542,0.95137106,-0.59458936,-2.76336246,0.06499955,-0.82611691,-0.37126086,0.5182495,-0.11315486,0.02016197,-1.43068184,-1.2966163,-0.5173121,45.61,0
120905.7,1.88762305,-0.66347798,0.58354949,-0.25966318,0.30932774,-0.27883787,2.33326654,-0.82398514,-1.35727315,-0.57601518,-1.52095671,-0.99933364,-0.42488609,1.76902819,0.73487359,-1.12107263,-0.95326382,0.40621577,0.38705945,-0.04228746,1.17028727,-0.43995505,0.20258841,0.64291317,-0.56808728,0.5748574,-0.11145055,0.00023514,18.61,0
120931.3,-0.94025537,2.02942542,-0.73302941,0.14374711,0.46531199,-1.17719452,-0.72051812,-1.4244743,-1.42354352,-0.64591517,1.80185862,0.50595244,-1.73686481,0.65461999,0.51238033,-0.69094841,0.71855017,-2.06407998,-0.75615904,-0.75436121,-0.22479706,0.34346637,-0.99213794,-0.24149853,0.81520086,0.18912563,1.26278689,-1.02199011,362.17,0
120934.1,1.4272084,2.14090821,-0.46399573,0.00995623,1.02923581,-0.13432817,-0.00046309,1.0270676,-0.59298004,1.14937582,-0.15099062,0.27722235,0.12232594,0.33066368,-0.96293472,-0.31813506,-0.39041648,1.03720509,0.19760399,0.26123439,0.06852629,-0.6505261,0.18869082,-1.39962978,-0.33920345,-1.51125952,0.58338032,-0.65909189,75.25,0
121053.0,-0.93166095,-0.45178364,0.06548735,0.29869459,-0.30323739,1.17798665,-0.67307206,-0.10102632,0.35856916,0.22463829,-0.24678566,-1.11423569,1.10622386,1.66815605,-0.659784,-0.83804602,-0.99528694,-0.12485589,0.16232661,1.63883345,-1.97333871,-0.27850182,-1.60787388,0.15150375,0.51209445,-1.20488566,0.0517104,-0.97014962,269.6,0
121287.3,0.51062081,-0.90228136,-1.13188491,2.55047957,-1.52956271,-1.54382354,-0.97581366,-0.34625802,1.10148761,-0.01797398,-0.22024888,-0.13430443,0.70230403,0.41360269,2.49425729,-0.11573153,-0.98305624,0.23912407,-1.07786312,0.85989857,0.63491954,-0.55311765,0.14130239,0.29048866,-0.69055323,-1.82969393,1.1709766,0.01456374,88.55,0
121406.8,-1.37910322,0.34577196,0.69502829,-0.56016223,2.14896938,-0.76289426,-1.03872028,0.58353841,0.62104782,0.27592821,1.09727018,-0.25985293,1.00593055,-0.44052613,-0.53583349,0.07379207,-0.71011926,0.09505484,-0.04073509,0.14449043,0.74815428,-0.41202616,-0.84413115,-1.16887866,-0.22710035,-2.39849519,1.15003694,0.77164949,435.68,0
121554.8,-1.14838749,-0.31128449,1.4402044,-1.49351542,1.5609476,0.78776602,0.05283872,0.3034597,-0.06423928,1.36147396,-0.87229481,-0.10873367,-0.42194748,0.00084269,-0.78371412,1.34548998,-1.22078764,-0.81661621,-0.58913085,-1.61255162,1.30685358,-0.83112609,0.57160085,0.99339443,-1.35980852,0.18126049,0.4432476,0.82744919,205.19,0
121656.1,1.5621721,-1.15390847,2.08717847,-1.06298544,0.4938862,0.32081569,0.14026032,-0.5278296,-0.3531627,0.96798191,-1.54992045,0.22082126,0.65726212,-1.24635848,-0.13407024,-0.40456659,-0.33115273,-0.00264741,1.09193249,-0.93522794,-0.62826747,0.49992002,1.82470293,1.38076177,-0.63139707,-0.94658476,1.93326072,-2.85315668,413.35,0
121771.9,-0.26959082,-0.10115839,-0.23376406,0.4374052,-0.28392025,1.32435616,-1.03839971,2.52905229,-1.19266006,0.43824366,-0.49609629,1.9028877,0.14253163,0.35211614,0.61525362,-0.95538314,-0.2707634,-0.56734103,1.16321826,-0.00933105,0.84763515,0.65896068,-0.22909621,-0.35382238,0.62830495,0.79307388,-0.39021902,-0.24956127,703.47,0
121816.3,0.66122424,-0.37871606,0.84525785,1.62907276,-0.72081285,-0.07487166,0.50430631,-0.43477945,-0.87524407,1.832733,-0.2296501,1.73409309,-0.50842532,-0.20708892,0.79713915,-0.20601915,-0.89886814,-0.71991118,0.27267236,-0.66611402,0.08806775,-2.25728585,-0.55812228,-0.18031176,-0.51264171,-0.99358662,-0.88350458,0.07052089,459.76,0
121933.2,0.13399201,-0.60838683,1.3340204,2.13207806,0.7299359,0.33884114,0.67585441,-0.94491642,0.68152413,0.96890034,1.22679536,0.9873593,0.39930914,1.73850115,-0.56047343,-0.14387831,1.29284563,-0.61550157,-0.5925217,0.15409567,1.29829026,-0.68703451,-0.42090889,0.9942228,-1.3040748,-0.94366699,-1.76531228,0.39103852,281.32,0
121995.8,-0.96631656,2.52473551,1.68291017,0.80397658,-0.50987475,0.25662385,-2.12081688,0.63145932,0.83225405,-0.38910661,0.92231659,-0.33838153,-1.60929656,1.33572206,-0.88410538,-0.872769,-1.80070449,-0.46031352,2.07528739,2.09585533,-0.19736479,-0.1216054,-0.71619945,-0.27454802,0.03446389,0.46243357,-0.3313902,-1.68261337,607.94,0
122013.4,2.97317377,1.62065436,0.71698069,-0.68782196,-0.7760427,-1.41015661,-0.77694216,-0.09574794,1.20353976,-0.75484622,0.93222645,0.79446678,0.04964325,-1.47856896,-1.08025763,-0.54534108,0.00942192,1.09047876,-0.13430671,-0.31999489,0.7313837,-0.28108893,0.47595603,1.13016015,0.89994836,-1.36944053,0.2949237,-0.04985109,298.3,0
122200.4,0.10198449,-1.00564446,1.34458642,1.77235722,1.10081633,0.92152396,-1.57673658,0.55545936,-0.99799129,2.19167194,0.25230718,-0.32341657,-0.09214738,1.47003128,0.35197093,-0.68643383,0.77421398,0.83729336,-0.45066193,-1.98208056,2.18127204,-0.12992874,1.2405384,-0.69845591,1.79718161,-0.1025776,0.08384706,-0.59526059,191.94,0
122236.5,-0.75342087,-2.08531532,0.40743024,-1.7369777,0.78489574,-1.17205492,-0.05090227,-0.5952253,0.60480325,-0.30211864,0.01351287,0.40940808,-1.23059629,-0.01564965,0.50056477,-0.97231081,0.96809827,-2.86331121,-0.26086646,0.5226435,-1.95195342,-0.69688304,-0.74330127,1.02714638,0.29242813,-0.80411872,0.42435987,0.89914577,39.29,0
122388.1,-0.72436836,-0.80664458,-0.51111056,0.71286033,0.12695563,0.00230852,-0.36884226,0.99681985,0.06097141,1.3452787,-0.36900233,1.69090751,-0.32437805,1.52604286,0.11725475,-0.06821549,-0.03693347,-1.36335153,1.92157874,0.76316861,-0.73228012,-1.54774562,-0.06307363,0.02363801,-0.36413729,-1.35376385,-0.37273577,2.10464501,246.57,0
122464.6,-1.08671426,-0.56606305,1.74999527,-1.0133441,1.10166334,1.31335307,-0.16677003,0.46549529,-1.53871433,-0.08820781,-0.21502706,-2.57958264,0.41537697,0.35516642,-1.69337605,-1.41227583,-0.74928915,-0.52918178,-0.3063659,-0.95812423,-1.00785713,0.30651324,-0.47524804,-0.1068006,-0.22967987,0.45720031,-0.15427488,0.86153947,113.75,0
122785.5,0.95495588,0.39984325,-0.83587732,-1.31888867,0.48000768,-0.73868648,-1.64427614,-0.19428108,0.221964,2.04268407,-0.24352239,2.51294981,-0.82959172,-0.33290817,-1.91849785,-0.86646925,-1.17709313,-1.85982876,-0.69720492,-0.50817737,-0.97569827,0.89098528,-0.8937679,0.49769731,0.31296433,0.31969158,0.70677111,0.90020599,2.79,0
122792.6,-0.30406761,-0.13773312,0.5960349,-1.44215916,-0.9515606,-0.46469532,-0.86789342,-0.034272,-0.7095515,-0.03293948,-0.42149794,-0.78923613,-0.89995095,-1.54363787,1.02382908,0.49793129,-0.67976795,1.7350258,1.50137741,-0.08515679,-2.48644798,0.17517527,0.81744772,3.22714132,-0.26176787,-0.37074578,-0.43378363,-1.03268658,195.06,0
122942.1,-0.14981604,0.46621667,-1.20036452,1.61302041,-0.47241417,-0.05962658,0.35271468,-0.25975233,-0.82697963,-0.60721297,-0.83693867,-0.34991563,-1.32543651,0.84583649,-1.12522735,0.74863662,-0.63871194,-1.78378857,-0.7750093,0.03049313,0.96569646,0.2372331,-0.78334255,-1.34485355,0.2786952,1.78794295,0.59262127,-0.50412973,379.84,0
122964.1,-1.2721966,-0.33526072,-0.58046213,0.9051539,0.91088322,-1.23134788,0.89921433,-2.24971962,-0.03001463,1.46102238,-0.38029849,-1.83874009,0.96758054,-1.18076247,-0.15722671,-0.94769791,1.34796701,0.68394702,0.56444803,0.7725614,-1.29053472,0.91361539,0.50939579,-1.22949276,-0.48391498,-0.09446774,0.28158592,0.15360254,669.99,0
123068.1,-0.31203899,0.05831785,0.47914781,0.13352326,-0.00725675,0.16885113,0.6583057,1.31020849,0.41980412,-0.80806266,0.70682383,-1.13145979,2.25112606,0.16299315,-1.94472121,-0.25835705,0.96658782,1.85715097,-1.53746786,-0.93902487,-0.87206902,1.02467701,-0.21843372,0.65961486,1.61859248,0.18982411,-1.78589719,-0.38838749,2.03,0
123229.5,1.42345871,-1.33895841,1.03991447,-1.14493175,-0.24181115,-0.73627209,1.48805049,-1.13504014,0.43961271,0.99390423,1.05816539,0.38409793,-1.29502915,-0.61076416,-1.28236256,1.11941259,-0.6974407,-2.35223749,0.35092796,0.17594564,1.74811234,0.1711894,0.9210114,-1.48210587,-1.32033043,1.09702191,0.24546382,-1.61618966,297.8,0
123242.0,0.33150639,-0.10259295,0.98926045,0.0556873,0.60453546,-1.77778045,1.09009674,0.98099755,-0.20878106,0.55571974,0.07904549,-0.37639875,0.75033168,-0.11324473,-0.02545324,-0.66030203,-0.63978678,-0.94846679,-0.88205651,-1.70976084,0.11074166,-0.4723385,-2.60796233,0.19063578,-0.6315767,1.33004329,-2.39865181,0.5240811,86.01,0
123317.7,-0.08986314,-0.01270007,1.38859471,-0.6286838,-0.35411378,-0.23834529,-0.30073689,0.06351048,-1.45460806,-0.18912652,-0.50223628,1.21291947,-0.80323586,1.95155647,-0.28173578,0.59022237,-0.14613433,0.86456386,-0.46647912,0.18092011,0.47276834,0.64490353,1.39027237,0.13368233,-0.67763986,-0.06002284,-0.5161465,0.70743662,333.82,0
123343.8,-0.24642779,-1.10946549,1.07611834,-2.30616169,0.58003229,0.11280776,0.3053464,-0.12291265,1.39274448,1.3409165,0.02127944,-0.28571308,0.5057649,0.62722697,0.45187422,-0.52255198,-1.1962243,-0.10190955,0.75677584,-2.09099672,-1.61054768,-0.39254147,1.07406657,-0.39250738,-1.14039563,-1.37792173,-0.7836935,-0.86631526,210.79,0
123592.1,0.5160678,0.04019083,1.50394359,-1.3874661,0.8812697,-0.47632356,1.06489187,-0.40109325,0.64959844,0.36606462,0.02691722,-0.13939877,0.48206913,0.57854644,0.85726148,-1.44886584,-0.01466721,0.74380572,-1.59257683,0.82522175,0.44069361,-1.04452271,1.6917134,0.31872352,-1.18895207,-1.10362949,-0.82079703,-1.1572224,88.91,0
123678.5,1.2294402,1.94363277,1.39597586,-0.97916341,0.14284555,0.75855536,-2.11086091,0.3166442,0.38650655,0.37737776,-1.5700679,-0.34622434,1.2931204,0.8256828,1.6068029,-1.66979584,0.13884608,-1.34785133,-0.60115371,-0.76489534,-0.33153675,-1.5980346,-1.05512061,0.9704309,-1.8221541,-0.74672476,0.2554087,-0.66393871,168.03,0
123720.1,-0.74432212,0.96933587,0.27049116,0.04547468,0.15474348,-0.27538698,-0.97950031,-0.79403434,1.35101017,0.37462766,0.12121348,0.28912879,-0.42423047,-1.63948696,0.44553749,-0.81708981,0.95172163,-0.14402226,-0.75894401,0.35086017,0.40973871,-1.26144922,-0.01292756,-1.72675675,0.4342649,-0.64575808,-0.86802383,0.4930893,180.44,0
123817.7,-2.52078847,0.18515094,0.87709377,-1.70507483,0.06791886,-0.04465116,-1.16042128,-1.14230495,0.99180978,1.00149854,1.49679087,0.00911477,0.76029362,0.04802987,0.71932168,-0.63836245,1.45060646,1.09042779,1.02628049,0.10039195,0.48868159,-0.78331163,-0.59733122,1.20506548,-1.9868198,-1.68496901,0.97706692,0.24376223,157.39,0
123852.7,-5.06542962,-1.46147365,-4.43836859,-2.27209138,-0.15376404,1.32987225,-0.16438429,0.89401916,-2.35910079,-4.74004911,-2.1549202,-2.21294559,0.10251648,-6.13729738,-3.39587737,-3.1713477,-3.03790139,0.02411813,1.98996984,-0.61805182,1.57557724,-0.34347132,0.10069976,-0.10776779,-0.18934166,-2.26041051,-0.8322517,-3.08997579,96.74,1
124109.9,-1.93107346,0.23067488,0.28209346,0.04444584,-0.81262621,0.75589605,-0.13563387,-0.10743809,-0.80347911,-0.03367034,0.09343621,0.3447825,0.67150173,-0.44988077,0.12865974,-0.40531068,-2.20423629,-1.21441339,-2.67585006,0.29811316,-0.2814345,-1.00081601,0.47263856,-1.23807207,0.00749524,0.33097892,-0.85677301,1.16683549,459.5,0
124121.5,-0.46132301,-1.46296133,0.6307693,0.01430537,-0.33121069,-1.1234609,1.64879983,-1.07170359,-0.76397069,1.74895383,-0.59158724,-1.2656211,-1.95946707,1.04014943,0.30633424,0.1373555,1.86246674,0.83717333,-0.95186147,-0.19359412,-0.30719959,0.8003776,0.46645101,-0.51188036,-0.36616468,-0.23490284,-1.57412401,0.47040787,15.79,0
124147.3,-0.61810319,0.23426913,0.57689889,-0.06305066,1.96002749,0.76897737,1.11592881,-0.05452346,-0.02134437,-1.06141902,-0.87914581,-0.4050346,0.4411089,1.05179735,-0.64248371,0.03031589,1.44016529,-1.27166745,-0.02702701,-0.58408774,0.77907128,0.00898836,-1.18706399,0.55438108,-0.03815544,-1.24226825,1.62635984,-1.45245856,505.27,0
124178.1,1.29122005,0.14075947,0.51442725,1.38715784,0.95641859,-1.651466,-0.56056915,0.0757769,0.02271164,-2.01187647,-0.15066455,1.34362094,0.77965049,1.50526245,-1.12406704,-0.40268687,0.66917201,0.57205575,-1.3818427,1.9459,-1.45720675,0.00989068,-0.45997782,0.99876869,0.76315649,1.49348367,-0.35696999,-0.49299804,563.48,0
124273.6,-0.77327029,-0.84324676,1.34191916,0.18459153,-0.78633879,0.06722758,-0.84688784,-1.75012355,1.37650218,-0.59513089,-0.76857347,-1.44378387,0.2589757,-2.03392729,-1.05311815,0.19401304,-1.20543258,0.60821219,0.64298446,0.88863251,-0.2569938,-0.75230549,-0.68432955,1.87748971,0.54455474,0.24340579,0.37921166,1.83248216,449.02,0
124388.5,-0.70968966,1.30028701,-0.46704726,0.28387577,0.82393606,0.369577,2.28466494,-1.28459759,1.11021127,-1.11550847,1.9170287,1.28331057,-0.40458079,-0.00639786,-1.35258529,0.13277493,0.25030377,-0.63758145,-0.76480954,0.62219777,0.19508023,1.43767825,0.78816919,-0.32061171,0.17715834,0.34870428,0.02427685,1.03381782,280.36,0
124527.4,2.60731081,-0.03508835,0.29934513,-0.27538733,0.42031939,-0.95903806,0.0373092,-1.01505302,-0.2538448,0.15978885,-0.37146739,-0.10268207,-0.30498906,0.92406286,0.11083094,2.52771702,1.52259336,-0.96281383,-0.18160435,-0.48771701,-0.62164039,-0.57384073,-0.46502742,0.53868254,2.42758932,1.14828972,-0.31749707,-0.72320261,8.31,0
124696.8,0.22510993,1.84351969,0.14731826,-0.374934,0.62274141,1.11753857,-0.47336641,-0.51941396,-0.24864677,0.67219972,0.07512227,0.14355238,-0.22639881,2.20390561,0.15133349,-0.75946758,-0.61487647,-2.11561685,-0.48584502,-1.55288688,1.14857615,-1.18835057,0.06576542,-0.42290004,0.85258129,-0.55949219,0.73149166,-0.3087656,9.88,0
124709.1,-0.49116645,0.42067562,0.23381991,-1.82124608,-1.0776206,-1.08910348,1.3532446,-1.08117561,0.41874004,0.62719868,-0.87627345,-0.51036828,0.88633948,0.33753643,0.44611628,-0.10441219,-2.24671162,-0.13987372,-0.23543793,1.32135027,-0.34684895,1.65618505,-0.84684212,-1.07258575,0.04350704,-0.75955789,-0.85351673,2.22442806,66.41,0
124900.1,-1.18780152,0.1362406,0.66268464,0.23303663,-0.51828914,1.91880508,0.79629643,-1.67229614,0.66420304,-1.03103607,-0.50385116,0.27489685,-0.52818395,1.01992096,0.51852175,1.00811964,-0.91879537,1.64639912,-0.81223233,-0.11929964,-0.82642293,1.52925247,1.8750146,-0.35152862,-0.2896903,0.4686035,-1.07091123,-0.78887066,93.29,0
125028.9,0.16409949,-0.59391643,0.70046808,-1.35981612,-1.93712553,-1.00598509,-0.69841176,-0.47612477,-0.15779748,-1.30095436,0.29884205,0.16058614,0.12109996,-0.91681086,0.42503132,-0.94701872,1.36204939,-1.49063121,0.21201755,1.4389709,-0.12139293,-0.09090802,0.16832104,-0.96735631,-0.09786752,0.27300271,-0.55143212,-0.14132421,88.57,0
125089.4,0.00887181,-1.64400295,1.18835412,0.48841404,0.36801726,-1.43483716,0.18549135,-0.05350411,-0.33148844,0.1611238,-0.30658766,0.15737444,1.03960697,-0.92266236,-0.28684497,-0.9138894,0.34444719,-0.45190731,-1.37284056,-0.11296657,0.40131312,2.5553732,0.89663604,1.91626876,1.24314056,-0.02866925,-0.01363399,-0.14455558,15.63,0
125304.3,0.14792684,-0.18885203,-1.71798779,0.65837187,-0.85485543,0.09976972,1.8873222,-0.15785301,-1.04917806,0.43442962,0.85396735,0.30088557,1.66539656,1.0304921,-1.42234715,0.57592724,-0.6640625,2.2759,1.69165779,1.95674062,2.11739532,0.4407499,-0.86473406,0.66489111,-2.24375788,2.04708426,3.16221233,1.14541512,126.64,0
125439.7,-1.33901555,-0.68950689,0.5636863,-0.0408574,1.00467398,-0.3236619,1.24272278,-1.91379837,2.22636459,1.5345579,0.14047922,0.29675481,1.43809403,-0.17913342,-2.20237146,-1.46443036,-0.71040698,-0.72823828,0.72551009,0.15735686,-1.52234211,0.10898072,1.39564791,-0.40970482,-1.08742189,1.08235526,0.41185464,-1.40687646,174.72,0
125503.3,-0.5611581,0.32039738,-0.21824617,-0.35481905,-0.04085524,-0.71254709,-0.48711487,1.31245115,-1.07406406,-0.44853757,0.86051487,-0.68575638,-1.72456544,-2.03638033,-0.36208161,1.60712713,-0.48556626,0.03670982,-1.5964873,0.63388651,-0.32833533,1.18134503,-0.53640316,1.21441801,0.04383682,0.67042619,-1.23409414,1.25506478,75.5,0
125717.4,-0.79420358,-2.4170154,-0.51376393,-0.05280715,1.23797593,0.85201198,-1.25174644,1.63618586,1.40446531,-0.08587391,0.24476351,0.58325228,-1.31680304,-0.78238392,-0.23682078,1.75501237,-0.13619481,1.58316198,-1.84747569,1.34286435,1.61839641,-1.09672388,-0.55814234,-0.27844178,0.22826992,0.23691936,-1.57552024,-1.01292686,26.89,0
125744.4,-0.06271899,2.17529157,2.06396008,0.61923049,0.5761035,-0.62389852,0.44537827,-0.09623727,-0.40156825,1.05413811,0.79740034,-0.35267835,-0.0107225,-0.84228786,-0.43963483,-0.53421978,1.5310385,-0.71799752,2.11995103,0.3748383,1.57815263,0.14815837,-1.19588251,-1.39019339,-0.41928027,-0.81403546,1.34766057,0.26467444,1280.16,0
125824.9,-0.98838861,1.56088377,-0.36909396,0.95833001,-0.54203586,-0.26556469,0.38074215,1.34841482,1.30522477,-0.44341966,-0.65421895,1.1956338,1.58807771,0.19980908,0.14066087,-0.41157182,-0.61901507,-2.11727624,0.13401892,-1.26172855,-0.68013653,-0.99986568,-0.43068408,0.50685467,0.68338445,1.03316472,0.45912622,-0.55696027,262.01,0
125886.8,-0.53176909,1.25741434,-0.98381832,-0.07073329,-0.67972503,-0.35492421,-0.01489957,-0.05624432,1.11001611,-0.56053783,-0.31421179,-1.61569656,-0.45520738,-0.8358207,1.33689276,0.62882531,-0.41914162,0.76015109,0.92138096,-1.30201152,-0.26749247,0.81762019,-0.85122753,0.55234072,-0.14764556,0.50049943,-2.08412503,1.13815796,150.03,0
125978.5,-1.33352599,-2.55201887,0.82711574,0.58846203,-1.05840952,1.68405233,0.00548404,0.64955976,-0.99278415,0.33216403,-0.13525638,0.74602532,0.95871027,-0.50172126,0.81412558,-0.96729586,3.61456888,1.18923463,1.35633711,-2.26000981,1.73912401,-0.86739414,0.57878569,0.99733407,0.22863669,0.98633015,0.91059782,0.35153013,283.43,0
126005.5,0.87821757,-0.80204497,-0.59019963,-0.72949309,-1.20029295,0.80519784,-0.02394073,0.35176364,1.36155915,0.42886187,1.71754829,-0.24622927,-1.40692323,0.97198493,-1.36319364,0.15952351,-0.41647168,0.62715353,0.17033822,-1.95559631,1.25428343,-1.23366515,-0.16869884,-1.72018579,-1.64767238,-1.27205369,-0.10308608,-0.40483849,50.1,0
126028.9,0.94481656,-0.2190548,-0.03116465,-0.27401431,-1.3997531,-0.78209078,-0.45395338,-0.53400056,0.2908455,-0.07229951,-0.27836891,-0.29866485,0.72530034,0.23995242,-0.94385088,-2.01108642,0.82447408,0.3327243,1.96056238,0.46624114,1.12053797,1.16612723,1.25176295,1.1961773,-1.84918387,-0.79533095,0.63024324,-0.07697286,279.34,0
126060.3,0.03276947,0.36405236,0.06939925,-0.83628612,-0.39769183,-0.49846622,-0.19720892,1.40804635,0.29427377,-1.38041435,-0.25073919,-0.98151842,0.01903486,1.36744834,0.20688728,-1.6040992,-0.04266255,0.68846267,1.31347226,-0.86655605,1.54479896,0.17721378,1.12058042,-1.14934198,0.84473728,-0.92507971,-0.09810298,-1.16619066,198.11,0
126091.8,-1.10044903,-2.61994542,-0.60689073,-0.91581005,0.87601224,0.6642659,-1.21907474,0.84736142,-1.00220282,-0.08624385,-0.29389978,0.11441986,0.81863631,0.63841379,0.3498851,0.6499481,0.47849204,-0.62698547,-0.71737109,-0.46996827,0.4993264,-0.25011557,2.33575422,-0.81929254,-1.0988746,0.76847352,1.42184998,0.50569269,296.95,0
126134.8,0.68534028,-0.709041,0.67087935,-0.05299323,1.43145707,0.59273903,0.85956001,0.6670422,0.65793979,-1.23190604,0.27160055,-0.16662692,0.6800585,0.42838103,0.63551571,-0.25923242,0.9910552,-0.55310843,0.35322226,0.31848419,-0.61216559,-1.54215648,-0.94781688,-0.5989498,-0.59679719,-0.84611929,0.09020328,-0.46221447,81.19,0
126287.6,-0.13050265,0.11839783,0.77364175,-0.11908263,0.39832938,-1.89530685,-0.7300266,-0.87807725,-1.37370194,0.11028064,0.38767845,0.34705488,-0.06222322,0.69550833,0.0575004,0.2692483,-0.58635473,0.54180671,0.41773713,-1.03194009,-0.65965675,1.06499731,-1.31304375,-0.41670139,1.01819105,0.67226742,0.97595001,0.60288177,2.26,0
126303.5,-1.36366965,-0.32740457,2.23621701,-0.50602111,-1.83555199,-0.09485765,1.57921656,-2.13386072,1.9066115,-0.92550199,-0.18191811,0.51426086,0.05389803,-1.09428987,0.68465369,-0.64149855,-2.2807342,-0.18880588,-0.97174886,-0.46540776,-1.07200513,-0.04615384,0.61391152,0.04456847,0.29380212,-0.71731544,1.08533079,0.32883929,21.34,0
126445.4,0.09279353,1.96419506,-1.12100568,0.0761838,-0.66269229,-0.41474111,0.76898958,1.15392598,-0.02582831,-0.33582914,-1.08654674,-0.04955096,0.27497896,0.62899804,0.93487729,-0.55909662,-0.67770561,1.32954801,0.26509976,-1.71434539,1.60411368,-0.68361104,0.81073971,-0.3288076,0.0554515,1.66820748,-1.82133191,-0.32104235,93.3,0
126484.0,0.8339534,-0.73766962,0.39005169,-1.09952266,0.77077647,-1.14651794,-0.21544725,-1.38217305,0.61297038,-1.53203967,-2.00993574,0.06277878,0.32444134,0.76705514,0.17494184,0.42259505,0.18555076,0.20502157,1.37633439,-0.21254336,-0.97451722,1.30859219,0.96723103,0.5745441,-0.54275051,0.48223275,1.68774003,-0.47449298,256.48,0
126490.3,0.53396224,0.32958737,-0.74066696,-0.60105567,-0.06850893,-1.15669414,-0.07481945,2.19968431,0.15057273,-0.22483044,-0.19806724,0.42508793,-0.72842695,-0.22974369,0.10390937,-0.87064377,-0.46878507,-0.8475186,0.68859445,0.32114949,-0.52983151,-1.02167385,0.97964326,1.48609732,-0.5106681,1.40547382,-1.96029044,-0.52022766,405.44,0
126533.4,0.466256,0.19243929,-2.32248325,0.18894165,0.30532894,0.45993711,0.27230211,0.35548555,-0.34813992,0.92331791,-0.2579969,-2.8313809,0.79363184,0.57845909,-0.07235968,-2.50936861,0.29861388,-0.97719434,0.22490448,-0.39163096,0.3062455,0.26904004,0.46975675,0.00946763,-0.64899611,-0.47255645,-0.0917477,-0.82770057,282.93,0
126573.2,-0.45993637,-0.35104272,1.46764133,-0.92138592,0.36818067,-0.29696332,0.13713205,-0.35465025,-1.32626053,-0.96611916,-0.90898094,1.85041835,1.49702929,0.66767258,2.42055281,-0.28333287,-0.02975815,1.16606127,-0.55307318,0.29967132,1.69685375,-0.73355609,1.56391937,-0.08402062,-0.22891321,0.15385934,-0.33248115,-0.94607365,87.22,0
126582.0,1.49210209,-0.62884922,-0.73887133,-0.42663528,0.79465128,-1.60183782,-0.62247002,0.10075431,-0.50682006,-0.45840787,0.58839939,1.3060375,-0.26873309,0.35501954,0.99782355,-0.52471952,0.98472433,0.53254976,0.66447464,-1.4511494,2.62638529,0.40087639,1.62034294,1.813347,0.43960265,-0.83455552,-0.47193851,-0.12133094,203.02,0
126622.9,-1.6890213,0.44698626,-1.39344691,-1.23016918,-0.72936509,0.10896804,1.26018732,0.05131334,0.60146758,-0.88875354,-1.27851448,0.04518594,1.31209289,0.53131655,-0.41469507,-0.80573004,-0.29549155,-1.00805595,0.57183795,-1.00507826,-1.28914483,0.51987861,-0.47301525,0.29605805,-0.77258492,1.21533717,-0.46449553,-0.05303798,278.88,0
126664.5,0.43856458,-0.43392358,-0.25023323,-1.58873177,-2.03378003,0.08936068,-0.83724287,-1.81025291,0.33903924,-1.02113764,0.56516395,0.44680973,1.36215292,-1.87468202,-0.04082336,0.21503389,0.59214887,2.52064484,-1.16471276,0.91358684,0.6807471,0.71894012,-2.17262862,0.53360474,-0.03210854,0.24639561,-1.39084824,-2.3967459,11.67,0
126842.6,-0.51436156,-0.32503297,-0.96978411,1.07807853,1.98931393,0.47578695,-0.04498705,1.23623045,3.08651652,0.97266005,-0.7649244,-1.23896163,1.51819666,0.18929072,-0.8474872,0.4885241,-1.08451798,-0.33201875,0.88138044,1.26464032,-0.57825285,-0.61819572,-0.77667826,-1.25261705,-0.17078123,1.35343534,1.22695782,1.43044819,402.78,0
127080.2,-0.7327616,-0.30962235,0.47830621,1.27558377,1.22345408,0.55704587,-0.43260052,-0.22162404,0.16141009,-1.70267706,-0.69020233,0.37958126,0.01691526,-0.64455418,0.89112827,0.98655787,0.38621995,-0.12870132,-0.30385961,-0.94472379,-2.45510609,0.88257054,0.82911178,-0.72666437,-0.22106194,-0.8469975,-1.29658408,-0.91401294,76.27,0
127263.1,0.00730688,1.75595047,0.96611639,0.07840806,0.42865694,0.70633984,1.08773784,1.82972118,0.5534818,-0.3790184,0.01837075,-0.14957031,-2.03889514,-0.18989677,-0.7663686,1.20013365,-0.39494698,0.82944052,0.12710487,-1.38467583,-0.51053172,0.95495422,0.66154142,0.4586331,1.89772006,-0.59630102,1.8082284,-0.01088359,290.95,0
127310.5,-0.56884757,0.31145618,0.59158247,0.10459999,-0.72182727,-1.09891901,-1.39822709,0.75215364,0.10488805,0.71174429,1.41945608,0.94944197,-1.93065656,-1.21628517,1.4387153,0.58204554,0.98089062,-0.52947681,1.18286159,-0.21541351,-0.78551947,0.5614478,-1.24765861,-0.00979756,0.54125143,0.62273086,-0.39029174,0.48210024,262.65,0
127401.1,-0.37336487,-1.16428959,-1.10082941,0.1354554,-0.56619568,1.50906225,-0.33507039,-0.0498498,-0.10969675,0.39692054,-1.04447235,-0.96017866,0.19498011,0.31846581,-0.65388487,-1.78975942,-0.12511629,-1.42433289,0.86710497,0.15244564,-0.2782964,-0.45899034,-0.84288836,0.46392655,-0.37999571,-1.09665562,2.01416612,0.82861858,395.72,0
127434.3,0.01301766,0.63776844,1.24907505,0.44180258,1.20045447,-0.47302579,0.05697334,-0.21505448,-0.00832868,0.08811883,0.60432574,-0.29430317,1.37475862,0.20932326,-0.44072531,0.08966159,-0.68610789,-0.25808778,-0.72448646,1.34684901,0.48751429,-0.19763237,0.77598647,-0.82793361,-0.72182444,-0.90761916,-0.47115917,0.6105852,126.82,0
127483.4,-1.09670131,-0.22542529,0.06817055,1.35646999,0.46060675,-1.21001845,-1.29107795,0.66392986,0.76358089,-0.60073484,-0.62614858,0.50960467,0.28953738,-2.63006039,-0.27140621,0.8234722,-1.4841352,0.8706814,-1.24782541,0.23223769,-0.8459457,-1.61510047,0.22090891,-0.10226652,1.52171981,0.8316193,-1.58826238,0.32798493,333.33,0
127511.6,-1.27788184,-0.05033092,2.1449946,-0.40127576,0.15639853,-0.4003145,1.14012231,3.41548424,-0.65263505,1.02319748,-1.74466847,-1.43920875,1.82756722,0.05205355,1.57948325,0.4258327,1.85457813,0.75914769,-2.28764041,-1.0005765,-0.40447031,-0.76776052,0.74855658,-0.10277871,-0.96572235,0.48384078,1.84784171,1.30429504,104.45,0
127536.0,2.89322855,0.80492124,0.72756095,0.53084561,0.51069833,0.34655258,1.22845586,-1.7887906,1.11549541,0.69905854,-1.22904224,0.30212557,0.29959852,-0.77507371,0.37224378,0.21717559,1.1493905,-0.36380973,-0.11226994,0.65924885,-0.30111158,1.97779186,-0.62998327,0.45436042,2.07874474,-0.73602163,-1.32003737,0.29458066,130.82,0
127595.8,-0.08282507,0.48019048,0.71736324,0.399718,-1.12371556,0.68939931,-0.10233765,-0.65558699,-0.37379761,-0.95174006,0.24787228,-0.62731762,0.16331512,1.60551359,-1.24093828,-1.68508438,0.61104727,0.98136176,-0.42862862,-1.20455894,-0.88798777,-0.34043407,1.17646761,-0.87671054,0.60291648,1.40299735,-0.25740155,-0.05741531,163.93,0
127606.0,0.88657512,-0.13698967,-0.31311731,-1.08927777,-0.59459673,2.32628505,1.29629161,-0.158055,0.77765555,1.0301141,0.90065569,-0.59664918,-0.60516907,-1.50486748,0.44369492,-0.32162069,-0.8146204,-0.27012932,-1.56261255,1.111034,-0.41540668,0.146694,1.34723357,0.48535559,-0.6136385,-0.35478889,0.74196625,-0.31740295,395.75,0
127734.3,-1.04884288,2.41884035,0.80045479,-0.12703231,1.21069126,-0.37390978,0.18799014,0.17071432,-0.84569651,-0.23449751,0.64612902,0.52679435,-0.53265101,-1.68387163,0.43097486,-0.20583001,-1.19721383,0.40782923,-1.01965897,0.13582841,0.37127071,2.70171533,0.03182686,-0.52401205,0.58100577,0.02862462,0.33560587,-0.66183261,140.84,0
127849.7,-0.42545588,0.51167437,-0.23957846,0.0536592,0.8617078,0.18064109,-0.37978207,-1.22140704,-0.89664329,-0.05747013,0.66747201,-0.39184125,0.62754562,1.72995907,1.93703316,2.42019985,-0.16259072,0.63432638,-0.10411374,-0.22882665,0.25748022,-0.69978491,-0.14092791,-0.04534573,0.67082516,0.72503802,-1.66865595,0.02317229,189.05,0
127912.2,-0.52759503,0.15137036,-1.14692117,-1.9698421,1.66433223,0.22795825,-0.62526653,1.56898966,0.46984493,0.21410417,0.4676491,0.90078573,-0.36277353,-0.88496207,-1.53445485,0.07930926,0.63191702,-0.50623032,0.20178811,-0.07608888,-0.29697513,-0.80978145,-1.03232348,0.50554216,-0.7637544,-0.10535473,-0.37193905,2.50915653,234.01,0
127961.9,-0.39114121,0.5542641,2.25417443,0.4099923,-0.60537675,-1.15188135,-0.20133861,0.18568563,0.07767529,-0.44475367,-0.53629567,1.36362793,0.69878832,0.77890201,0.70756318,1.06862523,-1.17985155,-0.76666132,0.39551318,-0.46048841,-0.89442953,-0.19494106,-1.20054412,-1.43629054,-0.75681133,-2.24311579,0.29026644,0.76616605,448.62,0
127998.7,0.64252643,-0.87650941,0.42554207,-1.02836859,-0.8745104,-0.29281375,1.46964897,0.24041285,-0.95787239,1.20372045,-0.26089334,-0.2677771,1.90705241,-0.30321152,-1.39143543,-0.25292521,-0.06419327,0.34724756,-0.19567351,-1.85770822,0.2028985,-1.34289122,0.4125222,0.75020908,0.16236377,1.35783992,0.27793453,0.95418104,285.96,0
128097.2,0.75193088,0.5159224,-0.90066473,1.70483702,1.01726208,-0.09906925,0.70055272,-1.13896162,0.13043671,-1.21908203,0.03089655,-1.40875684,-0.58724714,-0.15128854,0.89761716,0.03997567,0.38928009,2.26584191,-0.38872138,-1.54195594,-0.12681044,-0.80380769,0.31935092,1.54199545,-1.51936902,0.51084307,1.29283037,0.27599639,83.43,0
128139.8,1.26155899,1.64275043,0.07105737,-1.48991631,0.1489802,-1.02018529,0.26947957,0.61129609,0.92779684,-0.25505348,0.07107716,0.9174096,-0.8172299,-0.65377104,0.71169632,0.93561201,-1.43171373,-0.27217883,-0.24840194,0.76077834,-0.44759088,-0.13463652,0.3506253,1.13763847,1.10299606,-0.54285812,-0.55734716,-1.39846995,4.84,0
128158.7,-0.54348148,-0.02958841,-0.50351343,-0.40654116,-1.50089719,1.2744567,2.11935486,-1.72979689,-0.25179296,-0.11040467,-0.59427699,1.21753658,1.24743911,-0.24534358,2.0712822,0.0327708,-0.24190414,0.27980362,-0.7460329,1.45313295,0.61663625,-0.35494598,-0.18551871,-0.90777214,0.26250935,-1.29363795,0.00316994,-0.51720541,229.76,0
128302.5,-0.0978617,0.41900615,-1.24605855,1.37291161,-0.92898743,-0.26730726,1.31290535,-0.93111979,-0.85074864,-0.22281087,-0.65503616,-0.78489168,-0.84481477,-0.46590591,1.69851185,-0.17658467,0.89632136,1.19587091,1.15290567,-0.96075335,-2.13512198,1.39626517,0.65417105,0.39493897,1.47558958,1.73080686,-0.66845278,-0.86697305,278.17,0
128349.8,0.49708328,-1.57882648,-0.22276248,-1.22022788,-1.19723292,-1.8673785,-2.37877631,0.90906101,-0.42801895,-1.95094436,1.67888177,1.2428531,0.99535165,0.85442176,-0.35387563,-0.0573216,1.67722542,-0.90894677,1.78509374,0.99150286,0.73516097,0.10204385,0.94894126,-1.57490658,0.48863761,-1.91614828,0.68845444,2.81262227,82.37,0
128354.5,-0.51792193,-1.20915116,0.95407429,0.5398808,0.40448359,0.42152188,-1.199456,0.15294905,1.22987904,0.15868601,-1.24885403,0.43768482,1.00909821,-0.07048313,1.76976806,0.61748293,-0.5531253,0.93978197,-1.34121959,-1.15021051,-0.20880803,-1.44623947,0.56498161,-0.98863004,-0.29992654,1.34738156,-0.24308491,-0.24090185,354.41,0
128359.9,-0.68676548,0.46825608,-0.28333949,1.58843188,-0.68491199,0.41659271,1.0955601,0.20888995,-1.59050636,-0.61595512,0.15919759,-1.68596572,-0.86614775,-0.62325154,0.08751105,1.339616,-0.70299472,-0.98315617,-0.51546266,-1.1531827,-1.84235092,0.68129968,-0.18318778,1.27987078,-0.45796883,1.1337388,-0.44081339,-0.73220327,322.0,0
128366.3,1.88334913,-1.59193653,-1.46577603,2.20154394,0.36715124,0.20488757,-2.45599244,0.68492923,1.13579547,-1.57783091,-2.22190592,-0.43998825,0.19347011,0.66420938,-1.61252158,0.76613109,-0.2892847,-0.17802748,1.00969554,1.06885279,-0.40437711,-0.07761751,1.27017889,-0.37545871,0.4802723,1.02471758,-0.75477024,0.30459977,47.19,0
128371.8,0.37273057,-0.96239563,0.38418144,-0.50515968,-0.35048232,1.37959269,-0.58874369,-0.53726888,-0.46245642,-0.44958357,0.31671376,0.03878849,-0.62601108,-0.13980927,0.63400294,0.47461339,-0.34962958,-1.57324845,0.06160812,0.56820035,-0.91404306,0.0368933,-0.67638859,1.66012199,1.11618153,-0.01428349,0.2304252,-0.86521773,429.21,0
128407.8,-0.33132517,0.90607027,-0.64549533,-0.39163745,-0.42761339,-1.98867852,-0.52343843,0.27487067,-0.89207748,0.78468372,1.23468337,0.02446924,-0.89082611,0.81622899,0.7273111,0.07706463,2.69388724,0.23572219,0.32976372,0.9121969,-1.23764733,0.33928469,-0.12806434,-1.34502125,0.47273636,-0.49622501,0.86436678,-0.80819582,140.39,0
128455.2,0.29611321,-1.09846683,-0.38893398,1.80220171,-1.81691517,-1.05877544,0.54801775,-0.13757711,-1.1347258,-3.50347074,-0.33143062,1.18016908,-1.00053778,-1.14705753,0.77458232,1.40257832,-0.87918411,-0.34773857,-1.51801734,-0.00156129,-0.74834751,-0.16979431,-2.44901515,0.91656319,-1.84552926,-1.34947012,-0.24086596,-2.01907987,315.74,0
128497.7,-0.63197919,-0.76482744,0.12274105,0.02471122,1.42469009,0.12040729,-1.20783429,-0.56033527,-0.57278394,0.72504222,0.38379301,-0.11939102,0.86960722,-0.52849642,-0.13623375,0.1807604,1.52818128,-0.09853318,-0.35079891,-1.04583704,0.68605218,-0.58764537,0.34368502,-1.90160989,1.04318696,-1.33193777,-0.77734236,1.05858113,245.62,0
128628.6,-0.17802572,0.53554569,0.51482361,-0.12490856,-0.07333468,1.1917693,-0.31778825,1.74162622,-2.30960031,-0.50856144,1.34910383,-0.20237357,0.46645819,-0.04869324,-0.28981397,1.14697306,0.44639047,0.82498958,-1.58569282,0.97870579,-1.25220452,0.85928401,0.23633033,0.6123954,-0.58002411,-0.14993188,-0.66357805,0.8305215,185.19,0
128703.5,0.00966839,-0.46701039,-1.12494723,-0.78203505,0.443343,2.16954276,-0.43052431,-0.01926362,0.36615006,-0.58358296,0.94894797,-1.25653755,-1.2458737,-1.67618203,1.16058614,0.40594737,1.46424335,-0.49865634,0.5144371,0.44685161,0.52297633,-1.05411343,-1.04300698,0.52306041,0.5712565,1.40465771,0.46867612,0.8750523,212.06,0
128745.0,-1.72232613,-0.52139447,-0.26232224,0.29342441,-1.51791069,1.28153925,0.42541366,-0.2137939,-0.33672098,-0.22040651,0.55357941,0.85955366,1.12752321,-0.12570878,1.24339705,1.39435611,1.12085628,0.74507912,-0.24987961,-0.03363457,1.71059659,-1.81035721,-0.06149646,-0.32331905,-0.53230901,0.49579819,0.27153052,0.04235849,163.45,0
128902.0,-1.26788399,1.5409227,0.63373823,-1.10635705,1.20888563,0.3719035,0.76448373,0.94380575,0.45654736,-0.87596801,0.57024055,-0.1413198,-0.18184139,-0.7805386,-1.03771881,-0.03055501,0.31669241,-0.39164072,0.93591557,-0.75175796,0.07643767,-0.70011918,0.36063927,1.04393063,-1.61414635,-0.30176237,0.59307835,-0.0473369,34.82,0
128922.1,0.22678054,1.01855163,-0.51969127,0.80880187,-0.30746126,-1.70445325,-0.38395314,-0.17363328,0.55359239,0.18996004,-1.10521139,-1.00996615,-0.20387618,1.45859197,-1.07587423,0.09718877,-0.24325434,1.65932438,0.8004232,0.69516726,-0.31240694,1.47371363,-1.47801864,0.12442986,0.96239705,0.28234106,-0.10081454,-0.07259474,33.32,0
128998.6,1.40169256,0.78662208,-0.57190297,-0.74344389,-1.81579171,0.22526476,-1.29427698,0.05085096,1.39713321,0.41110932,-0.35907241,0.13273811,-1.08885132,-0.46307891,0.73991276,0.66365081,-0.61827378,-1.20859608,0.22654967,0.51181481,-0.15677482,0.44381974,1.17182782,0.30123387,-0.60156435,0.39817534,0.6848944,-0.89827868,368.46,0
129158.7,0.44871335,0.23981411,0.47537833,-2.58603994,-0.65373449,-2.17100678,-0.42620433,0.37331015,-0.67429777,0.51860883,-1.02274998,0.57580315,-1.55360933,-0.26168825,0.4198072,0.53592079,-0.12726336,1.93971427,-0.41441984,-0.45099574,-2.75950747,1.76893382,-0.36899829,-1.1760155,1.32090445,1.23550612,0.10832562,-1.43492157,192.74,0
129262.0,0.00103109,1.11353184,0.18231049,-0.51761706,1.87837946,0.14138417,0.52613793,-0.05786119,0.43091173,-0.86342861,-0.98281083,-1.0505161,-0.67271646,-0.38272426,0.08064875,-0.19385153,1.98308289,0.85035739,-0.49229544,0.18273809,1.5558588,-1.05624666,-0.14483079,0.25747479,-0.58835908,0.1471507,-1.66045995,-0.83143522,39.67,0
129355.0,-1.64100304,-0.37086553,-0.93411222,0.37203534,1.25858134,-0.58408928,1.00156252,0.30020315,0.2746712,0.57307906,0.33170418,-0.33490428,-1.32676171,0.19550857,-0.62065588,-0.95824818,-0.87741945,0.57457,0.92044183,0.9000179,1.64156102,0.306124,-2.17720406,-1.17154224,-0.24333502,0.24027061,-2.06297889,-0.94544635,346.28,0
129362.0,0.20184416,-0.41718999,1.56528872,0.21841798,0.52764139,-1.03853678,-0.19721277,-0.21523588,-0.42813026,2.71987005,0.96240392,0.43633036,-1.51667016,-1.15684261,0.36154144,1.68028671,-1.52951869,0.263757,1.05410656,1.36600783,-1.9582183,-0.80040797,-0.94219743,-0.54858425,-1.90141876,-0.13076596,0.37623374,1.2385901,228.12,0
129454.8,-0.40675705,0.23991909,-0.60631348,-0.72014151,-1.42994181,0.379425,0.4476678,-0.40568343,0.42917142,0.9179654,-0.30665841,0.50033022,1.08180886,-0.01064768,-0.52167393,0.69640634,0.88476209,-0.04750386,-1.17693059,1.22647641,-1.45822131,0.67961708,-0.99976057,-0.81042294,0.38282539,1.66006649,0.68473209,-0.34269561,352.46,0
129513.0,1.73381318,-0.22501363,-0.0126305,-1.32554655,0.01622663,-1.39459079,0.34555529,-0.51640026,0.60052536,0.53870264,1.44139778,0.4139306,0.68591694,-0.66868717,-1.35097714,0.57060434,0.22905791,-0.3391975,-0.33716844,-0.73950743,1.61330616,-0.2674722,0.98446402,-0.41654383,-0.32967383,0.74419131,-0.8767367,-0.4101411,221.0,0
129529.1,-0.45752822,-0.41332805,-1.04909346,-0.12684219,-0.42635261,-0.28309594,-0.10396087,2.96959555,0.97197977,-0.39218732,0.6208353,-1.77386339,-0.39624801,-0.55417354,-0.42361489,-0.92738958,-0.28523147,1.1152502,-0.42057859,-1.86497589,-1.05422493,0.26614769,-0.75855109,0.83793346,-0.20705448,0.42414844,0.14796447,-0.60442622,74.76,0
129869.5,-0.09108494,-1.71571339,-0.42160904,-1.0040342,-1.61315302,-0.34542818,1.38434868,-0.99903155,1.22861714,0.03705382,-0.94585701,1.4203024,0.39652829,-1.0329689,-0.25091637,-0.17921624,-0.54931772,0.6377119,-0.19907276,-1.18852157,0.70234785,0.37948378,-0.91653883,-0.78055463,0.44394904,1.79633455,-0.52829371,0.86320207,72.25,0
129933.3,0.30426147,0.14329253,1.34533606,-0.07846346,-0.12316605,-1.32774428,1.18667308,1.01264037,-0.95167322,-1.25728876,1.99176292,0.22602128,-1.07678605,-0.30849258,0.57655052,1.07448694,0.8087516,1.60855809,0.726833,0.45271286,1.22392297,-0.50027957,-0.58473762,-1.41221365,0.76477533,-0.70172122,0.2545079,0.10286721,3.51,0
129948.4,0.09853079,-1.75678627,0.39789579,0.20960054,0.9573419,-1.15067458,-0.46267772,-0.00027055,0.95982956,-0.72598196,0.36568137,1.05153036,0.21266344,0.03949814,0.39334992,-1.06307215,-0.82105571,0.77550457,0.94776683,1.62689916,0.44770024,0.01144269,-1.02254396,-0.23738852,-1.2624419,0.14360316,-0.30462187,-1.23723904,346.7,0
129998.5,0.50672501,-1.81702535,-0.29862529,0.27154552,-0.77538057,0.00898541,1.36342741,0.03479846,0.83252145,-0.49648619,0.02699191,0.40238951,1.3740192,1.10814799,0.53617584,-1.23261018,0.91326852,-1.15825571,-1.30551872,1.10978076,0.85317728,1.03696301,-0.51987623,0.18236816,0.40855689,0.1402357,-1.24665702,0.586318,473.13,0
130036.1,-0.28742902,-0.4176361,-1.06244388,0.06118134,0.2987519,-0.8081883,-0.21082357,-0.48686508,-0.95624413,-1.62905166,-1.15616895,-0.09211255,0.85529977,-0.75011226,-0.96759333,-0.40476393,0.07442124,-1.82384712,-0.80544141,-0.69997204,-0.25683874,0.12880507,-0.60828031,0.93566299,0.24545384,1.50265903,0.65691845,0.96753734,121.34,0
130168.4,-0.89642438,-0.39200166,2.11977257,0.99643238,-1.04432645,-0.9208505,0.59725596,1.50821702,1.04936002,-0.31789577,-1.78725753,-1.28304844,-1.78463439,-0.05250175,1.24878973,0.34826325,0.6619365,1.71037449,0.51252522,-0.49076419,-0.22053737,-2.48701998,-0.15399589,-1.83992621,1.57789986,-0.40245123,0.28012404,0.15024251,33.37,0
130196.3,1.24605154,-0.10984517,1.81593832,-0.29759952,-2.49120221,0.11248055,1.07180725,-1.23662144,-0.49676592,1.85977034,-1.68788777,-0.58483362,0.37715706,1.20939698,0.44656254,-0.0692364,-0.51456055,-0.14505357,-1.15720476,0.27322673,-0.71858594,-1.20390683,-0.07979127,0.48497542,-1.12667958,0.24044193,-1.88210875,-0.75056163,420.7,0
130266.5,-1.61776427,0.0367119,-0.66510662,2.13880813,2.37969044,-0.52051218,-0.511489,0.35208201,0.40595586,-2.51283226,1.79515589,0.44067754,2.00255753,0.08944816,0.69823818,-0.02570203,1.12393971,1.39835237,0.63371738,-0.50712512,-0.92697067,-2.2368436,0.63018383,1.96393175,0.13231103,0.71616683,0.88812615,-1.28492283,177.61,0
130283.9,0.17403224,0.2840492,-1.310869,-0.43687991,-1.3641157,-0.31984114,0.38104263,-0.61155761,-0.3038103,-0.495671,-0.00993767,0.80608154,-0.80585388,0.06457008,0.12754862,0.51586743,-0.00531937,-1.22001405,0.80732622,0.66537221,0.90454469,-0.2721497,-0.52879017,-0.39673327,0.51909376,0.03333937,-0.11292327,-0.11623921,254.29,0
130352.6,1.00285126,-1.23970814,-0.55836244,-2.77131392,-0.45437078,-1.34240261,0.21374876,-1.57838271,1.53460639,-0.02576508,-0.41721915,-0.21097273,0.39814475,-1.42460224,1.59604328,1.0136895,-1.17028699,-0.38522495,-0.47547609,-0.3928043,-0.51118091,-0.11819066,-0.27802617,1.22808595,0.17333174,-0.41651173,0.18017329,0.49644413,84.07,0
130376.0,1.12014269,-0.46602379,1.30221367,0.37321587,-0.56914973,-0.76708111,-0.66470556,-1.15794701,1.33590441,-0.00240407,-0.40346878,-0.5755825,0.90806719,0.27802793,0.12321682,0.09406009,0.32305283,-0.29524712,-0.47282407,-0.50139529,0.90480385,-1.3193208,-0.49592309,1.69412424,-0.10990861,-1.31003715,-0.40757948,-2.33112221,381.32,0
130454.2,2.10149898,-1.73233187,1.46535369,0.27267693,0.3789735,-0.57645362,0.09196574,-1.38831859,0.37823964,2.24714924,-0.98903953,-0.03995369,-1.25791926,0.12644917,0.78575958,0.76451416,-0.30165862,-1.12344131,-0.35358072,-1.3417255,0.63997815,1.72922074,0.28652842,-0.97428689,0.77257865,-0.32159357,1.080649,-0.88904764,176.97,0
130464.5,0.3481034,-1.20678468,-0.56038265,1.34056945,-0.68525842,1.41364037,-1.97002276,-0.17911977,0.41174258,-0.01875524,1.22460289,0.95044022,-1.1943282,1.18407583,0.87131614,1.4137332,0.53918366,0.92756096,0.27791191,-0.0495544,-0.54375654,0.28058637,0.37884861,-1.091873,-0.00795997,-1.2585859,-0.67699949,0.49574213,103.79,0
130480.5,-0.1003018,-0.05244077,0.01798494,-0.43252587,-1.15140136,-1.53055224,-0.36879995,1.31102693,-0.09008851,-1.84932117,-0.76604453,-1.70237578,0.12634916,1.00521164,-0.38779882,0.36708779,0.0918488,-1.0476284,-1.83838021,-0.19101129,0.58578779,-0.08292469,0.75170868,2.39392966,0.68620458,-0.50814454,-0.48100518,0.13061498,128.85,0
130500.9,-0.45562665,-1.03594314,-0.00667719,0.66429138,0.81717448,-0.87225124,-0.51329405,0.67283237,0.75809376,1.08253157,-1.99334268,-0.65432584,0.25612514,0.93853055,0.15021714,0.12020705,0.43911275,-1.87918819,-0.53918287,-0.81370406,0.11410011,0.60165462,-0.02741487,0.97361727,1.17374224,1.52093691,-0.74356741,-0.23567142,325.57,0
130564.6,-0.18602763,0.05666133,0.26422516,0.11222704,-1.31951535,1.24530716,0.43429344,0.5873202,-0.45567639,-0.03866432,1.47562385,0.81807164,-1.31071895,1.15500609,0.41454503,-2.48865553,0.30258855,-1.48244872,-0.03563527,-0.6942888,0.55770916,-0.27795878,-0.51062893,-1.15919714,1.56338318,-1.13017916,0.44874557,-0.93526235,136.33,0
130574.3,0.64489067,0.73705612,-0.44400265,0.42026731,1.51454448,0.1908879,0.95742271,-2.10451041,-0.54553912,-0.32212779,2.08509762,-1.63870762,1.2213436,-0.42585546,2.23453707,-1.95499163,0.2857425,-0.24719813,0.55888653,0.63347805,-0.4465948,0.35267818,1.76756892,-0.07894027,-1.24532375,-2.22873697,-0.67751372,1.42353754,186.77,0
130596.0,0.20661253,1.08013349,1.6688397,0.33195975,0.42270859,0.48381769,0.5838076,-0.85671673,0.33524359,1.02729895,-2.61737366,2.29960932,0.27092816,0.32916513,-0.46733396,1.03571505,1.55154731,-0.36402148,0.13007378,-1.65321078,0.05351479,-0.76950508,1.34410838,0.99608844,0.75917617,0.13863714,2.00488442,1.84812329,52.24,0
130682.2,0.49568799,-1.09551831,1.25667128,1.01622052,1.00283371,-0.04796192,-0.4301524,-0.83925194,0.3867743,-0.86364946,-0.78040588,-0.42849443,-0.2484556,0.15367236,2.03302164,-0.9784461,0.62789681,-0.3535725,0.32022547,1.61934034,0.74007464,1.06644103,-0.63016446,0.48778203,-0.02166284,0.54809971,0.5891394,0.03225424,216.58,0
130703.2,0.72973202,-0.10122069,-0.46412904,0.9440745,0.21696258,0.24149741,1.95296277,-0.22931079,-0.20734708,-0.0113652,-1.16538797,0.19260753,1.17958777,0.03197815,0.4901248,-0.36737047,1.82603288,0.42031681,-0.86957364,1.10066222,1.55861501,0.03831673,-1.42205045,-0.94542954,0.30900554,0.86734973,-0.07473742,1.28793788,184.68,0
130757.1,-1.13511848,-0.37200224,-0.53881844,0.5971215,1.99632299,0.13144894,0.65345718,-0.31729713,0.13620173,-0.94834695,0.14247913,1.1747277,-0.45030347,1.44617511,-0.30005698,-0.28734983,-0.91485855,0.59476769,0.66808888,-0.58609995,0.7451559,0.43728475,0.84792899,-0.47818402,0.30885421,1.49956752,-0.1292077,0.18970986,141.62,0
130819.6,0.93518762,0.29761429,-1.03349185,-1.09361428,0.24355842,-0.67968737,-0.97997771,-0.0364613,0.22917682,0.85492507,2.10848744,2.14107446,-0.65657623,-1.06486768,1.89833208,-0.38317372,1.64429364,0.90853292,0.36581499,-0.75299417,-0.18447372,-1.50182638,-1.98033841,0.26282651,-1.31944838,-1.05331169,0.0679777,-0.68835632,753.24,0
130892.5,-0.0155833,-0.19607228,0.03645474,0.22798264,-0.64962608,0.40720508,1.05021344,0.7236926,-1.05371221,-1.55807365,-0.26061902,-0.16719829,-0.0855668,0.18386365,1.653358,-0.26615619,-0.2090241,1.47652739,0.90082903,-1.16223243,-0.12018744,0.20445562,-0.50651162,1.17142663,0.95154433,-0.59297758,0.1677666,0.30697055,268.91,0
131004.8,-0.03240211,0.85537797,0.07612825,0.45520648,0.08595637,0.61292871,0.40696439,0.88695479,1.7588307,-0.30289552,0.88510602,1.36276622,-0.04943268,1.88943174,-0.69384665,0.42987868,0.59762188,0.60701071,-0.84188873,-0.00315958,0.45764115,-1.29258194,-0.08989502,0.04355213,-0.10305087,1.19342174,-0.7128621,0.33874255,76.37,0
131079.3,-2.61375213,0.5372432,-0.70915953,0.26974296,0.16207926,-1.50677038,0.84557523,0.52009419,-2.64480267,-0.85003008,1.52692568,-2.13337198,-1.99026814,-0.94328068,1.63073478,0.40753477,1.05828104,-1.01662815,0.61707482,-0.14094565,0.11152289,-0.66135976,-0.33998283,-1.30103985,-0.08880761,0.08774156,-0.79422861,-0.07013468,290.62,0
131138.2,1.11251821,-0.00632824,0.12214675,-0.76266035,0.10804827,-1.62023279,0.06100857,0.42108472,-0.56067452,-0.0527877,0.66598557,0.89854417,-0.03231235,-0.9575967,1.1086372,1.11065046,0.5210439,1.60723845,-2.55376685,-1.29627904,1.6566271,0.67826923,1.10897553,-1.73389344,-1.83266962,1.34138216,-1.93670794,1.26011375,188.15,0
131386.8,1.02844725,-0.95366872,-3.08837336,0.21269971,1.55547986,-0.25840833,-0.12655688,-0.35695262,-0.15032432,0.01492189,-0.85963322,-1.26824532,0.35900798,-0.25429817,0.89032529,0.78643483,0.06619721,-0.82594361,-0.86702516,1.8111298,1.2201809,1.03571252,0.04264322,-0.21111099,0.57502173,-0.49202668,0.74779463,-0.2290985,47.93,0
131449.9,-2.04983936,-0.58736565,0.25598461,2.64202428,-1.2599064,-0.69304599,-0.40099176,1.59516268,0.36470978,-1.10938476,2.49733828,0.28817252,0.01393619,-1.14087051,-0.75295807,-1.29311793,-1.78374915,0.25568432,0.68337413,-0.89601148,0.33760111,1.18359149,-0.34826543,0.7208565,0.29071495,0.38981986,1.0071788,0.7280501,181.42,0
131755.8,-1.68372161,-0.4253108,-0.03321154,-0.00641196,-0.08910507,0.17719513,1.85362454,-0.88510662,0.42083832,-0.74688017,1.91688562,0.73018858,0.39989892,-0.13846335,-0.37727971,0.0332959,0.11342548,-1.70017304,0.78576011,0.81998238,-0.74669551,-0.24159774,0.72966344,-0.7535884,0.29597234,1.20929724,-0.08428619,-0.66487794,220.61,0
131939.8,0.68629964,0.56583632,-0.32570688,-0.12021081,-0.31092013,0.7954418,1.2720651,1.41691751,1.77921279,0.01073201,1.00728917,2.06142055,1.01239199,-0.59387516,-0.73892139,-0.87381181,0.59703473,-1.05581466,0.41130714,-2.50134951,-0.52719418,-0.61967274,1.13974156,-1.21040103,0.07887995,-0.49659867,-0.48340138,0.20794565,42.88,0
131986.2,-0.76206054,1.4773871,1.50721728,0.31644351,0.03213618,1.04456672,-0.81087771,1.669729,-0.81153239,-0.98041561,1.19219777,-0.25728335,0.66474678,-0.31896145,0.63508763,-0.60721862,0.44950344,0.93113037,1.26763409,-0.09938202,-0.82880003,0.93942462,-0.24615308,-0.44199313,-1.25028738,-0.20351143,1.54403916,0.13136679,312.65,0
131997.0,-0.51346326,1.00434822,-0.73429447,-1.032895,0.31060913,-1.73039902,1.11310155,-0.11064261,0.70028865,-0.28007104,-0.95734843,-0.59072318,0.27278159,1.40560186,-0.7501448,-0.07315217,-0.91033638,0.37811455,1.15941924,0.20028949,-1.06511886,-0.49617069,0.85438108,-2.1416438,1.74937738,-0.2648942,0.03902427,-1.5218256,130.17,0
132059.2,-1.25620619,1.89996489,0.97049935,0.98951837,0.10390193,-0.46834106,1.14161642,-0.25345124,-0.61001874,-0.67447966,0.83957075,0.01129862,-0.69692469,-0.59458035,-0.97989224,0.04443648,0.30853925,-0.08084865,-0.12890375,-0.59471772,1.62591722,-0.53631248,1.35740415,-0.44872227,2.11245737,0.61155662,-0.13994195,1.53115545,247.52,0
132140.2,0.90041978,0.80659804,0.96618403,-0.22975569,-2.2596122,-1.06311188,-1.75547591,0.03511673,0.38753088,2.05184531,-0.69534424,-0.49479196,-1.62985074,2.74724189,0.62064687,1.28398051,-0.41801321,-0.31183626,-0.26610519,-2.29545618,-0.76863211,-0.0375248,0.28959663,1.16070011,0.26404613,-0.62288151,-0.86115115,-0.641388,547.66,0
132211.4,0.51332895,-0.41393436,1.47245069,-0.66830656,-0.02746691,-3.17850023,-0.92596179,-0.99852675,-0.39033091,0.4433583,1.84129609,-0.98361931,0.13020045,-1.33948845,-1.09554646,-0.60897665,-1.04758282,0.40969911,0.87662486,0.35467966,-1.3184333,-0.13993234,0.14422397,-1.12466922,1.53144741,-0.13805549,0.8626874,-0.47473533,144.41,0
132233.3,-0.92680771,0.38269511,-0.60301397,-0.9598101,-0.5295951,-0.11303653,-1.38409463,1.13055777,-2.43454979,-0.71933548,0.92869547,1.1830136,1.52767156,-0.91426324,-0.12519684,-0.9583108,1.20645618,-0.39648908,-0.48247085,-0.17393907,1.34688988,0.04258049,-2.35792969,-0.56063955,-0.55961872,1.5639164,0.75452131,-0.52290949,219.35,0
132322.5,-0.76023759,-0.18499858,0.79969596,0.72689197,0.82779592,-0.62495407,-0.37244416,-0.16968637,-0.98454331,-0.23440161,-0.47495554,0.02584977,0.40067349,-0.11035052,-1.03178789,-0.57755219,0.17184028,1.11392906,-0.20369264,-1.40663292,2.43081955,0.11101722,0.72289887,-0.02918894,0.07143397,-0.45295011,0.3726607,0.61571872,118.09,0
132523.3,0.79728027,0.44424501,0.97756291,0.59394995,-0.10401318,0.17073197,1.38577697,-0.61865966,-0.36050952,0.19282619,0.94400158,1.1977894,-0.84197292,-1.3727641,-0.15196328,0.98173837,1.87997319,1.03806366,-0.84867157,-2.56231112,-0.57663798,1.24595182,-0.8928875,0.71839206,-0.18966347,1.13500614,0.8701881,-0.05981797,109.87,0
132698.0,0.48752895,0.98782527,0.01726421,1.26739721,0.46818006,-0.10424227,0.63972752,-0.10897031,-0.91207822,-1.51655238,0.21616239,0.68163782,-0.35434364,-0.28856919,-1.15272264,-0.30032908,0.91154902,-0.1690456,0.63191039,1.50771639,-0.0491041,-0.35829414,-1.55307087,0.22730334,0.21277618,-2.36945122,2.45098373,0.30626561,157.25,0
132957.3,-2.48280833,0.10324709,-0.72171269,1.37859903,0.88020487,1.09035085,-0.58122037,0.37679861,-0.77087526,-0.07943418,1.01628484,-0.06451013,0.23913126,-0.26748361,-1.31083413,-0.57046649,-1.36419667,0.42054365,-0.07346157,0.33212587,-2.49255976,-0.9782731,2.85806988,-0.15852527,-0.11748014,-0.34793447,1.69204863,-0.80031696,78.57,0
133077.1,-0.13585841,-1.2057422,-1.42021484,-1.13820481,0.17565543,1.03954223,-1.53723777,-1.02660328,-0.53005792,0.48882452,-0.76283123,0.45346999,0.64830513,0.24849722,0.96143303,-0.02072475,0.16158848,-0.12135683,0.26755021,0.47050851,1.60608146,-1.10199334,1.06601677,-0.36277727,1.13701613,1.29778978,-0.1336304,-1.42772182,91.89,0
133198.4,-1.02277426,-1.06799738,-1.15955501,0.29980078,-0.91859304,1.14815283,0.01974903,0.53089632,-1.05297468,0.21779657,0.87238187,-0.88671022,-1.37167558,-1.22974169,-0.03850032,2.44498574,-2.03339424,-1.04687601,-0.8937047,-2.24467964,0.97240364,0.34228627,-1.04718899,-0.24278458,-1.23504084,-1.62945321,-0.40521759,0.86435857,150.06,0
133326.3,0.02432843,1.24989396,-0.98585731,0.33643964,-1.91799864,0.38765388,1.37883273,0.31981306,0.93939945,-1.67394066,-2.33182295,-0.34815055,1.51568235,-1.15638941,1.37219989,-1.07486969,0.08986108,-0.15999095,0.32158473,1.33773583,1.24680887,-0.20733222,-0.80371398,-0.17305148,-0.70744985,-1.27018129,0.45472817,0.06136035,148.86,0
133336.5,0.82578058,0.25438776,0.47796523,-0.35206383,0.48580594,-0.30043198,-1.91224872,-0.78254165,1.37772452,-1.81787122,-1.03336113,0.70990668,2.5319911,0.53232527,0.96717407,-0.95304535,0.01246287,0.55830213,1.64498587,-0.48045671,-0.10430568,2.12197782,0.77781418,-0.33929194,-0.04069846,0.58086001,0.81558658,0.32240222,167.37,0
133497.9,1.32712284,0.2165281,-0.201287,-0.44961719,1.00815469,-1.71359398,-1.49581415,0.46872389,1.32935017,-0.05063688,-1.01705473,-1.64262237,-0.75132152,-0.94249427,-2.02410303,0.69351189,-0.09648039,-0.89884623,-1.81881854,-1.17289073,-1.2884908,-1.25055741,-0.06012931,0.6496717,-0.48715703,-1.78927346,0.62691964,0.84765724,87.35,0
133634.8,0.22618149,1.69802399,-1.96415965,-0.95918298,-1.58883563,-1.52953601,-1.07545485,0.34287127,0.02156081,-0.70365904,-0.07820098,-0.56752042,-0.24018579,1.24632478,1.09224282,-0.07926776,-0.54981192,-1.0350346,0.06860473,1.1955493,-0.87222301,-0.47551403,-0.21972659,1.07058244,1.10914574,0.50541331,-1.61144239,-1.82462508,334.45,0
133704.8,0.50428568,0.40848022,0.51851386,0.57680254,0.0332723,-0.42124411,0.97360826,1.98174253,0.71735044,1.22097658,-1.00665159,0.07856017,-0.21620423,0.19556733,-0.83593687,-0.66861519,-0.21698045,-0.36405633,-0.2470906,-2.16720306,-0.08101749,0.64744998,-0.49024304,-0.94901951,-1.14708259,1.39269454,0.57954162,0.70484883,505.5,0
133879.7,-0.72476224,-1.90355074,-0.52248659,-0.20241335,0.18150209,0.43019891,-0.44641171,-1.26634486,0.99452965,0.67795579,-0.9988787,-0.72507184,-0.16254307,-2.06226735,-0.2665925,-0.92350455,0.83906076,-1.9406433,-0.3634145,-0.63172718,-2.70754802,-0.12498015,-0.17697621,-0.20954763,-0.14147495,1.58355284,-0.76897859,-0.16369584,155.16,0
133891.2,-0.07210636,-0.8518273,0.48489829,1.08369278,1.40539897,-1.99415491,2.64016317,0.00129301,0.23972659,1.23202288,-1.67648689,-0.00749662,-1.53228768,0.84182524,-0.4902995,2.08010906,-0.69376604,1.08585209,-0.03284191,-0.42714057,0.10016454,-1.24308745,-1.56579038,-0.43150752,0.66889526,-1.17916492,-1.54140687,-0.10867595,43.25,0
134098.3,0.44194587,0.68903153,0.33132732,0.99773474,-0.31717955,-0.63514015,0.79263865,-0.27209845,-0.79995504,-0.52062053,0.44325466,-1.20243931,0.57950686,-1.36864903,0.1865517,1.12270971,0.30240397,0.8604815,0.17266742,1.52366826,0.30099021,0.6327939,-0.75352113,-0.44061844,-0.11023621,-0.52369348,-1.28923744,-1.5811313,624.55,0
134140.9,0.70266962,0.64188499,2.35661386,-1.92411026,0.57756636,-0.03995533,0.00121984,0.2333693,0.21026519,-1.0863506,-1.30925692,-0.04894823,0.11598546,-0.48082907,0.15570311,1.55616693,0.72002193,1.57167341,-0.08615989,0.08024233,-1.55499726,-0.39563444,2.0288777,0.01071007,1.58250718,-0.91092262,0.33663857,1.41620314,681.9,0
134277.7,-0.66634996,0.60404734,2.32024785,0.91964029,-0.09917179,1.07324553,-2.29439825,0.11944754,-0.48233868,-0.40056872,-0.55668578,0.02780476,0.08232313,-0.69714612,-1.37136678,-1.73034222,-0.10071471,-0.45595576,1.16737347,0.57571076,-0.00407155,1.08661808,0.45189957,-0.34370137,-1.47786865,-1.79411807,-0.40239372,-0.67658072,79.3,0
134355.4,2.25844093,-1.26627763,-0.74020975,2.32994651,1.23080747,0.37088321,0.04264676,-1.90441064,-0.44939192,2.48237197,-0.03296289,0.49774449,1.04166721,-0.94577458,-0.43438146,0.96674075,0.34646018,-1.72500165,-0.43555666,-0.51798892,-0.9404948,-0.18000815,-0.79510348,2.15196483,-1.19460601,-0.75495966,1.36287931,-0.98011989,324.42,0
134485.6,0.63967397,-0.25054892,1.47081429,-1.73617572,-1.34013345,-0.34787127,-0.71816531,-0.16227085,0.1070556,-0.45268024,0.27031286,-0.14459146,1.34427576,0.86515145,-0.13202915,0.03422608,0.18789636,-0.16395187,0.32373823,-0.37155066,1.53354918,0.61919039,-1.17883437,-0.59142769,-0.66891446,-1.76744334,1.48021288,0.90975585,106.0,0
134507.6,-1.93519678,-1.72920389,1.01918909,-1.08068413,-1.06787969,0.58502919,1.99305735,-0.57002625,1.25037718,-0.13149352,-0.13499394,-0.17683787,0.81603233,0.50356371,0.3155208,-1.22710279,-0.36160673,-0.25318296,-0.46140488,0.49492329,0.98224758,0.27675913,1.31105169,0.41225467,0.55533073,1.39899329,0.05549236,0.69750041,80.46,0
134507.7,-0.47854965,-0.12249591,0.49791762,-0.11256352,1.38103028,0.75102987,0.73689197,1.42768638,0.43658481,-0.6332211,0.01221712,-1.38413556,-0.02243279,0.26894195,1.55812171,1.20920687,0.14092937,-0.03291298,-0.04619578,1.5457339,-2.42414018,0.0166407,-0.29334648,0.41592723,-0.3707843,-1.11173997,-0.393171,0.00182116,251.84,0
134560.0,-0.4445599,-0.17623313,-0.97749894,-1.35621228,-0.14420747,-0.5402066,-0.65073945,0.89497832,0.61019599,-0.36149536,0.17082137,-0.25423181,0.28967352,0.89151165,-0.67178618,-1.28469245,0.35077822,-1.0238911,-0.9775913,0.47661076,-0.01705419,0.02970696,0.11085152,-0.63986426,-0.00069758,-1.15061927,1.19137634,-0.77942495,280.21,0
134583.7,1.48091021,0.09120993,-0.10518969,1.80736187,0.15307095,0.95000547,-1.00962232,0.77936518,1.16630391,0.76764419,-0.8036931,1.22939529,-1.25434299,0.40139062,0.31472802,-0.18955769,-0.63965508,-0.01017374,-0.41130702,2.06219084,1.33988806,1.77050715,0.04273872,0.03399459,0.31847775,0.77177065,0.42057867,-1.11771129,35.91,0
134601.3,-0.52087219,1.37461773,0.13933766,-0.39706132,0.44109926,0.36517931,-0.72660817,0.96646767,1.1447733,-0.39376764,-0.8670211,0.26499939,-1.37363327,0.6116266,-0.16861166,0.6897517,-1.12100497,0.04807131,-0.74618512,-0.1165395,-0.11474758,1.52372734,0.20467383,-0.73964938,0.10175771,0.46790475,0.15225527,-1.429044,104.08,0
134766.9,0.30440817,-0.50081689,-0.29494356,0.57402799,0.96198605,-1.03142417,0.68671715,0.66547895,-0.15035665,-0.28110188,0.73264785,0.42717006,0.40070299,-0.73179308,-1.72230325,-0.09400321,-0.27109888,0.4581482,-0.76451297,0.634697,0.40960908,-0.74012923,0.94502894,-0.34291649,-0.69646917,0.25086713,-0.01471276,-0.90505339,243.03,0
134837.7,-0.2321399,-0.54417306,1.01535898,-0.48925008,-1.54227577,-0.27388819,0.17500592,-1.12130968,-1.34428708,-0.65108313,0.85948669,-0.79969468,1.20253332,-0.41800206,1.91627801,-0.10874863,1.06562242,-1.23425197,-0.64559797,-0.83353223,-0.60002828,0.41843187,1.62696489,-0.82736997,-1.70505782,-0.44128259,0.4284638,1.03257657,1.39,0
134968.1,1.18013574,2.24487707,0.73904397,0.40886672,-1.05550077,-0.58641442,0.05695336,-0.26501091,1.11110964,-0.23881399,0.95895386,2.39884591,-0.73557773,1.15567221,-0.42490378,-0.26598735,0.46092264,-0.23875059,-0.05588881,-1.45914556,-1.33566106,-0.12562605,-0.24397824,-0.37793673,-0.96863487,-0.11862804,1.10410783,-1.04278798,181.2,0
134974.5,-1.20845004,1.70980616,2.66787843,0.40890659,-0.90413865,-0.34550017,-0.11838955,-0.87677235,-0.45372462,0.40903389,0.09794758,-0.11504646,-0.38472534,1.22395184,1.6939137,0.83587059,0.00459763,2.27936792,1.77249797,0.18062938,-0.20756895,-1.55732613,-0.63752646,0.87384533,0.9092577,-0.31655612,0.83661873,0.72237478,511.29,0
135061.9,0.57777787,-1.08652886,-2.35697738,-0.86622916,-0.3304751,0.85700162,1.3463802,-0.57501343,-0.20134152,-0.2779038,-1.25345908,1.34666367,-0.77530416,0.55781808,0.35380437,-0.43307249,0.72046344,1.42959199,0.60060482,0.47849803,-1.67962511,0.3053294,-1.04635352,0.40243652,-0.2852632,-0.22525716,-0.16451945,-0.815984,290.5,0
135150.3,0.84781822,1.7619496,-0.60469153,0.45568168,0.12302912,-1.38574906,-1.47430074,0.4954499,-0.31013426,-0.28235276,1.04179767,-1.62297273,-0.06015791,1.17140085,0.84316149,-0.2760127,0.46934971,0.62439181,-0.87555144,-1.47768446,0.86452932,0.05355562,1.81923519,-0.64374928,0.99602898,0.83015861,0.49260234,0.02878967,148.35,0
135171.8,1.07106802,-0.75785308,-1.97085595,-1.01277041,0.48612689,0.31379613,0.55820401,0.44933665,-0.9028179,-0.32428533,-0.36881635,1.19783104,0.94435331,-1.02705715,0.29794594,-0.16735511,-0.44520026,1.10762203,-0.7990552,-0.62333573,-1.16229721,0.50530713,-0.72624041,0.62714515,-0.64753867,-1.18362553,-0.38070652,0.89674942,9.8,0
135225.8,1.74076864,0.84769082,-0.71168059,-1.24065377,0.33521185,-2.60303865,1.31710311,1.03471147,-1.05432429,-0.03092923,0.63800112,0.49881478,-0.308795,-1.34198851,0.59149721,-0.94250661,-1.04747888,-0.85842959,-0.69605558,2.9758683,0.21160342,-0.32769771,-0.74089944,1.81667213,-1.05637925,0.69816397,0.48694527,0.99410656,0.65,0
135318.3,-0.8395334,0.57976079,-1.27919497,-0.7027597,-1.18047,0.20981806,0.03984222,-0.5672387,-0.57376327,0.43076386,-0.0061499,-1.1342563,-1.74726558,-0.17431178,0.07664734,-1.59939629,-1.72004161,0.42552679,-0.24901348,0.5950834,0.19519753,-1.53498063,0.27468529,1.05835719,-0.9044335,-0.34791962,-0.46320548,-0.24528616,120.69,0
135478.8,-0.07793223,-0.86355209,0.3145052,0.02676711,0.16047811,-0.88960956,-2.39831033,-0.56248333,0.67362437,-0.23226463,0.24797901,0.22015791,0.54139608,-0.43023835,0.08736556,-1.10436586,0.4557047,-1.31156414,-2.47661809,-0.90065565,1.31589017,2.06096538,1.98681545,-1.10246964,-1.06651464,1.01809718,-0.9898277,0.18974725,117.19,0
135481.1,-0.07236404,-1.00711213,0.2925357,3.1649421,-0.86972918,-1.49529977,-0.54650954,0.47248843,0.69334004,1.29036669,-0.2570124,-1.60225076,-0.4350298,1.24022269,0.46566265,-1.95693879,-0.03505151,1.39816809,2.12654814,0.56168664,0.30930231,-1.24020567,-0.84324287,0.04691586,0.50319774,0.58018419,-0.47820856,-1.15194223,106.45,0
135485.0,-0.88721949,1.32386348,0.9111924,-0.19551448,1.14954588,-0.9120838,0.16754999,0.7118442,0.69662401,1.24806469,0.14130727,-1.07206049,-0.20334424,-0.61672544,-1.35512314,-0.19036542,0.95065976,0.00850706,-1.51688573,0.25315082,1.48708718,-1.16247938,0.14215042,-0.70062348,0.15431732,1.04369645,-2.67126536,-0.12220433,19.61,0
135623.5,-1.74852302,1.28527636,0.75604839,-1.50765886,0.34550717,-2.06134351,-0.08449898,1.03856649,0.76012733,-1.30916619,0.64848414,-0.20252294,-2.17887991,-0.08226298,0.22446481,-0.67119752,0.03860045,-0.55635164,1.22325951,-1.38090768,1.13737558,-1.19691693,-2.80678503,0.23380472,-0.5183805,-1.11944496,1.46013295,1.48555012,463.68,0
135675.8,0.90358102,-0.27218927,-0.10481047,-0.01267046,0.27298075,0.08684941,-0.05796939,0.20530616,-0.17573721,-0.74666568,-0.88242977,1.08340729,-1.32948307,1.17144463,-0.74215649,2.51374019,0.34083524,-0.86515752,-0.12581855,0.149619,1.26549175,-0.05152742,-1.5658593,-1.21478693,-0.42749654,0.32597716,-0.33130272,0.12285555,388.45,0
135761.1,1.44498121,2.7290195,-1.5279029,0.34950555,-0.38630187,0.50509033,-0.5651437,-0.45103189,-1.82282804,0.10817367,-1.49792202,-1.30966895,0.08687008,-0.12134916,1.02708993,-1.3531296,0.42101203,0.32250014,-0.30237118,-0.80363545,-0.07909241,0.88398591,-0.37375574,0.84729502,-0.27380817,1.72479557,0.0268035,-0.17554238,314.71,0
135866.7,0.90973843,-0.14670972,1.47071342,0.16610056,0.38426082,-0.30882631,1.09577234,0.2212365,0.15721808,0.2987148,-0.19535455,0.09727508,1.10428533,0.65544457,-1.09633548,-0.15512929,1.57555622,0.29670483,-0.01704128,-0.62156874,0.51876173,-0.05361513,-0.21420966,-2.26733282,-0.83408373,0.41046256,1.03080911,1.03202027,59.97,0
135954.5,-1.26900616,1.03069748,-0.35317591,-0.79106609,0.80083462,0.76635413,0.24010043,0.13903898,0.30676711,-1.01913671,1.65250268,0.91290875,-1.62331824,0.44788039,1.26355889,1.05715503,0.07642979,-0.07125206,-1.07414689,0.35815507,-0.00314801,1.18915597,0.93632862,-0.15482837,-1.1323829,0.47488696,-1.03307085,0.50292698,169.0,0
135967.2,-0.18046148,0.48554398,1.48364046,1.192614,-1.10378948,0.68189261,-2.0359703,-1.23536772,0.34381546,-0.81825631,0.59090036,-0.60597693,-0.5225978,1.44696214,-0.5613743,0.6522495,0.75648433,0.34569843,-0.36289937,0.79438098,-0.3461894,-1.14606664,-1.47823111,-0.10053265,-0.76704116,0.60348626,1.37077488,-1.56293998,320.23,0
136005.9,-1.41733386,0.63008519,0.54954638,-0.39624416,0.19354456,-1.10263221,-0.76589076,-0.0175387,1.10022401,1.96130563,0.44531308,-0.79167237,0.52594084,1.21733256,-1.83019018,-0.95969731,0.78494674,-1.27575004,1.50256585,-0.35036752,0.8281104,0.241742,-1.39666222,-0.94512731,0.6953796,0.34215044,-0.99581636,-0.89147595,355.42,0
136073.4,0.97618419,0.82642336,-1.92983424,1.24775416,-2.12448093,-2.08415797,2.01092539,-0.03866995,0.71577507,0.87514049,-0.50186953,-0.29393676,0.43966918,-0.67232648,1.04450845,-1.35023017,1.09169444,-0.35400548,-0.25309598,-0.74468508,-0.02737655,-0.06805132,-0.30810167,0.43947379,-1.93918252,-0.11505569,1.22528927,0.42636698,111.71,0
136257.2,2.81151904,0.07613168,-1.80806835,-0.60686769,0.24594478,-0.35079642,-0.8739552,1.41775314,1.60268034,-1.068149,0.09892432,-0.4284939,1.48481894,0.23745432,0.59728196,-0.93503493,1.32749825,-0.29895242,1.86292299,1.0924556,-0.65095929,0.52691903,0.24342133,-0.22129929,0.74987295,-0.02547221,0.02813081,-0.63154152,98.1,0
136270.0,-0.97175322,-0.84859368,0.09537,-1.14011564,0.59932383,1.60230679,-0.76867587,1.4937875,-1.81636556,-1.26863168,2.18949381,-0.14485299,0.13822319,0.08220416,1.90755044,0.38827312,-0.72229986,0.13360869,2.22825212,-2.16565711,-2.78579787,-0.32377113,-0.0742149,-0.67022268,-0.24526349,-0.29409023,-1.45990173,-0.37478241,614.1,0
136457.0,-0.61538458,-1.7341727,-0.52224106,0.54390285,0.71731449,-0.62801057,-0.58013401,1.66847186,-0.24553187,-0.74708366,0.23495578,-0.67050189,-0.70610674,-0.48330286,0.49997592,-1.30555714,1.30909444,-0.42828608,2.23264996,0.35024777,0.28744252,0.17344687,-1.22060354,1.27560088,-1.75567459,-0.3812309,0.57950439,0.56749002,11.58,0
136525.8,-0.82986249,0.43258453,2.06255222,0.58549576,-0.39082824,-0.48674697,-0.45047011,2.06911546,-0.46357314,-1.19115065,-0.48659914,0.84313762,1.8091875,1.44028916,-1.72830284,-0.96481362,-0.77752788,-1.20220712,0.5945694,1.29991618,1.71053192,-1.51248408,-0.24226175,-0.77896063,-0.7588305,-0.62635347,0.00662933,0.78438945,44.53,0
136614.5,-0.69640613,0.31273618,-0.06920386,-0.93605273,-0.81399732,1.02369448,1.24492861,2.33589047,-0.43134243,-0.67897768,-0.38085467,1.80732136,0.04752836,-0.45918752,-0.28805609,-1.12948641,0.42410584,1.19124605,-1.09475779,-0.21737773,1.48621926,0.02354779,0.07394607,0.71078334,-0.77931227,-1.58241599,-1.99754125,-0.00555749,226.95,0
136620.7,1.45919698,0.78824849,0.86103629,-1.31549032,1.62875011,-1.51164259,-0.43519302,-3.77308446,-0.43922319,2.08167615,1.449706,-0.23844809,1.24395657,-0.25439738,-0.80336065,-0.43254287,-0.64067233,0.44620869,-0.41869435,0.59128895,1.09154743,0.75235794,-0.14117757,0.05257342,-0.118086,-2.11968434,1.39116697,1.28495123,302.18,0
136916.9,0.06898781,-0.59297225,0.86754144,-0.08184693,-2.15383669,0.48727059,-1.55755674,-1.54676143,1.19577562,-0.61380035,-0.22581668,-0.98698621,-0.26554186,-1.97194344,2.16408501,1.54409128,-1.02909568,2.28883296,0.64278525,0.42871462,-0.08286308,-0.48964449,-0.48073599,1.7459492,-0.36011417,0.88105155,-0.35375765,0.97579205,202.93,0
136941.0,-0.25137729,0.19544198,0.35542115,0.95723486,-1.00863555,0.12720914,2.20535379,0.69192198,0.87056288,-0.01918727,0.76762701,1.80398979,0.10664199,1.2239784,-0.87513938,0.59009877,0.90421668,-0.75200338,1.0981242,-0.6752466,-0.80523926,-0.00119235,1.93198974,0.30915295,0.93578478,-0.73179772,0.07749746,-1.17655637,54.78,0
137005.0,0.08514274,1.3084609,-0.03747081,0.39637735,-0.93165246,-1.52730106,1.90025851,-0.31993293,0.58189911,-1.2331795,0.63304213,1.2128076,1.57761527,-0.48132645,-0.70475611,0.17988838,-1.18259661,-0.20179059,-0.51891837,1.52710352,-0.45232181,0.08923113,-1.15265773,1.22076567,-1.07552758,0.88972338,-0.83880613,0.97940343,343.7,0
137018.3,2.19091458,-1.65102276,-0.69729331,0.14767883,-0.46245048,0.6773064,1.06900688,0.00665504,1.47423014,1.18277653,0.78487604,-1.60773852,0.22769089,0.42778896,-1.87528451,-0.48664543,0.9561685,-1.80078646,1.22015875,0.27765222,0.49658806,1.43397819,-0.19559347,-0.78616522,-1.17602343,-0.55283551,0.62963424,-1.34686931,275.19,0
137049.9,0.54525374,-0.26665088,-0.15864868,-0.80093055,0.19116465,-1.23603904,-0.68980899,1.03042006,-1.9948871,-0.02889559,3.29493326,0.22257627,0.56364614,0.83469082,1.13448138,-0.07219467,2.12688373,-0.17950482,1.50319921,0.04195849,0.46013242,-2.17775043,0.22262603,-0.95416921,-1.36167753,0.37405346,0.00097838,0.61702317,146.76,0
137079.4,0.32269426,-0.12618933,-0.88115836,-0.80309114,-0.03564881,-0.81754985,-0.87747049,0.26491672,-1.54391924,-0.90081896,2.08850951,-2.12066208,0.94347254,0.23963234,-0.84061974,0.79941777,-1.23499441,0.19354576,-0.18738557,-0.08396267,-0.09463254,0.63385917,0.73627613,1.40151942,-0.52293483,-0.05495625,0.57043188,0.6353015,286.3,0
137115.9,-1.1315854,-1.00426532,0.07930106,0.32865164,0.40106532,-0.97966934,-0.01305428,0.31159418,1.47610978,-0.46735031,1.28036225,1.15201854,-1.68804499,0.0141774,-1.28117377,-3.44883445,0.35840752,0.18307191,-0.37529141,-0.32074267,1.63887158,-0.46776118,-0.24474786,0.19643158,-0.7087168,1.26002872,1.26998213,0.38475341,339.85,0
137497.6,-0.16774505,-0.64495047,-0.32530571,-0.24030768,-0.6844575,-0.66026406,-0.69996417,-1.59929731,-0.30222093,-0.79839568,-2.50330947,0.71708294,-0.75527241,-0.3348523,0.05718366,-0.78474941,0.29731498,0.29275567,0.37879362,-0.25136944,-0.04470637,-0.13466272,0.99501026,-0.15736755,1.65735748,0.29922884,-1.37426901,-0.65955873,287.26,0
137589.3,1.49702223,0.40976891,1.49590393,-1.8815573,-0.04452177,0.1198445,-0.41943317,0.1132724,-0.76456388,-0.24760502,0.05097127,1.09750646,0.9712426,0.21344722,0.50562489,-0.82498903,-0.50072348,-0.95923732,0.92478404,1.51949958,0.32813668,-1.38591734,-1.46607633,1.04480704,0.05189272,-0.7332375,1.24496455,1.78678279,413.43,0
137651.7,1.31282508,-1.30768662,0.18605547,1.06860254,-1.25544021,0.38220067,-0.71681282,0.51869912,0.42473469,1.04016296,1.68185727,1.41781343,-0.18835066,-0.24505556,0.12852285,-1.54699753,0.73111272,-1.68105954,0.32840808,-0.14845827,0.8597246,-0.42069544,-0.86823272,-1.18056348,0.21722117,0.06404251,1.13793661,1.6079927,145.07,0
137666.6,0.5719232,-0.7237142,-0.846761,-0.52674315,1.66066427,-0.78002665,0.48191768,0.27368207,-0.01288027,-0.37931062,1.33178217,-0.11672021,1.67955071,0.10933736,-1.33525335,-1.68278987,-1.00111608,-2.59084224,1.9155025,0.26538621,-0.37210184,1.22594294,-1.57892626,1.30227409,-0.8528589,-0.22229129,-0.18282509,-1.9658727,265.31,0
138158.1,0.96921686,-1.6272205,-0.17717035,0.73739195,-0.27214274,-0.90890835,0.7244782,0.2384385,0.14784476,0.15246307,1.09517324,-0.34229058,0.50225758,-0.94442656,0.35846375,0.67925922,0.65271148,-0.38428049,1.13612548,1.32702349,1.11062409,-0.00782724,0.40688161,-1.16357154,0.46566736,-0.42328387,-1.51849835,-0.61295617,416.28,0
138369.1,1.1255027,0.25598882,-1.3213093,-0.14060318,1.03979641,-1.54080833,-0.22526938,-2.07148983,0.76152139,-0.52866589,-0.07185865,-1.61486153,-0.93858939,2.36798114,2.45741944,-1.12632864,-1.51570493,-1.36136601,1.18205677,0.97882335,0.54638235,-0.67482852,-0.50835109,0.01221118,0.96786566,-0.44199382,0.30686166,2.50681122,1.76,0
138677.3,-0.09429818,-0.01374338,0.13501044,-1.78393619,-0.290795,0.45680386,-1.10070639,-0.05994253,2.6773586,-1.16736569,-0.08991512,-1.37032987,-0.79443669,0.56233735,1.0310958,-0.24500025,-1.16512065,-0.72961636,-0.00938193,0.18162099,-0.33653088,-1.05364218,0.86729307,-1.14233017,1.39378705,-1.44402829,-0.29695909,0.13244519,286.11,0
138720.4,-0.34352685,0.51864594,0.96595074,0.22277673,0.94356628,0.47301371,-0.35380647,0.05277886,-0.39152086,-0.39094264,1.40560768,0.49084617,0.35849306,0.04788746,0.41582415,1.90286544,-0.58126975,1.52742378,0.67929405,0.07881063,0.10992383,-0.83682245,1.2933405,2.65479663,-1.41748214,-0.71349497,0.04007629,-0.80735184,25.87,0
138823.1,-1.59925545,1.15719979,-1.47576274,1.91043384,0.55206465,-0.91327607,0.48766383,-0.69102747,0.42007525,-0.0007745,-0.61605608,-0.77976856,-2.41886676,0.44001327,-0.22331917,1.42644366,-0.24470236,0.49343538,0.00811751,1.28950341,0.40378809,0.41903236,-0.57349356,-1.59514722,1.66935908,0.67532334,0.98194109,-1.09499771,91.19,0
138825.6,-0.08181861,0.95817648,1.90238396,-1.38119773,-0.40102557,0.85007666,0.51894847,-0.13989874,1.86571221,-2.2568548,0.02424984,1.24297441,1.94330684,2.03748669,0.2539066,-1.16269756,-0.85726712,0.13170748,0.47921391,-1.27416591,-0.29692356,-1.56219295,-0.77916133,-1.00404526,1.1140345,-0.1047629,-0.29531828,-0.14874471,127.19,0
138893.9,-0.43485593,1.01311711,1.33851583,0.52256006,-0.58050009,0.08782765,-0.32395637,0.50974671,-1.18482993,1.75759294,0.3255986,-0.39171984,0.0488902,-0.03620107,-0.69825819,1.07063534,-1.33024578,-0.83341634,0.75226046,-0.70567236,-1.07100458,1.5707563,0.63950445,-2.07173532,1.00700161,-0.07257536,-0.34394679,-0.20859795,116.76,0
138976.0,2.67799636,-0.65393505,-0.67534386,-0.77957811,-0.06075347,1.29285379,-0.19373472,-0.59857515,2.13809073,1.84623626,-0.11993196,-1.74496592,0.91329199,1.75845555,-0.52554256,0.64102629,0.28408672,0.58120765,0.65685538,0.23011095,1.15229663,-1.05909901,-1.71388132,-1.4765395,1.90188369,-1.04310643,1.16753108,1.17396755,551.54,0
139259.9,-2.56497309,1.15095536,0.87909154,-0.76672881,-0.68682966,-1.66884068,0.03770301,0.41124178,-0.20233458,-1.23888455,0.45392626,0.81013721,0.16849098,-0.62368565,0.33961094,-0.94003708,0.27547823,0.37772815,1.06088265,1.8585499,1.84552978,0.88515445,-0.53079203,0.66793092,-1.40980321,-0.00686509,-0.12337453,-0.5023806,214.16,0
139279.6,0.1561963,-2.07209251,-1.83314149,-1.39809683,0.81852626,0.07299689,-0.5052464,0.8114508,-1.34385174,-1.07694294,1.11162829,-0.17693075,-0.50447518,0.33995674,-1.2220339,1.12949818,0.35132188,-2.74688912,-0.85920815,-0.85055152,-1.13910086,0.21199823,2.24446011,-0.1535259,-2.48253643,0.50607477,-0.68893767,0.61872113,83.2,0
139344.5,2.38482328,0.48881135,1.12150998,0.17650949,0.32334193,0.42636319,1.47534907,2.31374441,0.50170115,-0.67248425,-0.19586836,0.68001537,-1.77063046,1.13605569,0.60785366,-0.4468466,-1.1192961,0.80972645,2.04458048,0.10982787,-1.32987297,0.49637589,1.57546742,0.90969092,0.03954195,-0.04771145,-0.06561177,0.9780516,94.15,0
139406.2,-1.83485401,-0.71358975,1.18408152,-0.35541164,0.37155871,-0.3703998,-0.06321491,0.03829407,1.43459038,-2.03678754,-0.92576093,0.20475569,-0.11119245,0.06023717,-2.58508394,-0.18575012,-0.97665555,0.45180181,0.9107241,-1.39225584,0.37227615,0.3776508,-0.34864804,-0.24373222,0.83461403,0.87430888,0.18809451,1.18017528,702.67,0
139532.7,0.64153775,-0.42297691,1.15156686,1.48270175,1.22002489,1.74641827,-0.11297704,1.31750917,0.82384165,0.19491125,-0.99349966,0.85539651,0.29268934,-1.81329999,0.29433489,-0.57911157,-0.77825663,-1.48403876,-0.71740144,1.19810604,-0.74384477,0.9334558,-1.05610868,0.6105117,0.75559916,-0.25913306,0.358303,-1.86387025,96.95,0
139576.4,1.90789374,0.09668745,-0.4548642,1.69833787,0.15060315,-0.43201735,0.59511767,-0.23614686,0.14009245,1.83591409,-0.04908658,-0.77935259,1.32210238,0.50438201,0.85236591,0.47299117,0.25175714,2.50551126,-0.08045868,-0.40676793,0.41161635,-0.89038208,-1.36657242,-0.74295932,0.88335348,-1.69823407,0.52434247,2.04975657,141.07,0
139594.4,0.33120498,0.02866213,-1.0511815,-0.38040957,-0.3789398,1.05194309,0.80599343,0.09485309,0.65179896,0.35122714,-2.72561285,0.00747243,1.05332422,1.62499419,0.21541383,-0.76021244,-0.05689665,-2.30329375,0.10125022,0.88099896,1.20860082,0.34630429,-0.64214522,1.55656879,0.02499911,1.79234603,-0.92310503,-1.59297132,161.16,0
139689.8,0.76676975,0.60892096,0.20400584,-1.21829871,-0.08323109,0.86762652,0.15873778,-0.58261662,-1.15467176,-1.39593223,0.63220379,-0.6255789,0.90614548,1.67061459,0.59647034,-0.05039461,0.7086756,0.85162884,-0.65919979,0.50009258,-0.2851164,-0.21219854,0.336238,-0.53080417,-0.74519493,-0.1648082,-1.70125588,-0.215825,600.06,0
139710.8,2.01383476,0.06094683,0.12911078,0.56083174,1.1665593,-0.19813475,-0.15701574,3.14903546,-0.48019888,-1.37276068,0.13924733,-0.56239012,-0.16908679,-0.11917779,-2.28232361,0.08608717,0.2293264,1.18490475,0.17272676,1.15632253,1.64190151,0.52522963,0.46181293,-0.32980865,0.62252432,-0.33048284,-2.34788111,-0.12643247,372.82,0
139728.0,0.95512074,0.91339665,-0.04167042,2.41156276,-0.32237914,-0.59611299,-0.02148654,0.62030943,-0.29326316,-1.42422754,1.70056537,-0.5067852,0.11737982,-0.07003593,-0.56764788,-0.08985035,0.43418157,-0.99220559,2.10955554,-0.04464224,-0.40945382,-0.68646053,-0.18586454,0.36419555,-1.13281974,-0.84298597,0.37427988,-1.6197767,254.07,0
139735.5,-1.14899901,0.34612379,-0.33225083,0.09246955,-1.76319486,0.42473179,-0.16778172,-0.98997052,0.671155,-1.51289593,-0.26834014,-0.14383482,-0.20314482,0.30083026,2.33377557,-0.08620714,2.11442054,0.97910022,1.00507504,0.20310694,0.2026369,-1.69184348,1.42758593,-0.19555539,-2.75832179,1.50824182,-1.49282015,1.35871131,290.19,0
140030.9,-0.04860431,0.46043632,-0.7864418,-1.32942685,0.74016122,-1.42627085,0.99081387,-0.86373509,-0.20796152,1.73562992,0.25525382,0.50994942,-0.27146571,0.85602397,-0.26253776,-0.93149366,-0.98993514,-1.56481218,-1.25910467,0.67065095,-0.08398618,-0.9559804,0.7844408,0.18119514,0.44404777,-0.99312804,-0.46363941,0.34916376,20.06,0
140093.4,0.21444136,-1.35774127,-0.09857675,-0.62314357,-1.76345187,0.61211111,0.68833798,-0.82554977,0.23940061,0.57079674,0.30570049,0.14357611,0.04744271,2.15046208,-1.19977839,0.24052419,-0.48854191,0.00705777,-2.12090498,0.12905507,-0.61143763,1.1658213,-2.07293893,-0.79541168,0.02490103,0.56800473,0.63800606,-1.54520246,449.45,0
140118.9,0.51484232,-0.4565281,0.76377157,0.29199778,0.01535557,-0.45107979,0.16078212,1.33388918,1.28021365,-0.22891694,0.86009599,-1.98528055,-0.40012521,1.17491825,-1.46562657,-0.61047725,0.35044708,1.56362925,0.37990878,-0.22323349,0.10338729,0.89761255,-1.47090025,0.50507787,0.626153,-1.52922458,-0.08712252,-1.40706955,28.24,0
140291.5,0.69437234,0.10629523,0.30984777,-0.38907524,-1.11618711,1.6632496,0.49791903,0.87249284,-1.22117684,-0.42441066,0.91676018,0.05585052,0.24186398,0.16854466,1.84317866,-0.30889875,-1.41970523,0.36752781,0.37229351,0.80255233,0.30821553,1.98657017,0.31765365,0.57692594,-0.2276265,-0.32320068,-1.30113384,-2.12339012,304.85,0
140306.5,-0.99434411,0.39417121,-1.01780205,-0.06541596,0.49368244,1.37784242,1.28901413,2.13429051,0.50390421,-1.81208123,-1.39113914,0.47306338,1.40140967,0.22412687,-0.39417627,-0.10923259,0.06346869,2.84706945,-1.30112366,-0.17447643,0.39309605,-0.23611157,0.03713648,-1.92900113,0.38964726,-0.81542523,-1.48580508,0.98437389,131.54,0
140341.0,-1.20657427,0.08685294,-1.36284186,-0.80276733,0.12822874,-0.49853758,0.04875568,-2.59648565,0.50507354,-0.37871254,-0.51166357,-0.36735538,-1.69046239,-0.60526773,0.37588439,0.36676294,0.16102285,0.57066809,-1.80422674,-0.74728485,2.72851847,0.60999117,-0.94993743,-0.03671528,-1.00821299,-0.28898186,0.01231485,-0.00441366,100.95,0
140377.6,-0.74949855,1.0435405,1.07693706,-0.15100355,2.04864255,-1.56320008,0.51169409,-2.79559735,-0.17690629,0.79287546,0.01201245,-0.21963654,-0.56496183,-0.07130144,-0.38080644,-0.7445772,-0.28601347,0.19443127,-1.25859487,1.06653045,-1.00505395,0.04018443,1.70906041,1.20424668,-0.40469843,0.17952741,-1.99143523,-0.23000957,314.35,0
140444.4,-1.27446311,-0.49243393,0.16930734,-2.030611,0.54291275,0.2113147,3.01446358,-0.57261798,-0.45448651,0.97233074,1.1572182,0.24721425,0.00967145,-0.64090437,-0.06910663,-0.14584819,-0.84701659,0.48210258,-1.14443448,0.08064507,-1.18960952,-0.80445921,-0.13775661,1.34132438,-0.32442527,-0.5285953,-0.74383401,1.49147597,70.16,0
140607.5,-0.22941391,-0.80835139,-0.31658904,-0.27729359,0.33366938,0.37346687,-0.216824,0.59776978,-0.41611473,-1.12112353,-0.47438702,0.2676735,-0.47742976,0.42783826,-1.01328354,-1.15667364,-2.62437352,-3.39476297,-1.0915099,-0.3922906,0.5527776,0.67073389,-0.31636067,0.10059653,-0.08781323,0.10746232,1.20194283,1.39013244,377.04,0
140624.7,0.56697074,0.23550757,-0.60963511,-1.22513892,-0.6948127,-0.32998874,-0.58844133,0.77887331,-1.96688997,-0.65054763,0.79080815,-0.37005137,-0.11150739,0.63981447,1.48631577,1.21533406,-0.76072749,-1.88952968,0.04541458,-1.02412582,-0.48482883,-0.83076997,1.11220471,-0.50808081,-0.19636829,0.96355097,0.43254556,-0.27301447,155.3,0
140659.4,-1.16860521,-0.24236738,1.55172757,0.18328782,-0.72924573,2.35254067,-0.32575556,-1.46875835,0.45682758,-0.25982753,-0.85227837,-0.00428314,-0.05926884,-0.21102373,0.26058621,0.15911121,-2.66434549,-0.29916054,1.31001143,0.54437227,-1.06768032,0.19962678,0.1722448,-0.62899084,0.04845232,-0.81176814,-0.89430911,-0.70804962,119.6,0
140753.4,-1.88390825,0.46219286,-1.30335021,-0.19885757,-1.92745327,-1.0571777,1.01339219,-1.70001189,-1.22289173,-0.15233262,-1.01458059,-1.64015446,-0.55823149,-0.64639999,2.5530917,0.07465558,0.39738409,1.3987945,0.928129,-0.48243182,-0.04764907,1.23201922,-1.53059769,-0.57811647,-0.64332026,0.86764878,-0.28930395,1.33821412,288.48,0
140759.4,-1.40987182,0.10791482,-0.62626809,1.76840319,-1.06452658,0.64894797,-0.31868492,-1.54443667,-0.33128008,0.05551106,-0.46506323,-1.02183867,0.52832365,1.39649531,0.08090189,1.42332795,1.95821465,-1.95235268,-0.40793535,0.23716172,-1.42430316,1.87388884,-0.4824533,1.54192588,-0.9507308,0.82411083,2.00492382,-0.24917974,146.28,0
140891.1,0.01282779,0.52999564,-0.74962842,-0.1268302,0.0248572,2.1388609,-1.13956048,-0.13405511,0.01945105,-0.75432992,0.35244388,0.01417367,0.11953003,-0.72217572,0.73458879,-0.93045226,-0.37214624,0.84735652,1.39788621,-0.75023062,0.62284512,-0.08533425,1.04398725,0.1114612,1.69705344,1.53261178,-0.97324104,-0.32678675,99.63,0
141155.8,0.00019316,1.21303656,-0.44793317,1.2000181,-0.12557736,-0.31688158,-0.02931934,-2.00315527,-1.06988469,0.25098739,0.44185307,0.07003384,-0.15850946,0.26252144,2.0801149,1.52597788,0.15661464,-0.80442558,0.70079792,1.64979619,1.44740096,-1.41103877,-0.0703036,-0.60530778,-1.12560379,0.36775257,-1.08437503,-0.11336946,112.6,0
141212.3,-0.28565265,-1.54436906,0.58150875,-0.60488015,0.39232481,1.25447882,-0.38443727,0.37327034,-0.44764836,1.01770405,-1.14984927,0.53518592,-0.29475819,1.71199264,1.49871521,-0.35530956,0.52333037,-0.67753541,0.06437551,0.88677667,-0.7712811,-0.20660159,0.8419061,-0.26597784,0.53751246,-0.10664422,-0.07777521,0.07417293,75.95,0
141246.1,-1.46213371,0.24204933,-0.65904376,0.5293422,-0.65565216,0.32319381,0.08035297,-1.24695132,-1.12756385,-0.04649064,0.40157696,0.04915812,1.18274629,0.31421559,-0.57901898,1.40487459,0.12162148,0.16753701,-0.67941856,-1.47026314,-0.04743164,-0.07082602,-0.19453118,-1.14250342,-0.71380316,2.317277,0.73299142,0.32721323,47.96,0
141342.8,-2.024096,-1.3586652,-1.47952383,0.56705537,-0.45742392,1.06845511,-0.14207387,-0.4678858,-0.99593776,-0.16807498,0.41388493,1.38007827,-1.61925248,-0.30829293,-0.69675296,-1.85242144,-1.101965,-0.0069518,-1.6941702,-2.90550018,-0.36282194,0.1476896,0.05313945,-1.05312707,-1.95229447,1.59177152,0.357623,-0.85714152,448.62,0
141530.9,1.17827875,0.50861165,-1.99545374,-0.15745846,-0.01524136,-0.230772,-1.85790089,-1.46680867,0.35448247,1.87618389,-0.31983135,-0.19636635,-0.2306705,1.28179058,0.14728484,-0.34282443,-0.31030891,0.06456008,0.17893494,0.51009267,-0.54319741,-1.37941726,-0.90588388,-0.15740808,0.82740103,-1.23394486,-0.40774036,-1.03581738,304.81,0
141568.7,0.46662661,-0.10516331,0.85352824,0.13891772,-1.11064433,-2.26161178,-1.26202684,0.95808331,1.36044056,0.70394272,-0.32318291,-0.33242057,0.2743686,-1.92947545,-0.41020865,-0.299658,1.73810644,-0.17704183,-0.60652399,0.86641987,-0.8160355,0.86276697,-1.05563105,1.63530815,0.20733273,-0.42435928,1.37798052,-0.34654606,274.0,0
141630.2,-0.40512885,-1.12352592,0.08069989,1.18721459,0.14541459,1.37412513,0.94122688,-0.2937489,-0.28865131,-1.35633663,0.07728978,1.95128199,-1.59552505,-0.10970645,1.08709078,0.30361377,-1.74394871,-0.09110607,0.54820521,0.20105727,-0.28503583,0.03037625,1.41571349,-0.87046075,1.65117298,-0.55870238,0.06149257,-0.12516214,305.34,0
141871.4,0.54670372,-2.3261592,-2.12822398,0.35389051,1.41757202,0.6031872,-0.43697906,1.41083867,-1.06499817,-1.77473389,0.23794001,1.31969356,0.58758959,-0.78043369,-0.15688328,-0.47094917,-1.06389569,0.58150669,0.44838498,-0.86672169,0.07881595,1.52055389,-1.91585906,0.20207348,-1.44124497,-0.07403258,0.14767742,-0.37750922,60.7,0
142019.2,0.58176521,0.80791783,-1.67933832,1.8192314,-0.79429155,0.58279611,0.96384854,1.77469874,-0.39666956,-0.20131693,-0.30176106,0.6046522,-0.99625917,-0.8978975,0.46151773,-0.37641424,-0.62527722,1.20555555,-0.66872789,-1.23774094,1.08231596,0.06149032,-0.16048258,0.51747139,0.13761019,-0.16286767,-0.12898022,1.1281676,111.98,0
142026.7,1.64593103,0.48473682,-0.26746861,0.69775327,0.6572768,-0.41960113,-0.13337786,0.74014365,-0.33400853,0.52657022,0.78987615,0.7946077,-0.15437024,0.846801,-0.6461641,1.48347371,-0.99671461,-0.11818441,1.92448599,-0.88201791,-1.22183588,1.11841955,0.35262333,-0.37280878,-0.46723846,-1.09894751,-1.47530264,1.21168081,136.59,0
142136.2,0.94112583,-0.5215836,-0.02844641,1.07230115,-1.46099977,1.15363494,1.16669742,0.63125281,-1.86219959,-0.29033846,-0.35434687,-1.07850139,2.73741261,0.55944428,-0.86332012,0.60283494,-0.33280406,0.83137664,-1.42016262,-0.8927018,0.09008759,-0.3093333,-1.2586866,-0.78240139,0.54152366,0.536939,1.4480117,0.17967235,181.06,0
142200.4,-0.30250611,-0.17718581,-1.02418949,-0.39427766,-0.8631423,0.16692436,-1.0953879,0.33819204,2.0130225,-0.02307293,1.82935624,0.28205143,-0.88887007,0.50891774,-0.27776444,0.54301728,0.2812026,-0.89867199,1.61162819,-0.78652797,-0.25998775,-1.29360784,0.3498303,-0.26371901,-0.31969072,-0.88479761,0.04577267,0.28266973,216.35,0
142330.6,0.98768889,-0.4678357,-0.61135852,-0.82088571,-0.60617427,0.49357999,0.42726731,0.05195741,1.87319911,-1.24873451,0.2860559,-1.32832867,0.56362735,0.5733657,0.13576346,0.50611084,0.58458006,0.48397426,-1.3840463,0.87745244,1.74877569,1.1237216,-0.26019024,1.9660047,0.24721895,1.17237495,0.68273947,1.44278855,310.05,0
142333.2,0.59203355,0.33929758,-0.08441945,-0.0693969,1.25938437,-0.48551431,0.09255686,0.49750401,0.04914713,-1.69026013,0.39809926,0.0698666,0.5803162,-0.30207371,0.07102975,-0.1832943,0.81363193,0.05429752,-0.23709652,0.03086348,0.85747533,-0.74733825,0.73607934,-3.04725631,-0.58351003,1.03390224,-1.03569408,-0.07303855,544.19,0
142351.0,0.65728534,-0.35240394,-0.42422275,0.17454992,-0.91112761,-0.26809379,-0.65580294,-0.23503665,-1.34590475,1.95853017,-0.3308125,-2.23824852,-1.01703547,-1.50083892,-0.09557834,0.26692294,0.62899603,-0.71858416,-1.80387174,0.50450229,0.6286428,-1.78012566,-1.05183879,2.32450695,-1.62611672,1.45006577,-0.26687643,1.48705484,11.43,0
142582.3,1.02694653,0.86727859,-0.11208703,-1.23115459,0.2531234,0.96053123,-0.14327953,0.39853133,1.0137741,0.97421903,-0.79160788,-0.47050356,1.25472115,-0.09136901,-0.60097033,-0.27535243,-0.14869839,0.54838143,-0.6289711,1.77742928,0.49227178,-0.74330582,0.34317992,1.03635453,0.35773683,-0.78214856,-1.7192531,-0.99247659,272.21,0
142750.1,-2.1562348,0.70876158,0.36232713,0.74109355,-0.88279229,-0.18377625,-0.59928382,0.13782978,0.82112216,-0.54099617,-1.54712531,-2.21919851,-1.20245805,0.75999296,-0.40078885,-0.37107411,-2.6938102,-2.52711863,-1.31574607,-0.95050177,0.8351493,-0.29777676,0.00048317,1.29796583,-0.42996234,0.07667409,-1.13061186,1.1995023,358.99,0
142869.6,0.38500432,0.779167,1.41754962,-0.25928566,1.15720965,-0.07785774,0.68927149,1.04525439,-0.13412512,-1.38609681,1.12575517,-0.22815687,-0.12591668,1.25879311,0.08218679,-1.44709492,0.67218271,-0.23637896,-1.64289698,0.51770223,1.90996272,0.48712422,0.70958413,0.96704611,-0.50060739,0.24580056,-2.07188044,-0.46055651,31.49,0
142897.2,-0.42402454,-0.04083667,-0.31056046,-0.55870356,0.56103592,0.6835093,0.00953874,0.77733049,0.15209437,1.66725443,0.81277374,-0.24148711,-0.025717,-0.14947202,-0.87402735,-1.26348101,0.46390093,0.19087245,-0.35627764,0.95543438,-2.12337345,-0.0336298,-0.24830547,-0.8266247,1.64752874,1.49754226,-0.38559173,1.32604605,113.8,0
143414.5,1.32638234,-0.82447349,-1.00606502,-1.3422767,-1.30207765,-0.39266046,0.42221192,-2.54683651,-0.17126811,0.6010829,-0.2641916,-0.58668009,0.5533399,1.06596347,-0.75825992,0.73759801,-0.49486861,-0.18379918,-0.66294266,-0.38638388,-0.76255679,1.37554143,0.32531495,0.47743159,-0.14237775,0.29002914,1.25988302,-0.56998519,64.65,0
143489.1,-0.78982785,-0.10161709,0.67462718,-0.02744329,-0.05805792,-1.53738667,-2.10357328,-0.04485949,-2.65414997,0.4182903,1.5504231,-0.31407027,0.23402761,-0.51638596,0.35828187,0.49758141,-1.39051091,-1.82613075,0.05371667,-0.21671953,0.38970914,-0.36896614,-2.00908862,-0.17005911,1.41895446,-0.34120889,-2.40054246,0.27314278,0.65,0
143620.3,2.51368539,-0.09641309,-0.57689623,0.68746411,0.41645735,2.5148457,1.30420462,0.62050201,-1.5410721,-0.77465783,1.33352106,0.64017145,-1.16502493,-1.42910637,-0.47049445,0.86264555,1.73967093,0.73436877,-0.00696783,-1.98070768,-1.02529223,0.96938237,1.12638047,1.40591514,0.56109881,-1.66365645,0.58026304,1.0799561,33.79,0
143787.7,-1.58793975,0.01620867,-0.79802493,-0.04453165,1.42191822,-2.41387835,0.04985298,1.26497453,-1.68044253,1.50825325,-2.05377711,-0.10643776,0.52807733,-0.60642036,0.25753689,-1.00287825,1.09041759,-0.47799218,0.34973414,-0.73661104,-0.39943206,1.26837212,1.15983413,-0.00799932,0.73990502,0.99971808,-0.71303465,1.0474431,177.39,0
143975.2,0.0779065,0.54817988,1.39933765,-0.52919692,-0.54053574,-0.3192438,-0.861591,0.67815327,0.71250671,-0.51313396,-0.31966433,0.37660224,-0.7525894,-0.40932817,1.56048752,-0.74657631,-0.5168223,2.50473013,-2.126372,-1.18437458,1.79730238,-0.40954795,0.49982995,2.11965714,-0.7170369,-0.59150649,0.4107864,-0.07582297,43.23,0
144078.9,0.1481005,-0.81031973,0.93104819,0.15530918,1.182593,-0.78454676,0.3209643,1.35401449,-0.90796929,0.56975565,0.76687116,-0.39210185,0.68975761,0.68358894,1.55367984,0.54685845,-2.56893017,0.11345696,0.76743457,-1.05940358,-0.06223918,0.90352908,-0.29433008,0.99499139,0.27663656,0.65239437,2.58871405,1.43636599,259.98,0
144125.2,-0.90015326,-0.37683494,0.3144222,0.51057773,-0.70624471,0.21883239,0.05726355,-0.70555658,1.09617754,1.40221616,-0.37354897,-0.74066846,0.29669466,0.64393308,1.24142067,0.7087855,0.48265204,-0.25896788,-0.2328117,0.20042679,1.86155806,0.23820985,-0.78825682,-0.6122352,1.2651376,-0.86186775,-0.87434372,-0.63603916,257.89,0
144143.0,-0.52984446,-1.00433015,-0.32131534,2.05965468,0.27785491,-0.02217435,-0.28388939,0.86314801,1.85376498,-1.32785121,1.7735913,0.10560443,-0.71703362,-1.34571097,-0.17915419,-0.33713321,-0.18208025,0.92184253,0.51165217,-0.56672824,-0.30508998,0.56909841,0.31695107,0.00545112,1.56712446,-0.17322615,-0.90545125,1.1386579,568.74,0
144186.9,0.71088132,-1.00022528,-0.80260928,0.54054369,-0.18736512,-0.94250429,-1.57837408,0.33302953,1.11328619,-0.64769997,-0.10430713,0.89024708,-1.27330742,0.38270568,1.4115376,-1.09611598,-0.19678304,1.70847119,1.15750448,-0.82455524,0.89360857,-0.3091568,0.06086169,0.96054675,-1.94308721,0.34304779,-1.81041565,1.44059142,156.8,0
144302.0,0.20656276,-0.18517177,-0.8842033,1.45797246,0.66095178,0.71320486,0.98837464,1.60714542,0.24052037,-1.80376592,0.54307329,0.92542765,-1.2725775,0.79800473,0.08483134,1.08050568,-0.36173253,1.62174739,-1.17271114,0.38978933,-0.66378663,1.69304943,-1.86281524,0.36730631,-1.63578553,1.78998619,1.1076112,-0.10863491,39.37,0
144320.5,-0.18165105,-0.35378424,0.78926467,0.36511206,-0.74927934,0.21203899,-0.26076055,-0.80020968,2.45203493,0.50418157,0.58597922,-0.41911183,0.39565293,-0.5519072,0.87037726,1.09849644,0.55448169,0.7648784,0.3904012,-0.06603844,0.2040297,0.8850385,-0.10472942,-0.47974509,-1.96027641,1.23483451,-0.56775901,0.56532325,102.54,0
144343.4,-1.25051964,-0.59751297,-0.09567298,0.2686944,0.35360546,-0.54914632,1.53735609,-1.55763415,0.47794461,0.76979778,-0.04943626,-0.94842706,0.08068206,0.92917422,0.07936395,-0.52198662,-2.04136959,0.30270677,-1.94873725,1.09951454,-0.77619545,1.15543207,0.99011464,-0.02792711,-0.20275671,1.95194729,-0.26358485,-0.2979908,28.36,0
144418.8,0.43765568,0.0427819,-1.21846066,0.23113778,-0.09529665,1.11572219,-0.77463534,1.03245106,-0.3101938,-1.68350044,0.5382005,-0.367934,0.95999487,0.27224892,-0.7338046,1.45835531,-1.40318229,-0.13172615,-1.11338534,-0.01860093,-0.25402504,0.12029898,-2.19130162,0.49206203,0.1451811,0.13826821,0.44155134,-0.8134103,209.36,0
144420.0,-0.95651978,0.43624106,1.21564393,0.9380689,0.76455622,-0.51058925,0.60203405,1.21021076,-1.34919725,-0.68439179,-0.20045501,-0.94769886,-0.04136148,2.07239064,-0.35372543,0.34252801,0.49467942,0.59253165,-1.53666534,1.03623896,0.11674042,0.40908581,-0.23184465,-1.04556661,-0.79304853,1.15753038,1.98412563,-1.6956073,236.61,0
144666.9,0.13932779,1.81040319,1.54601073,-1.14725495,0.35951645,-1.76106923,0.0057087,0.43525339,1.87573919,0.86148756,-0.5999535,-0.40276444,-0.720425,0.08292237,0.13717761,1.10607769,-1.10236464,-0.50057252,0.49759286,-1.12194196,0.35171103,-0.16604424,2.31066703,-1.37645494,0.53267939,0.13977562,0.12411653,1.11834683,341.08,0
144816.3,-1.96091605,-0.17426425,-0.67757056,-0.03891431,-1.12410853,1.65965141,0.19343217,-0.4379756,1.13659499,-0.214839,-0.82486211,-0.33310302,-0.92094468,-0.0103053,-0.88634931,-0.29280107,-0.65961912,-0.56163883,0.86634897,0.8975018,0.80068294,0.00282695,-0.16091108,0.12264138,2.72230049,1.92413464,0.03997283,0.93028965,204.37,0
144910.8,-1.50079747,-0.50039323,-1.85509162,-0.32741778,-0.23213792,-1.27323141,-0.9097691,-1.19708265,0.58878447,-0.63327338,-0.59633915,-0.78096999,1.84973613,-1.47069878,-1.02970028,0.49107855,1.79672831,0.16807145,-1.05782509,0.11114931,0.51988913,0.23030249,1.31624015,0.36219073,-0.28760665,1.28335238,0.94285223,-2.00459531,211.46,0
144940.7,0.70313895,-1.18475285,0.12754416,0.5494994,-0.29688479,-1.42608534,-0.76721233,0.68500573,0.71475278,-1.67068974,-1.22260637,-0.98515058,-0.02544682,2.20681829,-0.28582165,0.06210504,-0.79714523,2.58531492,-0.60192256,-0.51174833,0.15621836,-1.32436433,0.80876446,-0.00832997,-0.84272034,-0.59580819,-1.89403583,-0.55555484,480.66,0
144949.3,-0.17868872,1.27789243,0.51841364,0.8119306,0.36810152,-1.87936805,-0.21771226,-0.27437702,-1.37564479,0.14993779,1.15380577,0.8249674,1.02612305,1.31335062,-1.07701714,-0.30547607,-1.39096222,-0.85096136,-1.63089613,0.26178199,1.99181329,-0.21402774,-0.60429523,-0.30473607,0.17755376,0.36217923,-0.84187752,0.02111595,215.58,0
145098.8,-0.13186397,0.82635292,-0.49340741,-1.1023803,0.6619878,0.10082543,0.55254087,-0.15805144,2.33116518,-0.91384108,-0.49599874,0.51488546,0.73174176,-1.37871363,1.29731271,-1.45811844,0.0063996,-0.30702663,-0.70762481,1.13325043,-2.34705278,-0.73078281,-0.90276385,0.87489741,1.55042132,0.77546877,1.39528502,-2.22455422,128.9,0
145123.1,-1.777391,-5.31053679,0.49056845,-4.33334919,-0.70867056,-2.88339817,1.20941799,1.39770519,-1.06293673,-4.61500836,-3.59705846,-3.88265794,-0.4337711,-4.62328234,-3.2714856,-6.98556288,-6.14374276,-0.11485132,-0.21588844,-0.50766087,0.57638168,-1.90860276,0.75219653,0.80100491,-1.40336049,-0.36686916,-0.16324828,-0.15901693,254.37,1
145174.0,2.32651249,-0.64052825,-0.7546058,0.28621972,-0.82480664,-0.96583872,-0.2776642,-1.30675677,0.72208815,-1.0436885,-1.35831553,-2.49283829,-0.40436992,-0.74950062,-1.57666367,0.05109402,0.14238601,-1.52528713,0.33053076,-0.89310944,-0.04767039,-0.90825032,-0.38715703,-0.39529825,-2.00309661,-0.27319849,0.24494166,-0.08721821,282.54,0
145193.0,-0.53471158,2.33161738,-0.11413625,-1.66312114,-1.30943899,1.58444716,-0.74668473,0.28251312,0.43264403,1.81506531,0.41303407,0.04191326,-0.68911398,-0.38629814,0.28924035,-0.73550825,0.67060375,-0.31185235,-1.48740625,-1.26823509,-1.09528796,0.09434405,0.37678725,1.88008695,-0.03092624,-1.10290912,-0.88449942,-0.48324511,189.6,0
145198.0,0.86378385,-0.35592837,-0.72641505,0.43078492,0.67561259,-0.21995078,0.01635176,-0.83080306,-0.30004287,0.48922204,0.1907051,-0.1409236,-0.70066324,1.25831983,-0.36373137,0.49136924,0.09033302,-0.21226188,-1.16599353,1.41841431,0.91418511,0.44062762,0.55915565,-0.7795948,0.993992,1.98866103,0.69263303,-3.39577355,176.76,0
145322.0,2.44410644,-0.92225724,0.26443928,-2.47511731,-0.48323963,-0.89052633,0.92983161,-2.03512873,1.10713143,1.70918812,-0.34475685,-0.76708849,1.28300142,0.89633345,0.59249884,0.2044555,-0.96779256,0.96868086,1.40952497,-1.92644115,0.84556535,-0.43852981,0.05492468,2.03718488,-0.83189387,1.40588984,2.21973409,0.20758274,30.62,0
145349.9,1.91930284,-0.26608734,0.87748617,-1.37473193,0.29044939,0.21553177,-0.44502318,1.03921196,0.1523467,0.40853679,1.36942445,0.8351187,0.64438986,0.39834984,-0.70805253,1.2442503,-1.26224693,1.47896955,0.84021607,-0.2598145,0.33799604,0.08450325,-0.0506131,0.13442411,-0.39989966,0.15557365,-0.49802858,-2.05791405,300.82,0
145593.3,0.0741349,0.5350949,-0.81887201,1.15781006,0.68598474,1.21266977,0.78575283,0.50631164,0.29529244,1.16009445,-0.94762149,-1.49245959,-0.95280886,-0.84945232,-0.61636209,0.4698717,-0.32447956,-0.14861411,-0.98661975,1.39599783,-0.51979777,0.85319443,-1.20698935,0.28241118,0.09181074,-0.96611981,1.25132827,-0.09605811,529.34,0
145660.1,0.04346496,0.46945285,0.56008051,-1.80889982,-0.32347873,-0.84844878,0.99166062,-0.98335102,1.77397792,1.24785593,0.87543259,-0.48339497,-0.3177047,1.06841614,-0.32913913,0.18417895,0.2442394,0.27099021,0.92521519,-0.66998449,-0.23385987,-1.22955726,-0.63963312,-0.29965993,0.36514048,0.54158446,0.50837323,0.12690471,258.35,0
145669.1,0.23559251,0.16977939,-0.30474105,-1.42942897,0.74923287,0.04610878,0.75027188,-0.10947311,0.11497964,0.95326359,0.63747247,0.61702081,0.63469482,1.18464762,1.56788047,0.98079082,-0.53682586,0.39532412,1.50397563,-1.16626859,-0.07129631,-0.73822694,-1.81257352,-1.70468851,1.31171744,0.70547016,-1.50921665,-0.10608369,293.3,0
145722.7,-0.35348999,-1.09716378,0.61010891,0.7252836,0.52139099,-1.1412278,0.6997514,-2.1049291,1.00169275,-0.20629264,0.59748404,-2.12384585,-0.02832876,0.22550394,1.3437068,0.63423079,0.21673671,-0.54270481,-1.01830184,-1.1818954,1.89202714,-0.10221288,1.20988804,0.93957296,0.9513692,0.32759325,-0.01333549,-0.21519486,321.55,0
145808.9,-0.21714457,0.36255551,-0.3159756,0.17173488,-0.38824806,0.16089566,0.37784892,1.20395174,-1.12899347,0.26065178,1.82426652,0.09017895,-0.31825664,-0.60467457,-0.28227634,0.37532348,0.07853288,-0.78586192,0.36866553,2.49773164,0.2314482,-0.06269056,1.5519109,0.42447853,-0.03213475,-1.75329549,-0.04605876,-0.82410898,3.76,0
145850.3,-0.55381663,-1.59569738,-0.65948505,-0.62455882,-0.06705497,1.57086065,0.42522525,0.37335726,-0.22078139,-0.85910254,-0.4373304,-0.24278504,0.27745154,0.96150567,-0.65785716,0.54430544,0.51792623,0.48626724,0.21854251,1.07234228,-0.26766512,3.06563473,-0.05389793,-1.55070085,-0.31592552,-0.14102803,0.35364333,0.32007268,238.66,0
145920.1,0.05597406,1.33212792,-0.99243194,-0.15056104,-0.33674822,0.84626069,-0.30250849,0.52597845,-0.49100689,-0.0323887,-2.16998104,-0.13586746,-0.94252884,1.30804649,0.77123106,-1.66745365,0.04849135,0.56065797,0.44177524,1.28430804,0.09364023,-1.45691667,0.76088191,1.54445177,-1.67470589,0.06193174,0.0677042,-1.08954725,374.43,0
146003.4,-1.1138822,-0.0874559,1.17723864,-1.14149431,0.97269008,-0.985646,1.58410417,0.09185036,-1.19519387,-0.32476628,1.60762422,1.44740821,-1.27969988,-0.09680906,-1.19123758,0.50330998,0.57986834,-0.69163181,0.45604928,0.07151012,0.89617345,-1.82909873,0.67649169,-0.78070241,-0.53530887,0.28630946,-1.32562869,0.71973791,466.69,0
146132.8,-1.61681478,0.68677544,0.46857187,-1.55775283,-1.07589194,-1.52306674,-0.26601107,0.15581138,-0.26359795,0.76191605,-2.4483387,0.8756775,2.78715142,-1.60833612,-0.1273406,0.92852113,-1.84535019,0.59598517,0.3174161,-0.11508824,3.26294383,-0.63810659,-0.00128097,-1.54578259,-1.63454793,1.97645453,-0.0309331,0.81369533,191.3,0
146154.1,0.34430826,-0.38136719,1.67503171,1.11660203,0.25622245,0.55036806,-0.79697298,-0.04379862,1.02758572,-0.84040964,-2.30980294,-1.33771071,-1.28328123,-0.21165309,-0.34598556,0.2004734,0.17202491,-1.49333417,0.17428988,-0.14910837,-0.63202239,-1.37237625,-1.05134733,0.82432816,1.8158974,-0.57467136,0.23373193,0.33829768,266.21,0
146170.6,-0.77022219,-0.00540013,1.41985899,-0.49099443,-0.16240854,-0.4023774,1.16747281,-0.60768275,-0.00982559,0.5402154,-0.20760171,-0.86643153,-1.3415486,-1.51825644,-1.17980425,-1.72054955,-0.72687679,0.30021481,0.05409537,-0.82663308,-1.01801896,-0.99338856,-1.38789802,-1.23587758,0.71436157,-1.40461151,0.01731585,-0.61805385,694.99,0
146425.4,0.10364139,-0.27021925,-0.62506413,0.90937036,0.16886621,0.15622049,-0.68184228,-0.80047531,0.91451591,-0.83881901,0.23965043,-0.13371979,0.11488124,-2.36444456,1.10079973,-0.31069077,0.38669143,0.90675474,0.80975482,-0.21838091,0.31890469,-1.06124984,0.73952407,1.15909952,1.09451996,1.02985549,-0.47412688,-0.14501929,3.79,0
146491.9,0.68556865,-0.48671062,0.02580473,0.66086893,-0.67856407,0.49139413,-1.7251578,2.41315269,1.56435528,-2.01023426,0.05003479,1.53890377,-0.12366186,-1.60081081,0.73905767,1.44675157,0.57879505,0.12200412,1.4656454,-0.49724657,-1.63256789,0.51740179,-0.68541236,-0.47063064,-1.15692978,-0.72165669,0.98935026,-1.37850334,99.66,0
146509.0,-1.50618237,-0.46119932,-0.71088889,-1.1862149,-0.1328391,-0.01134068,-0.83697352,2.01197149,0.71820741,1.12165657,-0.32838332,0.89359942,0.76557514,-1.01850702,-0.68220993,2.91522232,-0.41121768,0.4868612,-0.21460162,0.83139718,-0.99458531,-1.0052924,1.13434061,0.19853243,-2.47762088,0.02341435,-0.18196771,0.71066823,168.26,0
146559.8,-0.51608396,0.21034591,-0.43362017,0.61499944,1.28679747,0.62401762,1.3054308,-0.07130162,-0.35904747,0.78119123,-1.83177946,0.99197724,0.73119658,0.74147396,0.45325124,-0.87373794,-2.06280271,0.42863055,0.79862653,1.21704555,-0.44304075,-0.97392951,1.52437421,0.20662643,1.22802294,0.98382402,-0.07527923,-0.24710931,184.51,0
146567.1,0.37502683,-1.09798269,0.19145738,-1.28835434,-0.91623354,-0.25452557,-0.67363857,1.84959864,1.80465412,-0.95399753,1.2014976,-0.04418565,0.11332445,1.42469852,0.53591384,0.30299165,0.24083561,-1.07315079,-0.18954972,0.00645244,-0.85878482,-0.58338304,-1.92863638,-0.86875794,0.03314952,-0.42206443,-0.12102309,0.76759556,192.49,0
146722.8,-1.22869529,0.91699438,-1.02825623,1.43407183,0.8007292,0.05776723,-0.7116,-0.50414716,0.49672629,-0.19342539,0.69181777,-0.80011701,-1.22072508,-0.86672298,-1.4643405,0.36623217,0.67324099,-1.91095424,-0.03274064,-0.18835569,-2.25544101,0.39586704,0.36631132,0.51188769,-0.32164167,-1.82525321,0.04865167,0.99428839,6.05,0
146746.2,0.27226436,-0.31861165,-0.59267173,-1.06279136,0.13507754,-0.83196428,-0.89248262,-0.36838958,1.28008819,0.82093037,-1.14304037,1.0975963,-0.79004163,0.51245051,0.26251423,1.06871856,-1.09539733,-0.19830271,-0.48176248,0.62553313,-0.58873557,-0.50026407,1.3501351,0.01961252,-0.0774672,-1.98612191,0.43601638,0.51175274,599.71,0
146755.7,-0.91279765,-0.14587283,-1.3333376,-0.35853195,0.34971792,0.06467577,-1.4770135,1.08403598,-1.0043224,-0.50119536,0.10673546,0.31784011,-1.9557977,1.12908172,-0.91065051,0.45904985,1.17547047,-0.11281051,-1.26651578,-0.25745304,-0.59020448,-0.20576558,-0.18612259,1.67704502,-1.93454043,1.6242856,0.02604706,0.55348396,111.13,0
147002.2,-0.37083146,0.54975232,-0.60894116,-1.03175607,0.74310069,1.91789617,-1.77146478,-0.68177733,-1.17811565,-0.61321829,0.49988079,-0.55880341,0.56657254,-0.26765503,0.3205359,-0.03074457,-0.89097175,-0.1114387,0.76434253,-0.40394107,0.24119704,-0.04228696,0.21179157,0.41806452,-0.11235988,-0.22901373,-0.62811018,0.43002526,422.5,0
147006.4,0.78022356,-0.77510739,-0.58372319,0.97883843,0.32645602,-0.25878124,0.16089943,0.74014284,0.41269131,0.19768561,-0.47290703,-1.35775011,0.19600808,-0.12403325,0.40702074,-0.75758571,-0.97896361,0.50748059,-1.19112274,0.77937876,-0.61571163,-0.15008369,0.63099883,-0.77090157,2.50695496,-0.90331143,1.24421518,0.73865983,195.71,0
147080.8,0.21777259,-0.75084554,0.76450908,1.02464894,-0.63079359,-0.17568451,-0.68410919,-0.07229975,-0.60024654,-0.72010059,1.10626165,-1.37927915,-0.57737022,-1.19525602,-0.17095087,0.83769612,-1.50615609,-0.83869708,0.14224986,0.12856876,-1.36917418,1.04936908,-1.28268105,2.38226675,-1.07165432,1.09249332,-1.16237211,0.541994,641.09,0
147185.9,-0.35331558,-0.72005937,0.67298789,0.47577638,0.46925483,0.54903899,0.72871599,-0.82707534,0.65795658,0.86199601,1.15959303,-0.69564713,-1.05138241,1.53588103,1.42752879,0.45686998,0.45320868,-0.57751324,0.21359953,2.22104185,-1.17198563,-0.89888024,-1.08983916,-0.39649248,-0.68887376,0.19522859,-0.31497943,0.32371009,316.51,0
147390.5,0.2013263,0.09996948,-0.64957262,2.34780727,-0.49110037,0.53906172,-0.26347243,-0.83313497,-1.04838016,0.10994253,-0.05729863,0.74658854,-0.35429664,-1.49964774,-1.80251447,-0.73557606,0.89619628,1.3414192,-0.16480244,-0.72282062,0.16461815,0.86709637,0.8961899,0.13047073,-0.17609323,-0.4319298,1.32645188,1.33294364,123.38,0
147391.2,-0.05644535,-0.59541819,-0.6344171,1.22292007,0.86000056,0.76059798,-0.25857684,0.03054191,-1.28156841,0.17449141,2.88915235,-0.82494439,1.9688939,0.71625346,-0.04543867,-1.47039953,-0.00205952,-1.26947624,-0.60205888,-1.1012806,-0.83168768,0.01555169,-1.06557847,-1.37989628,1.96475607,1.27106474,-0.67556981,-0.73700695,45.95,0
147730.6,0.50266372,0.47745857,-0.71667806,1.20970876,0.65641551,-0.66070744,-0.70910072,-1.14702617,-0.16086943,-0.18662362,-1.69566361,0.43216936,1.96245939,0.79169515,-1.18702152,-1.47092425,-0.6577011,-0.70847849,0.22860378,-0.04553082,1.14309997,0.14227744,1.82293039,1.39357694,0.89427872,0.68766111,1.29257623,-0.31859113,211.62,0
147867.7,1.24548481,0.41230717,-0.73885377,0.0800007,0.79629922,-0.27695415,0.94082472,-1.36909832,0.31107008,-0.51573939,1.70800432,-0.65284865,-0.27100525,-1.66947783,-0.91291214,0.20645323,0.02043205,0.92014099,0.59566202,-1.59763157,-0.26286833,0.12054037,0.79592335,0.77229612,0.03511779,-0.31813937,-0.29299731,1.20564973,270.5,0
148038.7,-2.60417915,-1.36368633,-1.58954911,-1.01853734,0.54315498,-0.03763003,-1.12736959,-0.32864902,-0.42867339,2.16648473,0.73021532,1.78172124,0.97184158,-0.3553133,1.21514314,-0.75178493,-0.04396477,-1.25221199,0.25296701,-1.39609107,1.09306177,-0.68100503,-0.84905934,-0.41980511,-1.70467094,0.02651665,-1.43767661,0.87823647,626.55,0
148078.2,-3.29117828,0.22339918,-1.59797337,-1.03651176,-0.29494841,1.59116423,-0.06527743,-0.74980041,-0.61441196,1.16402866,1.04111466,-0.84139013,0.77437848,1.05145878,2.79902764,0.08932876,1.09238825,0.28090698,0.03050508,-0.25974388,-1.12061416,-0.22196525,0.55144501,-1.7719777,-0.70889654,0.21837095,-0.14756199,-0.05680723,18.14,0
148082.9,0.45590911,-0.26141404,-1.29229764,1.43405283,0.92378494,-0.28708708,-0.49071515,-1.08139036,-0.16435629,2.03481495,-0.57249367,-1.26911457,-1.01673881,-1.29167539,0.06042184,1.85464713,1.95599434,0.09769894,-0.14831171,0.56784071,-0.31391556,0.23024865,-0.85031298,0.71958122,0.93215822,0.62075885,-1.34228162,-1.67510661,15.34,0
148109.5,0.28869115,0.39553561,0.6748164,1.34834856,-0.30821617,-0.71346545,0.71184407,-0.67633638,2.1129799,-0.56929309,-0.00343627,-0.05482629,-0.63931076,-0.16234344,0.82580946,-0.124622,-2.03048843,0.76261583,1.17316577,0.13714706,-1.18391061,-0.13872932,-0.78482756,-0.43217316,-0.02693298,0.20330488,0.99674279,1.71502847,95.76,0
148117.2,-1.66287582,-1.57820326,0.07071376,-1.88939519,-0.94856233,0.18666834,-1.24190488,-0.81720282,0.40938047,-0.57597436,-0.22447759,-1.82026537,1.68158052,0.43728439,0.7700043,-0.43507815,0.81948126,0.06343405,-0.07120299,-1.07143428,-0.92072298,0.86697047,-0.18916141,0.86195568,-1.18755629,-0.53418301,-0.38834749,2.24603314,55.42,0
148355.7,-1.24449592,0.5353686,0.99580999,-0.13778761,0.11122536,0.52374059,0.11050026,1.39266066,0.1470506,-1.3676699,0.3853566,1.07814366,-3.0265625,-1.31512374,0.70929044,0.59982002,-0.5467377,0.35622429,1.76717405,-1.06689059,0.98330371,-0.5662823,-0.70162614,-1.83831275,-0.2548071,-0.10799716,0.01051487,0.70724815,455.57,0
148534.1,-1.08579641,0.33760269,0.29450682,0.15547764,0.59597448,0.17819727,1.03473487,-0.23824923,-0.81294037,0.12451777,0.829898,-0.85780919,-0.13616504,0.576183,-0.7542663,0.15519866,-1.02640523,-0.20877765,0.70337416,-0.0152914,0.30485499,-1.81770251,0.54865375,-0.03723629,1.24849741,-0.1229237,-0.48084617,-0.80165243,75.12,0
148766.8,-0.80453193,0.93925822,0.88899767,1.78097401,0.84505834,-0.09180029,0.43480428,-0.48888726,-0.12574855,-0.08958931,-0.93167178,2.58328956,-0.82358036,-0.12299539,-1.77940403,-1.27102926,-0.3668713,-0.70679087,1.35999619,-1.48461484,1.10265402,-0.63457493,-0.06173546,0.6468555,0.98731855,-1.44024345,-0.63736559,1.56378665,276.88,0
148982.0,0.24686996,0.78872982,-0.96242451,2.5648527,-2.68719474,-0.5530684,0.26951382,-1.34479842,1.32147685,-1.75861688,-0.1569031,-1.16380191,-1.22667442,0.00572776,1.44275797,-1.51218798,-0.74636145,-1.06863039,0.70480847,0.93489419,0.31530692,-0.41195269,0.83324982,1.90058475,0.22731468,0.40315502,0.05540344,0.09535452,179.86,0
149301.1,-0.88855413,-1.23879011,0.20413804,0.33385952,0.47319523,-0.68916035,-1.03007444,2.23562668,0.54549315,0.27449936,-1.15077752,1.14417499,-2.04458857,-0.62262248,1.11946426,0.74145429,-0.8677265,-0.75196912,2.34438132,0.46239538,1.06902718,1.80755353,0.25465328,0.38557727,0.17895149,0.62400285,-0.52120682,-1.51290645,63.37,0
149385.8,0.31490476,0.64306692,0.98525042,0.87748958,-0.5191843,-0.25406418,1.81067421,-0.21480089,-0.93995156,-2.91009437,-0.30662395,0.07371275,-0.73851049,1.39457725,-0.07403576,-0.27251576,-0.48561603,0.85544804,0.51200257,-0.04625566,-1.10027234,0.3655593,-0.13116826,0.98726613,0.60034453,-0.99388809,-0.23947471,0.43745245,246.12,0
149445.8,0.00584624,1.83226255,0.83633448,-0.12372546,1.02818194,0.61830724,-0.62262563,-0.11229316,-1.73634931,-0.62791108,0.80414597,-0.46029452,-0.98694906,-0.30116588,1.84335133,0.20222486,1.58569221,1.16255941,0.42186857,0.08867321,-0.82689873,-2.27890539,-0.62887278,0.06176408,0.15218392,1.16590812,-0.24071972,-2.15392408,110.3,0
149497.7,0.9547385,0.02161264,0.23993476,-1.11960143,-1.22076815,0.19683046,0.25746948,-0.75517091,-0.76870439,-1.53901096,-1.24759848,-1.86305914,2.43807495,0.80659707,-0.80357744,-0.48281491,0.22656119,1.07887481,-0.96473403,1.43421401,1.3366787,1.43221867,1.45510114,-0.51684355,-1.32297735,0.41573586,-0.67560736,-0.90916012,2.11,0
149733.2,-0.44122741,0.28793603,0.99013835,0.38813897,-0.00986429,-1.14747966,-2.47722455,-0.50376673,0.19477921,-0.05278251,-0.70015617,0.63163121,0.4401115,0.89331408,-0.5043175,1.43318486,-0.07828059,1.62768933,-1.34996354,1.8876757,1.25672836,-0.33825645,-0.28624025,-0.00268742,1.35063285,-0.0531165,-2.35949246,0.06275897,371.8,0
149807.4,0.47058462,-1.0968199,-0.14873326,0.34525943,-0.07939577,-1.00461014,0.13344603,-0.45370042,-1.06859704,0.32950202,-0.20997821,1.19648318,0.66553207,0.73467133,0.32166662,-0.84517798,-0.93562714,-1.4711581,2.8790125,-1.07944479,-0.20983183,-0.36038917,-0.28109762,-0.58405051,-1.86834485,-0.99819374,-1.39066953,-0.12677959,83.05,0
149895.1,0.67809955,0.85034676,0.20839233,-1.3074698,-1.38440062,-2.43831834,1.93469919,0.03676451,0.17872811,-0.3869522,-0.54652077,1.39606251,1.80196895,0.08785543,-0.32081116,-0.42916049,-0.89477197,1.12067215,0.41533003,1.77445866,-1.88658787,0.71103999,-1.80199194,0.79454564,0.28872431,0.4030482,-0.2575687,0.41104346,437.45,0
149922.9,-0.23477673,0.73205666,0.24304407,0.38892803,-1.56114255,-0.70337074,0.23022521,0.40109512,-1.1414904,1.66573496,0.97296965,-0.43470982,-1.27528506,0.65725726,0.11891539,-1.67687435,0.37751682,-0.29138962,0.76674232,0.2202007,-1.15953944,-1.66717741,-0.29691042,-1.58674255,-0.36354514,-0.33638187,1.83373894,1.81379811,81.68,0
149935.0,-0.09580644,-1.1432574,0.09459228,-0.93637888,-0.7189231,0.38656505,0.46115742,1.27101182,0.66876155,0.15403213,0.62457219,-1.03024242,1.21051962,0.53266587,0.48979217,0.59850776,-1.47971172,-1.13393126,0.13228358,0.14493682,0.57503877,0.10657728,-0.18451248,1.25778502,0.34957032,0.74666017,1.1952073,1.26396064,167.42,0
149982.2,-0.88144993,0.99425828,0.22886695,-1.30366317,-0.88096937,1.50410209,0.21462773,0.74741963,-0.04690396,0.65636341,-0.80578557,1.16840207,-0.59907319,0.31420411,-1.26500928,1.55831866,-0.26795112,-0.74411956,-0.26267599,-0.69792888,-1.09610731,-0.28593001,-0.31524078,-1.13092114,1.28326499,0.02192097,1.4853348,0.92397084,59.19,0
150026.9,1.05520556,0.31867661,-0.82488641,-0.10707493,-1.29576026,0.57891499,0.54311383,0.74137059,-0.14419729,0.74627715,-0.35361412,-0.49837613,-0.15367533,-0.01552154,0.06572292,-0.807748,-0.21047471,0.06903765,-1.61816676,-0.69893759,0.34958681,1.75346054,1.62264451,-0.17972344,0.55014844,-0.04629238,-2.08198032,1.90998463,242.51,0
150126.4,-1.20538413,-0.34579314,0.95185503,0.90865438,0.41010911,1.04760708,-1.55158143,-0.92574012,-1.07928683,-1.39867758,0.7477319,2.48550739,-1.40244408,-1.05254134,-0.92896311,-1.00987188,0.15331208,-0.40920102,-0.27110217,-0.51948639,0.21511298,-0.10059804,-0.33767447,0.29561094,0.05691965,-0.62816433,0.57648545,0.02139459,120.4,0
150286.4,-0.24849779,1.09780713,0.20695284,-0.23783236,0.87474083,-0.96331862,-1.90429452,-1.10313353,0.35285279,0.44569589,-0.24400202,1.6371418,-1.37806709,0.72443415,-1.49466352,0.51789046,-1.94394505,-0.45194214,-0.00405025,0.05833484,1.68294908,0.53298916,-0.46603217,0.46065883,-2.04501245,-0.18157209,-0.63676252,-0.80716802,441.68,0
150348.6,-1.66741436,1.30987247,-2.45394841,-0.33909798,0.58128318,0.60674,-0.94374343,-1.0070419,-1.67738218,1.99766874,-0.11976931,0.77700224,0.03276076,0.06719015,0.14261559,-1.4041779,-0.34163916,-1.29714237,0.6570447,-0.19658303,-1.07593478,-1.61419843,-0.90022395,-1.43042693,0.89935314,1.86548843,-0.25721421,-0.965115,280.06,0
150372.9,0.82190464,-1.08551565,1.03406616,0.03446369,-0.88385768,0.12353524,2.44302064,1.16940329,0.07709773,1.13589627,1.30173769,-0.0970666,-1.9665694,-1.03131456,0.15502515,2.1135563,-2.16422134,-2.07704716,0.39121304,-1.1869031,0.49690628,0.95099286,-1.20421872,0.38214707,-0.28835667,-1.27336651,1.57223899,-0.96371716,321.95,0
150400.9,0.70220493,1.84996299,0.18202885,0.49695464,-0.15446664,-1.84822001,0.43737201,1.42173092,0.57118368,-0.27168952,-0.51166294,1.85622002,-1.21737964,-1.27222286,-2.03386409,-0.59898356,-0.48556818,0.17132186,-1.63993933,-0.76672516,0.35334848,-0.94991179,-0.22401645,-1.13098412,0.85977456,-0.84389457,-1.33230088,-1.67640919,347.61,0
150412.5,0.57212208,-0.88318207,-0.00324005,0.05579811,-1.4885585,1.69075594,0.20556403,-1.48656584,0.072658,-0.41218006,-1.19468035,1.29255313,0.33299703,0.33815816,1.27817708,1.5541106,0.0698883,-0.83502482,-0.46993563,0.48135848,-0.35633699,0.28728218,1.20590296,1.42249288,-0.83884099,-0.25000873,1.25001633,-0.58885988,77.92,0
150437.0,-0.21274547,-1.77439868,-2.00158789,-0.77266857,-0.45318626,-1.18869279,0.9567134,0.12584397,0.4255396,-1.07607014,0.90247079,-1.10347243,1.43335957,0.23532702,1.25754734,-2.24360511,-0.44032121,-1.92795254,0.72439693,-0.88964113,1.26423116,1.1700561,-0.72897209,0.18810833,-0.34427626,-1.94078527,1.61889501,-0.45325996,153.4,0
150486.8,0.70611353,0.76771396,0.19232492,-0.27994827,-0.23302981,-0.27276704,1.02554066,0.72052585,0.65354208,-0.06839904,-0.13831556,-0.1204113,1.01225641,-1.65714074,-0.63768258,1.43678442,1.10309086,-0.74233922,1.13223943,-0.4132577,0.94592862,-0.37077664,0.77938169,-1.26795738,1.71385286,0.74107383,-1.61577107,-0.01548961,321.83,0
150710.9,0.53498873,0.22788356,-1.465472,-1.04789848,-1.31421889,-0.77648343,-1.26598271,1.11219851,-0.15194695,0.75160449,-1.63856211,-0.07348866,1.0898526,-0.37578656,-0.76402066,-0.78545063,0.04849949,-0.39547878,0.20560432,0.48603465,0.26655455,0.1598012,-2.55174124,-0.50200583,1.49169663,0.40268357,1.26101448,-0.13905519,233.24,0
150793.8,0.30843028,1.56940418,-0.58238307,-1.15528197,-1.05324782,-1.35396416,-0.08633959,1.1782274,-0.94257527,1.32482736,-2.50769709,-0.98141778,1.55400002,-0.04806901,0.62849074,-1.76991872,-1.8750747,-1.700542,0.80313498,-1.95309121,-0.41021899,0.49791493,-1.35348966,-3.02568208,0.06643179,1.45307933,0.85513453,0.75316236,830.78,0
150900.4,-0.26107704,-0.37544078,1.002511,0.4141817,-0.04095967,0.79488102,-0.87945621,-1.90453022,1.42887486,0.65839702,-0.00602011,0.37957476,-0.59800767,1.61710615,0.17050478,-0.82359497,1.07654994,1.14748969,1.61692272,-1.77267006,-0.28127972,-0.47058489,0.54989073,1.16316703,-0.40099064,-0.32374993,0.32590469,0.71716038,393.94,0
150935.8,-0.91934389,1.68696742,-0.83794756,-0.62154346,-0.46533357,-2.00784659,-0.66137024,-0.3793957,-0.07155096,-0.01135824,0.11189339,-0.78612463,-1.47679325,0.94270589,1.22246221,-0.98353304,2.90306759,-1.5014487,0.30192751,-0.22098226,0.64546672,-0.67590728,1.65650642,-0.53661575,-0.98532923,-0.71993656,0.77670928,-1.41876825,398.68,0
150969.3,0.60444755,-0.08765808,-1.21528825,0.41920901,0.86657491,-0.68990084,-2.08679079,1.99215739,1.4217405,1.23120923,-0.9882139,0.605104,0.29862558,0.38401695,1.37774255,2.24843742,0.22099116,0.41712037,1.47120422,0.08665299,-0.04462462,0.11064584,1.82972219,1.41035701,-2.51636916,1.86573495,-0.15172679,-1.32111921,431.91,0
151322.8,-0.88048413,0.71776459,0.57152222,-2.28097021,-0.91346417,1.05141092,0.32602092,-0.84412695,-1.37991139,1.14796541,-0.04236211,-0.82834978,-0.28996617,-0.99709812,0.53711339,-0.96116373,1.0661727,0.59549513,-1.14372333,-0.86592251,0.56089097,0.85963382,-0.42956431,0.06078803,-1.20111841,0.55480895,-0.91673675,0.56270566,141.93,0
151533.7,0.38470523,-0.98223045,1.15529279,-0.67740318,1.71748976,0.50633392,0.4180529,-0.92724478,-1.51650215,-0.29420655,0.32487223,0.50421182,-0.28788715,-1.05207615,2.14388053,0.85451677,-0.67851399,-1.16786171,1.14203448,-0.08309732,0.2740115,1.50747283,-0.39693709,1.41133191,0.5854883,1.35971429,-1.09343477,-0.77044005,71.34,0
151534.9,0.75466459,0.65369879,0.33897058,0.61438568,-0.33735301,1.27817213,0.4277622,-1.34538809,0.59891281,-0.78107224,0.65835365,-0.01888375,0.91871319,0.43911555,0.76672194,0.05638801,-1.17070354,-0.14976012,0.36552286,0.61058005,0.72804916,-1.81233517,0.15342307,1.02670603,-0.45014961,-1.50593331,-0.41506486,-0.19802245,389.32,0
151587.8,-0.62292651,-0.62867103,-1.26628729,-1.22795699,2.84937816,0.53817623,-0.76472966,-0.88781048,0.56130007,3.12234741,0.17412979,0.26203529,-0.35487555,1.37999074,-0.39828311,0.75992247,0.89164562,0.41551888,0.57067375,-1.77558868,-0.25451763,-0.77573366,0.14002976,0.32141266,0.32428368,1.62198839,-2.03134981,-1.90892713,259.74,0
151847.3,0.68671348,0.09110087,1.4046035,0.79080882,-0.65876275,0.49373822,-0.35848643,0.04370408,-1.86064384,-1.97374383,0.04048201,0.23944453,0.28872047,0.72368311,1.04656042,0.93878263,-0.81897149,-0.65654832,0.82300136,2.05128315,-0.2857509,-0.23485306,0.6146455,-0.87319041,0.74433137,0.07012663,0.20264826,1.29677158,384.48,0
152144.6,0.02885717,-1.25370643,-0.88540813,1.66904102,0.21878109,-0.24766113,0.72551015,0.47676496,0.22792355,1.23141268,-0.68353588,-1.67325285,-0.6213869,1.08116592,-0.29585961,-0.11674695,-1.38295239,0.16689491,1.52029206,-0.95378372,-1.17502501,-1.09267794,0.63810326,0.50549538,-1.18875431,-0.23066895,0.32378513,-0.86557152,105.14,0
152221.5,1.19157753,1.57741556,2.03371774,0.86284896,-1.26842063,-0.89409823,0.88415129,0.20917837,-1.73262259,0.88637484,-0.04259622,0.41548244,-0.40542222,-0.22724252,0.70964563,-0.51292262,1.97292093,2.34836516,0.26190965,0.14699364,1.42837191,-0.90931842,1.09540806,2.63267658,1.16809752,1.97677422,-0.75120575,-0.7142206,583.55,0
152243.6,-0.79605428,1.71254475,0.65931542,-0.38690169,-2.19343209,-0.11636733,2.06864551,-1.68265748,0.40318823,1.79330377,1.33049013,-0.96052292,-1.19420225,-0.33566345,0.70054058,1.38299026,1.08492938,-1.60559732,-1.1776724,0.2861179,-0.14429451,-0.79472811,0.96360683,-2.19036086,-0.51601399,0.85290609,1.23964232,-0.62792695,76.92,0
152305.6,-0.46973233,-1.52361089,0.22256143,0.96185016,0.17355651,-0.48724405,0.73817363,0.40395142,0.86629427,0.53925669,-0.26653554,-0.13604808,-0.74238701,0.4500067,0.08329859,-0.49321238,0.64194097,-0.21408826,-0.04976233,-0.69352831,1.34482348,0.61169566,0.40407711,-1.56615396,-0.16001422,-1.1415051,0.19005173,0.11908289,106.59,0
152311.5,-1.77245546,-0.40462111,-1.35739382,-0.9194037,-0.43773355,-2.49491396,-0.76878744,-0.58201297,0.70977393,0.46722497,0.29262789,0.66689894,0.21184939,-1.06794026,0.56808951,-0.66185149,0.45010872,1.21812211,0.92322196,-0.15349984,-0.05722972,-0.0572468,1.78280983,-0.24589317,0.16247478,-0.38276388,-0.10114148,-1.66909986,262.46,0
152390.1,-0.92065064,-1.8534531,0.58208729,0.7556421,-1.49591014,-1.87222068,0.76817515,-0.91934975,-0.46935976,-0.03702703,0.11115116,-0.76485544,0.12438603,1.30293945,-0.59184397,0.45359226,-0.50682656,-2.06890434,0.09021503,0.00485279,0.10679811,1.32630212,-2.09555333,-1.85865944,1.40116523,-1.93740169,-0.47870253,-0.69005663,41.49,0
152468.7,0.64131664,0.9810957,-1.26788549,2.15309554,-0.60781132,-0.90464623,-0.76651906,0.04697856,-0.88945157,-0.85462045,0.71298749,-1.02262832,-0.00439181,-1.88970421,-0.64765133,0.1139332,-0.09207507,0.73772959,1.69977407,0.24425473,-0.00420071,1.3604453,1.07937731,0.39886439,0.3385641,-1.86144347,-1.30295133,0.03432659,331.18,0
152471.2,-0.40179598,0.9364627,0.13741203,1.44253879,-0.0010135,0.75260785,0.12569469,0.56808848,0.31101318,0.20771654,-0.87617467,-0.51693002,0.72923049,-0.41911067,1.00032098,-0.79663545,0.66341624,-0.53369514,-0.4613471,-0.44522383,1.28227413,-0.83758607,1.68081927,-0.35165371,-0.51511293,1.37604074,1.83308155,0.34822554,136.33,0
152485.5,-0.85189948,0.39366548,1.25058693,-0.6492518,-2.00109838,1.69005057,-2.1354961,-2.05700744,-0.80217149,1.17558701,-1.09269914,-0.3873989,-0.94316727,-1.07477073,-0.39099417,-1.62649665,3.47855468,-1.72256547,2.0378303,-0.94437278,-0.72914245,-1.31334351,0.61660528,-0.60632153,1.58033232,-1.81178168,-1.5572054,-0.23678796,147.28,0
152487.2,1.47282177,1.73378232,0.47870209,-0.50262351,0.51864377,-0.43693875,-0.58073133,0.51225012,-0.13681558,1.48669404,-1.4430319,0.83440706,-1.58611901,0.25668761,-0.278612,0.91093414,0.03189161,0.66050818,0.14237437,-0.85409164,-0.94464021,0.1901946,0.4187697,-0.64103836,1.84345536,-0.97094839,-0.15248195,-2.79222041,333.36,0
152718.5,-2.10993008,-0.41439886,-2.14374246,-1.39247386,-0.7686192,-0.458614,-1.79757609,0.54615026,-1.21952002,-0.82062873,0.23425566,1.06647918,0.89467077,1.68040907,-0.81973668,0.29468248,-1.79278264,-1.41388787,0.56791573,-1.81346787,0.27724459,0.78978888,0.15796684,-1.10703731,1.10970991,0.71430727,0.15029695,-0.49854178,473.48,0
152793.0,0.56487105,0.07177258,1.87529466,-0.26319088,-1.91887682,1.85877891,-0.55135033,-1.20632892,-2.45123163,-0.49136246,-1.24684497,0.24065722,-0.08535072,1.61465786,-0.35573842,1.64579554,0.84278743,1.37668755,0.4132744,0.6232756,-0.40479503,1.76945779,0.40509854,-1.22312019,-0.09697863,-1.61087762,-0.98282893,0.65497226,157.58,0
152860.4,0.00646495,-2.44454305,-1.38286692,0.13476681,0.63020669,0.46603771,0.66988966,-1.15741934,-1.07714976,-0.36417739,-0.36452008,-1.07651557,0.46462614,-0.08531133,-1.12476202,0.65426043,0.57209391,0.72045779,0.41750627,0.75262749,0.375774,-0.18709536,1.00505195,0.10281025,-1.12355249,-0.92069712,-0.77751716,0.29368184,470.09,0
152888.7,1.5601118,0.97674797,-0.69573794,0.60829025,-0.09553985,-0.2441079,0.16255169,-0.20185343,-0.77739468,0.51622259,-0.35486239,-1.06995782,1.59369404,0.3840427,1.27453972,-0.20144456,-1.90961093,-1.71490846,-0.45019684,0.17374725,-0.95841718,-1.08696957,1.00323232,1.17244238,0.11573317,0.66908072,-0.45675656,-1.26175801,57.6,0
153093.9,-0.44423825,0.78265848,-1.19360541,0.06932185,-0.70836591,1.27638285,-1.44723723,1.68935633,-0.5473677,-2.20463701,0.43287724,0.47230143,-0.15304534,0.85384745,-0.81381571,0.33346801,0.40417074,-0.15965389,-1.44510822,0.58589595,-0.31474716,0.06726233,-0.34982116,-0.38935609,0.14688676,1.67941876,0.83169911,-0.16972868,109.56,0
153156.8,-0.48725757,-1.19735308,0.58371183,-1.07974459,-0.25558517,-0.04991297,-1.41283481,-0.55187057,-2.75903316,-0.03224272,-2.07437254,1.05609545,-0.51116961,-0.05120698,-0.62388709,0.23330703,-0.71385304,0.55612606,-1.99930993,1.20345244,-0.95153642,0.15191406,1.17959609,-0.51897794,-0.70891467,0.23575777,1.51683007,-0.90978635,27.16,0
153305.7,-0.03677955,1.25059623,-0.51134244,-0.62127763,-0.45767718,-0.10851394,-0.94514934,0.12532021,-0.66464254,0.36800151,-0.20971009,1.35521317,0.29880261,-1.73817218,-0.99648793,-2.2371794,1.06542709,0.66839666,-0.45933967,0.04674389,-2.59980261,-0.10835505,1.12506011,1.3542281,0.22213256,1.46646363,1.03767532,-0.57145887,101.31,0
153354.3,1.76208762,0.25263407,-1.11022774,-1.67158538,0.72437542,-1.08469389,1.07320771,-1.55964048,-1.235206,0.44211795,-0.38822022,0.41130217,1.46520577,-1.73878624,-0.60788744,-0.36054123,0.10585253,-0.41971995,0.41301266,-0.76190436,-1.66647852,-0.04810114,0.03191477,-1.11747955,-0.01072885,-1.71138781,-0.32130709,-0.57531079,64.73,0
153469.1,0.58151331,-0.94246191,-2.18735466,-0.17020914,0.64267551,0.75681979,1.741387,0.90443403,2.03850534,-0.5088906,0.49791391,1.3774942,1.18599048,0.43345516,0.68216009,-2.60514859,0.96385702,0.08927234,-0.05213159,0.22282259,1.26695625,-0.09039896,-1.67776797,-0.16108157,0.3156676,1.01405941,-0.94062483,-2.23099633,389.87,0
153485.3,2.59840198,0.34939104,0.87462274,-2.38024718,1.75588491,-0.16465207,0.09075945,-1.90951583,0.74361146,-1.56084081,0.02627743,-0.26608602,-0.23176874,0.64291468,-1.21590118,-0.02962354,1.07031367,0.46321214,-1.032545,-0.32388909,-0.04153626,-2.5550234,0.12579839,0.7193164,-1.39753559,0.95358178,-1.78680219,0.586691,417.74,0
153539.0,0.36659272,-1.41633238,-1.1283419,0.76891104,-0.49729673,-1.35229357,0.44140969,1.49152537,-0.43707605,0.18611034,-0.98807653,-0.09939794,1.19841405,-0.14411276,-0.37280656,0.19770553,-1.68732602,-0.81071539,-0.70549983,0.6189935,-0.10782966,-1.20905048,-0.30362284,-0.50608148,1.84971638,0.80974564,-0.38207657,-1.96381589,257.67,0
153567.9,-1.16831752,-1.01991347,-1.33277354,0.74371798,1.12887811,-0.40341769,1.67443681,-0.22856027,0.10278164,0.38504396,0.17046908,0.43587774,-0.3530403,-0.60570856,-0.7454317,-0.87560488,0.69458719,0.77981111,-2.09102722,-0.40834396,1.16873554,-0.39967704,0.75960975,1.13477989,-0.38060534,-1.52771947,1.32831714,-0.58141698,268.94,0
153669.9,-1.24497171,0.15262121,0.72447378,0.96753034,0.312333,-0.90788149,-2.21120146,-1.13849447,0.02026822,-0.55574276,-1.24087031,-0.92122717,0.70710321,-0.25520606,0.49518321,-0.98082941,0.71215601,-0.1791455,0.57733777,0.66808976,-1.16077617,0.58710113,-1.63958048,-1.25702512,-1.14624785,-0.26380713,-0.62091751,1.16248371,96.99,0
153695.6,-1.17001192,0.33790831,0.24462958,1.40478917,1.02221858,0.41630335,-0.16059332,0.19564445,-0.01690722,-0.39598821,0.73628474,1.41573714,-0.53567949,1.46882292,0.51823491,0.10790418,0.19109671,-0.19770178,-0.94233753,0.18735003,1.83513116,1.41026715,-0.64030997,0.54111116,0.31161557,0.41547957,0.00169694,0.70848263,289.5,0
153740.1,-0.36834497,-1.23999032,1.86327516,0.5565456,-0.06068554,-0.77071486,1.18707091,-0.06382886,-1.95060447,-2.46081454,-1.22849027,0.48990134,-1.80065107,-1.48114979,1.12890324,2.23416654,-2.07900339,-1.16487201,-0.33047827,-0.68220512,-0.35011306,-2.26945206,-0.74446769,-0.09805945,-1.51475349,0.27217053,-1.12667616,-0.86914264,511.24,0
154161.0,0.05953822,0.8712823,0.2108454,1.33246938,0.28828415,-0.18801737,-1.46148028,-2.62104428,-0.71318492,-1.25057158,-0.88742947,-0.82992341,-0.03841301,1.41672499,1.50843424,-0.85398018,1.38923601,-1.40507411,-0.10796725,-0.49128103,-0.65236575,-1.19915151,0.37416194,-1.7597772,0.47684269,1.31659887,-0.80205593,-0.87672778,172.55,0
154195.1,-0.17200947,0.54340063,0.20817897,-2.13438103,0.61455137,-1.69262538,-1.1890305,-0.8642614,-0.67372136,-1.44955774,-1.93652813,-2.86499897,-0.06164298,1.03957428,-0.2047643,0.17316811,-0.33929679,-1.25791103,0.59361257,1.49696232,0.21370258,1.2182767,0.47356477,-2.12506262,-0.56093975,-1.04934099,1.08143252,-1.58229779,200.8,0
154347.0,0.1219066,-0.59955301,0.22748224,-0.18268025,0.78290109,-0.97196245,-0.63904064,-0.07824974,-0.11677187,-1.20865362,-0.01237293,-1.31089282,1.11765584,-1.23153526,1.04531654,0.1541222,0.02371551,-1.41001401,-0.76460491,0.91017088,-0.68171806,0.16125244,0.35061377,0.04310585,-0.31957079,0.42808695,-0.46401297,-0.931389,109.17,0
154417.8,0.13026127,-0.49972682,-1.43114724,0.9433974,-0.12636101,-1.09267843,1.09067019,-0.81248081,-2.21915333,-0.06909049,1.1513825,0.658344,0.2946026,1.34853801,-1.65295287,0.7541376,0.31851847,-0.61743991,-0.79354408,-0.84612837,1.96051392,0.29669752,1.5270055,1.21244307,0.71279881,1.60306803,1.30934645,2.08242572,332.9,0
154479.0,1.97387411,0.22103046,-1.50509938,0.02711075,0.52020501,0.08821844,-0.57552641,1.92660926,1.65216599,0.18481915,-0.69375159,-1.10142324,-0.07780014,0.70648224,-0.4575794,0.52063993,1.70037415,1.16312309,-0.96527124,-1.20545129,-0.18050796,-0.17227164,0.50409722,2.39344753,-0.04528754,-0.51189266,-1.877198,-0.34086411,81.51,0
154536.7,0.0710904,0.14543389,-0.28011123,-0.59551826,1.05655355,-0.85878167,1.82907535,-1.5844192,1.46714738,0.10901287,0.40377683,-2.35851497,0.85015499,-1.55279006,-0.19794753,0.9758097,-0.56246922,-1.25513048,-0.11341229,-2.27249755,1.27173878,-0.57371494,0.59741365,1.5348855,0.17931355,0.8795722,0.5604699,0.43533536,21.07,0
154586.0,1.11088741,-1.00964296,0.2552981,-0.75743162,0.72313201,-1.67766753,1.63333994,0.86518897,-2.43144344,-0.15615983,-0.68692951,-0.13689919,-0.44618355,1.47377258,-0.84811532,0.53716873,-2.43380221,0.58255152,-0.37206402,-0.17669708,0.52406712,2.44511538,2.03853543,-0.03431516,0.93278212,-0.6057276,-1.93607336,-0.74052206,949.35,0
154602.5,-0.16789461,0.39144594,0.17618394,0.22576167,-0.70949522,-0.4891732,0.17982784,1.41504832,-0.54257918,-0.21156669,1.14637608,-0.43158377,-1.79178691,0.72408898,1.09658819,-0.01020814,-0.8859119,-1.41826605,-0.71922035,-0.1921681,1.88671838,2.1566588,-0.3916483,-0.76057459,-0.38906411,1.00229908,-0.83908281,-0.33296611,300.05,0
154750.2,-0.4960262,-0.38229921,-1.32827414,-0.25754155,-0.24477565,-0.51540328,-0.42082196,-0.73534459,0.38120014,-0.84338088,1.76886366,1.35299151,-1.224022,-1.97594818,0.58690061,-1.46298611,0.05858864,0.03049024,0.51792267,-0.23152418,-0.48998405,-0.72937897,-1.23557941,1.01434419,0.25271587,-1.1126392,1.19757743,0.53903962,283.51,0
154783.7,0.07584339,-2.52936984,-0.21461405,0.4362779,-1.90554016,-1.07656054,-0.3944877,-1.22006051,0.05286967,-1.24204952,-1.23618701,0.92244464,0.13821989,0.41316905,-1.67124286,-1.18194791,-0.64567548,0.44095622,-0.2624093,-1.20551062,-1.79661768,1.36210513,1.98862784,1.51522299,0.82495098,-1.92046633,-0.35398417,1.2502528,929.11,0
154817.9,-1.06639264,0.02094946,0.69585126,-2.05576039,0.22927025,0.55238125,-1.18874762,0.37799279,0.97387027,2.03211417,0.36618785,1.50909858,-0.47496364,1.00243234,0.53044441,0.48284114,-0.98883902,0.13687597,-0.14829749,-2.60342331,-0.3252028,-0.55021072,-0.32972501,-0.61591814,0.62689353,-0.51175016,0.65046477,-0.08060779,117.29,0
154887.8,-0.06576456,0.95839816,-0.36761548,-0.01892225,-0.21022208,-0.79606839,-1.51096481,2.30402455,-1.75151183,-2.85866156,1.66185569,1.90763882,0.19370516,-0.68951189,0.97921142,-1.04402643,1.66448863,-1.10116519,-0.84102339,-0.42638068,0.87955119,-1.23677881,-1.36632773,0.07135019,1.33853945,-0.27491862,-1.18104501,0.91159028,159.16,0
155004.2,0.63555692,-1.42768826,-1.23383576,-1.21649537,-0.19779231,-1.59447023,-0.53042876,0.83808225,0.72925379,1.63954207,0.85364133,1.01301104,-0.52897019,-0.35805951,0.87886888,0.85858835,-1.91635259,-1.38858683,-0.97785385,-0.85997257,1.31737279,1.80591952,0.3299313,0.34071143,1.94194598,0.44868976,0.55904309,0.37270572,181.58,0
155024.7,0.56334647,-0.23664221,-0.35746548,-1.87793522,1.71511727,-1.06607353,-0.90991514,0.10481057,0.73405596,1.52326106,2.17460975,0.75383599,-0.48015879,-0.65680259,-0.17850041,0.80444751,0.95489092,0.61692686,-1.89444964,-0.56616559,1.45668845,-0.53308681,-0.08033607,2.72679881,-0.07393322,1.42343273,1.83871116,0.75817517,20.73,0
155068.1,1.07432534,-0.79764911,-2.38287866,-2.14454873,1.57271591,0.45946443,-0.6688395,0.86273682,-0.91873644,0.59220096,0.41981324,-0.7118579,-0.5321635,0.07708249,0.69203444,1.55742678,2.03179269,-1.1785915,1.83794481,1.0681733,-0.79976638,-0.53295816,-0.57707501,-0.78806064,-1.10451094,0.44868998,-2.0474855,-1.26500288,260.29,0
155097.2,-2.41256556,0.19938005,-0.29051614,-0.79028467,0.52267243,0.44670725,-0.93225784,-0.62285004,1.47588719,-0.05465058,1.88648653,1.55644597,-0.69134494,-0.87356371,1.07733286,-1.3223079,-0.58721605,-0.51483254,-0.95844785,-1.5798733,-0.83088118,-1.29595886,-0.61305395,0.06278661,1.05163675,-0.39674414,-1.01289159,-0.00306448,269.93,0
155121.1,0.43247017,1.58065267,-0.19904909,-0.66332721,0.91188348,1.03744976,-0.17179434,0.46805917,-0.26740746,-0.51933429,0.1720727,-0.02726928,1.03157287,2.07076404,1.36650488,-0.9938172,-0.82426508,0.72399867,-0.28448627,1.13798972,0.42337616,-0.09401007,1.05713208,-0.08465085,0.27747076,0.53576658,-0.89258113,-0.45357261,133.15,0
155211.1,0.35730992,-0.08949598,0.30774536,0.48047329,1.22148226,2.08343088,-1.37974482,-0.45087426,0.24174348,-1.87621108,0.48767112,-0.74294425,1.38772361,-0.48462832,0.56042117,0.06808241,-1.31468993,-0.06317779,-0.68362573,1.09418016,-0.70634563,-0.87136011,-0.0633808,0.39047721,-1.01601673,-0.2597592,-0.40829826,-0.26760113,341.13,0
155215.9,-0.78907881,0.3653628,1.75091424,1.71589386,-0.39519062,0.81539089,0.68892402,0.54921754,0.27968331,0.50375676,-0.34953115,-0.42398421,-1.62509688,-0.11923987,-1.36305918,0.37162485,0.97411814,0.50089984,-1.64701343,0.54892249,-0.62079025,-0.63431369,0.05082267,-2.00420667,-0.52952493,-0.23859462,-6.916e-05,1.58390273,220.79,0
155219.8,0.82792064,-2.67443303,0.34099987,0.28772654,-1.53993818,0.04774331,-0.1859092,0.50148965,-1.29154752,0.59609944,1.62742128,0.30303043,2.37580399,0.59801365,-0.25445108,-0.46213784,0.49725363,0.3517713,-0.67061272,-0.04330888,-0.47926206,1.18333521,-0.54151041,0.06894588,-0.23188619,0.19729064,-1.24971448,-1.96776855,41.93,0
155360.9,0.91585587,2.89564239,1.30134589,2.44669213,0.49507985,0.57198167,0.2208258,-0.87227793,0.0308772,0.9262141,-1.57920491,0.90425378,1.71833471,-0.15321029,-2.54180642,-0.38386856,0.17520358,-1.83155519,0.19023725,-1.47860122,-0.70739115,2.0341193,0.06122909,0.08290736,0.16382869,-0.68764603,-0.39018781,-1.1967747,225.98,0
155479.5,1.7570061,-0.72874681,2.63145911,-0.89556587,-2.35947677,-1.38330909,0.72090019,0.58088284,0.60707621,-1.94966004,-0.2000594,0.87514492,-0.2852595,-1.27965376,0.35753233,0.50346391,0.74372117,0.2977626,0.63320515,0.57316835,-0.36331188,0.83435652,-0.31224069,1.04858861,-0.38089124,-0.68085541,-1.34697417,-0.69147034,90.49,0
155490.4,0.87151967,0.3465428,-0.08401228,0.54233775,-0.77792559,-1.7282819,0.10054015,0.57469549,2.12361722,0.93964249,-0.04684955,-0.05556221,-0.60401173,0.83955189,0.08723738,1.18605244,0.12487681,-0.1194793,0.41703318,-1.25092719,-0.10773492,0.91451149,-0.45717912,-0.03637811,0.26849279,-1.05600748,0.23455485,-0.12003666,147.42,0
155626.0,1.09874975,-1.08736342,-1.70033683,-0.17716489,0.44988661,1.06714423,-0.25257938,-1.63636724,-0.92020056,-0.02095271,-0.53909634,-1.45277349,-1.76171775,-0.15775133,0.70973355,0.21953991,-1.87076832,0.48033233,-0.0195844,-1.81953004,1.4861042,-0.07780814,-0.75361722,-1.96937908,-1.07847463,0.34771662,1.32988591,-0.67155704,396.18,0
155768.4,0.60749602,1.56548733,0.22246622,0.245213,-0.17122917,-0.60226253,0.55325613,0.67242893,0.0971812,0.63849037,0.46463382,-0.41711626,-0.43083474,1.4852993,-0.1058899,1.15543416,-0.81536423,-0.43959063,-0.68695002,-0.85005027,-1.28349204,-1.38456648,1.84713219,0.43402989,-0.93562562,0.81777979,0.38079545,1.50916433,173.0,0
155824.5,-0.69300037,0.16626336,0.54663839,0.44144388,1.86515138,-1.42735089,1.66188634,-1.6249317,-0.93972346,-1.54045648,0.24311792,-0.11433006,0.44831311,-1.98929406,-0.81503842,0.59817141,0.84564376,-1.35937721,-0.27977857,0.69085579,1.06305073,-2.80881155,0.54372099,-0.79679709,-2.01113988,1.46007066,-0.22068716,0.65610152,304.04,0
155879.0,0.62034291,-0.78379964,-0.46003125,-0.11374349,1.00286363,1.13121853,0.20834153,-1.60713879,-0.7347182,-0.81332876,0.26511163,1.90936347,0.97440238,0.76760145,-0.81739522,0.15775807,-0.50119136,0.38992256,0.55532573,1.55977155,0.04113594,-0.42499705,0.58490578,-1.94390324,0.60315836,-1.36182427,0.53495389,-0.28561321,233.53,0
155906.2,-1.46718987,1.58460778,2.3272727,-0.15280631,0.52375925,-0.57187633,0.10555425,-0.47300379,0.37340445,-0.12877652,-0.65849726,1.20985711,0.30348131,-0.73285718,0.26128616,0.47768243,-0.50385894,0.12703046,1.08131231,-1.27584466,1.97921907,-1.68400503,-0.93059657,0.56390436,0.88014438,0.85156173,-1.29872858,-0.69166604,305.93,0
156065.8,0.1216817,-0.51371556,0.52050542,-1.63097919,-1.12400171,-0.22932812,1.41312646,0.44045759,1.56840125,0.08952798,-1.14052857,-0.72670967,-0.0478746,1.12634085,-1.39507202,0.19959397,-0.24934068,-0.58345282,-2.49061324,-0.15676912,-2.02815682,1.23523127,1.34494592,-0.07372429,-0.77796225,0.09148682,-1.64591469,1.287869,425.54,0
156112.3,-0.17501232,1.34335519,-0.68774393,-0.36855303,-0.76508394,-0.69528613,1.81670557,-0.55094192,0.03019057,-0.32332168,0.11278246,1.27565292,0.98754971,-0.70837982,-1.83490242,-2.63439401,0.56738578,-0.26508959,-0.55003145,-0.18808332,-1.08065675,-0.64953599,1.21372449,1.15485723,1.29260072,-0.01576647,-1.40454283,1.1367611,28.24,0
156167.6,-0.88218685,0.47186424,-0.03301907,-0.92314611,0.46411703,-1.89969286,-1.08945476,-0.54090892,1.70387638,-0.67217391,-1.20188094,-1.24992575,-0.11097123,-0.19908648,-0.20182788,-0.09025999,0.43008958,-0.15194873,1.58047899,-0.86023533,-0.2553201,-1.92911045,-0.04078027,1.84658793,-1.50191416,2.23863546,0.00886991,1.08679701,352.39,0
156191.6,-1.81972893,-0.53600691,-0.4917833,-0.28054742,0.59767777,0.61633331,1.43605281,-1.05746031,1.37197837,-1.64360977,0.18807957,0.73398677,1.38991445,1.04759262,0.76239389,-0.6795429,-0.42075989,-0.39842379,1.80881978,-0.85281827,1.80436576,-0.27178401,0.1646821,-0.15191194,-0.07576823,-0.89540424,1.63293699,-0.75820171,387.65,0
156293.1,-0.91804504,0.6170341,-0.41494213,0.40980529,1.73886374,0.71005448,-0.62286946,-1.47920526,-1.03895843,-0.0886548,-0.78497785,-0.76461713,0.06943344,0.60697455,1.27672174,0.27318835,2.70116611,-0.14753459,-0.08754068,-0.91152109,-0.55596498,-2.98287207,0.21252011,0.59178594,-0.03260996,0.03282241,-0.0396817,-0.28907594,282.49,0
156314.7,0.11978756,-2.02894662,-0.19626156,0.10523213,-0.30231099,-0.73076683,0.6690794,-1.47071712,0.91067507,0.00821772,-0.27719408,-0.39871489,0.18567275,-0.96030134,0.89811798,1.27525532,-0.38785879,1.38700447,-0.71049913,-1.60213661,-0.04207837,-0.08711402,0.90672254,-0.15476779,-0.2561697,-0.1248036,0.86733079,-0.66171335,335.27,0
156498.8,0.46595461,-0.63440554,-2.00463635,-0.97440956,0.49092023,0.02389288,-0.23030568,-0.52956617,-0.25360608,-0.06334955,-1.23249192,-0.23732997,2.02374127,-0.08357168,0.64579929,-0.10015055,-0.34594145,-0.71749751,-1.84885861,-0.53439577,0.69229436,-0.20892735,1.58139793,0.84450774,1.01528927,0.58205943,0.45188688,0.65523592,165.46,0
156541.7,0.17020703,0.57363851,1.89485285,1.33358106,-0.45654438,1.16393096,-0.35947886,-0.113516,2.02055505,-0.21904232,0.04924461,-0.06513454,0.11393365,1.73296674,0.66229345,-2.31067381,0.47884974,-0.10658182,-0.48521615,0.15331424,0.17452488,-1.73020133,-0.49824931,0.11039534,-0.39795673,-0.70279691,1.52805438,0.88138774,61.64,0
156604.6,-0.61503132,0.39951681,0.42124744,-0.04411632,0.35272954,2.03703141,0.17277889,-0.31579297,1.26593647,0.99744323,-0.24865039,-0.94770393,-0.19069228,-0.1051693,-0.17361699,1.06294118,1.01561811,0.31705384,-0.45977725,1.27016829,0.85861468,0.3398449,0.12499025,-0.34438749,1.37885946,0.97870298,-1.62661473,-1.45649949,234.21,0
156623.7,0.08264705,-0.15062795,0.83464736,0.31706415,0.40687709,0.71607784,0.50233721,0.64249956,0.12912694,-0.05830602,0.2322155,-0.92505457,-0.41571584,1.54813446,0.6490168,-2.19164697,0.21774127,-0.02678972,-1.72035238,0.54097507,0.55319415,-1.6243229,-0.39796368,-0.85831199,-0.91963149,1.55682607,-0.43721129,0.74282914,119.21,0
156735.2,0.15327941,0.2597822,0.09697974,1.75453834,0.5996691,-0.31360344,-0.19529165,-0.46110117,0.17137006,2.37511374,0.05300889,0.74642143,-0.97985912,1.17492187,0.34018493,0.71972662,-0.07992904,-0.25450439,-0.76718296,-1.05100644,1.77453502,-0.5089106,-0.37041332,-0.57019741,-1.27227363,0.28252146,2.24947299,-0.38428821,252.87,0
156927.1,-1.1461404,2.24745196,1.25018045,0.26645129,1.18827453,0.70196162,-2.3543258,0.99316243,-0.44961623,-0.59314383,0.97862404,-0.67034035,0.82606741,-0.66663085,1.29238961,1.4304125,0.74673669,-0.17758671,0.09420241,0.95794933,0.65916571,-0.3397617,1.24100456,-0.10579489,-0.6224325,-0.14494667,0.66639601,1.34155348,14.25,0
156993.0,-1.64780712,-0.48389398,-1.5039412,-0.39740583,-2.75441359,-1.19505809,-0.53015479,0.12739939,0.58275752,1.18794071,0.80858728,-0.81104767,1.29625783,0.32410319,0.61143794,-0.4032994,0.46759979,-1.39842721,0.55873547,-0.83458073,0.31290442,-0.31597208,0.60840283,0.15211686,-0.17498556,1.04386395,-1.00254153,0.25751894,111.65,0
157082.3,-0.34675452,-0.36039598,0.21086657,0.56791375,0.37199957,1.5892447,0.32933159,-1.38716437,-0.79385304,0.2912279,-0.74305586,0.16602394,1.19525159,-3.20179202,-1.49214614,0.54156958,-0.07836298,2.77979216,-0.56192436,-1.01368613,0.67534302,-1.72604748,0.02314215,0.82875215,-1.48467711,-0.5447714,-2.91216645,-1.41319449,85.61,0
157197.0,0.09032684,-0.71847496,-0.31356179,-0.22418319,-0.13699337,-1.62640235,0.80135847,0.12609562,0.03993009,-1.85011216,-0.84657941,0.88310641,-0.45748039,-0.49694975,-0.14891446,-0.05753953,-1.10441362,0.62299031,-1.68942701,-1.34185726,0.0266536,0.40288602,-1.7940748,-1.99676642,-0.82667636,0.96482106,-1.08962228,-0.96298527,314.53,0
157203.8,1.61674086,-1.02233374,-1.18983162,2.42433203,-0.01794391,-0.55499685,-0.8014803,-1.06830184,0.43902342,-1.47322419,-0.50627432,0.01411077,-0.70849757,1.41653337,1.41998985,0.01804566,-2.26905603,0.35260671,-0.23533618,-0.73432514,0.57032314,-0.13498066,-1.27135884,1.23947936,0.48595635,0.14696781,0.83118524,-0.60086543,144.7,0
157209.9,-1.21716949,0.61135347,-2.83157433,-0.11897939,-2.30200311,-1.6261929,0.4645769,0.09051653,1.55056144,-0.09355458,-0.59142897,0.92252247,2.06971991,-0.83333012,0.24698842,0.91886021,-2.08520072,-0.06376981,0.38071619,-0.51215652,-0.27480272,-0.32443266,0.56640457,0.84552407,0.06199571,-0.94541855,-0.5191369,0.57443945,287.79,0
157345.3,0.00531858,0.03949163,-0.72877969,0.14462065,0.0793436,0.75911625,-0.62676244,0.74612633,-0.02903863,-0.4170879,-0.32244958,-0.76668715,0.27178626,-0.49838565,0.64885225,0.42793994,0.21876775,-1.08493159,-1.32705688,-0.14278444,-0.14767468,0.33085159,0.08996996,-0.09014133,0.87859182,0.07728471,0.04511877,1.16898501,14.5,0
157374.7,1.26347658,-0.4279868,1.08320825,-0.5063043,1.28452875,-1.77718869,0.80628915,0.76773267,-0.40412443,-0.37855559,-1.56671042,-1.46746308,0.87976565,1.83462945,-1.62897388,-0.29059415,2.55414043,0.5684476,1.61115978,1.46342218,-0.24696301,-1.1377133,-1.90169694,-0.33272328,-0.63850201,-0.92585374,1.06080636,0.71080761,178.93,0
157526.7,0.4398379,0.32609988,-0.1466219,-2.41683794,-0.99127824,-0.41257798,-1.03684314,1.15140036,1.21035181,0.15705844,-0.49077108,-1.33189311,0.88939173,0.70184795,-0.23055121,1.25558302,-0.3242021,0.17229507,-0.19540593,2.42908747,-0.63405115,0.78997375,1.90347005,-1.05777003,0.36034237,-0.35793699,0.68273883,1.10623921,50.86,0
157612.1,0.18510599,-0.00219648,0.30398862,-1.87868137,0.8623221,-1.81526067,-0.13629863,-1.08935881,0.98940128,-0.26512161,1.33845756,0.39416995,0.29013798,-0.73428309,1.0370528,-0.60187187,-0.52350781,0.32666166,0.26351226,-0.86014291,1.31165839,0.41266053,-0.24259529,-0.05370515,-1.57469244,-1.28139798,-0.01430161,-0.69123862,68.76,0
157622.0,-0.58793126,-2.04522037,2.67132747,0.77758336,1.07738747,-0.93140196,-0.37244751,0.5157689,-1.31166329,-1.24008181,2.40370963,0.07038955,-2.98998427,-1.40983368,-0.86654539,-0.64723873,-0.11891795,-1.1929777,2.00301241,1.15609976,-1.32592348,-0.06517928,1.59283349,-0.64983697,0.93138708,0.14588814,-0.19764183,2.05804339,31.66,0
157625.4,0.07339778,-1.05062848,-0.19285,0.73180755,-0.76237367,-0.91120159,0.36987094,-1.10744799,0.8112087,0.42820196,-1.09969104,-0.47075744,-0.86227312,0.98448945,3.49443877,0.79500676,0.17656192,-0.03811256,-1.02068724,0.34535142,-0.55104125,1.59547705,-1.42554271,-0.03114204,-0.04890881,-2.38973476,-0.38055076,0.14351013,1.9,0
157821.9,-0.76807233,-0.79013147,1.5375192,-0.75817014,-1.23883426,-0.89004148,-1.52865865,-1.24540854,1.29587222,-1.28412212,-0.01949219,2.08674832,0.02791545,-1.01544688,1.66117581,0.67879762,0.73909994,-0.01267536,-1.45223396,-0.05370927,0.76619918,-0.55839384,-0.41463292,-0.61154494,0.36566596,-0.93675655,0.19772708,1.99821229,487.55,0
157843.4,-1.44707068,0.31048246,-1.39479163,1.56826109,0.16794376,2.60677391,0.88169449,0.17983149,0.07958787,0.48957567,-1.30672307,1.2557744,1.05002479,-1.31474268,1.09320161,-0.66879373,-0.25946278,0.86044021,-0.71248938,0.73717825,-0.09874036,0.22698942,1.62592192,0.11393509,-1.43159823,-2.44145633,2.57508606,0.13601641,423.26,0
158009.6,-0.2738337,-0.5870833,-0.75149324,0.16681302,0.45389943,-0.3388624,2.05328256,1.01271645,-0.79481669,-0.42791562,-0.12192638,-0.77259024,0.0745634,0.74789967,0.45242977,0.06871386,-0.19678521,-0.75741199,0.73324533,-1.93442964,-0.00131348,0.08786325,0.97392614,0.93637906,0.36805047,0.97874817,-0.31411308,0.61795741,77.17,0
158360.2,-0.01872831,-0.51075508,0.02826887,0.66037763,-0.87579516,0.87273793,-0.64521591,1.28910309,0.79320626,0.49563665,-0.72419418,-0.21057117,0.29991161,-2.03334274,-0.5517493,0.9380735,-1.26818077,1.27897831,-0.62831519,0.32325734,-1.14766385,0.48437826,0.46272803,1.13637396,1.3540701,1.25352369,0.20891898,-1.22616412,418.94,0
158675.5,-1.49295672,-0.82539324,-0.87328967,1.03099405,-0.2680272,0.46142694,0.62590889,0.07486122,-0.78808261,-0.70739618,1.73525085,-0.47496452,0.46425823,2.11240508,-0.65608987,-0.01566866,-0.76464923,1.85885581,-0.79478586,-0.82027049,1.27123851,-0.96261798,0.20432239,0.20051368,1.19150576,0.62427791,1.19981126,1.72189817,249.54,0
159171.9,0.04245617,0.92505113,1.00637538,0.26473229,-0.36597483,0.61580689,3.05129589,-0.56636995,-0.26975892,0.93709046,1.45867737,-0.09871029,-1.00778603,-1.40010592,0.90695415,-1.17753849,0.66500435,-0.40127022,0.8611051,1.63745304,1.28069795,1.64119999,-0.41875812,-0.51165291,1.12798309,-1.54239215,1.24089486,-1.11606786,97.06,0
159177.0,-0.11772879,-0.42780577,-0.4965903,-0.78617618,-1.19829756,1.19063258,0.01955736,0.26517336,1.29737799,0.39443421,0.53305504,-0.21047166,-0.85532529,2.15785455,0.18557972,-1.11879157,0.7218944,-1.33028141,2.09422262,-0.8491597,1.47726864,-0.09798254,-0.70579169,0.24034742,-2.54614416,1.37103022,-0.64835265,-0.51509686,191.05,0
159193.6,-0.44459723,1.48705752,-1.17374746,0.88422291,-0.61653713,2.33720165,-0.16866141,1.03085595,-1.50334214,-1.63614743,0.61840415,-0.28110957,1.137593,0.71665004,-1.20626218,0.90140808,2.19221061,-2.36401007,-0.02887941,1.24911516,0.7810299,2.31903887,1.39174295,-0.42372522,0.13205326,0.81750267,0.03477833,1.17901952,662.1,0
159299.3,-0.0943763,0.82860928,1.71443563,-0.6195091,-0.67564924,1.15588614,-0.68002783,0.23168569,0.15432156,1.4647464,-0.4218612,1.21869538,-1.2975173,0.85631696,-1.30209998,1.98380128,0.38668038,2.88736443,-1.49713831,0.18870325,0.67262183,-1.46402224,-1.39091097,1.67717525,1.20030706,-1.1788687,-0.57713025,1.42830307,47.28,0
159309.1,0.32923518,-0.54049823,-1.08910999,-0.72268964,-0.63794802,-0.32408972,-0.44737461,-0.66916248,-0.09846066,-1.19421002,-1.03957318,-0.75507226,-0.09239984,-2.2825575,0.54223037,1.43129284,-0.70587732,0.32352054,-0.43147484,-1.85866154,-0.28694693,1.03568884,0.06399188,0.21832534,0.30188926,0.85553229,-0.1246347,0.58740537,443.63,0
159322.7,-0.78025804,0.24241743,-1.63166874,0.96398773,-3.53708617,0.46373868,0.38836997,0.91669168,-2.41479365,-0.11082563,0.01829548,-0.0321794,0.7488107,2.61234382,0.91819345,0.76701571,-1.50412488,-0.47049468,1.69323499,0.52097384,-0.36667753,0.89118414,1.137423,0.91118514,0.08842466,0.29305232,1.29853465,0.01852105,50.24,0
159330.1,-0.69625305,-0.04700453,0.53928575,-0.48857222,-0.13776925,-0.47982338,0.98343923,0.89185386,-0.55336879,-0.89884054,1.30004247,0.84218348,0.64090508,0.10697482,0.20448477,0.63848777,1.78011135,-0.48442493,0.17942751,-0.62275468,-0.53277163,0.53685697,-0.26919651,-1.31682397,-0.14951409,0.34328882,0.36242983,0.57005305,354.71,0
159357.5,-1.5125934,-1.74327609,-1.20460091,1.11381067,-2.10271492,-0.16947025,-0.91421763,-0.77009068,-1.59698045,-0.33324041,-0.55646194,-0.83143536,0.13101799,-0.41149086,1.81962645,1.76862786,0.4834973,-0.99994956,-1.17990279,-0.67367245,0.40894595,-0.39283824,0.27155954,-0.52480081,0.0221999,0.41124443,-0.55154327,1.01343079,99.08,0
159382.4,-1.4441302,-0.93543943,-1.1940276,0.23217851,1.71442103,0.162543,0.06795401,-1.05794943,-0.79673073,-0.24913847,0.78308131,0.95665721,-1.27113013,-0.5736301,0.73727949,1.15063922,0.26662696,-1.19593888,-1.23788029,-0.3172999,-1.40905456,-0.17835591,0.90355196,0.83064852,-0.59195208,-1.30290452,0.07658225,-0.38076104,530.21,0
159400.1,-0.3524517,-2.42511428,-2.00703717,0.0204586,-1.70704567,-0.7305771,0.33849013,-1.96564439,0.62112749,-0.10070573,-1.44638848,1.29532964,0.63989035,-0.65508877,1.03498776,-0.65388899,-1.73330446,-0.1898914,0.085887,-0.10068702,-0.05109386,0.09212338,-0.17209668,0.16362358,1.04282733,-0.03948285,0.70907532,-0.40603942,109.8,0
159428.4,-0.35046648,-1.01578681,-0.56318833,0.10445505,0.32442187,0.79232375,-0.22651757,-0.59681037,-0.85276601,-0.78386095,1.49731856,-0.6335002,0.01135958,1.02176987,0.41059184,0.63246489,0.57873452,0.84757781,-2.11110373,0.70320752,-0.75003885,0.35556642,0.6674411,-0.61048754,-1.19119325,-0.04949381,1.01197417,0.99458932,22.38,0
159557.7,0.26666654,-1.97092658,-1.39585885,-0.06022446,-0.89074187,-0.25253699,1.41408623,0.07992692,-1.21045044,1.43083725,-0.20301916,-0.05239939,0.21262966,0.51321563,-0.73577191,0.0606097,1.24354087,1.23166871,-0.81870485,0.01592331,1.52482368,-0.26067042,-1.34363696,-0.6478174,0.59705784,-0.10295821,0.03900754,0.26053309,18.52,0
159565.5,-1.16108205,-0.90302319,-1.0062438,-0.50467424,0.97547794,0.62758258,-0.66178605,1.00871525,-0.51638115,-0.55943454,-0.09083048,0.79031779,-0.29084317,1.16469766,-0.83878817,2.00532649,1.07867602,-0.71130043,-0.49625723,0.69663295,0.55319652,-1.07342183,-0.66498199,0.41304374,-1.30234549,0.67549516,0.24151361,-2.08955816,362.67,0
159578.5,-2.26435963,-1.61326498,0.45183192,1.27476485,-0.03186478,1.08839604,-0.12347289,1.2386073,-1.55182365,1.14291896,0.7026243,-0.87322893,-0.58225703,0.15279416,0.26782621,0.70958718,-0.21463636,-0.98475454,-1.81922553,0.60923263,-1.98747069,0.60594742,0.74635,-0.39892223,-0.0520791,-1.08399812,0.2642553,1.32992926,139.94,0
159645.4,-0.25499016,0.21248862,0.3905221,0.12124361,1.78623112,-0.47757665,-0.82733093,-1.44460376,0.7707663,0.44391062,0.34178711,0.17091443,-0.56202806,-0.33438665,-0.03795312,0.76175875,0.18664045,-1.38519625,-0.54557111,-0.04904804,0.61744745,0.37954744,1.57039862,0.47641597,-1.45506488,-0.10986057,0.68476435,1.83717545,34.16,0
159663.3,0.05535964,0.2275178,1.95318832,-0.75192806,0.04063069,-0.22429757,2.30287788,-0.14343219,-0.8374991,0.4437039,0.38064088,0.61639169,-0.35253145,0.01139562,-0.28951533,-0.20776254,-0.5015749,-2.52914275,-1.80714574,0.83349263,0.71266125,0.10088035,0.56946622,0.58017725,-1.26341737,-1.74111262,-0.42662038,0.65044383,395.99,0
159682.6,0.16492703,-0.19475848,-0.79605557,1.88524789,-0.32041639,-0.52060481,-1.38720289,0.42011707,0.60569845,0.84359064,0.22311505,0.5441233,0.55429311,0.51438544,1.1784339,0.85247276,0.18880247,-0.53722508,0.80295416,-0.57714364,-0.14766976,-0.71621441,2.13292596,-0.97117183,0.66391916,0.67628798,0.87622112,-0.03961636,108.97,0
159683.7,1.26230218,0.79657883,-0.82065085,0.42766598,-0.57722084,1.2120294,0.84289577,0.12919888,1.37980808,-0.10726813,1.07846549,-0.06676845,0.18449971,0.24039824,0.27723435,-0.60715847,-1.1818251,1.19946889,0.29381291,-0.3899724,2.29735554,0.81957373,1.8054614,-0.89534781,0.07093531,-0.15041647,-0.16799277,-0.45576312,36.99,0
159829.2,-0.93708485,-0.17976763,-0.25993556,-1.32908516,-0.79348841,-2.1532284,0.12054851,-0.16048774,0.57402065,-0.22471975,0.86872684,0.44762274,0.36876667,0.34774741,-0.56847845,-0.10645416,0.00922165,0.29198936,-1.78964478,1.42566183,-0.96351974,0.61118961,0.17289028,-0.8128195,1.279547,0.40712007,-0.59472123,-1.46048864,220.32,0
159903.1,-1.02052536,-0.38969327,0.21471985,-1.64083574,0.07556158,0.07619815,0.06935034,-0.5022334,-1.35036699,0.23668736,-0.5891213,-0.11959489,-0.40397283,0.12387857,-0.81051048,-0.32562301,-0.36289799,-1.9378338,0.36097577,-0.57164159,1.14417899,0.21620498,0.74122007,-0.90113136,0.37459535,0.06921982,-0.39950761,-0.0007598,652.13,0
159923.1,-1.50023491,0.01942466,0.4654635,-1.66254584,0.94882671,1.98345739,-0.5074899,-1.0168322,0.13667074,0.37542899,0.44014313,-0.40419831,-0.11312026,1.77180464,-0.52033691,-0.13032644,-0.60194539,-0.90185244,-0.6173029,0.21758324,1.62907207,1.13769393,-0.44843894,1.3864855,-0.19351956,1.73731211,1.17422621,1.03576852,52.83,0
160046.4,-1.42978057,-0.42045806,2.00332792,-1.28461834,-1.10320612,-0.07481268,0.86329315,0.68017092,-0.54371518,1.69756738,-0.05799226,1.13845823,1.59342909,-0.98305577,-1.49491061,0.5358466,0.18618204,0.03410789,0.26810231,-0.10044189,1.56141277,-3.01064581,1.27083321,0.25894243,-0.12744757,-0.97489112,1.23233584,-1.16048675,115.06,0
160082.2,-2.59143618,-1.12693796,1.69772985,1.9626198,0.89780963,-0.48068549,0.07179639,0.62427848,0.10429375,-1.18953524,-0.47369613,1.00702752,0.4394908,1.78923023,0.34505773,0.32505948,-0.02426071,-1.37622191,-1.33695542,-1.90631185,0.40011924,0.38972023,-0.26643547,0.77770931,0.83004308,0.8515582,2.26520015,1.53571176,60.28,0
160173.5,-1.19178053,0.26486633,1.23783301,0.13327923,-0.71303216,1.22876343,0.22087807,-1.35498331,0.11588464,-0.6425091,-0.78361681,0.2769367,1.9040882,0.12755502,-1.30493547,1.03380357,2.23786816,0.28840415,-1.54000837,0.46518671,-0.15750762,-0.71010385,-0.90191669,0.83662094,0.31704067,0.06148766,0.35969922,0.26774866,44.24,0
160232.2,-0.72379095,0.15722481,-2.36621973,-0.56012708,-1.2668298,0.0025513,-0.32332005,-0.45497293,-0.02095963,-1.15520281,-1.5489828,-1.21769089,-1.40117414,-0.4517919,0.83849245,0.50582528,0.02999141,0.29260922,1.03212605,0.20402272,1.2119754,-0.05818811,-0.20591729,1.12995683,-0.59715484,-0.8542712,-1.70285519,-0.08245881,85.05,0
160260.8,0.11947356,-0.17979139,0.3855799,0.23856986,-0.09479609,-0.64899156,-1.66814598,1.52383522,-1.325234,0.15056996,-0.55185472,-0.93863419,1.23603438,-1.12887003,-0.51984243,-0.46062222,0.8888433,0.09347572,0.10091812,-1.61571339,0.75472361,-0.9501226,0.50205497,-1.62690088,-0.16180442,-1.27134717,1.23668134,-0.39548813,30.92,0
160296.4,1.35958475,-0.92343854,-1.20024214,0.00257683,0.34051806,-0.20088967,0.7186563,-1.23354524,1.52860546,-1.46868215,-1.58876956,-0.99422016,0.52467816,0.39310482,-2.67710764,-0.32836678,0.59428956,1.10755909,-0.11270463,-1.15720107,-0.16071163,-1.35627805,0.10664547,1.04830814,0.94055015,-1.80831001,-1.98356916,-0.50079914,178.25,0
160438.7,2.06294899,-1.2046987,-2.0866326,-0.48303295,-0.70698411,-0.93992879,-0.22282922,-1.0585374,-0.81482359,0.00677793,-0.62500471,0.16674069,0.21383588,0.58514107,0.32289993,-0.68939772,-1.99425867,-1.17322787,0.59051166,1.08295635,1.46531636,0.3294023,0.27932316,-1.16355071,0.63749186,0.35837599,0.89120377,-0.30150011,67.7,0
160549.5,-1.08982128,-0.32538837,0.2308529,-0.14014197,-1.11873398,-0.39376962,0.20047916,-0.90102895,-1.12954968,-1.48326325,-0.10381933,-0.21306266,1.09213383,-0.87451104,-0.50649054,-1.01790815,-1.4177939,-1.54755242,1.39225074,-0.04640269,-0.17246811,-0.37292578,0.38307281,-2.27578538,1.56516949,-0.15763978,-0.09479476,-0.23538419,15.11,0
160552.2,-1.99651507,0.97478392,1.9588353,0.30082782,-1.57774674,0.9371741,0.35422025,0.90491217,1.31312438,-1.18450346,0.76930664,0.17039577,0.3944404,0.95400045,0.35418441,-2.71163216,0.75267251,0.43241622,-1.16562514,-0.9254905,0.56067717,-0.36757357,-1.51030823,-1.22589723,0.13806575,1.24829489,0.56466956,-0.82816412,341.88,0
160610.9,-0.03881221,1.24711982,-0.62131658,-2.55641232,-0.61802829,-1.21877828,0.46645383,-1.4249383,1.43699056,0.50782392,0.34080488,-0.7143127,-0.07137492,-0.74376822,0.01870748,0.32212704,-0.3570645,-1.51770309,-0.19382813,-1.30047997,1.82460296,1.26433697,1.03413788,0.28134511,-2.99166865,-0.74577855,1.40251138,0.54409637,523.53,0
160665.3,0.81283963,0.55288959,0.3115525,1.25494575,-0.05561954,-0.57029804,0.094273,2.44849213,-0.67751075,0.55311379,0.53650784,-0.01098271,-0.89604319,-0.30621682,-0.01019115,-0.50490996,1.98097526,-0.22052938,-1.22484984,-0.98168225,1.63418702,-0.22099106,1.09172148,1.31963094,0.58296633,-0.36937707,0.78709074,-0.70452326,378.21,0
160839.3,0.77003748,-1.22738009,0.13988493,-0.52583591,-0.4321554,1.83148914,-0.18170683,-0.51557995,-0.30088773,-1.04883816,0.40608026,0.01340318,-0.07063694,1.89688766,-1.53672659,-0.48657902,-0.47815412,-0.08429204,-0.20073243,0.82240392,0.99686986,0.30838832,0.3010224,-1.06352995,1.66487842,1.39249105,-0.1494466,-0.10396892,97.21,0
160852.1,0.33761497,0.50741636,0.599427,0.89236511,0.14492642,-0.61715977,-1.20970329,-1.29956562,-0.26762544,1.25368143,-0.36824476,0.78686731,-0.12740838,0.57194071,0.81142146,0.197718,1.59072322,-0.2287689,-0.59767717,0.18520165,0.38450089,-1.74261386,1.04018354,0.86753643,-1.13844804,-1.71776326,-1.00513784,-0.42174351,90.3,0
160913.1,-0.47601979,-1.15356944,-0.75154754,-1.19025592,0.7723861,0.38993835,1.35892798,-0.54252163,0.74797214,1.70292909,0.66726532,-1.37709106,1.19499751,-0.89919061,1.19056284,-0.62442369,1.44097482,-1.08383888,1.14974031,0.64836415,-1.87331952,0.75101628,-0.30155043,0.00628703,1.34798205,-0.12840109,1.2444604,0.71982597,85.35,0
160952.9,0.51709185,2.67023941,-1.23925607,1.35296541,-1.69750247,-0.08227333,-0.83013435,0.18804745,0.52311536,-1.29227107,-0.16370081,0.73703734,-0.92827976,1.2395063,1.28489595,-0.47410917,1.41816464,-1.94362366,-0.61464259,0.53542712,0.94632672,1.10163557,0.97960243,0.03940306,0.68851315,0.03000587,-1.4680668,0.90411924,230.31,0
160985.5,0.06849194,-0.17945826,0.38609211,0.38487835,-1.54236036,0.81555512,-2.19052568,0.04005673,0.10384866,-0.85261144,-0.01063433,1.45354918,0.22618046,0.40142681,0.51162013,-1.21551442,0.98416536,1.05823672,0.04006335,-0.53417857,-0.65034612,0.06163473,-0.85370746,-0.93705364,0.49803667,-2.38317599,0.0295424,-0.11855324,346.04,0
161115.1,0.55397249,0.69117722,-1.99796628,-1.29403802,0.53677563,0.56925091,-1.08418345,1.30915502,-1.69632264,0.24802497,-0.73351648,0.2081772,-0.85800373,0.30342284,0.24212835,0.40856967,0.41021482,-1.15016555,-0.24701194,0.36705291,0.74838154,-0.32003795,-1.1859373,3.05053601,0.13878331,0.96532634,-1.296217,-0.25778964,250.63,0
161186.7,1.00065597,0.78519849,0.18497982,-1.77599094,1.61287772,1.64702178,0.93925281,0.13657161,-1.08121617,0.71676233,-0.54413935,0.45137028,-0.6365708,0.50647018,0.3917832,-0.18553623,2.62374219,-0.48678783,-1.07248944,-0.90823028,-1.00283382,0.42280094,-1.58246342,-0.65196087,2.84882158,-0.06412388,1.46720215,0.95175596,290.71,0
161278.0,-0.28382179,0.68716565,0.9927185,-0.46588553,0.25651061,-1.90958733,1.82657179,-0.16245275,-0.78697362,0.38255328,-0.28984258,1.46438196,-1.45745048,0.39193468,-1.0347047,0.77244451,0.27936208,-0.42509138,0.81807627,1.12246659,-0.86299057,1.05839125,1.83508456,1.67737666,0.18940217,1.23508667,0.16443258,0.16084315,37.18,0
161278.7,-1.42151139,0.36691772,-1.48353926,-0.67434086,-0.65581222,-0.17226969,1.23470258,-1.71627504,-1.49618201,-0.41260694,-0.11760777,-0.29432297,-0.34039059,0.57570404,0.68060542,0.55879699,0.92955828,0.11831158,-0.24121195,1.1990879,0.29323921,0.89639406,-0.14487493,-0.46293513,0.75048066,0.43472707,0.71481219,0.18136442,3.73,0
161600.8,2.17396164,-2.12460278,0.78503412,-1.88547338,0.36012779,-0.09887448,-0.42912099,0.02564892,-0.02085332,-1.13789,0.723461,-0.88739961,2.23044263,-0.70542331,-1.03316118,-1.81372075,0.28042388,0.04351657,0.1141992,2.01797731,1.94932099,0.980987,0.62915783,0.32077067,-0.29028808,0.46154966,0.08482485,-0.16054456,32.57,0
161733.5,1.94569516,-1.44427846,-1.06452853,-0.22323399,-1.82726494,-1.72879928,0.85996337,0.51621802,0.40098072,-0.99362631,-1.74980394,-2.1453423,-0.10823148,0.42489136,-0.69458245,0.23732486,-1.09247861,-0.59225274,0.5460815,-0.43598846,-0.38222901,0.06619106,0.70020147,1.10499221,0.34863516,-0.33231132,-0.05579467,-0.93710311,58.25,0
162026.9,1.04083606,0.65730159,-3.2816305,0.99983963,-1.30160458,0.19057228,-0.28088441,1.85726934,-0.74120095,0.7573479,1.18179423,-0.73112076,0.55648359,-1.51515321,-0.69499215,-1.64262752,1.56452823,-0.31243353,0.74766002,0.2670122,-0.00751136,0.05371907,2.57758453,1.44195207,-0.75174958,0.6045066,-1.47479138,0.44255219,165.02,0
162074.8,-1.26973795,0.29639053,-1.1000136,-0.50337243,0.51174952,0.83567518,-0.06237794,-2.2732416,0.1182376,0.128917,0.75282259,-2.33747536,0.65148865,0.38826151,-0.87488179,-0.24114097,-1.0904231,0.85020363,-0.94730622,1.12058272,0.36890252,-1.78552702,-0.40110098,-0.32341316,-0.79979545,-0.36683007,-0.05717224,0.62503642,173.83,0
162182.1,-1.00181149,0.56886711,-0.29146431,0.7255914,0.3113671,0.48892194,0.14868731,-1.47509366,1.19435545,0.90496739,0.89664108,-0.09815524,-0.01827045,-0.54508961,-0.54906607,0.38910309,-0.48916134,1.1136764,-0.37392214,1.09241843,-0.50652946,-1.22445569,1.17784054,-0.35843883,-0.06446535,-0.06474083,0.57646926,1.41548456,242.54,0
162222.3,-0.07976696,-1.18990285,1.22228907,1.08253257,0.25687079,0.67639851,1.73907385,0.32452841,0.23820029,-0.86877439,1.22899335,-0.15317734,-0.23822542,1.31602984,1.01896659,1.03248511,-0.40791044,0.19996227,-0.7672308,1.22392204,0.2610388,-0.19081061,-0.59653959,-0.8535123,-0.15727633,1.76781421,1.24853706,0.92543954,433.53,0
162289.8,0.04305524,0.26960554,0.55552771,-1.6899012,-0.35256596,-1.25164362,0.9233587,-0.77071496,-0.11439466,0.78737209,0.87009747,1.27256456,-1.47036583,0.63415695,-1.93659221,-0.50794637,0.56928888,-0.2511683,-0.29495662,0.18758615,-0.81119793,0.12967293,1.19607238,-1.3830495,-0.85290668,0.66186048,-0.89934764,0.44359932,39.97,0
162381.5,-1.4242008,-0.01128756,-0.57772339,-0.86851691,0.22750957,0.28480516,0.17458027,0.35049018,-1.22899491,-0.6405019,-0.32616091,-0.05382317,0.98957345,-0.72819243,-0.7775706,1.48738419,0.15845006,-1.39804104,-0.31097194,-1.23618927,-1.13696405,-1.33426246,-0.79597623,2.05971695,1.01048069,1.38167061,1.08761103,-0.13488093,188.86,0
162623.2,-1.15739108,1.6259079,1.06720023,-0.16760959,1.3524781,0.67527606,1.36201982,1.1146933,-0.15929831,0.71650136,-1.14447918,0.10323991,-0.84001256,0.79235196,-0.84770279,1.00819236,-0.23451398,-0.62897733,1.70345055,1.78275626,-0.18107867,1.34431811,-1.11398409,0.14471287,-0.9562068,-0.6013913,-0.51856112,0.96561804,539.97,0
162679.6,-0.64164696,1.44206392,0.65597378,0.09042223,-1.97346352,-0.53865497,-0.58142666,0.75714312,0.01440147,0.36884976,-0.00582912,0.06315572,-0.28713471,-0.90696853,-0.75568518,0.29876573,-0.78570077,0.89598866,-1.62662555,0.90511913,-0.43106114,-2.37726512,-1.87067476,-0.92896248,-1.10699135,0.42348167,1.26704665,-0.72638343,332.77,0
162701.0,1.40694888,-0.93098805,-0.73695594,0.98084195,0.48818701,-0.53094279,0.8953178,1.94974504,1.27592148,-0.66354586,-1.85833528,-0.33017656,1.1651566,-1.38455595,0.91262559,0.6765417,-1.23829766,0.1589262,-0.89341322,-1.00219121,0.04804769,-1.62486115,0.69864477,1.47347945,0.44175739,0.39056965,0.35098669,0.03604394,41.25,0
162756.8,-0.36574147,0.28151241,-0.17308965,0.51327458,1.33802114,2.03705089,0.66110948,-2.45643399,-0.36624652,-0.49867352,1.5084424,-0.30011784,1.58579899,-0.76032277,0.22317133,1.31463917,0.38698382,0.76366484,-0.19671469,-0.48346771,-0.32331317,-2.41640962,0.945576,-0.31581033,2.58972821,-0.09306345,1.33013011,0.27443486,663.63,0
162768.9,0.79357837,-1.07594493,1.58917839,-0.19145094,0.20745148,2.50402314,-0.41027254,0.12959085,0.60940727,0.03585474,0.76585921,-1.32592921,0.38469351,1.03173098,-1.06603095,-1.66374449,-0.59803677,-0.3313706,0.80543566,-0.32266383,-0.31474262,-0.86783828,0.76191366,0.34704615,-0.22271908,1.46067096,-2.26195295,0.07278451,355.09,0
162853.1,0.50245307,-0.22329312,-1.15776924,0.17224716,0.0413282,1.06385647,1.46328954,1.7282533,-0.25674484,-0.94678107,-0.66015392,-0.40173741,-1.13951154,-1.52177178,0.39980393,1.18088728,0.5473515,-0.46238811,-2.16545091,1.50067375,-0.26836265,-1.67129562,-0.81621112,-0.5890998,-0.2602516,1.32625988,-0.69108584,0.48573299,423.21,0
162875.0,0.33411449,-0.62015671,-0.17259059,0.26858916,-0.87091187,-0.08250374,-0.21601506,-0.47092577,-0.65881157,0.09905217,0.09552978,-0.41517911,1.27216524,-0.38868511,0.28443571,0.54327874,-0.99338024,-1.76942458,-0.3001823,-0.89470681,0.93184035,0.13013111,-0.21624687,-0.88767696,1.28187464,-0.94339259,-0.28305748,1.14480309,385.4,0
163328.7,0.73776423,0.37654388,0.51876409,1.10248087,-0.53192018,0.05088742,-1.1406926,0.82156816,0.57983837,-0.48542197,0.93042321,0.64617783,1.1501276,0.93459741,-0.19745716,-1.0208448,0.36209314,0.73865759,0.41307896,1.0856649,0.30688761,-0.65227188,0.00665717,0.80931476,0.84577086,-0.95199188,-2.10031434,0.66762941,150.95,0
163408.9,-0.87425533,0.0683608,1.11307423,-0.18092508,0.19116859,0.31475255,-0.77584385,0.35315761,0.96513073,-0.48950488,-0.80547885,-0.94770288,0.71326734,1.58384075,0.05586526,-0.69027768,-0.87822273,-0.00982069,-0.45758636,-0.0884803,-0.42429522,1.30413376,-0.52282396,-0.25008065,0.94622229,1.418778,0.43641029,-1.90668982,24.56,0
163451.4,0.10207632,1.11270461,1.1190139,-0.30860099,1.42816342,-2.33664284,0.78410795,-0.05727097,-0.73758762,1.26186983,-1.59685486,0.41778848,-2.33436832,-0.25987553,0.77109994,-0.61876128,-1.85858285,0.72108192,1.3877202,-1.36728352,-1.59275611,0.04745529,1.58073091,0.26282971,-1.73939504,1.59977034,-1.37507368,0.20576763,253.34,0
163625.1,-0.10197538,-0.47172559,0.71944309,0.12980511,0.79717326,0.30903133,-1.73749679,-0.55193065,-0.75963387,-2.1366232,0.55830847,1.59210212,-1.06305597,0.98945164,-1.44135608,-0.7118198,-0.10870251,0.43415221,1.41218041,-0.36653834,0.27165162,-0.17869422,0.32740255,-1.16839795,-0.40647713,-0.11145101,-2.02698566,0.33357981,72.33,0
163730.6,0.27378825,-1.18549913,-0.50073385,1.12555348,2.75315491,0.85678955,-0.78825893,-0.42103752,1.082187,0.61379058,0.39091713,0.23809233,1.19929201,2.23594486,0.0096024,0.15877978,0.5044193,-0.46215721,-2.19262802,0.49373067,-0.73357908,1.31660311,0.18242778,1.49742422,-0.85755888,1.13119081,-1.63163103,0.93766583,28.69,0
163755.5,0.57548059,-1.35478711,1.03364949,0.97213057,0.01237473,-1.54361103,-0.35888388,-0.77278709,-0.84419526,-0.14855733,-0.29915426,1.9797122,0.38343222,1.07148362,-0.93068785,-0.47204743,-0.02404541,-0.92327153,-0.6268225,0.9667873,-1.74901944,-0.8464679,-0.89118636,0.78702617,0.03676424,0.82540313,0.30462069,0.41559672,248.95,0
163789.3,-1.20548247,-0.74658003,1.11225004,0.1343769,0.28093842,-0.27764722,0.41117747,-0.507377,0.30624806,1.12945016,-1.80358491,-0.24443572,0.51958871,0.32461026,-1.14065191,0.28919483,0.0479408,-0.80446587,-0.65606858,0.94114661,0.14680373,-0.19266308,0.10764236,0.65552946,-0.9902867,-0.82668751,-1.04141302,-2.15725579,1010.17,0
163803.9,-0.20224654,-0.31847304,-0.48353205,1.16949776,-0.69349354,1.20206616,-0.37933931,0.36057624,1.62928652,-0.19084557,-1.99271931,-0.97211456,0.70798947,-0.27155311,-1.06082672,0.85519888,2.05699055,-0.7743593,0.34188511,0.02255224,1.22031978,2.31444752,0.73365537,0.75054613,-1.98703998,0.17315416,-0.41362502,0.37755853,379.39,0
163907.2,1.20634287,-1.96791223,1.14049296,-0.00131132,0.23270898,-1.7068097,0.67473265,-1.70699731,2.38114685,1.55323213,0.06453153,-0.36693346,-0.83827906,0.5832294,-0.19284374,-1.61787338,0.60935845,-0.82939227,-0.59836984,0.41353475,0.18925954,1.27040321,0.32517993,1.19247622,0.12175363,2.35819637,1.12142911,1.39821557,348.37,0
163961.1,-1.01906092,2.71412705,-1.58663952,-0.67403133,0.42347623,-0.6067568,0.01454992,0.35329988,1.10538548,0.78210158,-1.23828358,1.27713744,-1.12565132,-0.59131798,0.80692657,0.54248433,-0.5641988,-0.55062897,0.9340238,-0.05315336,-0.98461978,-0.07713924,1.32104158,-0.10227641,1.07636008,0.82333641,0.44129218,-1.13310806,207.49,0
164285.9,-0.98497419,1.6795612,0.56295305,-0.42344909,0.08165779,-0.13740393,0.58343659,1.95490426,-0.35932122,1.19907729,1.16172129,0.00051028,-1.39745001,-0.25009869,0.28025657,-0.49394816,0.68813919,2.23148232,0.31895555,-0.92051938,-0.20264223,0.27303638,1.46872769,1.2393766,-0.46354069,0.21164783,-0.56033957,-0.4284776,247.3,0
164317.5,0.41785052,0.36972462,0.66051982,1.0192451,0.5206287,0.36069826,-0.25532068,2.1215024,-0.42076215,-2.40091467,-0.9537782,2.17364215,-1.15082055,0.23662453,-1.45342372,-1.0947341,-0.28068102,-1.13682203,-0.1762748,1.05965375,-0.58527885,0.52038666,1.70997927,1.59549419,0.82928513,0.44283359,-1.21643238,0.18052771,59.68,0
164343.4,-0.76081492,-0.4284753,0.22421873,2.20150522,1.34785843,-0.0540381,-0.01933105,0.01560743,0.23329958,-1.33377852,-0.60713661,-1.82346219,-3.39780492,-0.89054003,0.72659416,0.00950484,-0.20400594,-0.70872594,-0.12889306,0.23497585,-0.66179999,-1.25230221,-0.72177557,-0.5673257,0.81880225,-0.4244027,-1.37062749,-0.13121592,89.4,0
164710.4,-0.73500788,1.03123409,-0.45456934,1.58992953,-1.19857092,0.03162403,-0.52974927,0.38517964,0.70937008,1.34917213,0.61715111,-0.52833946,-1.03482755,0.82557956,0.08915043,-0.85952279,0.67827527,-2.38492191,-2.06487408,0.15817852,-1.47137613,0.76446754,0.56184133,-1.27862512,-0.82745351,-0.66117272,-0.88297165,-0.39628859,26.76,0
164870.0,-0.92436111,1.66780524,-0.20959423,-0.61941738,-1.02973191,1.41853803,0.84226363,-0.56717616,0.61050337,-0.37541759,-0.29138071,-0.24473919,0.71574247,-0.39938429,0.22538396,0.24857643,1.18106274,-1.60715446,0.71210435,-1.31800808,0.78760503,0.24000223,-0.33606057,1.50982223,1.1037337,-0.31077883,0.67449499,-0.19140496,102.66,0
164876.3,-0.56740919,-0.42573982,0.48755981,-0.3286507,-0.2390828,1.12236265,-0.87407327,-1.13723079,-0.42965501,-0.38805167,-0.35999617,0.59834642,0.16354493,-0.11922312,0.56289641,0.02989358,0.73920678,-2.44123066,-0.93081233,1.01456137,-0.6588474,0.57607658,0.40796993,-1.21376102,-1.09311922,0.09745394,-1.22485107,1.36775244,472.47,0
165311.3,-0.37305996,1.44572102,-0.17199292,0.41934723,-1.68824659,-0.28234916,2.30688956,-1.93912363,0.34494255,-0.18501572,0.52824737,-0.46933746,0.80834909,-0.03286294,-1.09248892,-0.8919619,0.45237622,-1.47029352,0.84325491,-2.16823106,1.49190076,-1.09638081,1.43918964,1.68596063,-0.26718457,1.5494375,0.19059466,0.40839225,471.69,0
165434.0,-0.62997388,1.37665391,-0.4279065,0.65022051,0.01858469,-1.09783289,0.07303535,2.85417823,-0.60421824,0.93088644,-0.1450509,-0.10470994,-0.51526459,-1.3468204,1.13768751,0.01463705,1.21707372,-0.86748308,-1.81588262,1.10239504,-0.49041051,-1.62307737,-1.70922908,-0.41752878,-0.2379698,-0.32366077,1.85346803,0.36501714,88.57,0
165592.4,1.50241498,1.47754526,-1.80031261,-0.71446864,1.12168658,-2.55228831,1.5087714,-0.44375298,1.31782708,-0.59890449,0.83595984,0.53319921,1.43516762,-0.53631335,0.49204633,-0.73004887,0.45009858,-0.1585054,0.11574529,-0.78854972,0.27577822,0.16098268,0.60780202,0.6394602,-1.82987631,2.84673735,0.02575491,0.81343307,212.85,0
165610.1,-0.12261035,-0.07084979,-1.32972245,0.29857644,0.44077494,0.08415426,0.03737523,0.90008248,0.77053864,-2.48018272,1.09764241,0.18090409,-0.32417512,-0.28701718,0.00439432,-0.26537012,-0.56375095,0.17743027,0.96514416,0.78986426,-0.21244659,0.19781241,-2.0745874,-0.12157428,-0.6570974,-0.9680139,0.08845262,0.20667057,185.28,0
165775.7,0.26438778,-0.53950304,0.0502966,1.9461578,-0.63317076,0.46276278,0.74925467,0.01514698,-1.334442,0.52672501,0.69110864,0.62758721,0.65133223,-1.8057892,0.507016,-1.42766556,0.154046,0.57703941,1.48418886,1.35008191,-0.65240812,-0.67709967,2.27907988,1.51596525,-0.0973413,0.1870797,0.28023002,0.29108231,217.88,0
165851.8,0.95807767,0.25616469,-0.1265983,-0.49984913,-0.65975304,0.00550578,-1.19712806,-2.40268619,0.21465764,0.95923757,0.44473678,0.70071873,0.68213579,-1.15671956,1.74362837,-0.88022389,-0.38850005,0.40252702,-0.19882473,-0.07983956,-1.6186493,-0.33653843,-0.73731724,0.03990039,0.08996145,-0.86236721,1.23044835,-0.13371603,565.95,0
166089.0,2.00680685,0.10123353,-0.2424495,-0.22299516,-0.57401968,-1.29562131,0.10594794,-0.3057515,-1.2745411,0.3669312,-0.36110831,0.50440749,-1.24417538,-0.50375079,0.64607671,-0.00765704,-1.05654565,-0.2606424,0.47906388,1.41900473,0.83371295,-0.63200556,-1.81607009,-0.29897326,-0.8852603,-1.04165988,0.44980925,0.06109332,115.19,0
166135.6,-0.35026798,-0.94245985,-0.57347244,-0.30246911,1.42340892,1.35355128,-0.4922336,0.30296998,1.55909097,-1.04864134,0.10714415,-0.22478646,-1.99928451,0.64648914,0.80162988,1.13524041,-0.8485864,-0.0324801,-0.48831007,1.2990921,-2.54028415,-0.05102555,-0.7368401,0.60178034,-0.11490066,0.37520939,-1.07624149,-0.29415429,402.21,0
166212.8,-0.06191487,-0.31455677,-0.37479195,0.59371265,1.12392351,0.59912847,-0.50481553,-0.37421199,-1.20336763,0.172937,0.21176668,-0.97426996,0.23653589,-0.99716119,0.92786506,-1.69141238,-1.95911146,-0.77780562,-0.02569084,0.349378,0.07217023,0.38368581,0.17309229,0.28485961,-0.46063085,-1.11669615,0.89744983,0.19661352,373.21,0
166233.4,-4.97484196,-6.8319911,-4.01057233,-3.39887566,0.92234969,0.16024784,-1.70887606,2.41736357,-0.17667002,-4.49118229,-0.89422383,-3.4954438,-1.2683015,-6.7286656,-4.06488525,-2.61780756,-3.59471243,1.45099053,-0.74889017,-0.31358669,-1.11515903,0.31934288,-1.20904286,-1.42624373,4.1606993,1.39168137,-0.44557576,1.02251669,56.02,1
166273.4,-0.66229952,0.63020824,0.26607521,-0.07695424,0.39854653,-0.53153065,0.80084501,-2.13165684,-0.48332699,-2.04434962,-1.00448919,2.05807304,-0.86239917,-0.14840306,0.40149097,-0.92091279,1.41761674,-0.72771009,-0.50089035,1.21736553,-0.4824193,-1.53904368,1.16198793,0.81518054,1.78220041,0.07223793,1.09641563,0.53829827,71.72,0
166283.4,-1.39406792,-1.92143694,0.20500506,0.55660939,-0.96059539,1.68453846,0.17623568,-0.88872743,1.0815179,2.46700959,-1.02765699,0.35341909,-0.83225181,-1.16145476,0.72233328,0.03328891,-0.06137261,2.03581026,0.21521009,1.11772191,1.22294739,0.07314318,-1.52256077,0.05639714,-0.90181787,0.0506599,0.91967035,1.50404852,393.8,0
166309.9,-0.86961164,0.13311895,0.14455184,-0.11736185,2.10183584,0.63109199,0.67217221,0.16762349,0.62396295,0.07986811,0.43879675,0.32988754,-2.21709809,-1.25775252,0.3532283,0.27975873,0.52040386,-1.24233857,0.10404479,0.64277608,-2.06833976,-0.75180424,2.22464471,1.58915582,0.94291176,-0.40466994,0.06471746,0.53045297,71.92,0
166362.6,0.50029816,-1.720531,-1.17341182,2.11435109,-1.43935829,-0.61467381,-0.4046967,0.89813468,0.54281562,-1.98132275,1.19949579,0.8541454,0.15696538,-0.77430019,1.20728004,0.07962442,-0.17886013,-1.19436331,0.05898223,-0.15432337,-0.41482458,-0.6827567,0.9386988,1.46901163,1.20171179,-1.19075944,-0.38114398,0.28476643,35.81,0
166646.4,-0.31680148,1.17297209,-0.09075812,-0.29237143,0.28257021,0.47206435,-0.33060808,-1.56454376,1.07513043,0.85538555,0.88247326,2.13212322,-0.86424849,0.68886569,0.31155569,-1.55757874,0.80638209,0.6482475,1.707225,-0.84801054,-1.45901232,-0.91070094,-1.39548511,0.44853417,0.51753692,-0.14617002,-1.22943658,0.00904864,646.0,0
166672.8,0.9560063,-0.88066309,-0.68547646,-0.55030379,-0.01514052,-0.02639041,1.53600798,0.27463479,-1.11703041,1.46583766,1.17761023,-0.74571816,-0.23769808,1.13183714,1.20479692,-2.30818644,-0.34415085,1.77439223,1.28721937,0.9670414,-0.21692513,1.56317708,0.2954873,0.12249132,0.3283544,0.46995791,0.5264955,0.1808095,85.57,0
166690.7,0.49546486,-0.65191005,-0.18115017,0.01803718,-1.04833874,-1.24971601,0.3942932,1.74835321,0.25377167,1.38006527,2.38062458,-0.9873411,-0.25520855,-0.23382221,-1.40652368,-0.31845455,-0.92655416,0.85351661,-1.14693105,-0.04481846,2.23257282,1.58185778,-1.29773911,-0.1789175,-0.12895313,2.22290887,-0.20489036,-0.29631134,477.24,0
166759.5,0.14077482,-0.70025096,-0.05047923,1.41524563,2.00115266,-0.18419108,-1.01804115,1.21879202,-0.36389146,-2.42550549,-1.26005465,1.06243208,-0.21682392,-0.27180354,-1.69618784,-0.02136415,0.1783333,-0.10568187,0.01501142,0.06450364,-0.65530396,0.65281955,-1.01867574,-0.74056991,-0.81035747,-0.62045472,1.33575383,0.13323968,341.86,0
166981.2,-0.21484612,-0.51547015,0.50918645,1.79797889,-0.28523008,-0.36049812,-0.90407762,-0.59885726,1.0090568,-0.31933426,-0.1441258,0.43510916,0.14468001,-0.79660012,-0.40899747,0.00859705,-0.39653572,0.36309504,0.38747095,0.06863167,-0.39314227,-0.63593834,0.03497791,0.78733389,0.42137891,0.16581065,0.24310337,0.55777515,154.16,0
167091.3,-1.06825426,1.493549,-0.8357889,0.03680108,-0.79501218,1.64419098,1.32730778,-0.1551319,0.57114698,0.66501424,-0.0456452,-2.56368024,-0.16124807,0.80362993,-0.57443612,1.05464299,0.12867438,0.1276368,-1.47621986,-0.59587803,-0.76397324,-0.52090238,-0.40642626,0.55651761,1.459624,-1.26555217,0.07646878,-1.00479008,329.32,0
167414.9,-0.22573362,1.32295358,-0.82341625,-1.48013585,-0.72726555,1.10634725,-1.38770544,1.15510671,0.74908578,-0.27967679,-1.27595979,-0.85473079,-0.23073402,3.0649652,-0.04902281,0.12437732,-0.83357783,0.39754255,0.04346335,1.02881035,0.49778614,-0.22330423,0.25951484,0.1593959,1.10517853,0.0096513,-0.67320742,-0.3787587,35.91,0
167423.2,-0.41432295,0.91132468,0.98931061,1.10801728,0.30885768,-1.26276284,-2.1433571,-2.14646396,-0.82848365,0.40399135,-0.87995487,-0.0882089,0.26643746,1.09123272,1.34923576,1.62994803,1.47062772,-0.81934719,-0.68901297,-0.86204308,0.12165483,-0.5591683,0.2828327,0.58563904,-0.23639175,-0.69549648,-0.56795766,0.30583381,434.71,0
167448.0,0.55904437,-2.38748852,-1.21061395,0.07954579,-0.98176963,-0.99754769,-1.10316306,-0.10664002,-0.03678362,-2.06906429,-1.04932285,0.80974888,-1.50233779,-1.39662545,0.48548102,0.60819537,-0.90965424,1.31253074,-0.68489238,-0.76955712,0.46147598,-0.20978834,-0.27779723,-0.97829482,-1.88782718,0.23985548,0.35801796,1.47965019,153.72,0
167527.3,0.95012396,-0.70439962,-0.85327504,-0.41750005,1.46369026,0.81716009,-0.1261071,-0.5134255,-0.40920132,0.93178502,0.45955725,-1.18561393,1.70790426,1.10688487,1.67320343,-0.29036295,-2.05725438,-0.65317517,0.42105525,1.0235133,-2.36587689,1.52300869,0.04381043,0.18221001,1.43579534,1.15307877,-0.86502606,0.16287521,243.49,0
167598.0,0.53825354,-0.75451271,-0.47931796,-0.34587323,-0.37356144,-0.45211951,0.15935735,0.92405032,-0.68707582,0.39223475,-0.430349,-0.90955027,1.73731304,0.30727015,-1.30906414,-0.10938206,0.24785734,0.4425951,0.66964268,-0.15094911,-2.14557536,1.04554454,0.60623331,0.53950578,-0.12269559,-0.81989215,1.59425272,-0.21037877,27.19,0
167623.5,0.94257481,-0.84689308,-1.29862446,0.66286877,-0.79471178,-1.28022275,-0.07226753,0.18924046,-0.91906372,2.98523826,0.14601605,-0.01702738,-0.43815327,-1.68705964,-0.02906912,0.63592375,0.21023089,-0.9490475,0.15858167,-0.54179804,0.99099236,-0.25382703,0.53021477,-0.92585065,-0.93458545,-0.61589188,-0.35423282,-1.96101768,91.95,0
167640.2,0.81210744,-0.99089078,0.68094346,1.46012989,-0.10920041,-0.99586113,-0.27306634,0.3622164,0.87575209,0.05671694,-1.40022243,0.04232391,-0.67335817,-2.18323584,-0.69756019,-1.43245067,0.58685441,1.94416475,1.85875366,-0.57320874,-0.46739437,0.688782,1.06128561,-0.41873859,-0.14263594,2.20692935,-0.10745152,-0.48532144,117.98,0
167674.8,0.98858698,0.72047167,-0.26428463,-1.79738635,-0.77619353,-0.58885695,1.85602922,0.24295798,0.12135603,-1.43304995,0.72725601,0.20505829,0.47999877,0.27818284,-0.11481165,-0.11830433,2.4584141,-0.52749276,1.28135731,1.01130229,-0.82668237,1.33224434,0.3377045,1.09336433,-1.00060654,-0.41705425,0.46604198,0.76746963,135.87,0
167861.5,0.3344255,0.04533245,0.26998841,-1.80636916,-1.93845197,-0.42289578,-0.67868912,-1.48916731,-0.30961672,-0.10599672,0.15168778,-1.53452554,-0.9538541,0.45091097,0.69577539,0.81745685,2.27145113,-1.71335106,-0.4421977,0.48469076,-0.31833791,0.13415089,0.15014142,1.32435687,0.23762454,1.64195922,1.35600969,-1.14588775,609.76,0
167909.7,-0.15070217,-0.07898998,0.07048529,-0.16637122,0.94061255,-0.71407327,1.0452229,-1.14494869,-0.65468114,-0.88825414,-0.78801486,0.49740705,-1.17397283,-0.32090113,0.0464175,-0.48838818,0.47532772,0.94479516,0.59600361,1.20498213,-0.94519242,-0.26025418,0.85926906,-1.26281188,-0.7539841,0.31234557,-1.65607779,-1.56254916,598.42,0
167922.7,-0.58298659,0.00222947,2.80346526,1.419258,-0.33930094,-0.25880759,0.80072113,-0.91974764,-1.40966363,1.11085797,-1.38345437,1.22783806,0.8306683,-1.67387688,-0.05511138,-0.18549239,1.49502707,-2.38065199,-0.70593476,-1.09215074,2.38511296,1.50445728,-1.22082532,0.14482415,0.86516011,-0.46060456,-0.98787214,-0.85015043,88.07,0
167982.3,2.55189621,0.18652406,-0.48475174,-2.64310631,1.38090375,-3.15679971,1.35681853,-1.32142727,-1.35892164,-0.10889935,2.195903,0.31960282,-0.19125851,-0.76773261,0.65072312,-0.37009008,0.71380385,-1.96347691,0.52844194,0.31799161,-1.36022383,-1.03263475,-0.1473762,-0.48650924,0.29002619,-1.43467857,-0.88456421,2.11400592,122.59,0
168004.0,0.51669586,1.39244899,-0.53531688,0.19544223,-0.8540542,-0.49172764,0.28530984,-1.19577577,1.17403303,-1.91875919,0.32223409,-0.49148177,1.48914475,0.76184509,-2.08415914,-2.42239661,-1.00135641,-0.50222638,-0.18900694,0.03024541,0.67359602,-1.36599071,-1.80054665,0.25246146,-0.36098101,-0.10337333,-0.64182985,-0.17320876,459.63,0
168027.7,-0.23376498,0.00613196,-0.5274804,-1.2656385,2.19808564,0.84533598,-0.15946743,0.17849027,-1.78940466,-0.5811049,0.15421974,0.56491954,0.002993,0.62792211,-0.56809407,0.64243294,0.35515566,0.12567982,0.41616436,0.05027738,1.51855844,0.54763227,-0.79858159,-0.91013492,0.13044115,-1.4981538,0.2779842,-0.69871875,435.91,0
168080.6,1.51051931,2.15237404,-0.33694838,-0.55843951,0.6630192,-0.4860757,0.04682336,0.13396289,0.59093051,0.43594201,0.51936024,1.05743573,-0.81787058,0.91375991,-0.79143003,-0.76126205,-1.07139625,-0.77547484,1.03468238,-0.01240196,-1.46489102,-0.74992787,0.97656087,0.84641743,0.32468896,1.89769894,0.6957313,0.33522468,169.38,0
168126.8,-1.78871359,0.8535981,0.711614,0.03104201,-0.62499194,-2.32178208,-0.56570171,0.57825643,0.40424284,-2.43516057,-0.50419344,1.76745402,1.14832218,0.15715429,-1.61597494,2.53976237,-0.11573365,0.70926115,0.30708692,-0.5815244,0.51151835,-0.81528405,-2.71539511,1.03154537,1.96461956,1.09328966,0.82405282,-0.76358801,291.35,0
168255.3,-1.63214116,1.99388873,-1.07636919,-0.52562874,-0.90142838,0.2389581,-0.77562698,-0.56955573,-0.24213234,0.7416684,0.67098582,-0.87143539,0.00868148,-0.12949607,-1.50310032,2.74534499,0.62154109,1.87037343,0.90254546,0.265569,-0.30470344,0.64754548,-0.66296924,-0.22535026,-0.23740952,-0.13438582,-0.14324761,0.68952294,171.99,0
168260.4,0.72357017,-0.25302709,0.8032438,-2.15994586,-0.83765766,0.03660225,0.94435954,0.21540415,-0.85361542,0.2683923,-2.39368219,0.66270638,-1.12901024,-0.71096057,-0.5579783,0.76358341,-0.62279489,0.92922278,-0.54801418,-0.34629501,-0.39647448,1.15706795,-2.69961892,1.38217213,-0.92008366,0.89969483,0.19639826,-1.40329913,22.91,0
168327.8,-0.85332576,-1.18721481,-0.01615451,-0.24684079,-0.15149733,1.59855141,0.68754061,-0.63080433,-0.21624181,-0.28420117,-1.33976811,0.5314702,1.27387603,0.66606323,0.15402064,-1.38442648,1.52245421,-0.53753743,-0.4818479,-0.5207362,0.23944861,1.43009381,-1.15919052,0.09002779,-0.69358964,1.14327037,0.3898824,0.1995874,142.91,0
168481.6,-0.1575658,-0.91317831,-1.29049522,-1.86921012,0.34213588,0.03073195,0.41511996,0.20141757,-0.38703057,-1.52394425,1.83013335,0.93199516,2.62754125,0.03888517,-0.93713208,-0.0868355,-0.06578368,-0.47628181,1.52957263,-2.09609761,0.43169964,0.49068667,-0.01197919,2.27746277,1.60492314,0.08471474,-0.19039787,0.86654347,128.03,0
168567.1,1.0053459,0.33867168,-0.23755944,-0.842148,0.06572398,1.10817139,-0.45054214,-0.86129193,0.57641459,0.05751633,1.24545447,1.19224452,0.35604726,-0.20216184,0.16371315,2.41168306,0.09053916,0.41120573,-0.59218228,-0.22534071,-0.41337573,-0.45978992,0.46221869,-0.96759429,0.40054403,1.40589841,-1.50504957,1.46313215,165.83,0
168619.6,-0.48279679,-0.24970376,0.91727413,-1.51975778,0.11972173,-1.33565335,-0.2596217,0.43584209,0.65400138,0.80317914,-0.42036555,-1.19812825,-2.11280196,0.85714525,0.44404102,0.11609117,0.79076504,-1.12715023,0.03069561,-0.17482939,-0.11249184,0.00923212,0.18543248,0.39031994,-1.20851505,-1.70256423,-1.56933807,0.91191017,142.24,0
168740.7,2.44153836,-0.44916328,0.07943319,-1.3027603,-1.2459817,1.18315104,0.93715908,0.37395878,-0.16109159,0.03957869,-0.67512416,-0.45145936,1.7087277,-1.02512264,0.98571095,-0.20188378,-1.5736556,-1.21426773,1.11135868,1.29175142,0.22073674,1.09001993,0.47025051,0.08749662,-0.50977798,-1.1046481,0.23108351,0.01293944,464.35,0
168760.1,-1.09717337,-0.85063644,1.25898269,0.45566358,-0.56157831,0.29925826,-1.69735575,0.43478699,0.28219639,0.06442038,-1.5152387,-2.34960389,-1.28526355,0.15221979,-0.10839438,0.64561843,1.49668319,-0.87841808,-0.04892539,-0.34362525,-0.96568544,1.77201404,0.6200309,0.19535428,-0.12644154,1.12037097,-0.52615123,-0.24887181,172.12,0
168777.2,0.37764935,-2.22249786,0.26056469,-0.0345867,0.95846968,-0.07399501,-2.01000725,-0.43536189,1.26158238,0.74797199,0.058725,2.33896736,-0.97173118,0.32541648,0.9865449,0.72155146,-2.4884503,-1.20690676,0.97402712,1.39398742,1.23526552,-0.72685204,0.25903821,-1.92911086,0.75417366,0.03189832,1.07847589,-0.43189363,196.52,0
169070.8,-0.53192418,0.56188416,0.67642764,0.79830861,-0.25403546,0.69316414,0.47888809,-1.54795462,0.81254688,0.01543742,0.79814041,-0.53537315,-0.0982788,-1.43445643,0.09060002,0.81661115,-1.32774216,-0.6259083,-0.55480719,0.28732257,0.27214846,-0.71410741,-0.06473993,0.02639151,0.57018213,-0.07185099,-0.5005839,-1.07004231,6.77,0
169162.2,0.77318261,-0.48723424,-0.41155719,2.94441233,-1.54869365,1.42706204,0.85088514,0.72985148,-1.75969125,-1.04035878,-0.63986721,-1.65974592,0.03789761,-0.71232188,2.77091477,2.09547887,-1.07697297,-0.81728285,-1.310791,1.53377519,-0.97003189,-1.6381338,1.01875074,-0.23954636,-1.29474032,-1.52679001,-0.3027082,1.5758985,57.2,0
169264.2,-1.2627349,0.50485404,0.06530841,0.53919096,-1.25660993,-1.15224303,0.41661207,-1.31373956,1.38451474,0.3666254,1.85503173,-0.84248351,-0.61762678,-0.29377158,-0.15056848,0.14486447,0.4920777,-2.22498406,-0.38271273,-0.93030292,0.73578913,0.62154512,-1.32741535,0.54125395,2.87995774,-0.09915095,1.2869947,-1.41587348,56.67,0
169331.6,0.12217328,-1.38768773,-1.36385826,-0.75092861,2.16192603,-1.51579132,-0.71106383,-0.11637998,0.44511321,-0.03675156,0.2813866,-1.5368506,1.34432514,-0.3480285,-1.23975345,-0.78702382,1.59478295,0.35645838,0.38046803,0.16895209,1.11708474,0.47661486,0.63686237,-0.40019073,-2.80782983,0.85716114,-0.48920766,0.53336978,177.43,0
169429.8,0.93696799,-0.61615501,0.59870587,-0.9830278,-0.40362932,-0.03966607,-0.09054294,1.38842085,-0.28520813,0.25258783,0.99312688,0.82127412,1.27226423,-0.99795927,1.27031558,-0.88858608,-0.16590763,0.74126915,1.59520038,-1.16693785,0.57464708,0.25822219,-0.93795009,-1.78578624,-0.78032284,0.54008998,2.14344985,0.68017219,300.94,0
169458.3,1.39998841,-1.39565575,0.771476,-0.33389967,-1.16467846,0.56065795,-0.40722226,-0.41872976,1.07819148,0.29239954,0.22868731,-1.16890978,-0.63194559,-1.39327896,-0.30319513,1.92694999,0.36252055,-0.1930025,2.22588144,1.06512166,1.0937506,-0.29257621,0.42643094,0.68844059,0.17521904,-0.82769722,-0.05645316,-0.7921281,65.5,0
169970.0,-2.84699542,0.20175438,-1.10001555,1.85198497,0.99154694,0.96075569,0.5966387,-0.13269342,-2.53787367,1.25006513,0.66773874,0.25765043,-0.82643956,0.86751966,0.2986896,0.20055792,-1.10691868,-1.12198886,-0.08945953,-0.10613491,-1.04004645,1.73458902,-0.43861993,-0.06540554,0.26010139,1.47212623,-0.77513908,-0.18570878,230.63,0
170101.8,-1.36159586,-0.75888167,1.5983106,0.75949695,-0.76262515,0.41477963,0.35851808,1.16603414,2.04827131,-0.14395293,-1.34459324,-0.3874,1.06339193,0.27154854,0.29787081,1.16410544,-0.22023043,0.292391,-0.34569095,0.01279372,-0.83877858,-0.46822279,1.68948647,-0.13225824,-0.42244117,-0.4342163,0.31860239,-0.6084283,62.5,0
170204.8,0.88952659,-1.00542952,-0.38583781,1.30010464,-0.42835733,-0.17625653,-1.54226316,0.39086693,0.6607682,1.61500972,-2.28332309,0.4021485,-0.35658973,-0.17579339,0.89296969,-0.94648422,-1.6876703,-2.06667855,-1.11264883,-1.57273659,-1.79035031,-0.01079297,0.72504142,-0.35826618,-0.35423476,0.12523447,1.29737623,0.15719033,395.87,0
170234.0,0.69602048,0.66603076,1.28447041,0.9553237,0.43511653,0.93618402,-0.32096159,1.72085202,0.14927753,1.57640178,-1.16476667,-2.18407813,-0.05763125,2.00886884,0.84389013,-0.30898036,0.02657748,-0.08635886,-0.59112904,0.70398762,1.31673495,-0.84955288,0.82397068,1.24321867,0.18281694,0.97343061,0.49659334,0.93973866,351.68,0
170249.3,-0.98071837,-0.75846576,0.64715263,-1.28732877,1.30196059,-0.35419241,1.18282908,1.11582998,-0.05993586,-0.65581422,0.24616344,-0.77668932,0.26532831,-1.01459196,0.06188565,-0.13460381,-0.03847734,0.55644277,1.43395593,0.2297372,0.03144912,-0.40369676,-2.14052609,0.47931895,0.84115307,1.12199449,-1.26228248,-0.45681954,94.34,0
170256.9,0.138287,-1.8414211,2.22361068,-1.40210869,-1.27701844,0.8633658,-1.14882477,-0.3504348,-0.99755898,-2.09705608,0.2022168,0.41885638,1.75732621,-2.34633006,-1.15739894,-1.97789867,-1.14698568,-0.28240699,0.7350133,-1.98560589,0.48767876,0.16145158,-0.24300902,0.73483638,1.87991902,1.53554276,0.87776534,0.26433812,312.24,0
170267.9,0.67282418,-0.20164186,1.26163557,-0.05361951,1.09506741,0.12576927,0.65627554,0.19865097,-0.13044855,-0.13761301,0.46036367,0.45093032,1.45208149,-0.46975648,0.50358234,-0.85051105,-2.31448096,0.67351877,-0.43636864,0.6399188,-0.67268838,-1.49643339,-0.01328641,-0.879514,0.29583386,-0.37246785,0.40923157,0.75144802,38.0,0
170271.2,-1.30978663,-0.73132091,0.97012364,-0.38317571,1.57644229,-0.65616974,0.59135919,-0.20214028,-0.38822155,-0.12138585,0.72185199,-0.53969671,-0.67980099,1.26382519,-0.46039698,-0.80531793,-0.13822017,-0.99057283,-1.87264581,1.92420414,0.77992197,-0.63757698,-0.1183872,0.30111075,-0.10189808,-0.0320281,0.16778354,1.29985424,6.94,0
170326.3,-1.5061309,0.08697841,-0.52974656,0.39878277,0.75314796,0.3133716,-0.33058078,0.36184694,-0.55924957,-0.5779364,-2.29877624,0.05148003,0.14270295,-0.3076434,-0.19555311,0.93196668,-1.66045756,-0.60587958,-0.84292257,1.11255664,-0.97185323,1.61511828,1.59503473,-0.83005534,1.01433317,-0.27256901,-2.47123715,-0.94702057,141.16,0
170458.1,-0.7794112,-1.35803255,-0.45778748,0.48499993,0.6227672,-0.52794646,0.55633427,1.61865726,1.15800983,-0.85721705,-0.08908363,-0.2966476,0.20512291,0.45888392,-0.12660893,0.61317862,-0.45274793,0.09014301,2.51332772,1.78803488,-0.82263914,-2.02882587,-1.02434135,1.23925151,-0.66286952,0.08135368,-0.01160351,0.86065391,30.76,0
170546.4,-1.18337878,-0.41063348,0.97894324,0.24576679,1.26137998,0.10447659,1.32242712,-1.30424125,2.69324822,-0.24054662,-0.61967668,1.2680496,-0.34460273,0.53432379,-0.06091275,-0.70348467,-0.74418946,-1.05982376,-0.57284362,-1.20997206,0.83022355,-0.42529701,0.90728299,-0.69083669,0.31466444,-0.32836214,0.73140949,-0.82356381,45.33,0
170550.1,0.02277348,-0.05139084,1.39759086,0.65595704,-1.44006472,-0.2277313,-0.06505361,-0.60824016,-1.10100929,1.10584317,0.20334805,0.60033086,1.03772515,-0.3481448,0.25218749,-0.58915377,0.59214427,0.23007654,0.04459634,-0.77360878,0.83798276,-0.59072922,-0.97809954,-1.00094786,0.4080886,-0.44363267,-0.26071436,0.93850185,49.71,0
170669.2,0.07162312,0.92081041,0.81052092,-1.59467798,-0.77012171,-0.0643343,1.15173351,0.35171148,0.97324337,0.42538182,0.09625049,-1.52998295,-2.48852198,-0.25941093,0.02136967,-1.8491715,0.70433871,2.37713751,0.72065868,1.15233148,-0.59308774,-1.00922916,-0.37117988,0.37754913,1.03405675,-1.13100224,1.57742189,0.03316555,151.99,0
170677.7,1.81074391,-0.00882917,-0.76620316,0.05840893,-0.9206317,-1.12062966,1.00590629,-1.23110573,-1.09267466,-0.29352226,-0.52566279,-0.1988193,0.99852702,1.31680571,1.13191552,0.20053591,0.80598943,1.63960059,-0.63540621,0.26134987,-0.35599991,0.5169555,-0.38524712,-1.68407459,0.44838265,-0.54913481,-0.46966134,-0.98595072,178.25,0
170747.8,-0.0372066,1.04994944,1.10873392,-1.22739026,0.72249826,0.72872416,-0.31927007,-0.94134827,-1.43588246,0.06309682,-0.68601868,-0.42360245,-1.02839735,1.31448233,1.56076776,-0.62147544,-0.46149672,1.61706036,-0.33627083,-0.88292916,0.15394232,-0.76188632,0.95213417,-0.074499,-0.97763023,-0.75135068,-0.511904,0.50907349,504.23,0
170927.3,-0.76456404,-0.48711388,0.25011384,1.32099652,-1.6068876,0.10034195,0.41589494,-0.64612328,1.08296197,0.40589484,-1.92234828,-1.86919536,2.42759772,0.12857038,-1.40636885,0.12718899,0.24957372,1.00357345,0.49113848,-1.22358786,1.54338797,-1.46549908,-0.51442032,2.18527028,-0.30194368,-0.03306565,0.27861789,0.35402148,169.66,0
170981.7,-0.81334654,-0.98316405,-0.76832333,-1.76374962,0.11730808,-0.71168626,0.85298123,0.17441073,-0.07657981,0.68415639,1.91457671,-0.71783125,-0.57703703,1.34089321,-1.75795943,1.35246811,-0.7584283,0.20057422,0.02720207,1.28353014,-0.10600368,1.32125792,0.80873324,-0.60465236,0.66399025,3.40181713,-0.43581986,-0.0261174,203.25,0
171101.7,1.23567844,0.72725567,-0.95283643,0.55661491,0.32980888,-1.3213927,-0.56224507,0.28335176,-1.26512192,-0.07492653,-0.89122004,0.28929163,0.53477326,1.25283559,-1.70937393,-0.91110567,0.09815335,1.17625996,-1.06485096,0.66793798,-1.85521535,2.05254421,-1.42124438,-0.64871264,0.86845674,0.74802429,-0.20219554,-0.5153865,3.95,0
171133.0,0.95129765,-0.45424718,-0.32487267,-0.29178083,0.97082794,0.32189665,-0.49191116,1.32834492,0.10539751,0.89909587,-1.18402381,0.15566346,-0.52685602,-0.66937841,-0.0978946,0.80558653,-0.61704912,0.83789918,-0.13263215,0.28259065,0.31648651,0.08314728,-0.02274486,-0.6898841,-2.15326256,0.38196731,0.51542373,0.37825933,313.25,0
171148.0,-0.71717861,1.18178702,1.97304758,-1.59281755,-1.07007099,1.30724549,0.03870917,0.96678434,-0.51362033,-0.23028722,-0.24651599,0.29290736,2.39893934,0.93805565,-1.1900454,-0.55447255,-0.62163066,-0.79237095,-1.99520637,0.96235871,0.15656904,-0.31090792,-1.52116506,-0.45998288,-0.29730509,0.04231154,-0.24995297,-0.70050473,107.35,0
171232.7,0.32752859,-0.14688553,1.7705086,0.4333409,1.66090757,-0.84279682,-0.25799021,-0.75346526,0.53792753,0.77173212,-1.76903313,0.55970859,-0.70636161,-1.22136179,-1.09605696,0.3706041,-0.61569698,0.21929692,-0.40683755,-0.25052305,-1.40623508,-0.45163881,1.08218248,0.38332998,0.90434878,-0.1444046,1.56109517,-1.06977858,453.23,0
171247.8,-1.635462,-0.86644781,-0.26919585,-1.3329176,-2.73816363,0.04825846,-0.99486299,-0.80331082,-0.1419923,-0.21780143,-0.62178579,0.6194143,-0.78570075,1.13667372,1.22424512,-1.58259299,-0.87501274,0.92279865,-1.27332195,-0.57677183,0.15766033,1.00171483,1.17376743,-0.14278798,0.54083726,0.33036863,1.6280501,-0.01247751,54.28,0
171306.3,-0.24772228,-0.42374795,1.55805291,0.92085004,1.77452465,0.30709863,0.52225898,-0.24962357,1.5336549,-1.6309106,-1.95652013,-0.73381897,1.50920622,-0.02631498,1.44736425,-0.92063975,1.2165953,1.47881409,0.29223038,-1.0532326,0.54845142,-0.49746579,-0.53909162,0.67109946,-1.16615175,-1.82123061,-1.19120417,-0.93270362,230.72,0
171529.2,-0.77440502,2.65116616,-0.43673808,-0.671561,-1.3929588,-0.61246524,-0.01062102,-0.3169585,-0.91956445,-0.72639341,0.67669859,-0.46515327,0.41305249,-1.30292355,-0.85304811,1.13881937,-1.09129266,-1.03635194,-0.26652276,-1.44283619,0.7413444,-1.19560264,1.18431224,-0.82234209,-0.39019219,1.00515132,-1.42490051,-0.77838408,264.44,0
171539.4,-0.66133777,0.68643933,-1.26847869,-0.23204474,0.27690745,-0.59481618,1.57596601,-0.26201293,-0.46707594,1.23476493,1.00097268,0.30856875,-0.56880802,1.12974671,-0.04954903,0.81926994,-1.44758419,0.11389391,-0.17272216,0.71938567,0.21707937,-0.35126175,-0.04479432,-1.13121028,-1.22781064,-1.37072751,0.78854162,0.14359824,327.61,0
171728.8,-2.14204991,0.96851503,-0.81404424,-1.16388415,-1.80849273,1.33070985,-0.02913881,3.2744163,0.49659987,0.25761989,-0.04626776,-0.67603098,-0.68745376,1.57978401,0.0504304,-0.57484577,0.87778532,-0.23581025,-0.23579399,-0.02506882,-0.58786782,0.72406078,-1.25280633,1.10035676,-0.81078326,-1.13881154,-0.80697967,-0.5157762,207.42,0
171879.3,-0.06430109,-0.71011314,0.20988653,-0.67463021,-2.60071782,0.79540357,1.96084953,-0.39098667,0.48402566,-0.6592763,-0.65648601,-1.31274578,0.47567852,0.18881533,0.94037701,-0.59394664,1.28205274,-0.71692104,-0.96618171,-0.77448166,1.25184959,-1.39287049,0.35999325,-1.74097291,-1.40593535,0.98102564,-0.28823987,0.64904099,0.81,0
171946.4,-0.39957884,-0.22716721,1.49276527,-0.92639782,0.19739831,0.11754908,-2.07149924,0.12850728,0.79671868,-0.9567604,0.52549768,0.65756975,0.02132374,1.13415576,0.64039999,1.61467832,0.25960946,1.04015199,-0.1440662,0.6770349,0.34197317,0.44162975,0.74123391,-0.31695095,-0.32093767,-1.80252775,0.2280986,-1.17254221,104.64,0
171984.7,-0.49591171,0.53014167,0.52198871,0.7658819,-0.45983105,0.24642141,-0.96382396,0.67797747,-1.3530047,1.05410593,0.88378617,1.42807807,0.70737931,-0.61282626,-1.65450381,0.01900849,-0.74192038,-0.4347579,-0.05170898,0.27016494,1.19834604,0.47382403,-1.74867301,-0.06168354,1.57973047,1.47848605,-0.25012241,-0.35365888,63.9,0
172190.8,-0.93436834,-0.54655483,0.55823895,1.61328545,0.72013059,0.40706828,0.94901421,-0.67653791,-0.26622219,0.32136114,0.42738184,-0.04504294,-0.14312448,1.63789903,0.64841851,1.12446308,0.96347269,-0.11457249,-0.06831579,0.39671059,-0.37073588,1.74393176,-0.94832073,0.20455392,-0.61344204,-1.12716165,0.18027089,0.80500409,232.38,0
172194.8,-1.95864197,0.33880577,0.87183267,-1.69314462,0.59649016,-1.53396472,0.58229089,0.19140209,-1.90442463,-1.12266929,-1.72559646,0.72255746,0.52601021,-1.02047978,-1.11620655,0.11905101,-1.07022723,0.77816783,-0.52835432,-0.75545652,-0.95776531,-1.10734778,-1.0122904,-0.08212728,-1.20290769,-0.19715942,-0.78649322,0.91986235,154.36,0
172214.9,1.14250475,0.02366763,1.27794222,0.04924513,1.8826512,-1.05314061,-1.34058737,-0.59359791,-1.37031663,-1.12526195,-1.40934849,1.03074881,-1.14031606,0.3230058,-0.29277627,-0.99257923,0.08635001,-0.73165686,1.6746465,-0.73264416,0.80159179,-0.49501548,-1.42774579,-1.19460556,-1.55273797,-0.53102117,-0.10693369,0.60365164,355.67,0
172454.9,1.34319114,-0.37435423,-1.29361745,-0.21066695,-0.46796286,1.8098669,0.8399002,-0.42786355,-0.16522896,-1.00146244,0.75580286,-0.98088703,-0.53585864,0.80403528,0.05451577,0.66315619,0.60621693,0.02882845,1.35039724,-0.65371061,-0.76653043,1.31327323,1.55829154,0.96868269,-0.29733589,0.61863055,0.01340154,-1.44474331,276.5,0
172632.1,-0.85949563,-0.01924965,-0.83922258,0.45230297,-1.04581473,1.27875944,1.93839527,0.86140932,-0.5896222,-0.6391244,2.80547555,-0.07335396,-0.7637379,1.01640389,1.16477746,0.67147712,-1.13087715,0.00292326,0.61883273,-0.21316139,1.05011438,-0.53159256,1.00872715,0.29567267,0.52893431,0.70501861,0.15098591,0.74140192,513.05,0
172666.3,0.3642656,0.34778984,0.06469694,-0.20650329,1.87164817,-0.54446584,-1.25078822,1.10995866,-1.28730215,-1.33300382,0.75093949,0.89464744,1.50616203,-0.66508901,-1.0723352,-0.60694557,0.23532555,-1.59354944,-0.08697439,-1.38417193,-0.95357247,0.80715442,-0.08978847,-0.84015708,2.44974044,-0.16970814,1.87896159,-0.7059188,185.22,0
