text,label
"Terrible product, broke after one day of use. Really poor order.",0
"Overpriced garbage, stay away from this listing. The service is awful.",0
Great quality and fast shipping. Very satisfied. Really amazing item.,1
"Regret this purchase entirely, total disappointment.",0
"Completely useless, does not perform as claimed. Really useless experience.",0
,1
Really impressed with the build quality. Really fantastic purchase.,1
"Fantastic experience, highly recommend this. The experience is wonderful.",1
Smooth transaction and the product is flawless. Superb overall.,1
"Overpriced garbage, stay away from this listing. The service is frustrating.",0
Exceeded my expectations. Would buy again.,1
Wonderful product that does exactly what it should. The item is great.,1
"Fell apart on first use, zero durability. Really poor item.",0
"Stopped working after just two uses, terrible. Poor overall.",0
"Extremely disappointed, nothing like the pictures shown. Bad overall.",0
Defective item and no response from the seller. Really horrible service.,0
"Do not buy this, it is a complete scam.",0
This is the worst product I have ever bought. Really bad product.,0
"Misleading description, the actual product is terrible. Bad overall.",0
"Worst purchase ever, returning immediately for refund. Really defective delivery.",0
"Top notch product, arrived quickly and intact. Brilliant overall.",1
Cheaply made and fell apart within a week. Useless overall.,0
Highly functional and looks great in my home. Delightful overall.,1
Arrived damaged and customer service was unhelpful. The quality is useless.,0
Cheap knockoff that does not work at all. Really awful purchase.,0
Impressive performance and easy to set up.,1
"This exceeded all my expectations, truly great. The service is fantastic.",1
This is the worst product I have ever bought. Useless overall.,0
"Horrible experience from start to finish, avoid.",0
"Overpriced garbage, stay away from this listing. Really poor service.",0
Cheap knockoff that does not work at all.,0
Arrived damaged and customer service was unhelpful.,0
Defective item and no response from the seller. The quality is bad.,0
"Absolutely dreadful, I cannot believe I paid for this. Really bad package.",0
Cheaply made and fell apart within a week. The item is defective.,0
,1
This is the worst product I have ever bought. Really frustrating service.,0
"This exceeded all my expectations, truly great. Really delightful experience.",1
"Completely useless, does not perform as claimed. Poor overall.",0
Highly functional and looks great in my home. The quality is perfect.,1
Cheaply made and fell apart within a week. The delivery is awful.,0
Very low quality for such a high price tag. The product is dreadful.,0
Cheaply made and fell apart within a week. Awful overall.,0
"Regret this purchase entirely, total disappointment.",0
"Unusable product, had to throw it away.",0
"Very happy with this purchase, five stars! Really brilliant experience.",1
"Poor quality materials, feels very cheap overall.",0
"Perfect gift idea, the recipient was thrilled. The item is amazing.",1
"Delightful product, shipping was also very fast. Really superb item.",1
"Worst purchase ever, returning immediately for refund. Really useless quality.",0
"Works perfectly, exactly as described. Really fantastic quality.",1
"Do not buy this, it is a complete scam. The item is useless.",0
"Would not recommend, complete waste of money.",0
High quality materials and beautiful design. The experience is great.,1
"Stopped working after just two uses, terrible. Terrible overall.",0
"Superb quality, will definitely order more.",1
"Worst purchase ever, returning immediately for refund. The order is poor.",0
"Overpriced garbage, stay away from this listing. The product is bad.",0
"This exceeded all my expectations, truly great. The purchase is perfect.",1
Cheap knockoff that does not work at all.,0
This is the worst product I have ever bought. The experience is dreadful.,0
Very low quality for such a high price tag.,0
"The quality is awful, I want my money back.",0
Premium feel and excellent craftsmanship throughout. Fantastic overall.,1
"Not as described, very misleading product listing. Disappointing overall.",0
Really impressed with the build quality.,1
"Would not recommend, complete waste of money.",0
Best purchase I've made in a long time. Really superb item.,1
"Superb quality, will definitely order more.",1
Impressive performance and easy to set up.,1
,1
"Waste of time and money, very poor quality. Really awful service.",0
"Superb quality, will definitely order more. Delightful overall.",1
This is the worst product I have ever bought.,0
Highly functional and looks great in my home.,1
Great quality and fast shipping. Very satisfied. Really amazing delivery.,1
"Works perfectly, exactly as described.",1
"Poor quality materials, feels very cheap overall.",0
I am very unhappy with this purchase overall.,0
"The quality is awful, I want my money back. Horrible overall.",0
Highly functional and looks great in my home. Really amazing delivery.,1
This is the worst product I have ever bought.,0
Impressive performance and easy to set up. Really excellent order.,1
"Waste of time and money, very poor quality. Really disappointing product.",0
Very user friendly and intuitive to operate. Outstanding overall.,1
"Misleading description, the actual product is terrible. The experience is awful.",0
"Very happy with this purchase, five stars! Great overall.",1
"Great addition to my collection, love the quality. The order is great.",1
"Stopped working after just two uses, terrible. The package is bad.",0
"Absolutely wonderful, my family loves it too.",1
"This product is amazing, I love it! Really wonderful package.",1
Great quality and fast shipping. Very satisfied.,1
"Delightful product, shipping was also very fast.",1
,0
"Completely useless, does not perform as claimed.",0
"Extremely disappointed, nothing like the pictures shown. Disappointing overall.",0
"A must have item, worth every penny spent.",1
"A must have item, worth every penny spent.",1
I am very pleased with this item overall.,1
"A must have item, worth every penny spent.",1
"Top notch product, arrived quickly and intact. Perfect overall.",1
Outstanding customer service and great product.,1
"Perfect gift idea, the recipient was thrilled. Really brilliant quality.",1
Very user friendly and intuitive to operate. Excellent overall.,1
Exceeded my expectations. Would buy again. Really great package.,1
Arrived damaged and customer service was unhelpful. Really terrible product.,0
Impressive performance and easy to set up.,1
"Completely useless, does not perform as claimed.",0
Arrived damaged and customer service was unhelpful.,0
"Does not work as advertised, very frustrating. The quality is useless.",0
"Absolutely dreadful, I cannot believe I paid for this. Really awful quality.",0
"A must have item, worth every penny spent.",1
Solid construction and works like a charm.,1
"Great addition to my collection, love the quality. Really perfect quality.",1
"Perfect gift idea, the recipient was thrilled. Fantastic overall.",1
Could not be happier with my purchase decision.,1
"Completely useless, does not perform as claimed. Poor overall.",0
Really impressed with the build quality. Really perfect item.,1
Cheaply made and fell apart within a week. Really disappointing purchase.,0
"The quality is awful, I want my money back.",0
"So glad I bought this, it works great.",1
Highly functional and looks great in my home.,1
High quality materials and beautiful design. Amazing overall.,1
Smooth transaction and the product is flawless.,1
"Flimsy and poorly constructed, broke right away.",0
"This product is amazing, I love it!",1
I am very unhappy with this purchase overall.,0
"Absolutely dreadful, I cannot believe I paid for this.",0
"Would not recommend, complete waste of money.",0
Very disappointed with the quality. Not worth it. Poor overall.,0
"Do not buy this, it is a complete scam.",0
Solid construction and works like a charm. The package is outstanding.,1
"This product is amazing, I love it! Perfect overall.",1
Packaging was damaged and the item was broken. The product is awful.,0
"Worst purchase ever, returning immediately for refund. Really terrible value.",0
Arrived damaged and customer service was unhelpful.,0
"Do not buy this, it is a complete scam. Really poor delivery.",0
"Fell apart on first use, zero durability. The package is horrible.",0
"Absolutely dreadful, I cannot believe I paid for this.",0
"Reliable and well made, I use it daily.",1
"Poor quality materials, feels very cheap overall. The value is poor.",0
"Extremely disappointed, nothing like the pictures shown. Useless overall.",0
"Regret this purchase entirely, total disappointment.",0
"Fantastic experience, highly recommend this.",1
"The quality is awful, I want my money back. Horrible overall.",0
"Perfect gift idea, the recipient was thrilled. Outstanding overall.",1
Smooth transaction and the product is flawless. Great overall.,1
"Very happy with this purchase, five stars!",1
Really impressed with the build quality. Amazing overall.,1
"Flimsy and poorly constructed, broke right away. Dreadful overall.",0
Excellent value for the price. Love it.,1
"Regret this purchase entirely, total disappointment. Really dreadful item.",0
High quality materials and beautiful design.,1
"Perfect gift idea, the recipient was thrilled. Amazing overall.",1
"Stopped working after just two uses, terrible.",0
High quality materials and beautiful design. Perfect overall.,1
"Delightful product, shipping was also very fast. Perfect overall.",1
Excellent value for the price. Love it. Really fantastic package.,1
"Overpriced garbage, stay away from this listing. The delivery is dreadful.",0
"Worst purchase ever, returning immediately for refund. Dreadful overall.",0
"Fantastic experience, highly recommend this. Really great package.",1
"Works perfectly, exactly as described.",1
"Not as described, very misleading product listing.",0
"Reliable and well made, I use it daily. The quality is excellent.",1
Very low quality for such a high price tag.,0
Really impressed with the build quality. Excellent overall.,1
"Fantastic experience, highly recommend this.",1
Very low quality for such a high price tag. Really terrible purchase.,0
Exceeded my expectations. Would buy again.,1
Impressive performance and easy to set up. Really delightful value.,1
"Perfect gift idea, the recipient was thrilled.",1
"Superb quality, will definitely order more. The value is delightful.",1
"Fell apart on first use, zero durability. Dreadful overall.",0
"Does not work as advertised, very frustrating.",0
"Does not work as advertised, very frustrating.",0
"Superb quality, will definitely order more. Amazing overall.",1
"Reliable and well made, I use it daily. Really brilliant item.",1
Very user friendly and intuitive to operate.,1
"Unusable product, had to throw it away. Dreadful overall.",0
"Would not recommend, complete waste of money. Terrible overall.",0
"Perfect gift idea, the recipient was thrilled. Wonderful overall.",1
Excellent value for the price. Love it.,1
Exceeded my expectations. Would buy again.,1
Impressive performance and easy to set up. The product is fantastic.,1
This is the worst product I have ever bought. The value is defective.,0
Wonderful product that does exactly what it should.,1
Premium feel and excellent craftsmanship throughout.,1
Could not be happier with my purchase decision.,1
"So glad I bought this, it works great. The delivery is superb.",1
"Save your money, this product is junk. Disappointing overall.",0
"Great addition to my collection, love the quality.",1
"Save your money, this product is junk. The delivery is poor.",0
Smooth transaction and the product is flawless.,1
"So glad I bought this, it works great.",1
Impressive performance and easy to set up. The quality is brilliant.,1
"Not as described, very misleading product listing. Useless overall.",0
Highly functional and looks great in my home. The item is brilliant.,1
"Completely useless, does not perform as claimed.",0
"Unusable product, had to throw it away. Really disappointing item.",0
"Do not buy this, it is a complete scam.",0
"This exceeded all my expectations, truly great.",1
"Very happy with this purchase, five stars! Really brilliant service.",1
Outstanding customer service and great product. Really delightful service.,1
"Not as described, very misleading product listing.",0
"Great addition to my collection, love the quality. Amazing overall.",1
Smooth transaction and the product is flawless.,1
"Absolutely wonderful, my family loves it too.",1
"Perfect gift idea, the recipient was thrilled. Really superb order.",1
"Very happy with this purchase, five stars! Outstanding overall.",1
"Reliable and well made, I use it daily. Really outstanding experience.",1
Great quality and fast shipping. Very satisfied.,1
Smooth transaction and the product is flawless. The quality is wonderful.,1
"This product is amazing, I love it! Really excellent experience.",1
"Flimsy and poorly constructed, broke right away.",0
Could not be happier with my purchase decision.,1
Really impressed with the build quality. The service is brilliant.,1
Cheaply made and fell apart within a week. The order is poor.,0
"Fantastic experience, highly recommend this. Really wonderful quality.",1
Highly functional and looks great in my home. Amazing overall.,1
"Horrible experience from start to finish, avoid.",0
Cheaply made and fell apart within a week.,0
"Does not work as advertised, very frustrating.",0
Impressive performance and easy to set up.,1
Cheaply made and fell apart within a week.,0
"A must have item, worth every penny spent. Amazing overall.",1
"Would not recommend, complete waste of money.",0
Could not be happier with my purchase decision.,1
Outstanding customer service and great product. The quality is outstanding.,1
"Stopped working after just two uses, terrible.",0
"Reliable and well made, I use it daily.",1
"This product is amazing, I love it!",1
"Great addition to my collection, love the quality.",1
"Very happy with this purchase, five stars! Great overall.",1
Packaging was damaged and the item was broken. Awful overall.,0
Great quality and fast shipping. Very satisfied. Really delightful delivery.,1
"Absolutely dreadful, I cannot believe I paid for this.",0
"Worst purchase ever, returning immediately for refund. Horrible overall.",0
"Great addition to my collection, love the quality.",1
"Delightful product, shipping was also very fast.",1
Arrived damaged and customer service was unhelpful.,0
Exceeded my expectations. Would buy again. Outstanding overall.,1
"Do not buy this, it is a complete scam.",0
"Great addition to my collection, love the quality. Really superb item.",1
"This product is amazing, I love it! Delightful overall.",1
Packaging was damaged and the item was broken. Awful overall.,0
"Fantastic experience, highly recommend this. The product is excellent.",1
High quality materials and beautiful design. Really wonderful item.,1
"Stopped working after just two uses, terrible.",0
Wonderful product that does exactly what it should. The experience is excellent.,1
Impressive performance and easy to set up. The package is outstanding.,1
Outstanding customer service and great product. Really brilliant quality.,1
"Fantastic experience, highly recommend this. Superb overall.",1
"Stopped working after just two uses, terrible. The order is poor.",0
Exceeded my expectations. Would buy again. The value is great.,1
"Misleading description, the actual product is terrible. Really bad order.",0
"Would not recommend, complete waste of money.",0
I am very unhappy with this purchase overall. Really dreadful delivery.,0
"Not as described, very misleading product listing.",0
Very user friendly and intuitive to operate. The item is excellent.,1
"Terrible product, broke after one day of use.",0
"This product is amazing, I love it! The package is excellent.",1
"Overpriced garbage, stay away from this listing. The service is disappointing.",0
"Flimsy and poorly constructed, broke right away.",0
"Do not buy this, it is a complete scam.",0
"Overpriced garbage, stay away from this listing.",0
Very disappointed with the quality. Not worth it.,0
"Flimsy and poorly constructed, broke right away. The item is frustrating.",0
Impressive performance and easy to set up. Really excellent item.,1
Impressive performance and easy to set up. Delightful overall.,1
Impressive performance and easy to set up.,1
,1
"Perfect gift idea, the recipient was thrilled. Great overall.",1
"Top notch product, arrived quickly and intact. Outstanding overall.",1
Really impressed with the build quality. Really fantastic delivery.,1
Exceeded my expectations. Would buy again. The item is wonderful.,1
"Fantastic experience, highly recommend this.",1
Very low quality for such a high price tag. Useless overall.,0
"The quality is awful, I want my money back. The experience is bad.",0
Impressive performance and easy to set up. The delivery is fantastic.,1
Arrived damaged and customer service was unhelpful. The order is frustrating.,0
Smooth transaction and the product is flawless. The delivery is perfect.,1
Wonderful product that does exactly what it should.,1
Defective item and no response from the seller. Really poor product.,0
"Reliable and well made, I use it daily. Fantastic overall.",1
"Does not work as advertised, very frustrating.",0
Arrived damaged and customer service was unhelpful.,0
"Stopped working after just two uses, terrible. Disappointing overall.",0
"Extremely disappointed, nothing like the pictures shown.",0
"Waste of time and money, very poor quality. Really terrible purchase.",0
This is the worst product I have ever bought.,0
High quality materials and beautiful design.,1
Outstanding customer service and great product. Perfect overall.,1
"Fantastic experience, highly recommend this.",1
Great quality and fast shipping. Very satisfied.,1
"Terrible product, broke after one day of use. Really dreadful package.",0
"Fell apart on first use, zero durability. Poor overall.",0
"Terrible product, broke after one day of use. Really frustrating experience.",0
"Stopped working after just two uses, terrible.",0
Exceeded my expectations. Would buy again.,1
"Do not buy this, it is a complete scam.",0
Wonderful product that does exactly what it should. Outstanding overall.,1
"Stopped working after just two uses, terrible. Really terrible delivery.",0
"Great addition to my collection, love the quality.",1
Cheaply made and fell apart within a week.,0
"Stopped working after just two uses, terrible. Really poor delivery.",0
Solid construction and works like a charm.,1
"Regret this purchase entirely, total disappointment. Useless overall.",0
"Delightful product, shipping was also very fast. The order is excellent.",1
"Not as described, very misleading product listing.",0
"Fell apart on first use, zero durability.",0
Solid construction and works like a charm.,1
Smooth transaction and the product is flawless.,1
"Flimsy and poorly constructed, broke right away. Frustrating overall.",0
"Extremely disappointed, nothing like the pictures shown. Useless overall.",0
"Perfect gift idea, the recipient was thrilled. Amazing overall.",1
Exceeded my expectations. Would buy again.,1
"Perfect gift idea, the recipient was thrilled. The service is delightful.",1
Premium feel and excellent craftsmanship throughout. Delightful overall.,1
"This exceeded all my expectations, truly great.",1
"Misleading description, the actual product is terrible.",0
Very disappointed with the quality. Not worth it.,0
"Extremely disappointed, nothing like the pictures shown.",0
Solid construction and works like a charm. The value is superb.,1
Exceeded my expectations. Would buy again.,1
"Superb quality, will definitely order more. Really fantastic value.",1
Exceeded my expectations. Would buy again. Delightful overall.,1
Could not be happier with my purchase decision.,1
"Horrible experience from start to finish, avoid. Useless overall.",0
This is the worst product I have ever bought.,0
"This product is amazing, I love it! Really superb package.",1
"Save your money, this product is junk. Really frustrating order.",0
Arrived damaged and customer service was unhelpful. The package is awful.,0
This is the worst product I have ever bought. Really bad value.,0
Best purchase I've made in a long time.,1
"Overpriced garbage, stay away from this listing.",0
"A must have item, worth every penny spent.",1
Solid construction and works like a charm.,1
"Horrible experience from start to finish, avoid. Frustrating overall.",0
"Perfect gift idea, the recipient was thrilled.",1
"Works perfectly, exactly as described. Really great value.",1
Great quality and fast shipping. Very satisfied.,1
"Completely useless, does not perform as claimed. Useless overall.",0
"Fell apart on first use, zero durability.",0
I am very unhappy with this purchase overall. Really disappointing item.,0
Highly functional and looks great in my home.,1
"Stopped working after just two uses, terrible. Really useless delivery.",0
Exceeded my expectations. Would buy again. The order is superb.,1
Premium feel and excellent craftsmanship throughout. Really wonderful delivery.,1
Very disappointed with the quality. Not worth it. Really poor quality.,0
"Perfect gift idea, the recipient was thrilled. The product is delightful.",1
"Not as described, very misleading product listing.",0
"Fantastic experience, highly recommend this. Fantastic overall.",1
Very disappointed with the quality. Not worth it.,0
Exceeded my expectations. Would buy again.,1
Packaging was damaged and the item was broken. Really useless value.,0
"Horrible experience from start to finish, avoid.",0
"Very happy with this purchase, five stars! Really delightful experience.",1
"Regret this purchase entirely, total disappointment.",0
"Stopped working after just two uses, terrible.",0
Excellent value for the price. Love it. The delivery is amazing.,1
"Very happy with this purchase, five stars! Wonderful overall.",1
Very disappointed with the quality. Not worth it. Bad overall.,0
I am very unhappy with this purchase overall. Really frustrating quality.,0
"Would not recommend, complete waste of money. Frustrating overall.",0
Very disappointed with the quality. Not worth it. Dreadful overall.,0
"This exceeded all my expectations, truly great.",1
Great quality and fast shipping. Very satisfied. Great overall.,1
Cheap knockoff that does not work at all. The package is bad.,0
"So glad I bought this, it works great.",1
,1
Very user friendly and intuitive to operate. The experience is wonderful.,1
Impressive performance and easy to set up. Excellent overall.,1
"Fantastic experience, highly recommend this. Wonderful overall.",1
"Perfect gift idea, the recipient was thrilled. Really delightful experience.",1
"Absolutely wonderful, my family loves it too. Brilliant overall.",1
Excellent value for the price. Love it.,1
"This exceeded all my expectations, truly great. Really excellent product.",1
Great quality and fast shipping. Very satisfied. Really excellent item.,1
"Absolutely wonderful, my family loves it too. The value is outstanding.",1
This is the worst product I have ever bought. Frustrating overall.,0
Solid construction and works like a charm. Really wonderful value.,1
"Top notch product, arrived quickly and intact. Really superb package.",1
"Terrible product, broke after one day of use.",0
Premium feel and excellent craftsmanship throughout. Perfect overall.,1
"Reliable and well made, I use it daily.",1
"Reliable and well made, I use it daily. The order is brilliant.",1
Cheap knockoff that does not work at all. Really awful quality.,0
Exceeded my expectations. Would buy again. The delivery is superb.,1
Highly functional and looks great in my home. Really fantastic purchase.,1
"This exceeded all my expectations, truly great. Really great item.",1
Cheaply made and fell apart within a week. Frustrating overall.,0
"Perfect gift idea, the recipient was thrilled.",1
"Would not recommend, complete waste of money.",0
Solid construction and works like a charm. The value is outstanding.,1
"Save your money, this product is junk.",0
Best purchase I've made in a long time. Really perfect value.,1
"The quality is awful, I want my money back. The product is useless.",0
"Horrible experience from start to finish, avoid. Horrible overall.",0
"Extremely disappointed, nothing like the pictures shown. The package is useless.",0
Outstanding customer service and great product. Really perfect package.,1
Impressive performance and easy to set up.,1
Very low quality for such a high price tag. Really defective purchase.,0
"Great addition to my collection, love the quality. The product is delightful.",1
Very disappointed with the quality. Not worth it. Really defective package.,0
Impressive performance and easy to set up.,1
Could not be happier with my purchase decision. Really fantastic quality.,1
"Superb quality, will definitely order more. The item is brilliant.",1
"Do not buy this, it is a complete scam.",0
"Save your money, this product is junk. Defective overall.",0
"Delightful product, shipping was also very fast. Really superb experience.",1
"This exceeded all my expectations, truly great. Perfect overall.",1
"Do not buy this, it is a complete scam.",0
Arrived damaged and customer service was unhelpful. Awful overall.,0
Smooth transaction and the product is flawless. Really delightful experience.,1
I am very unhappy with this purchase overall. Bad overall.,0
"Fell apart on first use, zero durability.",0
High quality materials and beautiful design. The quality is fantastic.,1
"Stopped working after just two uses, terrible. Really useless quality.",0
Very low quality for such a high price tag. The product is bad.,0
High quality materials and beautiful design. Delightful overall.,1
Cheap knockoff that does not work at all. Really awful experience.,0
"Delightful product, shipping was also very fast. Superb overall.",1
"Stopped working after just two uses, terrible.",0
"Extremely disappointed, nothing like the pictures shown. The package is useless.",0
"This exceeded all my expectations, truly great. Brilliant overall.",1
Arrived damaged and customer service was unhelpful. Awful overall.,0
I am very pleased with this item overall. Really superb purchase.,1
"This exceeded all my expectations, truly great. The product is amazing.",1
"Completely useless, does not perform as claimed.",0
Best purchase I've made in a long time. Really delightful service.,1
Premium feel and excellent craftsmanship throughout. Really delightful delivery.,1
Impressive performance and easy to set up. Fantastic overall.,1
"Reliable and well made, I use it daily.",1
"Extremely disappointed, nothing like the pictures shown.",0
Very user friendly and intuitive to operate.,1
Could not be happier with my purchase decision. Really delightful value.,1
Very low quality for such a high price tag.,0
Best purchase I've made in a long time.,1
"Worst purchase ever, returning immediately for refund. Terrible overall.",0
Best purchase I've made in a long time.,1
Smooth transaction and the product is flawless.,1
"Unusable product, had to throw it away.",0
Really impressed with the build quality.,1
I am very pleased with this item overall.,1
Outstanding customer service and great product.,1
"Very happy with this purchase, five stars! Really fantastic package.",1
Really impressed with the build quality.,1
"Superb quality, will definitely order more.",1
Highly functional and looks great in my home. Really outstanding delivery.,1
Great quality and fast shipping. Very satisfied. Fantastic overall.,1
Could not be happier with my purchase decision. Really fantastic quality.,1
I am very unhappy with this purchase overall.,0
Best purchase I've made in a long time.,1
Cheaply made and fell apart within a week. Really terrible service.,0
Very disappointed with the quality. Not worth it. Awful overall.,0
"Fantastic experience, highly recommend this.",1
"The quality is awful, I want my money back. Really frustrating quality.",0
Really impressed with the build quality. The product is fantastic.,1
"Unusable product, had to throw it away.",0
"Absolutely dreadful, I cannot believe I paid for this.",0
"Absolutely dreadful, I cannot believe I paid for this. The product is poor.",0
Wonderful product that does exactly what it should. Delightful overall.,1
"Perfect gift idea, the recipient was thrilled.",1
Cheap knockoff that does not work at all. Useless overall.,0
"Misleading description, the actual product is terrible. Really awful delivery.",0
Could not be happier with my purchase decision. The purchase is fantastic.,1
Very user friendly and intuitive to operate. Really fantastic value.,1
Defective item and no response from the seller.,0
Exceeded my expectations. Would buy again. Really outstanding item.,1
"Flimsy and poorly constructed, broke right away. The order is bad.",0
"Top notch product, arrived quickly and intact. Great overall.",1
"Superb quality, will definitely order more. The value is delightful.",1
Could not be happier with my purchase decision. The order is superb.,1
"Do not buy this, it is a complete scam.",0
"Reliable and well made, I use it daily. Wonderful overall.",1
Cheaply made and fell apart within a week. Really horrible quality.,0
"Delightful product, shipping was also very fast.",1
Solid construction and works like a charm. Really perfect order.,1
"Regret this purchase entirely, total disappointment. Frustrating overall.",0
"Absolutely dreadful, I cannot believe I paid for this. The item is defective.",0
Very low quality for such a high price tag. Really useless purchase.,0
Smooth transaction and the product is flawless. The quality is perfect.,1
"Completely useless, does not perform as claimed. The quality is defective.",0
Very user friendly and intuitive to operate. Really amazing quality.,1
"Perfect gift idea, the recipient was thrilled.",1
"A must have item, worth every penny spent.",1
"Great addition to my collection, love the quality.",1
Very disappointed with the quality. Not worth it. The delivery is disappointing.,0
"Absolutely dreadful, I cannot believe I paid for this. The quality is awful.",0
"So glad I bought this, it works great.",1
Highly functional and looks great in my home.,1
Exceeded my expectations. Would buy again. Perfect overall.,1
"Does not work as advertised, very frustrating.",0
"Overpriced garbage, stay away from this listing. The product is dreadful.",0
"Perfect gift idea, the recipient was thrilled.",1
"Great addition to my collection, love the quality.",1
Best purchase I've made in a long time. The order is fantastic.,1
"Misleading description, the actual product is terrible. The value is disappointing.",0
"Worst purchase ever, returning immediately for refund.",0
"Do not buy this, it is a complete scam. Really defective product.",0
"Stopped working after just two uses, terrible.",0
"Fell apart on first use, zero durability.",0
"Very happy with this purchase, five stars!",1
"Very happy with this purchase, five stars!",1
"The quality is awful, I want my money back. The package is poor.",0
Packaging was damaged and the item was broken.,0
"Extremely disappointed, nothing like the pictures shown. Disappointing overall.",0
"So glad I bought this, it works great.",1
"Fell apart on first use, zero durability. Really useless quality.",0
"Horrible experience from start to finish, avoid. The quality is horrible.",0
"So glad I bought this, it works great. Really perfect service.",1
"Very happy with this purchase, five stars! Fantastic overall.",1
"Absolutely dreadful, I cannot believe I paid for this. The delivery is frustrating.",0
Very disappointed with the quality. Not worth it.,0
Cheap knockoff that does not work at all.,0
"Flimsy and poorly constructed, broke right away. Dreadful overall.",0
"Worst purchase ever, returning immediately for refund.",0
"Completely useless, does not perform as claimed.",0
"Unusable product, had to throw it away.",0
I am very pleased with this item overall. Superb overall.,1
"This exceeded all my expectations, truly great. The quality is brilliant.",1
Solid construction and works like a charm. Superb overall.,1
"So glad I bought this, it works great. Really amazing value.",1
"Terrible product, broke after one day of use.",0
"Superb quality, will definitely order more. Excellent overall.",1
"Stopped working after just two uses, terrible.",0
Excellent value for the price. Love it.,1
,0
"Works perfectly, exactly as described.",1
I am very unhappy with this purchase overall. The product is awful.,0
Best purchase I've made in a long time. Really great item.,1
"Worst purchase ever, returning immediately for refund. Useless overall.",0
Defective item and no response from the seller.,0
"Terrible product, broke after one day of use.",0
"Terrible product, broke after one day of use.",0
"This product is amazing, I love it! Really perfect experience.",1
"Absolutely dreadful, I cannot believe I paid for this. Really awful service.",0
"Worst purchase ever, returning immediately for refund. Defective overall.",0
Excellent value for the price. Love it. Outstanding overall.,1
"Perfect gift idea, the recipient was thrilled. Really delightful order.",1
"A must have item, worth every penny spent. The product is wonderful.",1
"Top notch product, arrived quickly and intact.",1
Packaging was damaged and the item was broken. The purchase is terrible.,0
Smooth transaction and the product is flawless.,1
"Waste of time and money, very poor quality. Really useless product.",0
"Waste of time and money, very poor quality. Defective overall.",0
"Absolutely dreadful, I cannot believe I paid for this.",0
"Does not work as advertised, very frustrating. Really bad product.",0
"Fell apart on first use, zero durability. Disappointing overall.",0
Very low quality for such a high price tag.,0
"Top notch product, arrived quickly and intact.",1
,1
"Save your money, this product is junk.",0
Solid construction and works like a charm. Superb overall.,1
High quality materials and beautiful design.,1
"So glad I bought this, it works great.",1
"Fell apart on first use, zero durability. Really defective package.",0
"Would not recommend, complete waste of money.",0
"Overpriced garbage, stay away from this listing. Disappointing overall.",0
"Would not recommend, complete waste of money.",0
Solid construction and works like a charm. Really fantastic item.,1
"Does not work as advertised, very frustrating.",0
"Fantastic experience, highly recommend this. Amazing overall.",1
Defective item and no response from the seller.,0
"Horrible experience from start to finish, avoid. The experience is disappointing.",0
Very low quality for such a high price tag.,0
Arrived damaged and customer service was unhelpful. Poor overall.,0
Best purchase I've made in a long time.,1
"So glad I bought this, it works great. The quality is fantastic.",1
Excellent value for the price. Love it.,1
"Do not buy this, it is a complete scam. Awful overall.",0
"Stopped working after just two uses, terrible.",0
"Perfect gift idea, the recipient was thrilled.",1
"Horrible experience from start to finish, avoid. Really bad value.",0
Really impressed with the build quality. Excellent overall.,1
,1
"Top notch product, arrived quickly and intact. Fantastic overall.",1
"Absolutely dreadful, I cannot believe I paid for this.",0
This is the worst product I have ever bought.,0
"Do not buy this, it is a complete scam.",0
Best purchase I've made in a long time. Fantastic overall.,1
"Completely useless, does not perform as claimed. The experience is disappointing.",0
Impressive performance and easy to set up.,1
I am very pleased with this item overall.,1
"Poor quality materials, feels very cheap overall. Really dreadful delivery.",0
Very low quality for such a high price tag.,0
"Terrible product, broke after one day of use. Really awful package.",0
"Do not buy this, it is a complete scam.",0
"Extremely disappointed, nothing like the pictures shown. The quality is terrible.",0
"So glad I bought this, it works great. Really wonderful item.",1
"Superb quality, will definitely order more. Really superb quality.",1
"Absolutely wonderful, my family loves it too.",1
Really impressed with the build quality. The package is wonderful.,1
"Terrible product, broke after one day of use. Really bad item.",0
"Regret this purchase entirely, total disappointment. Really horrible service.",0
I am very pleased with this item overall. Really outstanding quality.,1
Could not be happier with my purchase decision.,1
"This product is amazing, I love it!",1
"Top notch product, arrived quickly and intact. Really amazing order.",1
Solid construction and works like a charm. The value is wonderful.,1
"Extremely disappointed, nothing like the pictures shown.",0
"Not as described, very misleading product listing. Frustrating overall.",0
Impressive performance and easy to set up. The value is outstanding.,1
"Absolutely wonderful, my family loves it too. Really brilliant value.",1
Premium feel and excellent craftsmanship throughout. The value is delightful.,1
"Save your money, this product is junk. Awful overall.",0
"Does not work as advertised, very frustrating.",0
"So glad I bought this, it works great.",1
"So glad I bought this, it works great.",1
"Unusable product, had to throw it away. Horrible overall.",0
"Does not work as advertised, very frustrating.",0
Cheap knockoff that does not work at all.,0
"Worst purchase ever, returning immediately for refund.",0
"So glad I bought this, it works great.",1
,1
"Horrible experience from start to finish, avoid. Really terrible package.",0
"Works perfectly, exactly as described.",1
Very low quality for such a high price tag.,0
I am very pleased with this item overall.,1
"The quality is awful, I want my money back. Awful overall.",0
"Do not buy this, it is a complete scam. The delivery is poor.",0
Smooth transaction and the product is flawless. Really wonderful order.,1
Smooth transaction and the product is flawless. Really delightful experience.,1
"Misleading description, the actual product is terrible. The order is dreadful.",0
I am very pleased with this item overall.,1
"Save your money, this product is junk.",0
Smooth transaction and the product is flawless. Really perfect item.,1
Premium feel and excellent craftsmanship throughout. Really amazing package.,1
Cheaply made and fell apart within a week. Really horrible delivery.,0
High quality materials and beautiful design. Excellent overall.,1
"Top notch product, arrived quickly and intact. The item is brilliant.",1
"This exceeded all my expectations, truly great.",1
Really impressed with the build quality. The product is delightful.,1
Could not be happier with my purchase decision.,1
Outstanding customer service and great product.,1
Really impressed with the build quality.,1
Very low quality for such a high price tag. The delivery is frustrating.,0
"Poor quality materials, feels very cheap overall. The product is frustrating.",0
"Do not buy this, it is a complete scam.",0
"Completely useless, does not perform as claimed. Really horrible package.",0
Exceeded my expectations. Would buy again. The package is superb.,1
"A must have item, worth every penny spent.",1
"Delightful product, shipping was also very fast. The experience is great.",1
"Terrible product, broke after one day of use. The quality is dreadful.",0
Very low quality for such a high price tag.,0
"Terrible product, broke after one day of use.",0
"Flimsy and poorly constructed, broke right away.",0
"Overpriced garbage, stay away from this listing. Awful overall.",0
Highly functional and looks great in my home.,1
Packaging was damaged and the item was broken.,0
Defective item and no response from the seller. Horrible overall.,0
Packaging was damaged and the item was broken.,0
Smooth transaction and the product is flawless. The item is great.,1
"Fell apart on first use, zero durability.",0
"So glad I bought this, it works great. Really superb purchase.",1
Could not be happier with my purchase decision.,1
Solid construction and works like a charm. Really amazing package.,1
"Overpriced garbage, stay away from this listing. The package is disappointing.",0
"Flimsy and poorly constructed, broke right away. Really disappointing item.",0
Could not be happier with my purchase decision.,1
"Extremely disappointed, nothing like the pictures shown.",0
"Absolutely wonderful, my family loves it too.",1
"Terrible product, broke after one day of use. The item is defective.",0
Outstanding customer service and great product.,1
Could not be happier with my purchase decision.,1
Exceeded my expectations. Would buy again.,1
"Not as described, very misleading product listing. The package is awful.",0
"Misleading description, the actual product is terrible. Horrible overall.",0
Wonderful product that does exactly what it should.,1
Very disappointed with the quality. Not worth it.,0
"Do not buy this, it is a complete scam. The value is defective.",0
"A must have item, worth every penny spent. The item is excellent.",1
"Completely useless, does not perform as claimed.",0
"This exceeded all my expectations, truly great. Really perfect package.",1
Best purchase I've made in a long time. The item is fantastic.,1
Very user friendly and intuitive to operate.,1
"Not as described, very misleading product listing.",0
"This exceeded all my expectations, truly great.",1
"Extremely disappointed, nothing like the pictures shown. The package is horrible.",0
Cheaply made and fell apart within a week. The product is useless.,0
Cheaply made and fell apart within a week. Terrible overall.,0
Premium feel and excellent craftsmanship throughout. The purchase is excellent.,1
"Very happy with this purchase, five stars!",1
Excellent value for the price. Love it. Wonderful overall.,1
"Regret this purchase entirely, total disappointment. Really terrible purchase.",0
"Stopped working after just two uses, terrible. Awful overall.",0
Really impressed with the build quality.,1
"Extremely disappointed, nothing like the pictures shown.",0
"Delightful product, shipping was also very fast.",1
Wonderful product that does exactly what it should.,1
Arrived damaged and customer service was unhelpful. The experience is terrible.,0
"Unusable product, had to throw it away. Bad overall.",0
"Fell apart on first use, zero durability. The package is disappointing.",0
"Regret this purchase entirely, total disappointment.",0
Arrived damaged and customer service was unhelpful. The item is poor.,0
"Waste of time and money, very poor quality. Useless overall.",0
"Delightful product, shipping was also very fast. The value is wonderful.",1
Packaging was damaged and the item was broken.,0
"The quality is awful, I want my money back. Horrible overall.",0
Smooth transaction and the product is flawless. Superb overall.,1
"Perfect gift idea, the recipient was thrilled. The order is fantastic.",1
Arrived damaged and customer service was unhelpful. Really defective item.,0
"Does not work as advertised, very frustrating. Frustrating overall.",0
"Fantastic experience, highly recommend this. Really perfect delivery.",1
"Superb quality, will definitely order more. The package is brilliant.",1
"Does not work as advertised, very frustrating. The value is poor.",0
I am very unhappy with this purchase overall. The purchase is bad.,0
"Extremely disappointed, nothing like the pictures shown. The service is disappointing.",0
Excellent value for the price. Love it.,1
I am very pleased with this item overall. The order is perfect.,1
"Fantastic experience, highly recommend this. The item is excellent.",1
I am very unhappy with this purchase overall. Really dreadful purchase.,0
"Absolutely wonderful, my family loves it too.",1
Premium feel and excellent craftsmanship throughout. The product is wonderful.,1
"Waste of time and money, very poor quality. The purchase is frustrating.",0
"Fantastic experience, highly recommend this. The quality is amazing.",1
"Absolutely dreadful, I cannot believe I paid for this.",0
"This product is amazing, I love it! Really outstanding experience.",1
Outstanding customer service and great product. Excellent overall.,1
Highly functional and looks great in my home.,1
Packaging was damaged and the item was broken.,0
Great quality and fast shipping. Very satisfied.,1
"The quality is awful, I want my money back. Really dreadful service.",0
"Stopped working after just two uses, terrible.",0
"Absolutely wonderful, my family loves it too. Delightful overall.",1
Excellent value for the price. Love it. Excellent overall.,1
"Terrible product, broke after one day of use.",0
Solid construction and works like a charm. Really delightful order.,1
Cheaply made and fell apart within a week.,0
"Fell apart on first use, zero durability.",0
Premium feel and excellent craftsmanship throughout. Really excellent purchase.,1
Very user friendly and intuitive to operate. The value is superb.,1
Wonderful product that does exactly what it should.,1
I am very unhappy with this purchase overall. Frustrating overall.,0
"Flimsy and poorly constructed, broke right away. The item is terrible.",0
Defective item and no response from the seller.,0
"This product is amazing, I love it! Really superb value.",1
"Save your money, this product is junk. The delivery is horrible.",0
Arrived damaged and customer service was unhelpful. The purchase is defective.,0
Exceeded my expectations. Would buy again.,1
"Save your money, this product is junk. Really poor delivery.",0
"Overpriced garbage, stay away from this listing. Disappointing overall.",0
"Completely useless, does not perform as claimed. Useless overall.",0
This is the worst product I have ever bought.,0
"Delightful product, shipping was also very fast. Really fantastic purchase.",1
"Completely useless, does not perform as claimed.",0
"Does not work as advertised, very frustrating.",0
Packaging was damaged and the item was broken.,0
"Save your money, this product is junk. Awful overall.",0
"Works perfectly, exactly as described.",1
"Not as described, very misleading product listing. The order is dreadful.",0
Excellent value for the price. Love it. The product is wonderful.,1
"Perfect gift idea, the recipient was thrilled.",1
Highly functional and looks great in my home.,1
"Fantastic experience, highly recommend this. Really brilliant value.",1
"Do not buy this, it is a complete scam. Awful overall.",0
"Save your money, this product is junk. The item is poor.",0
"Works perfectly, exactly as described. The purchase is outstanding.",1
"Save your money, this product is junk.",0
"The quality is awful, I want my money back.",0
Very disappointed with the quality. Not worth it. Really awful delivery.,0
"The quality is awful, I want my money back. Useless overall.",0
"Superb quality, will definitely order more. The item is great.",1
Wonderful product that does exactly what it should. Really perfect quality.,1
"Extremely disappointed, nothing like the pictures shown. The experience is terrible.",0
"Great addition to my collection, love the quality. Really delightful quality.",1
"Terrible product, broke after one day of use. Dreadful overall.",0
"Flimsy and poorly constructed, broke right away.",0
High quality materials and beautiful design.,1
"Works perfectly, exactly as described. Superb overall.",1
"Do not buy this, it is a complete scam.",0
Excellent value for the price. Love it.,1
Arrived damaged and customer service was unhelpful. Awful overall.,0
Solid construction and works like a charm.,1
I am very unhappy with this purchase overall.,0
Wonderful product that does exactly what it should. Great overall.,1
"Stopped working after just two uses, terrible.",0
"Poor quality materials, feels very cheap overall. Really frustrating purchase.",0
"Misleading description, the actual product is terrible. The purchase is dreadful.",0
Exceeded my expectations. Would buy again. Really outstanding order.,1
Really impressed with the build quality.,1
I am very pleased with this item overall.,1
Premium feel and excellent craftsmanship throughout.,1
"Fantastic experience, highly recommend this. Really outstanding purchase.",1
"Absolutely dreadful, I cannot believe I paid for this. The value is awful.",0
Smooth transaction and the product is flawless.,1
"Top notch product, arrived quickly and intact.",1
Great quality and fast shipping. Very satisfied.,1
Defective item and no response from the seller. The experience is defective.,0
Highly functional and looks great in my home. The order is superb.,1
Premium feel and excellent craftsmanship throughout. The delivery is fantastic.,1
"Great addition to my collection, love the quality. Fantastic overall.",1
Smooth transaction and the product is flawless. Really wonderful order.,1
,1
Impressive performance and easy to set up.,1
"Absolutely dreadful, I cannot believe I paid for this.",0
"Great addition to my collection, love the quality. Really amazing service.",1
"Horrible experience from start to finish, avoid. Really useless experience.",0
"Does not work as advertised, very frustrating. The order is dreadful.",0
Very disappointed with the quality. Not worth it. Frustrating overall.,0
"Not as described, very misleading product listing.",0
Could not be happier with my purchase decision. Really wonderful product.,1
High quality materials and beautiful design. Really delightful quality.,1
Wonderful product that does exactly what it should. Perfect overall.,1
I am very unhappy with this purchase overall. Poor overall.,0
"Stopped working after just two uses, terrible.",0
Cheap knockoff that does not work at all. Really dreadful order.,0
Could not be happier with my purchase decision. The service is outstanding.,1
"Flimsy and poorly constructed, broke right away.",0
Cheaply made and fell apart within a week. Poor overall.,0
"So glad I bought this, it works great.",1
Outstanding customer service and great product.,1
Wonderful product that does exactly what it should.,1
I am very pleased with this item overall. Delightful overall.,1
"A must have item, worth every penny spent. The quality is wonderful.",1
Excellent value for the price. Love it. Superb overall.,1
Outstanding customer service and great product. Really excellent service.,1
"Misleading description, the actual product is terrible. Defective overall.",0
"Overpriced garbage, stay away from this listing. Terrible overall.",0
Premium feel and excellent craftsmanship throughout.,1
Very low quality for such a high price tag. Defective overall.,0
This is the worst product I have ever bought. Useless overall.,0
Smooth transaction and the product is flawless. Really excellent service.,1
"Fantastic experience, highly recommend this. Brilliant overall.",1
This is the worst product I have ever bought. Really bad item.,0
"Very happy with this purchase, five stars! Fantastic overall.",1
Excellent value for the price. Love it.,1
"Flimsy and poorly constructed, broke right away.",0
"Flimsy and poorly constructed, broke right away. The service is dreadful.",0
"This exceeded all my expectations, truly great. The experience is fantastic.",1
Arrived damaged and customer service was unhelpful.,0
Best purchase I've made in a long time. The purchase is superb.,1
Really impressed with the build quality. The delivery is excellent.,1
"Do not buy this, it is a complete scam. Really poor order.",0
"Flimsy and poorly constructed, broke right away.",0
Could not be happier with my purchase decision.,1
"Top notch product, arrived quickly and intact.",1
"Overpriced garbage, stay away from this listing. Bad overall.",0
"Terrible product, broke after one day of use. Really terrible order.",0
"Superb quality, will definitely order more.",1
"Works perfectly, exactly as described. Wonderful overall.",1
"Perfect gift idea, the recipient was thrilled.",1
"So glad I bought this, it works great.",1
Solid construction and works like a charm.,1
Cheaply made and fell apart within a week. Really dreadful purchase.,0
Very low quality for such a high price tag. The purchase is useless.,0
"Reliable and well made, I use it daily. Amazing overall.",1
Defective item and no response from the seller. The item is terrible.,0
"Completely useless, does not perform as claimed.",0
"Fantastic experience, highly recommend this.",1
"Worst purchase ever, returning immediately for refund.",0
This is the worst product I have ever bought.,0
"The quality is awful, I want my money back.",0
"Horrible experience from start to finish, avoid.",0
Defective item and no response from the seller.,0
"Extremely disappointed, nothing like the pictures shown. Really disappointing package.",0
"Unusable product, had to throw it away.",0
"Very happy with this purchase, five stars! The product is amazing.",1
I am very unhappy with this purchase overall. Really defective quality.,0
"Fell apart on first use, zero durability. The item is useless.",0
Could not be happier with my purchase decision. Great overall.,1
"Perfect gift idea, the recipient was thrilled. Really amazing item.",1
Cheap knockoff that does not work at all. Poor overall.,0
"Delightful product, shipping was also very fast. The item is wonderful.",1
Cheap knockoff that does not work at all. Horrible overall.,0
Highly functional and looks great in my home. Brilliant overall.,1
"Extremely disappointed, nothing like the pictures shown. The purchase is bad.",0
"Top notch product, arrived quickly and intact.",1
Very user friendly and intuitive to operate. The purchase is outstanding.,1
"Completely useless, does not perform as claimed. The purchase is terrible.",0
Premium feel and excellent craftsmanship throughout.,1
"Works perfectly, exactly as described. Delightful overall.",1
Cheap knockoff that does not work at all.,0
"Waste of time and money, very poor quality. The quality is disappointing.",0
"Not as described, very misleading product listing.",0
This is the worst product I have ever bought.,0
"The quality is awful, I want my money back. Dreadful overall.",0
Best purchase I've made in a long time. The value is perfect.,1
Packaging was damaged and the item was broken.,0
,1
"Very happy with this purchase, five stars! The package is superb.",1
"Unusable product, had to throw it away. Really disappointing experience.",0
"Do not buy this, it is a complete scam.",0
Cheap knockoff that does not work at all. Frustrating overall.,0
"Flimsy and poorly constructed, broke right away.",0
Great quality and fast shipping. Very satisfied. The service is perfect.,1
"Misleading description, the actual product is terrible. Defective overall.",0
Packaging was damaged and the item was broken. Frustrating overall.,0
I am very unhappy with this purchase overall. Dreadful overall.,0
"Reliable and well made, I use it daily. The quality is superb.",1
"Fell apart on first use, zero durability. Dreadful overall.",0
"Great addition to my collection, love the quality.",1
"Reliable and well made, I use it daily. Really wonderful product.",1
Best purchase I've made in a long time. Outstanding overall.,1
"Worst purchase ever, returning immediately for refund. Really awful experience.",0
"Great addition to my collection, love the quality. The delivery is great.",1
Great quality and fast shipping. Very satisfied.,1
"A must have item, worth every penny spent. Really delightful service.",1
"This product is amazing, I love it!",1
"Great addition to my collection, love the quality.",1
"Completely useless, does not perform as claimed. Really defective purchase.",0
"Stopped working after just two uses, terrible. Defective overall.",0
"So glad I bought this, it works great. Delightful overall.",1
Really impressed with the build quality. Really fantastic quality.,1
"The quality is awful, I want my money back. Defective overall.",0
"Reliable and well made, I use it daily. Really perfect order.",1
Defective item and no response from the seller. Really poor delivery.,0
"Regret this purchase entirely, total disappointment. The delivery is useless.",0
I am very pleased with this item overall.,1
"A must have item, worth every penny spent.",1
"Regret this purchase entirely, total disappointment.",0
Very disappointed with the quality. Not worth it. Terrible overall.,0
"Horrible experience from start to finish, avoid. The purchase is poor.",0
Outstanding customer service and great product. Perfect overall.,1
"Fantastic experience, highly recommend this. Really delightful service.",1
"Very happy with this purchase, five stars! The package is perfect.",1
"Top notch product, arrived quickly and intact.",1
"Terrible product, broke after one day of use.",0
"Great addition to my collection, love the quality.",1
"Fell apart on first use, zero durability.",0
This is the worst product I have ever bought. Really awful purchase.,0
"Stopped working after just two uses, terrible. Terrible overall.",0
Best purchase I've made in a long time. Excellent overall.,1
"Save your money, this product is junk. The purchase is frustrating.",0
"Absolutely dreadful, I cannot believe I paid for this. The value is bad.",0
High quality materials and beautiful design. Delightful overall.,1
"Misleading description, the actual product is terrible. Really bad service.",0
"Regret this purchase entirely, total disappointment. Really awful service.",0
I am very pleased with this item overall. The experience is perfect.,1
"Very happy with this purchase, five stars! Great overall.",1
"Superb quality, will definitely order more.",1
I am very pleased with this item overall. Amazing overall.,1
"Very happy with this purchase, five stars! Really delightful value.",1
This is the worst product I have ever bought. The experience is bad.,0
Excellent value for the price. Love it. The package is perfect.,1
"This exceeded all my expectations, truly great.",1
"Horrible experience from start to finish, avoid.",0
"Poor quality materials, feels very cheap overall.",0
Packaging was damaged and the item was broken. Really awful order.,0
"Great addition to my collection, love the quality.",1
Could not be happier with my purchase decision. The purchase is wonderful.,1
"Reliable and well made, I use it daily. The product is superb.",1
Very disappointed with the quality. Not worth it.,0
Very low quality for such a high price tag.,0
"Perfect gift idea, the recipient was thrilled. Outstanding overall.",1
"Stopped working after just two uses, terrible. The service is awful.",0
"Fell apart on first use, zero durability. The product is defective.",0
Premium feel and excellent craftsmanship throughout. Perfect overall.,1
Impressive performance and easy to set up.,1
"Top notch product, arrived quickly and intact. Really amazing quality.",1
Arrived damaged and customer service was unhelpful. Disappointing overall.,0
"Horrible experience from start to finish, avoid.",0
"Poor quality materials, feels very cheap overall.",0
I am very pleased with this item overall. Perfect overall.,1
"Overpriced garbage, stay away from this listing.",0
"Does not work as advertised, very frustrating.",0
Outstanding customer service and great product.,1
Cheap knockoff that does not work at all.,0
"Horrible experience from start to finish, avoid. The package is awful.",0
"Overpriced garbage, stay away from this listing. Defective overall.",0
Best purchase I've made in a long time. Great overall.,1
"Waste of time and money, very poor quality.",0
Really impressed with the build quality.,1
Very low quality for such a high price tag. Defective overall.,0
"Works perfectly, exactly as described. Really amazing delivery.",1
"Completely useless, does not perform as claimed. Disappointing overall.",0
This is the worst product I have ever bought.,0
"Absolutely wonderful, my family loves it too.",1
"Does not work as advertised, very frustrating. Defective overall.",0
"Waste of time and money, very poor quality. Useless overall.",0
"Overpriced garbage, stay away from this listing.",0
I am very unhappy with this purchase overall.,0
"Absolutely dreadful, I cannot believe I paid for this. Terrible overall.",0
Could not be happier with my purchase decision.,1
"Waste of time and money, very poor quality. Really defective package.",0
"This exceeded all my expectations, truly great.",1
"This exceeded all my expectations, truly great.",1
"Fell apart on first use, zero durability.",0
"Does not work as advertised, very frustrating. Really defective value.",0
"Absolutely wonderful, my family loves it too.",1
"Would not recommend, complete waste of money. Really poor delivery.",0
This is the worst product I have ever bought. Dreadful overall.,0
High quality materials and beautiful design. The product is brilliant.,1
"Fantastic experience, highly recommend this. Perfect overall.",1
"Stopped working after just two uses, terrible.",0
"Regret this purchase entirely, total disappointment. Really poor experience.",0
"Absolutely wonderful, my family loves it too.",1
"Regret this purchase entirely, total disappointment. Really horrible quality.",0
"Would not recommend, complete waste of money. Really useless package.",0
"Does not work as advertised, very frustrating.",0
This is the worst product I have ever bought. Dreadful overall.,0
"Flimsy and poorly constructed, broke right away. Really frustrating quality.",0
Packaging was damaged and the item was broken. Really disappointing product.,0
Arrived damaged and customer service was unhelpful. Really defective value.,0
Packaging was damaged and the item was broken.,0
Very disappointed with the quality. Not worth it. Really horrible package.,0
Impressive performance and easy to set up. Delightful overall.,1
"Worst purchase ever, returning immediately for refund.",0
"Works perfectly, exactly as described.",1
"Misleading description, the actual product is terrible.",0
"Works perfectly, exactly as described.",1
Cheaply made and fell apart within a week. Really disappointing experience.,0
"Terrible product, broke after one day of use.",0
"Great addition to my collection, love the quality. The value is excellent.",1
"Flimsy and poorly constructed, broke right away. The value is defective.",0
"Would not recommend, complete waste of money.",0
"Waste of time and money, very poor quality.",0
Smooth transaction and the product is flawless.,1
"Misleading description, the actual product is terrible. Frustrating overall.",0
"The quality is awful, I want my money back.",0
"Absolutely dreadful, I cannot believe I paid for this.",0
Excellent value for the price. Love it. The product is great.,1
"Regret this purchase entirely, total disappointment. Really terrible experience.",0
"So glad I bought this, it works great. Really superb item.",1
Could not be happier with my purchase decision. Delightful overall.,1
Wonderful product that does exactly what it should. Superb overall.,1
Solid construction and works like a charm.,1
"Works perfectly, exactly as described.",1
Excellent value for the price. Love it. Fantastic overall.,1
"Delightful product, shipping was also very fast. Really excellent item.",1
Very user friendly and intuitive to operate. Really excellent item.,1
Very user friendly and intuitive to operate.,1
"Does not work as advertised, very frustrating. The product is disappointing.",0
"Flimsy and poorly constructed, broke right away. The experience is defective.",0
"Not as described, very misleading product listing. The delivery is dreadful.",0
"Overpriced garbage, stay away from this listing.",0
"Reliable and well made, I use it daily. Really delightful product.",1
"Perfect gift idea, the recipient was thrilled.",1
Outstanding customer service and great product.,1
Defective item and no response from the seller. Horrible overall.,0
Packaging was damaged and the item was broken. The purchase is terrible.,0
Solid construction and works like a charm.,1
Wonderful product that does exactly what it should. The service is great.,1
"Absolutely dreadful, I cannot believe I paid for this. Awful overall.",0
"Absolutely wonderful, my family loves it too.",1
"Do not buy this, it is a complete scam. The value is disappointing.",0
"Works perfectly, exactly as described. The service is outstanding.",1
"Regret this purchase entirely, total disappointment. The delivery is poor.",0
Highly functional and looks great in my home. Perfect overall.,1
"Top notch product, arrived quickly and intact. Really delightful quality.",1
Solid construction and works like a charm.,1
"Flimsy and poorly constructed, broke right away. The package is awful.",0
Could not be happier with my purchase decision. Great overall.,1
"Absolutely wonderful, my family loves it too. The service is perfect.",1
"Very happy with this purchase, five stars!",1
Exceeded my expectations. Would buy again.,1
"Absolutely wonderful, my family loves it too. Great overall.",1
"Overpriced garbage, stay away from this listing. Really dreadful quality.",0
"Overpriced garbage, stay away from this listing. Really dreadful package.",0
"Worst purchase ever, returning immediately for refund. Dreadful overall.",0
"Fell apart on first use, zero durability. The item is awful.",0
Impressive performance and easy to set up. The service is amazing.,1
"Absolutely wonderful, my family loves it too.",1
High quality materials and beautiful design. Excellent overall.,1
"Very happy with this purchase, five stars! The purchase is delightful.",1
High quality materials and beautiful design.,1
"Top notch product, arrived quickly and intact. The quality is excellent.",1
Really impressed with the build quality. Really amazing product.,1
Wonderful product that does exactly what it should. Wonderful overall.,1
"Works perfectly, exactly as described. Really perfect package.",1
High quality materials and beautiful design. Delightful overall.,1
"Flimsy and poorly constructed, broke right away.",0
"Absolutely wonderful, my family loves it too.",1
Very low quality for such a high price tag. Really horrible value.,0
"Overpriced garbage, stay away from this listing.",0
Smooth transaction and the product is flawless. Really outstanding order.,1
"Flimsy and poorly constructed, broke right away.",0
Best purchase I've made in a long time. Perfect overall.,1
"Superb quality, will definitely order more.",1
"Stopped working after just two uses, terrible. The purchase is awful.",0
I am very unhappy with this purchase overall. The quality is poor.,0
"Delightful product, shipping was also very fast. Superb overall.",1
I am very pleased with this item overall. Perfect overall.,1
"The quality is awful, I want my money back.",0
Very low quality for such a high price tag. Really defective service.,0
"Absolutely wonderful, my family loves it too.",1
Highly functional and looks great in my home.,1
"Perfect gift idea, the recipient was thrilled. Excellent overall.",1
Could not be happier with my purchase decision.,1
"Would not recommend, complete waste of money. Really horrible delivery.",0
Really impressed with the build quality.,1
Excellent value for the price. Love it.,1
"So glad I bought this, it works great. The purchase is excellent.",1
"Overpriced garbage, stay away from this listing. The package is dreadful.",0
"Does not work as advertised, very frustrating. The item is disappointing.",0
"Absolutely dreadful, I cannot believe I paid for this. The service is frustrating.",0
"Fell apart on first use, zero durability. The service is disappointing.",0
"Not as described, very misleading product listing. The purchase is defective.",0
"Superb quality, will definitely order more. Great overall.",1
Could not be happier with my purchase decision.,1
"Terrible product, broke after one day of use. Terrible overall.",0
"Perfect gift idea, the recipient was thrilled.",1
Best purchase I've made in a long time.,1
Could not be happier with my purchase decision.,1
Premium feel and excellent craftsmanship throughout.,1
"Misleading description, the actual product is terrible. Awful overall.",0
"So glad I bought this, it works great. Fantastic overall.",1
"Terrible product, broke after one day of use. Useless overall.",0
High quality materials and beautiful design.,1
"Superb quality, will definitely order more. Amazing overall.",1
"Misleading description, the actual product is terrible. Terrible overall.",0
"The quality is awful, I want my money back.",0
"Does not work as advertised, very frustrating. Really disappointing experience.",0
Exceeded my expectations. Would buy again.,1
"Superb quality, will definitely order more.",1
Cheap knockoff that does not work at all. Really awful purchase.,0
"Fantastic experience, highly recommend this.",1
"Reliable and well made, I use it daily. Really delightful quality.",1
"This product is amazing, I love it!",1
"Does not work as advertised, very frustrating. Awful overall.",0
"Completely useless, does not perform as claimed. Really frustrating product.",0
Arrived damaged and customer service was unhelpful. Really terrible quality.,0
"So glad I bought this, it works great. Fantastic overall.",1
"Reliable and well made, I use it daily. The delivery is amazing.",1
Very disappointed with the quality. Not worth it. The experience is poor.,0
"Works perfectly, exactly as described.",1
"Poor quality materials, feels very cheap overall.",0
"Overpriced garbage, stay away from this listing.",0
"Regret this purchase entirely, total disappointment.",0
Premium feel and excellent craftsmanship throughout. The purchase is superb.,1
"Not as described, very misleading product listing. Really frustrating package.",0
Highly functional and looks great in my home. The order is amazing.,1
Packaging was damaged and the item was broken. The delivery is disappointing.,0
"Misleading description, the actual product is terrible. The value is poor.",0
Very user friendly and intuitive to operate. The product is great.,1
"Reliable and well made, I use it daily. Delightful overall.",1
Cheaply made and fell apart within a week. The quality is horrible.,0
Premium feel and excellent craftsmanship throughout. Amazing overall.,1
"Completely useless, does not perform as claimed. Really useless item.",0
"Very happy with this purchase, five stars! Superb overall.",1
"Delightful product, shipping was also very fast.",1
"Delightful product, shipping was also very fast. The package is excellent.",1
"Reliable and well made, I use it daily. Brilliant overall.",1
Outstanding customer service and great product.,1
Really impressed with the build quality.,1
"Would not recommend, complete waste of money.",0
"Great addition to my collection, love the quality. Fantastic overall.",1
"This product is amazing, I love it! Really perfect experience.",1
Defective item and no response from the seller. Really bad value.,0
"Delightful product, shipping was also very fast.",1
"Regret this purchase entirely, total disappointment. Really frustrating service.",0
Really impressed with the build quality. The delivery is outstanding.,1
"Regret this purchase entirely, total disappointment. Really awful product.",0
Cheap knockoff that does not work at all. The order is terrible.,0
Outstanding customer service and great product.,1
"A must have item, worth every penny spent.",1
Great quality and fast shipping. Very satisfied.,1
"Terrible product, broke after one day of use. The quality is dreadful.",0
Very user friendly and intuitive to operate.,1
"Great addition to my collection, love the quality.",1
"This exceeded all my expectations, truly great. Amazing overall.",1
"Worst purchase ever, returning immediately for refund. The item is useless.",0
"Unusable product, had to throw it away. Really disappointing order.",0
Very low quality for such a high price tag.,0
"Delightful product, shipping was also very fast. Wonderful overall.",1
"Reliable and well made, I use it daily. Really outstanding item.",1
"Unusable product, had to throw it away. Disappointing overall.",0
"Unusable product, had to throw it away. Defective overall.",0
I am very pleased with this item overall.,1
"Great addition to my collection, love the quality. Really superb value.",1
"Stopped working after just two uses, terrible. Useless overall.",0
"Perfect gift idea, the recipient was thrilled. The product is outstanding.",1
Impressive performance and easy to set up. Really amazing service.,1
"This product is amazing, I love it! Really fantastic order.",1
"This product is amazing, I love it!",1
,0
Arrived damaged and customer service was unhelpful.,0
Cheaply made and fell apart within a week. The package is poor.,0
Wonderful product that does exactly what it should. Great overall.,1
"Works perfectly, exactly as described. The value is brilliant.",1
Great quality and fast shipping. Very satisfied. The experience is delightful.,1
"Absolutely dreadful, I cannot believe I paid for this.",0
Premium feel and excellent craftsmanship throughout.,1
Packaging was damaged and the item was broken. Disappointing overall.,0
,0
"This exceeded all my expectations, truly great. The purchase is great.",1
"Perfect gift idea, the recipient was thrilled.",1
Cheaply made and fell apart within a week.,0
Arrived damaged and customer service was unhelpful.,0
"Unusable product, had to throw it away. The package is disappointing.",0
"This exceeded all my expectations, truly great. Really outstanding purchase.",1
I am very pleased with this item overall.,1
"Unusable product, had to throw it away. Really defective service.",0
"Would not recommend, complete waste of money. Poor overall.",0
"Poor quality materials, feels very cheap overall. Disappointing overall.",0
Outstanding customer service and great product.,1
"Fell apart on first use, zero durability. Poor overall.",0
Impressive performance and easy to set up. The quality is excellent.,1
"Worst purchase ever, returning immediately for refund. The purchase is bad.",0
"Overpriced garbage, stay away from this listing.",0
Cheap knockoff that does not work at all. Poor overall.,0
"Horrible experience from start to finish, avoid. The quality is frustrating.",0
Outstanding customer service and great product. Really perfect order.,1
I am very pleased with this item overall. Really brilliant value.,1
"Stopped working after just two uses, terrible. The service is defective.",0
"Works perfectly, exactly as described. Really amazing package.",1
Great quality and fast shipping. Very satisfied. The product is brilliant.,1
"A must have item, worth every penny spent. The delivery is fantastic.",1
"Horrible experience from start to finish, avoid.",0
"Waste of time and money, very poor quality.",0
"Does not work as advertised, very frustrating.",0
Very disappointed with the quality. Not worth it. Dreadful overall.,0
High quality materials and beautiful design. The purchase is outstanding.,1
"A must have item, worth every penny spent. Superb overall.",1
"Regret this purchase entirely, total disappointment. Poor overall.",0
Highly functional and looks great in my home. Amazing overall.,1
Arrived damaged and customer service was unhelpful. Really bad experience.,0
"Overpriced garbage, stay away from this listing.",0
"The quality is awful, I want my money back. Really dreadful value.",0
"Superb quality, will definitely order more.",1
"Worst purchase ever, returning immediately for refund.",0
Cheap knockoff that does not work at all.,0
"The quality is awful, I want my money back. Really horrible value.",0
Exceeded my expectations. Would buy again. The service is perfect.,1
"Save your money, this product is junk. Horrible overall.",0
"So glad I bought this, it works great. Fantastic overall.",1
"Fell apart on first use, zero durability. Really dreadful item.",0
"Terrible product, broke after one day of use. Defective overall.",0
Defective item and no response from the seller. The order is dreadful.,0
Exceeded my expectations. Would buy again.,1
"Reliable and well made, I use it daily.",1
High quality materials and beautiful design. Really excellent purchase.,1
Very disappointed with the quality. Not worth it. Disappointing overall.,0
"Very happy with this purchase, five stars! The order is great.",1
"Absolutely dreadful, I cannot believe I paid for this.",0
Smooth transaction and the product is flawless.,1
Solid construction and works like a charm.,1
"Top notch product, arrived quickly and intact.",1
"Regret this purchase entirely, total disappointment.",0
"Waste of time and money, very poor quality.",0
"Delightful product, shipping was also very fast.",1
"Worst purchase ever, returning immediately for refund.",0
Solid construction and works like a charm. Really fantastic quality.,1
"Superb quality, will definitely order more.",1
"Do not buy this, it is a complete scam.",0
"Does not work as advertised, very frustrating. Really defective service.",0
"So glad I bought this, it works great. The quality is superb.",1
"Do not buy this, it is a complete scam.",0
"Not as described, very misleading product listing. The purchase is bad.",0
"Poor quality materials, feels very cheap overall. The delivery is frustrating.",0
"Delightful product, shipping was also very fast. Really perfect value.",1
I am very pleased with this item overall. Really outstanding product.,1
Wonderful product that does exactly what it should. Really excellent purchase.,1
"Fell apart on first use, zero durability. Terrible overall.",0
"Delightful product, shipping was also very fast. Really brilliant package.",1
"Waste of time and money, very poor quality. The order is horrible.",0
"This product is amazing, I love it!",1
Defective item and no response from the seller. Really frustrating order.,0
"Perfect gift idea, the recipient was thrilled. The quality is outstanding.",1
Cheaply made and fell apart within a week.,0
Very disappointed with the quality. Not worth it. The purchase is horrible.,0
Great quality and fast shipping. Very satisfied.,1
Really impressed with the build quality. The product is wonderful.,1
"Works perfectly, exactly as described.",1
"Do not buy this, it is a complete scam. The delivery is defective.",0
"Fell apart on first use, zero durability. Poor overall.",0
"Great addition to my collection, love the quality.",1
"Horrible experience from start to finish, avoid. The purchase is frustrating.",0
Really impressed with the build quality.,1
"Completely useless, does not perform as claimed. The value is dreadful.",0
Very low quality for such a high price tag.,0
"So glad I bought this, it works great. Delightful overall.",1
Premium feel and excellent craftsmanship throughout.,1
"This exceeded all my expectations, truly great. Really brilliant quality.",1
"Completely useless, does not perform as claimed. The order is poor.",0
"Terrible product, broke after one day of use. Really frustrating item.",0
"So glad I bought this, it works great. Amazing overall.",1
"Terrible product, broke after one day of use. Dreadful overall.",0
"Horrible experience from start to finish, avoid.",0
Solid construction and works like a charm. Amazing overall.,1
"Top notch product, arrived quickly and intact. The value is delightful.",1
"Worst purchase ever, returning immediately for refund.",0
Very user friendly and intuitive to operate.,1
Packaging was damaged and the item was broken. Frustrating overall.,0
Very user friendly and intuitive to operate.,1
Wonderful product that does exactly what it should.,1
"Worst purchase ever, returning immediately for refund. Defective overall.",0
Arrived damaged and customer service was unhelpful. Poor overall.,0
Could not be happier with my purchase decision.,1
"Works perfectly, exactly as described. Delightful overall.",1
"Reliable and well made, I use it daily.",1
"Flimsy and poorly constructed, broke right away.",0
Outstanding customer service and great product. Really perfect package.,1
"Extremely disappointed, nothing like the pictures shown. The order is terrible.",0
"This exceeded all my expectations, truly great.",1
"Worst purchase ever, returning immediately for refund.",0
Solid construction and works like a charm. The purchase is superb.,1
"Worst purchase ever, returning immediately for refund.",0
"Terrible product, broke after one day of use.",0
"Save your money, this product is junk. The product is frustrating.",0
"This product is amazing, I love it! Really delightful package.",1
Outstanding customer service and great product. Great overall.,1
Solid construction and works like a charm. Brilliant overall.,1
"Does not work as advertised, very frustrating. The item is poor.",0
"Worst purchase ever, returning immediately for refund.",0
Excellent value for the price. Love it.,1
"Does not work as advertised, very frustrating.",0
I am very pleased with this item overall. Really brilliant product.,1
"Flimsy and poorly constructed, broke right away.",0
"Would not recommend, complete waste of money. Really disappointing experience.",0
Impressive performance and easy to set up. Superb overall.,1
"Completely useless, does not perform as claimed.",0
"Would not recommend, complete waste of money.",0
"A must have item, worth every penny spent. Really brilliant quality.",1
Arrived damaged and customer service was unhelpful. Defective overall.,0
"Works perfectly, exactly as described.",1
"This product is amazing, I love it! The quality is wonderful.",1
High quality materials and beautiful design. Brilliant overall.,1
Impressive performance and easy to set up.,1
"Stopped working after just two uses, terrible.",0
"Misleading description, the actual product is terrible.",0
Wonderful product that does exactly what it should.,1
"Unusable product, had to throw it away.",0
"Save your money, this product is junk.",0
Wonderful product that does exactly what it should. Really superb service.,1
This is the worst product I have ever bought.,0
Very low quality for such a high price tag. Defective overall.,0
I am very unhappy with this purchase overall. Frustrating overall.,0
Exceeded my expectations. Would buy again.,1
Really impressed with the build quality. The product is brilliant.,1
I am very unhappy with this purchase overall. The value is horrible.,0
This is the worst product I have ever bought.,0
"Top notch product, arrived quickly and intact.",1
"Worst purchase ever, returning immediately for refund.",0
Premium feel and excellent craftsmanship throughout. The delivery is outstanding.,1
Defective item and no response from the seller. Really useless experience.,0
Great quality and fast shipping. Very satisfied. The service is superb.,1
"Completely useless, does not perform as claimed. The delivery is useless.",0
Smooth transaction and the product is flawless.,1
Could not be happier with my purchase decision.,1
"So glad I bought this, it works great. Really perfect order.",1
Best purchase I've made in a long time.,1
"Great addition to my collection, love the quality. Outstanding overall.",1
Arrived damaged and customer service was unhelpful. The item is terrible.,0
"Overpriced garbage, stay away from this listing. Really frustrating experience.",0
Arrived damaged and customer service was unhelpful.,0
Impressive performance and easy to set up.,1
,1
"Does not work as advertised, very frustrating. The value is disappointing.",0
Smooth transaction and the product is flawless. Great overall.,1
Premium feel and excellent craftsmanship throughout. Perfect overall.,1
Very disappointed with the quality. Not worth it. Defective overall.,0
Very low quality for such a high price tag. Really frustrating item.,0
"Perfect gift idea, the recipient was thrilled.",1
Cheaply made and fell apart within a week.,0
Impressive performance and easy to set up.,1
"Flimsy and poorly constructed, broke right away.",0
"So glad I bought this, it works great. Superb overall.",1
Very disappointed with the quality. Not worth it.,0
Great quality and fast shipping. Very satisfied. Really brilliant value.,1
This is the worst product I have ever bought. The value is poor.,0
High quality materials and beautiful design.,1
Cheap knockoff that does not work at all. Really poor package.,0
Excellent value for the price. Love it. The product is fantastic.,1
"Absolutely dreadful, I cannot believe I paid for this.",0
Very user friendly and intuitive to operate. Really excellent package.,1
"Works perfectly, exactly as described. Perfect overall.",1
Arrived damaged and customer service was unhelpful.,0
Solid construction and works like a charm.,1
"Worst purchase ever, returning immediately for refund. The delivery is defective.",0
Solid construction and works like a charm. Really wonderful product.,1
"Top notch product, arrived quickly and intact.",1
"Stopped working after just two uses, terrible. Disappointing overall.",0
"Regret this purchase entirely, total disappointment. Disappointing overall.",0
"Top notch product, arrived quickly and intact. The service is superb.",1
"Absolutely dreadful, I cannot believe I paid for this.",0
Really impressed with the build quality. The package is fantastic.,1
Could not be happier with my purchase decision.,1
"Overpriced garbage, stay away from this listing.",0
"A must have item, worth every penny spent.",1
This is the worst product I have ever bought. The item is terrible.,0
"Fantastic experience, highly recommend this.",1
"Very happy with this purchase, five stars! Really fantastic package.",1
"Terrible product, broke after one day of use. The item is defective.",0
Defective item and no response from the seller. The item is awful.,0
"Stopped working after just two uses, terrible. The purchase is defective.",0
"Not as described, very misleading product listing. The quality is poor.",0
Premium feel and excellent craftsmanship throughout. Fantastic overall.,1
"Works perfectly, exactly as described. The package is wonderful.",1
"Top notch product, arrived quickly and intact. Superb overall.",1
,1
Defective item and no response from the seller.,0
Arrived damaged and customer service was unhelpful. Really useless experience.,0
"Absolutely dreadful, I cannot believe I paid for this. The package is frustrating.",0
"Would not recommend, complete waste of money. Awful overall.",0
"This product is amazing, I love it! The purchase is brilliant.",1
This is the worst product I have ever bought. Really disappointing package.,0
Highly functional and looks great in my home. The value is outstanding.,1
High quality materials and beautiful design. The experience is outstanding.,1
"Terrible product, broke after one day of use. The quality is disappointing.",0
Really impressed with the build quality. The experience is fantastic.,1
"Extremely disappointed, nothing like the pictures shown. The delivery is useless.",0
Solid construction and works like a charm. Really fantastic order.,1
"Stopped working after just two uses, terrible.",0
Packaging was damaged and the item was broken. The quality is bad.,0
"Delightful product, shipping was also very fast. The purchase is great.",1
"Terrible product, broke after one day of use.",0
Exceeded my expectations. Would buy again.,1
"This product is amazing, I love it! The delivery is amazing.",1
Very user friendly and intuitive to operate. The experience is amazing.,1
"Misleading description, the actual product is terrible.",0
"Overpriced garbage, stay away from this listing. The order is defective.",0
"Overpriced garbage, stay away from this listing. The quality is horrible.",0
Premium feel and excellent craftsmanship throughout. Really delightful product.,1
"Terrible product, broke after one day of use. Horrible overall.",0
"Do not buy this, it is a complete scam.",0
I am very unhappy with this purchase overall.,0
"Would not recommend, complete waste of money. Dreadful overall.",0
Really impressed with the build quality.,1
"Save your money, this product is junk.",0
"Save your money, this product is junk. Awful overall.",0
"Fell apart on first use, zero durability. Disappointing overall.",0
"Do not buy this, it is a complete scam. The value is dreadful.",0
"Poor quality materials, feels very cheap overall. Really defective experience.",0
,0
"Does not work as advertised, very frustrating. Awful overall.",0
"Reliable and well made, I use it daily. Really brilliant purchase.",1
Packaging was damaged and the item was broken.,0
"Very happy with this purchase, five stars! The value is excellent.",1
"Completely useless, does not perform as claimed. The value is frustrating.",0
"Absolutely wonderful, my family loves it too.",1
"Worst purchase ever, returning immediately for refund. The service is awful.",0
Smooth transaction and the product is flawless. Really perfect service.,1
Solid construction and works like a charm. The package is great.,1
"Poor quality materials, feels very cheap overall.",0
"Does not work as advertised, very frustrating. Terrible overall.",0
Outstanding customer service and great product. Outstanding overall.,1
Great quality and fast shipping. Very satisfied.,1
"Does not work as advertised, very frustrating.",0
"Would not recommend, complete waste of money.",0
"So glad I bought this, it works great. Really great delivery.",1
"Save your money, this product is junk. Really dreadful item.",0
Smooth transaction and the product is flawless. Really great experience.,1
,0
Best purchase I've made in a long time.,1
"Stopped working after just two uses, terrible.",0
Packaging was damaged and the item was broken. Really bad package.,0
Best purchase I've made in a long time. The value is amazing.,1
Best purchase I've made in a long time.,1
"Works perfectly, exactly as described. Superb overall.",1
"Misleading description, the actual product is terrible.",0
"Would not recommend, complete waste of money.",0
Very low quality for such a high price tag. Frustrating overall.,0
"Overpriced garbage, stay away from this listing. Really disappointing order.",0
"So glad I bought this, it works great.",1
"Absolutely dreadful, I cannot believe I paid for this.",0
Very disappointed with the quality. Not worth it. The service is frustrating.,0
"This exceeded all my expectations, truly great. The quality is outstanding.",1
High quality materials and beautiful design.,1
"Completely useless, does not perform as claimed. Really disappointing order.",0
"Superb quality, will definitely order more. The item is great.",1
"A must have item, worth every penny spent.",1
"Do not buy this, it is a complete scam.",0
"Misleading description, the actual product is terrible. The quality is bad.",0
"Stopped working after just two uses, terrible. The service is bad.",0
"So glad I bought this, it works great.",1
"Misleading description, the actual product is terrible. Awful overall.",0
"Regret this purchase entirely, total disappointment. The product is bad.",0
"Absolutely wonderful, my family loves it too. The value is brilliant.",1
"Absolutely wonderful, my family loves it too. The service is excellent.",1
Arrived damaged and customer service was unhelpful.,0
Packaging was damaged and the item was broken. Really frustrating value.,0
"Save your money, this product is junk.",0
Excellent value for the price. Love it. Amazing overall.,1
"Perfect gift idea, the recipient was thrilled.",1
"Flimsy and poorly constructed, broke right away. Useless overall.",0
Impressive performance and easy to set up. Really superb item.,1
Exceeded my expectations. Would buy again. Really wonderful experience.,1
Exceeded my expectations. Would buy again. Wonderful overall.,1
"Completely useless, does not perform as claimed. Really horrible quality.",0
"Regret this purchase entirely, total disappointment.",0
"Flimsy and poorly constructed, broke right away.",0
"Horrible experience from start to finish, avoid. The item is dreadful.",0
I am very unhappy with this purchase overall.,0
Could not be happier with my purchase decision.,1
"Perfect gift idea, the recipient was thrilled. Really fantastic value.",1
"Works perfectly, exactly as described.",1
"Superb quality, will definitely order more. Amazing overall.",1
"Perfect gift idea, the recipient was thrilled. Really excellent value.",1
"Works perfectly, exactly as described. Really excellent purchase.",1
"Poor quality materials, feels very cheap overall.",0
"Do not buy this, it is a complete scam. Really poor delivery.",0
"Unusable product, had to throw it away. Terrible overall.",0
"Extremely disappointed, nothing like the pictures shown. Really frustrating service.",0
"Fantastic experience, highly recommend this.",1
"Do not buy this, it is a complete scam. The purchase is bad.",0
Could not be happier with my purchase decision. Fantastic overall.,1
"Misleading description, the actual product is terrible. Defective overall.",0
"Overpriced garbage, stay away from this listing. Really frustrating product.",0
"Horrible experience from start to finish, avoid.",0
"Do not buy this, it is a complete scam. Bad overall.",0
Defective item and no response from the seller.,0
"Misleading description, the actual product is terrible. The order is poor.",0
"Unusable product, had to throw it away.",0
Outstanding customer service and great product.,1
"Absolutely dreadful, I cannot believe I paid for this. Really bad experience.",0
"Absolutely wonderful, my family loves it too. The delivery is outstanding.",1
"Absolutely wonderful, my family loves it too.",1
"Worst purchase ever, returning immediately for refund.",0
"Works perfectly, exactly as described. Really outstanding experience.",1
Arrived damaged and customer service was unhelpful.,0
Exceeded my expectations. Would buy again. The experience is delightful.,1
,0
"Reliable and well made, I use it daily. Really delightful purchase.",1
I am very unhappy with this purchase overall.,0
Great quality and fast shipping. Very satisfied. Fantastic overall.,1
I am very pleased with this item overall. The order is brilliant.,1
Arrived damaged and customer service was unhelpful.,0
Packaging was damaged and the item was broken. Really poor experience.,0
Premium feel and excellent craftsmanship throughout. The product is great.,1
High quality materials and beautiful design. Wonderful overall.,1
Wonderful product that does exactly what it should.,1
"Extremely disappointed, nothing like the pictures shown. The value is useless.",0
"Works perfectly, exactly as described. Really delightful product.",1
"Perfect gift idea, the recipient was thrilled. Really excellent delivery.",1
"Not as described, very misleading product listing. Bad overall.",0
"Horrible experience from start to finish, avoid. The service is poor.",0
"Fell apart on first use, zero durability.",0
"Unusable product, had to throw it away. Bad overall.",0
"A must have item, worth every penny spent.",1
"Great addition to my collection, love the quality. Really excellent product.",1
"Absolutely wonderful, my family loves it too. Brilliant overall.",1
"Poor quality materials, feels very cheap overall.",0
I am very unhappy with this purchase overall.,0
"The quality is awful, I want my money back. The item is frustrating.",0
"Absolutely dreadful, I cannot believe I paid for this. Terrible overall.",0
"Reliable and well made, I use it daily.",1
"Works perfectly, exactly as described. The product is fantastic.",1
Arrived damaged and customer service was unhelpful. Horrible overall.,0
"Worst purchase ever, returning immediately for refund.",0
"Would not recommend, complete waste of money.",0
"Worst purchase ever, returning immediately for refund.",0
"Flimsy and poorly constructed, broke right away. The package is awful.",0
"Horrible experience from start to finish, avoid. The item is terrible.",0
Very low quality for such a high price tag. Dreadful overall.,0
"Would not recommend, complete waste of money.",0
"Absolutely wonderful, my family loves it too.",1
"Regret this purchase entirely, total disappointment. The item is defective.",0
,0
"Waste of time and money, very poor quality. The product is useless.",0
"Absolutely dreadful, I cannot believe I paid for this. Useless overall.",0
"Do not buy this, it is a complete scam. Awful overall.",0
"So glad I bought this, it works great. Really great service.",1
"Fantastic experience, highly recommend this.",1
"Regret this purchase entirely, total disappointment. Horrible overall.",0
I am very pleased with this item overall. Amazing overall.,1
"Fantastic experience, highly recommend this.",1
"A must have item, worth every penny spent.",1
"Superb quality, will definitely order more. The order is outstanding.",1
"A must have item, worth every penny spent. The purchase is superb.",1
"A must have item, worth every penny spent.",1
"Poor quality materials, feels very cheap overall.",0
"Overpriced garbage, stay away from this listing. Horrible overall.",0
"Save your money, this product is junk.",0
Cheaply made and fell apart within a week. Disappointing overall.,0
Solid construction and works like a charm.,1
High quality materials and beautiful design. Really perfect package.,1
"Fantastic experience, highly recommend this.",1
,1
I am very unhappy with this purchase overall. The quality is awful.,0
"Stopped working after just two uses, terrible. Really defective delivery.",0
Impressive performance and easy to set up. The item is delightful.,1
Very user friendly and intuitive to operate. Brilliant overall.,1
High quality materials and beautiful design.,1
Very user friendly and intuitive to operate. The service is perfect.,1
"The quality is awful, I want my money back.",0
Smooth transaction and the product is flawless.,1
Very disappointed with the quality. Not worth it. Horrible overall.,0
"Flimsy and poorly constructed, broke right away. Disappointing overall.",0
High quality materials and beautiful design.,1
High quality materials and beautiful design.,1
"Stopped working after just two uses, terrible.",0
Impressive performance and easy to set up. Superb overall.,1
"Terrible product, broke after one day of use. Really defective product.",0
"Absolutely wonderful, my family loves it too. Delightful overall.",1
"Fantastic experience, highly recommend this. Outstanding overall.",1
"Absolutely wonderful, my family loves it too. Really amazing order.",1
Packaging was damaged and the item was broken. The value is poor.,0
Cheap knockoff that does not work at all. Poor overall.,0
"Terrible product, broke after one day of use. The delivery is useless.",0
"A must have item, worth every penny spent.",1
Excellent value for the price. Love it.,1
"Save your money, this product is junk.",0
Wonderful product that does exactly what it should. The quality is wonderful.,1
"Save your money, this product is junk. Frustrating overall.",0
Defective item and no response from the seller.,0
"Flimsy and poorly constructed, broke right away. Really awful service.",0
Excellent value for the price. Love it.,1
Very user friendly and intuitive to operate. The value is great.,1
Very low quality for such a high price tag. The package is bad.,0
"So glad I bought this, it works great. The delivery is great.",1
"This exceeded all my expectations, truly great.",1
Outstanding customer service and great product. Outstanding overall.,1
"A must have item, worth every penny spent. The purchase is perfect.",1
Very low quality for such a high price tag.,0
Premium feel and excellent craftsmanship throughout.,1
"Regret this purchase entirely, total disappointment.",0
Cheaply made and fell apart within a week.,0
Really impressed with the build quality.,1
"Great addition to my collection, love the quality. Fantastic overall.",1
"Stopped working after just two uses, terrible. Really dreadful item.",0
"Terrible product, broke after one day of use.",0
I am very pleased with this item overall. The experience is outstanding.,1
"Does not work as advertised, very frustrating. The purchase is poor.",0
Very user friendly and intuitive to operate. Really fantastic service.,1
"Overpriced garbage, stay away from this listing. The product is frustrating.",0
"Save your money, this product is junk. The package is defective.",0
Highly functional and looks great in my home.,1
Cheaply made and fell apart within a week.,0
"Regret this purchase entirely, total disappointment. Defective overall.",0
Highly functional and looks great in my home.,1
"Fell apart on first use, zero durability.",0
Very user friendly and intuitive to operate. Really great experience.,1
"Poor quality materials, feels very cheap overall. Horrible overall.",0
"So glad I bought this, it works great. The value is fantastic.",1
I am very pleased with this item overall. Superb overall.,1
High quality materials and beautiful design. Really great package.,1
,1
I am very unhappy with this purchase overall. Terrible overall.,0
"Superb quality, will definitely order more.",1
Cheap knockoff that does not work at all. The experience is frustrating.,0
Premium feel and excellent craftsmanship throughout. The package is fantastic.,1
"Horrible experience from start to finish, avoid.",0
Highly functional and looks great in my home. Outstanding overall.,1
I am very unhappy with this purchase overall.,0
"Reliable and well made, I use it daily. Really outstanding item.",1
"This exceeded all my expectations, truly great.",1
"Perfect gift idea, the recipient was thrilled. Really amazing product.",1
Very user friendly and intuitive to operate.,1
Packaging was damaged and the item was broken.,0
"Poor quality materials, feels very cheap overall.",0
Cheap knockoff that does not work at all. Defective overall.,0
High quality materials and beautiful design. Really excellent package.,1
Very user friendly and intuitive to operate. The order is fantastic.,1
"Absolutely wonderful, my family loves it too.",1
"Terrible product, broke after one day of use.",0
"Absolutely dreadful, I cannot believe I paid for this. Really awful quality.",0
"Reliable and well made, I use it daily.",1
Impressive performance and easy to set up. The purchase is fantastic.,1
"Works perfectly, exactly as described. The item is delightful.",1
Solid construction and works like a charm. The quality is brilliant.,1
"Completely useless, does not perform as claimed. Dreadful overall.",0
"Delightful product, shipping was also very fast. Really brilliant experience.",1
Smooth transaction and the product is flawless. Really great value.,1
"Delightful product, shipping was also very fast. Really great experience.",1
Very user friendly and intuitive to operate. Excellent overall.,1
"Very happy with this purchase, five stars! Really delightful quality.",1
Wonderful product that does exactly what it should. The item is brilliant.,1
Best purchase I've made in a long time. Really superb experience.,1
"Reliable and well made, I use it daily. Outstanding overall.",1
"Poor quality materials, feels very cheap overall. The product is useless.",0
Premium feel and excellent craftsmanship throughout. Great overall.,1
"Terrible product, broke after one day of use.",0
"Superb quality, will definitely order more. Really outstanding delivery.",1
Very low quality for such a high price tag. Really horrible package.,0
Premium feel and excellent craftsmanship throughout. Really superb quality.,1
"Save your money, this product is junk. Really useless experience.",0
"Fantastic experience, highly recommend this. Really superb product.",1
Smooth transaction and the product is flawless.,1
Highly functional and looks great in my home. Fantastic overall.,1
"So glad I bought this, it works great.",1
"Unusable product, had to throw it away. Really frustrating product.",0
Very disappointed with the quality. Not worth it. The purchase is dreadful.,0
Excellent value for the price. Love it.,1
"Waste of time and money, very poor quality.",0
"Reliable and well made, I use it daily.",1
"Fantastic experience, highly recommend this. Excellent overall.",1
"Worst purchase ever, returning immediately for refund. Really poor purchase.",0
Wonderful product that does exactly what it should.,1
"Regret this purchase entirely, total disappointment.",0
Cheaply made and fell apart within a week. Frustrating overall.,0
"Horrible experience from start to finish, avoid. Awful overall.",0
I am very unhappy with this purchase overall. The purchase is bad.,0
"Do not buy this, it is a complete scam. Frustrating overall.",0
"Save your money, this product is junk.",0
"Delightful product, shipping was also very fast. Really delightful purchase.",1
"Misleading description, the actual product is terrible. The delivery is poor.",0
"Unusable product, had to throw it away. The experience is defective.",0
Excellent value for the price. Love it.,1
"Terrible product, broke after one day of use.",0
"Superb quality, will definitely order more. Excellent overall.",1
Very user friendly and intuitive to operate.,1
"Extremely disappointed, nothing like the pictures shown.",0
"Flimsy and poorly constructed, broke right away.",0
Wonderful product that does exactly what it should. The experience is delightful.,1
Very user friendly and intuitive to operate. Really superb value.,1
Could not be happier with my purchase decision. The item is outstanding.,1
"Perfect gift idea, the recipient was thrilled.",1
"Horrible experience from start to finish, avoid. The experience is frustrating.",0
"Superb quality, will definitely order more. Excellent overall.",1
"Regret this purchase entirely, total disappointment.",0
"Unusable product, had to throw it away.",0
"Regret this purchase entirely, total disappointment. The experience is disappointing.",0
"A must have item, worth every penny spent. Delightful overall.",1
Wonderful product that does exactly what it should. The service is wonderful.,1
"Overpriced garbage, stay away from this listing. Really frustrating purchase.",0
Great quality and fast shipping. Very satisfied. Wonderful overall.,1
Wonderful product that does exactly what it should.,1
Really impressed with the build quality. Really excellent order.,1
"Overpriced garbage, stay away from this listing. The package is defective.",0
I am very pleased with this item overall.,1
"Terrible product, broke after one day of use.",0
Smooth transaction and the product is flawless. Delightful overall.,1
"Reliable and well made, I use it daily. The package is outstanding.",1
Arrived damaged and customer service was unhelpful. The order is terrible.,0
"Completely useless, does not perform as claimed. Really dreadful product.",0
Could not be happier with my purchase decision.,1
"Would not recommend, complete waste of money. Really poor quality.",0
"So glad I bought this, it works great. Really amazing item.",1
"Overpriced garbage, stay away from this listing.",0
Cheap knockoff that does not work at all. Really frustrating value.,0
"Horrible experience from start to finish, avoid. The experience is defective.",0
"This product is amazing, I love it!",1
"Delightful product, shipping was also very fast.",1
Great quality and fast shipping. Very satisfied.,1
"Very happy with this purchase, five stars! The service is amazing.",1
Wonderful product that does exactly what it should. The service is superb.,1
Highly functional and looks great in my home. The quality is outstanding.,1
Impressive performance and easy to set up.,1
"Does not work as advertised, very frustrating.",0
"Perfect gift idea, the recipient was thrilled. Really great service.",1
Premium feel and excellent craftsmanship throughout. Really delightful quality.,1
"Delightful product, shipping was also very fast. Outstanding overall.",1
Very user friendly and intuitive to operate. Really excellent value.,1
"Reliable and well made, I use it daily. Really wonderful quality.",1
"Worst purchase ever, returning immediately for refund.",0
"Misleading description, the actual product is terrible. Disappointing overall.",0
"Worst purchase ever, returning immediately for refund. The product is useless.",0
Highly functional and looks great in my home. Really fantastic delivery.,1
I am very unhappy with this purchase overall. The product is useless.,0
"So glad I bought this, it works great. Really wonderful value.",1
"Unusable product, had to throw it away. Dreadful overall.",0
Very user friendly and intuitive to operate.,1
Highly functional and looks great in my home.,1
"Completely useless, does not perform as claimed.",0
"Poor quality materials, feels very cheap overall. The value is defective.",0
"Regret this purchase entirely, total disappointment. The purchase is awful.",0
"Absolutely dreadful, I cannot believe I paid for this. Bad overall.",0
Solid construction and works like a charm. The quality is perfect.,1
Packaging was damaged and the item was broken. Really bad delivery.,0
Cheap knockoff that does not work at all.,0
Cheaply made and fell apart within a week. Frustrating overall.,0
"Would not recommend, complete waste of money.",0
Could not be happier with my purchase decision.,1
Very user friendly and intuitive to operate.,1
Premium feel and excellent craftsmanship throughout.,1
"This product is amazing, I love it! The purchase is brilliant.",1
"Would not recommend, complete waste of money.",0
"The quality is awful, I want my money back. The experience is terrible.",0
"Waste of time and money, very poor quality.",0
"So glad I bought this, it works great. Outstanding overall.",1
Premium feel and excellent craftsmanship throughout. Superb overall.,1
"Completely useless, does not perform as claimed. Really disappointing quality.",0
"Reliable and well made, I use it daily. Really superb experience.",1
Exceeded my expectations. Would buy again. Amazing overall.,1
"Delightful product, shipping was also very fast.",1
Outstanding customer service and great product.,1
"This exceeded all my expectations, truly great. The purchase is superb.",1
"Waste of time and money, very poor quality. Useless overall.",0
I am very unhappy with this purchase overall.,0
"Overpriced garbage, stay away from this listing. Terrible overall.",0
"Fantastic experience, highly recommend this.",1
Wonderful product that does exactly what it should. Amazing overall.,1
"Misleading description, the actual product is terrible.",0
"Extremely disappointed, nothing like the pictures shown.",0
"Completely useless, does not perform as claimed. Really disappointing service.",0
"Save your money, this product is junk. Really useless value.",0
"Perfect gift idea, the recipient was thrilled.",1
Exceeded my expectations. Would buy again.,1
"Flimsy and poorly constructed, broke right away. The quality is dreadful.",0
"A must have item, worth every penny spent.",1
Smooth transaction and the product is flawless.,1
"Perfect gift idea, the recipient was thrilled. Really brilliant experience.",1
"Regret this purchase entirely, total disappointment.",0
"Completely useless, does not perform as claimed. The service is useless.",0
"Do not buy this, it is a complete scam. Really frustrating product.",0
Premium feel and excellent craftsmanship throughout.,1
"Poor quality materials, feels very cheap overall. Bad overall.",0
"Regret this purchase entirely, total disappointment. Horrible overall.",0
"Absolutely wonderful, my family loves it too.",1
"Misleading description, the actual product is terrible.",0
Great quality and fast shipping. Very satisfied. Really fantastic package.,1
I am very unhappy with this purchase overall. The product is frustrating.,0
Exceeded my expectations. Would buy again.,1
Wonderful product that does exactly what it should.,1
"Great addition to my collection, love the quality. Really delightful purchase.",1
Solid construction and works like a charm. Really brilliant quality.,1
Exceeded my expectations. Would buy again.,1
"Very happy with this purchase, five stars!",1
This is the worst product I have ever bought. The package is frustrating.,0
"Completely useless, does not perform as claimed. Terrible overall.",0
Packaging was damaged and the item was broken. Really useless item.,0
Very low quality for such a high price tag.,0
"Poor quality materials, feels very cheap overall. The purchase is useless.",0
Very user friendly and intuitive to operate.,1
Exceeded my expectations. Would buy again. Perfect overall.,1
Wonderful product that does exactly what it should. The quality is amazing.,1
"So glad I bought this, it works great. The experience is excellent.",1
"Top notch product, arrived quickly and intact. The item is fantastic.",1
"Unusable product, had to throw it away. Really horrible package.",0
"Not as described, very misleading product listing. Awful overall.",0
"A must have item, worth every penny spent.",1
"Works perfectly, exactly as described. Amazing overall.",1
"Fantastic experience, highly recommend this.",1
Excellent value for the price. Love it. The item is outstanding.,1
Cheaply made and fell apart within a week. Really defective value.,0
"This exceeded all my expectations, truly great. The experience is perfect.",1
Great quality and fast shipping. Very satisfied.,1
Exceeded my expectations. Would buy again.,1
"Absolutely dreadful, I cannot believe I paid for this.",0
Cheaply made and fell apart within a week. Useless overall.,0
"Perfect gift idea, the recipient was thrilled. Really wonderful service.",1
"Extremely disappointed, nothing like the pictures shown. Really useless purchase.",0
Premium feel and excellent craftsmanship throughout. The quality is perfect.,1
I am very unhappy with this purchase overall. Frustrating overall.,0
"Terrible product, broke after one day of use. Terrible overall.",0
"Great addition to my collection, love the quality. Really outstanding delivery.",1
Great quality and fast shipping. Very satisfied.,1
"Horrible experience from start to finish, avoid. The experience is awful.",0
"Overpriced garbage, stay away from this listing.",0
Defective item and no response from the seller. Useless overall.,0
Solid construction and works like a charm. Really brilliant package.,1
Really impressed with the build quality.,1
"This product is amazing, I love it!",1
"This product is amazing, I love it!",1
Solid construction and works like a charm. The service is outstanding.,1
"Unusable product, had to throw it away. The quality is terrible.",0
"Great addition to my collection, love the quality. Outstanding overall.",1
"Works perfectly, exactly as described.",1
Premium feel and excellent craftsmanship throughout. The quality is great.,1
"Overpriced garbage, stay away from this listing. Terrible overall.",0
"Would not recommend, complete waste of money. Really defective package.",0
"Flimsy and poorly constructed, broke right away. Bad overall.",0
Highly functional and looks great in my home. The order is delightful.,1
I am very unhappy with this purchase overall. Disappointing overall.,0
"Works perfectly, exactly as described.",1
"Would not recommend, complete waste of money. The purchase is defective.",0
"Not as described, very misleading product listing.",0
Outstanding customer service and great product.,1
"A must have item, worth every penny spent. The quality is perfect.",1
Could not be happier with my purchase decision.,1
Excellent value for the price. Love it.,1
"Absolutely wonderful, my family loves it too. Really perfect product.",1
"Not as described, very misleading product listing.",0
"This product is amazing, I love it! Outstanding overall.",1
"Waste of time and money, very poor quality. Really defective product.",0
Exceeded my expectations. Would buy again. Really great order.,1
"Superb quality, will definitely order more. The item is wonderful.",1
"So glad I bought this, it works great. Amazing overall.",1
"Very happy with this purchase, five stars! Really wonderful quality.",1
"Great addition to my collection, love the quality.",1
"Would not recommend, complete waste of money.",0
Packaging was damaged and the item was broken. The value is frustrating.,0
Very disappointed with the quality. Not worth it. Terrible overall.,0
"Misleading description, the actual product is terrible.",0
"Horrible experience from start to finish, avoid. The experience is defective.",0
This is the worst product I have ever bought. The service is terrible.,0
Smooth transaction and the product is flawless. The experience is outstanding.,1
"Very happy with this purchase, five stars! The value is delightful.",1
"Top notch product, arrived quickly and intact.",1
"Save your money, this product is junk.",0
Wonderful product that does exactly what it should. The item is great.,1
Defective item and no response from the seller. Really awful value.,0
Packaging was damaged and the item was broken. Useless overall.,0
High quality materials and beautiful design. Really delightful quality.,1
Arrived damaged and customer service was unhelpful. Really terrible product.,0
Wonderful product that does exactly what it should. Outstanding overall.,1
Wonderful product that does exactly what it should. Really perfect purchase.,1
"Superb quality, will definitely order more. Delightful overall.",1
"This product is amazing, I love it! Really perfect value.",1
Cheaply made and fell apart within a week. The service is useless.,0
"Absolutely wonderful, my family loves it too. Really great order.",1
"Save your money, this product is junk.",0
Smooth transaction and the product is flawless. Delightful overall.,1
"So glad I bought this, it works great. The purchase is superb.",1
Highly functional and looks great in my home. Really amazing quality.,1
Packaging was damaged and the item was broken.,0
Cheaply made and fell apart within a week.,0
"Stopped working after just two uses, terrible. Horrible overall.",0
"Would not recommend, complete waste of money.",0
Arrived damaged and customer service was unhelpful. Really poor quality.,0
Great quality and fast shipping. Very satisfied. Really amazing order.,1
"Works perfectly, exactly as described. Really great package.",1
Smooth transaction and the product is flawless. Really perfect order.,1
"Terrible product, broke after one day of use. The package is horrible.",0
I am very unhappy with this purchase overall. The experience is horrible.,0
Premium feel and excellent craftsmanship throughout.,1
"Extremely disappointed, nothing like the pictures shown.",0
Highly functional and looks great in my home. Really wonderful item.,1
"Misleading description, the actual product is terrible.",0
"Reliable and well made, I use it daily.",1
Could not be happier with my purchase decision.,1
Cheap knockoff that does not work at all. Really useless package.,0
"Very happy with this purchase, five stars! Really amazing package.",1
Outstanding customer service and great product.,1
"Does not work as advertised, very frustrating.",0
High quality materials and beautiful design. Really perfect quality.,1
"Reliable and well made, I use it daily.",1
High quality materials and beautiful design.,1
"Worst purchase ever, returning immediately for refund.",0
"Stopped working after just two uses, terrible.",0
Wonderful product that does exactly what it should. Excellent overall.,1
Arrived damaged and customer service was unhelpful.,0
"Very happy with this purchase, five stars!",1
"So glad I bought this, it works great.",1
"Absolutely wonderful, my family loves it too. Brilliant overall.",1
"This product is amazing, I love it! Really excellent quality.",1
Could not be happier with my purchase decision. The delivery is wonderful.,1
"Great addition to my collection, love the quality.",1
"Misleading description, the actual product is terrible. The order is poor.",0
"Would not recommend, complete waste of money.",0
"Save your money, this product is junk. Dreadful overall.",0
"Delightful product, shipping was also very fast.",1
Cheap knockoff that does not work at all. The package is useless.,0
"Superb quality, will definitely order more.",1
"Flimsy and poorly constructed, broke right away.",0
Cheaply made and fell apart within a week. Really dreadful quality.,0
"Delightful product, shipping was also very fast. The delivery is brilliant.",1
Smooth transaction and the product is flawless.,1
"Do not buy this, it is a complete scam. The service is frustrating.",0
Best purchase I've made in a long time. Delightful overall.,1
"Flimsy and poorly constructed, broke right away. Really bad delivery.",0
"So glad I bought this, it works great. Outstanding overall.",1
Wonderful product that does exactly what it should. The value is amazing.,1
Arrived damaged and customer service was unhelpful.,0
"Top notch product, arrived quickly and intact. The experience is great.",1
Outstanding customer service and great product. Brilliant overall.,1
Could not be happier with my purchase decision. Really fantastic item.,1
This is the worst product I have ever bought. The purchase is useless.,0
"This product is amazing, I love it! The order is excellent.",1
"Superb quality, will definitely order more. Great overall.",1
"Do not buy this, it is a complete scam.",0
"Does not work as advertised, very frustrating.",0
"Poor quality materials, feels very cheap overall.",0
"Delightful product, shipping was also very fast. Really wonderful experience.",1
Cheap knockoff that does not work at all.,0
"Works perfectly, exactly as described. Delightful overall.",1
"Regret this purchase entirely, total disappointment. Really frustrating package.",0
Arrived damaged and customer service was unhelpful.,0
"Regret this purchase entirely, total disappointment.",0
"Perfect gift idea, the recipient was thrilled. The product is delightful.",1
Could not be happier with my purchase decision. Brilliant overall.,1
Impressive performance and easy to set up. Really excellent experience.,1
"Waste of time and money, very poor quality.",0
Premium feel and excellent craftsmanship throughout. The value is excellent.,1
"Reliable and well made, I use it daily. Really amazing order.",1
Highly functional and looks great in my home. The package is perfect.,1
"Absolutely dreadful, I cannot believe I paid for this.",0
"Extremely disappointed, nothing like the pictures shown.",0
"So glad I bought this, it works great. Brilliant overall.",1
"Regret this purchase entirely, total disappointment. The quality is terrible.",0
Packaging was damaged and the item was broken. Frustrating overall.,0
Smooth transaction and the product is flawless. The experience is great.,1
"Not as described, very misleading product listing. Awful overall.",0
High quality materials and beautiful design. The item is brilliant.,1
"Completely useless, does not perform as claimed.",0
"Great addition to my collection, love the quality. The purchase is excellent.",1
"Does not work as advertised, very frustrating.",0
"Works perfectly, exactly as described. Wonderful overall.",1
"Do not buy this, it is a complete scam. Really bad purchase.",0
"Waste of time and money, very poor quality.",0
I am very unhappy with this purchase overall.,0
"Perfect gift idea, the recipient was thrilled. The value is amazing.",1
"Fell apart on first use, zero durability. Really disappointing order.",0
Premium feel and excellent craftsmanship throughout. The order is great.,1
"The quality is awful, I want my money back. Terrible overall.",0
This is the worst product I have ever bought. The order is awful.,0
"Overpriced garbage, stay away from this listing.",0
I am very unhappy with this purchase overall.,0
Defective item and no response from the seller.,0
"Fantastic experience, highly recommend this. The order is great.",1
Really impressed with the build quality.,1
"This product is amazing, I love it!",1
"Would not recommend, complete waste of money. Poor overall.",0
"Would not recommend, complete waste of money. Dreadful overall.",0
"Fantastic experience, highly recommend this. Really perfect value.",1
"Fantastic experience, highly recommend this.",1
"Save your money, this product is junk.",0
"Save your money, this product is junk.",0
"Top notch product, arrived quickly and intact.",1
Cheaply made and fell apart within a week. The value is terrible.,0
"Very happy with this purchase, five stars!",1
Very disappointed with the quality. Not worth it.,0
Outstanding customer service and great product. Really excellent experience.,1
Cheaply made and fell apart within a week. Defective overall.,0
"Not as described, very misleading product listing.",0
Could not be happier with my purchase decision. Really fantastic product.,1
Really impressed with the build quality.,1
"Absolutely dreadful, I cannot believe I paid for this.",0
"This exceeded all my expectations, truly great.",1
"Would not recommend, complete waste of money. Really frustrating item.",0
Packaging was damaged and the item was broken. Really horrible order.,0
"Does not work as advertised, very frustrating. Really defective service.",0
"Regret this purchase entirely, total disappointment.",0
"Works perfectly, exactly as described.",1
Defective item and no response from the seller. Dreadful overall.,0
Could not be happier with my purchase decision.,1
"Extremely disappointed, nothing like the pictures shown. Really disappointing experience.",0
"Perfect gift idea, the recipient was thrilled.",1
Solid construction and works like a charm. The quality is excellent.,1
"So glad I bought this, it works great.",1
"Unusable product, had to throw it away.",0
"Superb quality, will definitely order more.",1
Exceeded my expectations. Would buy again.,1
Arrived damaged and customer service was unhelpful. The product is dreadful.,0
High quality materials and beautiful design.,1
"Top notch product, arrived quickly and intact.",1
"The quality is awful, I want my money back.",0
"Worst purchase ever, returning immediately for refund. Disappointing overall.",0
Could not be happier with my purchase decision.,1
"Delightful product, shipping was also very fast.",1
"Absolutely dreadful, I cannot believe I paid for this. Really bad product.",0
Impressive performance and easy to set up. Brilliant overall.,1
Defective item and no response from the seller. The purchase is defective.,0
"Fell apart on first use, zero durability.",0
"Regret this purchase entirely, total disappointment. Really dreadful experience.",0
Excellent value for the price. Love it.,1
Wonderful product that does exactly what it should. The experience is fantastic.,1
Packaging was damaged and the item was broken. Really defective delivery.,0
"Delightful product, shipping was also very fast. Great overall.",1
"Does not work as advertised, very frustrating. The product is frustrating.",0
"Fell apart on first use, zero durability.",0
"Delightful product, shipping was also very fast. Really outstanding purchase.",1
"Works perfectly, exactly as described.",1
"Regret this purchase entirely, total disappointment.",0
"Does not work as advertised, very frustrating. Really dreadful product.",0
"Not as described, very misleading product listing.",0
Cheap knockoff that does not work at all. Horrible overall.,0
"Stopped working after just two uses, terrible. The package is awful.",0
"This product is amazing, I love it!",1
"A must have item, worth every penny spent. The product is wonderful.",1
Solid construction and works like a charm. The value is amazing.,1
"Worst purchase ever, returning immediately for refund.",0
Premium feel and excellent craftsmanship throughout. Brilliant overall.,1
Really impressed with the build quality. Superb overall.,1
"Extremely disappointed, nothing like the pictures shown.",0
"Extremely disappointed, nothing like the pictures shown. The item is bad.",0
Smooth transaction and the product is flawless. The purchase is outstanding.,1
Cheap knockoff that does not work at all. Really useless package.,0
"Perfect gift idea, the recipient was thrilled.",1
"A must have item, worth every penny spent. Great overall.",1
Packaging was damaged and the item was broken. Bad overall.,0
"Very happy with this purchase, five stars!",1
"Extremely disappointed, nothing like the pictures shown. The quality is disappointing.",0
"Superb quality, will definitely order more. Really delightful order.",1
Arrived damaged and customer service was unhelpful. Frustrating overall.,0
"Works perfectly, exactly as described.",1
Cheaply made and fell apart within a week. The purchase is dreadful.,0
"The quality is awful, I want my money back. Terrible overall.",0
Solid construction and works like a charm. Fantastic overall.,1
Highly functional and looks great in my home.,1
Exceeded my expectations. Would buy again.,1
Packaging was damaged and the item was broken.,0
Very user friendly and intuitive to operate. Great overall.,1
"Horrible experience from start to finish, avoid. The item is awful.",0
"Delightful product, shipping was also very fast. The order is delightful.",1
Best purchase I've made in a long time.,1
"Horrible experience from start to finish, avoid.",0
Cheap knockoff that does not work at all. Disappointing overall.,0
Very user friendly and intuitive to operate.,1
"Poor quality materials, feels very cheap overall.",0
Really impressed with the build quality. Really excellent package.,1
"A must have item, worth every penny spent.",1
Best purchase I've made in a long time. Amazing overall.,1
"This exceeded all my expectations, truly great.",1
Could not be happier with my purchase decision. Great overall.,1
Great quality and fast shipping. Very satisfied. Really superb purchase.,1
"Completely useless, does not perform as claimed.",0
"Superb quality, will definitely order more.",1
Really impressed with the build quality. Outstanding overall.,1
"Top notch product, arrived quickly and intact. Wonderful overall.",1
"Reliable and well made, I use it daily.",1
Arrived damaged and customer service was unhelpful. The value is bad.,0
"Perfect gift idea, the recipient was thrilled. Really excellent value.",1
"Reliable and well made, I use it daily. Really brilliant package.",1
"Worst purchase ever, returning immediately for refund. Dreadful overall.",0
This is the worst product I have ever bought.,0
"Absolutely dreadful, I cannot believe I paid for this. Terrible overall.",0
"Works perfectly, exactly as described.",1
Wonderful product that does exactly what it should.,1
Very disappointed with the quality. Not worth it.,0
"Superb quality, will definitely order more.",1
"Fell apart on first use, zero durability. Frustrating overall.",0
"Absolutely wonderful, my family loves it too. The item is amazing.",1
"Poor quality materials, feels very cheap overall. Really frustrating service.",0
Very low quality for such a high price tag.,0
"Reliable and well made, I use it daily. Really wonderful value.",1
High quality materials and beautiful design.,1
"Poor quality materials, feels very cheap overall.",0
"Stopped working after just two uses, terrible.",0
Exceeded my expectations. Would buy again.,1
"Fell apart on first use, zero durability. Really dreadful item.",0
"Terrible product, broke after one day of use. Useless overall.",0
Very disappointed with the quality. Not worth it. Really horrible value.,0
"Would not recommend, complete waste of money. The package is useless.",0
"Poor quality materials, feels very cheap overall. Useless overall.",0
"The quality is awful, I want my money back. Terrible overall.",0
"Regret this purchase entirely, total disappointment.",0
Very low quality for such a high price tag.,0
Impressive performance and easy to set up. Really perfect service.,1
This is the worst product I have ever bought. The order is terrible.,0
Arrived damaged and customer service was unhelpful. Really poor order.,0
Very low quality for such a high price tag. Really bad package.,0
Exceeded my expectations. Would buy again. Perfect overall.,1
Could not be happier with my purchase decision.,1
"Not as described, very misleading product listing.",0
"Would not recommend, complete waste of money. Poor overall.",0
"The quality is awful, I want my money back.",0
"This product is amazing, I love it! The order is delightful.",1
"Fantastic experience, highly recommend this.",1
Exceeded my expectations. Would buy again. Superb overall.,1
Solid construction and works like a charm. Really fantastic purchase.,1
"This product is amazing, I love it! Really wonderful experience.",1
"Fantastic experience, highly recommend this.",1
Wonderful product that does exactly what it should.,1
"Reliable and well made, I use it daily.",1
Impressive performance and easy to set up. Really wonderful product.,1
Solid construction and works like a charm. Outstanding overall.,1
High quality materials and beautiful design. Delightful overall.,1
This is the worst product I have ever bought. Really useless purchase.,0
"Stopped working after just two uses, terrible. The package is defective.",0
"Reliable and well made, I use it daily.",1
"Works perfectly, exactly as described.",1
Excellent value for the price. Love it. Really outstanding service.,1
Could not be happier with my purchase decision.,1
Smooth transaction and the product is flawless. The item is wonderful.,1
"Would not recommend, complete waste of money. The value is horrible.",0
"Overpriced garbage, stay away from this listing.",0
"The quality is awful, I want my money back.",0
"This exceeded all my expectations, truly great.",1
Defective item and no response from the seller.,0
"Very happy with this purchase, five stars! The value is perfect.",1
"Works perfectly, exactly as described. Really perfect order.",1
"Extremely disappointed, nothing like the pictures shown. Horrible overall.",0
"The quality is awful, I want my money back. Really frustrating experience.",0
"Fantastic experience, highly recommend this.",1
"Horrible experience from start to finish, avoid. Poor overall.",0
Outstanding customer service and great product.,1
"Absolutely dreadful, I cannot believe I paid for this. The service is poor.",0
Highly functional and looks great in my home. The quality is delightful.,1
"This product is amazing, I love it! Delightful overall.",1
"Absolutely wonderful, my family loves it too. Wonderful overall.",1
"Stopped working after just two uses, terrible. The product is bad.",0
High quality materials and beautiful design.,1
"The quality is awful, I want my money back. The quality is awful.",0
"Fell apart on first use, zero durability.",0
"Absolutely wonderful, my family loves it too.",1
"Unusable product, had to throw it away.",0
"Works perfectly, exactly as described.",1
,0
Great quality and fast shipping. Very satisfied.,1
Highly functional and looks great in my home. Really amazing purchase.,1
"A must have item, worth every penny spent.",1
I am very pleased with this item overall. Brilliant overall.,1
"This exceeded all my expectations, truly great. The purchase is outstanding.",1
"Misleading description, the actual product is terrible. Really terrible purchase.",0
"This exceeded all my expectations, truly great. The order is amazing.",1
"So glad I bought this, it works great.",1
"Superb quality, will definitely order more. The quality is fantastic.",1
"Very happy with this purchase, five stars!",1
Cheaply made and fell apart within a week. Poor overall.,0
This is the worst product I have ever bought.,0
"Completely useless, does not perform as claimed. Really useless value.",0
Cheap knockoff that does not work at all. Really defective purchase.,0
Arrived damaged and customer service was unhelpful. Disappointing overall.,0
"Absolutely dreadful, I cannot believe I paid for this. The experience is horrible.",0
"Would not recommend, complete waste of money.",0
"Reliable and well made, I use it daily. Great overall.",1
High quality materials and beautiful design.,1
"Horrible experience from start to finish, avoid. Awful overall.",0
"Absolutely wonderful, my family loves it too. Outstanding overall.",1
"Does not work as advertised, very frustrating. The product is terrible.",0
Outstanding customer service and great product. Fantastic overall.,1
"The quality is awful, I want my money back.",0
Really impressed with the build quality. The item is fantastic.,1
This is the worst product I have ever bought. Useless overall.,0
"Delightful product, shipping was also very fast.",1
"Very happy with this purchase, five stars!",1
Exceeded my expectations. Would buy again.,1
Very disappointed with the quality. Not worth it. Really defective order.,0
Premium feel and excellent craftsmanship throughout.,1
"Superb quality, will definitely order more.",1
Very disappointed with the quality. Not worth it.,0
Highly functional and looks great in my home. Perfect overall.,1
Could not be happier with my purchase decision. The experience is wonderful.,1
"So glad I bought this, it works great. The service is perfect.",1
Defective item and no response from the seller. Poor overall.,0
Very low quality for such a high price tag.,0
"A must have item, worth every penny spent. The service is perfect.",1
"Do not buy this, it is a complete scam.",0
"Top notch product, arrived quickly and intact. Really delightful package.",1
"Terrible product, broke after one day of use. Really horrible value.",0
"Waste of time and money, very poor quality.",0
"Superb quality, will definitely order more. Great overall.",1
"Does not work as advertised, very frustrating.",0
"Horrible experience from start to finish, avoid. Terrible overall.",0
"Not as described, very misleading product listing. Really terrible order.",0
"Terrible product, broke after one day of use. Bad overall.",0
Exceeded my expectations. Would buy again. Really perfect package.,1
Highly functional and looks great in my home. Delightful overall.,1
Packaging was damaged and the item was broken. Really terrible delivery.,0
"Works perfectly, exactly as described.",1
"Overpriced garbage, stay away from this listing.",0
I am very unhappy with this purchase overall. Frustrating overall.,0
Outstanding customer service and great product. Really delightful experience.,1
"Very happy with this purchase, five stars! Really outstanding delivery.",1
Exceeded my expectations. Would buy again.,1
I am very unhappy with this purchase overall.,0
"Delightful product, shipping was also very fast. The package is excellent.",1
"Works perfectly, exactly as described.",1
"Would not recommend, complete waste of money.",0
"Do not buy this, it is a complete scam.",0
"Overpriced garbage, stay away from this listing. The value is terrible.",0
"Top notch product, arrived quickly and intact. The item is amazing.",1
Arrived damaged and customer service was unhelpful. Dreadful overall.,0
Packaging was damaged and the item was broken. The product is defective.,0
"Unusable product, had to throw it away. Really bad item.",0
"Flimsy and poorly constructed, broke right away. Really defective quality.",0
Really impressed with the build quality. Really brilliant purchase.,1
"Unusable product, had to throw it away. The service is poor.",0
I am very unhappy with this purchase overall.,0
"Fantastic experience, highly recommend this. Really perfect experience.",1
"Absolutely dreadful, I cannot believe I paid for this. Really dreadful product.",0
"Top notch product, arrived quickly and intact. Excellent overall.",1
"Absolutely dreadful, I cannot believe I paid for this.",0
"Poor quality materials, feels very cheap overall. Dreadful overall.",0
Exceeded my expectations. Would buy again. The delivery is delightful.,1
Premium feel and excellent craftsmanship throughout.,1
"Does not work as advertised, very frustrating. Disappointing overall.",0
This is the worst product I have ever bought. Disappointing overall.,0
"Absolutely wonderful, my family loves it too.",1
Premium feel and excellent craftsmanship throughout. The item is fantastic.,1
"Fell apart on first use, zero durability. Really horrible delivery.",0
"Perfect gift idea, the recipient was thrilled. The item is brilliant.",1
"Delightful product, shipping was also very fast. The purchase is fantastic.",1
Best purchase I've made in a long time. Excellent overall.,1
High quality materials and beautiful design.,1
Best purchase I've made in a long time.,1
I am very pleased with this item overall.,1
"Stopped working after just two uses, terrible.",0
"Completely useless, does not perform as claimed. Awful overall.",0
"Worst purchase ever, returning immediately for refund.",0
Best purchase I've made in a long time. Wonderful overall.,1
Smooth transaction and the product is flawless.,1
I am very unhappy with this purchase overall. Really useless experience.,0
I am very unhappy with this purchase overall. Really dreadful product.,0
"Completely useless, does not perform as claimed. The experience is horrible.",0
"Absolutely wonderful, my family loves it too.",1
"Flimsy and poorly constructed, broke right away. The purchase is defective.",0
"Extremely disappointed, nothing like the pictures shown. Really horrible item.",0
"Terrible product, broke after one day of use. Really defective experience.",0
"Flimsy and poorly constructed, broke right away. Horrible overall.",0
"So glad I bought this, it works great. The quality is superb.",1
"Fantastic experience, highly recommend this. The product is excellent.",1
"Regret this purchase entirely, total disappointment.",0
"A must have item, worth every penny spent. Brilliant overall.",1
"Reliable and well made, I use it daily. Really great experience.",1
Exceeded my expectations. Would buy again. Really perfect experience.,1
"Stopped working after just two uses, terrible. Really defective product.",0
"Works perfectly, exactly as described. The value is perfect.",1
High quality materials and beautiful design.,1
Very disappointed with the quality. Not worth it. Really bad experience.,0
"Fantastic experience, highly recommend this. Wonderful overall.",1
"This product is amazing, I love it! Really great package.",1
"Would not recommend, complete waste of money. The value is dreadful.",0
Outstanding customer service and great product. The order is perfect.,1
"Not as described, very misleading product listing.",0
Very low quality for such a high price tag. The product is frustrating.,0
Exceeded my expectations. Would buy again. Fantastic overall.,1
"Top notch product, arrived quickly and intact. Perfect overall.",1
"Delightful product, shipping was also very fast. The purchase is superb.",1
"So glad I bought this, it works great.",1
"Terrible product, broke after one day of use.",0
"Horrible experience from start to finish, avoid.",0
"Waste of time and money, very poor quality. Really awful order.",0
"Fell apart on first use, zero durability.",0
"Perfect gift idea, the recipient was thrilled. Excellent overall.",1
Impressive performance and easy to set up.,1
"Worst purchase ever, returning immediately for refund. The value is defective.",0
Very low quality for such a high price tag. The item is frustrating.,0
"Fell apart on first use, zero durability. The service is poor.",0
"Fantastic experience, highly recommend this. Really brilliant delivery.",1
"Works perfectly, exactly as described.",1
"Absolutely wonderful, my family loves it too. Really wonderful item.",1
Excellent value for the price. Love it.,1
"Poor quality materials, feels very cheap overall. The quality is defective.",0
Smooth transaction and the product is flawless.,1
,0
"Absolutely wonderful, my family loves it too.",1
Excellent value for the price. Love it. The value is amazing.,1
"Completely useless, does not perform as claimed. Really useless product.",0
"Horrible experience from start to finish, avoid.",0
Smooth transaction and the product is flawless.,1
"A must have item, worth every penny spent.",1
Could not be happier with my purchase decision. The quality is perfect.,1
"Does not work as advertised, very frustrating.",0
"Stopped working after just two uses, terrible. Bad overall.",0
Impressive performance and easy to set up.,1
"Not as described, very misleading product listing.",0
"Flimsy and poorly constructed, broke right away. Horrible overall.",0
Defective item and no response from the seller. Disappointing overall.,0
High quality materials and beautiful design. Really great product.,1
"Fell apart on first use, zero durability. Disappointing overall.",0
"Would not recommend, complete waste of money. Horrible overall.",0
Exceeded my expectations. Would buy again.,1
This is the worst product I have ever bought. The purchase is poor.,0
"Waste of time and money, very poor quality. Disappointing overall.",0
"Worst purchase ever, returning immediately for refund.",0
I am very pleased with this item overall. Excellent overall.,1
"Great addition to my collection, love the quality.",1
"Would not recommend, complete waste of money. Really defective value.",0
"A must have item, worth every penny spent. Really superb product.",1
Premium feel and excellent craftsmanship throughout. Excellent overall.,1
"Misleading description, the actual product is terrible.",0
"Do not buy this, it is a complete scam.",0
Very disappointed with the quality. Not worth it.,0
Defective item and no response from the seller. Disappointing overall.,0
"Worst purchase ever, returning immediately for refund. Defective overall.",0
"This product is amazing, I love it!",1
"Completely useless, does not perform as claimed.",0
"Absolutely wonderful, my family loves it too.",1
"Fantastic experience, highly recommend this.",1
"Works perfectly, exactly as described. Really perfect value.",1
"Top notch product, arrived quickly and intact. Fantastic overall.",1
"Would not recommend, complete waste of money. The item is awful.",0
"Fantastic experience, highly recommend this.",1
Packaging was damaged and the item was broken.,0
This is the worst product I have ever bought. Really poor experience.,0
"Fell apart on first use, zero durability.",0
"Worst purchase ever, returning immediately for refund. Frustrating overall.",0
,1
"Regret this purchase entirely, total disappointment. Poor overall.",0
"Great addition to my collection, love the quality. The order is outstanding.",1
Great quality and fast shipping. Very satisfied. Really amazing product.,1
"Great addition to my collection, love the quality. Perfect overall.",1
"Works perfectly, exactly as described. Really delightful experience.",1
Outstanding customer service and great product. The experience is delightful.,1
Best purchase I've made in a long time.,1
"This exceeded all my expectations, truly great. Really excellent experience.",1
"Completely useless, does not perform as claimed. The service is horrible.",0
"Great addition to my collection, love the quality. Really fantastic service.",1
Outstanding customer service and great product. The item is wonderful.,1
"This product is amazing, I love it! The purchase is delightful.",1
Very low quality for such a high price tag. Really disappointing product.,0
Could not be happier with my purchase decision. Really superb purchase.,1
"Horrible experience from start to finish, avoid. Really dreadful service.",0
Solid construction and works like a charm. Fantastic overall.,1
"Absolutely dreadful, I cannot believe I paid for this.",0
"Poor quality materials, feels very cheap overall. The value is frustrating.",0
Arrived damaged and customer service was unhelpful. Really poor package.,0
"Would not recommend, complete waste of money. Really frustrating delivery.",0
"Fantastic experience, highly recommend this.",1
"Flimsy and poorly constructed, broke right away.",0
Highly functional and looks great in my home. Really superb quality.,1
"Horrible experience from start to finish, avoid.",0
"Poor quality materials, feels very cheap overall.",0
"Does not work as advertised, very frustrating. The package is useless.",0
Defective item and no response from the seller. The service is terrible.,0
"Worst purchase ever, returning immediately for refund. Really bad item.",0
"Save your money, this product is junk. The order is horrible.",0
"Not as described, very misleading product listing. Really poor quality.",0
,0
"So glad I bought this, it works great. Really perfect experience.",1
"Works perfectly, exactly as described.",1
Very low quality for such a high price tag. Really defective package.,0
"Overpriced garbage, stay away from this listing.",0
Impressive performance and easy to set up.,1
Defective item and no response from the seller. Really disappointing experience.,0
"Absolutely wonderful, my family loves it too. Really wonderful quality.",1
"Regret this purchase entirely, total disappointment.",0
Impressive performance and easy to set up.,1
"Poor quality materials, feels very cheap overall.",0
"Extremely disappointed, nothing like the pictures shown. Really dreadful item.",0
"Absolutely wonderful, my family loves it too. The delivery is excellent.",1
"Save your money, this product is junk. Really terrible delivery.",0
Wonderful product that does exactly what it should.,1
"Stopped working after just two uses, terrible. Really poor value.",0
"Poor quality materials, feels very cheap overall.",0
Very low quality for such a high price tag. Disappointing overall.,0
Outstanding customer service and great product.,1
Great quality and fast shipping. Very satisfied. The experience is fantastic.,1
"Do not buy this, it is a complete scam. Horrible overall.",0
"Very happy with this purchase, five stars! Delightful overall.",1
Packaging was damaged and the item was broken.,0
Best purchase I've made in a long time.,1
"Save your money, this product is junk.",0
I am very unhappy with this purchase overall. Disappointing overall.,0
Solid construction and works like a charm. The experience is superb.,1
High quality materials and beautiful design.,1
"Reliable and well made, I use it daily. The quality is brilliant.",1
Impressive performance and easy to set up. Really wonderful product.,1
I am very unhappy with this purchase overall. The purchase is terrible.,0
Smooth transaction and the product is flawless. Really outstanding order.,1
"Worst purchase ever, returning immediately for refund. The service is bad.",0
"Not as described, very misleading product listing. The item is terrible.",0
Exceeded my expectations. Would buy again.,1
Excellent value for the price. Love it.,1
"Fantastic experience, highly recommend this. Really excellent delivery.",1
Could not be happier with my purchase decision.,1
Very low quality for such a high price tag. Frustrating overall.,0
Solid construction and works like a charm. The order is brilliant.,1
Solid construction and works like a charm. Fantastic overall.,1
This is the worst product I have ever bought. The item is dreadful.,0
Great quality and fast shipping. Very satisfied. Really great product.,1
"Great addition to my collection, love the quality.",1
"Save your money, this product is junk.",0
Solid construction and works like a charm. Really fantastic quality.,1
"Absolutely dreadful, I cannot believe I paid for this. Horrible overall.",0
"Perfect gift idea, the recipient was thrilled. Really delightful service.",1
Outstanding customer service and great product.,1
This is the worst product I have ever bought. The value is poor.,0
"Do not buy this, it is a complete scam. Really awful item.",0
"Waste of time and money, very poor quality. Frustrating overall.",0
"Flimsy and poorly constructed, broke right away. Useless overall.",0
"Fantastic experience, highly recommend this. Perfect overall.",1
Outstanding customer service and great product.,1
"This exceeded all my expectations, truly great.",1
"Absolutely wonderful, my family loves it too.",1
Outstanding customer service and great product.,1
Defective item and no response from the seller.,0
"This exceeded all my expectations, truly great. The item is outstanding.",1
"Poor quality materials, feels very cheap overall. The item is dreadful.",0
,0
"Not as described, very misleading product listing.",0
"Top notch product, arrived quickly and intact. Wonderful overall.",1
Outstanding customer service and great product. Excellent overall.,1
"Reliable and well made, I use it daily. The package is delightful.",1
"Does not work as advertised, very frustrating.",0
Smooth transaction and the product is flawless. Great overall.,1
"Does not work as advertised, very frustrating.",0
"Terrible product, broke after one day of use. Frustrating overall.",0
"Does not work as advertised, very frustrating. Really poor item.",0
Defective item and no response from the seller.,0
"Flimsy and poorly constructed, broke right away. The quality is dreadful.",0
I am very unhappy with this purchase overall. Terrible overall.,0
"Regret this purchase entirely, total disappointment. Really useless purchase.",0
"Poor quality materials, feels very cheap overall.",0
"Delightful product, shipping was also very fast. Superb overall.",1
Excellent value for the price. Love it. The quality is superb.,1
"Superb quality, will definitely order more.",1
"Fantastic experience, highly recommend this. The service is fantastic.",1
"The quality is awful, I want my money back. Dreadful overall.",0
,1
Outstanding customer service and great product.,1
"Not as described, very misleading product listing.",0
"Not as described, very misleading product listing.",0
Excellent value for the price. Love it. The order is fantastic.,1
"Great addition to my collection, love the quality.",1
Wonderful product that does exactly what it should. The package is superb.,1
"Flimsy and poorly constructed, broke right away. Really horrible quality.",0
Impressive performance and easy to set up. Perfect overall.,1
"Superb quality, will definitely order more. The package is wonderful.",1
Great quality and fast shipping. Very satisfied.,1
Very disappointed with the quality. Not worth it. The package is frustrating.,0
"Absolutely wonderful, my family loves it too. Amazing overall.",1
"Extremely disappointed, nothing like the pictures shown.",0
"Would not recommend, complete waste of money. Really poor purchase.",0
Wonderful product that does exactly what it should. Really wonderful package.,1
"Flimsy and poorly constructed, broke right away.",0
"Top notch product, arrived quickly and intact. Wonderful overall.",1
"Works perfectly, exactly as described. Delightful overall.",1
This is the worst product I have ever bought. Really dreadful package.,0
I am very pleased with this item overall. Great overall.,1
"Horrible experience from start to finish, avoid.",0
"Stopped working after just two uses, terrible. Really disappointing item.",0
"Reliable and well made, I use it daily. Superb overall.",1
"Absolutely wonderful, my family loves it too.",1
"Perfect gift idea, the recipient was thrilled. The service is amazing.",1
Exceeded my expectations. Would buy again. Excellent overall.,1
Very low quality for such a high price tag. Really useless delivery.,0
Great quality and fast shipping. Very satisfied.,1
"Do not buy this, it is a complete scam. The quality is useless.",0
Very disappointed with the quality. Not worth it. Poor overall.,0
I am very unhappy with this purchase overall.,0
Smooth transaction and the product is flawless.,1
"Completely useless, does not perform as claimed. Really dreadful service.",0
Best purchase I've made in a long time. Great overall.,1
"Delightful product, shipping was also very fast.",1
"Poor quality materials, feels very cheap overall. Really awful product.",0
"Regret this purchase entirely, total disappointment. Really awful order.",0
"Flimsy and poorly constructed, broke right away.",0
Great quality and fast shipping. Very satisfied.,1
"Works perfectly, exactly as described. Great overall.",1
Smooth transaction and the product is flawless.,1
Packaging was damaged and the item was broken. Really terrible purchase.,0
"Does not work as advertised, very frustrating. Really useless service.",0
High quality materials and beautiful design. The package is fantastic.,1
"Absolutely wonderful, my family loves it too.",1
"Do not buy this, it is a complete scam. Really disappointing experience.",0
"Horrible experience from start to finish, avoid.",0
"This product is amazing, I love it! The package is delightful.",1
Great quality and fast shipping. Very satisfied.,1
Excellent value for the price. Love it. Amazing overall.,1
"Extremely disappointed, nothing like the pictures shown.",0
"Does not work as advertised, very frustrating.",0
"Perfect gift idea, the recipient was thrilled. Excellent overall.",1
Exceeded my expectations. Would buy again.,1
Very low quality for such a high price tag. Useless overall.,0
"Completely useless, does not perform as claimed.",0
Wonderful product that does exactly what it should. The experience is delightful.,1
"Terrible product, broke after one day of use. The order is horrible.",0
"Flimsy and poorly constructed, broke right away. Really frustrating delivery.",0
"Poor quality materials, feels very cheap overall.",0
Very disappointed with the quality. Not worth it. The package is defective.,0
Cheap knockoff that does not work at all. Awful overall.,0
"Absolutely dreadful, I cannot believe I paid for this. The delivery is horrible.",0
"Top notch product, arrived quickly and intact.",1
"Worst purchase ever, returning immediately for refund.",0
"Very happy with this purchase, five stars!",1
"Would not recommend, complete waste of money. The product is defective.",0
Very disappointed with the quality. Not worth it. Horrible overall.,0
Wonderful product that does exactly what it should. Perfect overall.,1
This is the worst product I have ever bought. Really useless quality.,0
Very low quality for such a high price tag. Frustrating overall.,0
Impressive performance and easy to set up. The purchase is perfect.,1
"So glad I bought this, it works great.",1
Arrived damaged and customer service was unhelpful. The package is useless.,0
"Flimsy and poorly constructed, broke right away.",0
"This product is amazing, I love it! Great overall.",1
"Reliable and well made, I use it daily. Really superb item.",1
Exceeded my expectations. Would buy again. Really perfect value.,1
"Top notch product, arrived quickly and intact.",1
Very low quality for such a high price tag. The package is frustrating.,0
"Save your money, this product is junk. Really disappointing package.",0
Highly functional and looks great in my home. Really amazing purchase.,1
Premium feel and excellent craftsmanship throughout.,1
"Misleading description, the actual product is terrible. The value is defective.",0
Exceeded my expectations. Would buy again.,1
"Waste of time and money, very poor quality. Really useless quality.",0
"Delightful product, shipping was also very fast. The item is amazing.",1
"This exceeded all my expectations, truly great.",1
"Superb quality, will definitely order more. The product is great.",1
"Fell apart on first use, zero durability.",0
"A must have item, worth every penny spent.",1
"Stopped working after just two uses, terrible.",0
I am very pleased with this item overall.,1
"Waste of time and money, very poor quality. Defective overall.",0
"Save your money, this product is junk. Really disappointing product.",0
"Would not recommend, complete waste of money. Really defective product.",0
"Delightful product, shipping was also very fast. The value is perfect.",1
Cheap knockoff that does not work at all. The product is dreadful.,0
Arrived damaged and customer service was unhelpful. Frustrating overall.,0
"Save your money, this product is junk. Really bad value.",0
Best purchase I've made in a long time.,1
This is the worst product I have ever bought. Awful overall.,0
"Flimsy and poorly constructed, broke right away.",0
"Absolutely wonderful, my family loves it too. Really perfect package.",1
Really impressed with the build quality. The service is perfect.,1
"Extremely disappointed, nothing like the pictures shown.",0
Exceeded my expectations. Would buy again.,1
"Horrible experience from start to finish, avoid. The order is useless.",0
"Delightful product, shipping was also very fast. Really excellent product.",1
Could not be happier with my purchase decision. The item is brilliant.,1
"Great addition to my collection, love the quality. Amazing overall.",1
"Superb quality, will definitely order more. Wonderful overall.",1
High quality materials and beautiful design.,1
Great quality and fast shipping. Very satisfied.,1
This is the worst product I have ever bought. The service is disappointing.,0
Great quality and fast shipping. Very satisfied. The delivery is perfect.,1
Premium feel and excellent craftsmanship throughout. Really fantastic value.,1
"Save your money, this product is junk.",0
,0
Smooth transaction and the product is flawless.,1
"Works perfectly, exactly as described. Really outstanding quality.",1
"Absolutely dreadful, I cannot believe I paid for this. Terrible overall.",0
Cheaply made and fell apart within a week. Useless overall.,0
Great quality and fast shipping. Very satisfied. Delightful overall.,1
"A must have item, worth every penny spent. The value is fantastic.",1
"Horrible experience from start to finish, avoid. Defective overall.",0
"Do not buy this, it is a complete scam.",0
"Do not buy this, it is a complete scam.",0
"The quality is awful, I want my money back. The value is terrible.",0
Highly functional and looks great in my home. Delightful overall.,1
"Do not buy this, it is a complete scam. Horrible overall.",0
Smooth transaction and the product is flawless. Really brilliant purchase.,1
Arrived damaged and customer service was unhelpful. Really defective product.,0
Packaging was damaged and the item was broken.,0
Wonderful product that does exactly what it should.,1
Very disappointed with the quality. Not worth it. The package is poor.,0
I am very pleased with this item overall. Really amazing value.,1
"Fantastic experience, highly recommend this.",1
"Regret this purchase entirely, total disappointment. Really awful order.",0
Wonderful product that does exactly what it should. The experience is superb.,1
Highly functional and looks great in my home. The purchase is fantastic.,1
Impressive performance and easy to set up.,1
High quality materials and beautiful design. The value is fantastic.,1
"Extremely disappointed, nothing like the pictures shown. Really terrible package.",0
"Poor quality materials, feels very cheap overall. Defective overall.",0
Outstanding customer service and great product. The value is outstanding.,1
"Stopped working after just two uses, terrible. Really awful item.",0
I am very pleased with this item overall. The service is wonderful.,1
"A must have item, worth every penny spent.",1
Excellent value for the price. Love it. Great overall.,1
"Save your money, this product is junk. Really dreadful delivery.",0
Really impressed with the build quality.,1
"Absolutely wonderful, my family loves it too.",1
"Absolutely dreadful, I cannot believe I paid for this.",0
"Do not buy this, it is a complete scam.",0
"Absolutely dreadful, I cannot believe I paid for this.",0
Defective item and no response from the seller. Poor overall.,0
"Fantastic experience, highly recommend this.",1
Very low quality for such a high price tag. Really frustrating order.,0
"This product is amazing, I love it!",1
Solid construction and works like a charm. The quality is perfect.,1
Cheap knockoff that does not work at all. The experience is terrible.,0
"Would not recommend, complete waste of money.",0
Highly functional and looks great in my home. Really outstanding delivery.,1
"Reliable and well made, I use it daily. Perfect overall.",1
"Save your money, this product is junk.",0
"Overpriced garbage, stay away from this listing. Terrible overall.",0
Premium feel and excellent craftsmanship throughout.,1
Solid construction and works like a charm. Really brilliant purchase.,1
Arrived damaged and customer service was unhelpful.,0
"A must have item, worth every penny spent. Brilliant overall.",1
"Works perfectly, exactly as described. Perfect overall.",1
Cheaply made and fell apart within a week. Poor overall.,0
Very low quality for such a high price tag.,0
"Superb quality, will definitely order more. Superb overall.",1
Arrived damaged and customer service was unhelpful.,0
Wonderful product that does exactly what it should. The delivery is delightful.,1
"Superb quality, will definitely order more. Excellent overall.",1
High quality materials and beautiful design. Really brilliant order.,1
Premium feel and excellent craftsmanship throughout. The value is fantastic.,1
This is the worst product I have ever bought. The purchase is poor.,0
"Unusable product, had to throw it away. The purchase is useless.",0
"Waste of time and money, very poor quality. Really useless service.",0
"Flimsy and poorly constructed, broke right away. Really terrible delivery.",0
Wonderful product that does exactly what it should.,1
I am very unhappy with this purchase overall. The package is frustrating.,0
"Do not buy this, it is a complete scam. Disappointing overall.",0
Cheap knockoff that does not work at all. The package is horrible.,0
Very user friendly and intuitive to operate. The order is wonderful.,1
"Works perfectly, exactly as described. Perfect overall.",1
Could not be happier with my purchase decision. Perfect overall.,1
"The quality is awful, I want my money back. Awful overall.",0
I am very unhappy with this purchase overall. The product is useless.,0
Arrived damaged and customer service was unhelpful. Really defective experience.,0
"Not as described, very misleading product listing.",0
"Overpriced garbage, stay away from this listing. Really frustrating package.",0
Packaging was damaged and the item was broken. Really awful service.,0
"The quality is awful, I want my money back.",0
"Completely useless, does not perform as claimed.",0
Impressive performance and easy to set up. Really outstanding value.,1
High quality materials and beautiful design. Perfect overall.,1
"Waste of time and money, very poor quality.",0
Impressive performance and easy to set up.,1
"Fantastic experience, highly recommend this. Great overall.",1
"Perfect gift idea, the recipient was thrilled.",1
"Does not work as advertised, very frustrating. The delivery is frustrating.",0
"Reliable and well made, I use it daily.",1
Impressive performance and easy to set up. The order is outstanding.,1
Excellent value for the price. Love it.,1
"Unusable product, had to throw it away. Bad overall.",0
"Top notch product, arrived quickly and intact.",1
Premium feel and excellent craftsmanship throughout.,1
"Save your money, this product is junk.",0
"Very happy with this purchase, five stars!",1
"Fell apart on first use, zero durability.",0
Best purchase I've made in a long time. The service is delightful.,1
"Misleading description, the actual product is terrible. Disappointing overall.",0
Solid construction and works like a charm. The item is perfect.,1
"Extremely disappointed, nothing like the pictures shown. Really useless order.",0
Smooth transaction and the product is flawless. Really great package.,1
Really impressed with the build quality.,1
"Terrible product, broke after one day of use.",0
"Regret this purchase entirely, total disappointment. The quality is disappointing.",0
"Horrible experience from start to finish, avoid. Really poor product.",0
Very disappointed with the quality. Not worth it.,0
Best purchase I've made in a long time. The item is fantastic.,1
"Regret this purchase entirely, total disappointment. The product is disappointing.",0
"Poor quality materials, feels very cheap overall. Really defective experience.",0
Very user friendly and intuitive to operate.,1
"Horrible experience from start to finish, avoid. Really poor quality.",0
"Not as described, very misleading product listing.",0
"So glad I bought this, it works great.",1
High quality materials and beautiful design.,1
"Stopped working after just two uses, terrible.",0
Solid construction and works like a charm.,1
Very low quality for such a high price tag. Really terrible experience.,0
"Absolutely wonderful, my family loves it too. The value is brilliant.",1
Really impressed with the build quality. The item is excellent.,1
"Worst purchase ever, returning immediately for refund. Really frustrating value.",0
Arrived damaged and customer service was unhelpful.,0
,0
"Delightful product, shipping was also very fast. The purchase is superb.",1
"Reliable and well made, I use it daily.",1
"Not as described, very misleading product listing.",0
Really impressed with the build quality.,1
"This exceeded all my expectations, truly great. The item is perfect.",1
"Reliable and well made, I use it daily. Really wonderful experience.",1
"Does not work as advertised, very frustrating. Really useless item.",0
"Do not buy this, it is a complete scam.",0
"Works perfectly, exactly as described. Really perfect quality.",1
"Top notch product, arrived quickly and intact. The package is amazing.",1
"Superb quality, will definitely order more. Fantastic overall.",1
Wonderful product that does exactly what it should. Excellent overall.,1
"Misleading description, the actual product is terrible.",0
High quality materials and beautiful design. Brilliant overall.,1
"Does not work as advertised, very frustrating. The quality is useless.",0
"So glad I bought this, it works great.",1
"Terrible product, broke after one day of use. Really poor order.",0
"Unusable product, had to throw it away. The delivery is frustrating.",0
Defective item and no response from the seller. Really frustrating value.,0
"Extremely disappointed, nothing like the pictures shown. Useless overall.",0
"Absolutely dreadful, I cannot believe I paid for this. Dreadful overall.",0
Wonderful product that does exactly what it should.,1
Premium feel and excellent craftsmanship throughout.,1
"Would not recommend, complete waste of money. The purchase is defective.",0
"Not as described, very misleading product listing.",0
Arrived damaged and customer service was unhelpful.,0
Wonderful product that does exactly what it should. Delightful overall.,1
Outstanding customer service and great product. Really excellent product.,1
"Would not recommend, complete waste of money. Really defective purchase.",0
"Flimsy and poorly constructed, broke right away. The delivery is terrible.",0
Arrived damaged and customer service was unhelpful.,0
Really impressed with the build quality. The service is fantastic.,1
"Unusable product, had to throw it away.",0
"Absolutely wonderful, my family loves it too. Fantastic overall.",1
"Waste of time and money, very poor quality. Really defective order.",0
"Reliable and well made, I use it daily.",1
High quality materials and beautiful design.,1
Could not be happier with my purchase decision. The purchase is superb.,1
Smooth transaction and the product is flawless.,1
,0
"Works perfectly, exactly as described.",1
"This exceeded all my expectations, truly great.",1
Really impressed with the build quality. Wonderful overall.,1
Defective item and no response from the seller. Poor overall.,0
"Top notch product, arrived quickly and intact. Amazing overall.",1
Very low quality for such a high price tag.,0
High quality materials and beautiful design.,1
,0
"Completely useless, does not perform as claimed. The purchase is horrible.",0
"Great addition to my collection, love the quality.",1
"Save your money, this product is junk. Awful overall.",0
Packaging was damaged and the item was broken. Defective overall.,0
Highly functional and looks great in my home. Excellent overall.,1
This is the worst product I have ever bought. The experience is disappointing.,0
"Worst purchase ever, returning immediately for refund. Useless overall.",0
"Does not work as advertised, very frustrating. Frustrating overall.",0
"Completely useless, does not perform as claimed. Really useless experience.",0
"Horrible experience from start to finish, avoid. Poor overall.",0
"Save your money, this product is junk. The value is frustrating.",0
Exceeded my expectations. Would buy again. Really wonderful item.,1
"Does not work as advertised, very frustrating. The value is bad.",0
"Misleading description, the actual product is terrible. Terrible overall.",0
Exceeded my expectations. Would buy again. Really great package.,1
"Horrible experience from start to finish, avoid. Terrible overall.",0
"Not as described, very misleading product listing. Horrible overall.",0
"Very happy with this purchase, five stars! Really great package.",1
"Horrible experience from start to finish, avoid. Poor overall.",0
"Flimsy and poorly constructed, broke right away. Bad overall.",0
Solid construction and works like a charm. Really perfect quality.,1
I am very unhappy with this purchase overall. Really defective experience.,0
"Completely useless, does not perform as claimed. Disappointing overall.",0
"Save your money, this product is junk. Useless overall.",0
"Regret this purchase entirely, total disappointment. Really dreadful package.",0
Excellent value for the price. Love it.,1
"Flimsy and poorly constructed, broke right away.",0
"Absolutely wonderful, my family loves it too.",1
"Save your money, this product is junk. The delivery is awful.",0
"The quality is awful, I want my money back. Frustrating overall.",0
"Does not work as advertised, very frustrating. Really bad package.",0
I am very pleased with this item overall.,1
Wonderful product that does exactly what it should.,1
"Great addition to my collection, love the quality. Great overall.",1
High quality materials and beautiful design. The package is outstanding.,1
"Fell apart on first use, zero durability.",0
Solid construction and works like a charm.,1
"Does not work as advertised, very frustrating. Useless overall.",0
Very low quality for such a high price tag. Horrible overall.,0
"Would not recommend, complete waste of money. Poor overall.",0
"Top notch product, arrived quickly and intact. The quality is excellent.",1
"Worst purchase ever, returning immediately for refund. Horrible overall.",0
"Does not work as advertised, very frustrating.",0
"Overpriced garbage, stay away from this listing.",0
"This product is amazing, I love it! Brilliant overall.",1
"Flimsy and poorly constructed, broke right away. Really useless experience.",0
"A must have item, worth every penny spent. Really outstanding quality.",1
"Stopped working after just two uses, terrible. Really horrible delivery.",0
Solid construction and works like a charm.,1
I am very pleased with this item overall.,1
Cheaply made and fell apart within a week. Really defective purchase.,0
"Absolutely wonderful, my family loves it too. The service is superb.",1
Premium feel and excellent craftsmanship throughout. Really wonderful order.,1
Outstanding customer service and great product. Amazing overall.,1
Exceeded my expectations. Would buy again. Really superb experience.,1
Best purchase I've made in a long time.,1
Great quality and fast shipping. Very satisfied. Really fantastic experience.,1
"Stopped working after just two uses, terrible.",0
"Extremely disappointed, nothing like the pictures shown. The experience is awful.",0
"Save your money, this product is junk.",0
"A must have item, worth every penny spent.",1
"So glad I bought this, it works great.",1
"Delightful product, shipping was also very fast.",1
Solid construction and works like a charm.,1
"Fantastic experience, highly recommend this.",1
,1
Premium feel and excellent craftsmanship throughout. Really delightful package.,1
"So glad I bought this, it works great. Amazing overall.",1
"Poor quality materials, feels very cheap overall. Frustrating overall.",0
"Waste of time and money, very poor quality. Defective overall.",0
Really impressed with the build quality.,1
"Works perfectly, exactly as described.",1
"Do not buy this, it is a complete scam. The package is bad.",0
"Extremely disappointed, nothing like the pictures shown.",0
"Does not work as advertised, very frustrating. The service is awful.",0
"Overpriced garbage, stay away from this listing.",0
"Absolutely wonderful, my family loves it too. Really brilliant value.",1
Great quality and fast shipping. Very satisfied. Wonderful overall.,1
Arrived damaged and customer service was unhelpful.,0
"Save your money, this product is junk.",0
"Does not work as advertised, very frustrating.",0
"Misleading description, the actual product is terrible. Dreadful overall.",0
Impressive performance and easy to set up. Really perfect service.,1
"Extremely disappointed, nothing like the pictures shown. Really defective quality.",0
Excellent value for the price. Love it.,1
Defective item and no response from the seller. Disappointing overall.,0
"This product is amazing, I love it! The order is outstanding.",1
"A must have item, worth every penny spent. Excellent overall.",1
Impressive performance and easy to set up. Really superb item.,1
"Terrible product, broke after one day of use. The order is bad.",0
"Delightful product, shipping was also very fast.",1
Could not be happier with my purchase decision.,1
High quality materials and beautiful design. Perfect overall.,1
Really impressed with the build quality. Really superb quality.,1
Smooth transaction and the product is flawless.,1
This is the worst product I have ever bought.,0
This is the worst product I have ever bought.,0
Exceeded my expectations. Would buy again. Great overall.,1
"Superb quality, will definitely order more.",1
Arrived damaged and customer service was unhelpful. Really defective value.,0
Wonderful product that does exactly what it should. The experience is outstanding.,1
I am very pleased with this item overall.,1
"Stopped working after just two uses, terrible. The item is defective.",0
Outstanding customer service and great product.,1
"Works perfectly, exactly as described.",1
"Absolutely wonderful, my family loves it too.",1
Really impressed with the build quality. Superb overall.,1
"Very happy with this purchase, five stars!",1
"Great addition to my collection, love the quality. Really brilliant purchase.",1
"Superb quality, will definitely order more. Amazing overall.",1
Could not be happier with my purchase decision.,1
"So glad I bought this, it works great. The order is outstanding.",1
Arrived damaged and customer service was unhelpful.,0
Defective item and no response from the seller. The experience is defective.,0
Impressive performance and easy to set up.,1
"A must have item, worth every penny spent. The delivery is wonderful.",1
I am very pleased with this item overall. Really perfect order.,1
"Absolutely wonderful, my family loves it too.",1
"Save your money, this product is junk. The package is horrible.",0
"Worst purchase ever, returning immediately for refund.",0
This is the worst product I have ever bought. Really defective quality.,0
"Do not buy this, it is a complete scam.",0
Smooth transaction and the product is flawless.,1
"Terrible product, broke after one day of use.",0
Smooth transaction and the product is flawless.,1
Highly functional and looks great in my home.,1
"Do not buy this, it is a complete scam. Frustrating overall.",0
"Great addition to my collection, love the quality.",1
"So glad I bought this, it works great. Really wonderful item.",1
Solid construction and works like a charm. Really delightful item.,1
"So glad I bought this, it works great. Really superb purchase.",1
Outstanding customer service and great product. Fantastic overall.,1
"Do not buy this, it is a complete scam. Frustrating overall.",0
"Superb quality, will definitely order more.",1
Wonderful product that does exactly what it should. The value is fantastic.,1
Arrived damaged and customer service was unhelpful. The package is useless.,0
"Waste of time and money, very poor quality. Bad overall.",0
,1
"Reliable and well made, I use it daily. Really brilliant package.",1
Arrived damaged and customer service was unhelpful.,0
Could not be happier with my purchase decision. Really great product.,1
Best purchase I've made in a long time. Delightful overall.,1
"Delightful product, shipping was also very fast.",1
Impressive performance and easy to set up. Really excellent delivery.,1
"This exceeded all my expectations, truly great.",1
Cheap knockoff that does not work at all. Really useless quality.,0
Highly functional and looks great in my home. The product is outstanding.,1
"Very happy with this purchase, five stars! Really fantastic order.",1
"Not as described, very misleading product listing. Really defective item.",0
High quality materials and beautiful design. The value is brilliant.,1
"Overpriced garbage, stay away from this listing. The delivery is dreadful.",0
Could not be happier with my purchase decision.,1
"Not as described, very misleading product listing.",0
"Misleading description, the actual product is terrible.",0
Cheaply made and fell apart within a week. Really poor purchase.,0
"Completely useless, does not perform as claimed. The purchase is frustrating.",0
I am very pleased with this item overall. Really fantastic item.,1
"Waste of time and money, very poor quality. Horrible overall.",0
"Worst purchase ever, returning immediately for refund.",0
"Perfect gift idea, the recipient was thrilled. The service is wonderful.",1
Very user friendly and intuitive to operate.,1
"Do not buy this, it is a complete scam. Really awful quality.",0
"Unusable product, had to throw it away.",0
"Superb quality, will definitely order more.",1
Smooth transaction and the product is flawless. Really wonderful quality.,1
"This product is amazing, I love it!",1
High quality materials and beautiful design.,1
"This exceeded all my expectations, truly great. Fantastic overall.",1
"Save your money, this product is junk.",0
Could not be happier with my purchase decision. Really brilliant item.,1
"This product is amazing, I love it!",1
"Works perfectly, exactly as described.",1
"Fantastic experience, highly recommend this.",1
"Worst purchase ever, returning immediately for refund. Really awful order.",0
"This exceeded all my expectations, truly great.",1
"Fantastic experience, highly recommend this. Really fantastic value.",1
"Save your money, this product is junk.",0
Cheap knockoff that does not work at all. Really horrible value.,0
"This exceeded all my expectations, truly great.",1
"Very happy with this purchase, five stars! Fantastic overall.",1
Best purchase I've made in a long time. Fantastic overall.,1
"Perfect gift idea, the recipient was thrilled.",1
Solid construction and works like a charm.,1
"The quality is awful, I want my money back.",0
"This product is amazing, I love it! Great overall.",1
"Great addition to my collection, love the quality. Superb overall.",1
Very user friendly and intuitive to operate.,1
"Misleading description, the actual product is terrible.",0
Smooth transaction and the product is flawless. The item is fantastic.,1
"Does not work as advertised, very frustrating.",0
Great quality and fast shipping. Very satisfied. Really outstanding quality.,1
Impressive performance and easy to set up. The experience is delightful.,1
Very disappointed with the quality. Not worth it.,0
"Perfect gift idea, the recipient was thrilled.",1
"Waste of time and money, very poor quality.",0
Cheap knockoff that does not work at all. Horrible overall.,0
"Unusable product, had to throw it away. Really awful quality.",0
Wonderful product that does exactly what it should.,1
"Reliable and well made, I use it daily. The purchase is amazing.",1
,1
"Save your money, this product is junk.",0
Really impressed with the build quality. Great overall.,1
Arrived damaged and customer service was unhelpful.,0
Very user friendly and intuitive to operate.,1
"Absolutely dreadful, I cannot believe I paid for this. The delivery is useless.",0
Great quality and fast shipping. Very satisfied.,1
"Superb quality, will definitely order more. The delivery is delightful.",1
Very low quality for such a high price tag. The service is awful.,0
"Misleading description, the actual product is terrible.",0
Impressive performance and easy to set up.,1
"Perfect gift idea, the recipient was thrilled. Brilliant overall.",1
"Does not work as advertised, very frustrating.",0
Highly functional and looks great in my home.,1
"This product is amazing, I love it! The experience is delightful.",1
Cheaply made and fell apart within a week. Really bad experience.,0
Smooth transaction and the product is flawless. Great overall.,1
Could not be happier with my purchase decision. Great overall.,1
"Worst purchase ever, returning immediately for refund. Horrible overall.",0
"Poor quality materials, feels very cheap overall.",0
"Fell apart on first use, zero durability. Horrible overall.",0
"Save your money, this product is junk. Really bad order.",0
"Horrible experience from start to finish, avoid. Horrible overall.",0
"Absolutely dreadful, I cannot believe I paid for this. The delivery is dreadful.",0
,0
"Do not buy this, it is a complete scam. The experience is dreadful.",0
"Perfect gift idea, the recipient was thrilled. Really outstanding order.",1
Wonderful product that does exactly what it should. Really wonderful item.,1
"Does not work as advertised, very frustrating.",0
"Delightful product, shipping was also very fast. Really superb experience.",1
"Would not recommend, complete waste of money.",0
"This exceeded all my expectations, truly great. The quality is wonderful.",1
"Stopped working after just two uses, terrible. The experience is disappointing.",0
"Absolutely wonderful, my family loves it too.",1
"Very happy with this purchase, five stars!",1
"Not as described, very misleading product listing. Really bad product.",0
"Does not work as advertised, very frustrating. Really defective product.",0
Arrived damaged and customer service was unhelpful. The product is frustrating.,0
Cheap knockoff that does not work at all.,0
"Great addition to my collection, love the quality. Really excellent experience.",1
"Absolutely dreadful, I cannot believe I paid for this. Really useless purchase.",0
Highly functional and looks great in my home. The purchase is wonderful.,1
Outstanding customer service and great product. Fantastic overall.,1
Impressive performance and easy to set up. The product is superb.,1
"This product is amazing, I love it! Really brilliant product.",1
Great quality and fast shipping. Very satisfied.,1
"Does not work as advertised, very frustrating. Awful overall.",0
"Would not recommend, complete waste of money. The item is disappointing.",0
"Perfect gift idea, the recipient was thrilled.",1
Cheap knockoff that does not work at all. Defective overall.,0
High quality materials and beautiful design. Fantastic overall.,1
Impressive performance and easy to set up.,1
Arrived damaged and customer service was unhelpful. Really dreadful service.,0
Cheaply made and fell apart within a week.,0
Highly functional and looks great in my home. Really delightful item.,1
"Not as described, very misleading product listing. Horrible overall.",0
"A must have item, worth every penny spent.",1
Solid construction and works like a charm.,1
"A must have item, worth every penny spent. The value is excellent.",1
Could not be happier with my purchase decision. Really amazing order.,1
Arrived damaged and customer service was unhelpful. Really terrible order.,0
Really impressed with the build quality.,1
Smooth transaction and the product is flawless.,1
"Perfect gift idea, the recipient was thrilled.",1
I am very pleased with this item overall. Brilliant overall.,1
Really impressed with the build quality. Excellent overall.,1
Solid construction and works like a charm. The quality is perfect.,1
Solid construction and works like a charm. The package is perfect.,1
"So glad I bought this, it works great. Really amazing service.",1
Cheaply made and fell apart within a week. The item is frustrating.,0
Best purchase I've made in a long time.,1
I am very pleased with this item overall. Really wonderful service.,1
"Great addition to my collection, love the quality. Really perfect order.",1
"Fell apart on first use, zero durability. Terrible overall.",0
Very low quality for such a high price tag. The service is useless.,0
I am very pleased with this item overall. Really great service.,1
"Works perfectly, exactly as described.",1
I am very unhappy with this purchase overall.,0
Smooth transaction and the product is flawless. The package is great.,1
"Superb quality, will definitely order more.",1
"Perfect gift idea, the recipient was thrilled. Superb overall.",1
"Would not recommend, complete waste of money. Poor overall.",0
"Absolutely dreadful, I cannot believe I paid for this. The value is defective.",0
,0
"Great addition to my collection, love the quality.",1
Packaging was damaged and the item was broken.,0
Cheaply made and fell apart within a week. Really bad item.,0
Best purchase I've made in a long time.,1
"Worst purchase ever, returning immediately for refund. Frustrating overall.",0
"This product is amazing, I love it! Wonderful overall.",1
"Fell apart on first use, zero durability. Really defective quality.",0
"Superb quality, will definitely order more.",1
Best purchase I've made in a long time. Wonderful overall.,1
"Stopped working after just two uses, terrible.",0
Wonderful product that does exactly what it should. Excellent overall.,1
"Regret this purchase entirely, total disappointment.",0
"Very happy with this purchase, five stars!",1
Packaging was damaged and the item was broken. Awful overall.,0
Could not be happier with my purchase decision.,1
"Absolutely wonderful, my family loves it too. The product is wonderful.",1
"Very happy with this purchase, five stars! Really delightful quality.",1
"A must have item, worth every penny spent.",1
Impressive performance and easy to set up. The experience is perfect.,1
Very low quality for such a high price tag. The value is awful.,0
"Fell apart on first use, zero durability.",0
"Great addition to my collection, love the quality. Outstanding overall.",1
Smooth transaction and the product is flawless.,1
"Stopped working after just two uses, terrible. Really disappointing product.",0
,0
Very user friendly and intuitive to operate. Amazing overall.,1
"Great addition to my collection, love the quality. Really superb delivery.",1
"Perfect gift idea, the recipient was thrilled.",1
Solid construction and works like a charm.,1
"Delightful product, shipping was also very fast. Really outstanding delivery.",1
Smooth transaction and the product is flawless. Wonderful overall.,1
"Save your money, this product is junk. The item is poor.",0
Really impressed with the build quality. Really delightful quality.,1
Outstanding customer service and great product. Fantastic overall.,1
Very user friendly and intuitive to operate. Really brilliant delivery.,1
"Save your money, this product is junk. Really terrible item.",0
Premium feel and excellent craftsmanship throughout. Perfect overall.,1
"Stopped working after just two uses, terrible. Really defective item.",0
"Would not recommend, complete waste of money. Defective overall.",0
"Completely useless, does not perform as claimed. Bad overall.",0
Best purchase I've made in a long time. Outstanding overall.,1
"Save your money, this product is junk. The quality is dreadful.",0
"Unusable product, had to throw it away. The package is horrible.",0
"Very happy with this purchase, five stars! Really great order.",1
Could not be happier with my purchase decision. The purchase is great.,1
"Very happy with this purchase, five stars!",1
"So glad I bought this, it works great.",1
"The quality is awful, I want my money back.",0
Could not be happier with my purchase decision. Delightful overall.,1
Very user friendly and intuitive to operate. Fantastic overall.,1
Highly functional and looks great in my home.,1
Exceeded my expectations. Would buy again. Really excellent delivery.,1
"Poor quality materials, feels very cheap overall.",0
"Fantastic experience, highly recommend this. Delightful overall.",1
"Do not buy this, it is a complete scam. The value is poor.",0
Impressive performance and easy to set up.,1
Exceeded my expectations. Would buy again.,1
I am very pleased with this item overall.,1
"Would not recommend, complete waste of money. Bad overall.",0
Highly functional and looks great in my home.,1
"Reliable and well made, I use it daily. Really excellent experience.",1
"Superb quality, will definitely order more. Perfect overall.",1
Very low quality for such a high price tag. Really useless experience.,0
Smooth transaction and the product is flawless. The value is amazing.,1
Wonderful product that does exactly what it should.,1
"Regret this purchase entirely, total disappointment. Really disappointing purchase.",0
Defective item and no response from the seller. The purchase is horrible.,0
"Delightful product, shipping was also very fast. The delivery is wonderful.",1
"Stopped working after just two uses, terrible.",0
"Reliable and well made, I use it daily. Brilliant overall.",1
"Poor quality materials, feels very cheap overall. Really poor delivery.",0
Highly functional and looks great in my home. The quality is fantastic.,1
"Not as described, very misleading product listing. Really disappointing order.",0
Could not be happier with my purchase decision.,1
"Regret this purchase entirely, total disappointment.",0
"Unusable product, had to throw it away. The delivery is terrible.",0
"Terrible product, broke after one day of use. The product is useless.",0
"Top notch product, arrived quickly and intact.",1
Smooth transaction and the product is flawless. Really wonderful purchase.,1
"Works perfectly, exactly as described. Perfect overall.",1
Cheap knockoff that does not work at all. Horrible overall.,0
"Waste of time and money, very poor quality.",0
I am very unhappy with this purchase overall.,0
"Absolutely dreadful, I cannot believe I paid for this. Useless overall.",0
"Fantastic experience, highly recommend this.",1
"Waste of time and money, very poor quality. Really awful quality.",0
Defective item and no response from the seller.,0
Very user friendly and intuitive to operate.,1
"Save your money, this product is junk. Really dreadful delivery.",0
I am very unhappy with this purchase overall.,0
"Extremely disappointed, nothing like the pictures shown.",0
Cheap knockoff that does not work at all. Useless overall.,0
Solid construction and works like a charm. Perfect overall.,1
Best purchase I've made in a long time. Brilliant overall.,1
"Top notch product, arrived quickly and intact. The experience is outstanding.",1
"This product is amazing, I love it! Brilliant overall.",1
Impressive performance and easy to set up.,1
Solid construction and works like a charm. The service is amazing.,1
"Would not recommend, complete waste of money.",0
Packaging was damaged and the item was broken.,0
Very disappointed with the quality. Not worth it. Really poor experience.,0
I am very pleased with this item overall.,1
"Regret this purchase entirely, total disappointment. Really bad product.",0
"Do not buy this, it is a complete scam. Horrible overall.",0
"Completely useless, does not perform as claimed. Really dreadful quality.",0
Very disappointed with the quality. Not worth it. The order is disappointing.,0
"This product is amazing, I love it! Really great delivery.",1
"Great addition to my collection, love the quality.",1
Arrived damaged and customer service was unhelpful. Really horrible value.,0
Highly functional and looks great in my home. Outstanding overall.,1
"Waste of time and money, very poor quality. The experience is poor.",0
"Great addition to my collection, love the quality. Outstanding overall.",1
I am very unhappy with this purchase overall.,0
Packaging was damaged and the item was broken.,0
This is the worst product I have ever bought. The item is dreadful.,0
"Does not work as advertised, very frustrating. Really frustrating item.",0
"Works perfectly, exactly as described. Fantastic overall.",1
"Superb quality, will definitely order more. The package is delightful.",1
"Stopped working after just two uses, terrible.",0
Outstanding customer service and great product. The service is excellent.,1
High quality materials and beautiful design. Really wonderful item.,1
I am very unhappy with this purchase overall. The purchase is disappointing.,0
Cheaply made and fell apart within a week. Disappointing overall.,0
"Delightful product, shipping was also very fast.",1
This is the worst product I have ever bought. Really useless order.,0
Great quality and fast shipping. Very satisfied. Really delightful product.,1
Smooth transaction and the product is flawless. Fantastic overall.,1
Outstanding customer service and great product.,1
"Horrible experience from start to finish, avoid. Really useless item.",0
Packaging was damaged and the item was broken.,0
Cheap knockoff that does not work at all. Really frustrating item.,0
I am very pleased with this item overall.,1
Great quality and fast shipping. Very satisfied.,1
Defective item and no response from the seller. Horrible overall.,0
Arrived damaged and customer service was unhelpful. The order is awful.,0
"This product is amazing, I love it!",1
Cheap knockoff that does not work at all.,0
"Terrible product, broke after one day of use.",0
"A must have item, worth every penny spent.",1
This is the worst product I have ever bought. Frustrating overall.,0
Could not be happier with my purchase decision. Really brilliant quality.,1
I am very pleased with this item overall. Really superb order.,1
Could not be happier with my purchase decision. Excellent overall.,1
"Extremely disappointed, nothing like the pictures shown. Terrible overall.",0
Very disappointed with the quality. Not worth it.,0
"Stopped working after just two uses, terrible. Really horrible delivery.",0
"So glad I bought this, it works great.",1
"Top notch product, arrived quickly and intact. Brilliant overall.",1
"A must have item, worth every penny spent.",1
Cheaply made and fell apart within a week.,0
Cheap knockoff that does not work at all.,0
"Absolutely wonderful, my family loves it too.",1
"Flimsy and poorly constructed, broke right away.",0
Highly functional and looks great in my home. The experience is delightful.,1
"Worst purchase ever, returning immediately for refund. Really bad service.",0
Premium feel and excellent craftsmanship throughout. Really perfect experience.,1
"This product is amazing, I love it!",1
"Not as described, very misleading product listing.",0
Arrived damaged and customer service was unhelpful.,0
Cheap knockoff that does not work at all. Horrible overall.,0
This is the worst product I have ever bought. The item is awful.,0
"Terrible product, broke after one day of use. The delivery is terrible.",0
Premium feel and excellent craftsmanship throughout. Really superb order.,1
"Horrible experience from start to finish, avoid.",0
Wonderful product that does exactly what it should. Brilliant overall.,1
"Horrible experience from start to finish, avoid.",0
"Waste of time and money, very poor quality.",0
"Unusable product, had to throw it away. Really defective experience.",0
"Reliable and well made, I use it daily. The order is fantastic.",1
"Absolutely dreadful, I cannot believe I paid for this. The item is frustrating.",0
"Waste of time and money, very poor quality.",0
"Works perfectly, exactly as described. Amazing overall.",1
Wonderful product that does exactly what it should.,1
"Flimsy and poorly constructed, broke right away. Defective overall.",0
"Waste of time and money, very poor quality. Really bad item.",0
Defective item and no response from the seller. Really poor experience.,0
"Absolutely dreadful, I cannot believe I paid for this. Dreadful overall.",0
"Extremely disappointed, nothing like the pictures shown. The quality is defective.",0
"Works perfectly, exactly as described. Really superb package.",1
"This exceeded all my expectations, truly great. Amazing overall.",1
Very disappointed with the quality. Not worth it. Dreadful overall.,0
"So glad I bought this, it works great. Superb overall.",1
"A must have item, worth every penny spent.",1
Arrived damaged and customer service was unhelpful.,0
"Horrible experience from start to finish, avoid.",0
"Top notch product, arrived quickly and intact.",1
"Absolutely wonderful, my family loves it too.",1
Best purchase I've made in a long time.,1
"Flimsy and poorly constructed, broke right away. The package is poor.",0
Premium feel and excellent craftsmanship throughout.,1
"Terrible product, broke after one day of use. Really horrible item.",0
"Does not work as advertised, very frustrating. Really bad item.",0
"Fell apart on first use, zero durability. The item is awful.",0
"Overpriced garbage, stay away from this listing. The value is bad.",0
Very low quality for such a high price tag. The delivery is frustrating.,0
Very disappointed with the quality. Not worth it. The order is horrible.,0
"Would not recommend, complete waste of money.",0
"Worst purchase ever, returning immediately for refund.",0
Could not be happier with my purchase decision.,1
"Completely useless, does not perform as claimed. Really frustrating value.",0
"Superb quality, will definitely order more.",1
"Regret this purchase entirely, total disappointment. Really terrible item.",0
"Not as described, very misleading product listing.",0
"Completely useless, does not perform as claimed. Really awful item.",0
Cheap knockoff that does not work at all. Really bad order.,0
Could not be happier with my purchase decision.,1
"This exceeded all my expectations, truly great.",1
"Great addition to my collection, love the quality.",1
Packaging was damaged and the item was broken. Really poor package.,0
Very disappointed with the quality. Not worth it. Awful overall.,0
Defective item and no response from the seller.,0
"Overpriced garbage, stay away from this listing.",0
"Reliable and well made, I use it daily.",1
"Delightful product, shipping was also very fast. Superb overall.",1
"Absolutely wonderful, my family loves it too.",1
I am very pleased with this item overall.,1
Very disappointed with the quality. Not worth it.,0
Really impressed with the build quality.,1
Best purchase I've made in a long time.,1
Cheap knockoff that does not work at all.,0
,0
Arrived damaged and customer service was unhelpful. Really defective purchase.,0
"Terrible product, broke after one day of use. Really disappointing quality.",0
Really impressed with the build quality.,1
,1
"Worst purchase ever, returning immediately for refund.",0
"So glad I bought this, it works great. The quality is excellent.",1
"Fantastic experience, highly recommend this.",1
Best purchase I've made in a long time.,1
"The quality is awful, I want my money back. Frustrating overall.",0
"Save your money, this product is junk.",0
Defective item and no response from the seller. Horrible overall.,0
"Delightful product, shipping was also very fast. Superb overall.",1
Exceeded my expectations. Would buy again. Amazing overall.,1
"Very happy with this purchase, five stars! Really great delivery.",1
Could not be happier with my purchase decision.,1
Wonderful product that does exactly what it should. Really superb order.,1
Very user friendly and intuitive to operate.,1
I am very unhappy with this purchase overall.,0
Highly functional and looks great in my home.,1
"Stopped working after just two uses, terrible. Horrible overall.",0
"Regret this purchase entirely, total disappointment.",0
Exceeded my expectations. Would buy again. Really brilliant experience.,1
"Reliable and well made, I use it daily. The delivery is excellent.",1
"Very happy with this purchase, five stars! Great overall.",1
"Great addition to my collection, love the quality.",1
"Misleading description, the actual product is terrible.",0
Impressive performance and easy to set up. Really perfect order.,1
"Horrible experience from start to finish, avoid.",0
"Very happy with this purchase, five stars! The experience is outstanding.",1
Excellent value for the price. Love it. Great overall.,1
"Terrible product, broke after one day of use. Disappointing overall.",0
Solid construction and works like a charm.,1
Defective item and no response from the seller. The delivery is frustrating.,0
"Perfect gift idea, the recipient was thrilled.",1
"Superb quality, will definitely order more. Really excellent value.",1
"This product is amazing, I love it! Wonderful overall.",1
"Absolutely wonderful, my family loves it too.",1
Packaging was damaged and the item was broken.,0
"Save your money, this product is junk. Defective overall.",0
Wonderful product that does exactly what it should.,1
"Overpriced garbage, stay away from this listing. The quality is horrible.",0
Arrived damaged and customer service was unhelpful.,0
"Completely useless, does not perform as claimed. Dreadful overall.",0
Really impressed with the build quality. Wonderful overall.,1
"Flimsy and poorly constructed, broke right away. The service is disappointing.",0
Could not be happier with my purchase decision.,1
I am very unhappy with this purchase overall. Really dreadful quality.,0
"Fell apart on first use, zero durability. Really poor order.",0
Packaging was damaged and the item was broken. The product is useless.,0
"Flimsy and poorly constructed, broke right away. Really terrible product.",0
Arrived damaged and customer service was unhelpful. Horrible overall.,0
"Top notch product, arrived quickly and intact.",1
High quality materials and beautiful design.,1
Very disappointed with the quality. Not worth it. The value is dreadful.,0
Cheaply made and fell apart within a week. The quality is defective.,0
"Reliable and well made, I use it daily. Wonderful overall.",1
"Stopped working after just two uses, terrible.",0
"Absolutely dreadful, I cannot believe I paid for this. Defective overall.",0
"This exceeded all my expectations, truly great. Really outstanding purchase.",1
Really impressed with the build quality. Great overall.,1
"Fantastic experience, highly recommend this. The quality is fantastic.",1
Impressive performance and easy to set up. Really perfect experience.,1
,0
"Worst purchase ever, returning immediately for refund. Really defective package.",0
"Absolutely wonderful, my family loves it too. Really brilliant product.",1
Outstanding customer service and great product. Perfect overall.,1
"Worst purchase ever, returning immediately for refund. Really horrible delivery.",0
"Delightful product, shipping was also very fast.",1
Impressive performance and easy to set up.,1
Very user friendly and intuitive to operate.,1
"Waste of time and money, very poor quality.",0
Cheap knockoff that does not work at all. The package is terrible.,0
"Perfect gift idea, the recipient was thrilled. Really outstanding value.",1
Very disappointed with the quality. Not worth it. Really bad order.,0
"Delightful product, shipping was also very fast. Superb overall.",1
Could not be happier with my purchase decision. The package is amazing.,1
"Horrible experience from start to finish, avoid.",0
"Poor quality materials, feels very cheap overall. Really terrible quality.",0
"Poor quality materials, feels very cheap overall.",0
Excellent value for the price. Love it.,1
"Overpriced garbage, stay away from this listing. The order is horrible.",0
"A must have item, worth every penny spent. The product is outstanding.",1
"So glad I bought this, it works great. Really brilliant experience.",1
,0
"Delightful product, shipping was also very fast. Brilliant overall.",1
This is the worst product I have ever bought. Really poor order.,0
Very user friendly and intuitive to operate.,1
I am very pleased with this item overall. The order is brilliant.,1
"Absolutely wonderful, my family loves it too. Wonderful overall.",1
"Great addition to my collection, love the quality. Really brilliant service.",1
"A must have item, worth every penny spent.",1
"Save your money, this product is junk. Really bad experience.",0
"Absolutely wonderful, my family loves it too. Brilliant overall.",1
I am very unhappy with this purchase overall.,0
"So glad I bought this, it works great. Wonderful overall.",1
"Save your money, this product is junk.",0
"Waste of time and money, very poor quality.",0
Defective item and no response from the seller. Really bad service.,0
I am very unhappy with this purchase overall. The experience is dreadful.,0
Highly functional and looks great in my home.,1
"Regret this purchase entirely, total disappointment. The value is awful.",0
Premium feel and excellent craftsmanship throughout. Really perfect purchase.,1
High quality materials and beautiful design. Wonderful overall.,1
"This exceeded all my expectations, truly great.",1
"Delightful product, shipping was also very fast. Really outstanding item.",1
Best purchase I've made in a long time.,1
"Flimsy and poorly constructed, broke right away. Horrible overall.",0
"Fell apart on first use, zero durability. Really disappointing package.",0
I am very unhappy with this purchase overall. The product is dreadful.,0
"Horrible experience from start to finish, avoid. Really awful order.",0
"Would not recommend, complete waste of money. The quality is poor.",0
"Absolutely wonderful, my family loves it too.",1
Really impressed with the build quality. Really outstanding delivery.,1
"So glad I bought this, it works great.",1
This is the worst product I have ever bought.,0
"Absolutely wonderful, my family loves it too.",1
Solid construction and works like a charm.,1
"A must have item, worth every penny spent.",1
"Flimsy and poorly constructed, broke right away. Awful overall.",0
"Would not recommend, complete waste of money.",0
"Delightful product, shipping was also very fast.",1
Great quality and fast shipping. Very satisfied.,1
Outstanding customer service and great product. The experience is delightful.,1
This is the worst product I have ever bought. The value is horrible.,0
Exceeded my expectations. Would buy again.,1
"Reliable and well made, I use it daily.",1
"Not as described, very misleading product listing.",0
"Works perfectly, exactly as described. Really brilliant package.",1
"Horrible experience from start to finish, avoid.",0
This is the worst product I have ever bought. Really horrible item.,0
High quality materials and beautiful design.,1
"Fell apart on first use, zero durability. Disappointing overall.",0
Cheaply made and fell apart within a week.,0
"Completely useless, does not perform as claimed. The item is frustrating.",0
Arrived damaged and customer service was unhelpful.,0
,0
"Completely useless, does not perform as claimed.",0
"The quality is awful, I want my money back. Frustrating overall.",0
I am very pleased with this item overall. The item is outstanding.,1
"Not as described, very misleading product listing.",0
"Absolutely dreadful, I cannot believe I paid for this. The item is horrible.",0
"Would not recommend, complete waste of money. Really defective purchase.",0
"A must have item, worth every penny spent.",1
High quality materials and beautiful design.,1
"Fantastic experience, highly recommend this. Really perfect product.",1
Arrived damaged and customer service was unhelpful.,0
"Extremely disappointed, nothing like the pictures shown. The service is terrible.",0
"Regret this purchase entirely, total disappointment.",0
"Horrible experience from start to finish, avoid. Really horrible delivery.",0
Very user friendly and intuitive to operate.,1
High quality materials and beautiful design. Really great item.,1
I am very pleased with this item overall. Really perfect item.,1
Cheap knockoff that does not work at all. The purchase is useless.,0
"This exceeded all my expectations, truly great. Really wonderful value.",1
Packaging was damaged and the item was broken. Really disappointing delivery.,0
"So glad I bought this, it works great. The experience is amazing.",1
Solid construction and works like a charm. Really outstanding product.,1
"Top notch product, arrived quickly and intact. Really brilliant value.",1
"Flimsy and poorly constructed, broke right away.",0
Cheaply made and fell apart within a week. Defective overall.,0
Solid construction and works like a charm.,1
"The quality is awful, I want my money back. The service is awful.",0
"Fell apart on first use, zero durability. Terrible overall.",0
Excellent value for the price. Love it. Brilliant overall.,1
Premium feel and excellent craftsmanship throughout.,1
"Top notch product, arrived quickly and intact.",1
"Flimsy and poorly constructed, broke right away.",0
I am very pleased with this item overall. The value is perfect.,1
Could not be happier with my purchase decision. Fantastic overall.,1
"Save your money, this product is junk.",0
"Extremely disappointed, nothing like the pictures shown. Poor overall.",0
Excellent value for the price. Love it.,1
"Fell apart on first use, zero durability. Defective overall.",0
This is the worst product I have ever bought.,0
Outstanding customer service and great product.,1
"Poor quality materials, feels very cheap overall. Really poor order.",0
"Works perfectly, exactly as described. Really brilliant delivery.",1
High quality materials and beautiful design.,1
Best purchase I've made in a long time. The value is fantastic.,1
"Fantastic experience, highly recommend this.",1
"Would not recommend, complete waste of money.",0
Premium feel and excellent craftsmanship throughout. Perfect overall.,1
Outstanding customer service and great product.,1
Impressive performance and easy to set up.,1
Really impressed with the build quality. Really wonderful purchase.,1
"Extremely disappointed, nothing like the pictures shown. The product is terrible.",0
"Fantastic experience, highly recommend this. Perfect overall.",1
"Misleading description, the actual product is terrible. Really awful experience.",0
"Waste of time and money, very poor quality. The product is defective.",0
"Save your money, this product is junk. Defective overall.",0
"Very happy with this purchase, five stars!",1
Premium feel and excellent craftsmanship throughout. Really perfect delivery.,1
"Terrible product, broke after one day of use. Useless overall.",0
"Does not work as advertised, very frustrating.",0
"Does not work as advertised, very frustrating.",0
Very user friendly and intuitive to operate. The item is brilliant.,1
Cheap knockoff that does not work at all. Really disappointing order.,0
Impressive performance and easy to set up. Really excellent purchase.,1
"Fantastic experience, highly recommend this. Amazing overall.",1
Wonderful product that does exactly what it should.,1
Cheaply made and fell apart within a week.,0
"Perfect gift idea, the recipient was thrilled.",1
"This product is amazing, I love it! Really perfect package.",1
,1
,0
Impressive performance and easy to set up. Really great delivery.,1
Defective item and no response from the seller.,0
"Worst purchase ever, returning immediately for refund.",0
"Very happy with this purchase, five stars!",1
"This product is amazing, I love it! The order is delightful.",1
"Reliable and well made, I use it daily.",1
"Absolutely wonderful, my family loves it too.",1
"Delightful product, shipping was also very fast. The experience is brilliant.",1
Excellent value for the price. Love it. Superb overall.,1
Premium feel and excellent craftsmanship throughout. Really fantastic quality.,1
Cheaply made and fell apart within a week.,0
Cheap knockoff that does not work at all. Terrible overall.,0
"Fell apart on first use, zero durability. Really dreadful item.",0
Defective item and no response from the seller. Useless overall.,0
"Regret this purchase entirely, total disappointment. Really poor quality.",0
Best purchase I've made in a long time. Really outstanding package.,1
"The quality is awful, I want my money back.",0
Cheaply made and fell apart within a week. The value is awful.,0
"Horrible experience from start to finish, avoid.",0
Cheaply made and fell apart within a week.,0
"Would not recommend, complete waste of money. Really awful package.",0
"Fell apart on first use, zero durability. Frustrating overall.",0
Arrived damaged and customer service was unhelpful. Really useless purchase.,0
"Save your money, this product is junk.",0
"Regret this purchase entirely, total disappointment.",0
"Does not work as advertised, very frustrating. Really terrible quality.",0
Cheaply made and fell apart within a week.,0
,1
"Completely useless, does not perform as claimed.",0
"Would not recommend, complete waste of money. The purchase is disappointing.",0
"Perfect gift idea, the recipient was thrilled.",1
Highly functional and looks great in my home.,1
Very user friendly and intuitive to operate.,1
"This exceeded all my expectations, truly great.",1
Best purchase I've made in a long time. The order is amazing.,1
"Great addition to my collection, love the quality.",1
"Top notch product, arrived quickly and intact. Outstanding overall.",1
"Save your money, this product is junk. The order is frustrating.",0
"The quality is awful, I want my money back.",0
Packaging was damaged and the item was broken. Really poor experience.,0
"Terrible product, broke after one day of use. Dreadful overall.",0
"Top notch product, arrived quickly and intact. Brilliant overall.",1
"Do not buy this, it is a complete scam. The experience is horrible.",0
Arrived damaged and customer service was unhelpful. Awful overall.,0
"Extremely disappointed, nothing like the pictures shown.",0
Defective item and no response from the seller.,0
Great quality and fast shipping. Very satisfied. Brilliant overall.,1
Outstanding customer service and great product. Really fantastic service.,1
"Poor quality materials, feels very cheap overall. Horrible overall.",0
"Terrible product, broke after one day of use.",0
"This product is amazing, I love it! Brilliant overall.",1
"Absolutely wonderful, my family loves it too. Delightful overall.",1
Great quality and fast shipping. Very satisfied. The value is perfect.,1
Solid construction and works like a charm.,1
This is the worst product I have ever bought.,0
Arrived damaged and customer service was unhelpful.,0
Best purchase I've made in a long time. The order is excellent.,1
Excellent value for the price. Love it. The order is outstanding.,1
"Horrible experience from start to finish, avoid. Really terrible purchase.",0
Wonderful product that does exactly what it should. Really great experience.,1
I am very pleased with this item overall. Really delightful package.,1
"Would not recommend, complete waste of money. Horrible overall.",0
Very user friendly and intuitive to operate.,1
"Absolutely dreadful, I cannot believe I paid for this. The item is frustrating.",0
Very user friendly and intuitive to operate. Superb overall.,1
Excellent value for the price. Love it.,1
Could not be happier with my purchase decision. Really superb service.,1
Very user friendly and intuitive to operate. Really delightful order.,1
"The quality is awful, I want my money back. Frustrating overall.",0
High quality materials and beautiful design.,1
Very user friendly and intuitive to operate. Really fantastic item.,1
Cheap knockoff that does not work at all.,0
"Absolutely dreadful, I cannot believe I paid for this.",0
"So glad I bought this, it works great.",1
"Superb quality, will definitely order more. Really wonderful order.",1
Premium feel and excellent craftsmanship throughout. The delivery is wonderful.,1
"Top notch product, arrived quickly and intact.",1
"This product is amazing, I love it! The delivery is superb.",1
"Very happy with this purchase, five stars!",1
"Stopped working after just two uses, terrible. Disappointing overall.",0
,0
Wonderful product that does exactly what it should. The item is outstanding.,1
"Would not recommend, complete waste of money.",0
High quality materials and beautiful design. The purchase is wonderful.,1
"Flimsy and poorly constructed, broke right away. Really horrible product.",0
"Great addition to my collection, love the quality.",1
Very disappointed with the quality. Not worth it. Horrible overall.,0
Very disappointed with the quality. Not worth it. The item is defective.,0
I am very unhappy with this purchase overall.,0
"Fantastic experience, highly recommend this. Fantastic overall.",1
I am very unhappy with this purchase overall. Really defective package.,0
"Do not buy this, it is a complete scam. Really defective package.",0
"Flimsy and poorly constructed, broke right away. Defective overall.",0
"Stopped working after just two uses, terrible.",0
"Absolutely wonderful, my family loves it too. Perfect overall.",1
"So glad I bought this, it works great. Great overall.",1
Cheaply made and fell apart within a week. Really frustrating purchase.,0
"Would not recommend, complete waste of money. The value is terrible.",0
"Poor quality materials, feels very cheap overall. Really frustrating purchase.",0
"Horrible experience from start to finish, avoid.",0
"Completely useless, does not perform as claimed.",0
"Absolutely dreadful, I cannot believe I paid for this. Useless overall.",0
"Waste of time and money, very poor quality. Frustrating overall.",0
"Stopped working after just two uses, terrible. The delivery is dreadful.",0
Very disappointed with the quality. Not worth it. Really poor experience.,0
"Perfect gift idea, the recipient was thrilled.",1
I am very unhappy with this purchase overall. Bad overall.,0
"Terrible product, broke after one day of use.",0
"Flimsy and poorly constructed, broke right away. The purchase is bad.",0
Cheaply made and fell apart within a week.,0
Premium feel and excellent craftsmanship throughout.,1
"Fell apart on first use, zero durability. Terrible overall.",0
Really impressed with the build quality.,1
"Worst purchase ever, returning immediately for refund.",0
"This exceeded all my expectations, truly great.",1
"The quality is awful, I want my money back.",0
I am very pleased with this item overall. Brilliant overall.,1
"This product is amazing, I love it! The value is outstanding.",1
"Great addition to my collection, love the quality.",1
"Absolutely dreadful, I cannot believe I paid for this. Really bad value.",0
Excellent value for the price. Love it. Really fantastic product.,1
"Top notch product, arrived quickly and intact.",1
Very disappointed with the quality. Not worth it. Really dreadful quality.,0
"This product is amazing, I love it! The product is outstanding.",1
I am very pleased with this item overall. The experience is perfect.,1
Solid construction and works like a charm.,1
"Unusable product, had to throw it away. The package is useless.",0
"Absolutely dreadful, I cannot believe I paid for this. Disappointing overall.",0
"Unusable product, had to throw it away.",0
"Save your money, this product is junk. The quality is dreadful.",0
Arrived damaged and customer service was unhelpful. Poor overall.,0
"So glad I bought this, it works great. Really excellent experience.",1
"Extremely disappointed, nothing like the pictures shown. Awful overall.",0
"Would not recommend, complete waste of money. The item is horrible.",0
"Would not recommend, complete waste of money. The purchase is poor.",0
Really impressed with the build quality.,1
"This exceeded all my expectations, truly great.",1
Very user friendly and intuitive to operate. The delivery is wonderful.,1
"Works perfectly, exactly as described.",1
"Delightful product, shipping was also very fast. The value is amazing.",1
"Does not work as advertised, very frustrating. Really horrible delivery.",0
"Flimsy and poorly constructed, broke right away. Bad overall.",0
Very user friendly and intuitive to operate.,1
Outstanding customer service and great product.,1
Solid construction and works like a charm. Really delightful item.,1
I am very pleased with this item overall. Brilliant overall.,1
Outstanding customer service and great product.,1
"Terrible product, broke after one day of use. The delivery is defective.",0
Could not be happier with my purchase decision. The experience is superb.,1
Smooth transaction and the product is flawless. Really brilliant item.,1
Defective item and no response from the seller. The service is useless.,0
"Flimsy and poorly constructed, broke right away.",0
"Fantastic experience, highly recommend this. Delightful overall.",1
"Horrible experience from start to finish, avoid. Useless overall.",0
Cheap knockoff that does not work at all. Awful overall.,0
"Completely useless, does not perform as claimed. Really poor experience.",0
Really impressed with the build quality.,1
Exceeded my expectations. Would buy again. Brilliant overall.,1
"This product is amazing, I love it! Amazing overall.",1
"Completely useless, does not perform as claimed.",0
"Extremely disappointed, nothing like the pictures shown. Awful overall.",0
Really impressed with the build quality.,1
Very low quality for such a high price tag. The order is awful.,0
"Superb quality, will definitely order more. The service is perfect.",1
Premium feel and excellent craftsmanship throughout. The package is perfect.,1
Solid construction and works like a charm.,1
This is the worst product I have ever bought. The package is bad.,0
"Would not recommend, complete waste of money. The value is awful.",0
"Waste of time and money, very poor quality.",0
"Top notch product, arrived quickly and intact. Perfect overall.",1
Very low quality for such a high price tag. The order is useless.,0
"Works perfectly, exactly as described. The value is excellent.",1
"Flimsy and poorly constructed, broke right away. Really dreadful purchase.",0
"The quality is awful, I want my money back. Terrible overall.",0
"Flimsy and poorly constructed, broke right away. The order is useless.",0
Outstanding customer service and great product. Really delightful experience.,1
"Absolutely wonderful, my family loves it too.",1
Premium feel and excellent craftsmanship throughout. Delightful overall.,1
Defective item and no response from the seller. Awful overall.,0
"This product is amazing, I love it!",1
"Overpriced garbage, stay away from this listing.",0
I am very unhappy with this purchase overall. Really defective item.,0
"Completely useless, does not perform as claimed. Really terrible order.",0
"Overpriced garbage, stay away from this listing. Really awful experience.",0
"Not as described, very misleading product listing. The value is awful.",0
"Completely useless, does not perform as claimed.",0
"Save your money, this product is junk. Really dreadful quality.",0
"Overpriced garbage, stay away from this listing. Awful overall.",0
"Top notch product, arrived quickly and intact.",1
Cheap knockoff that does not work at all.,0
Outstanding customer service and great product.,1
"So glad I bought this, it works great. The package is amazing.",1
"Perfect gift idea, the recipient was thrilled. The product is excellent.",1
"This exceeded all my expectations, truly great.",1
"Waste of time and money, very poor quality. Poor overall.",0
"Works perfectly, exactly as described.",1
Very low quality for such a high price tag. Frustrating overall.,0
"Do not buy this, it is a complete scam.",0
Excellent value for the price. Love it. Really excellent quality.,1
Highly functional and looks great in my home. Really excellent product.,1
"Top notch product, arrived quickly and intact.",1
"Poor quality materials, feels very cheap overall.",0
"Reliable and well made, I use it daily.",1
"Delightful product, shipping was also very fast. The product is outstanding.",1
Cheaply made and fell apart within a week. Really poor package.,0
Packaging was damaged and the item was broken. The service is frustrating.,0
"Terrible product, broke after one day of use.",0
"This product is amazing, I love it! Really brilliant order.",1
"Overpriced garbage, stay away from this listing. Poor overall.",0
Wonderful product that does exactly what it should.,1
"Fantastic experience, highly recommend this.",1
"Waste of time and money, very poor quality. The delivery is dreadful.",0
"Absolutely wonderful, my family loves it too.",1
High quality materials and beautiful design.,1
"Completely useless, does not perform as claimed.",0
Cheaply made and fell apart within a week. Really disappointing product.,0
"So glad I bought this, it works great. The item is perfect.",1
"Reliable and well made, I use it daily. Really excellent order.",1
"Extremely disappointed, nothing like the pictures shown. Awful overall.",0
"Absolutely dreadful, I cannot believe I paid for this. The experience is defective.",0
Could not be happier with my purchase decision. Really delightful quality.,1
"Save your money, this product is junk. The value is dreadful.",0
"Misleading description, the actual product is terrible.",0
Very disappointed with the quality. Not worth it.,0
This is the worst product I have ever bought. Really terrible quality.,0
Highly functional and looks great in my home. The item is superb.,1
"Absolutely dreadful, I cannot believe I paid for this. The package is defective.",0
"Reliable and well made, I use it daily.",1
"Terrible product, broke after one day of use. The value is awful.",0
Outstanding customer service and great product. Really excellent purchase.,1
"Overpriced garbage, stay away from this listing. Really horrible order.",0
Arrived damaged and customer service was unhelpful. The quality is poor.,0
"Very happy with this purchase, five stars! The purchase is delightful.",1
"Overpriced garbage, stay away from this listing. Dreadful overall.",0
Best purchase I've made in a long time.,1
"This product is amazing, I love it! The delivery is excellent.",1
This is the worst product I have ever bought. The item is disappointing.,0
"Worst purchase ever, returning immediately for refund.",0
"The quality is awful, I want my money back. Dreadful overall.",0
Highly functional and looks great in my home.,1
"Do not buy this, it is a complete scam.",0
Excellent value for the price. Love it.,1
"Absolutely dreadful, I cannot believe I paid for this.",0
"Top notch product, arrived quickly and intact. The quality is perfect.",1
"Misleading description, the actual product is terrible. Really horrible product.",0
"Unusable product, had to throw it away.",0
Very disappointed with the quality. Not worth it.,0
"Misleading description, the actual product is terrible. The order is horrible.",0
Cheaply made and fell apart within a week. The service is useless.,0
"This exceeded all my expectations, truly great. Perfect overall.",1
Really impressed with the build quality. Really perfect purchase.,1
"The quality is awful, I want my money back. Really frustrating order.",0
"Completely useless, does not perform as claimed. Really awful service.",0
Exceeded my expectations. Would buy again. The service is outstanding.,1
"Perfect gift idea, the recipient was thrilled. Excellent overall.",1
Very disappointed with the quality. Not worth it. The product is terrible.,0
"Would not recommend, complete waste of money.",0
"Would not recommend, complete waste of money. The quality is dreadful.",0
Very user friendly and intuitive to operate. The delivery is perfect.,1
"Overpriced garbage, stay away from this listing. Horrible overall.",0
"A must have item, worth every penny spent. Wonderful overall.",1
Excellent value for the price. Love it.,1
Defective item and no response from the seller.,0
High quality materials and beautiful design. Really perfect item.,1
I am very unhappy with this purchase overall.,0
"Save your money, this product is junk. The quality is disappointing.",0
"Perfect gift idea, the recipient was thrilled.",1
"Terrible product, broke after one day of use.",0
Could not be happier with my purchase decision. Superb overall.,1
"This exceeded all my expectations, truly great.",1
Cheaply made and fell apart within a week. Disappointing overall.,0
"Save your money, this product is junk. Bad overall.",0
"Great addition to my collection, love the quality.",1
"Unusable product, had to throw it away. The quality is terrible.",0
Outstanding customer service and great product.,1
Impressive performance and easy to set up.,1
Arrived damaged and customer service was unhelpful. Awful overall.,0
"Absolutely dreadful, I cannot believe I paid for this. Awful overall.",0
"Waste of time and money, very poor quality. The service is useless.",0
Could not be happier with my purchase decision.,1
High quality materials and beautiful design. Really great service.,1
"Reliable and well made, I use it daily. The service is great.",1
Excellent value for the price. Love it. The purchase is great.,1
"Completely useless, does not perform as claimed. Disappointing overall.",0
"Regret this purchase entirely, total disappointment.",0
"Works perfectly, exactly as described.",1
"Extremely disappointed, nothing like the pictures shown. Really useless experience.",0
"Horrible experience from start to finish, avoid.",0
I am very unhappy with this purchase overall.,0
"Extremely disappointed, nothing like the pictures shown. The package is bad.",0
"Stopped working after just two uses, terrible. Dreadful overall.",0
"Horrible experience from start to finish, avoid. The product is dreadful.",0
"Top notch product, arrived quickly and intact. Fantastic overall.",1
"This exceeded all my expectations, truly great.",1
"Fell apart on first use, zero durability. Dreadful overall.",0
"Unusable product, had to throw it away. Really useless service.",0
Really impressed with the build quality.,1
This is the worst product I have ever bought. Bad overall.,0
Cheap knockoff that does not work at all. Really poor order.,0
"Worst purchase ever, returning immediately for refund.",0
Wonderful product that does exactly what it should.,1
"Misleading description, the actual product is terrible. The item is horrible.",0
"Completely useless, does not perform as claimed.",0
"Delightful product, shipping was also very fast. The service is wonderful.",1
Cheaply made and fell apart within a week. Really defective item.,0
Outstanding customer service and great product. Excellent overall.,1
Very disappointed with the quality. Not worth it. The product is disappointing.,0
"Absolutely dreadful, I cannot believe I paid for this.",0
"Top notch product, arrived quickly and intact.",1
Solid construction and works like a charm. The service is perfect.,1
"Absolutely dreadful, I cannot believe I paid for this. The order is horrible.",0
Very low quality for such a high price tag.,0
"Unusable product, had to throw it away.",0
Cheaply made and fell apart within a week.,0
Excellent value for the price. Love it. The value is fantastic.,1
Premium feel and excellent craftsmanship throughout. Really amazing value.,1
"Absolutely wonderful, my family loves it too. Really delightful delivery.",1
"Would not recommend, complete waste of money. The value is poor.",0
Cheap knockoff that does not work at all. Useless overall.,0
"Unusable product, had to throw it away. Really poor order.",0
"This exceeded all my expectations, truly great. The delivery is brilliant.",1
"Fell apart on first use, zero durability. Really disappointing order.",0
"Worst purchase ever, returning immediately for refund.",0
"Would not recommend, complete waste of money. Dreadful overall.",0
Really impressed with the build quality. The item is outstanding.,1
Premium feel and excellent craftsmanship throughout. Really amazing package.,1
"Delightful product, shipping was also very fast. The delivery is amazing.",1
"Very happy with this purchase, five stars!",1
Very user friendly and intuitive to operate. The service is amazing.,1
"Overpriced garbage, stay away from this listing. The experience is horrible.",0
"Worst purchase ever, returning immediately for refund. Really terrible service.",0
"Top notch product, arrived quickly and intact. The value is outstanding.",1
"Stopped working after just two uses, terrible. The quality is horrible.",0
"Delightful product, shipping was also very fast. Really great item.",1
"Not as described, very misleading product listing. The delivery is bad.",0
,1
"Flimsy and poorly constructed, broke right away.",0
Defective item and no response from the seller. Dreadful overall.,0
"Delightful product, shipping was also very fast. Really amazing item.",1
Highly functional and looks great in my home.,1
Solid construction and works like a charm. Great overall.,1
"Flimsy and poorly constructed, broke right away. Really useless service.",0
Great quality and fast shipping. Very satisfied. Great overall.,1
Very disappointed with the quality. Not worth it.,0
Defective item and no response from the seller. Terrible overall.,0
"Misleading description, the actual product is terrible.",0
"Absolutely dreadful, I cannot believe I paid for this. Terrible overall.",0
"Stopped working after just two uses, terrible.",0
Solid construction and works like a charm.,1
"Great addition to my collection, love the quality.",1
Exceeded my expectations. Would buy again. Really perfect package.,1
Wonderful product that does exactly what it should. Really outstanding value.,1
"Save your money, this product is junk. Defective overall.",0
"Fell apart on first use, zero durability.",0
"Does not work as advertised, very frustrating. Really dreadful item.",0
"Horrible experience from start to finish, avoid.",0
"The quality is awful, I want my money back.",0
Best purchase I've made in a long time.,1
Highly functional and looks great in my home. Really amazing quality.,1
"Horrible experience from start to finish, avoid.",0
"Save your money, this product is junk. Really defective delivery.",0
This is the worst product I have ever bought. Useless overall.,0
"Waste of time and money, very poor quality. The experience is bad.",0
"Waste of time and money, very poor quality.",0
"This product is amazing, I love it!",1
I am very pleased with this item overall. Excellent overall.,1
"Misleading description, the actual product is terrible.",0
"Absolutely wonderful, my family loves it too. Really outstanding item.",1
"Unusable product, had to throw it away. The experience is frustrating.",0
"Fell apart on first use, zero durability. Dreadful overall.",0
Premium feel and excellent craftsmanship throughout. Really wonderful package.,1
,1
Smooth transaction and the product is flawless. The package is perfect.,1
I am very unhappy with this purchase overall. Really horrible quality.,0
"Terrible product, broke after one day of use.",0
Premium feel and excellent craftsmanship throughout. The item is outstanding.,1
I am very unhappy with this purchase overall. Really disappointing service.,0
"Would not recommend, complete waste of money. Dreadful overall.",0
Very disappointed with the quality. Not worth it.,0
Defective item and no response from the seller. Poor overall.,0
Cheap knockoff that does not work at all.,0
Solid construction and works like a charm. Really excellent service.,1
Could not be happier with my purchase decision. The purchase is outstanding.,1
"Very happy with this purchase, five stars! The package is fantastic.",1
"Perfect gift idea, the recipient was thrilled. Brilliant overall.",1
"Works perfectly, exactly as described. Really amazing quality.",1
Solid construction and works like a charm.,1
"Extremely disappointed, nothing like the pictures shown. The service is terrible.",0
"Delightful product, shipping was also very fast. The experience is brilliant.",1
Very low quality for such a high price tag. Defective overall.,0
"Stopped working after just two uses, terrible. Useless overall.",0
"Worst purchase ever, returning immediately for refund.",0
"Would not recommend, complete waste of money. Horrible overall.",0
"Worst purchase ever, returning immediately for refund. The experience is bad.",0
I am very pleased with this item overall. The quality is wonderful.,1
Cheap knockoff that does not work at all. The item is horrible.,0
"Terrible product, broke after one day of use. Really disappointing item.",0
"Very happy with this purchase, five stars! Really perfect delivery.",1
High quality materials and beautiful design. Perfect overall.,1
"Fantastic experience, highly recommend this.",1
"Waste of time and money, very poor quality. Useless overall.",0
Wonderful product that does exactly what it should.,1
Great quality and fast shipping. Very satisfied. Excellent overall.,1
I am very unhappy with this purchase overall. Awful overall.,0
Great quality and fast shipping. Very satisfied. Really great quality.,1
"Great addition to my collection, love the quality.",1
"Absolutely dreadful, I cannot believe I paid for this.",0
"Absolutely dreadful, I cannot believe I paid for this. The item is horrible.",0
Packaging was damaged and the item was broken.,0
"Poor quality materials, feels very cheap overall.",0
"Works perfectly, exactly as described. Delightful overall.",1
Very user friendly and intuitive to operate. Really delightful quality.,1
Smooth transaction and the product is flawless. Really great service.,1
Cheap knockoff that does not work at all.,0
"So glad I bought this, it works great. Really amazing delivery.",1
"Delightful product, shipping was also very fast.",1
"Top notch product, arrived quickly and intact.",1
"Stopped working after just two uses, terrible.",0
Cheap knockoff that does not work at all. The delivery is terrible.,0
I am very pleased with this item overall. Really excellent item.,1
Cheaply made and fell apart within a week. Really bad delivery.,0
"Stopped working after just two uses, terrible. Bad overall.",0
Premium feel and excellent craftsmanship throughout.,1
"Overpriced garbage, stay away from this listing. Really awful service.",0
Very low quality for such a high price tag.,0
"Perfect gift idea, the recipient was thrilled.",1
"Very happy with this purchase, five stars!",1
Very user friendly and intuitive to operate. Really perfect product.,1
"Waste of time and money, very poor quality. The delivery is terrible.",0
This is the worst product I have ever bought.,0
"This exceeded all my expectations, truly great. Fantastic overall.",1
Smooth transaction and the product is flawless.,1
Packaging was damaged and the item was broken. Awful overall.,0
Could not be happier with my purchase decision.,1
"Completely useless, does not perform as claimed. Frustrating overall.",0
Cheaply made and fell apart within a week.,0
High quality materials and beautiful design. Really great service.,1
"Absolutely dreadful, I cannot believe I paid for this. Defective overall.",0
Solid construction and works like a charm. The value is wonderful.,1
High quality materials and beautiful design.,1
I am very pleased with this item overall.,1
"This exceeded all my expectations, truly great. Really brilliant purchase.",1
"This exceeded all my expectations, truly great.",1
"Misleading description, the actual product is terrible.",0
"Stopped working after just two uses, terrible. Horrible overall.",0
"Completely useless, does not perform as claimed. Poor overall.",0
"Top notch product, arrived quickly and intact.",1
"Terrible product, broke after one day of use. Awful overall.",0
"Fell apart on first use, zero durability. Bad overall.",0
"Works perfectly, exactly as described.",1
Outstanding customer service and great product.,1
"Works perfectly, exactly as described.",1
Very user friendly and intuitive to operate. Really outstanding order.,1
"Save your money, this product is junk. Disappointing overall.",0
This is the worst product I have ever bought.,0
"Delightful product, shipping was also very fast. Brilliant overall.",1
"Works perfectly, exactly as described.",1
Cheap knockoff that does not work at all.,0
"Fantastic experience, highly recommend this. The service is great.",1
"Absolutely wonderful, my family loves it too.",1
"Top notch product, arrived quickly and intact. The delivery is perfect.",1
Solid construction and works like a charm. Brilliant overall.,1
"Terrible product, broke after one day of use.",0
"Waste of time and money, very poor quality. The value is useless.",0
"Absolutely dreadful, I cannot believe I paid for this.",0
Very disappointed with the quality. Not worth it. Dreadful overall.,0
"Not as described, very misleading product listing. Terrible overall.",0
"Stopped working after just two uses, terrible. Poor overall.",0
"Perfect gift idea, the recipient was thrilled. Wonderful overall.",1
"Poor quality materials, feels very cheap overall. Dreadful overall.",0
I am very unhappy with this purchase overall.,0
Cheaply made and fell apart within a week. Disappointing overall.,0
"Terrible product, broke after one day of use. Really defective package.",0
"Horrible experience from start to finish, avoid. Awful overall.",0
"Do not buy this, it is a complete scam.",0
"Completely useless, does not perform as claimed.",0
Defective item and no response from the seller. The quality is horrible.,0
"Absolutely wonderful, my family loves it too.",1
"Top notch product, arrived quickly and intact. Excellent overall.",1
"So glad I bought this, it works great.",1
Very user friendly and intuitive to operate.,1
"Superb quality, will definitely order more.",1
"This exceeded all my expectations, truly great.",1
"Delightful product, shipping was also very fast. Delightful overall.",1
Very user friendly and intuitive to operate. Really delightful package.,1
"Horrible experience from start to finish, avoid. The item is defective.",0
Really impressed with the build quality. The purchase is amazing.,1
Very disappointed with the quality. Not worth it. Horrible overall.,0
Very low quality for such a high price tag. Really dreadful item.,0
Packaging was damaged and the item was broken. Awful overall.,0
"Worst purchase ever, returning immediately for refund. Terrible overall.",0
Great quality and fast shipping. Very satisfied.,1
This is the worst product I have ever bought. Awful overall.,0
Smooth transaction and the product is flawless.,1
"Top notch product, arrived quickly and intact.",1
"Flimsy and poorly constructed, broke right away.",0
"Delightful product, shipping was also very fast. Really fantastic experience.",1
Arrived damaged and customer service was unhelpful. Really bad service.,0
"Superb quality, will definitely order more.",1
"Misleading description, the actual product is terrible. The service is horrible.",0
"Worst purchase ever, returning immediately for refund. Really awful purchase.",0
"Waste of time and money, very poor quality.",0
Very disappointed with the quality. Not worth it. The product is disappointing.,0
"The quality is awful, I want my money back. Really poor quality.",0
"Completely useless, does not perform as claimed. Useless overall.",0
"Unusable product, had to throw it away.",0
This is the worst product I have ever bought. Really frustrating purchase.,0
High quality materials and beautiful design. Brilliant overall.,1
I am very pleased with this item overall. Really fantastic quality.,1
Best purchase I've made in a long time. Delightful overall.,1
Defective item and no response from the seller.,0
Highly functional and looks great in my home. The order is perfect.,1
Great quality and fast shipping. Very satisfied.,1
Packaging was damaged and the item was broken. The purchase is frustrating.,0
"A must have item, worth every penny spent.",1
"Absolutely dreadful, I cannot believe I paid for this. Really defective value.",0
"Save your money, this product is junk. Really horrible purchase.",0
"Overpriced garbage, stay away from this listing. The purchase is disappointing.",0
Very user friendly and intuitive to operate. The value is superb.,1
"Very happy with this purchase, five stars! Really perfect service.",1
"Waste of time and money, very poor quality. Horrible overall.",0
"Misleading description, the actual product is terrible. Really defective service.",0
,1
"Flimsy and poorly constructed, broke right away. Really frustrating quality.",0
"Misleading description, the actual product is terrible. Really disappointing package.",0
Very low quality for such a high price tag. Bad overall.,0
Impressive performance and easy to set up.,1
"This product is amazing, I love it! Really excellent value.",1
Exceeded my expectations. Would buy again. Excellent overall.,1
This is the worst product I have ever bought.,0
"Delightful product, shipping was also very fast.",1
Best purchase I've made in a long time.,1
Arrived damaged and customer service was unhelpful. The product is horrible.,0
"Misleading description, the actual product is terrible. The experience is bad.",0
"Does not work as advertised, very frustrating. Terrible overall.",0
Impressive performance and easy to set up.,1
"Absolutely wonderful, my family loves it too.",1
"Works perfectly, exactly as described.",1
"Misleading description, the actual product is terrible. The order is terrible.",0
"Superb quality, will definitely order more. The experience is great.",1
"Fantastic experience, highly recommend this. Brilliant overall.",1
"Worst purchase ever, returning immediately for refund. The item is defective.",0
Packaging was damaged and the item was broken.,0
"A must have item, worth every penny spent. Amazing overall.",1
"Flimsy and poorly constructed, broke right away. Really poor service.",0
Defective item and no response from the seller.,0
High quality materials and beautiful design.,1
Exceeded my expectations. Would buy again. Really delightful item.,1
Great quality and fast shipping. Very satisfied. The purchase is excellent.,1
"Does not work as advertised, very frustrating.",0
Solid construction and works like a charm. The product is excellent.,1
"Poor quality materials, feels very cheap overall.",0
Arrived damaged and customer service was unhelpful. The product is horrible.,0
"Do not buy this, it is a complete scam.",0
Premium feel and excellent craftsmanship throughout.,1
Very disappointed with the quality. Not worth it. Really poor value.,0
"Top notch product, arrived quickly and intact.",1
This is the worst product I have ever bought. Horrible overall.,0
Arrived damaged and customer service was unhelpful. The purchase is poor.,0
