Area,Perimeter,MajorAxisLength,MinorAxisLength,AspectRation,Eccentricity,ConvexArea,EquivDiameter,Extent,Solidity,roundness,Compactness,ShapeFactor1,ShapeFactor2,ShapeFactor3,ShapeFactor4,Class
23632.175,569.5973,219.4202,160.6044,1.4217,0.7165,33640.7477,194.3337,0.7556,0.9794,0.8113,0.853,0.0094,0.003,0.7614,0.9996,SEKER
62378.4862,1038.5265,370.1715,225.5928,2.1768,0.7432,59071.1578,304.0698,0.7149,0.9748,0.7886,0.6822,0.0061,0.0018,0.6302,0.9694,BARBUNYA
16228.8155,613.617,245.27,144.007,1.3636,0.7845,34427.225,193.4866,0.7683,0.9765,0.8784,0.7436,0.0083,0.0029,0.6511,0.9859,DERMASON
89976.132,1209.5512,420.5177,260.8322,1.598,0.757,93261.4897,333.6784,0.7397,0.9695,0.855,0.8007,0.0047,0.0014,0.5928,0.9832,BOMBAY
45978.9584,975.2685,357.3716,157.0198,2.7722,0.9175,43685.8751,235.7627,0.6437,0.9494,0.5908,0.6222,0.0067,0.0021,0.4965,0.9553,CALI
27442.6521,589.7018,226.0309,164.3298,1.2818,0.6293,25737.5493,175.2712,0.7767,0.9584,0.8719,0.7993,0.0061,0.003,0.6547,0.9872,SEKER
27466.1227,584.4118,242.6015,138.128,1.5468,0.784,24451.1358,181.8339,0.7728,0.9629,0.852,0.7794,0.0096,0.0025,0.6593,0.9725,DERMASON
56209.3074,1002.4172,381.5887,180.9026,1.8735,0.8044,60422.4492,240.4684,0.6745,0.9779,0.8113,0.697,0.0061,0.0018,0.5875,0.9406,BARBUNYA
94626.7791,1133.9473,422.7116,274.2543,1.6131,0.7939,81768.8047,363.2133,0.6963,0.9676,0.8193,0.7646,0.0051,0.0011,0.6159,0.9813,BOMBAY
20992.3257,612.561,209.1419,168.1545,1.4765,0.739,26441.5798,189.3936,0.8146,0.9646,0.8304,0.7732,0.0089,0.0027,0.6781,0.9914,DERMASON
29843.0596,709.9049,238.2681,171.1296,1.4658,0.8155,28930.6363,184.918,0.6664,0.9839,0.8073,0.7373,0.0106,0.0017,0.6021,0.9843,SIRA
52656.4738,913.9368,366.032,180.889,2.0207,0.9102,58742.5466,256.5685,0.6383,0.9712,0.6248,0.6807,0.0084,0.0013,0.4523,0.9607,CALI
28386.8931,613.5413,209.6491,137.3482,1.4641,0.7547,13437.3898,181.161,0.7352,0.984,0.8735,0.7753,0.0085,0.0028,0.6647,0.9646,DERMASON
40763.522,907.4573,425.7061,143.5343,2.9821,0.9584,51356.2541,245.5815,0.6494,0.9457,0.4955,0.6335,0.0072,0.0012,0.4009,0.9537,HOROZ
24782.1472,607.2069,244.2811,138.52,1.6665,0.7164,38785.1299,175.0391,0.7942,0.9595,0.7049,0.7632,0.0076,0.0022,0.6693,0.9635,SIRA
23914.323,650.5623,214.4268,139.922,1.3285,0.8301,24537.6304,193.9578,0.646,0.9915,0.8056,0.8052,0.0081,0.0027,0.5529,0.9779,DERMASON
22040.5586,631.921,236.4904,157.1624,1.4261,0.7561,28166.8795,198.6472,0.7385,0.9751,0.727,0.7893,0.0064,0.0024,0.5283,0.9833,SIRA
56502.8471,954.855,392.6005,210.504,1.7223,0.868,69101.7686,274.2884,0.7412,0.9538,0.8133,0.7444,0.0075,0.0019,0.5817,0.9531,BARBUNYA
36174.5954,926.4957,366.6415,125.8098,2.7786,0.9419,50612.2384,262.5492,0.5721,0.9597,0.4933,0.6068,0.0106,0.001,0.3135,0.9352,HOROZ
60660.5285,933.2504,399.1369,200.904,2.0035,0.8324,74652.1828,294.9469,0.7263,0.9744,0.7277,0.8096,0.0056,0.0018,0.5132,0.9509,BARBUNYA
53427.5558,1008.9553,446.3894,177.6457,2.3851,0.8877,61561.075,221.3479,0.7246,0.9745,0.7124,0.7026,0.0082,0.0015,0.4379,0.9585,CALI
23668.5256,555.9946,236.1418,159.1422,1.6581,0.7534,20809.5865,165.859,0.6906,0.9659,0.8486,0.8225,0.0071,0.0034,0.67,0.9814,DERMASON
47468.4057,841.9248,382.8446,171.5101,2.681,0.9095,44661.2008,225.4634,0.6583,0.959,0.5869,0.6704,0.009,0.0017,0.3813,0.9411,HOROZ
50540.8923,929.0995,419.7103,178.6875,2.3878,0.8442,46826.8738,265.0035,0.5615,0.9609,0.6498,0.6514,0.0071,0.0018,0.5384,0.9484,CALI
27696.523,660.5449,242.9095,141.1411,1.769,0.6448,32489.7903,177.1403,0.7353,0.9727,0.7554,0.7901,0.0095,0.0025,0.5915,0.995,SIRA
57467.3855,997.1375,380.4116,199.0667,1.9643,0.8423,61169.385,255.2729,0.7171,0.9642,0.7084,0.7136,0.0075,0.0014,0.525,0.9802,BARBUNYA
29240.4836,577.4897,273.0776,179.7414,1.547,0.8214,33593.0809,173.0519,0.836,0.9578,0.7114,0.7545,0.0076,0.0028,0.6477,0.9765,SIRA
25598.0582,599.5979,225.6821,140.2417,1.4839,0.6546,17785.7734,166.7758,0.7314,0.9803,0.7995,0.7579,0.0108,0.0026,0.634,0.9766,DERMASON
22119.1786,636.7501,275.7438,152.284,1.5084,0.7091,26020.5964,188.8072,0.7331,0.9666,0.8103,0.7746,0.0091,0.0024,0.6023,0.9803,SIRA
52319.8278,1037.4961,346.241,190.5727,1.813,0.8293,40478.3538,287.2644,0.8235,0.9476,0.8276,0.6721,0.0065,0.0016,0.5613,0.9752,BARBUNYA
52360.4425,1040.753,416.5546,166.0214,2.2539,0.9131,57052.5508,256.8094,0.7276,0.9486,0.6319,0.6445,0.0066,0.0012,0.4294,0.9546,CALI
47620.5716,1059.3523,395.8016,235.0315,1.6096,0.7606,68303.5564,245.9752,0.734,0.9535,0.8191,0.7273,0.0065,0.0023,0.5956,0.9636,BARBUNYA
64890.4914,1008.6481,364.318,195.2977,1.6101,0.8364,52369.1441,248.1402,0.6341,0.9601,0.7389,0.7748,0.0062,0.0014,0.5026,0.9703,BARBUNYA
39847.5127,911.4363,319.2881,186.0961,1.7414,0.8557,56495.6659,278.3925,0.747,0.9744,0.7455,0.6202,0.0068,0.0022,0.4761,0.9637,BARBUNYA
46194.1127,997.6735,342.206,213.9495,2.1088,0.9092,74818.4216,269.2172,0.713,0.9521,0.6935,0.7696,0.0055,0.0021,0.4982,0.9679,BARBUNYA
27206.5194,637.0079,233.6788,157.7341,1.5873,0.7434,29022.9232,184.3466,0.834,0.98,0.763,0.7946,0.0101,0.0026,0.6453,0.9729,SIRA
32998.7228,955.9615,378.886,153.9076,2.6832,0.9169,54043.4001,219.6928,0.6444,0.9671,0.5638,0.6301,0.0089,0.0012,0.4795,0.9571,HOROZ
28924.0977,657.7603,208.5649,166.6878,1.4761,0.5124,20373.7663,187.2066,0.7328,0.9869,0.883,0.847,0.0084,0.0025,0.6879,0.9906,SEKER
22037.6096,623.1139,189.4061,165.0224,1.3616,0.7184,27812.0377,176.0257,0.8037,0.9583,0.8594,0.8339,0.009,0.0027,0.7335,0.9926,SEKER
24382.0869,585.1113,214.3701,155.1181,1.5097,0.6723,21835.1177,194.815,0.8115,0.9677,0.9009,0.8515,0.0071,0.0027,0.6628,0.9868,SEKER
64669.0653,996.1599,404.5206,221.9063,1.8849,0.7678,65048.5342,262.4754,0.7063,0.946,0.7346,0.7566,0.0068,0.0017,0.597,0.9682,BARBUNYA
55434.3434,1047.9573,404.8448,197.6153,2.2697,0.8903,61664.3625,278.5149,0.6944,0.9567,0.5962,0.7064,0.0083,0.0009,0.5124,0.9388,CALI
29901.7111,687.792,216.9878,163.122,1.5012,0.7496,23146.1454,179.6302,0.7984,0.9715,0.84,0.7723,0.0087,0.0028,0.6205,0.9892,DERMASON
62395.0864,1001.314,360.0238,178.2023,2.2833,0.9225,61949.379,260.9264,0.7,0.9451,0.7303,0.6823,0.0072,0.0016,0.4206,0.9547,CALI
56032.1335,1029.3593,311.3522,197.4065,1.8705,0.9116,51791.6697,283.0816,0.6936,0.9493,0.7583,0.6706,0.0064,0.0022,0.4458,0.9566,BARBUNYA
49094.1807,992.2616,340.9968,191.5509,1.7455,0.8109,49962.2282,271.1529,0.7047,0.9518,0.7367,0.757,0.0067,0.0022,0.5342,0.9732,BARBUNYA
51787.435,1047.3415,437.6634,140.1422,2.9371,0.8803,39014.9776,265.0684,0.6178,0.9667,0.558,0.5895,0.0083,0.001,0.306,0.947,HOROZ
51307.6818,1012.8701,415.7431,185.1407,1.8691,0.8452,63735.3193,290.3312,0.6801,0.9584,0.9175,0.7208,0.0055,0.0018,0.5163,0.9683,BARBUNYA
29069.0568,644.9399,224.8905,146.0806,1.3502,0.6818,23557.2997,184.3285,0.7769,0.9723,0.8525,0.7287,0.0075,0.0024,0.6191,0.9732,DERMASON
48733.448,962.207,440.2354,151.9368,2.2382,0.9076,61192.1516,264.5778,0.7138,0.9607,0.7272,0.6949,0.0085,0.0012,0.489,0.9534,CALI
31556.6775,602.4761,238.8164,126.1585,1.5113,0.7126,27596.4776,172.3957,0.8303,0.9706,0.844,0.861,0.0086,0.0027,0.6592,0.9913,DERMASON
93842.0576,1078.4998,413.1373,266.3536,1.6308,0.7997,102272.1402,320.7845,0.7674,0.969,0.8509,0.7661,0.005,0.0014,0.6478,0.9694,BOMBAY
86614.7592,1095.663,471.4475,239.762,1.5613,0.7523,89140.1062,352.8057,0.7125,0.9691,0.8448,0.8289,0.0044,0.0013,0.5936,0.9708,BOMBAY
61610.9623,1088.4986,400.863,172.1858,2.1772,0.8795,42561.4918,247.9352,0.6356,0.9802,0.6694,0.6759,0.0084,0.0017,0.3855,0.9553,CALI
40731.6,871.9025,382.0558,157.4742,2.784,0.9436,49009.6788,232.8985,0.6585,0.9715,0.5808,0.621,0.0088,0.001,0.3946,0.9536,HOROZ
24250.153,602.5987,231.3411,164.3695,1.4582,0.6658,21972.6463,165.9114,0.7527,0.9779,0.9017,0.7955,0.0088,0.0027,0.6679,1.0,SEKER
22287.8587,613.6652,262.1764,177.4476,1.467,0.7479,19013.0111,213.9425,0.7541,0.9824,0.7962,0.7391,0.0097,0.0015,0.6433,0.9819,SIRA
20574.5595,687.5751,191.6476,140.0602,1.6675,0.7484,30550.9327,202.7595,0.7697,0.9802,0.8157,0.8587,0.0093,0.003,0.6802,0.9823,DERMASON
28089.9407,597.0703,263.4637,137.9394,1.6156,0.8625,33639.5347,177.9295,0.749,0.9501,0.7762,0.7256,0.0093,0.0025,0.6064,0.9828,SIRA
24507.0833,660.7913,232.4706,159.3011,1.5579,0.7061,27994.8645,179.1621,0.6342,0.9584,0.8072,0.8355,0.0102,0.0024,0.753,0.9759,SIRA
28349.7551,604.4873,227.1849,152.9693,1.6299,0.5971,23461.0681,191.1677,0.8643,0.9601,0.9432,0.8225,0.0096,0.0027,0.8315,0.9989,SEKER
81692.0389,1175.1328,443.718,254.068,1.7276,0.7731,70089.1163,332.3717,0.7452,0.9713,0.8577,0.788,0.0047,0.0015,0.5461,0.9776,BOMBAY
42837.9224,990.1996,367.2319,153.8486,2.1889,0.9217,60121.2117,253.6927,0.7372,0.9616,0.6825,0.6999,0.0075,0.0006,0.4693,0.9562,CALI
62653.2056,1003.8609,386.2978,196.4161,1.8332,0.8773,63483.5478,273.6831,0.6953,0.9523,0.7221,0.7451,0.0074,0.0015,0.5696,0.974,BARBUNYA
50382.6003,1008.7544,419.5391,210.124,1.8472,0.9129,47018.4618,264.9974,0.6975,0.9686,0.6662,0.6947,0.0094,0.0015,0.4252,0.9736,CALI
21791.6,619.5278,218.1119,156.5514,1.3732,0.766,30313.2861,191.4315,0.7954,0.9636,0.8085,0.8254,0.0075,0.0029,0.6773,0.9949,DERMASON
43795.6927,989.4589,349.0384,168.5656,1.7212,0.7742,54744.039,234.3355,0.7116,0.963,0.7622,0.7187,0.0068,0.0012,0.5912,0.9553,BARBUNYA
56882.3826,966.9799,408.7772,184.0202,2.3025,0.8778,49838.1141,254.3377,0.612,0.9573,0.654,0.6478,0.0067,0.0016,0.4455,0.9628,CALI
90977.6012,1184.228,449.7957,240.2261,1.5823,0.7972,91141.5946,337.738,0.7483,0.9713,0.8874,0.7669,0.0046,0.0013,0.6365,0.9838,BOMBAY
50981.5888,977.8107,446.8932,137.1471,2.8786,0.933,62960.0263,233.0475,0.6149,0.9801,0.561,0.5897,0.0079,0.0012,0.3944,0.9379,HOROZ
40426.3197,1021.7017,396.0584,151.0305,2.8517,0.9248,53821.374,251.4871,0.6871,0.9689,0.5715,0.665,0.0104,0.001,0.3772,0.9459,HOROZ
52718.7723,1092.0107,382.4535,178.9714,2.3698,0.8885,63636.3655,259.101,0.662,0.9673,0.6592,0.6984,0.0067,0.0018,0.5159,0.9676,CALI
47236.0696,1072.9762,390.1433,156.6255,2.3549,0.927,38119.3906,264.0307,0.6843,0.9788,0.5873,0.6862,0.0072,0.0016,0.3883,0.9521,CALI
30360.6637,662.0519,198.0724,141.273,1.5507,0.7706,20606.5047,160.272,0.7079,0.9634,0.8728,0.7783,0.0085,0.0026,0.722,0.9832,DERMASON
45853.7796,990.1277,435.8944,174.2452,2.4279,0.9655,48260.3519,228.0934,0.5827,0.9682,0.5531,0.6045,0.0099,0.0014,0.3473,0.9469,HOROZ
26395.5795,624.2163,235.4954,146.4768,1.8777,0.7496,25146.6843,176.7164,0.7155,0.979,0.852,0.7933,0.009,0.0023,0.6317,0.9686,DERMASON
89683.5202,1184.4576,438.5391,264.8619,1.5382,0.7157,85920.9962,335.7269,0.7179,0.9665,0.8789,0.7888,0.0052,0.0012,0.653,0.9796,BOMBAY
70151.819,1013.4456,420.8998,165.2618,2.4715,0.9102,60597.9497,257.5613,0.6473,0.9523,0.6074,0.7232,0.0072,0.0014,0.4215,0.9473,CALI
34962.1862,936.8228,377.1962,145.1694,2.9243,0.9404,45961.7006,234.9178,0.6576,0.9701,0.5244,0.6776,0.0084,0.0011,0.4095,0.9662,HOROZ
45155.3433,905.203,399.4457,209.9035,1.8077,0.7967,52271.2416,307.9524,0.6931,0.9687,0.7892,0.7509,0.007,0.0017,0.6179,0.9709,BARBUNYA
21075.5264,642.3723,252.8901,152.8564,1.4475,0.7287,24261.1236,181.8064,0.7084,0.9551,0.794,0.8486,0.0088,0.0029,0.6417,0.9856,DERMASON
17669.8978,581.9247,230.8663,165.1035,1.4838,0.6247,27877.8449,155.3486,0.7347,0.9753,0.7827,0.8745,0.0101,0.0021,0.7071,0.9986,SEKER
27929.3636,616.9148,205.0073,148.3016,1.2542,0.7041,23845.4642,173.6472,0.7904,0.9808,0.8286,0.8395,0.0079,0.0029,0.668,0.986,SEKER
24367.447,565.9403,237.1577,165.0019,1.483,0.6973,25272.8984,172.5372,0.7394,0.9659,0.8974,0.8335,0.0086,0.003,0.6973,0.9949,SEKER
87504.3761,1032.7522,397.3941,260.7519,1.7449,0.7902,84168.638,310.3846,0.6781,0.9757,0.8928,0.7602,0.0052,0.0011,0.5727,0.9851,BOMBAY
43177.2298,942.6343,473.5068,162.5851,2.3945,0.9256,30554.2631,247.9057,0.5035,0.9698,0.4767,0.6175,0.0102,0.001,0.4166,0.9286,HOROZ
21821.0139,674.6493,280.0748,131.8606,1.7509,0.8461,28758.5071,191.794,0.6678,0.9743,0.8421,0.782,0.0097,0.0025,0.587,0.9668,SIRA
26344.4719,713.1724,180.7539,166.3434,1.3655,0.675,34516.197,181.8885,0.8596,0.9656,0.884,0.8353,0.0076,0.0027,0.7059,0.991,SEKER
48917.6322,1049.9472,356.7323,148.9458,2.5493,0.9328,49814.1711,246.8371,0.7311,0.9497,0.4746,0.6306,0.0095,0.0017,0.3744,0.9595,HOROZ
36572.3015,726.4168,218.3934,137.2159,1.577,0.7641,28241.7871,197.1129,0.6998,0.9651,0.8146,0.7637,0.0102,0.0025,0.5707,0.9631,SIRA
62338.3657,905.4968,349.0617,217.6757,1.7333,0.82,54738.419,255.7569,0.5627,0.9444,0.7675,0.795,0.0071,0.0016,0.5423,0.9532,BARBUNYA
56785.0499,867.2353,397.1236,208.5388,1.8411,0.8169,75933.6809,248.3666,0.6936,0.953,0.7573,0.7854,0.0069,0.0017,0.5988,0.9793,BARBUNYA
23908.1438,745.2141,262.1996,162.9816,1.4517,0.738,33579.6172,169.7617,0.7477,0.967,0.7959,0.7637,0.0113,0.0032,0.5575,0.9923,SIRA
23846.4323,666.3502,180.6434,148.5947,1.5125,0.8089,23321.7648,181.081,0.6509,0.9719,0.7265,0.8088,0.0084,0.0019,0.6907,0.9958,SIRA
19380.3975,597.1659,220.826,150.4245,1.6921,0.744,27986.5493,189.6921,0.7153,0.9773,0.9406,0.7657,0.0088,0.0016,0.6521,0.9862,SIRA
25341.8419,608.8683,253.8245,149.4484,1.4968,0.8154,33286.5485,196.2376,0.7482,0.9793,0.8679,0.7999,0.0074,0.003,0.6222,0.9779,SIRA
40383.3547,1043.8344,378.8243,151.2003,2.8676,0.9474,45484.4023,249.9309,0.6237,0.9715,0.6051,0.6175,0.0082,0.001,0.4112,0.9539,HOROZ
84410.2101,1151.8781,437.2098,268.8181,1.6515,0.7591,89579.9699,355.9188,0.6967,0.9737,0.8436,0.7744,0.0053,0.0012,0.606,0.984,BOMBAY
37849.7213,1109.9317,384.637,164.1185,2.6143,0.9482,63476.4649,251.7314,0.7486,0.9594,0.5747,0.6309,0.009,0.001,0.3336,0.9458,HOROZ
31091.6908,648.5182,202.8729,159.5066,1.6046,0.7882,29569.6036,183.3917,0.725,0.9757,0.8229,0.7927,0.0083,0.0024,0.6482,0.9825,DERMASON
27985.7711,626.5359,231.4598,139.0334,1.3223,0.7203,26191.0918,177.215,0.8042,0.9509,0.9167,0.8256,0.0089,0.0027,0.7564,0.995,SEKER
23701.9935,604.3334,200.7507,123.7613,1.6016,0.7458,27923.5848,166.109,0.6909,0.971,0.8587,0.8849,0.01,0.0028,0.6467,0.9752,DERMASON
29443.5244,518.5209,244.0837,142.5672,1.2802,0.6451,32005.6419,178.4586,0.7784,0.9533,0.913,0.842,0.007,0.0028,0.7445,0.9904,SEKER
29571.649,615.7557,198.1244,146.6556,1.3779,0.5588,27803.8595,190.6376,0.7575,0.9651,0.8773,0.8605,0.0094,0.0027,0.6855,0.9877,SEKER
28892.825,605.2336,247.7862,127.406,1.7377,0.8654,26893.7983,166.9299,0.6881,0.9703,0.8587,0.7374,0.0093,0.0033,0.6248,0.9761,SIRA
28652.0446,557.4827,209.8895,173.8377,1.427,0.6936,29557.4131,189.4877,0.7951,0.984,0.8285,0.8479,0.0089,0.003,0.7479,0.9965,SEKER
55875.2931,1069.1174,327.0283,183.6269,1.7221,0.8519,50959.6548,269.9892,0.6435,0.9579,0.7911,0.6304,0.0058,0.0017,0.5344,0.9649,BARBUNYA
19419.9825,547.8787,219.7739,147.8072,1.6046,0.8471,29309.9153,223.7606,0.783,0.9726,0.8292,0.8325,0.0108,0.0028,0.7034,0.9847,DERMASON
29110.1782,647.2805,235.7901,143.5277,1.4616,0.8297,24837.447,173.5945,0.7273,0.9471,0.7317,0.7283,0.0112,0.0028,0.6066,1.0,DERMASON
41557.0829,1091.34,384.2174,127.5439,2.5462,0.9608,42041.175,218.701,0.6055,0.9547,0.5077,0.6489,0.0077,0.0012,0.4535,0.9503,HOROZ
22080.4802,612.1773,233.7888,129.4765,1.5377,0.6725,22093.1807,175.4041,0.7459,0.9663,0.762,0.7699,0.0092,0.0025,0.6599,0.9868,DERMASON
83503.7871,1140.0398,464.4513,269.251,1.7532,0.7824,84854.6045,335.1017,0.7624,0.9714,0.8607,0.8023,0.0049,0.0014,0.6679,0.983,BOMBAY
89284.7235,1130.937,427.5177,262.3334,1.6373,0.7831,84097.5221,354.1652,0.7389,0.9638,0.8769,0.7865,0.005,0.0013,0.6178,0.9739,BOMBAY
49165.1936,951.1563,330.0125,158.9275,1.8672,0.8002,51730.8647,264.1602,0.6791,0.9538,0.791,0.7086,0.0075,0.0022,0.455,0.9612,BARBUNYA
52949.174,1175.1619,457.9233,181.724,2.4878,0.9381,42387.1915,253.0499,0.6752,0.9714,0.514,0.6,0.0083,0.0016,0.3538,0.95,HOROZ
32198.9921,700.6949,255.7126,112.9504,1.5183,0.7747,29694.5605,185.38,0.7551,0.9824,0.8654,0.7914,0.0101,0.0017,0.623,1.0,SIRA
24028.6782,611.087,233.5018,136.2589,1.5324,0.7552,22130.3605,170.437,0.7261,0.9769,0.8461,0.7788,0.0081,0.0032,0.7392,0.9759,DERMASON
50749.7043,943.6172,426.4292,187.7302,1.8711,0.9541,47388.7464,256.9471,0.716,0.9666,0.6828,0.6438,0.0068,0.0019,0.3768,0.958,CALI
54457.0469,1121.1644,386.2963,184.9432,2.1086,0.8994,50894.0401,236.1339,0.7045,0.9651,0.5613,0.6898,0.0074,0.0016,0.4078,0.9807,CALI
25299.9692,630.4962,223.1761,150.573,1.6642,0.7449,33944.5424,169.3871,0.7781,0.9706,0.8686,0.8016,0.0095,0.0022,0.5812,0.9887,SIRA
28379.4852,773.1866,250.2292,141.5001,1.571,0.6866,30000.2779,157.6347,0.7079,0.9683,0.6778,0.7019,0.0074,0.0027,0.6336,0.9851,SIRA
58567.2792,1165.0677,424.7003,155.1453,2.6909,0.9276,41733.4572,227.4112,0.696,0.9588,0.5963,0.5997,0.0099,0.0008,0.347,0.9441,HOROZ
27921.362,592.0032,197.3332,150.2535,1.3353,0.7062,25228.1624,191.8986,0.7935,0.9804,0.906,0.8735,0.0091,0.0025,0.7069,0.9808,SEKER
27042.4024,677.7234,224.2169,175.4642,1.4228,0.752,26145.2734,164.9572,0.7894,0.9664,0.8621,0.8297,0.0097,0.0035,0.6535,0.9971,DERMASON
51323.8616,1089.657,399.2654,166.9089,2.2033,0.8845,48195.132,274.4779,0.6048,0.955,0.6581,0.7137,0.0079,0.0015,0.4104,0.9512,CALI
40872.8484,973.3706,413.9434,153.738,2.8493,0.9551,31166.2355,260.462,0.6611,0.9634,0.6187,0.5898,0.0093,0.0014,0.4078,0.9396,HOROZ
51677.1636,971.2249,376.1017,175.9554,2.5782,0.9375,62140.7966,283.8781,0.5996,0.9737,0.6654,0.7078,0.0079,0.0011,0.3793,0.9651,CALI
60776.954,1052.0007,411.3995,144.2931,2.8514,0.9287,56530.2338,230.0905,0.5095,0.9865,0.6515,0.5509,0.0087,0.0011,0.3937,0.9612,HOROZ
88173.3915,1007.2498,449.7262,249.8777,1.6276,0.7876,94015.9062,347.7451,0.7227,0.966,0.835,0.7656,0.0049,0.0015,0.6242,0.9794,BOMBAY
79655.5247,1095.803,446.5645,246.0221,1.6098,0.7912,97558.0388,331.2021,0.6892,0.9719,0.8406,0.8034,0.0049,0.0009,0.648,0.9821,BOMBAY
97119.2615,1152.4491,419.1795,255.3544,1.6946,0.8178,85568.3849,328.7473,0.7096,0.9747,0.8175,0.8083,0.005,0.001,0.58,0.9781,BOMBAY
45545.6959,958.5409,392.1111,186.0758,2.0459,0.8914,54627.8393,295.3633,0.5928,0.9539,0.7868,0.7779,0.0075,0.0021,0.5524,0.9769,BARBUNYA
29559.6626,572.2122,195.729,157.4062,1.2564,0.6504,30482.6158,173.353,0.7913,0.9565,0.8503,0.8807,0.0085,0.0028,0.8052,0.9965,SEKER
28643.1896,581.3752,239.3836,168.3427,1.5892,0.7863,38061.4492,171.6919,0.7532,0.9687,0.8582,0.8211,0.0083,0.0026,0.7287,0.9829,DERMASON
21772.5944,648.7863,267.5464,153.1943,1.5429,0.6953,32892.6382,181.8036,0.795,0.9651,0.8363,0.8203,0.0092,0.0028,0.5981,0.9889,SIRA
31080.423,652.0318,249.4021,148.5832,1.5986,0.8561,30955.8551,192.3157,0.7549,0.9619,0.7563,0.8157,0.0083,0.0025,0.751,0.9681,SIRA
59747.3353,869.3502,395.6174,196.8461,1.7722,0.7453,69166.2245,280.5507,0.6927,0.9583,0.8003,0.7137,0.0074,0.0023,0.5673,0.9776,BARBUNYA
51659.0303,1110.6442,428.613,206.6729,1.9101,0.8764,50301.5063,275.2712,0.6946,0.9622,0.6874,0.6717,0.0077,0.0016,0.4466,0.9543,CALI
30414.6799,569.9004,257.48,153.4647,1.6664,0.7445,29990.7999,204.9672,0.75,0.949,0.8368,0.8774,0.0087,0.0017,0.7147,0.9794,SIRA
23812.6485,724.997,208.5203,128.7127,1.4909,0.674,21602.7321,171.0516,0.8308,0.9773,0.7739,0.7619,0.0095,0.003,0.6475,0.9894,DERMASON
22144.3263,531.0684,210.9396,159.7482,1.6318,0.7718,25479.0955,196.0862,0.701,0.966,0.9222,0.7925,0.0085,0.0033,0.6606,0.977,DERMASON
31798.3223,631.0448,241.1277,160.0142,1.377,0.7573,32936.969,175.7281,0.7692,0.9773,0.7825,0.8093,0.0098,0.0021,0.7127,0.9827,DERMASON
58621.9852,1064.8933,421.5256,191.1783,2.0729,0.9266,55917.4059,273.3295,0.6401,0.9458,0.7031,0.6342,0.0069,0.0013,0.5258,0.9645,CALI
24462.6936,680.3865,213.0049,165.3175,1.706,0.7198,31854.9494,179.5821,0.7953,0.9627,0.7147,0.7765,0.0095,0.0024,0.6667,0.9944,SIRA
63352.1331,1105.8982,364.2564,189.1994,2.5943,0.889,59307.9717,268.9701,0.6674,0.9621,0.6023,0.6912,0.0089,0.0017,0.4421,0.9523,CALI
25146.3526,659.2878,220.0642,168.0731,1.5739,0.7333,15614.7743,146.5274,0.755,0.9909,0.8339,0.7663,0.008,0.003,0.613,0.9639,DERMASON
66993.9132,997.0951,422.8486,159.4913,3.0976,0.9359,39248.1,246.597,0.5719,0.9619,0.5974,0.6245,0.0088,0.001,0.3763,0.9403,HOROZ
27634.3475,621.6735,223.8094,144.1685,1.3248,0.6374,21869.4778,192.2473,0.8131,0.9761,0.846,0.8339,0.0079,0.0031,0.7463,0.9987,SEKER
30407.4935,570.6421,272.1592,139.4811,1.5878,0.768,19847.8596,161.7759,0.765,0.9605,0.8443,0.8083,0.0074,0.0027,0.5656,0.9752,DERMASON
45091.7234,1032.5459,423.9356,160.9739,2.1505,0.94,71190.5855,272.1388,0.6769,0.9668,0.6128,0.6904,0.0084,0.0019,0.4994,0.964,CALI
57361.4709,922.9312,372.8822,203.1435,1.6279,0.7939,60818.8285,242.4989,0.7327,0.9575,0.7456,0.7665,0.0068,0.002,0.5076,0.9736,BARBUNYA
50365.9344,1034.8997,336.278,198.3472,2.2316,0.8972,53434.6186,253.7519,0.6446,0.9448,0.6585,0.6676,0.0081,0.0019,0.3407,0.9605,CALI
51714.5413,994.2618,332.0891,180.2005,2.2747,0.9456,56901.9243,259.9456,0.6101,0.9578,0.6347,0.6967,0.0082,0.0016,0.4106,0.966,CALI
65803.434,1083.7169,358.579,213.3579,1.9747,0.8055,64026.5894,288.3272,0.7382,0.979,0.8807,0.7487,0.0062,0.002,0.5578,0.978,BARBUNYA
33694.3758,691.4261,235.2993,160.6834,1.8143,0.7476,30586.0361,183.8153,0.8259,0.9655,0.808,0.8699,0.0075,0.0017,0.6813,0.9701,SIRA
24330.0923,583.2258,220.813,143.3629,1.2822,0.8637,25516.3121,190.7085,0.8324,0.9854,0.7965,0.799,0.0101,0.0025,0.6484,0.9717,DERMASON
81579.7969,1127.2956,435.8382,263.6505,1.6612,0.8079,97527.1244,329.9026,0.7161,0.9732,0.8591,0.7773,0.0051,0.0013,0.6086,0.9742,BOMBAY
30580.5485,682.6215,241.5117,147.6386,1.504,0.804,19201.6237,183.9803,0.7444,0.9797,0.8462,0.8047,0.0099,0.0023,0.6671,0.9796,SIRA
97241.0374,1160.0321,455.3532,262.2737,1.5528,0.7841,96131.8435,348.8282,0.7609,0.967,0.8566,0.7687,0.005,0.0011,0.579,0.9773,BOMBAY
82176.105,1102.3515,431.4851,273.9045,1.7098,0.7739,91062.8869,325.0575,0.7054,0.9722,0.8055,0.8004,0.0048,0.0014,0.6159,0.9775,BOMBAY
48428.2431,1087.4773,468.4807,184.6597,2.3904,0.9174,55459.1946,254.7918,0.5952,0.9692,0.6237,0.6601,0.0064,0.0012,0.4813,0.9635,CALI
43841.2372,1047.5408,373.3531,185.8439,1.8226,0.7932,53310.1568,249.9107,0.71,0.9639,0.7527,0.8145,0.0066,0.0017,0.5802,0.979,BARBUNYA
61793.1183,887.4816,352.2572,189.9663,1.5949,0.8992,66805.8515,268.4397,0.6591,0.9689,0.68,0.7556,0.0069,0.0022,0.5285,0.9632,BARBUNYA
37850.1112,1011.7161,367.6247,169.5785,2.4104,0.96,51223.7643,249.4679,0.5576,0.9763,0.5623,0.5553,0.009,0.0016,0.3645,0.9488,HOROZ
62971.4712,988.0477,445.696,173.8484,2.029,0.8803,44825.9643,281.0978,0.7382,0.9741,0.6127,0.6867,0.0085,0.0018,0.5016,0.9593,CALI
21586.454,709.3743,264.8321,160.7156,1.4288,0.6741,31553.0031,181.9601,0.7725,0.9836,0.895,0.9139,0.0067,0.0025,0.6748,0.9942,SEKER
35213.3834,1008.0298,434.4048,156.4973,2.4612,0.9617,59513.2087,277.6411,0.688,0.9816,0.4891,0.6052,0.0095,0.0016,0.3968,0.9413,HOROZ
33725.15,615.7213,186.2451,155.9563,1.4049,0.6388,22428.3588,175.5912,0.7208,0.9791,0.9382,0.8703,0.0069,0.0028,0.6771,0.9914,SEKER
52135.2792,947.7236,407.0757,187.4014,2.2493,0.9039,56012.1741,258.8551,0.6679,0.9504,0.6731,0.649,0.0065,0.0015,0.5127,0.9492,CALI
83108.7428,1078.7398,458.7402,247.1361,1.6362,0.7762,90364.8008,321.6495,0.7464,0.9724,0.8713,0.7506,0.0048,0.0012,0.6079,0.9806,BOMBAY
50493.1275,1050.2442,379.4198,151.5408,2.3163,0.8802,47058.0912,245.2296,0.6614,0.9549,0.6199,0.6728,0.0075,0.0011,0.5123,0.9781,CALI
77569.8248,1108.3365,391.3867,258.953,1.6314,0.8716,81319.0335,344.833,0.6341,0.9742,0.8409,0.7918,0.005,0.0012,0.5975,0.9833,BOMBAY
83740.8094,1030.04,432.8995,247.7088,1.6638,0.7799,81348.9425,333.8737,0.7263,0.9693,0.9132,0.7727,0.0057,0.0012,0.6222,0.9718,BOMBAY
65908.5941,966.5732,442.8181,157.2228,2.3615,0.9034,50631.2279,236.0583,0.7028,0.9392,0.6761,0.6303,0.0076,0.0019,0.4711,0.9602,CALI
98514.391,1123.9346,454.3533,267.5852,1.4826,0.7846,85228.7779,330.8354,0.7314,0.9709,0.8842,0.8048,0.0054,0.0014,0.6007,0.9784,BOMBAY
27204.017,620.9933,245.4092,159.8912,1.6185,0.7939,29663.3221,151.9246,0.771,0.969,0.8982,0.8375,0.011,0.0035,0.7679,0.9882,DERMASON
87529.9861,1071.8903,438.6147,260.3804,1.6514,0.8568,83165.7941,367.8615,0.7565,0.9749,0.8932,0.7862,0.0045,0.0009,0.5456,0.9759,BOMBAY
47406.4436,945.2699,391.4136,151.9051,2.5896,0.9332,33776.4494,213.4482,0.6675,0.9857,0.5378,0.5498,0.0086,0.0011,0.378,0.9486,HOROZ
56806.2969,1101.386,341.5003,179.9042,2.4225,0.8938,47284.6039,229.6207,0.6405,0.9498,0.5774,0.6796,0.0083,0.001,0.5459,0.9467,CALI
52457.0283,932.2049,375.6556,203.0997,2.2045,0.8345,47899.9232,279.368,0.7036,0.9617,0.7243,0.7588,0.0062,0.0016,0.5147,0.9798,BARBUNYA
55198.7965,907.0768,415.0301,177.0031,2.3053,0.9765,50280.1168,242.5556,0.7134,0.9538,0.6999,0.6823,0.0073,0.002,0.4784,0.9508,CALI
43924.9592,974.592,334.0268,214.6548,1.9817,0.8659,56933.3185,269.1673,0.6279,0.9634,0.8024,0.7424,0.0056,0.0013,0.5371,0.968,BARBUNYA
83693.3828,1148.5083,421.1321,232.1122,1.5555,0.7679,97352.483,339.8346,0.6988,0.9745,0.9185,0.8055,0.0047,0.0009,0.6001,0.9858,BOMBAY
21493.2629,671.5311,212.3576,159.2055,1.432,0.6605,17646.0822,179.2418,0.8196,0.9917,0.8653,0.8491,0.0097,0.0029,0.7348,0.9801,SEKER
24031.8048,599.4879,191.4082,153.109,1.2502,0.647,29205.8609,184.2282,0.7638,0.9678,0.906,0.8146,0.0087,0.0024,0.7339,0.9892,SEKER
26692.9874,585.2442,192.1086,169.7289,1.6066,0.7788,27004.4737,178.6302,0.7633,0.9595,0.8954,0.7741,0.0095,0.0034,0.6602,0.9755,DERMASON
62221.7097,1037.7452,434.2634,155.7271,2.1091,0.9305,65600.0177,238.2908,0.6386,0.9626,0.7049,0.6916,0.0085,0.0015,0.431,0.9702,CALI
90700.1125,1199.6876,414.0196,241.4368,1.5547,0.8158,87704.2443,346.8889,0.7065,0.9715,0.8652,0.7961,0.0052,0.0014,0.6078,0.9836,BOMBAY
53084.3525,1015.5941,354.5554,157.9618,2.3622,0.9248,65697.5949,282.4602,0.7559,0.9675,0.6173,0.6847,0.0078,0.0016,0.4026,0.9793,CALI
89670.2014,1126.5867,409.4996,227.3686,1.4927,0.7723,89687.6556,328.5207,0.8145,0.9631,0.9127,0.7976,0.0051,0.0011,0.5914,0.9716,BOMBAY
18334.8941,702.1036,214.6601,178.9149,1.3094,0.6946,39443.2742,170.6935,0.7102,0.9645,0.8889,0.8708,0.0096,0.0026,0.6399,0.9878,SEKER
88421.9839,1102.8802,417.0882,264.7073,1.6775,0.7666,97087.4394,342.4585,0.7302,0.9719,0.8146,0.7411,0.0051,0.0013,0.6539,0.9783,BOMBAY
30025.9653,534.7337,220.1932,132.8496,1.4028,0.8001,24095.7175,187.7709,0.7305,0.9715,0.7947,0.7563,0.0096,0.0029,0.7166,0.9721,DERMASON
49433.9671,1019.0622,398.395,212.7375,1.7846,0.8724,59875.1493,303.8132,0.7092,0.9694,0.6899,0.8093,0.0079,0.0015,0.6293,0.9616,BARBUNYA
65222.5564,1020.1903,404.611,121.1937,2.9038,0.9385,37324.649,247.7643,0.6799,0.984,0.5269,0.6474,0.0085,0.0014,0.3768,0.9586,HOROZ
69213.5158,930.8351,337.1107,194.3833,1.8253,0.928,62032.4835,262.8873,0.668,0.9524,0.7355,0.7389,0.0071,0.0013,0.5685,0.9725,BARBUNYA
26877.2998,697.9594,235.0064,151.4143,1.5819,0.699,19765.4201,187.2753,0.7732,0.9626,0.7999,0.7973,0.0079,0.0028,0.782,0.9812,DERMASON
51185.8848,915.0663,379.4799,150.0283,2.7189,0.9296,51338.2598,244.7152,0.7219,0.9725,0.4697,0.6185,0.0095,0.0011,0.3123,0.9416,HOROZ
35696.8902,1058.0519,392.8305,180.1654,2.024,0.862,53337.5237,298.8428,0.6087,0.9592,0.7014,0.7175,0.0075,0.0016,0.4027,0.952,CALI
57050.7521,1023.4839,408.9871,173.4575,2.3635,0.9171,63239.7743,233.6896,0.7068,0.9593,0.6551,0.632,0.0072,0.0015,0.5721,0.9504,CALI
44153.7377,1042.4485,427.0285,194.5074,2.4064,0.9276,62900.8198,254.4183,0.6618,0.9531,0.67,0.6236,0.007,0.0015,0.4399,0.9559,CALI
45265.1613,1063.3522,412.535,153.2206,3.0341,0.9748,49703.1702,246.7111,0.6454,0.9793,0.6316,0.589,0.0094,0.001,0.3517,0.9444,HOROZ
24335.9315,569.7277,239.2933,154.1139,1.3678,0.6281,25561.2985,201.3044,0.7999,0.9538,0.8304,0.8691,0.0078,0.0025,0.677,0.9833,SEKER
76967.6244,1159.0786,451.2182,264.8337,1.5861,0.7984,90015.7604,348.9957,0.7798,0.9759,0.8598,0.8013,0.0052,0.0015,0.6164,0.9711,BOMBAY
22807.6441,643.4652,210.9567,158.2789,1.3772,0.6589,26149.5594,174.2814,0.787,0.9607,0.8509,0.8883,0.0095,0.0032,0.7607,0.9787,DERMASON
26752.492,581.1635,222.12,162.0037,1.4033,0.6316,26418.7534,185.9722,0.8002,0.9678,0.8267,0.8627,0.0095,0.0025,0.7453,0.9952,SEKER
95704.1357,1103.4243,454.9419,276.9091,1.5908,0.7605,79837.5181,329.6779,0.6604,0.9651,0.8952,0.7683,0.0048,0.0013,0.5867,0.9801,BOMBAY
27676.3343,707.756,209.4004,144.1168,1.6252,0.7891,21197.6605,209.7296,0.7934,0.9645,0.8309,0.7895,0.0086,0.0025,0.6357,0.9793,DERMASON
36770.112,901.0893,440.8311,150.2955,2.8821,0.9415,53096.3445,235.1884,0.6435,0.9602,0.4359,0.5856,0.0097,0.001,0.3195,0.9498,HOROZ
21456.5581,677.8766,251.0762,158.9247,1.6517,0.798,30736.5744,178.5503,0.7817,0.9669,0.8529,0.7748,0.0082,0.0019,0.5885,0.9801,SIRA
36203.2802,891.7845,383.0598,157.3544,2.6495,0.9312,33215.6005,232.0505,0.6882,0.9613,0.5795,0.6164,0.0086,0.001,0.354,0.9647,HOROZ
94827.6873,1090.3209,414.4623,249.9971,1.777,0.7961,89669.3384,334.0723,0.6971,0.9742,0.8162,0.7316,0.0052,0.0012,0.6032,0.9805,BOMBAY
23273.2413,564.2986,212.7609,140.7679,1.452,0.6794,23728.598,188.3107,0.8312,0.9735,0.8467,0.8415,0.0082,0.0024,0.6344,0.9881,SEKER
59095.7977,966.1249,345.3311,180.7201,2.0057,0.815,56536.684,293.8346,0.6736,0.9633,0.7343,0.7153,0.0054,0.0023,0.5747,0.9734,BARBUNYA
65892.2412,1036.611,402.3997,164.2954,2.4238,0.8455,52865.72,234.3251,0.5894,0.9648,0.5737,0.6524,0.0087,0.0015,0.4445,0.9563,CALI
24455.9813,680.9157,278.0283,156.6319,1.1642,0.7371,24824.7567,152.8692,0.8245,0.9714,0.7836,0.8409,0.0104,0.0024,0.6407,0.9897,DERMASON
33058.2149,950.7394,436.4932,146.5102,2.6107,0.927,47085.7154,221.1206,0.6811,0.9531,0.5029,0.6108,0.0094,0.0007,0.2901,0.9417,HOROZ
51858.3723,822.8166,308.373,181.2908,1.5055,0.8303,45029.1231,288.7991,0.6811,0.9568,0.7868,0.698,0.0066,0.0017,0.5048,0.9728,BARBUNYA
92418.3978,1246.9796,409.9088,274.1289,1.7102,0.7752,96969.7513,377.7828,0.7704,0.9659,0.8758,0.7857,0.0047,0.0014,0.5606,0.9844,BOMBAY
62417.4209,1104.8592,373.0407,154.767,2.0509,0.8472,54033.2475,246.0454,0.729,0.975,0.7135,0.6702,0.0078,0.0015,0.4747,0.9672,CALI
22513.9261,604.6918,250.8396,163.0572,1.7489,0.7429,41284.4267,167.0937,0.6929,0.9635,0.7846,0.8299,0.011,0.0017,0.5742,0.9729,SIRA
47900.9115,926.2278,403.4519,193.4235,2.5615,0.8877,55737.9269,263.8235,0.6402,0.9583,0.5548,0.6454,0.007,0.0011,0.4858,0.9598,CALI
22783.8643,658.5078,235.7707,179.7937,1.3266,0.6559,31376.7148,205.5993,0.7696,0.9547,0.8614,0.8789,0.009,0.0031,0.8162,0.9878,SEKER
22780.3859,681.4636,247.4245,135.6718,1.5137,0.7079,29491.74,168.7729,0.7759,0.9791,0.7759,0.7718,0.0084,0.003,0.6849,0.9805,DERMASON
74296.0422,1163.8854,404.9174,275.6651,1.6938,0.7865,88536.0423,327.1252,0.7529,0.9766,0.8891,0.7962,0.0055,0.0014,0.6046,0.9805,BOMBAY
86756.6898,1213.3487,442.2153,260.4683,1.6392,0.7421,94188.3917,329.3769,0.7574,0.9683,0.8781,0.7776,0.0051,0.0013,0.6006,0.9757,BOMBAY
55281.473,1093.9356,383.0002,224.9136,1.7336,0.8297,52169.5057,277.7586,0.7286,0.9423,0.788,0.7117,0.0056,0.0015,0.5722,0.9638,BARBUNYA
37382.4964,683.2322,234.7216,152.4671,1.4221,0.78,32386.5231,157.5593,0.7988,0.9861,0.7785,0.7895,0.0083,0.002,0.5359,0.9783,SIRA
28407.5073,634.929,229.3834,175.2458,1.3674,0.6003,26796.2968,192.5226,0.771,0.9732,0.8011,0.825,0.0088,0.003,0.6825,0.9918,SEKER
45426.3452,1086.2361,445.01,150.2646,2.5536,0.9179,63964.2622,237.0843,0.5898,0.9491,0.5458,0.5888,0.0081,0.0011,0.3277,0.9419,HOROZ
34012.6441,1004.5475,357.2193,193.8526,2.1927,0.8655,60502.4821,264.6079,0.6197,0.9485,0.6731,0.7353,0.0055,0.0018,0.5267,0.9758,BARBUNYA
58006.5176,1115.2756,391.3421,192.6189,1.9224,0.8817,65867.2996,247.9056,0.6593,0.9589,0.7735,0.6272,0.0074,0.0012,0.4847,0.9533,CALI
20228.2812,629.8007,202.7626,113.3749,1.5773,0.8085,26236.197,196.73,0.8165,0.9452,0.8137,0.8318,0.0073,0.0024,0.7099,0.9815,DERMASON
65643.7691,995.1353,338.0244,197.5246,1.8257,0.9155,57040.5406,281.4157,0.6937,0.9771,0.7243,0.7737,0.0066,0.0017,0.5555,0.9862,BARBUNYA
90243.1664,1112.6213,433.7782,259.5645,1.6429,0.8013,99070.4284,317.1941,0.7304,0.9791,0.8627,0.7736,0.0047,0.0012,0.6213,0.9804,BOMBAY
28094.2004,596.522,262.8274,140.1256,1.4514,0.783,29717.1549,175.3783,0.7139,0.9677,0.7101,0.847,0.0081,0.0022,0.6887,0.9833,SIRA
23588.8109,614.9753,220.6268,160.8449,1.3901,0.6812,34364.9463,218.8382,0.7769,0.9608,0.828,0.8744,0.0067,0.0026,0.7397,0.9909,SEKER
24962.6498,644.9677,216.7973,130.9831,1.4029,0.6739,28461.6247,171.9285,0.7612,0.9814,0.864,0.8371,0.0087,0.0025,0.7734,0.9891,SEKER
88489.3269,1162.2592,404.7417,265.9556,1.7252,0.8096,90325.7347,325.6168,0.6854,0.9639,0.9347,0.789,0.0046,0.0008,0.5767,0.9788,BOMBAY
19526.7441,644.2063,257.0398,171.7311,1.6976,0.664,34701.7159,164.2293,0.7354,0.9715,0.7515,0.8015,0.0104,0.0025,0.6331,0.9833,SIRA
23528.3565,558.9409,248.3155,126.7844,1.6792,0.7111,26520.3927,174.3269,0.8217,0.9773,0.7559,0.7741,0.0087,0.0024,0.6664,0.9753,DERMASON
24941.6074,588.274,205.8804,146.2269,1.3303,0.6942,27159.5367,175.6124,0.7405,0.9735,0.8499,0.8188,0.0081,0.0026,0.6665,0.9941,SEKER
38803.8132,957.6285,392.1641,134.7687,3.1243,0.9292,55921.1765,210.3616,0.6298,0.9564,0.524,0.5969,0.0065,0.001,0.3467,0.9571,HOROZ
27910.9711,659.406,236.8291,152.3901,1.5467,0.8107,31160.1958,167.6741,0.7472,0.9686,0.8852,0.8717,0.008,0.0024,0.6143,0.9813,DERMASON
30271.4276,644.406,240.7751,169.7298,1.6822,0.706,35942.2503,199.2589,0.735,0.977,0.7217,0.7952,0.0077,0.0024,0.5455,0.9741,SIRA
58136.0087,870.2117,396.1811,192.4659,1.5835,0.7957,53145.4505,265.4964,0.6067,0.9688,0.7592,0.7739,0.0077,0.0017,0.5119,0.9758,BARBUNYA
59640.4915,943.0337,319.2408,214.0414,2.0606,0.8597,62483.8141,270.4572,0.5523,0.9522,0.7837,0.7918,0.0081,0.0019,0.5803,0.9629,BARBUNYA
54473.6295,1035.2259,427.9185,161.1884,2.4108,0.9116,54548.9238,236.6998,0.5826,0.9511,0.7154,0.675,0.0078,0.0017,0.4078,0.9675,CALI
24496.1319,628.4757,214.6083,128.3094,1.635,0.7582,19830.434,177.7929,0.7856,0.9893,0.8031,0.8378,0.0082,0.0023,0.6753,0.9837,DERMASON
52035.7804,1094.0567,351.8489,197.502,1.8425,0.8459,53146.0668,292.3638,0.6512,0.9547,0.8398,0.7549,0.0066,0.0019,0.6301,0.979,BARBUNYA
39423.5489,1181.1352,415.7309,167.0641,2.7388,0.9124,64652.8553,253.7467,0.6471,0.9801,0.6504,0.6479,0.009,0.0014,0.347,0.9694,HOROZ
26306.9423,634.0541,273.5963,144.5721,1.6225,0.6908,33715.5221,167.8671,0.7845,0.9616,0.8488,0.7209,0.0094,0.0025,0.5667,0.9782,SIRA
84739.6075,1107.046,430.1131,247.4556,1.526,0.7986,88998.4856,317.1817,0.716,0.9557,0.886,0.7605,0.005,0.0014,0.641,0.9828,BOMBAY
39007.3877,975.8108,413.8851,165.0713,3.0086,0.9263,45777.5464,244.3661,0.6637,0.976,0.5879,0.6333,0.0088,0.0011,0.3305,0.9494,HOROZ
39503.747,1147.864,444.7063,167.697,2.6749,0.9203,53800.203,198.6249,0.7226,0.9786,0.5051,0.6435,0.008,0.0011,0.3739,0.9415,HOROZ
29172.5279,611.6301,245.442,154.2199,1.2863,0.7305,30935.0653,173.2565,0.746,0.9706,0.7661,0.7623,0.0107,0.0032,0.6086,0.9842,SIRA
36579.5195,906.8832,379.2431,197.4934,1.6896,0.9031,69695.3276,239.5356,0.6823,0.9654,0.8408,0.6549,0.0071,0.0017,0.5596,0.967,BARBUNYA
81593.6412,1181.8219,427.0287,276.6779,1.6456,0.7723,89308.9286,329.9928,0.6968,0.9687,0.824,0.7752,0.0047,0.0015,0.5893,0.9816,BOMBAY
27772.7725,575.552,213.5108,165.228,1.4937,0.7853,26823.3171,181.7641,0.7257,0.9683,0.7421,0.7815,0.0108,0.0023,0.5593,0.9679,DERMASON
94235.5841,1201.6103,394.3326,272.7791,1.5319,0.7577,101338.6042,329.9672,0.6666,0.9637,0.8878,0.7909,0.005,0.001,0.6111,0.9842,BOMBAY
54782.0208,1019.1833,390.6542,171.7701,2.4656,0.896,63101.7029,276.5197,0.638,0.9692,0.65,0.6565,0.0072,0.0012,0.5257,0.9754,CALI
50324.7473,944.5952,430.3268,138.1473,2.3964,0.9217,43492.0555,269.5399,0.6703,0.9728,0.5956,0.6028,0.01,0.0014,0.4446,0.9427,HOROZ
87077.9337,1161.3343,411.549,240.3789,1.4994,0.7336,81027.0616,329.5605,0.8177,0.9689,0.8236,0.7579,0.0051,0.0013,0.6116,0.9843,BOMBAY
52434.9423,1032.4679,336.0231,189.5854,2.063,0.9239,60431.6309,246.7271,0.6164,0.95,0.6205,0.6672,0.0076,0.0016,0.5222,0.9611,CALI
22142.4362,601.0761,218.1959,143.7012,1.4042,0.7765,23249.0741,184.7279,0.7038,0.9694,0.8393,0.7919,0.0107,0.0027,0.6264,0.9808,DERMASON
38045.0626,1140.7102,398.9172,187.3051,2.4175,0.8849,52995.4743,266.914,0.6264,0.9704,0.5925,0.7028,0.0073,0.0014,0.4128,0.9597,CALI
23361.273,643.8642,210.1223,160.1648,1.6369,0.7143,24123.0166,162.5596,0.7861,0.9567,0.8362,0.8244,0.0086,0.0031,0.5372,0.977,DERMASON
53736.3711,884.3085,374.3601,204.0318,1.8631,0.8513,69699.6737,300.2708,0.7256,0.9565,0.7781,0.6845,0.0066,0.0024,0.5469,0.9699,BARBUNYA
52878.8776,960.8754,366.3475,151.7533,3.1048,0.921,43743.8819,236.8053,0.5998,0.995,0.539,0.6378,0.0092,0.0007,0.3443,0.9528,HOROZ
85800.9523,1099.1173,432.2855,265.0195,1.7523,0.7706,84904.416,330.7598,0.6555,0.9762,0.9024,0.7807,0.0048,0.0014,0.6113,0.9861,BOMBAY
51970.3742,943.9632,419.4667,143.8424,2.6066,0.913,52886.0965,239.8149,0.7001,0.9666,0.5684,0.5834,0.0077,0.0008,0.4909,0.9398,HOROZ
51248.4324,1004.9532,403.3289,164.0243,2.0749,0.9121,48261.0956,247.5066,0.6615,0.9532,0.5743,0.6477,0.008,0.0017,0.4188,0.9613,CALI
15062.181,702.4236,241.9726,147.2347,1.5101,0.7269,23087.9686,154.2641,0.672,0.9667,0.7407,0.7103,0.0096,0.0033,0.5725,0.9783,SIRA
52426.0252,854.1609,316.0611,202.7652,1.7058,0.8428,59493.1079,283.5094,0.5851,0.959,0.7636,0.7261,0.0067,0.0016,0.5254,0.9791,BARBUNYA
21427.4766,670.2668,218.7079,128.1478,1.271,0.7618,14828.8031,168.3207,0.7942,0.9533,0.7821,0.7327,0.008,0.0026,0.6431,1.0,SIRA
50478.1434,1064.5351,410.5796,161.3816,2.6505,0.9341,40348.4707,228.212,0.6604,0.9752,0.591,0.6366,0.0082,0.0015,0.3984,0.9372,HOROZ
22215.9517,653.5195,218.0397,150.7134,1.4956,0.7352,29043.5702,172.0601,0.7168,0.9623,0.8257,0.7661,0.0086,0.0034,0.5156,0.9802,DERMASON
69797.8864,1156.5383,434.0888,267.0389,1.6158,0.7765,74079.4667,307.6185,0.7678,0.9787,0.8326,0.7432,0.0041,0.001,0.6097,0.9858,BOMBAY
23174.0903,679.9777,229.3468,155.3959,1.3964,0.8569,25909.8196,188.2366,0.6662,0.9739,0.8299,0.8217,0.0091,0.0031,0.5873,0.9814,SIRA
85122.0521,1130.2763,434.1802,254.4129,1.7709,0.7948,86789.5496,346.6385,0.6758,0.9763,0.8261,0.8157,0.0044,0.0011,0.6005,0.9841,BOMBAY
31262.2114,585.396,221.7261,133.3284,1.56,0.754,26176.3462,177.2252,0.7453,0.9631,0.8241,0.7799,0.0089,0.0027,0.7123,0.9848,DERMASON
23945.5374,562.1778,241.8407,166.544,1.4276,0.6046,29063.9731,185.709,0.7565,0.9562,0.8677,0.8239,0.0084,0.0027,0.7031,0.9944,SEKER
49791.7861,937.3194,383.2872,167.3562,2.4461,0.9608,42513.2482,244.2653,0.6884,0.9551,0.5828,0.6391,0.0098,0.0008,0.4158,0.947,HOROZ
45639.8978,956.4204,385.0201,162.0352,2.4783,0.9405,45245.3934,262.6867,0.6314,0.97,0.5985,0.6413,0.01,0.0009,0.3697,0.9661,HOROZ
29525.9079,555.093,222.3621,151.2718,1.3139,0.6996,25818.0005,173.4325,0.7392,0.9728,0.8696,0.8173,0.0075,0.0026,0.7403,0.9848,SEKER
27047.2264,620.146,253.0272,146.6453,1.2972,0.6501,26078.9898,168.9159,0.7762,0.9714,0.8374,0.8981,0.0069,0.0022,0.7388,0.989,SEKER
25530.4463,616.5037,232.2307,146.6329,1.7122,0.7967,25292.4027,171.6513,0.762,0.9695,0.8889,0.7905,0.0081,0.0033,0.7405,0.9899,DERMASON
65737.3779,980.5513,416.3707,173.1565,2.3061,0.9124,44962.6189,271.0633,0.6744,0.9617,0.624,0.6695,0.0073,0.0014,0.4187,0.9558,CALI
96621.7742,1105.3637,456.4004,263.2419,1.6046,0.7891,74375.7045,318.0216,0.73,0.9722,0.8621,0.7768,0.005,0.0017,0.6558,0.9808,BOMBAY
22488.6035,653.1683,228.1291,175.1053,1.3478,0.7394,29941.7636,176.2527,0.81,0.9663,0.9065,0.847,0.0084,0.0027,0.7707,0.9896,SEKER
20051.2856,586.7112,288.434,154.4058,1.6387,0.6126,31250.6745,201.0369,0.6611,0.9478,0.7636,0.7977,0.0096,0.0018,0.676,0.9771,SIRA
83485.9721,1249.1667,432.587,282.6905,1.7344,0.7711,87748.7221,328.4246,0.7076,0.9699,0.8288,0.7823,0.0049,0.0009,0.5976,0.9774,BOMBAY
29399.5653,727.7587,245.7088,138.5043,1.6537,0.7094,30328.2319,195.2193,0.652,0.9858,0.8328,0.831,0.0094,0.0022,0.6183,0.99,SIRA
28300.5492,576.6173,228.5119,150.3009,1.7037,0.7912,31721.862,184.1668,0.6967,0.9653,0.7785,0.7926,0.0089,0.0037,0.797,0.9889,DERMASON
24062.9138,572.9723,218.7572,140.053,1.6256,0.7989,28081.5247,164.1974,0.7529,0.9708,0.8216,0.8574,0.0093,0.0027,0.6481,0.9784,DERMASON
45687.7177,1080.4308,379.9723,156.9689,2.5646,0.9322,43560.1638,261.765,0.694,0.977,0.6597,0.6477,0.0086,0.0013,0.3934,0.9452,HOROZ
30695.5616,578.4111,219.5355,153.5176,1.518,0.7252,31758.2023,192.1713,0.7415,0.9674,0.7794,0.7457,0.0099,0.0031,0.6802,0.9906,DERMASON
23171.66,550.4208,226.0272,154.9339,1.4274,0.6962,28801.4771,196.849,0.7826,0.9628,0.8392,0.8675,0.0072,0.003,0.7557,0.9898,SEKER
31975.6168,621.4527,177.1554,166.7071,1.3058,0.6344,32812.1199,176.9703,0.7316,0.9901,0.9072,0.84,0.0075,0.0026,0.7989,0.9851,SEKER
25642.8217,598.3911,257.7384,144.9769,1.6566,0.7864,27876.467,184.1498,0.7739,0.9823,0.7406,0.8446,0.0098,0.0023,0.6681,0.9824,DERMASON
27651.4498,611.6534,222.6459,156.7682,1.2749,0.7264,28171.9443,146.1888,0.7446,0.9617,0.9092,0.8487,0.0098,0.0021,0.6662,0.9953,SEKER
37310.7858,1172.6006,473.8232,144.6248,2.3103,0.947,44823.1786,230.8748,0.6927,0.9567,0.4999,0.5885,0.009,0.0009,0.3699,0.9612,HOROZ
90481.8218,1160.5709,454.7116,279.4141,1.6028,0.7583,78735.6831,337.291,0.7715,0.9723,0.8597,0.7714,0.0051,0.0014,0.623,0.9823,BOMBAY
55355.3488,994.3928,385.3961,166.6323,2.0144,0.8862,69988.8768,245.6625,0.7316,0.9702,0.6477,0.6928,0.0064,0.0016,0.5124,0.9648,CALI
72345.3601,1078.8597,393.8893,206.0901,1.6516,0.7924,58128.9174,279.127,0.726,0.9685,0.8298,0.7967,0.0066,0.0012,0.6105,0.9678,BARBUNYA
45281.0544,991.0801,469.6544,169.8947,2.8049,0.9334,52801.3748,229.2131,0.6836,0.9697,0.6126,0.5623,0.0091,0.0016,0.3472,0.9558,HOROZ
18665.556,612.941,233.5152,148.3943,1.8015,0.8228,23813.2661,170.923,0.8138,0.9826,0.8211,0.7716,0.01,0.0032,0.6169,0.9827,DERMASON
54348.7153,953.1807,352.2582,208.9241,1.9188,0.862,78185.0421,277.6963,0.5915,0.946,0.757,0.7044,0.0064,0.0022,0.5548,0.9579,BARBUNYA
26515.4326,605.6134,216.9602,139.2539,1.4197,0.6342,23367.8499,161.3544,0.8164,0.9686,0.916,0.8582,0.0066,0.0023,0.7579,0.9862,SEKER
29557.9131,590.0949,256.8355,141.0019,1.5094,0.7058,27982.9712,165.1577,0.7978,0.9613,0.9103,0.7257,0.0087,0.0029,0.7821,0.9908,DERMASON
25454.0393,587.204,199.7758,170.1921,1.5566,0.7297,28262.6247,196.6118,0.7826,0.9674,0.8745,0.8399,0.0061,0.0024,0.6785,0.9924,SEKER
37770.3463,950.0574,304.9276,202.1273,1.9649,0.8495,55453.0361,287.4659,0.6769,0.9612,0.76,0.6724,0.0063,0.0018,0.5199,0.9683,BARBUNYA
48652.5513,1068.89,434.1646,143.5175,2.9659,0.8744,43399.1938,234.2555,0.7275,1.0,0.4965,0.6293,0.009,0.0007,0.3394,0.9457,HOROZ
84934.4811,1156.7273,442.8695,274.5099,1.6829,0.7391,87397.0154,335.1182,0.6889,0.9777,0.8069,0.7786,0.0046,0.0014,0.6045,0.9829,BOMBAY
41259.8728,899.0365,415.8465,163.3309,2.6255,0.9183,42816.6725,215.9564,0.6176,0.9662,0.5305,0.5832,0.0066,0.0011,0.4111,0.9458,HOROZ
70056.6158,1134.4508,428.5701,246.5317,1.4949,0.7797,87960.6654,310.2648,0.6907,0.9667,0.8129,0.7716,0.0046,0.0019,0.6784,0.9764,BOMBAY
20108.4574,622.327,205.597,153.717,1.2747,0.81,31004.1394,175.0022,0.7576,0.9718,0.8457,0.8946,0.0099,0.0027,0.5242,0.9593,DERMASON
49992.6889,1032.1866,410.1635,170.8055,2.6819,0.9119,55698.3369,193.715,0.6541,0.97,0.5645,0.6104,0.0069,0.001,0.4123,0.9426,HOROZ
31056.3393,583.2559,179.3933,156.9346,1.4782,0.5939,27841.1442,187.3488,0.7915,0.9756,0.8943,0.8025,0.0089,0.0033,0.7089,0.9919,SEKER
21154.4297,607.2624,247.8961,159.275,1.3664,0.6955,26857.9483,194.6647,0.7889,0.9483,0.8292,0.7948,0.0091,0.0022,0.6884,0.9853,DERMASON
31584.3483,663.6797,215.3024,162.8413,1.3982,0.6266,22566.5167,193.7046,0.7213,0.972,0.8961,0.8726,0.0087,0.0022,0.747,0.9893,SEKER
23581.8463,586.8207,225.798,146.0795,1.4565,0.8115,25151.7643,203.7654,0.6535,0.9759,0.8866,0.8182,0.0092,0.0027,0.665,0.9744,DERMASON
47427.2799,1052.793,399.4713,189.9433,2.339,0.923,55622.9101,237.9273,0.6525,0.9637,0.6905,0.6918,0.0062,0.0015,0.5013,0.9555,CALI
65084.2189,1010.2624,352.5056,184.3711,2.0536,0.8475,52482.1444,259.9511,0.6874,0.9422,0.7841,0.7818,0.0061,0.0015,0.5253,0.968,BARBUNYA
56978.4105,971.464,396.6895,157.9982,2.7084,0.9408,48068.2856,232.0135,0.6619,0.9658,0.5407,0.5691,0.0079,0.0009,0.3456,0.9651,HOROZ
50103.6528,1113.8208,372.8659,185.0992,1.9427,0.8961,59499.8469,273.5277,0.6229,0.9561,0.5972,0.7312,0.007,0.001,0.39,0.9534,CALI
54882.747,1009.431,410.0824,187.1685,1.9752,0.9111,63488.4886,260.0246,0.6388,0.9819,0.6643,0.6195,0.0065,0.0013,0.3452,0.9673,CALI
24145.5997,678.1878,227.5094,149.755,1.5209,0.6711,19690.4574,171.9318,0.7166,0.9736,0.6848,0.8094,0.0076,0.0019,0.6398,0.9724,SIRA
56527.9327,1118.6338,402.1137,150.1777,2.8538,0.9233,49972.3115,250.7635,0.6803,0.9636,0.4621,0.5859,0.0082,0.0013,0.3754,0.9548,HOROZ
45981.6074,895.9719,402.0394,184.1637,1.8746,0.8235,76296.0047,269.1679,0.7825,0.9664,0.7183,0.8195,0.0067,0.002,0.5765,0.9887,BARBUNYA
47218.1621,1019.232,422.8717,129.0034,2.6167,0.9438,26996.5352,240.4495,0.6214,0.9655,0.5393,0.6225,0.0094,0.0014,0.3725,0.9672,HOROZ
29693.1464,602.3023,234.9459,154.7143,1.528,0.6813,26415.3847,161.0592,0.7129,0.9738,0.8609,0.8584,0.0076,0.0026,0.6888,0.9915,SEKER
30956.8014,1066.6391,449.9079,205.9191,1.6966,0.8239,60701.6795,311.8749,0.7363,0.9701,0.7732,0.7254,0.0071,0.0027,0.516,0.9673,BARBUNYA
23600.1984,629.5835,256.4638,156.7523,1.3295,0.7766,22603.1593,187.7667,0.7772,0.9789,0.7467,0.8059,0.0102,0.0024,0.5189,0.9954,SIRA
30137.5117,725.6387,270.6789,156.6106,1.5253,0.7996,31476.1103,185.5665,0.7345,0.9718,0.8834,0.722,0.01,0.0026,0.6876,0.9846,SIRA
81767.3408,1120.924,414.2756,287.7163,1.6872,0.8271,95239.5104,306.1678,0.7087,0.9727,0.9052,0.7296,0.005,0.0014,0.5809,0.9813,BOMBAY
88703.1861,999.8579,417.6772,247.2644,1.6302,0.7803,86296.7085,332.7066,0.6738,0.9623,0.8235,0.752,0.0048,0.0015,0.6252,0.9801,BOMBAY
52099.8534,956.3832,379.9929,198.856,1.7986,0.8023,46864.0221,261.0662,0.746,0.9804,0.7409,0.7562,0.0071,0.0019,0.4933,0.9787,BARBUNYA
52513.2071,1108.7181,374.475,175.8607,1.9599,0.9288,47943.0202,275.5717,0.5675,0.947,0.7362,0.6564,0.0071,0.0016,0.4846,0.9676,CALI
22530.0962,735.1977,172.701,133.665,1.348,0.69,34016.7772,188.6791,0.782,0.9792,0.8738,0.7913,0.0086,0.0028,0.8285,0.9864,SEKER
90311.2717,1151.1499,428.79,273.4242,1.6904,0.7957,87159.7268,325.9163,0.778,0.9623,0.8231,0.7594,0.0047,0.0015,0.6605,0.9804,BOMBAY
56905.0787,965.3562,422.2506,161.3015,2.1251,0.878,57602.4448,255.5718,0.6776,0.9613,0.7037,0.644,0.0071,0.0017,0.4144,0.9788,CALI
34230.9047,520.647,260.0956,147.0192,1.5612,0.7972,29809.1329,182.6132,0.7008,0.9595,0.7935,0.7748,0.0082,0.0019,0.652,0.9718,SIRA
24516.4857,567.7776,200.8858,145.2103,1.4914,0.7029,25075.1466,176.8981,0.8213,0.9703,0.9143,0.8762,0.0073,0.0028,0.6332,0.9775,DERMASON
56096.7334,998.2674,416.1507,143.901,2.6403,0.9708,52335.1534,265.6439,0.6544,0.9791,0.4677,0.6235,0.0094,0.0014,0.3752,0.9538,HOROZ
56971.5623,943.9816,380.5783,176.9511,1.745,0.9121,66711.7871,254.797,0.7139,0.9558,0.7055,0.7488,0.006,0.0022,0.5369,0.9626,BARBUNYA
55401.9905,918.358,380.1234,210.1596,1.824,0.8826,54184.2979,255.0098,0.694,0.956,0.8096,0.7331,0.007,0.0021,0.4523,0.9695,BARBUNYA
31216.7846,1029.5044,407.0703,145.9509,2.8052,0.932,44071.4397,235.1482,0.6711,0.9665,0.5158,0.6332,0.0086,0.0017,0.3834,0.9606,HOROZ
24577.8026,525.9096,227.8746,149.1971,1.4953,0.6891,32939.9545,170.8517,0.8152,0.9537,0.9075,0.8429,0.0092,0.0026,0.7541,0.9925,SEKER
99731.67,1055.752,471.5289,282.5942,1.6029,0.7814,89779.3069,351.9089,0.7179,0.9582,0.8619,0.8027,0.0049,0.0014,0.6122,0.9719,BOMBAY
33029.4976,678.5658,216.8272,151.1863,1.6999,0.7651,25226.7429,181.1124,0.7411,0.98,0.7736,0.8114,0.0104,0.002,0.628,0.9794,SIRA
19623.0527,721.398,262.975,153.7134,1.4629,0.6952,19830.1651,202.5713,0.8004,0.9562,0.8643,0.8229,0.0089,0.003,0.538,0.9991,SIRA
57786.2051,1017.3671,371.1916,190.0436,2.359,0.9358,57204.873,258.6996,0.6958,0.958,0.6238,0.6898,0.006,0.0011,0.4227,0.9629,CALI
68710.3099,981.0446,397.1228,168.5639,2.4306,0.8853,57301.9506,239.0421,0.6885,0.9548,0.6754,0.6939,0.0071,0.0013,0.4143,0.9801,CALI
39293.1249,1003.6365,387.028,157.5353,3.0182,0.9232,46527.3885,250.9475,0.6975,0.983,0.5686,0.6066,0.0095,0.0013,0.3929,0.9445,HOROZ
22479.2191,672.7252,205.6324,177.7938,1.3596,0.7139,25019.6681,206.4108,0.6911,0.9737,0.7868,0.8139,0.0102,0.0031,0.6195,0.99,SEKER
54472.6678,934.9955,426.0729,181.908,2.5206,0.8698,51072.4649,270.6894,0.6927,0.9574,0.6511,0.6797,0.007,0.0017,0.3909,0.9562,CALI
43573.0449,1151.5833,396.4583,149.7595,2.5324,0.9278,52396.8922,226.2421,0.7565,0.9851,0.5751,0.6166,0.0084,0.0013,0.3539,0.9485,HOROZ
40132.0565,1077.053,417.0166,141.1554,2.577,0.9174,55437.2716,205.3205,0.69,0.9461,0.5132,0.6276,0.0097,0.0012,0.296,0.969,HOROZ
34037.9987,748.9522,238.3766,145.6835,1.3747,0.7996,24090.088,204.9453,0.7224,0.9613,0.8334,0.8282,0.0094,0.0025,0.6327,0.9749,DERMASON
23714.8765,607.5379,210.8127,157.0345,1.807,0.6994,26751.5957,195.228,0.7178,0.953,0.8557,0.7771,0.0084,0.0031,0.6656,0.9846,DERMASON
46531.4775,900.8505,392.418,185.4033,2.0465,0.9094,58364.6704,263.2333,0.6762,0.9436,0.5956,0.6327,0.0074,0.0017,0.4054,0.9703,CALI
84344.3115,1127.2504,392.7809,271.7156,1.704,0.7698,84304.3156,353.9437,0.6833,0.9753,0.8309,0.782,0.0054,0.0009,0.591,0.9862,BOMBAY
39023.2851,1098.9221,383.3424,150.0091,2.8831,0.9619,39098.0475,251.3436,0.6629,0.9606,0.4807,0.5866,0.0095,0.0018,0.3972,0.9585,HOROZ
32081.3173,643.8548,248.9457,163.8154,1.6674,0.7559,27517.1146,193.7724,0.809,0.9716,0.6711,0.7303,0.0092,0.0024,0.6855,0.9665,SIRA
93551.9057,1195.0459,407.9435,268.87,1.7191,0.7629,92270.7166,341.6698,0.6001,0.9639,0.8656,0.8071,0.0047,0.0016,0.6464,0.976,BOMBAY
49031.367,904.6743,353.1563,141.1888,2.5451,0.9285,46942.7867,251.3368,0.632,0.9599,0.5593,0.5731,0.0105,0.0007,0.3884,0.9592,HOROZ
66756.9819,930.9753,396.3971,228.9083,2.2168,0.822,42065.0353,250.0328,0.794,0.9584,0.7844,0.749,0.0064,0.0021,0.6614,0.9954,BARBUNYA
32464.5024,637.529,258.4803,173.3827,1.6648,0.7706,29138.5037,173.3576,0.7155,0.9718,0.8749,0.7683,0.0087,0.0029,0.6041,0.9621,SIRA
33498.0607,645.2723,198.1485,151.659,1.6166,0.8073,30372.7358,227.0973,0.7873,0.9527,0.7274,0.7983,0.0087,0.0023,0.5939,0.9698,SIRA
94214.018,1124.5213,454.264,262.3028,1.644,0.7807,88994.2198,329.4149,0.7147,0.9684,0.8734,0.7682,0.0051,0.0012,0.6127,0.9753,BOMBAY
29719.4798,723.571,188.502,151.9955,1.5989,0.7149,25849.7904,188.8723,0.7405,0.9758,0.7348,0.8135,0.0098,0.0022,0.5981,1.0,SIRA
63494.1608,936.7275,351.0431,179.497,1.9672,0.8526,63948.1239,248.4927,0.6872,0.9486,0.6751,0.7401,0.0054,0.0028,0.5793,0.9824,BARBUNYA
26545.9464,617.693,245.7117,160.5251,1.5046,0.7455,31537.603,136.0473,0.7391,0.9746,0.8171,0.8342,0.009,0.0027,0.7026,0.9987,SEKER
21074.7255,534.3067,202.9373,149.2342,1.6135,0.7378,32412.2814,157.7071,0.789,0.9551,0.8559,0.7222,0.0086,0.0028,0.6535,0.9935,DERMASON
25573.8063,609.0646,239.6967,167.559,1.7443,0.7939,26783.7863,154.5864,0.8261,0.9624,0.8556,0.8024,0.0098,0.0031,0.6639,0.9708,DERMASON
26474.2621,661.5405,241.5344,133.5583,1.6176,0.8268,34857.8304,167.3957,0.8228,0.9927,0.799,0.8218,0.0089,0.0026,0.6245,0.9671,SIRA
28576.9614,634.4081,211.8834,148.4178,1.3111,0.6522,23071.0847,179.3574,0.7691,0.961,0.8607,0.8272,0.0083,0.0029,0.7289,0.9924,SEKER
29804.1046,666.3449,221.0595,167.9779,1.5707,0.7255,33351.242,162.3617,0.7403,0.9625,0.7629,0.8522,0.0097,0.0025,0.7298,0.9857,SEKER
57219.8752,1037.7174,408.1146,185.3155,1.91,0.9556,56471.1626,248.8816,0.6559,0.9524,0.6855,0.6431,0.0075,0.0017,0.4303,0.9711,CALI
70198.844,1064.8892,376.9886,182.8857,2.0008,0.8428,56435.7252,257.1167,0.6164,0.9767,0.7004,0.7129,0.0088,0.0018,0.5005,0.9618,CALI
26882.7041,718.7162,253.3417,153.9639,1.3739,0.7398,23466.72,179.2945,0.757,0.9792,0.7504,0.7604,0.0078,0.0032,0.6411,0.9983,SIRA
64667.4953,1005.4712,347.9885,199.2357,1.7937,0.8743,62825.0819,248.3839,0.6258,0.9441,0.7877,0.7678,0.0068,0.0015,0.4769,0.9779,BARBUNYA
24122.3107,648.0576,230.5819,146.9096,1.7052,0.9014,25894.0649,179.3156,0.7044,0.9784,0.8153,0.8241,0.0082,0.0024,0.5303,0.9888,SIRA
23580.3778,646.2286,265.1164,162.3011,1.4555,0.6861,24352.3442,196.5856,0.6874,0.9615,0.7552,0.7957,0.0077,0.0029,0.644,0.9957,SIRA
29471.5851,678.5782,223.0587,121.4012,1.4362,0.7578,34365.5808,146.7009,0.6769,0.9739,0.7707,0.8199,0.0101,0.0023,0.6729,0.9777,DERMASON
43178.6067,926.6583,441.4865,166.9989,2.5156,0.9555,42406.6638,252.3144,0.6417,0.9675,0.5881,0.6281,0.0099,0.0014,0.3512,0.9568,HOROZ
54182.5109,904.9616,471.1133,176.4955,2.3877,0.9092,50838.567,268.2073,0.6192,0.9328,0.7116,0.7289,0.0085,0.0017,0.4118,0.9681,CALI
34866.6562,638.6796,266.2149,156.8876,1.7159,0.7869,35818.5626,202.7687,0.8053,0.9765,0.8039,0.7931,0.0084,0.0027,0.6317,0.977,SIRA
58724.6818,921.1591,345.8805,189.3246,1.9862,0.8821,78617.8153,278.8823,0.6934,0.9536,0.7708,0.7739,0.0048,0.0015,0.4701,0.9906,BARBUNYA
28504.8859,708.8834,249.5415,147.6318,1.5319,0.7434,32923.9343,180.1786,0.7068,0.9752,0.8104,0.8693,0.0098,0.0025,0.5516,0.9662,SIRA
24050.5922,635.5539,183.228,163.4834,1.2406,0.7116,25246.8184,184.1337,0.7118,0.9702,0.903,0.8686,0.0083,0.0027,0.7773,0.9937,SEKER
25541.9061,651.9769,250.7689,148.2581,1.5664,0.7103,35278.2662,189.7241,0.6909,0.9604,0.7491,0.7248,0.0088,0.0027,0.5664,0.9829,SIRA
27908.4574,656.7807,233.4859,155.7576,1.2725,0.7442,28840.1627,164.1092,0.7757,0.9653,0.8654,0.8402,0.0089,0.0026,0.6623,0.9934,SEKER
47024.0305,1038.173,362.749,224.5661,1.7795,0.831,46270.767,287.1801,0.7066,0.9697,0.6613,0.7558,0.0079,0.0023,0.4936,0.9913,BARBUNYA
22945.1273,595.6975,202.6331,141.2451,1.5477,0.703,29906.9595,189.5061,0.8543,0.9737,0.8261,0.8887,0.0079,0.0031,0.7748,0.9721,DERMASON
96218.515,1190.5998,396.7223,272.4007,1.534,0.7319,90916.9301,300.5655,0.7379,0.9766,0.859,0.7746,0.0046,0.0012,0.5906,0.9853,BOMBAY
75872.4932,1055.5438,441.0544,273.2323,1.3876,0.8018,89952.0361,317.8062,0.6826,0.9676,0.8522,0.7749,0.0048,0.0014,0.6291,0.9742,BOMBAY
35390.9158,684.1975,230.453,158.7157,1.7788,0.736,32282.399,200.0251,0.8407,0.9729,0.708,0.764,0.0098,0.0022,0.5897,0.9747,SIRA
21031.8463,624.8444,237.3261,148.6572,1.3186,0.7553,21591.2813,193.0232,0.7872,0.9627,0.8645,0.8242,0.0076,0.0026,0.6847,0.9818,SEKER
55739.5735,1032.4441,408.9628,172.7118,2.734,0.9533,46886.3414,239.8778,0.6382,0.9551,0.5692,0.5688,0.0087,0.0014,0.3444,0.9437,HOROZ
29895.5536,540.7941,220.5825,153.5704,1.6001,0.7977,24617.9746,189.429,0.8384,0.9685,0.8664,0.7927,0.0085,0.0022,0.6441,0.9751,DERMASON
24369.3072,580.1193,217.4861,134.9739,1.3553,0.7745,28799.126,167.2375,0.7921,0.9709,0.8572,0.8324,0.0083,0.0025,0.7113,0.9937,SEKER
33717.3164,1016.532,393.7193,140.6057,2.9215,0.8874,52153.7822,214.7599,0.5755,0.9832,0.5203,0.6136,0.0085,0.0011,0.3046,0.95,HOROZ
40508.0788,1002.3144,467.1803,143.148,2.4624,0.9142,49171.508,222.8943,0.6349,0.9658,0.55,0.6228,0.0078,0.0012,0.3651,0.9472,HOROZ
72813.562,997.5657,411.5154,195.7317,1.7321,0.8262,65514.9014,322.8559,0.6617,0.9661,0.7301,0.795,0.0077,0.0019,0.5779,0.9781,BARBUNYA
23892.688,626.686,231.1687,149.3008,1.5714,0.7552,28903.9411,159.7055,0.7019,0.9765,0.7813,0.7552,0.0092,0.003,0.6234,0.9782,DERMASON
31848.311,711.2978,223.8361,126.9884,1.4918,0.7641,26894.4877,164.8408,0.7609,0.9816,0.8203,0.7879,0.0104,0.0022,0.607,0.9921,DERMASON
50448.3514,999.4443,391.3914,186.1894,1.9573,0.9128,56521.8466,261.7584,0.6992,0.9691,0.6579,0.6704,0.0071,0.0013,0.3925,0.9522,CALI
28501.1966,621.0841,238.881,170.7223,1.3384,0.6663,25021.9685,160.9229,0.797,0.9819,0.8697,0.8352,0.0094,0.0018,0.7289,0.9907,SEKER
27259.3779,564.5097,227.4071,138.6452,1.64,0.7153,35102.5143,184.9158,0.7435,0.9685,0.8945,0.81,0.009,0.0031,0.7149,0.982,DERMASON
61006.1134,1052.9493,313.1902,222.4502,1.8796,0.9207,56957.8643,294.8162,0.661,0.9815,0.7343,0.6793,0.0068,0.0021,0.626,0.9694,BARBUNYA
27316.8133,570.9491,236.9365,156.3042,1.674,0.7694,24107.7952,171.9341,0.7954,0.9802,0.7785,0.7383,0.008,0.0032,0.7128,0.9732,DERMASON
48475.0256,1127.7964,409.5053,145.7347,2.695,0.9522,51236.2088,244.1002,0.6658,0.9715,0.5485,0.5941,0.0089,0.0018,0.3361,0.9402,HOROZ
22515.4608,643.3662,219.7013,171.12,1.4432,0.6694,26485.6487,188.0036,0.7851,0.9531,0.9071,0.8332,0.0094,0.0028,0.6875,0.99,SEKER
63488.7699,939.3522,383.1589,220.5342,1.7929,0.8546,57971.2861,274.0046,0.7033,0.966,0.7306,0.704,0.0068,0.0017,0.552,0.9823,BARBUNYA
28417.9424,640.7563,241.0906,127.2443,1.4923,0.8188,27787.8023,180.5125,0.7276,0.9632,0.8336,0.7422,0.0085,0.003,0.6345,0.9787,DERMASON
57095.3114,1050.9366,341.6639,165.4988,1.7765,0.8082,53194.5343,233.7319,0.6429,0.9454,0.8079,0.6965,0.0064,0.0022,0.5296,0.9737,BARBUNYA
45427.3073,974.5944,337.5491,181.7411,1.4879,0.7968,60870.6775,242.8158,0.7191,0.9415,0.8563,0.7874,0.0047,0.0012,0.5512,0.9529,BARBUNYA
59530.6861,969.0164,385.3069,200.9882,2.1397,0.9053,58691.9987,260.1542,0.677,0.9513,0.6937,0.6573,0.0057,0.0016,0.4756,0.9673,CALI
85777.9106,1143.6021,442.6578,261.9019,1.6427,0.8293,91539.0308,307.4319,0.7246,0.9711,0.8512,0.8243,0.0049,0.0012,0.5778,0.9786,BOMBAY
22947.4721,575.2514,246.4682,169.1087,1.6257,0.7441,29963.1228,150.9947,0.7365,0.9714,0.7675,0.8539,0.008,0.0025,0.5834,0.9774,SIRA
77646.3898,1018.3378,437.4815,262.7786,1.6115,0.7568,99549.0619,323.7053,0.6901,0.9659,0.8885,0.8087,0.0045,0.0012,0.6106,0.9846,BOMBAY
91901.6029,1101.1088,401.676,258.6117,1.7845,0.7669,80718.973,331.0591,0.6863,0.9681,0.8721,0.8118,0.0048,0.0011,0.5909,0.9797,BOMBAY
85588.9515,1105.4679,429.9362,267.7887,1.5704,0.7571,72146.9824,323.92,0.7777,0.9733,0.8627,0.7405,0.0047,0.0012,0.6327,0.9801,BOMBAY
50017.3723,1084.4502,374.7534,175.4801,2.6528,0.9302,36843.9759,241.4898,0.7148,0.978,0.6421,0.575,0.0093,0.0009,0.3878,0.9319,HOROZ
49571.4242,990.5565,426.2905,155.3744,2.5223,0.9622,41836.9986,236.3202,0.5853,0.9735,0.5568,0.6004,0.0081,0.0012,0.3813,0.9551,HOROZ
18380.9031,607.2395,270.6005,123.0557,1.3801,0.6535,22465.5331,182.4401,0.7309,0.9619,0.8353,0.7565,0.0075,0.0025,0.6181,0.9805,DERMASON
50837.2744,1067.7729,305.3309,231.2836,1.7704,0.8281,58652.0205,288.4523,0.6825,0.9665,0.8081,0.8024,0.0068,0.0016,0.4765,0.9631,BARBUNYA
61917.8029,1021.5393,412.0456,192.156,1.8518,0.8628,64390.6532,237.056,0.6832,0.9665,0.8473,0.671,0.0074,0.0014,0.5724,0.9701,BARBUNYA
26623.7888,913.5107,443.5837,134.554,2.9163,0.9519,47467.348,245.5226,0.6037,0.9661,0.6188,0.6436,0.0094,0.0011,0.3435,0.951,HOROZ
58237.9857,1035.2274,401.2317,156.8892,2.4312,0.8605,48200.5154,246.8118,0.6013,0.959,0.7148,0.6933,0.009,0.0016,0.508,0.9511,CALI
64875.4574,1000.1536,398.9203,134.0258,2.9496,0.9397,57980.2612,242.8709,0.6108,0.9499,0.5907,0.6181,0.0073,0.0012,0.3611,0.9585,HOROZ
92347.2507,1070.0075,424.2925,283.8273,1.4712,0.751,85379.898,336.4333,0.7806,0.9793,0.8398,0.803,0.0044,0.0014,0.6588,0.9725,BOMBAY
22319.6317,660.4815,241.2437,134.52,1.6877,0.6629,23106.7571,186.066,0.7092,0.9657,0.8125,0.7307,0.0096,0.0032,0.651,0.987,DERMASON
23066.7362,612.5759,237.3576,150.2675,1.5721,0.7251,28688.7306,208.8794,0.6646,0.9758,0.7999,0.8196,0.0096,0.0025,0.8049,0.9949,SIRA
35218.9005,638.4067,205.5058,162.5386,1.6932,0.8098,29667.0041,157.6271,0.7283,0.9623,0.8804,0.7602,0.0103,0.0024,0.5291,0.9896,SIRA
86409.3942,1075.7359,460.712,257.7228,1.6983,0.7538,91974.5661,334.2854,0.6814,0.9763,0.8571,0.8153,0.005,0.0011,0.6045,0.9812,BOMBAY
80704.6187,1284.872,448.3537,249.611,1.7263,0.769,80490.2481,326.3485,0.6996,0.9743,0.8874,0.7703,0.0047,0.0014,0.5987,0.9834,BOMBAY
23732.1854,638.2376,232.5577,166.9894,1.502,0.6525,31517.6582,171.6929,0.7541,0.982,0.9029,0.8501,0.0071,0.0029,0.6885,0.9854,SEKER
92521.9187,1190.1953,413.4317,284.7334,1.6319,0.7871,97711.3389,341.9971,0.7894,0.9669,0.8788,0.8079,0.0049,0.0012,0.6305,0.9839,BOMBAY
55421.4939,914.5032,369.625,217.86,1.6102,0.8768,62444.8069,266.1164,0.7629,0.9707,0.7627,0.7867,0.0056,0.0016,0.633,0.9806,BARBUNYA
30883.4874,623.2112,218.5638,164.6725,1.2902,0.7097,27339.8869,195.4716,0.7613,0.9664,0.8848,0.8482,0.0071,0.0026,0.7834,0.9895,SEKER
40962.1605,1061.9875,362.9215,197.9373,1.8792,0.8665,64566.2047,251.7858,0.6539,0.9797,0.6545,0.6994,0.0059,0.0021,0.5667,0.9731,BARBUNYA
48036.2028,943.3649,366.0714,202.7697,1.7483,0.8735,51957.2966,238.6953,0.7045,0.9725,0.8784,0.7388,0.0062,0.0019,0.5499,0.9685,BARBUNYA
23654.5188,600.0584,236.2044,175.3166,1.5855,0.7724,22194.018,179.8387,0.7131,0.9698,0.8839,0.8431,0.0091,0.0028,0.6759,0.9804,DERMASON
65671.6538,935.3407,410.1824,202.7789,1.8341,0.8202,69712.3853,274.2806,0.7112,0.9452,0.7571,0.6998,0.006,0.0012,0.5855,0.9689,BARBUNYA
29477.3733,643.5702,210.6668,151.4779,1.489,0.7605,30474.9545,179.7169,0.7731,0.9775,0.9401,0.7547,0.0096,0.0025,0.7823,0.9896,DERMASON
31227.0173,639.5608,263.9885,150.5998,1.6979,0.8269,30544.995,176.7125,0.6352,0.9826,0.7671,0.7775,0.01,0.0021,0.5851,0.9701,SIRA
33098.3019,613.4121,205.313,136.4672,1.3967,0.8368,30149.448,193.0344,0.8247,0.9792,0.7882,0.7516,0.0098,0.0023,0.6038,0.9602,SIRA
46540.3038,986.9817,360.0259,140.858,2.6888,0.9269,48674.7104,229.5601,0.728,0.9729,0.5243,0.5963,0.0098,0.0011,0.3554,0.949,HOROZ
53493.7112,1033.3804,407.497,175.7243,2.2477,0.8544,52472.8072,255.4546,0.635,0.9616,0.6916,0.6986,0.0074,0.0015,0.3971,0.9575,CALI
96902.5669,1044.5265,438.5084,242.6572,1.5038,0.7856,82856.8201,342.6231,0.7002,0.9806,0.8752,0.7646,0.005,0.0014,0.6749,0.9738,BOMBAY
36540.7579,642.3137,247.5356,155.9362,1.693,0.6678,32866.6992,185.7511,0.7605,0.9677,0.7273,0.7583,0.0101,0.0032,0.5283,0.9859,SIRA
32706.8538,656.4787,254.378,164.8756,1.4521,0.8282,25229.4821,196.3544,0.786,0.9754,0.847,0.7871,0.0084,0.0023,0.6407,0.9894,SIRA
36856.8928,1066.5891,406.1792,177.2498,2.7264,0.9261,46115.2517,262.7737,0.6495,0.978,0.6582,0.5548,0.0091,0.0011,0.3611,0.9443,HOROZ
49589.3968,911.0597,382.9457,132.9957,2.7436,0.9363,38913.8141,234.6509,0.6927,1.0,0.5539,0.6439,0.0077,0.0013,0.4744,0.9585,HOROZ
27976.7177,930.7483,462.3655,135.9215,2.54,0.9145,41343.6147,215.1339,0.5771,0.9867,0.539,0.6168,0.0091,0.0009,0.3898,0.9502,HOROZ
53023.5871,840.707,402.2764,144.3621,2.7823,0.9367,45032.5876,232.5763,0.7163,0.983,0.5665,0.6527,0.0104,0.0016,0.4165,0.9417,HOROZ
85703.2949,1071.4515,444.2779,275.9452,1.7078,0.7561,83979.2593,325.6794,0.7035,0.9692,0.8935,0.7569,0.0052,0.0009,0.6853,0.9734,BOMBAY
89718.5692,1186.7669,434.4885,281.9677,1.6253,0.7838,98500.6676,324.6398,0.6858,0.9615,0.8575,0.7798,0.0051,0.0015,0.6131,0.9721,BOMBAY
43703.7584,1057.7907,434.994,183.1382,2.1827,0.8838,48823.4087,244.8095,0.5922,0.9611,0.7321,0.6706,0.008,0.0019,0.4375,0.9638,CALI
98011.6428,1164.8545,418.8432,252.0224,1.4511,0.8089,104922.2745,334.8524,0.7486,0.9744,0.8215,0.7588,0.0046,0.0017,0.6327,0.9814,BOMBAY
91790.5033,1113.9695,445.963,269.3591,1.6691,0.7945,78441.7788,349.721,0.7562,0.9745,0.8571,0.7796,0.0047,0.0012,0.6217,0.9776,BOMBAY
22630.8187,677.8452,248.172,138.0291,1.5614,0.703,34011.8271,191.2667,0.6824,0.9629,0.8182,0.7752,0.0092,0.0022,0.5531,0.9733,SIRA
25219.9017,572.5792,232.3029,157.4076,1.3826,0.7231,27379.8873,165.3694,0.7311,0.9741,0.7675,0.7975,0.0119,0.0021,0.5767,0.9841,DERMASON
89395.4177,1101.7209,413.6766,273.507,1.7073,0.7812,86275.155,338.688,0.7558,0.9652,0.882,0.7899,0.005,0.0016,0.5573,0.9742,BOMBAY
65151.7289,958.4099,342.7229,184.2496,1.9944,0.8825,70705.5174,266.8147,0.6765,0.936,0.7428,0.767,0.0058,0.0017,0.5985,0.9752,BARBUNYA
26910.4372,632.4405,197.2698,157.5981,1.3558,0.6749,27586.2867,190.8592,0.7514,0.9782,0.8832,0.8992,0.005,0.0024,0.7829,0.9774,SEKER
31633.8459,620.3775,275.5941,151.1734,1.494,0.8677,32828.1331,185.475,0.7817,0.959,0.6784,0.7404,0.0101,0.0024,0.6191,0.9683,SIRA
28152.9456,649.5473,202.7021,153.1263,1.3977,0.6215,22535.9183,180.5884,0.7669,0.972,0.9147,0.838,0.009,0.0026,0.7103,0.9913,SEKER
25226.2076,604.3868,247.4754,134.3259,1.6439,0.6887,18151.516,203.3384,0.7679,0.9703,0.8067,0.8018,0.0095,0.0027,0.4994,0.9837,DERMASON
26610.14,593.0904,208.6273,127.9943,1.6191,0.8213,29093.9703,175.0774,0.7931,0.9763,0.8072,0.8086,0.0074,0.0029,0.6376,0.9738,DERMASON
55549.8511,892.1512,451.1771,165.0466,3.0269,0.915,53451.4774,228.1547,0.7029,0.9679,0.6205,0.5863,0.0097,0.001,0.2944,0.9487,HOROZ
19037.0062,690.0581,231.3385,143.8213,1.4957,0.7736,35041.8809,176.8073,0.7781,0.9662,0.879,0.782,0.0099,0.0028,0.5429,0.9874,DERMASON
50604.7158,1090.6653,397.0377,169.9084,2.2339,0.92,65261.6511,253.69,0.6259,0.9518,0.6504,0.6694,0.0094,0.0014,0.4008,0.9796,CALI
22968.8462,611.0464,208.8363,162.3541,1.3474,0.7182,25078.4849,175.242,0.8167,0.9684,0.8913,0.8111,0.0098,0.0021,0.7248,0.9889,SEKER
26542.6703,691.0739,234.2123,147.9612,1.6371,0.7655,26105.9232,155.3248,0.7226,0.9691,0.8514,0.8671,0.0092,0.0026,0.6189,0.9924,DERMASON
62075.9414,983.0874,382.7595,214.5983,1.9812,0.851,50939.5019,262.2273,0.7576,0.9622,0.8486,0.6837,0.0078,0.0015,0.4651,0.9609,BARBUNYA
62140.9416,940.2589,347.3429,223.6592,1.7058,0.9131,76233.5111,275.6535,0.7032,0.9584,0.7116,0.7777,0.0061,0.0018,0.6774,0.972,BARBUNYA
30021.0556,616.6341,279.9099,148.1101,1.4516,0.8212,31808.0769,227.732,0.7389,0.9647,0.7035,0.84,0.009,0.0026,0.6463,0.9818,SIRA
47493.9525,1068.0428,367.4623,151.7009,2.8772,0.9405,33348.2727,241.1146,0.6353,0.9791,0.5908,0.6143,0.01,0.0012,0.4147,0.9328,HOROZ
44887.1505,1154.0392,367.9655,154.579,2.763,0.9426,48694.7432,275.0117,0.6149,0.9735,0.5796,0.6358,0.0096,0.001,0.3576,0.9391,HOROZ
64176.8126,987.3125,337.4208,203.6471,2.1174,0.8042,68473.6643,263.131,0.7342,0.9535,0.8123,0.7919,0.0064,0.0018,0.5835,0.9767,BARBUNYA
25239.6569,507.9057,235.4443,148.72,1.3173,0.7234,30681.9244,190.8396,0.8081,0.9591,0.8608,0.8335,0.01,0.003,0.7078,0.9942,SEKER
24095.8676,572.4144,251.1221,154.6834,1.3485,0.6857,30469.6444,155.0515,0.7268,0.9722,0.8448,0.8067,0.0076,0.0028,0.7363,0.9998,SEKER
49471.4717,1169.634,424.8099,172.4167,2.3768,0.8667,51970.5074,266.387,0.6881,0.9694,0.6658,0.7208,0.0077,0.0017,0.4709,0.9456,CALI
51077.6489,1050.3015,410.3996,195.2262,1.7821,0.8516,43907.7272,276.9943,0.724,0.9618,0.7955,0.7407,0.0067,0.0022,0.5567,0.9862,BARBUNYA
51347.3123,1013.7534,450.2062,181.4104,2.0865,0.9048,50752.4453,260.93,0.6622,0.9592,0.7112,0.691,0.0068,0.0017,0.3756,0.9548,CALI
33668.9329,654.2014,201.441,146.6229,1.3747,0.7474,23215.4871,182.3144,0.7232,0.9538,0.8277,0.8035,0.0077,0.0022,0.6085,0.9938,SIRA
23702.0901,691.8173,242.5763,150.3567,1.6997,0.8382,27287.8595,196.0088,0.7882,0.9512,0.7207,0.8054,0.0077,0.0023,0.6505,0.9864,SIRA
43907.0584,905.4211,406.2573,148.6271,2.7497,0.9317,31179.8083,225.9666,0.7056,0.9812,0.5546,0.6528,0.0067,0.0014,0.3677,0.9426,HOROZ
63383.713,1116.2891,398.7323,176.9451,2.4746,0.8933,56254.0434,251.687,0.6823,0.9629,0.5646,0.6577,0.0075,0.0017,0.3731,0.9615,CALI
29554.8936,572.1939,224.7634,139.8618,1.501,0.7856,21863.3098,174.7561,0.7851,0.9858,0.7959,0.8085,0.0098,0.0022,0.6453,1.0,SIRA
48165.0795,955.5861,382.35,196.6686,2.125,0.82,64381.2137,256.1596,0.6713,0.9582,0.8141,0.7398,0.0076,0.0019,0.5262,0.9631,BARBUNYA
86412.2177,1062.1858,390.0337,239.258,1.7157,0.7743,95799.0392,307.9325,0.8102,0.9679,0.8801,0.7695,0.0052,0.0016,0.5511,0.9831,BOMBAY
83161.4315,1163.1743,406.2275,240.2275,1.606,0.7538,96388.5739,320.2,0.5997,0.9666,0.8588,0.7825,0.0049,0.0012,0.5923,0.9856,BOMBAY
46597.8222,1030.0832,402.1472,154.1089,2.6106,0.9217,45179.0759,229.0868,0.6633,0.9827,0.5729,0.6499,0.009,0.0012,0.3557,0.9436,HOROZ
33103.0741,658.1265,248.7203,138.8202,1.3962,0.874,26628.3085,192.7285,0.6783,0.9763,0.8628,0.8531,0.0084,0.0021,0.6408,0.9682,SIRA
44339.0457,963.7699,362.0508,211.1963,1.8334,0.8765,52074.9557,275.645,0.7038,0.9609,0.8382,0.7613,0.0068,0.0021,0.5732,0.9675,BARBUNYA
59198.7016,957.102,409.3371,183.2542,2.2313,0.8566,59594.2196,253.3346,0.6634,0.9565,0.6405,0.6744,0.0089,0.0017,0.4415,0.9521,CALI
54796.2148,1092.018,407.2076,165.0908,2.4216,0.939,55143.9237,266.1946,0.7801,0.9718,0.5678,0.6206,0.0094,0.001,0.3528,0.9367,HOROZ
42655.5677,990.4322,428.491,179.1146,3.0744,0.937,52264.6822,241.8352,0.6589,0.9868,0.541,0.5713,0.0072,0.0011,0.378,0.9579,HOROZ
89894.6751,1053.6623,434.725,271.5699,1.669,0.7943,103217.279,344.3399,0.7271,0.9643,0.7917,0.8238,0.0046,0.0012,0.6402,0.9773,BOMBAY
31234.2962,630.4285,209.4581,153.5614,1.7047,0.7245,25327.1961,174.5482,0.8181,0.9639,0.7209,0.8434,0.0079,0.0031,0.5673,0.9914,DERMASON
66444.9824,1051.5139,359.0047,201.6209,2.1867,0.8284,54990.8789,280.384,0.7389,0.9593,0.779,0.7276,0.0056,0.0019,0.6156,0.9592,BARBUNYA
45398.4104,920.1063,363.1547,189.0795,2.2931,0.8791,53934.6261,263.582,0.6977,0.9452,0.6572,0.6887,0.0073,0.0015,0.4804,0.9492,CALI
72191.3779,1074.7531,475.2776,252.9264,1.6181,0.802,82708.9715,352.8466,0.6909,0.9675,0.8965,0.7704,0.0044,0.0015,0.6345,0.9889,BOMBAY
77585.5922,1041.9028,460.6215,255.2597,1.6074,0.8303,85463.3671,340.0639,0.7149,0.9768,0.8925,0.7835,0.0049,0.0014,0.6484,0.9805,BOMBAY
57593.1599,1060.7037,372.5278,198.5433,2.0999,0.8806,49692.8071,259.1232,0.5884,0.965,0.7225,0.7036,0.0068,0.0015,0.4832,0.9682,CALI
56422.38,1091.4877,338.9471,172.3978,2.4011,0.8905,63199.2855,222.3019,0.6865,0.9686,0.6025,0.6786,0.0061,0.0015,0.4593,0.9479,CALI
63228.6757,1005.0853,366.6499,191.0405,2.1573,0.9254,59439.6392,253.1675,0.6812,0.9635,0.75,0.6449,0.0061,0.0012,0.5,0.9607,CALI
48088.4116,937.5452,380.4749,195.9239,2.0109,0.8709,71978.1873,273.116,0.6579,0.9605,0.8763,0.7834,0.0065,0.002,0.5377,0.9668,BARBUNYA
27580.1192,615.7585,182.743,166.8265,1.3162,0.7521,30864.138,178.3426,0.7714,0.9676,0.8517,0.9429,0.0074,0.0027,0.7696,0.9881,SEKER
62734.9456,1026.9031,432.3236,162.5428,2.3222,0.9433,68024.1595,261.3476,0.5997,0.9458,0.6031,0.6753,0.0084,0.001,0.3987,0.9547,CALI
90266.3816,1092.6021,416.2591,285.181,1.5853,0.8031,92054.1944,338.045,0.7649,0.9738,0.8127,0.7748,0.005,0.0011,0.5943,0.9779,BOMBAY
53852.1688,1007.8,368.9577,205.9811,1.7336,0.7693,39485.7754,237.5678,0.6398,0.9542,0.7604,0.7593,0.007,0.0014,0.6638,0.9689,BARBUNYA
21510.052,570.9915,244.0919,139.9001,1.3721,0.7333,22323.8956,178.778,0.7374,0.9602,0.8089,0.8304,0.0082,0.0031,0.7102,0.9893,DERMASON
27965.9402,625.5273,231.0743,146.7032,1.7487,0.7345,19805.788,185.0681,0.7352,0.955,0.8682,0.716,0.0092,0.0029,0.6128,0.9777,DERMASON
32208.4366,666.8066,227.7274,150.0894,1.3953,0.6402,28923.6625,177.8859,0.6806,0.9793,0.8777,0.8824,0.0082,0.0028,0.7758,0.9919,SEKER
31355.2756,681.5992,219.2443,134.6355,1.5969,0.6998,28193.6641,189.3701,0.8332,0.9567,0.6985,0.7334,0.0083,0.0022,0.5303,0.9935,SIRA
90661.3989,1245.1153,404.9737,285.321,1.5792,0.7889,81818.2014,325.9422,0.7442,0.9657,0.8,0.7638,0.0043,0.0009,0.6222,0.9764,BOMBAY
23951.4552,587.8704,208.6006,163.9919,1.37,0.7968,23904.7591,167.7146,0.8007,0.9842,0.8902,0.8751,0.0097,0.0027,0.6489,0.9873,SEKER
23540.9445,791.1154,242.6792,162.7561,1.6522,0.8222,23899.0211,181.5009,0.6998,0.9726,0.7886,0.7294,0.0081,0.0029,0.6106,0.9838,SIRA
21053.4468,681.9766,201.6696,129.202,1.6356,0.7775,24075.3989,179.7096,0.7159,0.9623,0.8291,0.844,0.0111,0.003,0.6025,0.9842,DERMASON
52259.8307,1085.7319,403.9696,165.5459,2.239,0.9244,55608.0358,273.7195,0.6149,0.9599,0.5772,0.6396,0.0068,0.0016,0.4478,0.9787,CALI
26995.4299,603.2744,246.2491,155.0286,1.2751,0.7033,22624.0277,204.0986,0.7808,0.956,0.9132,0.9211,0.0063,0.0031,0.7442,0.9909,SEKER
22384.1448,606.8552,205.2012,159.078,1.5259,0.8229,27426.7398,186.017,0.7497,0.9722,0.8326,0.8228,0.0106,0.0027,0.5904,0.9801,DERMASON
54246.8528,1035.0279,346.8459,223.8797,1.772,0.8856,60712.0672,280.2194,0.5915,0.9596,0.7892,0.7586,0.0062,0.0021,0.5379,0.9589,BARBUNYA
55061.7078,1130.4205,428.4399,199.3467,2.0785,0.8559,54865.5135,278.0506,0.64,0.9727,0.6719,0.6741,0.0074,0.0011,0.4592,0.975,CALI
49023.3292,918.0166,459.3911,162.4478,2.9215,0.9351,49574.2545,246.3116,0.644,0.981,0.6159,0.5658,0.0101,0.001,0.374,0.9406,HOROZ
49535.0058,1091.8764,440.2446,161.1905,2.7935,0.907,50067.5437,257.4303,0.6767,0.9839,0.6175,0.6592,0.008,0.0011,0.4524,0.9528,HOROZ
32207.7524,992.8516,363.5988,146.5677,2.6483,0.9609,44653.2268,232.2287,0.6569,0.9747,0.566,0.6059,0.008,0.0015,0.3638,0.9439,HOROZ
26181.5935,667.4309,248.7179,155.4677,1.4637,0.7242,26147.7489,194.8622,0.825,0.9715,0.8353,0.8451,0.01,0.0029,0.6454,0.973,DERMASON
31137.4068,680.2626,235.7286,145.131,1.6165,0.9256,24874.8609,174.8381,0.6795,0.9661,0.7285,0.7756,0.0084,0.0022,0.687,0.9665,SIRA
31233.6643,690.1778,257.5391,158.4227,1.4159,0.7008,27090.0723,190.0508,0.7652,0.9681,0.9404,0.8549,0.0084,0.0031,0.7275,0.9915,SEKER
55237.6712,976.3342,386.5768,211.9322,1.9731,0.7723,52366.4877,256.3844,0.842,0.952,0.7669,0.8476,0.007,0.0022,0.6011,0.9542,BARBUNYA
47886.8623,1080.7024,340.9923,206.3766,1.8282,0.7753,62762.5443,270.3784,0.629,0.9703,0.7168,0.6689,0.0074,0.0017,0.4802,0.9643,BARBUNYA
87035.2233,966.8361,370.7372,175.3883,1.8767,0.8373,53796.4982,302.3957,0.7005,0.95,0.7054,0.7694,0.0061,0.0015,0.4488,0.9687,BARBUNYA
31241.4066,642.5125,248.0444,157.3426,1.3988,0.7232,31618.7315,177.6697,0.8454,0.9712,0.8702,0.8633,0.0074,0.002,0.8228,0.9953,SEKER
30217.4159,683.9613,236.6111,153.6437,1.516,0.7445,18908.1156,185.667,0.6689,0.9731,0.8736,0.8211,0.0088,0.0026,0.5923,0.966,DERMASON
39535.1032,960.2336,404.8122,120.6018,2.7447,0.9154,47730.5428,234.2082,0.6932,0.9732,0.5091,0.6525,0.0098,0.0013,0.3731,0.9436,HOROZ
54423.3474,1084.5699,429.7338,160.9827,2.382,0.9496,54657.3076,250.8154,0.7058,0.9714,0.6244,0.6589,0.0082,0.0013,0.4722,0.9702,CALI
18025.4453,587.9371,179.0082,173.4927,1.4558,0.6406,30239.0233,213.8324,0.7451,0.983,0.8845,0.8429,0.0072,0.0025,0.7003,0.9784,SEKER
17868.5774,582.2431,239.8143,157.9347,1.9028,0.8654,29881.0082,193.0317,0.7564,0.9613,0.8349,0.7556,0.0087,0.0024,0.6264,0.9816,SIRA
84554.0884,1170.4957,461.1462,257.5005,1.7475,0.8055,90630.8622,335.6754,0.7121,0.9653,0.8656,0.8167,0.0053,0.0012,0.6262,0.9816,BOMBAY
64982.9323,1021.7985,428.3808,198.2613,2.0396,0.929,38687.9156,233.8485,0.6651,0.9458,0.8358,0.7294,0.006,0.0022,0.5891,0.9642,BARBUNYA
22841.8365,665.1249,219.2427,150.9547,1.4214,0.7156,28820.9551,191.5118,0.778,0.9676,0.7349,0.7628,0.0076,0.0025,0.5773,0.9816,SIRA
36254.9098,702.1945,233.2024,150.3189,1.5979,0.7245,31338.343,203.751,0.6975,0.9782,0.8646,0.7973,0.0099,0.0026,0.6864,0.9905,SIRA
36875.2983,958.5437,462.2759,147.1812,2.781,0.9003,46969.1811,231.6823,0.7034,0.9708,0.6284,0.5758,0.0076,0.0011,0.3744,0.9399,HOROZ
53725.0957,928.8091,393.3662,170.4967,1.7624,0.8716,55543.548,264.7699,0.722,0.9749,0.8208,0.7096,0.0051,0.0018,0.4886,0.9652,BARBUNYA
22768.7932,674.407,220.0247,143.1769,1.7557,0.7568,23680.7452,163.7143,0.75,0.9727,0.8795,0.7371,0.0097,0.0036,0.6373,0.9776,DERMASON
27714.8095,588.4267,193.044,166.6317,1.411,0.7119,29973.0578,162.8996,0.7748,0.9499,0.8908,0.8174,0.0088,0.003,0.693,0.9899,SEKER
27244.4233,658.3895,211.5854,144.4554,1.6226,0.7136,18247.1425,158.3855,0.7807,0.9604,0.8303,0.8726,0.008,0.0026,0.6155,0.9842,DERMASON
51355.2114,1029.2202,324.7016,203.5145,1.9833,0.8923,50532.8303,291.3196,0.6846,0.9609,0.7739,0.6872,0.0076,0.002,0.5105,0.9641,BARBUNYA
29202.3243,643.5591,239.8782,129.3382,1.6291,0.7106,26559.671,174.0764,0.7512,0.9639,0.8256,0.8533,0.0108,0.0029,0.6173,0.9712,DERMASON
45509.8546,939.5368,384.6159,194.446,2.0007,0.8269,50653.1035,294.1814,0.7503,0.9575,0.6794,0.6964,0.0062,0.0018,0.6219,0.9707,BARBUNYA
56711.1988,1007.0593,379.6836,172.9984,2.2603,0.9172,46304.5694,289.0339,0.6927,0.9634,0.6907,0.6599,0.0086,0.0016,0.3827,0.966,CALI
53775.2374,938.6838,349.9251,198.5231,1.6809,0.7984,52155.3641,265.152,0.5759,0.9654,0.8316,0.7118,0.0069,0.0017,0.4385,0.9671,BARBUNYA
47254.9344,960.2652,406.9507,180.2126,2.41,0.9199,43961.5576,236.8845,0.6335,0.9606,0.6256,0.6513,0.0074,0.0015,0.4668,0.9553,CALI
28979.0629,578.8734,226.5118,163.9806,1.5233,0.6971,30179.4023,182.9712,0.7137,0.9786,0.9372,0.8463,0.0104,0.0031,0.82,0.9891,SEKER
63026.3233,1095.138,434.2099,186.3309,2.1199,0.896,69371.273,266.9692,0.6348,0.9726,0.7133,0.6818,0.008,0.0017,0.4329,0.9715,CALI
25107.6375,634.7415,205.5549,161.2442,1.3584,0.7001,31105.1369,176.5122,0.7928,0.9642,0.8221,0.7962,0.0094,0.0025,0.6094,1.0,SIRA
23001.9438,673.3517,205.6951,157.7889,1.3912,0.7337,22695.8601,187.8742,0.791,0.9781,0.8616,0.8801,0.0076,0.0032,0.7376,0.983,SEKER
25155.4325,676.0695,194.1052,148.109,1.5511,0.75,24063.0473,174.7396,0.7727,0.9551,0.824,0.7836,0.009,0.0025,0.5975,0.9812,DERMASON
50095.0607,908.2906,423.7445,143.1451,3.0653,0.9393,51805.1292,254.2035,0.6576,0.9822,0.534,0.5865,0.0092,0.0014,0.3444,0.955,HOROZ
55043.5295,970.0258,369.4989,179.1724,2.8534,0.9162,45171.0289,243.4067,0.6959,0.9672,0.5729,0.5824,0.009,0.0014,0.4782,0.961,CALI
59920.466,969.1781,410.3892,215.7102,1.7845,0.8789,58618.3199,290.751,0.6711,0.9609,0.7316,0.6774,0.0056,0.0021,0.5872,0.9621,BARBUNYA
50221.1397,1027.2946,462.9708,175.8335,2.0653,0.9092,55378.5037,239.4863,0.7409,0.9547,0.67,0.7038,0.007,0.0014,0.4609,0.9664,CALI
100492.8098,1173.0117,435.393,277.2503,1.5994,0.7125,83296.8045,341.4904,0.7551,0.9752,0.8674,0.804,0.0048,0.0009,0.5861,0.9768,BOMBAY
67868.1706,893.4245,354.3751,206.6611,1.8145,0.8299,65920.2554,289.9949,0.5996,0.9603,0.8231,0.8032,0.0046,0.0016,0.555,0.9658,BARBUNYA
87874.7557,1103.9423,395.8986,265.9025,1.6156,0.7459,76730.6314,315.7154,0.7335,0.9712,0.9021,0.8004,0.005,0.0013,0.6159,0.9799,BOMBAY
19834.534,690.7508,205.7257,156.2295,1.8367,0.7571,17415.2876,174.1964,0.8163,0.9907,0.8745,0.8085,0.0093,0.0028,0.5715,0.9711,DERMASON
58916.1597,978.0384,408.9133,165.9951,2.8474,0.9795,48287.9732,260.2976,0.6337,0.969,0.5839,0.5473,0.0089,0.001,0.3793,0.9491,HOROZ
22221.4944,655.8598,248.9074,145.7184,1.6844,0.7385,18382.9457,186.9766,0.7599,0.9648,0.8758,0.8396,0.0095,0.0029,0.6075,0.9793,DERMASON
46384.8531,1078.9524,419.9026,164.1199,2.4515,0.946,34978.632,254.8225,0.593,0.9803,0.6421,0.6507,0.0074,0.001,0.5239,0.9548,CALI
59149.006,1022.9128,398.2442,199.2779,2.2277,0.8976,62760.1576,257.0665,0.6865,0.9558,0.6583,0.6535,0.0079,0.0016,0.5996,0.9672,CALI
89885.7883,1069.5406,426.9745,265.3022,1.6699,0.7617,88685.0079,337.6075,0.7381,0.9749,0.8508,0.7967,0.0045,0.0009,0.6055,0.9743,BOMBAY
57921.0693,1123.0398,409.0868,181.0966,2.1036,0.9369,54051.1699,254.7119,0.7258,0.9702,0.7116,0.6578,0.0078,0.0013,0.5112,0.9626,CALI
50202.8993,974.6629,398.7736,137.5596,2.758,0.9342,40485.2563,245.2576,0.6001,0.9793,0.4854,0.5512,0.0082,0.0012,0.384,0.9507,HOROZ
48749.1921,936.3163,422.7518,169.1631,2.7847,0.9624,53304.9348,266.534,0.6193,0.9607,0.5523,0.5548,0.0098,0.0016,0.3596,0.9616,HOROZ
86944.5552,1187.9332,436.9347,256.4524,1.556,0.7838,99377.412,340.6602,0.7327,0.9776,0.855,0.7789,0.0047,0.001,0.6239,0.9729,BOMBAY
19104.6408,624.3043,249.424,140.9907,1.8878,0.8204,27015.4897,204.4535,0.8079,0.9777,0.7965,0.7801,0.0084,0.0024,0.6137,0.9802,SIRA
26088.848,614.946,213.0145,178.0872,1.4566,0.7541,20490.8553,183.4448,0.817,0.9773,0.8428,0.8273,0.0093,0.0026,0.7524,0.9908,SEKER
84307.4857,1104.2014,466.8222,279.7965,1.5528,0.7402,78728.0348,341.7502,0.714,0.9799,0.8663,0.7576,0.0047,0.0016,0.624,0.9825,BOMBAY
89406.2093,1079.4254,457.4379,265.247,1.7623,0.8191,94390.2719,350.8667,0.7089,0.9726,0.9052,0.7785,0.0049,0.0013,0.5642,0.9929,BOMBAY
48443.1588,910.2464,392.6923,152.4977,2.6179,0.9407,61037.8155,216.9387,0.6588,0.9595,0.5631,0.6587,0.0098,0.0012,0.3877,0.9284,HOROZ
28188.8051,583.3919,272.5549,146.708,1.3268,0.6897,23580.7142,192.7592,0.8421,0.9661,0.8769,0.8345,0.0083,0.0033,0.7647,0.9855,SEKER
61439.458,1109.1965,368.19,192.4798,2.2197,0.9343,48037.6423,257.4706,0.7022,0.9584,0.6506,0.6309,0.0064,0.0011,0.4559,0.9681,CALI
68065.4053,885.6121,340.9324,178.838,2.0648,0.9273,44659.8017,263.697,0.623,0.9412,0.7123,0.7989,0.0062,0.002,0.5893,0.9616,BARBUNYA
26083.0079,640.2217,226.368,170.0981,1.3129,0.6627,30695.7786,183.9959,0.815,0.9775,0.8522,0.8764,0.008,0.0031,0.8127,0.9955,SEKER
43035.949,981.8256,403.51,162.2807,2.6491,0.9026,37602.7268,248.9876,0.7178,0.9692,0.523,0.606,0.0095,0.0017,0.4535,0.973,HOROZ
23087.3591,610.8886,229.1649,148.8776,1.5571,0.83,26755.5777,176.5169,0.6974,0.9812,0.8961,0.87,0.0068,0.0025,0.6345,0.9801,DERMASON
55507.9325,1013.3383,379.5543,192.5303,2.8204,0.9186,53113.8697,232.8243,0.6058,0.9535,0.6848,0.7262,0.0069,0.0017,0.3934,0.9585,CALI
24713.6659,610.5507,252.7306,125.3219,1.61,0.6934,28112.3382,174.835,0.7454,0.9605,0.7123,0.8171,0.009,0.0036,0.6629,0.9818,SIRA
82019.0755,1280.8175,414.1442,273.3599,1.6302,0.7395,91311.0143,329.9336,0.6963,0.9721,0.8477,0.7637,0.0048,0.0011,0.6739,0.9772,BOMBAY
22861.4039,597.1681,228.2977,166.7809,1.2797,0.7449,21413.3381,182.0832,0.7577,0.9629,0.9153,0.7796,0.0076,0.0023,0.7637,0.9978,SEKER
25886.9719,623.0601,201.408,178.4142,1.4339,0.75,25036.132,174.973,0.7572,0.9614,0.8971,0.8714,0.0078,0.0026,0.7388,0.9862,SEKER
36440.5984,646.6898,225.803,154.8663,1.2789,0.631,30562.6284,186.224,0.8142,0.9762,0.7749,0.7729,0.0102,0.0031,0.7936,0.981,SIRA
49362.4025,1063.9343,375.5377,188.2049,1.8701,0.8061,43398.9128,294.53,0.6602,0.9523,0.6878,0.7504,0.005,0.0015,0.5616,0.9579,BARBUNYA
94028.5894,1123.8352,402.9146,268.5437,1.7068,0.7857,92868.6912,347.1928,0.759,0.966,0.8459,0.8051,0.0049,0.0012,0.6017,0.9793,BOMBAY
54893.0257,1018.9499,376.124,176.0961,2.2191,0.8843,66438.6551,262.6147,0.6511,0.9455,0.7401,0.6711,0.0069,0.0015,0.4676,0.9588,CALI
80353.0139,1129.6408,410.2505,260.2798,1.7133,0.7416,96947.23,324.4535,0.7217,0.9595,0.8254,0.8008,0.005,0.0013,0.5801,0.9796,BOMBAY
91720.244,1249.4041,419.1729,266.0982,1.7258,0.8186,89641.0486,314.315,0.6631,0.9715,0.815,0.7977,0.0052,0.0015,0.5576,0.9874,BOMBAY
109507.0076,1194.9085,418.5938,281.9184,1.6914,0.8154,88523.6866,348.1179,0.7453,0.9737,0.8727,0.782,0.0048,0.001,0.6096,0.9751,BOMBAY
50169.1144,1044.4524,293.8859,201.7774,2.078,0.9331,49526.0845,276.3192,0.6116,0.9664,0.6344,0.6745,0.007,0.0014,0.4798,0.9635,CALI
83604.3011,1148.8064,420.0244,258.2792,1.5548,0.7739,86163.0591,337.1306,0.7165,0.9665,0.859,0.7836,0.0046,0.0013,0.6065,0.9829,BOMBAY
28523.7213,643.474,223.8194,162.5496,1.3886,0.8009,25636.3027,165.0244,0.7025,0.9616,0.7767,0.891,0.0079,0.0021,0.696,0.9633,SIRA
47978.3263,889.9343,387.1573,192.0056,2.5618,0.948,50253.9952,264.3828,0.7283,0.9564,0.6873,0.6878,0.0076,0.0021,0.3751,0.967,CALI
66229.2409,961.8204,379.1111,171.1427,2.405,0.9087,64254.6289,271.311,0.6576,0.9554,0.6394,0.6768,0.0073,0.0012,0.4015,0.9482,CALI
54393.4001,1018.8038,386.11,179.4626,2.2444,0.8003,76979.0955,266.4016,0.7033,0.9575,0.8299,0.8116,0.0067,0.0016,0.5081,0.9767,BARBUNYA
53449.5537,1022.7382,419.6142,143.0735,2.7579,0.9262,56106.361,236.5918,0.6065,0.9787,0.5896,0.6451,0.0102,0.001,0.3912,0.9626,HOROZ
22841.3694,654.1347,206.6179,159.1082,1.3519,0.6136,25287.4669,200.1602,0.7534,0.9632,0.8529,0.84,0.0085,0.0025,0.7151,0.9875,SEKER
40121.4076,915.0319,473.075,157.3023,2.8591,0.906,48528.3297,217.3146,0.5791,0.9748,0.5649,0.6169,0.008,0.0014,0.419,0.9326,HOROZ
65007.8893,898.9352,389.7791,157.0817,2.5865,0.9303,50043.7591,260.8969,0.6891,0.9576,0.6339,0.5762,0.0084,0.0014,0.3917,0.9444,HOROZ
85424.3348,1128.6242,477.7666,270.1371,1.6568,0.7532,96071.6855,341.3262,0.7215,0.9678,0.879,0.8005,0.0046,0.0012,0.6271,0.9731,BOMBAY
54119.8165,1033.8635,420.6338,151.2581,2.5552,0.9131,35468.4343,251.6979,0.6803,0.9858,0.5566,0.6502,0.0068,0.0013,0.429,0.951,HOROZ
54192.8159,947.9771,397.7243,206.4444,1.7892,0.9002,66211.3169,249.3517,0.6713,0.9532,0.7707,0.7246,0.0072,0.0016,0.5507,0.964,BARBUNYA
90453.0705,1142.2487,444.2358,256.7443,1.5766,0.7575,85734.4601,340.9333,0.6525,0.9699,0.8851,0.776,0.0051,0.0013,0.6064,0.9897,BOMBAY
45667.5732,1018.016,431.6112,144.7806,2.7156,0.8916,44444.967,223.2942,0.5975,0.9708,0.6257,0.6106,0.0093,0.0013,0.3971,0.9639,HOROZ
29934.5419,607.584,219.3958,166.755,1.4772,0.7872,25435.997,162.4296,0.7776,0.968,0.8294,0.8557,0.0073,0.0024,0.6451,0.9862,SIRA
21078.4115,580.5225,217.5922,156.5179,1.6047,0.6924,26588.2145,177.5699,0.8483,0.9773,0.8969,0.8289,0.0085,0.0029,0.5849,0.9796,SIRA
40809.4879,909.221,385.7988,197.2269,1.6401,0.8251,58395.6819,269.1434,0.6291,0.95,0.7441,0.7557,0.0077,0.0017,0.4545,0.967,BARBUNYA
21307.3658,612.4099,240.6184,154.1109,1.3808,0.7219,27565.3009,175.6502,0.797,0.9699,0.8283,0.7697,0.0109,0.003,0.5748,0.9686,DERMASON
42539.1848,1065.8239,428.6289,125.1869,3.2485,0.9231,31920.1292,255.7589,0.5998,0.9755,0.5651,0.6302,0.0094,0.0017,0.3837,0.9663,HOROZ
56921.0475,978.201,449.875,174.1118,2.1423,0.8797,49353.1642,257.9064,0.7246,0.9581,0.6301,0.7341,0.0091,0.0015,0.3628,0.9691,CALI
42644.2016,1015.0257,428.7284,153.2515,2.4583,0.9205,54750.5982,248.9108,0.7395,0.9735,0.5863,0.6093,0.0076,0.0008,0.2937,0.954,HOROZ
23484.2708,633.2499,248.8355,157.1671,1.3715,0.729,26876.0735,175.1262,0.7243,0.9632,0.8621,0.7624,0.0089,0.0032,0.6854,0.9697,DERMASON
52349.4726,914.2077,399.5816,136.3075,2.5325,0.9347,39916.3848,244.5503,0.7345,0.957,0.5498,0.5707,0.0093,0.0014,0.3448,0.9599,HOROZ
50735.5263,1080.2422,375.1067,164.2215,2.2639,0.8494,55898.5012,251.9838,0.7417,0.9713,0.6329,0.6386,0.009,0.0019,0.4171,0.9594,CALI
26167.7517,710.2325,209.0743,140.6391,1.6793,0.8469,21105.2187,199.0604,0.7505,0.977,0.7781,0.7327,0.0094,0.0022,0.5378,0.9812,SIRA
84703.9672,1154.2812,449.1177,249.1278,1.6414,0.7353,84431.253,335.3851,0.7028,0.9719,0.8673,0.7592,0.0048,0.0007,0.6143,0.9748,BOMBAY
55516.9888,810.2373,372.5826,203.4399,2.0377,0.8469,68975.6382,299.838,0.7163,0.9646,0.7435,0.7649,0.0063,0.0011,0.5424,0.9814,BARBUNYA
42603.228,961.2583,419.1849,162.7458,2.028,0.9182,52572.9573,243.2291,0.6991,0.9712,0.6517,0.6686,0.0078,0.0015,0.4228,0.9697,CALI
47325.3109,931.2329,425.1668,182.3888,2.3333,0.8722,45293.7687,285.5382,0.6791,0.9649,0.6559,0.6559,0.0076,0.0018,0.4558,0.9493,CALI
32805.58,655.6854,267.6372,159.6473,1.7294,0.8467,28580.1448,178.9217,0.7447,0.9744,0.8665,0.7947,0.0098,0.0025,0.6375,0.9775,SIRA
23364.5915,543.3938,195.5207,138.4888,1.3921,0.6579,23509.42,193.3439,0.7752,0.9705,0.8923,0.8811,0.0067,0.003,0.6296,0.986,SEKER
18476.6326,620.787,205.2349,146.8419,1.239,0.6579,19777.9993,193.3116,0.7604,0.9532,0.8431,0.8726,0.0077,0.0026,0.7015,0.9894,SEKER
24106.8984,615.3538,237.3866,144.2934,1.5395,0.7279,31247.1345,183.4502,0.806,0.9824,0.8569,0.8077,0.0091,0.0023,0.6757,0.9865,DERMASON
69403.981,1038.5403,380.9018,207.1649,1.9535,0.8149,61087.1743,263.0176,0.6363,0.9592,0.7373,0.7094,0.0062,0.0018,0.4957,0.9664,BARBUNYA
74087.7764,1212.0504,464.799,253.5754,1.5659,0.8146,96480.0637,337.7135,0.6628,0.967,0.8725,0.7772,0.0042,0.0011,0.5656,0.9738,BOMBAY
69027.8682,1107.2707,318.3383,212.7328,1.9203,0.8319,64264.923,264.9655,0.8226,0.9691,0.7206,0.6966,0.0077,0.0017,0.537,0.9715,BARBUNYA
54300.6383,1118.6151,359.0792,197.9148,2.3966,0.9131,52083.9571,261.7371,0.6726,0.9745,0.7204,0.6868,0.0072,0.0014,0.4519,0.962,CALI
44556.0365,1029.8622,400.4997,173.8955,2.2938,0.9261,66132.1712,293.5727,0.6594,0.953,0.6465,0.693,0.0072,0.0013,0.3826,0.9593,CALI
22221.7542,613.3812,235.9936,153.8693,1.621,0.8365,29030.4352,180.3237,0.7039,0.9788,0.8453,0.8086,0.0075,0.0022,0.69,0.9773,SIRA
77999.4822,1092.9569,411.3656,273.8704,1.7579,0.7612,98833.2097,339.3587,0.7107,0.9644,0.9045,0.7884,0.0049,0.0015,0.6052,0.9875,BOMBAY
57703.7713,972.996,390.9182,208.1272,1.7987,0.8005,61555.4748,278.4239,0.7292,0.9545,0.8838,0.6708,0.0081,0.0016,0.5436,0.9875,BARBUNYA
28540.6661,643.1856,200.8152,169.088,1.5078,0.7055,28682.4798,170.9265,0.8216,0.9547,0.8758,0.8965,0.0076,0.0029,0.6837,0.9933,SEKER
32680.1462,736.9976,214.5521,147.6084,1.4009,0.8501,22189.5103,210.2664,0.7149,0.9632,0.8478,0.7756,0.0079,0.0017,0.5681,0.9801,SIRA
27802.9472,637.3686,243.4202,166.0251,1.4023,0.7112,23082.0546,197.7368,0.7913,0.9749,0.8939,0.8056,0.0072,0.0028,0.7272,0.9929,SEKER
31408.0326,682.9779,213.9165,170.4949,1.765,0.8604,26764.3304,153.1412,0.7073,0.9742,0.8514,0.6954,0.0104,0.0024,0.6409,0.9944,SIRA
27147.7972,737.0279,238.5345,179.7232,1.4967,0.7216,21877.1133,161.1953,0.7403,0.9726,0.87,0.8612,0.0083,0.0029,0.7694,0.99,SEKER
95597.415,1218.958,420.0976,244.3709,1.5131,0.7488,84191.8982,327.5694,0.7491,0.9653,0.8608,0.7828,0.0053,0.0011,0.5659,0.9746,BOMBAY
23632.0861,645.1005,224.3454,146.8526,1.1936,0.7758,20676.4741,187.0259,0.7245,0.9697,0.8037,0.8627,0.0083,0.003,0.6309,0.9704,DERMASON
44591.765,1004.0578,355.907,157.4071,2.859,0.9814,47060.0472,239.2223,0.626,0.9462,0.5653,0.6622,0.007,0.0015,0.3322,0.951,HOROZ
27080.3642,683.539,247.0238,138.6933,1.8512,0.6924,32335.5535,168.6436,0.7595,0.9656,0.7861,0.7354,0.0099,0.002,0.6109,0.9723,SIRA
66541.0228,888.7864,373.7675,231.7303,1.8739,0.8489,53720.2782,248.3228,0.6788,0.9828,0.8059,0.7614,0.0072,0.0021,0.5302,0.9698,BARBUNYA
64128.0727,962.5513,379.6986,190.8946,1.8303,0.7675,57913.3879,260.7439,0.7108,0.9553,0.7103,0.7431,0.0078,0.0018,0.6569,0.945,BARBUNYA
77157.4497,1110.2528,450.1468,256.5558,1.6419,0.7925,85012.6553,349.2744,0.6884,0.9824,0.9089,0.7635,0.005,0.001,0.6196,0.9856,BOMBAY
45202.3747,1053.3544,374.5633,142.2087,2.6189,0.9485,52616.8334,244.0968,0.6897,0.9741,0.5069,0.5741,0.0079,0.0009,0.3886,0.9484,HOROZ
64224.0758,924.041,411.763,212.4954,2.1546,0.7952,59470.4175,253.7462,0.6693,0.9677,0.8177,0.739,0.0063,0.0015,0.547,0.9727,BARBUNYA
54074.8148,960.8244,407.4579,148.8669,2.5983,0.9479,50815.8833,229.5151,0.7071,0.9766,0.6559,0.6486,0.0088,0.0013,0.3865,0.9498,HOROZ
27770.0421,596.3544,192.9643,145.4032,1.4931,0.8078,31992.8448,151.5415,0.8023,0.9736,0.8216,0.7477,0.0109,0.0024,0.7031,0.9831,DERMASON
25689.4881,591.3243,219.9347,145.681,1.4684,0.7151,26643.5534,175.3489,0.7951,0.9706,0.8468,0.7257,0.0092,0.0032,0.6888,0.9923,DERMASON
65181.8984,1005.3601,383.8767,176.2623,2.0426,0.9049,73459.9064,262.3192,0.6536,0.9543,0.7313,0.6705,0.0065,0.0014,0.4888,0.9571,CALI
27088.6406,602.1338,237.2719,144.5398,1.6244,0.7464,25752.8552,201.7131,0.7451,0.9765,0.7997,0.8338,0.0102,0.0017,0.6611,0.9704,DERMASON
47353.6981,968.1202,423.4461,129.0405,2.8273,0.9556,60607.5797,243.6797,0.6645,0.966,0.5786,0.6042,0.0096,0.0013,0.397,0.9553,HOROZ
26671.1059,621.4044,200.7758,142.8861,1.3595,0.7234,30289.7554,197.5986,0.7682,0.9896,0.8362,0.8632,0.0081,0.0033,0.7216,0.9848,SEKER
60283.8528,1021.8864,360.4915,195.1859,1.5896,0.8491,48481.6285,251.5892,0.6708,0.9666,0.7887,0.7585,0.0065,0.0019,0.4965,0.9854,BARBUNYA
13897.7149,558.1632,257.158,141.8498,1.4548,0.8168,28396.1205,176.4197,0.7766,0.9787,0.9107,0.8004,0.0111,0.003,0.5855,0.9873,DERMASON
42409.6466,1074.0511,417.658,157.7127,2.5485,0.8991,52798.5286,237.2511,0.6254,0.9699,0.5226,0.599,0.0098,0.0009,0.3604,0.9593,HOROZ
17418.7612,579.0946,220.3186,170.1497,1.4358,0.7455,26235.6669,183.3088,0.75,0.9656,0.8368,0.8337,0.0081,0.0024,0.7213,0.9809,SEKER
23738.1194,556.6694,218.8303,157.493,1.5303,0.8005,32336.7224,173.0278,0.7454,0.9737,0.8909,0.7627,0.0092,0.0034,0.7079,0.9858,DERMASON
37598.9083,847.2397,397.0152,205.2644,2.0492,0.9298,57963.5602,266.6482,0.6811,0.9616,0.8133,0.7111,0.0079,0.0012,0.5815,0.9829,BARBUNYA
38989.8665,653.6666,241.9938,168.8897,1.6753,0.688,35519.8939,176.9138,0.737,0.9735,0.7744,0.7569,0.0083,0.0021,0.609,0.9667,SIRA
28343.4689,611.479,212.9803,148.59,1.5128,0.7131,26684.0375,198.3652,0.8131,0.9669,0.9568,0.7764,0.0099,0.0026,0.6858,0.9777,DERMASON
51590.6084,980.7954,386.9476,200.0449,1.9542,0.8173,64453.4098,274.1031,0.6963,0.9642,0.7625,0.8007,0.007,0.0016,0.4954,0.9713,BARBUNYA
55492.3287,1157.5066,375.9,163.1412,2.4033,0.924,67757.0345,224.4435,0.604,0.9486,0.6537,0.6683,0.0087,0.0017,0.3933,0.9612,CALI
36060.3295,639.6542,251.2901,163.0729,1.7255,0.7838,24217.3374,198.5945,0.6969,0.9661,0.8327,0.7501,0.0088,0.0027,0.7563,0.9784,SIRA
54378.9901,921.5993,410.3679,201.9584,2.2585,0.9224,63065.0739,256.0585,0.6228,0.9548,0.6143,0.6638,0.0077,0.001,0.4426,0.9632,CALI
46806.2574,997.9094,431.5816,154.605,2.6427,0.9291,39355.286,218.8994,0.5815,0.9779,0.5772,0.5601,0.0097,0.0011,0.4399,0.9541,HOROZ
31072.2251,635.5396,251.7341,154.2927,1.6898,0.7844,31023.4015,173.3779,0.7865,0.9553,0.7373,0.7922,0.008,0.0027,0.6828,0.9807,SIRA
82043.7563,1232.7663,394.7312,251.0123,1.6353,0.7823,94012.4679,355.864,0.7955,0.971,0.8443,0.7872,0.0045,0.0016,0.6794,0.9757,BOMBAY
21312.9614,536.1691,220.1856,165.7907,1.8985,0.8792,23028.6397,168.0023,0.7909,0.9601,0.8014,0.7947,0.0089,0.0017,0.6402,0.9813,SIRA
28655.6118,571.7176,244.353,146.0827,1.3288,0.6861,27196.3738,200.521,0.7748,0.9579,0.8476,0.8328,0.009,0.0029,0.714,0.9943,SEKER
26651.5032,610.6344,217.8942,149.5963,1.6894,0.8785,20458.2522,164.5192,0.7275,0.9802,0.7728,0.7769,0.0084,0.0027,0.6667,0.9652,SIRA
27102.6169,586.6576,234.6043,161.7892,1.4821,0.7475,29508.0956,164.6963,0.7867,0.9587,0.744,0.7587,0.0092,0.0037,0.7256,1.0,DERMASON
45433.996,961.4425,395.2085,153.4826,2.3366,0.8995,67758.7454,281.4246,0.5769,0.9598,0.5511,0.6922,0.0073,0.0016,0.443,0.9488,CALI
46809.3299,1101.7367,348.4008,146.0067,2.7718,0.9521,51319.7912,245.6767,0.5585,0.9607,0.6334,0.6413,0.0081,0.0016,0.3476,0.9492,HOROZ
40485.3313,985.4853,366.3189,149.0664,2.5346,0.9759,40130.1519,257.4458,0.7145,0.9686,0.559,0.5883,0.0093,0.001,0.3381,0.9533,HOROZ
24829.2388,627.8634,242.5894,134.298,1.678,0.7307,30236.1785,176.0311,0.7415,0.9655,0.7335,0.8002,0.0114,0.0031,0.6485,0.9888,DERMASON
41676.1251,1117.8168,428.3119,159.6313,2.6817,0.9366,38898.1392,245.6735,0.6199,0.9677,0.5852,0.6115,0.009,0.0015,0.378,0.9662,HOROZ
48308.4962,996.5394,403.8972,168.4346,2.384,0.8756,64441.6432,248.5405,0.6296,0.9544,0.7009,0.6995,0.0089,0.0015,0.4834,0.9681,CALI
25057.24,609.8265,199.9344,134.768,1.7315,0.8124,28596.0043,165.263,0.7261,0.9392,0.7672,0.7693,0.0099,0.0023,0.585,0.9791,DERMASON
60808.6525,1016.3367,338.1116,214.195,1.9619,0.8448,54991.8789,292.044,0.6853,0.976,0.7552,0.6068,0.0057,0.002,0.5764,0.9781,BARBUNYA
23026.2521,648.0694,180.9311,132.5568,1.3897,0.689,27959.5569,170.3938,0.764,0.956,0.8788,0.8015,0.0082,0.0028,0.6322,0.9874,SEKER
20502.3655,563.8188,214.9795,127.8905,1.5107,0.8077,24541.6193,187.4788,0.7775,0.9651,0.7653,0.8076,0.0077,0.0031,0.6185,0.986,DERMASON
21580.046,672.6484,209.286,163.1167,1.5147,0.7091,26168.8965,158.4299,0.7413,0.9556,0.8427,0.8762,0.0094,0.0023,0.5938,0.9919,SIRA
57548.6783,940.6397,373.3982,188.5315,1.8229,0.842,68458.0568,286.4249,0.7007,0.9651,0.7188,0.72,0.0058,0.0021,0.6412,0.9733,BARBUNYA
53342.1763,946.6501,429.7321,184.3831,2.0219,0.8068,63525.9316,289.124,0.6289,0.9512,0.8035,0.7881,0.0061,0.0023,0.5337,0.9738,BARBUNYA
25002.5101,603.0124,227.1217,163.9447,1.3461,0.6534,19687.5592,188.5691,0.7659,0.9697,0.8918,0.8351,0.0073,0.0025,0.7028,0.9911,SEKER
23293.6248,653.4571,228.6254,129.1961,1.833,0.7973,28633.919,164.4406,0.765,0.9882,0.8443,0.818,0.0116,0.0023,0.5702,0.9759,SIRA
22768.1131,651.2374,243.0051,139.3323,1.7327,0.7059,25679.4253,167.2327,0.7431,0.9811,0.8491,0.8174,0.0092,0.0029,0.706,0.9837,DERMASON
59969.2193,1005.5367,383.7256,168.6839,2.2118,0.937,41760.7059,279.0015,0.6563,0.9714,0.5497,0.6417,0.0069,0.0017,0.408,0.9648,CALI
84190.7796,1099.6691,425.5507,253.8762,1.6301,0.8055,77263.1442,312.6128,0.6812,0.9733,0.8968,0.7653,0.0045,0.0016,0.6061,0.9817,BOMBAY
23295.4539,608.7054,236.3976,160.3869,1.4783,0.7926,26636.852,180.2878,0.7131,0.9831,0.8556,0.7879,0.0094,0.0026,0.5664,0.9822,DERMASON
26239.6809,625.9023,250.1092,162.8642,1.564,0.7586,26847.4466,180.3729,0.6927,0.9787,0.8462,0.8299,0.008,0.0029,0.6105,0.9692,DERMASON
26531.6974,607.0372,249.6736,166.5424,1.3375,0.7166,22251.1626,174.7334,0.728,0.948,0.8229,0.8867,0.0072,0.0025,0.662,0.9943,SEKER
14272.0577,683.5158,222.7853,124.7215,1.4319,0.828,31799.7268,178.3644,0.7309,0.9639,0.82,0.749,0.0094,0.0025,0.6318,0.9973,SIRA
28113.0166,761.0289,266.8906,144.7231,1.3308,0.8071,27710.62,211.499,0.7005,0.965,0.9341,0.8754,0.01,0.0018,0.6439,0.9907,SIRA
42985.7504,1072.4176,359.8776,203.6743,1.8559,0.8821,55075.1998,243.7091,0.7634,0.967,0.8372,0.7382,0.0069,0.0021,0.4888,0.9545,BARBUNYA
47837.314,1010.144,333.8359,196.1046,1.9241,0.8045,50754.5497,256.803,0.6221,0.9528,0.7592,0.6777,0.0066,0.0018,0.5612,0.9699,BARBUNYA
59705.2828,964.9516,440.6846,171.4144,2.2336,0.914,57672.2616,282.4199,0.5033,0.9667,0.6476,0.6576,0.0087,0.0014,0.3538,0.9646,CALI
40795.8844,929.4048,417.9708,140.3076,2.7688,0.9084,36264.433,240.1934,0.5765,0.9787,0.579,0.6798,0.0098,0.0006,0.3354,0.9607,HOROZ
27337.04,652.7514,269.3505,151.0266,1.3583,0.7545,22000.0832,182.9616,0.7718,0.9797,0.8862,0.8226,0.0093,0.003,0.6674,0.9866,SEKER
44628.8967,1002.4397,377.2232,221.0643,2.1023,0.8972,53213.4735,267.9161,0.634,0.9812,0.7569,0.8004,0.0073,0.0017,0.5022,0.9682,BARBUNYA
40112.985,979.2256,393.9734,170.3725,2.562,0.9724,50198.8358,269.4067,0.6574,0.958,0.5005,0.5974,0.0082,0.0016,0.3806,0.9977,HOROZ
22450.9344,620.877,222.9211,157.0717,1.3305,0.7193,34403.2842,174.1838,0.8194,0.9789,0.7639,0.8272,0.0077,0.003,0.7294,0.9924,SEKER
27519.4506,635.587,202.6718,181.9926,1.4354,0.5849,29256.1536,176.7036,0.7701,0.9747,0.8856,0.7888,0.0071,0.003,0.7851,0.9995,SEKER
97873.096,1110.3932,421.1845,292.7299,1.6291,0.7382,95845.2002,343.1605,0.7431,0.973,0.8775,0.8049,0.0048,0.0011,0.6173,0.9816,BOMBAY
91258.7092,1135.1682,444.6457,265.3203,1.5528,0.7365,92198.0923,346.5249,0.7595,0.9599,0.8387,0.7857,0.0046,0.0014,0.6154,0.9782,BOMBAY
23052.7398,524.1219,208.5097,139.8984,1.7069,0.6929,22188.6108,173.5593,0.7995,0.9526,0.8508,0.8058,0.0088,0.0031,0.5618,0.9767,DERMASON
78281.9679,1145.7338,461.3162,255.7369,1.5655,0.7747,95289.0245,334.7774,0.7201,0.9682,0.8899,0.7812,0.0053,0.0012,0.6607,0.9784,BOMBAY
24181.6165,639.6204,205.924,129.684,1.6233,0.7843,23260.1947,190.9656,0.7626,0.9404,0.8315,0.8332,0.011,0.0026,0.6877,0.9859,DERMASON
36703.6352,1066.5522,352.7847,147.0444,2.6478,0.942,49517.8576,180.263,0.5958,0.9943,0.5488,0.6191,0.0084,0.001,0.339,0.9483,HOROZ
25495.3244,591.5707,225.7547,136.494,1.4748,0.7637,24057.944,222.8044,0.6796,0.9728,0.835,0.6969,0.0086,0.0031,0.7683,0.9792,DERMASON
24450.5403,681.913,210.541,137.1319,1.5961,0.7138,30489.2778,215.7647,0.7376,0.9681,0.7534,0.7125,0.0086,0.0016,0.5357,0.9756,SIRA
70136.0155,1059.9231,380.3394,190.4053,2.3983,0.9521,51315.198,266.1385,0.742,0.964,0.6335,0.7001,0.0073,0.0014,0.445,0.9651,CALI
89865.3213,1137.5951,417.6419,245.0856,1.6638,0.7697,85633.5616,329.7204,0.6719,0.9763,0.8831,0.7558,0.0052,0.0014,0.5998,0.9785,BOMBAY
30006.331,667.5567,252.711,155.4243,1.7409,0.7858,24734.7135,190.5047,0.7669,0.9707,0.7667,0.7721,0.0097,0.0023,0.5708,0.9846,SIRA
71542.9179,1004.6686,420.2962,172.4063,2.3854,0.8479,51377.782,253.7429,0.7063,0.9699,0.5976,0.666,0.0074,0.0013,0.3794,0.9397,CALI
28174.6374,637.4346,240.7275,174.2488,1.4903,0.6904,22317.9599,199.2089,0.7178,0.9656,0.8995,0.8633,0.0099,0.0027,0.6355,0.9886,SEKER
62131.9173,899.8679,337.3674,179.3284,1.9211,0.8319,61015.7992,269.4221,0.7002,0.9663,0.7397,0.7698,0.0071,0.0014,0.5356,0.9855,BARBUNYA
90136.3524,1073.3667,452.5322,264.4787,1.6261,0.8079,90963.6191,327.8456,0.709,0.9589,0.8947,0.7881,0.005,0.0016,0.5886,0.9805,BOMBAY
53574.2221,863.7388,369.9532,188.7748,1.8345,0.742,66865.7561,230.0894,0.6225,0.9576,0.659,0.6754,0.0058,0.0012,0.5076,0.9689,BARBUNYA
23148.9853,595.8667,252.2726,153.3855,1.6535,0.7854,30081.3634,160.4821,0.7293,0.974,0.807,0.7642,0.0089,0.0023,0.5638,0.9739,DERMASON
23924.8416,606.5606,192.1737,128.3932,1.4952,0.6994,34775.3338,178.5647,0.7741,0.9665,0.9031,0.8317,0.0077,0.0027,0.6717,0.9753,DERMASON
25195.2839,617.3014,227.7584,151.1819,1.3126,0.6887,32399.3286,206.3402,0.8017,0.9601,0.9263,0.8246,0.0075,0.0029,0.651,0.994,SEKER
91005.6681,1171.6693,403.7418,252.4795,1.6225,0.7871,83716.4565,337.0343,0.772,0.9775,0.8835,0.7822,0.0044,0.0014,0.5759,0.9835,BOMBAY
25086.7235,634.7082,237.5698,160.3583,1.4235,0.8051,35383.8336,216.3173,0.7711,0.9762,0.7355,0.8018,0.0084,0.0026,0.647,0.9854,DERMASON
46331.3708,897.2481,320.6236,203.4678,1.9193,0.8188,59689.2732,277.3512,0.7234,0.9575,0.7794,0.7488,0.0052,0.0022,0.5839,0.9744,BARBUNYA
69230.4745,945.7124,398.8813,161.647,2.2828,0.9236,60933.8562,253.5701,0.6038,0.9565,0.5929,0.6892,0.009,0.0016,0.4013,0.9677,CALI
55826.7213,917.3686,329.3536,184.9346,1.9007,0.8628,52722.961,248.1384,0.7058,0.9629,0.8216,0.7227,0.0074,0.0017,0.4725,0.9785,BARBUNYA
27428.4066,753.0044,214.62,160.0302,1.5287,0.6397,23040.1105,163.3831,0.7913,0.9763,0.8997,0.8094,0.0093,0.0032,0.7151,0.9902,SEKER
44087.8011,1031.3596,389.4047,149.1834,2.8189,0.9349,48321.2969,241.2059,0.7163,0.9852,0.624,0.6451,0.0096,0.0015,0.3345,0.9378,HOROZ
24166.0906,663.2188,259.5091,140.7446,1.5811,0.8105,26876.5019,192.0627,0.7347,0.9692,0.7945,0.7881,0.0073,0.0025,0.6975,0.9819,SIRA
49418.8696,1059.6709,439.0114,145.9927,2.7741,0.8886,44183.9931,232.3969,0.6039,0.9718,0.4928,0.6639,0.0116,0.0017,0.3896,0.9331,HOROZ
67899.7149,1088.6281,471.7735,261.0584,1.5608,0.8022,97899.0418,328.7846,0.7213,0.9772,0.8956,0.7516,0.0049,0.0015,0.6208,0.9842,BOMBAY
33234.6961,613.3769,206.3224,151.0533,1.4725,0.7094,28972.6832,173.5703,0.7919,0.976,0.8742,0.846,0.0088,0.0029,0.696,0.9884,SEKER
27287.2951,617.3821,199.8989,165.4417,1.3893,0.6421,20259.5332,187.5434,0.774,0.9712,0.9251,0.7753,0.0096,0.0032,0.671,0.9951,SEKER
88548.2189,1022.3289,452.6072,274.0862,1.7157,0.8315,80173.1232,323.4803,0.6995,0.9688,0.837,0.7733,0.005,0.0009,0.5618,0.9763,BOMBAY
52250.0056,1033.4543,396.1793,170.9095,2.3143,0.8636,57644.9081,263.0559,0.6625,0.9726,0.6808,0.6836,0.0089,0.0016,0.4803,0.9644,CALI
48256.6029,1015.9245,370.8815,150.6892,2.6605,0.8913,37400.2204,217.1168,0.6456,0.9818,0.5129,0.6392,0.008,0.0017,0.3737,0.938,HOROZ
82251.7661,1184.2624,464.1023,257.2559,1.6443,0.7819,94954.1016,344.8426,0.664,0.9659,0.8105,0.753,0.0052,0.001,0.6208,0.9762,BOMBAY
85615.0987,1019.2971,381.1526,292.3873,1.6384,0.8003,88654.5137,326.742,0.6491,0.9731,0.8126,0.7492,0.005,0.0013,0.5985,0.9916,BOMBAY
82895.7341,1229.9554,444.7857,268.6194,1.6714,0.7352,94148.7598,330.279,0.7418,0.9637,0.8543,0.7996,0.0051,0.0016,0.6037,0.9717,BOMBAY
36966.1845,847.6798,356.6528,143.6183,2.6864,0.9081,56154.4152,249.0215,0.7038,0.9608,0.5534,0.6256,0.0095,0.0011,0.3704,0.9339,HOROZ
98674.2053,1050.6332,448.357,242.7943,1.6505,0.7816,96814.1929,333.4465,0.7464,0.9707,0.8344,0.7611,0.005,0.0014,0.5908,0.9892,BOMBAY
21210.8181,552.4035,207.6853,128.2881,1.5717,0.7364,21186.0291,194.2328,0.7657,1.0,0.8526,0.7911,0.008,0.0028,0.7759,0.965,DERMASON
45463.9958,1058.249,441.3576,150.3905,2.4151,0.9525,45857.2705,238.7335,0.7129,0.9708,0.4976,0.6302,0.0088,0.0007,0.3907,0.9691,HOROZ
87116.8617,1103.3421,436.0062,249.9056,1.5881,0.8099,93239.7443,315.8914,0.7303,0.9739,0.8765,0.7722,0.0047,0.0015,0.5892,0.9792,BOMBAY
76577.9015,926.5649,351.4197,230.8898,2.1727,0.8252,54135.3878,269.1604,0.6912,0.9599,0.7595,0.791,0.0059,0.0024,0.4349,0.9535,BARBUNYA
39871.3294,1009.9129,400.9621,152.8844,2.389,0.8991,61746.4507,221.4445,0.6257,0.9804,0.6744,0.6332,0.0096,0.0017,0.3714,0.9517,HOROZ
51944.8783,1110.5045,376.2114,158.5302,2.953,0.9163,40282.6067,242.2446,0.5844,0.9646,0.5927,0.6276,0.0098,0.0012,0.3728,0.9576,HOROZ
51705.7293,1085.3706,436.387,197.7776,2.5898,0.9251,54272.059,277.5073,0.6909,0.9538,0.6544,0.6179,0.0071,0.0017,0.427,0.9501,CALI
50324.4347,1073.0721,381.2153,148.9741,2.9846,0.949,63687.6452,210.1336,0.723,0.9601,0.5653,0.5622,0.0077,0.0007,0.4235,0.9496,HOROZ
23972.7104,568.8276,238.8674,132.4089,1.4354,0.703,35098.9421,186.2273,0.6877,0.9616,0.8726,0.8607,0.0093,0.0019,0.7035,0.9948,SEKER
50777.072,1072.7922,416.8292,156.8883,2.4971,0.957,48042.958,268.0273,0.6318,0.9825,0.6058,0.6081,0.0079,0.0009,0.3986,0.9459,HOROZ
85577.3132,1109.815,428.7422,258.9796,1.5628,0.8567,78221.7554,322.8386,0.6324,0.9752,0.8296,0.794,0.0047,0.0011,0.5766,0.9775,BOMBAY
45937.5997,925.756,411.7121,176.046,1.9849,0.8587,58087.3713,248.0022,0.6788,0.9504,0.6872,0.66,0.0077,0.0018,0.4681,0.9574,CALI
31536.6392,658.59,241.469,156.913,1.5245,0.811,31354.1875,194.9132,0.6899,0.97,0.7945,0.7664,0.009,0.0016,0.5869,0.9893,SIRA
65568.2083,973.5692,395.9714,194.807,2.1492,0.8822,56355.7175,282.3692,0.6256,0.9558,0.7097,0.6309,0.0068,0.001,0.4696,0.9452,CALI
28350.17,597.8153,250.4839,149.4261,1.5543,0.7864,27622.6958,203.1452,0.7945,0.9845,0.8036,0.7682,0.0088,0.0027,0.6776,0.967,DERMASON
48433.8094,973.7552,402.7823,166.6612,1.9731,0.9317,43840.4153,271.3801,0.6093,0.9879,0.6311,0.7195,0.0076,0.0013,0.4268,0.957,CALI
83447.896,1182.8853,461.946,269.991,1.7146,0.846,95526.3974,353.7252,0.739,0.9668,0.875,0.8022,0.0046,0.0013,0.6457,0.9872,BOMBAY
28121.0832,631.7615,234.4574,161.2251,1.4343,0.7047,29724.0558,187.4267,0.7595,0.9864,0.8778,0.7452,0.0107,0.0016,0.6046,0.9879,SIRA
52530.0285,1008.4924,404.895,193.9851,1.8114,0.853,65111.0114,291.4756,0.6191,0.947,0.7602,0.717,0.0076,0.0017,0.5805,0.9637,BARBUNYA
57030.6547,983.7743,372.8394,183.2031,2.2944,0.9308,47463.7709,282.002,0.7431,0.9711,0.6265,0.6524,0.0072,0.0013,0.4171,0.9646,CALI
33659.6934,1019.1172,394.7453,191.7343,1.8416,0.8682,35692.789,287.5779,0.6177,0.9651,0.6016,0.6674,0.0077,0.0016,0.4116,0.954,CALI
57301.9919,1016.5493,401.6299,203.6906,2.4015,0.9098,49583.9778,269.3937,0.6802,0.9563,0.6932,0.6188,0.0082,0.0017,0.4239,0.9603,CALI
52582.5584,936.7299,401.7068,156.1522,2.9134,0.9274,51232.8103,242.2977,0.7569,0.9815,0.579,0.6165,0.011,0.0012,0.389,0.9479,HOROZ
28396.0251,621.6042,258.2013,156.6693,1.6523,0.7883,24501.6943,170.2838,0.8858,0.9597,0.7806,0.7304,0.0082,0.0028,0.6265,0.9658,SIRA
39077.346,1115.2282,387.3087,181.4008,2.5712,0.8746,58389.0042,260.1153,0.7259,0.9693,0.677,0.6976,0.0084,0.0013,0.3873,0.9521,CALI
58972.146,989.4594,369.953,218.7888,1.6156,0.8421,46632.0616,301.7601,0.7047,0.9755,0.8412,0.7149,0.0063,0.0022,0.5033,0.9687,BARBUNYA
50863.5739,958.5765,415.1321,216.1815,1.8678,0.8657,53687.2123,302.9862,0.7555,0.9564,0.77,0.7769,0.0074,0.0021,0.5911,0.9735,BARBUNYA
44879.6979,999.871,414.3569,157.1246,2.2995,0.9527,48896.3474,214.9028,0.5687,0.9883,0.602,0.6254,0.009,0.0006,0.3611,0.9398,HOROZ
24323.1092,605.1326,198.8375,145.9057,1.4145,0.6562,26683.4776,179.0142,0.7883,0.9685,0.9045,0.8531,0.0092,0.0032,0.647,0.9946,SEKER
31042.3422,719.6182,257.9553,154.2847,1.3958,0.7924,31726.0286,181.5174,0.6339,0.9652,0.8106,0.8204,0.0093,0.0021,0.5426,0.9681,SIRA
23329.0156,675.7253,240.5889,151.9257,1.4855,0.6161,25512.5767,194.1044,0.7284,0.9725,0.8032,0.8117,0.0085,0.0024,0.5637,0.9846,SIRA
33029.6315,676.6723,204.7348,142.1803,1.2873,0.6243,25992.5699,181.0157,0.7146,0.9715,0.7539,0.8542,0.0099,0.0022,0.576,0.9908,SEKER
46485.3368,985.5018,414.9772,160.0008,2.0887,0.9157,59797.5858,248.2754,0.6299,0.9459,0.5624,0.701,0.0063,0.0015,0.4299,0.9573,CALI
24107.4171,666.8427,223.2763,138.7988,1.6126,0.8243,27290.0787,186.3337,0.6751,0.97,0.6806,0.7906,0.0114,0.0019,0.6556,0.9638,SIRA
82830.1845,1203.4019,440.4709,262.6182,1.6968,0.7942,101378.8587,328.6622,0.784,0.9778,0.863,0.7555,0.0048,0.0012,0.6755,0.9796,BOMBAY
27576.9825,600.6161,194.1931,136.5801,1.1986,0.6273,31876.3562,169.81,0.7691,0.9812,0.9226,0.8333,0.009,0.0025,0.6231,0.9948,SEKER
87075.6108,1229.7598,405.6672,275.8312,1.4584,0.7583,80332.0758,342.36,0.7488,0.9606,0.8288,0.7486,0.0046,0.001,0.6089,0.9725,BOMBAY
89332.9905,1192.1164,424.4581,274.4413,1.681,0.7919,76438.1471,342.2149,0.7455,0.965,0.845,0.7998,0.0049,0.0014,0.5851,0.9783,BOMBAY
55885.0979,1245.5573,397.2729,165.8705,2.5459,0.9087,48028.8982,270.6118,0.5605,0.9626,0.603,0.668,0.0079,0.0014,0.3605,0.9565,CALI
27355.6264,656.1924,199.8216,141.1814,1.4013,0.6648,25491.3601,201.0807,0.7506,0.9643,0.7876,0.7974,0.0076,0.0029,0.5205,0.9898,DERMASON
18844.4541,576.9059,233.9692,153.7122,1.6142,0.6995,16677.9381,163.9158,0.7352,0.9683,0.8434,0.7652,0.009,0.0027,0.6217,0.9747,DERMASON
40995.0919,1162.2229,401.6481,166.9786,1.9909,0.9119,54864.4874,278.9059,0.7062,0.9602,0.6561,0.6585,0.0089,0.0006,0.4951,0.9621,CALI
42061.5784,1000.7959,443.296,179.4161,2.348,0.9405,61658.6124,268.2495,0.6724,0.9544,0.592,0.6567,0.007,0.0011,0.4518,0.9599,CALI
34554.5815,596.3773,246.0198,153.3374,1.8868,0.8245,27986.4434,189.0231,0.6187,0.9672,0.7446,0.7687,0.0083,0.0021,0.6588,0.9865,SIRA
95686.9703,1123.209,457.2494,243.2745,1.7214,0.8111,83076.1373,324.8484,0.7261,0.9713,0.8813,0.7757,0.0046,0.0009,0.6283,0.9701,BOMBAY
91944.2662,1022.5524,436.6783,256.0208,1.5474,0.8012,82913.8428,326.3905,0.7084,0.9729,0.8457,0.7819,0.0053,0.0011,0.6587,0.9825,BOMBAY
22082.9591,531.7675,237.2772,163.9506,1.692,0.7477,27990.2508,193.1984,0.7266,0.9544,0.7594,0.8496,0.0086,0.003,0.7476,0.9874,DERMASON
24886.2219,690.3729,236.2716,136.4195,1.5678,0.7712,25526.6863,198.3849,0.7026,0.9598,0.7866,0.8032,0.0087,0.0026,0.5677,0.971,SIRA
54619.024,954.7383,369.6355,169.1489,2.1954,0.9175,64751.8513,287.889,0.6011,0.9685,0.6469,0.6088,0.0074,0.0013,0.4604,0.9813,CALI
43011.3072,1060.5012,425.3042,140.6707,2.8982,0.9184,39702.5467,222.2219,0.6717,0.9745,0.5289,0.6217,0.0085,0.0012,0.3723,0.9447,HOROZ
29200.2243,674.7522,252.5727,142.6424,1.344,0.7821,21034.3511,194.6897,0.8254,0.9646,0.896,0.7483,0.0077,0.0022,0.684,0.9763,DERMASON
51737.1273,1145.765,468.2003,155.4898,2.1656,0.9002,68885.1231,259.5394,0.6296,0.9449,0.6544,0.6649,0.0074,0.0016,0.4223,0.9756,CALI
32091.5769,625.2022,244.5083,154.09,1.4954,0.823,16095.5441,196.4755,0.7324,0.971,0.6934,0.7766,0.0087,0.0026,0.5695,0.9763,SIRA
32573.5031,646.2787,226.5726,154.9439,1.4357,0.7532,30801.1563,171.8519,0.8362,0.9722,0.7857,0.8384,0.0084,0.0027,0.5466,0.9903,DERMASON
30549.8953,531.7869,214.5954,160.2371,1.8651,0.8099,32719.4634,183.4058,0.6451,0.9713,0.7785,0.9331,0.0087,0.0031,0.6756,0.9738,DERMASON
54828.0,978.8632,299.7103,186.3631,1.6386,0.872,53204.6218,255.759,0.6928,0.972,0.8036,0.7759,0.006,0.0017,0.552,0.96,BARBUNYA
85320.9758,1246.6579,455.4161,244.0503,1.6986,0.833,101229.8954,333.1277,0.666,0.9694,0.8849,0.7691,0.005,0.0013,0.6394,0.9794,BOMBAY
23959.9043,593.6471,204.4027,157.5722,1.2971,0.5721,26248.6018,185.2875,0.7775,0.9808,0.8183,0.8346,0.0069,0.0028,0.7148,0.9876,SEKER
26977.2057,649.0255,267.8931,149.4232,1.5979,0.6677,31378.5309,175.5102,0.8181,0.9681,0.7434,0.8381,0.0086,0.0018,0.6597,0.9676,SIRA
55654.8552,972.7305,377.816,195.8314,1.9353,0.8931,62547.1563,277.4985,0.7462,0.9673,0.8166,0.6591,0.0066,0.0019,0.5419,0.9615,BARBUNYA
53927.5297,1024.5839,361.7858,143.1834,2.5411,0.9353,61247.417,258.5392,0.6884,0.9618,0.5779,0.595,0.0094,0.0014,0.4324,0.9504,HOROZ
26473.7941,665.6636,222.5613,154.2201,1.2931,0.7161,29159.7715,200.8605,0.7401,0.9703,0.8677,0.8474,0.0083,0.002,0.7612,0.9933,SEKER
20665.9131,618.3782,272.8822,154.9363,1.4235,0.7886,31133.0142,139.0945,0.7996,0.9711,0.8371,0.7903,0.01,0.0022,0.592,0.9806,SIRA
56250.665,893.5258,343.2411,206.7856,1.6395,0.8737,39719.5667,296.838,0.6352,0.9744,0.8443,0.7293,0.0078,0.0019,0.5745,0.9853,BARBUNYA
95193.394,1168.7169,435.7029,268.9642,1.6771,0.7926,83289.8199,324.6013,0.7653,0.9649,0.8584,0.7575,0.0046,0.0015,0.6213,0.9777,BOMBAY
25732.9935,633.62,227.9593,133.8369,1.5642,0.8238,19682.3036,207.8926,0.6751,0.9777,0.8255,0.7806,0.0083,0.0026,0.5958,0.9633,SIRA
82352.8617,1195.0495,430.9661,269.6107,1.5892,0.7477,92445.8466,340.6082,0.7352,0.9737,0.9123,0.7718,0.0043,0.0015,0.5983,0.9747,BOMBAY
23621.4024,633.6158,252.3374,158.4591,1.3494,0.6504,26827.9499,165.558,0.765,0.9706,0.9438,0.8783,0.0093,0.0024,0.7535,0.9843,SEKER
17634.402,627.5934,201.6331,126.7172,1.5476,0.7178,28088.4245,174.2083,0.8052,0.9737,0.8947,0.8639,0.0087,0.0033,0.5984,0.9693,DERMASON
45109.8498,985.0291,407.0415,192.553,1.6321,0.8391,58628.7802,269.4136,0.7014,0.9628,0.6868,0.783,0.0049,0.0017,0.5984,0.9624,BARBUNYA
87426.0297,1173.4198,464.2828,250.085,1.5663,0.7577,92741.1004,341.7551,0.703,0.969,0.9462,0.7712,0.0047,0.0011,0.567,0.9858,BOMBAY
28078.6612,646.954,202.2482,150.7143,1.5139,0.7339,27425.8788,186.8561,0.8018,0.9866,0.8407,0.8371,0.0098,0.0026,0.687,0.99,DERMASON
21750.0602,585.2792,211.0536,151.2296,1.6814,0.8324,27967.4728,157.546,0.7334,0.9639,0.773,0.8195,0.0082,0.003,0.6122,0.9872,DERMASON
24182.9604,691.4998,197.7331,171.22,1.4951,0.6717,28915.4316,161.9967,0.7665,0.9678,0.7668,0.8625,0.0087,0.002,0.6494,0.9863,SEKER
53084.9646,976.3561,364.5757,193.6157,2.0357,0.7851,66491.5069,268.3453,0.6461,0.9555,0.7046,0.753,0.0074,0.0017,0.5568,0.9616,BARBUNYA
26151.3117,599.857,208.7205,177.1146,1.4092,0.7038,17014.4442,173.5015,0.6832,0.9657,0.8849,0.8298,0.0088,0.0023,0.7488,0.9822,SEKER
93753.2459,1135.0133,435.2859,270.2617,1.6565,0.7171,83244.1313,328.9891,0.6619,0.9677,0.8991,0.7694,0.0051,0.0008,0.6068,0.9808,BOMBAY
28150.4631,724.0475,254.8301,131.0535,1.9064,0.8673,27660.5862,174.9365,0.7888,0.9757,0.7858,0.7904,0.0101,0.002,0.5269,0.9724,SIRA
79512.8066,1029.8607,434.2026,267.3406,1.5819,0.7941,97432.7408,338.0339,0.7367,0.9703,0.8262,0.7708,0.0048,0.0013,0.6017,0.9718,BOMBAY
32201.0852,696.163,210.1956,171.1713,1.5269,0.7399,29922.3725,192.7614,0.7384,0.9555,0.9093,0.8396,0.0083,0.0025,0.7004,0.9912,SEKER
46837.9022,1032.5271,409.6307,174.5066,2.1537,0.8686,43677.1477,216.9744,0.6254,0.964,0.6102,0.6444,0.0083,0.0017,0.472,0.9716,CALI
29797.3302,537.6414,205.8061,154.4194,1.4069,0.8251,24263.4932,188.5935,0.7697,0.956,0.7827,0.8278,0.0094,0.0024,0.5965,0.9886,DERMASON
30426.7423,630.6028,204.7063,137.4007,1.3928,0.7808,24949.2612,169.1093,0.7497,0.9625,0.874,0.6852,0.0083,0.0019,0.6935,0.9825,DERMASON
30153.7722,576.5084,211.3211,158.7925,1.6979,0.7103,26703.5421,166.5701,0.7825,0.9846,0.8422,0.7795,0.0078,0.0031,0.5766,0.9813,DERMASON
39644.685,1047.228,406.5746,136.0269,2.7584,0.933,51006.8511,218.4448,0.5788,0.9786,0.6284,0.5887,0.0094,0.0011,0.3791,0.9472,HOROZ
39974.4171,1007.8075,342.1113,171.9288,2.5844,0.942,40422.1998,233.7347,0.648,0.9691,0.6394,0.6014,0.0093,0.0015,0.4029,0.9627,HOROZ
61422.9438,1131.6982,421.0467,191.5428,2.5196,0.8602,62018.7398,250.7688,0.6475,0.9593,0.7597,0.6566,0.0071,0.0014,0.5266,0.9796,CALI
85000.3112,1202.3103,469.033,275.053,1.6726,0.8235,89643.9108,349.9618,0.7202,0.9698,0.8881,0.7618,0.0051,0.0016,0.6433,0.9815,BOMBAY
60077.1419,1004.456,377.7365,215.5652,1.7434,0.8893,52363.3746,274.3715,0.6197,0.9721,0.8831,0.7619,0.0062,0.0019,0.5031,0.9527,BARBUNYA
81490.8082,1168.5439,466.2955,285.2636,1.5171,0.7879,85139.1301,317.2415,0.7347,0.9646,0.8566,0.782,0.0051,0.0014,0.5727,0.9864,BOMBAY
31920.8432,686.9065,244.3791,139.5229,1.6447,0.7506,30666.8999,199.3175,0.647,0.9642,0.7815,0.801,0.0088,0.0027,0.7367,0.9675,SIRA
18229.5288,577.7284,198.8654,172.0715,1.2982,0.7213,28743.7734,180.5499,0.6705,0.9645,0.9088,0.8661,0.0084,0.0021,0.7263,0.9913,SEKER
43735.636,1122.5337,453.4222,136.6436,2.6987,0.9062,51123.8319,251.4376,0.6154,0.9746,0.5736,0.6369,0.0072,0.0014,0.3388,0.9446,HOROZ
81981.9415,1070.9031,441.2988,261.4746,1.6231,0.8013,106837.5237,316.9853,0.7233,0.9665,0.8752,0.7943,0.0049,0.001,0.5838,0.9831,BOMBAY
42396.3232,915.9566,381.2191,207.6921,1.8499,0.7736,56441.8762,250.9983,0.6515,0.9648,0.7751,0.6795,0.0065,0.002,0.5613,0.9683,BARBUNYA
25276.5985,696.8308,232.8344,156.8895,1.3154,0.6644,31197.86,174.6981,0.828,0.9563,0.8584,0.9023,0.0063,0.0032,0.6274,0.9895,SEKER
31329.6889,647.5162,217.6495,151.9071,1.5704,0.7014,31739.5859,184.2622,0.7069,0.9778,0.748,0.7386,0.0088,0.0025,0.6028,0.9804,DERMASON
53407.744,988.5588,422.6849,155.7285,2.784,0.8945,41382.0294,223.2186,0.5786,0.954,0.5642,0.5807,0.0098,0.0007,0.363,0.9398,HOROZ
73747.168,1096.1272,428.0387,285.7066,1.7726,0.7967,86813.9311,321.0278,0.6635,0.973,0.8615,0.8189,0.0051,0.0012,0.6094,0.9698,BOMBAY
28286.2076,623.9257,248.721,146.4985,1.5457,0.7709,20571.1985,175.4917,0.7966,0.9654,0.8282,0.8107,0.008,0.0029,0.6428,0.9819,DERMASON
31644.9183,679.2198,250.3626,159.8963,1.4533,0.8726,30096.5258,204.9998,0.7712,0.9853,0.7533,0.7979,0.009,0.0025,0.5851,0.9761,SIRA
21681.8968,533.0321,224.5837,162.4406,1.4694,0.7195,26356.2092,199.5404,0.7645,0.9634,0.8492,0.8325,0.0061,0.0028,0.7325,0.9882,SEKER
31112.0274,560.8724,248.6556,159.5911,1.457,0.7152,29743.4515,183.2681,0.7438,0.9684,0.8394,0.8466,0.0067,0.0028,0.7689,0.996,SEKER
60675.1762,986.5746,352.929,201.6695,1.8689,0.846,44652.9721,266.8586,0.5762,0.9612,0.8835,0.7011,0.006,0.002,0.4995,0.9597,BARBUNYA
44070.6442,1143.3765,412.497,153.1346,2.7488,0.9538,52516.6647,249.2615,0.6477,0.9598,0.5594,0.6334,0.0089,0.0009,0.3685,0.9524,HOROZ
24616.6262,614.7519,226.5426,177.9364,1.5601,0.7862,24272.2319,182.2359,0.7488,0.9755,0.8121,0.7903,0.0095,0.0024,0.6899,0.9961,DERMASON
59960.2619,951.937,435.4847,164.0585,2.3286,0.9166,65853.492,242.9498,0.5734,0.9747,0.6736,0.6814,0.0071,0.0015,0.3806,0.9638,CALI
90329.1417,1043.6264,458.6857,255.8134,1.8261,0.7743,95913.3302,327.4319,0.7445,0.9758,0.8222,0.7687,0.0049,0.0009,0.6568,0.9778,BOMBAY
40080.7484,919.0963,429.8861,142.4635,2.4384,0.9286,48862.5313,224.4569,0.7993,0.9715,0.5691,0.5969,0.0073,0.0012,0.3954,0.9521,HOROZ
31893.088,637.2377,204.5571,170.2291,1.4694,0.7343,28515.1718,217.2005,0.7505,0.962,0.8096,0.7575,0.0089,0.0018,0.6825,0.9726,SIRA
55960.5424,939.8834,348.245,171.6002,2.0926,0.8117,48599.8257,250.0055,0.6331,0.9711,0.7557,0.7009,0.006,0.0015,0.6175,0.9557,BARBUNYA
28901.264,633.42,230.8394,144.967,1.376,0.6194,29561.9801,188.8928,0.766,0.973,0.8077,0.8757,0.0078,0.0028,0.7758,0.9862,SEKER
25693.2085,638.6293,231.6381,154.3533,1.6161,0.7451,24559.5401,158.7059,0.6532,0.9734,0.8978,0.8357,0.0095,0.0023,0.6901,0.9769,DERMASON
29055.6525,664.8974,237.469,145.3833,1.7814,0.8616,31945.0047,184.069,0.854,0.9877,0.8008,0.7817,0.0073,0.0021,0.6824,0.9891,SIRA
39398.0141,1035.0925,430.3778,159.8325,2.6355,0.9527,57054.5691,260.9912,0.6496,0.9741,0.5118,0.624,0.0086,0.0007,0.3455,0.9298,HOROZ
95876.573,1109.4343,454.0332,257.9086,1.532,0.8253,87040.021,332.0975,0.7174,0.9729,0.9025,0.7924,0.0047,0.0012,0.6286,0.9857,BOMBAY
58441.0186,1151.7736,463.7271,168.8553,2.7052,0.908,54305.9063,261.5248,0.6593,0.9691,0.5717,0.5842,0.009,0.0011,0.3875,0.9544,HOROZ
26727.7701,714.3674,227.5835,145.1985,1.6893,0.8212,29513.4413,173.7735,0.73,0.9636,0.7926,0.8654,0.008,0.0026,0.5952,0.9823,DERMASON
82849.6918,1070.5502,432.4206,283.7603,1.4806,0.7993,89651.4763,326.3785,0.6537,0.9818,0.8614,0.7913,0.0054,0.0012,0.618,0.9792,BOMBAY
51094.8994,953.0105,383.6273,214.0455,1.848,0.879,47962.3367,252.6623,0.6172,0.9614,0.778,0.7706,0.0067,0.002,0.4434,0.9717,BARBUNYA
40592.561,1075.284,367.8036,160.3024,2.6387,0.9342,44642.1869,228.5252,0.7299,0.948,0.5801,0.6534,0.0099,0.0009,0.3504,0.9486,HOROZ
50702.7919,1031.1201,394.1002,184.8549,2.4415,0.9216,48400.06,254.0461,0.6611,0.9625,0.6285,0.6638,0.0074,0.0009,0.4214,0.9493,CALI
101346.4942,1057.4447,429.4467,253.0061,1.6286,0.8017,98240.3699,321.3549,0.6473,0.977,0.8175,0.7622,0.0049,0.0016,0.6251,0.9769,BOMBAY
24810.7983,740.7274,227.7428,160.9006,1.597,0.771,28207.6738,159.8473,0.7409,0.9733,0.8163,0.7076,0.0075,0.0027,0.6992,0.9905,SIRA
38317.447,1043.1677,410.439,181.3417,1.7593,0.9143,67303.817,260.3768,0.6817,0.964,0.831,0.771,0.0071,0.0017,0.6426,0.9758,BARBUNYA
38065.3753,992.497,399.8139,170.0605,2.6231,0.9062,40021.955,222.7572,0.6519,0.979,0.5593,0.5529,0.0084,0.0012,0.391,0.9429,HOROZ
25714.146,619.047,209.4843,153.1106,1.4282,0.7368,23625.1656,194.1789,0.8012,0.9653,0.7907,0.7605,0.0098,0.0025,0.5814,0.9691,DERMASON
29866.7144,1047.8424,391.6939,146.6899,2.3743,0.9575,42927.6288,262.7713,0.6916,0.9762,0.6441,0.5976,0.006,0.0007,0.3955,0.9486,HOROZ
23849.4041,617.7257,215.7077,149.0986,1.7676,0.7651,24569.9969,150.7644,0.7564,0.9707,0.8045,0.7724,0.0077,0.0022,0.5739,0.9922,DERMASON
22568.615,646.5996,247.2026,156.6896,1.3103,0.6663,28512.644,193.3848,0.7723,0.956,0.8717,0.8298,0.0061,0.0024,0.6484,0.9929,SEKER
26577.8339,608.3869,233.505,150.3639,1.6744,0.7435,25578.0825,184.622,0.7299,0.974,0.8364,0.8713,0.0091,0.0028,0.6246,0.9971,DERMASON
37842.787,994.0586,427.8925,140.3815,2.2804,0.9577,60596.9271,240.1718,0.6825,0.977,0.5205,0.591,0.009,0.0015,0.3979,0.949,HOROZ
30217.8775,688.9722,232.8949,161.4029,1.8025,0.6358,30812.2203,189.7405,0.7544,0.9711,0.7828,0.7761,0.0083,0.002,0.6059,0.9782,SIRA
56392.4681,1004.0986,366.5112,200.4837,1.91,0.8018,63949.4995,252.3905,0.7797,0.9536,0.6712,0.7712,0.0056,0.0029,0.6243,0.9773,BARBUNYA
30479.7022,567.7773,195.8008,134.9331,1.6523,0.7177,15230.0595,175.8059,0.7667,0.9873,0.8458,0.8304,0.0088,0.0029,0.6166,0.9854,DERMASON
24325.7136,612.2782,221.6152,176.3382,1.3821,0.6625,23021.2356,190.9187,0.7465,0.9734,0.7939,0.8813,0.007,0.0024,0.7729,0.9833,SEKER
24778.553,683.5405,203.0685,151.7981,1.5904,0.5737,22480.9392,205.3649,0.7536,0.975,0.9548,0.8285,0.0077,0.0029,0.7162,0.9874,SEKER
44600.9144,903.7513,384.7945,209.9201,1.8861,0.8779,54050.2826,279.6031,0.7176,0.958,0.7222,0.7061,0.006,0.0019,0.5464,0.9546,BARBUNYA
58425.0344,814.8536,381.5685,197.5666,2.0195,0.8073,50085.5412,288.1243,0.651,0.9674,0.6935,0.7371,0.0069,0.0018,0.5339,0.9787,BARBUNYA
34109.3509,597.6809,218.7859,134.4717,1.4994,0.7028,26007.0379,171.4616,0.7617,0.9717,0.7795,0.8137,0.0088,0.0033,0.5611,0.9837,DERMASON
18169.7246,619.6018,251.9213,149.9001,1.5246,0.7751,31727.1629,171.1578,0.7222,0.9615,0.8809,0.7998,0.01,0.003,0.5688,0.9834,DERMASON
49759.2148,947.4093,293.2748,215.1766,2.0235,0.8245,48765.4452,316.0979,0.6607,0.9611,0.8087,0.757,0.006,0.0024,0.4699,0.975,BARBUNYA
31579.5954,1004.0851,441.157,161.1215,2.432,0.943,46041.8349,201.7802,0.6459,0.9722,0.5364,0.6112,0.0084,0.0016,0.3148,0.9614,HOROZ
30145.0983,553.023,222.8157,152.6046,1.3969,0.6424,27660.9812,168.0618,0.7692,0.9674,0.8034,0.8625,0.0055,0.0025,0.6455,0.9913,SEKER
26413.8764,710.4848,263.5148,145.1475,1.5991,0.8362,26372.8899,191.2041,0.7912,0.9625,0.8083,0.7835,0.0083,0.0019,0.7735,0.9798,SIRA
92191.6165,1097.1049,420.1389,255.5749,1.6465,0.7718,92323.9668,327.6739,0.6919,0.9725,0.8586,0.7555,0.0056,0.0013,0.5962,0.98,BOMBAY
31118.8423,644.5633,228.7304,160.2545,1.3272,0.6636,29056.9399,181.7506,0.7749,0.9564,0.8772,0.8292,0.0072,0.0026,0.6272,0.9935,SEKER
96208.3645,1083.4769,437.9611,275.2643,1.7263,0.7615,83324.6179,328.493,0.7063,0.9717,0.8959,0.7689,0.0052,0.0011,0.598,0.9775,BOMBAY
27696.0764,596.8491,234.8666,139.2535,1.4662,0.7516,27889.7738,177.6759,0.8012,0.9663,0.8128,0.8745,0.0082,0.0018,0.6568,0.9715,DERMASON
17447.0973,573.7046,227.5991,139.2005,1.3012,0.754,29451.5828,190.3668,0.8,0.964,0.809,0.8345,0.01,0.0026,0.6711,0.9862,DERMASON
27166.4673,648.2286,258.8788,144.6714,1.5478,0.7741,26841.4353,187.4664,0.8101,0.9579,0.7445,0.7862,0.0083,0.003,0.6898,0.9673,DERMASON
29702.3755,633.52,231.1237,160.1705,1.4534,0.6541,22883.0649,184.7112,0.8776,0.9781,0.842,0.8918,0.0064,0.0026,0.7399,0.9866,SEKER
86032.495,1104.1659,468.0152,255.4477,1.6688,0.782,95172.7001,342.2019,0.7032,0.9693,0.8822,0.7733,0.0051,0.0015,0.6338,0.9792,BOMBAY
23642.0701,617.1156,213.0457,169.6434,1.4124,0.6953,25982.5884,180.2059,0.7564,0.9725,0.801,0.8494,0.0087,0.0029,0.6661,0.9879,SEKER
26736.9855,666.3492,238.0932,130.1126,1.8004,0.7441,30900.524,187.2368,0.7138,0.9719,0.7735,0.7783,0.009,0.0028,0.5698,0.9738,SIRA
59298.0712,991.1952,437.47,188.4252,2.4018,0.9355,45813.7001,267.1208,0.7032,0.9601,0.706,0.6768,0.0089,0.0015,0.4739,0.9425,CALI
56239.1001,1060.6948,377.6846,181.6785,2.3529,0.9033,69227.2126,271.2871,0.6994,0.9504,0.7882,0.5894,0.0072,0.0016,0.3828,0.9732,CALI
43034.0207,1050.9434,351.6829,159.2379,2.4204,0.9407,45443.5849,251.4783,0.6912,0.9811,0.5297,0.6418,0.0085,0.0009,0.3196,0.9481,HOROZ
45769.8702,999.2175,453.6989,169.5642,3.0744,0.8985,33926.9951,267.4796,0.6296,0.9706,0.574,0.6622,0.0095,0.0012,0.3715,0.969,HOROZ
74017.8065,1107.5906,449.7259,258.0007,1.6087,0.8712,91871.9196,332.1165,0.6956,0.9645,0.9154,0.8221,0.0051,0.0013,0.5825,0.9825,BOMBAY
53413.764,975.0471,421.0186,201.1377,2.1563,0.9101,48282.9251,265.3014,0.6875,0.9599,0.6974,0.6836,0.0056,0.0016,0.4337,0.9434,CALI
24809.6228,646.5024,241.7687,168.1273,1.2832,0.7344,27063.7304,160.8344,0.7476,0.9665,0.838,0.8892,0.0088,0.0032,0.676,0.9816,SEKER
30407.8032,592.25,260.4963,178.5921,1.4653,0.7296,29991.0664,156.5258,0.7218,0.9858,0.8185,0.769,0.0078,0.0033,0.6259,0.9814,DERMASON
93930.591,1082.3336,409.2336,275.763,1.7416,0.8141,86384.7235,325.6648,0.6532,0.9699,0.8686,0.772,0.0051,0.0014,0.6448,0.9795,BOMBAY
41609.4432,995.6421,413.0588,168.3256,2.029,0.8526,50706.2404,228.2385,0.6492,0.9728,0.699,0.7064,0.008,0.0023,0.3762,0.967,CALI
25936.3392,634.6425,247.1536,154.0443,1.6136,0.69,31977.3877,149.7222,0.6803,0.9656,0.8657,0.8299,0.011,0.0028,0.7145,0.9775,DERMASON
30473.4004,714.8294,239.7754,139.3691,1.4114,0.7168,27216.0267,212.3008,0.8478,0.9661,0.7444,0.7744,0.0099,0.0021,0.61,0.9885,SIRA
62999.0671,894.6061,326.191,177.4658,2.1065,0.8313,52107.8525,212.421,0.7029,0.9526,0.6864,0.8025,0.0072,0.0017,0.4558,0.9897,BARBUNYA
26388.7575,656.7124,210.4446,185.8845,1.3839,0.6558,28584.3215,169.3827,0.7784,0.9494,0.897,0.852,0.0085,0.0028,0.6563,0.9855,SEKER
59009.3719,968.9913,434.6445,194.0893,2.301,0.9108,53171.6405,243.9232,0.6112,0.957,0.7314,0.6916,0.008,0.0016,0.4723,0.9621,CALI
18115.6995,634.9346,240.0252,130.499,1.5668,0.805,38489.6319,176.2416,0.754,0.96,0.7459,0.8712,0.0093,0.0024,0.6793,0.9858,SIRA
53482.6381,966.9781,341.4668,216.096,1.936,0.8354,60193.8622,288.8888,0.7384,0.9681,0.7312,0.818,0.0063,0.0021,0.5749,0.9696,BARBUNYA
56521.7778,907.9902,374.897,184.6922,1.9096,0.8586,57023.6225,279.7362,0.7219,0.9639,0.6839,0.7101,0.0065,0.0022,0.5468,0.972,BARBUNYA
51235.5071,909.7194,350.7584,227.5798,1.8907,0.8385,73059.9698,278.75,0.7132,0.9485,0.8083,0.6934,0.0065,0.0014,0.6468,0.9755,BARBUNYA
52588.1769,1032.7222,366.5994,189.9569,1.8801,0.8655,64904.9068,305.2384,0.6525,0.9483,0.8111,0.7105,0.0067,0.0015,0.5243,0.9646,BARBUNYA
30484.9001,602.3465,219.5979,164.4578,1.5265,0.725,32488.0495,195.2465,0.8123,0.9522,0.9052,0.8564,0.0084,0.0025,0.6987,0.9921,SEKER
54475.3698,1030.215,430.5144,162.8724,2.367,0.8797,60269.0596,257.3886,0.6774,0.9687,0.5954,0.6603,0.0068,0.0017,0.4782,0.9678,CALI
89087.7128,1127.0378,436.5057,246.8054,1.6137,0.7588,79335.3558,292.0699,0.6605,0.9722,0.802,0.8071,0.0049,0.0015,0.6132,0.9772,BOMBAY
38393.0032,636.0108,248.6806,147.038,1.6893,0.7331,25414.7914,175.054,0.6798,0.9609,0.7356,0.7783,0.0095,0.0026,0.6257,0.9902,SIRA
44749.7026,867.3747,401.3442,200.7784,1.75,0.8898,74523.6885,293.0348,0.6706,0.9705,0.7641,0.7477,0.0069,0.0015,0.4931,0.9651,BARBUNYA
21945.2946,583.8705,201.062,146.3475,1.277,0.6695,25781.258,193.1719,0.6999,0.9655,0.8343,0.8602,0.0082,0.003,0.8119,0.99,SEKER
29719.0856,592.4485,218.3342,149.0945,1.7163,0.7307,27234.444,206.9627,0.7777,0.9769,0.7584,0.8064,0.0082,0.0024,0.6807,0.986,DERMASON
52852.5565,889.1076,369.2944,219.2207,1.5211,0.8669,45469.1571,229.9207,0.802,0.9676,0.6113,0.7937,0.0064,0.0022,0.4944,0.972,BARBUNYA
27604.6422,664.5371,262.9363,168.5728,1.6158,0.8024,21643.5789,181.5891,0.7449,0.9847,0.7123,0.8347,0.0083,0.0029,0.6222,0.9744,SIRA
28607.3491,653.2191,202.6092,136.0708,1.4215,0.6919,27179.9774,164.6524,0.6933,0.9871,0.8613,0.8651,0.0082,0.0029,0.6561,0.9878,SEKER
36692.6373,812.0133,270.6503,151.2259,1.391,0.7721,22040.2587,171.5627,0.7307,0.9641,0.8057,0.7899,0.0093,0.0025,0.7269,0.9869,SIRA
34959.0516,560.5482,211.4735,120.3536,1.7212,0.7156,24188.9326,166.2888,0.7322,0.9882,0.8025,0.8012,0.0088,0.0028,0.7265,0.9879,DERMASON
112666.311,1118.0818,469.3952,244.5234,1.5293,0.7892,96397.2285,330.5296,0.7325,0.9812,0.8725,0.753,0.0051,0.0011,0.6161,0.9812,BOMBAY
22275.0338,622.1548,209.4301,175.8178,1.409,0.7099,23453.3638,199.2575,0.758,0.9886,0.9137,0.8305,0.0088,0.0028,0.7089,0.9937,SEKER
30610.4893,666.6823,264.2427,148.7507,1.1903,0.7812,28076.8444,181.2761,0.6979,0.9565,0.8977,0.8457,0.0061,0.0023,0.7725,0.9964,SEKER
58246.2038,1024.6541,408.484,182.3054,2.5382,0.9083,50521.7762,271.633,0.6026,0.9575,0.7016,0.5993,0.0073,0.0025,0.4772,0.9619,CALI
29530.9112,637.0137,202.7624,168.6429,1.4382,0.874,28202.3788,178.6042,0.8078,0.9791,0.8799,0.8081,0.0091,0.0036,0.6787,0.9678,DERMASON
27253.0041,570.8761,200.555,169.1163,1.3884,0.7228,23692.7701,198.8582,0.763,0.9504,0.8342,0.8081,0.0068,0.0029,0.7383,0.993,SEKER
49553.9824,1036.3649,305.981,216.8064,1.9868,0.84,68850.9433,258.9724,0.705,0.9456,0.6983,0.7578,0.0063,0.0015,0.6057,0.9692,BARBUNYA
51362.2575,918.7067,409.3121,202.5569,2.2781,0.9386,53625.6816,252.3696,0.7129,0.9557,0.6614,0.6993,0.0089,0.0015,0.4143,0.9553,CALI
29955.0039,557.3655,218.6706,161.0388,1.3648,0.7162,29365.041,212.1783,0.7948,0.9639,0.8475,0.8251,0.0093,0.0025,0.7165,0.9937,SEKER
22704.2846,567.3996,207.9337,152.9985,1.3922,0.7439,28747.6571,216.4898,0.7603,0.9779,0.8866,0.8952,0.0079,0.003,0.8015,0.9864,SEKER
97927.9904,1214.0612,431.8213,251.8589,1.696,0.7556,76959.2956,320.6738,0.7227,0.9708,0.8977,0.7765,0.0056,0.0013,0.633,0.9771,BOMBAY
20735.1879,639.514,240.7341,165.2885,1.4833,0.7038,22017.2282,181.4157,0.791,0.9772,0.8503,0.8481,0.0087,0.0032,0.7703,0.9932,SEKER
80806.3259,1115.7896,457.8181,237.3595,1.7432,0.7734,99448.4308,320.2729,0.7129,0.9723,0.9031,0.7987,0.0048,0.0014,0.6529,0.9779,BOMBAY
25339.5846,635.6319,228.7184,156.4728,1.5452,0.6593,25341.1166,146.1264,0.8408,0.9663,0.823,0.8896,0.0095,0.0027,0.6483,0.9921,SEKER
26249.8059,696.6092,247.7274,131.2512,1.5533,0.6637,35618.502,205.6139,0.8483,0.9607,0.7786,0.8025,0.0085,0.0029,0.5376,0.9998,SIRA
45122.1554,1000.7387,374.0319,196.4256,1.9352,0.806,52918.2638,263.7508,0.6763,0.9512,0.7933,0.6738,0.0069,0.0022,0.4371,0.9696,BARBUNYA
26338.5503,638.6113,215.8863,143.9477,1.3121,0.7219,26876.1139,192.0672,0.6435,0.9811,0.8502,0.9152,0.0078,0.0027,0.753,0.9856,SEKER
64916.7042,1028.6931,401.7415,190.8852,2.0809,0.9164,70223.3781,264.7159,0.7594,0.9628,0.6188,0.6833,0.0073,0.0018,0.4567,0.9641,CALI
25786.4567,610.738,215.7737,166.4238,1.3798,0.6051,28396.0415,178.5246,0.7613,0.9712,0.8793,0.8849,0.009,0.0027,0.6831,0.9849,SEKER
27049.618,674.0693,206.1893,166.1319,1.5613,0.6856,24479.6904,207.9217,0.7578,0.9738,0.8001,0.8347,0.0094,0.0027,0.606,0.9519,SIRA
21361.2176,639.9693,236.7368,151.1939,1.3827,0.6948,28215.7076,180.1721,0.7648,0.969,0.8684,0.7844,0.0099,0.003,0.5474,0.9834,SIRA
47801.1015,896.3798,414.4038,195.184,2.4327,0.9218,56521.2447,274.1878,0.6348,0.9707,0.6828,0.7097,0.0094,0.0016,0.4065,0.9591,CALI
36533.4382,728.3252,218.136,140.1088,1.7114,0.7429,33334.7527,190.3506,0.7353,0.9806,0.7849,0.8011,0.0094,0.002,0.6028,0.9818,SIRA
42184.2674,1035.8039,400.1443,146.0096,3.0953,0.9202,51256.9283,223.777,0.644,0.9681,0.5285,0.5819,0.0097,0.0013,0.4183,0.9487,HOROZ
67376.6334,956.8076,321.1755,189.6647,1.985,0.8498,59876.8007,266.0929,0.6647,0.9664,0.7336,0.7557,0.0066,0.0013,0.6422,0.9675,BARBUNYA
91537.2118,1084.962,455.4718,274.6038,1.727,0.8136,93698.5996,337.1341,0.7664,0.9653,0.8152,0.7609,0.0046,0.0012,0.6241,0.9784,BOMBAY
31291.316,665.1661,223.3983,154.318,1.6074,0.8323,24804.0133,173.7134,0.7232,0.9631,0.8442,0.7917,0.0085,0.0027,0.5286,0.982,DERMASON
21087.5878,632.3036,198.295,150.9831,1.405,0.7423,23510.1179,178.9072,0.723,0.9726,0.8886,0.8886,0.0104,0.0028,0.8458,0.9894,DERMASON
38709.974,1040.6837,432.8417,140.1717,2.3728,0.9029,32326.261,239.9876,0.6716,0.9595,0.5925,0.6709,0.0073,0.001,0.3266,0.9418,HOROZ
26314.0755,574.4962,240.4908,168.5374,1.3344,0.7231,22999.5373,158.8078,0.7826,0.9755,0.8404,0.8658,0.0103,0.0039,0.6764,0.9916,SEKER
23844.1589,573.5374,207.4666,148.8821,1.4331,0.7359,20911.015,178.2199,0.7706,0.9708,0.9033,0.8536,0.0077,0.0023,0.6288,0.9881,SEKER
35783.3161,707.4605,282.1142,151.6794,1.6156,0.7061,29200.4042,157.4157,0.7451,0.9794,0.8579,0.6579,0.0083,0.0027,0.5672,0.9819,SIRA
36516.8921,568.3629,211.6553,173.995,1.3504,0.7358,30743.118,181.6202,0.8053,0.9794,0.8139,0.8448,0.0077,0.0027,0.6593,0.985,SEKER
23590.3982,603.2537,209.8252,134.2067,1.6711,0.8329,32415.1169,195.4683,0.7145,0.976,0.8626,0.736,0.0082,0.0023,0.5731,0.9796,SIRA
44822.5423,1016.5081,405.805,178.8046,2.3554,0.9168,52532.8086,228.3115,0.7681,0.9554,0.6086,0.6786,0.0075,0.0018,0.4744,0.9429,CALI
53293.8622,981.5051,383.9245,201.0505,1.6693,0.8194,49356.309,325.5769,0.7012,0.943,0.7407,0.6935,0.0085,0.002,0.522,0.9825,BARBUNYA
19967.351,573.3911,228.2315,116.6104,1.531,0.6493,23442.0113,176.4779,0.738,0.984,0.8813,0.8791,0.0118,0.0034,0.6893,0.9703,DERMASON
21325.4076,635.5479,225.1085,131.6288,1.4161,0.6303,26783.4532,180.6068,0.6719,0.9559,0.8745,0.7537,0.0088,0.0027,0.578,0.989,DERMASON
49484.9492,1127.9396,407.3375,182.6164,2.2389,0.9522,46464.4411,264.6664,0.6231,0.9553,0.7539,0.6938,0.0077,0.0015,0.4336,0.9667,CALI
48392.3022,1048.2801,423.3608,142.5851,2.6185,0.9486,55780.6508,274.8614,0.7415,0.9655,0.5493,0.6291,0.0078,0.0015,0.3986,0.9629,HOROZ
33367.3085,605.7631,262.1986,172.2533,1.8771,0.7907,22715.7511,179.3679,0.7713,0.985,0.6912,0.781,0.0071,0.002,0.6299,0.9778,SIRA
54412.7026,1028.3505,360.2137,169.6754,2.1436,0.9436,49216.6137,270.1812,0.659,0.9585,0.683,0.71,0.0069,0.001,0.4692,0.9422,CALI
48013.1662,917.206,431.5921,125.3749,2.5861,0.9432,33286.1285,238.5895,0.5712,0.9692,0.542,0.582,0.0091,0.0009,0.3749,0.9391,HOROZ
32655.1018,1008.0605,346.0961,169.8329,2.079,0.8312,64573.6934,284.283,0.691,0.9546,0.7242,0.7666,0.0067,0.0019,0.508,0.9529,BARBUNYA
22070.4423,614.2427,215.8773,145.5194,1.5288,0.6581,26844.9184,185.3813,0.8289,0.9622,0.8626,0.8118,0.0093,0.0029,0.7279,0.9914,SEKER
54520.0765,980.6822,396.0567,193.0076,1.7697,0.8295,52577.812,272.9831,0.7584,0.9517,0.7022,0.7372,0.0061,0.0014,0.47,0.9514,BARBUNYA
27410.8246,665.71,284.3955,173.3919,1.7473,0.7977,29575.5451,179.6457,0.7631,0.9708,0.7804,0.7811,0.0093,0.0025,0.6397,0.9869,SIRA
36417.3529,1080.9627,434.6225,157.6169,2.4439,0.9321,52531.7031,234.2809,0.6544,0.9745,0.4921,0.603,0.0078,0.0008,0.3624,0.9455,HOROZ
24430.2181,561.3118,243.4477,157.9904,1.3461,0.6818,25414.1228,195.0807,0.8056,0.9731,0.8916,0.851,0.0093,0.0018,0.6616,0.9898,SEKER
32598.8808,678.1728,227.4593,151.7064,1.4408,0.7176,19219.8296,163.4359,0.6975,0.9593,0.8764,0.8098,0.0106,0.0028,0.6811,0.9585,DERMASON
21001.4394,694.5342,212.2029,149.7878,1.701,0.7129,28761.8314,168.7049,0.7457,0.9459,0.8295,0.7743,0.0097,0.0028,0.6887,0.9737,DERMASON
95732.2979,1179.7396,422.9751,258.841,1.6111,0.7699,93045.644,353.7436,0.667,0.9656,0.872,0.7968,0.005,0.0014,0.5925,0.9818,BOMBAY
73563.174,1058.3377,430.7552,278.618,1.5073,0.7981,89251.9112,344.3918,0.74,0.9697,0.8551,0.7595,0.0053,0.0013,0.6165,0.9847,BOMBAY
59156.7663,848.3752,353.4421,188.6055,1.5395,0.8623,72810.4986,245.7389,0.7395,0.9456,0.7244,0.7357,0.0069,0.0022,0.528,0.9727,BARBUNYA
34395.72,936.2568,463.9854,155.1324,2.5139,0.958,44607.8679,232.1101,0.7329,0.9733,0.62,0.6155,0.0081,0.0012,0.3706,0.9465,HOROZ
50320.0947,993.6943,311.0307,209.3169,1.8449,0.7821,70198.9009,279.7978,0.6572,0.9703,0.7273,0.6707,0.0064,0.0018,0.544,0.9695,BARBUNYA
56974.6231,969.3193,382.6268,166.0603,2.3349,0.9416,51932.5537,257.5194,0.5878,0.9644,0.7969,0.6415,0.008,0.0017,0.3738,0.9655,CALI
31396.5025,632.5993,232.3815,145.2423,1.772,0.598,34457.9918,170.1987,0.785,0.972,0.7058,0.7723,0.0074,0.0019,0.5663,1.0,SIRA
24898.4664,655.9615,236.6931,149.2668,1.5876,0.687,30327.4341,189.749,0.7611,0.9543,0.8585,0.8293,0.007,0.003,0.67,0.9952,DERMASON
62697.498,958.0379,382.4428,182.5635,2.4051,0.8313,60189.7002,255.2968,0.6785,0.9416,0.5975,0.6626,0.0083,0.0014,0.3847,0.9794,CALI
79963.5804,1161.4511,407.8883,246.952,1.6716,0.7758,92079.647,322.1838,0.7686,0.9677,0.8584,0.7953,0.0051,0.001,0.5731,0.9748,BOMBAY
51502.7817,965.057,333.5393,216.8433,1.931,0.8303,74506.4585,270.4158,0.7101,0.9587,0.76,0.79,0.0062,0.0021,0.5075,0.9637,BARBUNYA
26774.7621,652.7675,221.3611,121.8288,1.5193,0.7703,21064.3074,168.7288,0.7301,0.9837,0.8909,0.7718,0.0088,0.0031,0.6024,0.9905,DERMASON
51954.2051,944.0523,354.0757,170.743,2.1436,0.9766,55759.9168,266.1529,0.7299,0.9693,0.6359,0.6686,0.0086,0.001,0.4211,0.9536,CALI
28417.8142,712.8712,256.9966,139.4403,1.6323,0.7554,29398.4091,168.915,0.7673,0.9632,0.8527,0.8277,0.0095,0.002,0.6542,0.9626,SIRA
23872.6539,741.2995,195.5168,154.2366,1.5346,0.6433,24598.7297,183.6982,0.7881,0.9739,0.8402,0.8559,0.0089,0.0033,0.7364,0.9837,SEKER
24325.0252,598.5168,225.7047,163.1494,1.3884,0.6118,22849.0514,190.2787,0.7212,0.9723,0.8556,0.8319,0.0083,0.0034,0.7344,0.9885,SEKER
84056.9006,1178.1987,443.4636,270.041,1.5556,0.7825,94645.7535,325.2343,0.7505,0.9786,0.8845,0.8049,0.0053,0.0016,0.6213,0.9852,BOMBAY
51868.7821,987.3277,353.0967,184.0194,2.2153,0.883,51737.0933,243.6681,0.6499,0.9669,0.5373,0.6158,0.0076,0.0013,0.4845,0.9564,CALI
27960.1484,625.4532,226.9246,152.438,1.3493,0.7291,26497.4355,207.8251,0.7138,0.9675,0.8249,0.8264,0.0075,0.0025,0.7591,0.9843,SEKER
22021.028,641.4186,215.1412,164.2188,1.3682,0.6424,22412.1579,179.318,0.7516,0.957,0.92,0.8808,0.0063,0.0018,0.644,0.9908,SEKER
38430.3446,992.1425,355.5417,186.3035,2.045,0.8019,59655.808,242.217,0.7068,0.9459,0.7711,0.7447,0.0072,0.0014,0.5237,0.9618,BARBUNYA
23389.6789,577.3567,274.2403,146.2497,1.4501,0.788,27247.9923,151.2374,0.7499,0.9699,0.8153,0.8399,0.0092,0.0024,0.7035,0.9713,DERMASON
48694.8006,1022.1165,418.5458,146.4724,2.4743,0.9479,48915.6173,261.5352,0.652,0.9893,0.5863,0.6044,0.0103,0.0011,0.4002,0.9637,HOROZ
29494.079,786.0248,264.1337,145.518,1.8127,0.784,26864.4733,179.4474,0.7328,0.9675,0.7041,0.8268,0.0078,0.0014,0.6719,0.9764,SIRA
48349.3557,963.8607,393.6196,184.0263,2.1481,0.9089,48762.5936,247.1154,0.6539,0.9659,0.7474,0.6764,0.0067,0.0021,0.4178,0.9787,CALI
51492.6683,1082.8703,368.9735,188.6793,2.0372,0.855,53399.0124,273.6165,0.6688,0.9484,0.6972,0.6557,0.0077,0.0015,0.4436,0.9663,CALI
50303.4059,1011.2349,356.5789,200.8067,2.0955,0.8935,59025.7167,250.5482,0.7335,0.9583,0.747,0.7231,0.0059,0.0019,0.6201,0.9801,BARBUNYA
37522.3,886.6872,367.6752,206.4273,1.955,0.8392,53009.6903,278.5994,0.6218,0.9671,0.6839,0.7766,0.0059,0.0023,0.5244,0.9638,BARBUNYA
27592.5741,649.7645,248.4935,173.2108,1.7057,0.7968,29948.2303,177.2064,0.6895,0.9777,0.7823,0.7877,0.0086,0.0025,0.786,0.9871,SIRA
57878.8783,1022.657,431.2611,160.0724,2.3226,0.8756,67382.3792,253.9545,0.6508,0.9631,0.654,0.6498,0.0095,0.0012,0.471,0.9376,CALI
44368.1887,976.7531,410.7755,156.8081,2.6957,0.9094,43341.6242,244.0931,0.7057,0.968,0.4997,0.6829,0.0091,0.0014,0.3688,0.9507,HOROZ
23591.5077,644.188,189.8768,151.6145,1.5378,0.6509,23950.9223,176.6038,0.6703,0.9717,0.8505,0.791,0.0093,0.0025,0.657,0.9707,SIRA
31269.9233,681.6775,233.6227,145.933,1.5796,0.7395,27802.2014,209.6289,0.7986,0.9681,0.8036,0.8338,0.0092,0.0024,0.7403,0.987,SIRA
40451.2728,974.5836,392.3858,198.8185,1.8928,0.8971,59095.2137,270.0898,0.6904,0.962,0.6874,0.6905,0.0057,0.002,0.4937,0.9657,BARBUNYA
29634.2556,688.8156,260.4642,150.3049,1.7041,0.7024,30255.5092,186.8979,0.6802,0.9716,0.7118,0.7424,0.0078,0.0021,0.6844,0.9844,SIRA
59196.3196,935.4495,398.7451,207.0234,2.5447,0.8611,53858.1187,256.6788,0.7711,0.958,0.6452,0.7167,0.0091,0.0017,0.4925,0.971,CALI
53089.2722,998.9152,386.5584,175.2913,1.8737,0.8358,74704.7845,270.0614,0.7375,0.9499,0.799,0.7867,0.0072,0.0016,0.6238,0.9575,BARBUNYA
24470.6911,711.0146,228.7149,149.6633,1.5327,0.7226,18992.4037,210.2481,0.7048,0.9615,0.7649,0.8485,0.0097,0.0023,0.5992,0.9759,SIRA
49577.9291,1044.2667,442.1209,153.9539,2.5571,0.9151,42387.469,223.4947,0.6587,0.9613,0.5514,0.5851,0.0103,0.0012,0.3539,0.9479,HOROZ
44301.7166,1063.5897,425.942,163.0361,2.6121,0.9066,44861.2255,223.5941,0.5975,0.9616,0.4848,0.5982,0.0091,0.0016,0.377,0.9422,HOROZ
51311.7473,1031.8182,396.0991,161.9752,2.9955,0.9274,43420.0676,266.5088,0.558,0.9807,0.6553,0.5827,0.0098,0.0014,0.3867,0.9622,HOROZ
27595.5051,597.4461,252.8377,144.7108,1.7913,0.7454,25758.4012,174.2374,0.7352,0.9521,0.7785,0.7903,0.0105,0.0022,0.5419,0.982,SIRA
24751.8686,627.0196,187.7192,153.6074,1.5267,0.6671,21505.9933,157.4677,0.7695,0.9642,0.8353,0.8568,0.0086,0.0028,0.7375,0.9839,SEKER
19542.1679,641.5543,281.8823,168.464,1.3103,0.6741,26636.4963,165.4669,0.7138,0.9686,0.9016,0.8576,0.0076,0.0029,0.7461,0.9851,SEKER
87714.2796,1180.6081,418.6703,276.1293,1.5322,0.7863,81599.0806,343.1083,0.722,0.9728,0.8574,0.7943,0.0047,0.0016,0.5728,0.9869,BOMBAY
23564.3951,679.6106,260.4621,135.523,1.6518,0.708,28659.5934,187.6337,0.725,0.9725,0.7288,0.8101,0.0102,0.0026,0.6425,0.9826,SIRA
89915.0672,1224.2749,431.8128,261.8123,1.7374,0.8334,80388.5988,351.3303,0.7697,0.9639,0.8717,0.7699,0.0045,0.0015,0.6384,0.9817,BOMBAY
63208.3024,864.6306,364.4776,196.4641,1.8607,0.8567,66523.0402,288.9472,0.8198,0.9622,0.7829,0.735,0.0065,0.0015,0.5393,0.9635,BARBUNYA
24711.8476,619.1301,225.3121,147.7996,1.3999,0.7196,18223.805,129.4307,0.7244,0.9773,0.8305,0.7918,0.0084,0.0027,0.6641,0.9747,DERMASON
75384.2965,1134.868,417.4043,258.6612,1.4962,0.8152,96567.8574,320.6535,0.7755,0.9632,0.88,0.8071,0.0049,0.0013,0.6166,0.9883,BOMBAY
50055.3283,997.3738,369.1138,177.5609,2.2122,0.908,44923.097,246.9003,0.6331,0.9769,0.6361,0.659,0.0077,0.0016,0.5104,0.9531,CALI
51304.9999,992.4304,346.8462,176.8866,2.4007,0.9054,37396.2018,238.3592,0.6015,0.9683,0.568,0.7516,0.0084,0.002,0.4212,0.9638,CALI
50804.0082,1017.1839,439.3094,149.3787,2.6615,0.9209,41408.1236,254.0135,0.6846,0.9661,0.6427,0.6184,0.0098,0.0012,0.4021,0.9458,HOROZ
26532.4726,663.8022,240.6223,143.3187,1.5515,0.7287,25079.5319,196.6088,0.7529,0.9699,0.8543,0.8007,0.0081,0.0032,0.6221,0.9744,DERMASON
31774.9144,771.2163,229.7227,153.822,1.4818,0.7542,27483.4039,185.7545,0.686,0.9597,0.7852,0.748,0.0097,0.0027,0.5964,0.992,SIRA
16971.0351,668.4712,251.1384,134.4801,1.7347,0.8696,22814.2041,204.9456,0.8506,0.9692,0.754,0.8106,0.0079,0.0021,0.7309,0.9723,SIRA
44851.9219,1086.4109,406.7307,146.774,2.9505,0.942,55467.4717,262.1831,0.7446,0.9682,0.6541,0.553,0.0105,0.0011,0.3168,0.9482,HOROZ
90718.1708,1110.7907,404.5537,261.8183,1.6864,0.8,87915.814,339.7485,0.7325,0.9809,0.8472,0.7701,0.0046,0.0018,0.6272,0.9963,BOMBAY
41326.4458,1112.4298,357.5312,166.2417,1.9478,0.8843,59279.2714,271.9117,0.6286,0.9542,0.7434,0.6626,0.007,0.0016,0.4165,0.9529,CALI
63526.4564,893.1167,411.4188,231.369,2.0769,0.8331,62490.2556,233.2351,0.6759,0.9831,0.663,0.7538,0.0065,0.002,0.5218,0.9781,BARBUNYA
49729.4221,970.1406,424.4216,183.3036,2.2554,0.8894,48695.9933,292.2072,0.631,0.9661,0.689,0.6837,0.0079,0.0012,0.4906,0.9807,CALI
29582.8021,629.548,211.0765,146.7483,1.5347,0.6931,24566.0788,203.3538,0.7936,0.9673,0.9257,0.7959,0.0084,0.0025,0.6352,0.971,DERMASON
61554.8834,1019.0784,393.157,207.9609,1.7782,0.7607,53178.5363,267.0255,0.6608,0.9642,0.8305,0.7349,0.0059,0.0022,0.538,0.9697,BARBUNYA
64743.4288,1166.7521,354.8233,194.0788,1.8066,0.8984,60869.5154,261.6655,0.6922,0.961,0.7749,0.7637,0.0072,0.0021,0.6417,0.9674,BARBUNYA
29201.8205,613.6067,215.6423,133.0487,1.5398,0.7707,31358.3209,154.3305,0.7477,0.963,0.7374,0.7559,0.0091,0.0021,0.4757,0.9771,DERMASON
41009.5208,1029.0138,406.42,141.4937,2.5425,0.9073,39206.4162,237.2722,0.656,0.9571,0.5973,0.625,0.0101,0.0012,0.3814,0.9428,HOROZ
44397.5175,1086.332,321.252,185.9041,1.6289,0.8497,57793.8955,275.9663,0.5905,0.9518,0.7899,0.7738,0.0055,0.0017,0.5915,0.9806,BARBUNYA
24762.7859,578.0783,230.3994,146.2594,1.4074,0.6862,27325.0182,171.2206,0.7623,0.9823,0.8917,0.8789,0.0082,0.002,0.6967,0.9892,SEKER
18120.5292,707.8532,238.39,155.763,1.5113,0.7841,27787.5232,152.8379,0.7362,0.9745,0.8456,0.8298,0.0087,0.0024,0.65,0.9821,DERMASON
16191.9197,560.3432,222.2564,147.3845,1.4123,0.76,26042.3183,185.4242,0.7222,0.9606,0.8512,0.8214,0.0078,0.0017,0.5582,0.9621,SIRA
81718.6046,1058.009,438.8132,258.2407,1.7087,0.7821,79571.7803,351.129,0.627,0.9594,0.8706,0.8084,0.0051,0.0012,0.6523,0.9747,BOMBAY
33133.2349,650.9117,237.7204,145.7929,1.5803,0.7073,25024.2028,188.1009,0.6542,0.9511,0.869,0.8077,0.0078,0.0025,0.6005,0.9777,SIRA
61876.4833,1035.4414,353.2271,189.8344,2.0594,0.8506,43713.7606,299.0823,0.6558,0.9681,0.7436,0.7422,0.0079,0.0013,0.5307,0.9627,BARBUNYA
26126.8302,534.2772,223.5309,157.4501,1.4697,0.7802,23966.1917,159.0988,0.7605,0.9567,0.8828,0.7916,0.0095,0.0029,0.6303,0.9772,DERMASON
73674.1734,1029.522,375.3778,190.7933,1.8715,0.8326,48558.1625,258.4442,0.7121,0.9493,0.6942,0.7337,0.0063,0.0013,0.6214,0.9818,BARBUNYA
62017.4822,1120.3172,372.1747,192.187,2.1211,0.8623,58272.7216,251.4032,0.726,0.9512,0.7287,0.6405,0.008,0.0016,0.451,0.9669,CALI
22726.0354,604.8418,237.6539,149.5586,1.3203,0.697,31824.8448,161.4649,0.6702,0.9749,0.8265,0.7536,0.0102,0.0021,0.5838,0.9846,SIRA
26292.3633,579.4842,231.7014,161.6017,1.4715,0.7243,31234.8945,174.2775,0.8247,0.9618,0.7723,0.8235,0.0082,0.0025,0.6049,0.9709,DERMASON
92068.6057,1171.0492,421.2237,264.2709,1.5433,0.7979,100040.4553,335.9087,0.7634,0.97,0.8832,0.7899,0.0051,0.0016,0.592,0.979,BOMBAY
45514.384,1013.4894,438.5896,149.5927,2.6931,0.9184,61570.965,239.3345,0.7451,0.9879,0.5868,0.568,0.0099,0.0015,0.4412,0.9413,HOROZ
23434.3804,606.4756,242.7024,178.8674,1.3711,0.6621,19776.0526,204.2965,0.7274,0.9609,0.8742,0.872,0.0098,0.0036,0.7577,0.9876,SEKER
52223.6428,1142.0825,359.1367,180.8327,2.5689,0.9296,51789.1553,247.1304,0.6627,0.9591,0.6849,0.6375,0.0084,0.0014,0.4561,0.9626,CALI
23321.1201,633.2976,237.9863,155.997,1.5472,0.7071,27392.2814,202.7062,0.6868,0.9753,0.8496,0.7875,0.0097,0.0021,0.5675,0.9814,SIRA
40420.2303,834.7683,431.5125,142.9367,2.6463,0.9311,41849.8043,246.3517,0.6646,0.9738,0.5574,0.6087,0.0089,0.0015,0.3637,0.9666,HOROZ
24796.3018,695.1864,233.9251,152.3499,1.4527,0.6708,25086.5904,176.7014,0.8173,0.9644,0.8671,0.8806,0.0086,0.0028,0.6867,1.0,SEKER
20443.2229,673.817,216.0337,138.1272,1.5246,0.8133,23381.134,164.6099,0.792,0.9863,0.8289,0.843,0.0119,0.0028,0.7022,0.9899,DERMASON
29311.6303,602.1789,243.3484,142.4881,1.4035,0.78,26113.7983,201.5621,0.6859,0.9567,0.8953,0.7731,0.0086,0.003,0.7762,0.9873,SIRA
97112.4988,1111.2077,454.5524,265.9807,1.6144,0.7855,94540.6199,338.9196,0.6842,0.9777,0.8667,0.779,0.0045,0.0014,0.6524,0.9845,BOMBAY
22600.1105,596.5176,234.1854,146.2596,1.7523,0.6494,28837.421,177.7022,0.7448,0.9589,0.8737,0.7879,0.0102,0.0032,0.5794,0.9802,DERMASON
48957.2687,843.9604,429.7018,199.1622,2.0009,0.8578,57920.736,298.6696,0.7527,0.9719,0.7228,0.7005,0.0075,0.0019,0.5425,0.9618,BARBUNYA
79742.6349,1059.6692,424.518,265.2352,1.6986,0.7618,86386.5854,338.8643,0.7607,0.9725,0.8502,0.7516,0.0054,0.0014,0.5867,0.9769,BOMBAY
36947.5424,914.3264,373.8027,206.3594,1.6649,0.8616,57058.5744,264.3721,0.6604,0.9383,0.8032,0.7587,0.0066,0.0016,0.4688,0.9741,BARBUNYA
30014.2285,675.4357,253.2798,162.8133,1.4521,0.7007,31161.3,163.7664,0.8384,0.9627,0.7944,0.7417,0.0087,0.0025,0.7432,0.9887,SIRA
60572.8165,1003.9082,414.1186,182.8557,2.2053,0.9328,54966.4446,284.4989,0.6284,0.9584,0.6723,0.6541,0.0076,0.0018,0.4413,0.9635,CALI
25203.254,711.4319,230.6064,128.1881,1.5661,0.6812,27114.108,192.8969,0.7522,0.9579,0.8567,0.7539,0.0095,0.0034,0.5864,0.9863,DERMASON
16728.1384,621.5991,259.9462,141.3305,1.6964,0.7267,24641.8481,170.2138,0.7048,0.975,0.7366,0.7641,0.01,0.0025,0.5522,0.9663,SIRA
25827.3698,562.2186,227.3145,168.0139,1.3771,0.6688,29240.255,175.0029,0.7577,0.9693,0.9289,0.8485,0.0082,0.0026,0.7008,0.9852,SEKER
34719.9095,605.9955,219.2421,148.4343,1.5968,0.6499,25104.1815,184.0308,0.717,0.9781,0.8697,0.8247,0.0077,0.0019,0.6922,0.9786,SEKER
72097.1815,946.4955,414.8686,173.9607,2.0721,0.839,48851.5103,268.3797,0.7489,0.9482,0.7649,0.7296,0.0083,0.0019,0.606,0.9834,BARBUNYA
50471.6615,914.8776,357.6105,239.6013,1.818,0.8122,66436.3461,233.2384,0.6834,0.9479,0.7407,0.7441,0.0063,0.0019,0.6346,0.9679,BARBUNYA
96756.4044,1099.4469,412.4117,279.9028,1.5854,0.7744,83429.1839,347.9409,0.7121,0.9594,0.8708,0.7859,0.0052,0.0017,0.6569,0.9772,BOMBAY
27084.8779,660.1798,236.0636,138.9039,1.7539,0.8087,26597.6348,174.7688,0.7628,0.9567,0.8498,0.7863,0.0107,0.0022,0.8555,0.9624,SIRA
25668.1081,627.9256,230.7692,149.8451,1.4541,0.6795,36506.0157,178.0446,0.8208,0.9765,0.823,0.8908,0.0072,0.0018,0.7627,0.9953,SEKER
53214.8524,1053.5627,420.2865,157.4187,2.3653,0.9372,44983.9975,247.8608,0.6413,0.9635,0.5741,0.5708,0.0094,0.0012,0.393,0.9317,HOROZ
81630.0356,1150.2766,484.9501,268.2403,1.625,0.8366,93068.4847,332.5501,0.6499,0.9698,0.8353,0.7733,0.0048,0.0017,0.6346,0.985,BOMBAY
55661.1591,804.6118,363.1366,157.216,2.8788,0.946,57093.0059,235.384,0.6581,0.957,0.6806,0.6464,0.0091,0.0012,0.3363,0.958,HOROZ
24726.0148,499.4669,198.0917,149.7982,1.4578,0.6782,26240.8036,190.7519,0.7752,0.9684,0.8967,0.8087,0.0081,0.0032,0.613,0.986,SEKER
60715.8614,972.3292,393.1659,193.3582,1.8586,0.7939,68892.1539,277.4845,0.6959,0.9845,0.8189,0.7972,0.0069,0.0016,0.5774,0.9705,BARBUNYA
30486.4505,545.2506,219.031,157.8033,1.3044,0.5988,26839.2999,175.9715,0.741,0.9686,0.856,0.8505,0.0099,0.0027,0.814,0.9962,SEKER
84619.5537,1111.3387,446.9303,273.0866,1.6245,0.7847,93818.6063,318.0276,0.7727,0.9697,0.8828,0.7865,0.0043,0.0011,0.6027,0.9746,BOMBAY
53869.8034,831.8217,415.5565,154.8777,2.0921,0.8717,53838.1227,265.4975,0.6027,0.9405,0.6338,0.6934,0.0076,0.0013,0.4379,0.9607,CALI
49000.888,1041.88,371.6448,176.0839,1.9781,0.8976,54872.9321,251.2865,0.6792,0.9515,0.6009,0.6894,0.0087,0.0015,0.4239,0.9517,CALI
47452.6254,986.3963,360.298,166.4443,2.2402,0.9545,52968.0036,214.1584,0.6656,0.9707,0.5982,0.6551,0.0091,0.001,0.4208,0.9638,CALI
25586.094,535.0075,228.4619,157.0209,1.3194,0.7267,25260.6497,195.2195,0.7667,0.9775,0.8972,0.8642,0.0073,0.0031,0.7211,1.0,SEKER
36877.4775,661.8866,271.6757,135.1725,1.4697,0.8143,30905.5422,200.7919,0.6673,0.9538,0.7518,0.7325,0.0099,0.0022,0.5819,0.9641,SIRA
97398.4915,1085.8869,410.712,269.7347,1.7033,0.8475,83554.6549,341.0711,0.7428,0.9781,0.8562,0.7762,0.0047,0.0012,0.6246,0.9674,BOMBAY
83497.4291,1137.0742,415.082,276.7579,1.6832,0.7935,93794.7746,319.1583,0.6733,0.9769,0.861,0.7571,0.0054,0.0013,0.5623,0.9809,BOMBAY
86231.913,1129.9702,410.9895,248.0527,1.5916,0.8417,100214.8057,354.466,0.7432,0.9693,0.8734,0.7622,0.0058,0.0014,0.5693,0.9749,BOMBAY
21970.3676,642.7882,229.7465,163.0754,1.5386,0.7156,31056.3969,186.5709,0.7737,0.9809,0.7637,0.8114,0.0105,0.0028,0.6767,0.968,DERMASON
23697.2643,592.4141,282.5107,152.694,1.7519,0.6975,25375.4324,161.1929,0.79,0.9838,0.7923,0.764,0.0095,0.0037,0.6067,0.9793,DERMASON
45309.2544,993.2444,387.9103,211.4838,2.4953,0.9168,62479.9597,255.7503,0.7473,0.9451,0.6202,0.6815,0.0086,0.0018,0.5011,0.9693,CALI
22972.2509,620.3511,203.4752,160.3815,1.3707,0.6882,26748.8229,169.3347,0.7488,0.9827,0.8675,0.8098,0.0063,0.0026,0.7339,0.9841,SEKER
25015.7482,669.1169,211.9841,137.6502,1.4785,0.7749,28105.0621,173.6948,0.8101,0.974,0.7885,0.8136,0.01,0.0025,0.5931,0.9857,DERMASON
24793.1371,468.7178,219.442,101.5359,1.5594,0.7787,25586.097,185.3753,0.7322,0.9855,0.8525,0.7391,0.01,0.0023,0.6457,0.9836,DERMASON
48737.0416,991.3495,433.3313,161.9605,2.9073,0.9753,58557.1247,230.3241,0.6338,0.9696,0.5993,0.6076,0.0085,0.0008,0.4246,0.9498,HOROZ
52462.2518,870.3232,410.8863,187.7839,2.3058,0.9002,65532.5147,272.6362,0.6316,0.9749,0.5947,0.73,0.0073,0.0016,0.4075,0.9581,CALI
97070.75,1060.69,430.4244,269.5108,1.693,0.7608,98360.5487,340.829,0.7622,0.9731,0.8794,0.7886,0.0044,0.0012,0.6435,0.9816,BOMBAY
34840.2086,687.4626,249.5351,183.2262,1.7377,0.7445,27531.5767,194.4458,0.7753,0.9752,0.6966,0.7883,0.0101,0.0025,0.6566,0.9833,SIRA
21358.5294,766.4115,245.4758,153.0008,1.5963,0.7834,34027.816,162.4726,0.7851,0.9625,0.7552,0.7573,0.0084,0.0016,0.7011,0.9851,SIRA
47504.4841,1012.1975,406.2712,195.6779,2.163,0.9207,56629.5462,227.9288,0.564,0.9682,0.6188,0.6492,0.0071,0.0014,0.4311,0.9382,CALI
45354.9233,1011.9444,415.2392,182.7927,2.1563,0.8486,52566.9686,258.9187,0.6496,0.9478,0.6807,0.6672,0.0077,0.0016,0.4653,0.962,CALI
21563.8731,619.2972,218.1416,136.0706,1.5213,0.6679,28503.5577,193.9532,0.7564,0.9775,0.7817,0.8428,0.0093,0.0027,0.612,0.974,DERMASON
26469.1252,625.9944,245.083,145.8163,1.5348,0.8024,20688.6334,197.7808,0.7285,0.9699,0.7705,0.7974,0.0088,0.0022,0.5759,0.9821,DERMASON
23871.0898,628.3527,175.5794,162.3292,1.4039,0.6508,31144.0164,189.9487,0.7457,0.9633,0.8978,0.8045,0.008,0.0024,0.7235,0.9911,SEKER
27033.1995,614.7832,230.3904,153.5272,1.5739,0.7471,25178.092,165.6857,0.744,0.9778,0.8879,0.7587,0.0084,0.003,0.6344,0.9825,DERMASON
82672.6742,1204.4049,417.3,262.1394,1.5711,0.777,86828.3957,321.2767,0.712,0.9658,0.7913,0.8107,0.0048,0.0015,0.6196,0.9809,BOMBAY
74032.6808,1124.3626,443.6767,239.3074,1.6977,0.8117,87732.7463,348.0403,0.7544,0.9684,0.8282,0.7957,0.005,0.0012,0.572,0.9859,BOMBAY
24012.1057,631.4565,186.62,153.2544,1.4109,0.7212,32747.5966,181.4261,0.7253,0.9746,0.8907,0.8647,0.0076,0.0032,0.7244,0.9935,SEKER
62709.2182,999.2878,379.761,180.14,2.4161,0.9269,56178.5305,255.8303,0.6384,0.9733,0.7266,0.6446,0.0073,0.0017,0.3733,0.9468,CALI
46465.826,1024.7542,385.39,142.7866,2.9511,0.9445,48080.2529,257.0,0.6061,0.9481,0.6395,0.654,0.0076,0.0013,0.3326,0.9506,HOROZ
48762.5496,977.8039,378.8292,171.9962,2.8132,0.9527,59070.9762,263.7098,0.6813,0.9712,0.5572,0.637,0.0065,0.0014,0.4024,0.9553,HOROZ
18941.3596,699.3879,216.5868,128.1737,1.6247,0.7861,18339.7,143.6777,0.769,0.9852,0.8469,0.8385,0.0086,0.0028,0.6211,0.981,DERMASON
25388.5075,607.9553,221.1583,133.5705,1.5904,0.8195,28951.7901,181.8134,0.7009,0.9797,0.9278,0.8633,0.0098,0.0032,0.6987,0.9788,DERMASON
24815.929,608.399,250.9261,169.6816,1.5179,0.6981,26366.381,158.295,0.746,0.9829,0.7533,0.7522,0.0092,0.0021,0.6071,0.981,DERMASON
30748.3932,669.249,200.9282,169.3545,1.8406,0.8164,28728.2294,167.7818,0.7758,0.9646,0.8171,0.7645,0.0094,0.0026,0.6189,1.0,SIRA
49571.2194,1042.4984,363.4444,195.0182,2.1829,0.967,57826.8583,264.174,0.6687,0.9478,0.7238,0.6173,0.0073,0.0017,0.4784,0.9569,CALI
29930.264,651.1923,228.7293,152.6752,1.5653,0.7516,18630.6932,175.0097,0.796,0.9745,0.837,0.7534,0.0086,0.0023,0.6252,0.9732,DERMASON
52210.6438,1077.9948,363.5749,172.7329,2.3462,0.9532,55340.8198,256.9787,0.671,0.9511,0.7113,0.7169,0.0082,0.002,0.392,0.9655,CALI
44551.7805,1077.7642,369.2509,158.7296,2.4417,0.9006,41229.4609,255.4315,0.6343,0.9598,0.647,0.5638,0.0102,0.0009,0.3934,0.932,HOROZ
38927.9176,981.698,431.1877,167.3156,2.9891,0.9224,40877.7198,226.4156,0.6254,0.9931,0.4871,0.6038,0.0081,0.0014,0.3153,0.9594,HOROZ
56458.9126,1034.9971,357.6783,229.0452,1.7298,0.781,60897.0,274.0163,0.6685,0.9929,0.7818,0.7901,0.0071,0.0019,0.4946,0.9716,BARBUNYA
51631.4522,958.8779,425.7561,181.4508,2.1369,0.8988,61577.2014,256.2652,0.6393,0.9707,0.7665,0.6914,0.008,0.0016,0.4605,0.9743,CALI
29047.422,598.6643,222.0996,140.9577,1.5866,0.6887,33656.7085,200.91,0.7717,0.9728,0.8222,0.7761,0.0088,0.002,0.6462,0.9933,DERMASON
88638.4111,1216.127,455.6496,257.9753,1.6738,0.8165,91544.2193,325.0365,0.7321,0.9616,0.8904,0.7884,0.0046,0.0013,0.6322,0.9725,BOMBAY
41584.9611,882.8751,401.0308,141.3769,2.4908,0.939,47939.8719,242.958,0.7016,0.9708,0.6649,0.5833,0.0102,0.0009,0.4848,0.9628,HOROZ
26020.804,638.9191,218.6522,156.4411,1.5251,0.7028,21910.9551,184.7094,0.758,0.9731,0.8796,0.861,0.0066,0.0021,0.79,0.9899,SEKER
56979.5059,1068.8392,392.092,191.3101,2.505,0.8542,60174.53,246.5248,0.6798,0.9491,0.7035,0.6689,0.0064,0.0021,0.4988,0.9538,CALI
28381.4632,568.3029,217.9913,133.0293,1.3084,0.7601,27417.3112,201.6026,0.6661,0.9584,0.7311,0.7541,0.0088,0.0031,0.5309,0.9839,DERMASON
24667.8716,666.5212,229.032,146.6863,1.412,0.6796,33545.4145,189.8962,0.7893,0.9713,0.8908,0.8083,0.0068,0.0029,0.74,0.988,SEKER
53408.4087,1038.9019,396.4275,175.3242,2.8039,0.9115,40405.8907,247.8111,0.5906,0.9792,0.627,0.6317,0.0092,0.0013,0.4018,0.9499,HOROZ
27072.0574,699.5349,269.1258,148.2538,1.5568,0.7052,28494.3917,188.9698,0.807,0.9768,0.8069,0.7858,0.0087,0.0019,0.6419,0.9736,SIRA
24673.9737,618.9547,207.6018,166.8226,1.314,0.5934,24216.3656,199.5356,0.7471,0.9934,0.8897,0.8151,0.0075,0.0028,0.6611,1.0,SEKER
23248.5516,574.2148,215.9721,179.9318,1.4189,0.6825,30554.1453,173.9075,0.8299,0.9857,0.8872,0.8264,0.0094,0.0028,0.7522,0.9957,SEKER
59938.0441,947.5548,365.3164,164.023,1.9539,0.8753,51815.6486,237.1391,0.7149,0.9603,0.7513,0.7573,0.006,0.0016,0.523,0.9629,BARBUNYA
32403.8545,616.7487,243.5833,157.4636,1.6607,0.8163,34017.2482,170.3376,0.7464,0.9746,0.7801,0.7921,0.0089,0.0025,0.654,0.9946,SIRA
34995.4533,619.0173,187.0397,153.4226,1.384,0.6056,26123.0762,185.7303,0.7516,0.9623,0.8396,0.9036,0.0081,0.0024,0.7014,0.9948,SEKER
25659.3934,530.137,205.9445,164.7015,1.3597,0.6594,30605.9672,202.5113,0.7405,0.982,0.8,0.8246,0.0088,0.0028,0.726,0.9943,SEKER
83995.2899,1223.1279,441.4614,259.8665,1.7013,0.8241,96816.1256,334.2379,0.7317,0.9765,0.8606,0.7689,0.0048,0.0008,0.6051,0.9734,BOMBAY
28098.9674,607.9203,205.8911,124.1927,1.5042,0.6887,21303.4236,189.2285,0.7517,0.963,0.771,0.7822,0.0088,0.0022,0.6534,0.9801,DERMASON
20996.4763,618.7273,205.6389,187.1353,1.2462,0.6897,25798.3727,171.9753,0.7826,0.9716,0.8272,0.8628,0.0087,0.0032,0.6895,0.9974,SEKER
31062.6446,982.3321,423.7247,176.6367,2.669,0.9302,47486.7801,233.4861,0.6272,0.9716,0.6184,0.5263,0.0072,0.0013,0.3064,0.9462,HOROZ
26221.5641,596.8524,209.8692,139.9892,1.492,0.786,20353.7921,178.7267,0.7656,0.9641,0.9187,0.8874,0.0081,0.0035,0.7216,0.9888,SEKER
52449.8232,1012.7081,413.9301,180.9135,2.288,0.8834,61463.2581,227.9248,0.7219,0.9499,0.6012,0.666,0.0075,0.0018,0.4475,0.9859,CALI
87215.5811,1118.062,441.5984,263.6244,1.772,0.772,83725.2971,346.5075,0.7284,0.9709,0.8909,0.7961,0.0055,0.0016,0.544,0.9774,BOMBAY
50619.876,1065.7622,435.3708,183.9462,2.0624,0.8994,50799.5146,267.0232,0.6672,0.9522,0.5969,0.6408,0.0078,0.0018,0.4221,0.946,CALI
48517.632,1072.3843,400.955,144.5265,3.052,0.9457,42513.4974,242.7031,0.6285,0.979,0.6301,0.6497,0.0088,0.0009,0.374,0.9589,HOROZ
55453.4601,1120.7053,334.6068,211.4199,1.6456,0.7832,62486.515,281.3987,0.6611,0.9656,0.7237,0.7844,0.0054,0.0019,0.5672,0.9721,BARBUNYA
31326.5017,624.404,214.9169,154.9371,1.4214,0.7159,28418.7515,164.5096,0.8251,0.9748,0.9096,0.8516,0.008,0.0035,0.6665,0.9816,SEKER
52672.9321,945.4022,365.2829,173.4976,1.9302,0.8913,55835.4168,283.3563,0.6791,0.9598,0.7549,0.7666,0.0065,0.0022,0.501,0.9715,BARBUNYA
52849.8643,906.4865,403.7861,194.0418,2.2129,0.8848,56595.5152,278.0843,0.6098,0.9654,0.719,0.6159,0.0071,0.0016,0.4887,0.9676,CALI
23900.0928,604.3012,216.9235,169.8749,1.3317,0.6411,32900.7984,184.0599,0.7141,0.9669,0.8206,0.8159,0.007,0.0024,0.823,0.9951,SEKER
45570.4704,915.5153,403.396,206.2878,2.0113,0.7719,53679.089,273.2034,0.7235,0.9808,0.77,0.7043,0.006,0.0014,0.6307,0.9685,BARBUNYA
77139.8303,1180.1944,444.8839,247.6638,1.6427,0.7632,82083.1277,333.6727,0.655,0.9735,0.9042,0.7888,0.005,0.0014,0.6111,0.9791,BOMBAY
22805.1301,617.9491,204.0341,131.6514,1.4011,0.7992,26188.0463,177.8015,0.8007,0.9768,0.8102,0.8254,0.009,0.0028,0.6613,0.9806,DERMASON
29548.8472,619.7175,220.6208,164.3277,1.3875,0.7246,33558.4331,183.0464,0.7876,0.9787,0.8565,0.8162,0.0092,0.0021,0.8094,0.9944,SEKER
63706.235,953.7994,358.629,187.4917,1.8421,0.9067,52477.7041,271.3989,0.7355,0.959,0.6945,0.7535,0.0078,0.0018,0.5477,0.9695,BARBUNYA
49725.5102,1076.9501,412.7408,199.7287,2.4833,0.9146,57797.3915,233.9156,0.7534,0.9656,0.6535,0.6166,0.0071,0.0017,0.4128,0.9597,CALI
22922.562,609.1893,218.1486,151.0459,1.4598,0.8563,26339.8711,178.2799,0.7157,0.9781,0.7987,0.7647,0.0091,0.0028,0.6425,0.9775,DERMASON
92850.4384,1044.7226,457.8768,278.0727,1.5773,0.7909,80793.8386,327.6304,0.7172,0.9701,0.8493,0.7673,0.005,0.0016,0.6186,0.9743,BOMBAY
38288.7358,1003.1626,381.6581,184.6148,2.3064,0.895,34464.2265,234.4219,0.6296,0.9502,0.7086,0.6937,0.0077,0.0012,0.4471,0.9504,CALI
21654.8457,615.927,222.4982,138.6105,1.4215,0.7178,24796.2965,206.4419,0.8003,0.9742,0.7943,0.7614,0.0094,0.0024,0.5908,0.9674,SIRA
45443.6998,1007.3565,416.4751,147.7152,2.4134,0.9401,48430.6454,258.5931,0.7456,0.9584,0.6062,0.5451,0.0094,0.001,0.3447,0.9353,HOROZ
26789.4432,605.7106,240.0474,135.4578,1.6266,0.7125,24592.9493,167.52,0.7264,0.9582,0.8288,0.8089,0.0097,0.0023,0.5828,0.9654,DERMASON
26050.4033,644.3162,243.0541,159.4609,1.4809,0.776,29562.0862,180.6476,0.7834,0.9591,0.8806,0.7605,0.0095,0.002,0.5737,0.9896,SIRA
24950.0231,566.1292,176.9463,147.5759,1.6751,0.7722,28572.9468,186.5499,0.7137,0.9874,0.786,0.7845,0.0095,0.0027,0.6452,0.9671,DERMASON
39471.0772,959.7051,419.4965,159.2425,2.7052,0.956,51210.7109,246.265,0.6598,0.9767,0.6347,0.5684,0.0071,0.0011,0.3878,0.9475,HOROZ
25946.1109,669.975,203.325,173.5055,1.7455,0.802,31361.0531,178.2087,0.7061,0.9655,0.796,0.7327,0.0076,0.002,0.6296,0.9886,SIRA
19874.8852,616.0907,206.8381,193.4454,1.373,0.6572,30955.0603,179.9716,0.7801,0.9613,0.9322,0.8312,0.0087,0.0032,0.7048,0.99,SEKER
23168.1798,629.1165,237.8583,138.183,1.629,0.7444,25700.9641,173.1143,0.7295,0.9751,0.8352,0.7075,0.0088,0.0029,0.7291,0.9903,DERMASON
21572.724,630.7843,222.3256,146.3786,1.2763,0.805,24426.1678,182.4137,0.7963,0.9781,0.8191,0.8128,0.008,0.0031,0.7195,0.9888,DERMASON
87713.6551,1161.4921,437.7555,261.5477,1.586,0.8032,101376.033,357.203,0.7081,0.9774,0.9256,0.7681,0.0044,0.0014,0.6482,0.9798,BOMBAY
34078.5193,736.4677,230.4266,141.297,1.5952,0.8369,23633.6204,191.7806,0.6898,0.9617,0.853,0.8051,0.01,0.0029,0.583,0.9814,SIRA
28549.2886,652.1187,231.1561,163.5512,1.5797,0.8026,29843.7388,141.4417,0.6876,0.9651,0.8463,0.78,0.0087,0.0021,0.6526,0.9834,SIRA
50827.3661,1085.2477,403.2499,195.0295,1.9767,0.8118,58502.9191,230.2124,0.641,0.9505,0.7016,0.7622,0.0058,0.0021,0.5834,0.9724,BARBUNYA
45398.3803,914.0598,419.6228,180.6032,2.5945,0.9354,44930.286,240.9825,0.64,0.9671,0.6651,0.6653,0.0078,0.0017,0.4718,0.9611,CALI
27840.4962,678.4902,221.5792,164.8936,1.556,0.654,28093.7652,175.6703,0.757,0.9734,0.8567,0.7897,0.0094,0.0023,0.5866,0.9826,SIRA
78395.7609,1199.9166,429.7121,245.9224,1.5841,0.7021,85376.1742,352.3002,0.7331,0.9643,0.8538,0.7961,0.0051,0.0015,0.6367,0.986,BOMBAY
25975.4312,633.1767,244.2328,169.1661,1.3185,0.6836,31043.712,195.6879,0.815,0.9782,0.8983,0.8346,0.007,0.0029,0.6973,0.9962,SEKER
40217.2077,1048.7067,444.9085,160.3262,2.6824,0.935,36522.4747,263.4876,0.6439,0.9753,0.6202,0.6063,0.0082,0.0012,0.3502,0.9296,HOROZ
25891.034,643.994,235.7951,169.5342,1.3949,0.7027,26742.4253,191.4593,0.7343,0.974,0.9316,0.9102,0.0094,0.0033,0.7462,0.9953,SEKER
45371.6054,1012.3865,381.6347,184.9074,2.2197,0.916,63976.9657,233.7564,0.5999,0.9621,0.7195,0.671,0.0071,0.0014,0.4605,0.9457,CALI
50156.0124,867.9119,389.2072,203.3232,2.012,0.8917,52542.7777,267.4197,0.646,0.9425,0.7464,0.7728,0.0067,0.0018,0.4589,0.9714,BARBUNYA
21599.6381,767.5981,186.2579,152.4718,1.7712,0.8092,21335.5214,192.7962,0.7336,0.9759,0.903,0.7759,0.0084,0.0021,0.6746,0.9887,SIRA
41863.325,912.9751,409.2431,153.1465,2.6354,0.9273,42934.3652,242.0765,0.6984,0.9793,0.5412,0.6186,0.0093,0.001,0.3656,0.9516,HOROZ
24232.8699,621.7396,220.1191,156.6508,1.4683,0.6559,22772.21,152.0817,0.7653,0.9674,0.9195,0.8289,0.0093,0.0026,0.806,0.9851,SEKER
90607.8213,1068.1346,452.7888,275.7504,1.6957,0.8097,83453.0747,334.5783,0.7519,0.9657,0.857,0.7585,0.0048,0.0014,0.6245,0.9738,BOMBAY
36805.5858,1056.2125,416.5902,173.5753,2.1198,0.9268,66283.6656,235.9939,0.6886,0.9731,0.6849,0.679,0.0065,0.0018,0.4191,0.9673,CALI
32887.7779,654.4725,279.1534,156.1357,1.8914,0.717,25161.1103,181.922,0.6629,0.9789,0.6599,0.7682,0.0073,0.0026,0.6439,0.9826,SIRA
53288.3582,891.5912,430.7653,210.7227,1.8023,0.7864,57695.403,280.258,0.7789,0.9807,0.77,0.8053,0.0068,0.0021,0.5634,0.9649,BARBUNYA
18139.3791,698.5343,199.6937,148.4426,1.3642,0.6145,33908.9478,173.9439,0.7426,0.9617,0.8875,0.8919,0.0086,0.0024,0.7861,0.9914,SEKER
97587.0172,1177.6977,417.3192,259.7047,1.5865,0.8241,86715.7271,339.9769,0.7187,0.97,0.8749,0.7916,0.0047,0.0013,0.6517,0.9807,BOMBAY
37077.1649,618.8037,240.0641,154.0241,1.4428,0.7715,27552.9215,199.0596,0.6831,0.9534,0.7729,0.7112,0.0086,0.0022,0.6879,0.9602,SIRA
24379.1762,635.7496,220.3907,155.1322,1.4835,0.8211,20810.1751,175.779,0.7399,0.9613,0.7576,0.8552,0.0101,0.0024,0.686,0.9763,DERMASON
61760.8046,1089.1785,345.0785,189.0957,2.1114,0.8402,50558.4197,253.1462,0.7165,0.9707,0.6375,0.7312,0.0061,0.0024,0.5503,0.978,BARBUNYA
25081.3448,548.4702,221.7607,155.6681,1.4927,0.7094,38939.2858,160.6034,0.7691,0.9593,0.9162,0.8747,0.0091,0.0024,0.6827,0.9799,SEKER
53651.0629,1053.2744,360.6691,203.8178,1.8792,0.7801,63521.9863,282.4748,0.6928,0.9626,0.7442,0.7151,0.0061,0.0013,0.5824,0.9567,BARBUNYA
52702.3181,900.4233,360.8527,184.6678,2.6342,0.9371,56505.6329,205.3744,0.7054,0.9689,0.6318,0.6794,0.0078,0.0012,0.5212,0.957,CALI
31869.8662,680.4336,218.1516,147.3799,1.3999,0.7495,18866.7281,176.0954,0.7184,0.9625,0.8391,0.803,0.0094,0.0032,0.665,0.984,DERMASON
51165.7768,967.9474,360.7074,173.9332,1.9731,0.9239,59666.6215,246.7523,0.6886,0.9592,0.6982,0.6959,0.0075,0.0019,0.4073,0.9731,CALI
29771.2372,601.7769,233.3414,135.4246,1.363,0.7798,30098.9455,173.9335,0.8036,0.9718,0.7523,0.7108,0.0076,0.0023,0.6701,0.9824,DERMASON
43834.4012,949.9193,404.6455,144.2349,3.1354,0.9155,43656.3935,250.595,0.6717,0.9769,0.5939,0.6168,0.0084,0.0013,0.3637,0.9619,HOROZ
30747.3327,627.5624,242.5168,149.0284,1.5672,0.7566,23261.3056,151.6253,0.7875,0.9628,0.7174,0.7441,0.0085,0.0021,0.733,0.9742,SIRA
23661.7758,592.0512,220.8918,154.346,1.6161,0.8162,26806.4584,150.0347,0.7967,0.9597,0.9017,0.832,0.0092,0.0025,0.6198,0.984,DERMASON
90705.1133,1138.138,416.7026,264.2583,1.6312,0.7721,98991.8336,338.8955,0.6828,0.9659,0.8195,0.7529,0.005,0.0016,0.6228,0.9832,BOMBAY
23553.1687,621.2549,194.4689,151.1467,1.4569,0.6781,32760.0557,179.3686,0.7621,0.9828,0.8441,0.8044,0.0096,0.0029,0.6117,0.9902,SEKER
18499.3822,652.0447,198.6398,154.4513,1.5888,0.7332,31890.2712,192.4523,0.7476,0.9767,0.8204,0.8023,0.0091,0.0021,0.6788,0.9731,DERMASON
33289.434,902.3512,331.7235,204.2418,2.0568,0.8582,49380.778,267.3857,0.7193,0.9582,0.7005,0.7212,0.0073,0.0019,0.5729,0.9658,BARBUNYA
26738.9937,610.2505,243.1557,162.1948,1.4497,0.7398,32029.4465,186.13,0.799,0.9727,0.9129,0.9184,0.0073,0.0024,0.7992,0.9909,SEKER
58604.7117,953.1121,402.2919,182.9822,2.2585,0.9376,56063.11,260.5805,0.645,0.9743,0.5983,0.6464,0.0076,0.0014,0.4096,0.9798,CALI
45120.9294,1040.029,380.9081,191.4302,2.1323,0.9684,40769.6533,277.3635,0.6221,0.9509,0.6213,0.6506,0.0071,0.0018,0.4108,0.961,CALI
57120.5239,1039.0722,398.5695,130.0861,2.232,0.9187,41997.4427,225.2264,0.7455,0.9681,0.6901,0.6719,0.0076,0.0012,0.4519,0.9637,CALI
57593.0191,954.2469,365.6327,185.4694,1.9206,0.8398,77021.7641,288.8643,0.6994,0.9717,0.7037,0.7173,0.0055,0.002,0.5923,0.96,BARBUNYA
25024.4548,606.3755,220.0189,137.966,1.6692,0.6651,25100.98,226.7323,0.7368,0.9847,0.8471,0.7294,0.0094,0.0026,0.6217,0.9689,SIRA
23678.9903,629.17,241.7933,144.2735,1.7257,0.7767,31217.5005,162.3324,0.7826,0.9601,0.7709,0.8694,0.0089,0.0025,0.71,0.9875,DERMASON
93950.4486,1143.164,451.4454,254.9846,1.6697,0.8296,91387.5055,319.8423,0.6677,0.9711,0.8698,0.772,0.0049,0.0014,0.6044,0.9852,BOMBAY
58997.8566,1045.9047,406.1863,160.5617,2.569,0.9028,47751.6079,262.3759,0.636,0.9523,0.6748,0.6676,0.0065,0.0013,0.4145,0.9794,CALI
45433.9804,955.9682,421.9062,180.0696,2.5513,0.9121,54047.296,283.3888,0.6961,0.9664,0.6755,0.6241,0.0083,0.0014,0.5462,0.9636,CALI
26142.2284,581.8734,200.202,141.1343,1.6909,0.7675,19167.2682,155.7885,0.7772,0.9568,0.8261,0.7813,0.0089,0.0033,0.542,0.9782,DERMASON
58394.0238,941.5214,362.4843,178.9065,1.7923,0.8833,62173.3038,285.087,0.6828,0.9756,0.7065,0.7984,0.0077,0.0015,0.6013,0.9678,BARBUNYA
78144.7131,1081.1914,411.7417,264.4622,1.7433,0.8353,83224.3526,352.4493,0.6638,0.9695,0.8453,0.767,0.0045,0.0014,0.5572,0.9824,BOMBAY
45453.368,983.1912,327.1318,131.2962,2.4954,0.9502,57125.439,245.2668,0.6826,0.9554,0.6147,0.6175,0.0087,0.0008,0.4427,0.9412,HOROZ
29196.2479,709.8676,249.5127,148.4923,1.4943,0.785,25229.7059,177.7618,0.75,0.9568,0.7841,0.7604,0.0095,0.0023,0.5513,0.9853,SIRA
40966.3478,904.0219,403.4004,148.846,2.7671,0.9163,60396.7692,237.4635,0.5872,0.9748,0.5632,0.5403,0.0083,0.0011,0.3829,0.945,HOROZ
82493.8235,1178.2659,390.0349,242.3734,1.7071,0.8179,87127.2197,333.8359,0.7177,0.9674,0.8363,0.7822,0.0053,0.0016,0.5517,0.9783,BOMBAY
23323.9698,568.8477,232.4464,143.3537,1.7348,0.78,23791.3925,169.3911,0.8495,0.9645,0.8226,0.8345,0.0096,0.0032,0.581,0.9731,DERMASON
47730.8817,920.8259,327.3772,219.6224,1.7994,0.8003,56259.8989,294.2311,0.7779,0.9511,0.8505,0.7379,0.0075,0.0021,0.504,0.9631,BARBUNYA
42831.6087,917.6228,401.9416,197.123,2.0203,0.887,58935.8467,277.2575,0.6657,0.9701,0.6669,0.6432,0.0079,0.0018,0.4966,0.9576,CALI
50171.7643,1039.6032,425.9705,189.171,2.0869,0.9542,56103.7949,253.1747,0.6224,0.956,0.7271,0.6351,0.008,0.0016,0.5891,0.9596,CALI
27371.3119,592.1996,243.7164,150.1056,1.6838,0.7174,22145.8606,178.7749,0.7711,0.9636,0.6879,0.6906,0.0094,0.0025,0.6717,0.9807,SIRA
55023.6238,1008.9055,386.6466,176.9057,2.4059,0.8786,43883.1449,245.432,0.7374,0.9327,0.6581,0.6765,0.0082,0.0014,0.4173,0.9832,CALI
28996.5622,600.8465,222.5747,173.4929,1.5251,0.7099,22279.5976,184.2024,0.73,0.9698,0.8603,0.8329,0.0098,0.0026,0.646,0.9919,SEKER
42364.8573,991.9463,438.1942,146.2222,2.7786,0.9071,55407.3913,228.5115,0.6432,0.9611,0.5904,0.571,0.009,0.0009,0.315,0.9366,HOROZ
56466.6536,1155.4182,368.8241,184.5418,2.1736,0.8757,64516.0226,272.7558,0.7233,0.948,0.72,0.7279,0.0078,0.0017,0.4024,0.9648,CALI
50565.3696,987.8156,373.086,194.9307,1.7994,0.8796,73076.6926,258.6128,0.651,0.9793,0.7645,0.7177,0.0063,0.0021,0.5448,0.9709,BARBUNYA
49869.1518,1048.0891,361.4888,204.5828,1.8077,0.7915,57226.4595,246.8239,0.6561,0.9543,0.8461,0.7659,0.0069,0.0016,0.5865,0.9686,BARBUNYA
89117.359,1077.941,463.6253,270.7633,1.6113,0.783,91867.8475,346.8859,0.7516,0.965,0.8211,0.7562,0.0053,0.0013,0.5636,0.9711,BOMBAY
61590.6355,1026.8204,377.2077,224.6839,1.6817,0.8477,62120.4232,234.1845,0.6804,0.949,0.7713,0.7065,0.0071,0.0023,0.5368,0.9635,BARBUNYA
24091.2022,615.0851,206.51,143.3848,1.6434,0.7693,26639.3912,166.354,0.7645,0.9723,0.88,0.7236,0.0095,0.0035,0.7135,0.9825,DERMASON
98590.0801,1163.0292,452.7756,261.664,1.641,0.7851,90346.7526,340.2126,0.7086,0.9771,0.8823,0.7693,0.0049,0.0017,0.6314,0.9733,BOMBAY
24794.3031,635.1678,224.6001,155.9187,1.4074,0.6607,32349.828,194.1458,0.7893,0.9582,0.826,0.8301,0.0081,0.0029,0.6752,0.9959,SEKER
54186.2789,975.4676,340.5771,187.9633,1.9418,0.8541,60349.9192,260.658,0.7399,0.953,0.7933,0.7507,0.0057,0.0016,0.4774,0.9728,BARBUNYA
60533.2468,1084.38,487.498,179.2423,2.3739,0.9028,49208.8629,253.0624,0.6024,0.9773,0.6958,0.6957,0.0075,0.002,0.4329,0.9536,CALI
94128.0937,1071.5938,411.1944,276.5937,1.5656,0.8235,93328.1326,326.5817,0.7005,0.9647,0.8138,0.7496,0.0046,0.0015,0.6285,0.9917,BOMBAY
95304.0482,1101.4821,469.1639,263.7865,1.6579,0.781,84243.6807,332.7651,0.7195,0.97,0.8368,0.7359,0.0049,0.001,0.6352,0.987,BOMBAY
23949.9394,617.903,252.4975,145.3388,1.3558,0.7481,25360.0119,177.2647,0.7739,0.9576,0.8788,0.8137,0.0092,0.0027,0.8342,0.9914,SEKER
24336.1023,633.4183,229.3957,161.7735,1.6094,0.6724,27600.9273,197.2282,0.7961,0.9715,0.8868,0.7887,0.0098,0.0027,0.6548,0.982,SIRA
52083.9072,839.9476,340.0063,205.4626,1.8354,0.9197,73059.8859,265.5894,0.7248,0.9662,0.8381,0.7739,0.0065,0.0015,0.5018,0.9696,BARBUNYA
57429.2632,917.7569,367.8323,207.63,1.9065,0.783,68615.8821,291.1163,0.6874,0.9642,0.8315,0.7687,0.0067,0.0015,0.6625,0.9717,BARBUNYA
25289.3985,569.1606,208.928,150.7872,1.7184,0.7725,29805.6801,183.2054,0.6788,0.976,0.812,0.7662,0.0091,0.002,0.6196,0.9747,SIRA
34417.1512,1024.4259,444.9763,142.845,2.3763,0.917,53908.7816,240.2006,0.6961,0.985,0.5393,0.6238,0.0107,0.0007,0.3579,0.9487,HOROZ
23418.7171,594.0542,200.4263,145.6427,1.7149,0.7558,25256.4258,169.0552,0.7514,0.9529,0.7639,0.7919,0.0116,0.0031,0.5409,0.9841,DERMASON
86968.7557,1138.1223,421.6948,256.673,1.5691,0.81,102425.5776,341.6465,0.7051,0.9669,0.876,0.76,0.0048,0.0014,0.6035,0.9712,BOMBAY
56239.4018,930.9319,405.0548,170.3205,2.3439,0.869,51451.776,243.4491,0.6436,0.97,0.6682,0.7205,0.0067,0.0014,0.4403,0.9604,CALI
69088.7697,1006.0179,377.2137,207.4219,1.817,0.8662,65704.9368,305.3939,0.7085,0.9675,0.7473,0.7103,0.0056,0.0018,0.5,0.9817,BARBUNYA
95752.0767,1111.5068,405.9818,278.3656,1.5304,0.8098,82827.0692,346.461,0.8056,0.9704,0.8466,0.7778,0.0048,0.0012,0.6153,0.9731,BOMBAY
59481.6104,882.6176,375.1896,199.8521,1.8083,0.7681,62860.4125,271.8203,0.6963,0.9627,0.7172,0.7873,0.0066,0.002,0.4962,0.9629,BARBUNYA
43081.7583,853.799,361.4431,227.4817,1.9943,0.8009,54573.2279,293.2929,0.6585,0.9644,0.689,0.725,0.007,0.0019,0.5441,0.962,BARBUNYA
21937.4973,645.0232,171.7544,154.0007,1.426,0.7561,27378.0687,195.0167,0.754,0.9626,0.843,0.8958,0.0093,0.0029,0.8865,0.9898,SEKER
58105.1236,856.9688,427.8085,172.155,2.1532,0.9294,50172.4474,273.8692,0.6267,0.9729,0.7315,0.6924,0.0075,0.0015,0.4979,0.9666,CALI
22926.2355,688.6278,213.2477,127.0166,1.6908,0.6553,28368.212,167.5476,0.7503,0.9811,0.8322,0.8707,0.0086,0.0036,0.6978,0.9871,DERMASON
78187.0262,1115.9253,401.3582,267.3386,1.5727,0.7857,100781.3611,323.7763,0.7522,0.9767,0.8302,0.7749,0.0043,0.0012,0.6221,0.9837,BOMBAY
26228.2704,708.5205,253.7358,135.9471,1.5051,0.7798,29331.3817,165.0241,0.7435,0.9691,0.7379,0.7657,0.008,0.0029,0.666,0.9738,SIRA
33239.1513,931.1916,399.5339,144.8597,2.9189,0.9272,46593.6582,222.2256,0.7617,0.9639,0.6006,0.5938,0.0083,0.0014,0.3197,0.9516,HOROZ
94912.2087,1043.6017,436.0162,241.4598,1.6966,0.7956,92163.4101,349.0094,0.7055,0.9697,0.8222,0.781,0.0044,0.0014,0.6307,0.9792,BOMBAY
51747.9647,1002.1431,385.8519,181.5893,2.4533,0.9359,56789.1206,279.0366,0.6038,0.9636,0.5366,0.6297,0.008,0.0014,0.422,0.9482,CALI
31418.7828,640.1594,207.338,137.7377,1.431,0.7059,33929.6026,179.3673,0.773,0.9519,0.8457,0.8574,0.0079,0.0024,0.7909,0.998,SEKER
79874.0995,1182.7328,445.0412,257.1076,1.6771,0.768,90332.2802,315.7631,0.6776,0.9702,0.8176,0.7683,0.0054,0.0016,0.6171,0.99,BOMBAY
21750.3544,524.8846,196.6626,142.5806,1.3639,0.7877,31926.2502,166.4031,0.7674,0.9868,0.8781,0.8306,0.0081,0.0027,0.5666,0.9845,DERMASON
28128.4063,638.9589,234.4835,142.254,1.9291,0.7431,30696.7721,190.5025,0.7072,0.9573,0.7852,0.7194,0.0078,0.0019,0.7001,0.9809,SIRA
62126.2457,874.6953,396.3607,183.9271,1.6657,0.8635,65275.1195,300.8948,0.6732,0.9549,0.7567,0.6898,0.0059,0.0018,0.4749,0.948,BARBUNYA
62873.1298,959.4007,370.2961,194.5177,1.9872,0.8541,57488.6099,239.3439,0.6984,0.9563,0.7672,0.6768,0.0079,0.0018,0.6179,0.977,BARBUNYA
48885.3471,1132.8119,449.633,155.8604,2.4927,0.9121,56771.161,227.0369,0.6152,0.9692,0.5885,0.6548,0.0096,0.0012,0.3378,0.9446,HOROZ
49389.5867,930.5668,404.1792,151.8619,2.6684,0.9138,58393.7333,232.4969,0.6008,0.9499,0.6106,0.6356,0.0085,0.0016,0.3869,0.9506,HOROZ
27728.7321,693.7469,255.4764,153.4162,1.6011,0.7963,30285.16,173.1248,0.8366,0.9738,0.7978,0.7853,0.0086,0.0027,0.5762,0.9914,SIRA
20312.1248,626.7859,226.1492,150.0664,1.5128,0.7812,28185.0713,151.775,0.8211,0.9619,0.8307,0.8799,0.01,0.003,0.6687,0.9652,DERMASON
43280.6544,1067.3598,403.723,218.0658,2.005,0.8765,69723.3113,251.7174,0.7185,0.9745,0.7776,0.7329,0.0059,0.0017,0.522,0.9401,BARBUNYA
31348.3401,1041.2349,419.7941,178.2862,2.3783,0.92,60312.6678,261.5827,0.6952,0.9487,0.6176,0.67,0.0079,0.001,0.4786,0.9603,CALI
32866.2645,626.6274,259.5214,145.0135,1.5991,0.6882,33022.0816,171.0483,0.6785,0.9692,0.7821,0.7318,0.0075,0.0028,0.656,0.9827,SIRA
25958.0717,694.03,217.0221,135.2547,1.4983,0.7387,22113.4635,161.5666,0.6884,0.9637,0.7816,0.7936,0.0093,0.003,0.5989,0.9854,DERMASON
88878.8082,1109.112,403.129,252.447,1.6254,0.81,86782.8224,341.7856,0.7892,0.9797,0.9326,0.7767,0.0051,0.0013,0.6031,0.9813,BOMBAY
26558.6804,699.989,230.9395,148.3183,1.4766,0.8141,24306.9945,200.4823,0.7931,0.9797,0.8431,0.859,0.0082,0.0025,0.6331,1.0,SIRA
74724.2213,870.9808,322.8996,204.8142,1.7886,0.9516,47949.892,297.6819,0.6437,0.9598,0.7465,0.7017,0.0077,0.002,0.4929,0.9828,BARBUNYA
23791.0777,593.8301,211.8741,153.5053,1.3606,0.6773,28148.9026,176.1044,0.7888,0.9652,0.8518,0.8513,0.0066,0.0024,0.6866,0.9849,SEKER
24506.1064,542.4104,217.4283,161.4402,1.4515,0.6982,36423.304,170.7238,0.8227,0.9792,0.8446,0.8462,0.0076,0.0027,0.6978,0.9878,SEKER
66916.6363,954.5751,421.601,196.5366,1.8736,0.8214,58570.5609,247.3858,0.6326,0.9434,0.718,0.7022,0.0068,0.0016,0.5407,0.9831,BARBUNYA
27100.6666,571.7993,255.0397,169.8986,1.4669,0.7098,26582.4957,149.0076,0.82,0.9767,0.8803,0.8252,0.0092,0.0028,0.73,0.9845,SEKER
54720.0637,1013.7829,409.7998,151.5146,3.0611,0.8979,49368.6148,229.4556,0.6412,0.9675,0.582,0.6078,0.0096,0.0011,0.4171,0.9254,HOROZ
76557.9523,955.8381,367.7947,175.5189,1.8252,0.8609,53995.4881,269.9019,0.7062,0.9563,0.8102,0.7323,0.0065,0.0018,0.442,0.9758,BARBUNYA
78018.4462,1223.1473,421.7778,256.8378,1.6347,0.8082,81370.4332,314.4885,0.662,0.9727,0.8734,0.8026,0.0049,0.0013,0.5877,0.9843,BOMBAY
57240.5294,895.6656,400.7945,160.113,2.3642,0.9088,42083.2764,235.0217,0.6386,0.9708,0.6347,0.7085,0.0062,0.0017,0.4884,0.956,CALI
31584.1836,630.8223,217.8265,148.3868,1.7021,0.8177,27460.628,182.5279,0.7993,0.9887,0.761,0.7448,0.0097,0.0026,0.7084,0.9825,SIRA
43535.4987,1048.4367,369.5309,214.497,1.7415,0.8913,51547.823,317.5397,0.7509,0.9482,0.8083,0.7122,0.0054,0.002,0.6082,0.9671,BARBUNYA
30708.8149,614.6547,235.6673,140.6904,1.3947,0.7284,28365.5138,176.1017,0.7417,0.9699,0.8323,0.8325,0.0096,0.0026,0.5502,0.9796,DERMASON
83409.0779,1165.7068,421.4122,288.1215,1.6265,0.8338,82173.0981,338.3923,0.7803,0.969,0.8447,0.7721,0.0049,0.0015,0.6532,0.9804,BOMBAY
49740.3537,1032.1209,364.7836,167.0857,2.4385,0.9637,57507.097,235.1805,0.6296,0.9534,0.7473,0.7024,0.0072,0.0014,0.3695,0.9528,CALI
59663.7337,991.2767,387.2906,201.1558,1.6038,0.84,59922.4595,297.0138,0.6151,0.9829,0.7558,0.6974,0.0064,0.0021,0.5531,0.9625,BARBUNYA
31523.6201,563.2629,215.5572,161.8777,1.5297,0.596,30963.4168,189.6876,0.8313,0.9771,0.8721,0.8344,0.0071,0.0028,0.7104,1.0,SEKER
50200.9044,993.5286,435.0522,172.3823,2.6022,0.8921,46368.2523,225.2876,0.6537,0.9705,0.5638,0.6325,0.0074,0.0016,0.3442,0.9552,HOROZ
58435.9001,1018.3942,386.5317,192.9122,2.0387,0.8839,69231.402,235.2991,0.6732,0.9724,0.6667,0.6486,0.0086,0.0016,0.3823,0.9612,CALI
23206.0657,659.2797,232.0465,154.1528,1.4304,0.6832,33836.973,157.2796,0.7865,0.9824,0.8553,0.835,0.0085,0.0023,0.6932,0.9849,SEKER
80720.3769,1132.2863,411.1523,284.6318,1.5815,0.7573,84328.3721,348.7776,0.7896,0.968,0.8405,0.8088,0.0048,0.0012,0.6621,0.9891,BOMBAY
41761.1341,1045.4723,368.1885,193.592,1.6897,0.7877,56070.4762,276.2035,0.6891,0.9369,0.7256,0.7605,0.0081,0.0018,0.5728,0.97,BARBUNYA
36379.7846,1057.5177,484.4184,151.5893,2.536,0.9431,52416.1459,243.9378,0.6669,0.9658,0.4774,0.615,0.008,0.0011,0.4111,0.9587,HOROZ
30978.8014,548.5363,230.8727,159.4205,1.4659,0.5974,27113.7924,196.3546,0.8244,0.9623,0.8588,0.9052,0.0069,0.0027,0.7289,0.9909,SEKER
20956.829,600.6853,205.2445,159.2185,1.2539,0.7554,28309.256,175.6451,0.8296,0.9698,0.8803,0.8586,0.0099,0.0028,0.6666,0.9904,SEKER
27050.4047,593.7705,233.5302,159.0661,1.6579,0.7649,23076.4558,177.0247,0.7453,0.9651,0.8617,0.757,0.0097,0.0026,0.4906,0.9806,SIRA
92122.5599,1112.555,481.6674,270.6409,1.736,0.7563,112890.8125,339.8242,0.7579,0.9678,0.8485,0.7891,0.0049,0.0015,0.6477,0.9825,BOMBAY
24559.6861,711.5209,211.7869,146.0875,1.606,0.7363,29278.4674,191.641,0.7473,0.963,0.7453,0.7437,0.0092,0.0021,0.6083,0.9712,SIRA
62680.7101,923.6393,382.0587,199.2486,2.084,0.8107,57145.0115,268.9906,0.7267,0.9576,0.7007,0.6721,0.007,0.0015,0.5791,0.9744,BARBUNYA
28941.2108,620.1441,202.5028,152.8112,1.3429,0.6548,24363.0433,179.1265,0.7158,0.9725,0.8387,0.8763,0.0087,0.0033,0.6518,0.9971,SEKER
40010.9555,1045.3714,345.8838,184.8727,2.2015,0.9042,51127.8718,267.318,0.6039,0.9822,0.7237,0.6121,0.0079,0.0012,0.3865,0.9456,CALI
31492.3781,532.1064,186.3709,135.257,1.5873,0.6544,30764.4146,189.0002,0.7285,0.9813,0.8044,0.809,0.01,0.0029,0.6626,0.9807,DERMASON
25324.2087,624.2988,216.6964,160.266,1.5134,0.7642,27927.4428,163.0927,0.6892,0.967,0.7853,0.8373,0.0092,0.0027,0.5967,0.9903,DERMASON
31935.0299,709.6942,228.1146,160.3775,1.5994,0.7871,37177.7192,177.5043,0.7958,0.9784,0.7946,0.7522,0.007,0.0032,0.7073,0.9995,SIRA
46136.7372,1119.4097,394.7751,199.9592,2.1787,0.9112,58755.5871,223.4894,0.5906,0.959,0.6234,0.6827,0.0075,0.002,0.4242,0.9655,CALI
48734.6267,1095.8319,388.8023,169.9064,2.5177,0.9409,43896.9018,226.296,0.6655,0.9716,0.5574,0.6104,0.0102,0.0017,0.3924,0.9506,HOROZ
29928.4795,684.9345,179.3676,152.3841,1.5641,0.7493,29236.8711,199.8835,0.7431,0.9614,0.8537,0.7437,0.009,0.0034,0.6783,0.9673,DERMASON
30732.3255,613.018,243.4039,136.419,1.5665,0.7528,24775.0775,175.1751,0.7797,0.9744,0.8512,0.8539,0.0093,0.0028,0.6697,0.994,DERMASON
36166.8613,613.1083,237.0597,156.1234,1.5713,0.7722,31987.6407,174.0826,0.7521,0.9649,0.7822,0.8098,0.0094,0.0022,0.6329,0.9739,SIRA
89551.4262,1131.2214,431.8574,269.3591,1.7439,0.7722,90589.9767,340.2848,0.7103,0.9643,0.8692,0.7716,0.0051,0.0012,0.6082,0.9786,BOMBAY
59662.8603,1011.1984,420.9284,138.4585,2.938,0.9107,34503.3461,213.672,0.6281,0.9646,0.6242,0.6583,0.0085,0.001,0.2762,0.9579,HOROZ
91336.9858,1140.7793,455.8116,249.8134,1.6762,0.7463,86525.965,331.5084,0.63,0.9695,0.8393,0.7604,0.0045,0.0011,0.6267,0.9794,BOMBAY
39365.6675,1021.1007,393.7461,163.8919,2.6642,0.9406,40833.8753,224.1775,0.6192,0.9665,0.4719,0.5884,0.0092,0.0008,0.449,0.9457,HOROZ
29086.4956,714.9928,197.2425,151.4166,2.0181,0.8555,33557.5333,185.668,0.709,0.9505,0.8307,0.8614,0.0099,0.0021,0.6201,0.971,SIRA
52026.2191,1027.4845,394.5139,167.5478,2.714,0.9305,43520.136,271.8493,0.662,0.9799,0.5183,0.622,0.0089,0.0008,0.3245,0.9328,HOROZ
55850.3198,918.8666,384.9928,194.5387,2.0565,0.798,55986.3937,270.5125,0.6712,0.9568,0.7711,0.7272,0.0067,0.0014,0.6234,0.9509,BARBUNYA
43631.3253,915.2717,391.0224,169.3158,2.4655,0.9509,75646.784,290.8471,0.6327,0.9602,0.6312,0.6437,0.0082,0.0018,0.427,0.9716,CALI
24792.0291,575.1545,245.9445,152.5417,1.5298,0.7785,32558.3447,185.1411,0.6783,0.9915,0.7947,0.7017,0.0088,0.0025,0.5578,0.9733,SIRA
58508.5391,1094.7806,392.7917,192.8335,1.9123,0.9035,61018.0489,265.0046,0.8078,0.963,0.8003,0.7642,0.0061,0.0018,0.5362,0.9769,BARBUNYA
44983.5362,1033.7798,363.4746,155.6637,2.6416,0.9786,51180.0981,213.8345,0.578,0.9736,0.5637,0.6377,0.0094,0.0009,0.3261,0.9547,HOROZ
53949.2742,1011.7372,417.5199,205.3437,2.1943,0.8962,64443.424,230.1512,0.6255,0.9628,0.6769,0.6347,0.0065,0.0018,0.4865,0.9656,CALI
81114.3466,1169.2143,407.5022,264.9385,1.4788,0.7706,90677.2856,331.7109,0.7495,0.9785,0.8673,0.7799,0.0053,0.0015,0.622,0.9817,BOMBAY
61511.1695,1064.1882,331.5765,235.6722,1.7708,0.7978,42652.9997,247.6677,0.6917,0.9547,0.6951,0.7677,0.005,0.0015,0.6775,0.9746,BARBUNYA
26237.2056,619.1815,205.3692,149.0671,1.3961,0.6889,31295.9105,164.3906,0.7745,0.9859,0.8429,0.8187,0.0074,0.003,0.6567,0.9901,SEKER
88524.4283,1155.1125,409.0423,245.4546,1.6918,0.796,75125.383,327.1358,0.7134,0.9672,0.8653,0.7724,0.005,0.0012,0.6349,0.9723,BOMBAY
34256.3511,671.1341,239.3655,161.3077,1.5113,0.7186,29103.1323,171.8739,0.8292,0.9663,0.7563,0.8205,0.0121,0.0026,0.5525,0.9757,SIRA
25726.0658,682.8314,239.5933,149.1495,1.2012,0.6686,22932.8685,182.8144,0.8088,0.9555,0.881,0.8135,0.0108,0.0027,0.7438,0.9848,SEKER
81622.8727,1172.2385,439.1942,271.1895,1.7396,0.8364,94567.6864,340.8849,0.7369,0.9728,0.8462,0.7858,0.005,0.0011,0.5839,0.9736,BOMBAY
90643.9681,1133.3684,413.7621,275.0424,1.6177,0.8144,77230.7198,321.2271,0.6306,0.9696,0.8667,0.7479,0.0046,0.0015,0.5912,0.98,BOMBAY
21329.1445,625.0776,271.1654,148.4613,1.5093,0.7021,27700.5944,180.7655,0.7374,0.9564,0.8241,0.7683,0.0088,0.0029,0.7253,0.9727,DERMASON
26539.6234,691.5499,223.0402,180.0835,1.4835,0.8347,31497.8352,190.4626,0.7371,0.9613,0.9499,0.769,0.0084,0.0034,0.6016,0.9784,SIRA
27397.2538,586.6666,247.0627,165.3996,1.3616,0.6707,23559.6887,185.4126,0.7183,0.97,0.8493,0.867,0.0093,0.003,0.7139,0.9865,SEKER
53607.9839,923.9292,450.4039,154.7046,2.864,0.9247,52555.4298,220.6458,0.6868,0.9733,0.4874,0.586,0.01,0.0013,0.3952,0.952,HOROZ
99048.6503,1189.9967,457.7195,248.9059,1.6544,0.7656,80730.9758,360.1552,0.7761,0.9766,0.8651,0.7601,0.0051,0.0015,0.6185,0.9704,BOMBAY
71009.0071,1030.8708,296.2194,196.8203,1.7305,0.8582,55782.4606,274.0076,0.7225,0.9561,0.6773,0.7234,0.0071,0.002,0.5388,0.9767,BARBUNYA
23672.005,630.3507,218.6669,155.2785,1.5389,0.7433,18687.0894,168.6127,0.7697,0.9587,0.808,0.8343,0.01,0.002,0.667,0.9746,SIRA
21037.2692,581.3369,220.238,139.5122,1.4251,0.6954,24291.9346,183.3537,0.7907,0.9637,0.8993,0.8285,0.0089,0.0033,0.7361,0.9836,SEKER
48357.2476,998.2252,400.505,164.3716,2.0351,0.9118,68312.6491,263.5679,0.729,0.9838,0.6106,0.6623,0.0074,0.0011,0.4341,0.9507,CALI
58587.9242,942.9438,326.0656,197.2468,1.7812,0.8842,49141.3738,255.8001,0.6405,0.9678,0.7733,0.7735,0.0061,0.0019,0.6094,0.9664,BARBUNYA
47658.468,900.8603,368.7354,188.7769,1.8682,0.8354,63199.4009,253.7802,0.7175,0.9685,0.8044,0.7576,0.0063,0.0018,0.4659,0.9731,BARBUNYA
22738.1607,589.7737,270.3842,176.8214,1.4906,0.8016,34021.3969,177.496,0.7253,0.9744,0.7767,0.7646,0.0106,0.003,0.7494,0.984,DERMASON
21706.2579,645.0974,240.7244,162.8649,1.4843,0.7533,21139.4445,188.2221,0.8226,0.9813,0.9271,0.8324,0.009,0.003,0.6901,0.991,SEKER
40388.9584,999.8013,367.4135,162.0532,2.261,0.9433,43858.5902,245.5655,0.6066,0.967,0.7067,0.6795,0.0073,0.0017,0.545,0.9623,CALI
26927.9981,627.6233,211.2735,163.159,1.3191,0.729,27859.3131,205.5974,0.8039,0.9755,0.9266,0.8259,0.008,0.002,0.7635,0.9983,SEKER
99019.332,1188.3715,431.7973,274.9359,1.7806,0.7922,96023.1715,330.801,0.7162,0.9665,0.8883,0.8125,0.005,0.0013,0.6083,0.975,BOMBAY
24380.9505,625.5714,213.1797,148.131,1.603,0.7803,21778.5624,174.6123,0.8191,0.9692,0.8459,0.811,0.0092,0.0027,0.6946,0.9626,DERMASON
24102.7182,535.4947,205.7336,136.4839,1.5067,0.6858,26594.8088,185.228,0.7733,0.9828,0.8617,0.844,0.0102,0.0026,0.74,0.982,DERMASON
58822.8403,1100.0123,406.6182,163.435,2.2858,0.9279,69713.6911,278.7486,0.6252,0.9447,0.6242,0.6844,0.0082,0.0012,0.4391,0.9664,CALI
24413.9462,643.7775,230.1203,168.8154,1.4952,0.7578,17163.6492,187.5878,0.7301,0.9646,0.837,0.7886,0.0082,0.0021,0.6538,0.9858,DERMASON
21681.264,678.9923,213.9561,149.2459,1.6063,0.8019,25395.074,196.431,0.6911,0.9681,0.7122,0.6668,0.0082,0.0025,0.4882,0.9797,SIRA
93875.0075,1094.461,462.6364,251.046,1.6205,0.8477,83008.4621,315.8943,0.7647,0.9718,0.8488,0.7707,0.0046,0.001,0.6464,0.981,BOMBAY
53397.1134,961.498,396.7369,176.5083,2.5343,0.9061,49652.6296,260.8316,0.6834,0.9615,0.5885,0.6719,0.0089,0.0019,0.4107,0.9746,CALI
29558.5335,650.4362,236.5808,169.9212,1.4698,0.5858,27978.5724,163.4118,0.7319,0.9687,0.9173,0.8599,0.0085,0.0034,0.7321,0.9853,SEKER
86425.0531,1112.0716,443.546,249.8925,1.6494,0.736,91579.8627,344.7254,0.6667,0.9742,0.8854,0.7971,0.0049,0.0015,0.6425,0.982,BOMBAY
33112.2536,786.0435,240.3401,141.6154,1.4496,0.803,22910.3505,181.5111,0.6585,0.9923,0.7388,0.7433,0.0085,0.0033,0.5581,0.9766,SIRA
91464.4367,1118.3064,477.2889,267.7578,1.6847,0.7902,90348.7002,337.8642,0.7681,0.9707,0.8602,0.7966,0.0048,0.0011,0.611,0.9824,BOMBAY
21829.1033,596.9692,240.5111,191.0379,1.4585,0.6406,25457.9537,196.0684,0.7946,0.9739,0.8795,0.886,0.0105,0.0027,0.7279,0.9925,SEKER
50302.263,944.192,451.7973,162.9424,2.711,0.8946,45550.3845,255.2229,0.6026,0.9631,0.5656,0.5726,0.0082,0.0015,0.3571,0.952,HOROZ
96557.2423,1132.0107,395.6351,254.4164,1.6707,0.7899,99896.8614,350.0473,0.8185,0.9718,0.8774,0.7641,0.0049,0.001,0.617,0.9775,BOMBAY
86430.2373,1218.8191,428.7963,272.4065,1.6628,0.7652,87393.7047,348.5508,0.7378,0.9662,0.8629,0.7698,0.005,0.0012,0.6261,0.976,BOMBAY
22619.3053,534.4723,227.0242,139.3707,1.2534,0.7674,22414.6503,176.5403,0.7729,0.9707,0.8292,0.8288,0.0091,0.0026,0.7188,0.9792,SEKER
20345.3798,619.2501,230.7293,146.6247,1.5553,0.811,28536.5567,162.8354,0.7616,0.962,0.7797,0.7577,0.0092,0.0033,0.5975,0.9859,DERMASON
74602.2191,995.8306,406.1949,195.336,1.8653,0.8356,59796.4939,263.0297,0.7246,0.9828,0.6868,0.7119,0.0051,0.0017,0.5419,0.9746,BARBUNYA
20438.0445,576.0432,236.4092,166.7167,1.4072,0.6464,28479.1734,169.0918,0.8128,0.9437,0.8546,0.8261,0.0096,0.0026,0.7819,0.9972,SEKER
63839.4862,859.023,430.7047,157.5778,2.2524,0.8862,61207.5345,265.0588,0.6277,0.9611,0.678,0.6769,0.0075,0.0014,0.4502,0.969,CALI
44488.7114,867.8241,432.3465,169.0894,2.6809,0.907,55152.1782,221.6476,0.7086,0.9564,0.548,0.6153,0.0093,0.0018,0.3995,0.9466,HOROZ
35626.9378,982.1306,395.1312,138.0408,2.6278,0.9436,41606.6241,274.2614,0.6705,0.9866,0.6679,0.5639,0.0095,0.0004,0.4123,0.9441,HOROZ
48125.817,1087.933,387.7697,148.6082,3.0478,0.9265,55460.202,249.5112,0.6078,0.9704,0.6151,0.5856,0.0085,0.0015,0.3998,0.9525,HOROZ
26226.7194,655.6091,215.0934,151.2623,1.4302,0.7163,35694.2816,191.4787,0.726,0.9602,0.8179,0.8523,0.0072,0.0032,0.7054,0.9932,SEKER
54902.3687,1092.4948,405.3002,166.0395,2.4057,0.8834,50045.4569,248.4557,0.6345,0.9571,0.6912,0.7116,0.0064,0.0019,0.466,0.9522,CALI
39581.2004,1019.5073,444.4207,135.165,2.7885,0.9469,50256.6164,248.5619,0.7032,0.995,0.4464,0.6659,0.0091,0.0014,0.3923,0.9418,HOROZ
54199.1828,1149.2853,391.7692,175.3536,2.5503,0.9491,43783.1579,234.6966,0.7206,0.982,0.5506,0.5826,0.0095,0.0009,0.4147,0.9547,HOROZ
84582.5951,1164.1459,390.975,259.4525,1.5857,0.7773,82659.1002,329.0068,0.7646,0.9679,0.8041,0.7589,0.005,0.0011,0.6351,0.979,BOMBAY
22517.6258,699.0196,210.0627,155.5692,1.5999,0.7036,24335.5493,178.7191,0.7678,0.9471,0.8445,0.7975,0.0094,0.0023,0.6731,0.9832,SIRA
23584.8406,605.6664,181.1743,145.0103,1.3446,0.7008,31754.6238,181.7599,0.7805,0.9717,0.9134,0.8768,0.0086,0.0023,0.7652,0.9919,SEKER
59554.6489,1009.421,325.9923,202.8788,1.8445,0.8816,43792.4444,255.8883,0.6801,0.9514,0.7693,0.6577,0.0048,0.0018,0.5829,0.9617,BARBUNYA
46984.533,968.9592,401.7357,155.6465,2.7507,0.9238,47643.7748,254.3956,0.6522,0.9621,0.5662,0.5928,0.0104,0.0008,0.3606,0.9505,HOROZ
21665.4403,736.9224,209.2833,168.3199,1.3976,0.6271,26293.3411,164.4028,0.7444,0.9673,0.879,0.7818,0.0082,0.0037,0.6724,0.9916,SEKER
26491.4796,588.3107,197.5594,176.9661,1.4548,0.6708,21088.3725,179.2142,0.793,0.9717,0.9104,0.8868,0.0082,0.0025,0.6953,0.9879,SEKER
22108.1255,653.1287,247.618,157.4976,1.7567,0.755,33615.4613,177.6936,0.786,0.9812,0.7073,0.7845,0.0092,0.0021,0.656,0.982,SIRA
46781.1627,1027.2087,385.5945,160.0054,2.8001,0.9647,30689.1711,209.8048,0.6134,0.9797,0.5508,0.6573,0.0083,0.0014,0.3619,0.9461,HOROZ
29805.7679,646.9379,220.626,162.3109,1.6293,0.762,33477.7843,163.0391,0.7443,0.9778,0.7669,0.775,0.0103,0.0031,0.529,0.9814,SIRA
56330.4629,1062.1952,403.1586,190.7067,2.1878,0.8945,67988.6712,272.3794,0.6666,0.9536,0.6178,0.6189,0.008,0.001,0.4361,0.9676,CALI
49528.626,1000.9464,395.3034,173.5714,2.7946,0.9283,47000.3423,263.6689,0.6257,0.9709,0.5949,0.6115,0.0073,0.0013,0.3728,0.9558,HOROZ
24076.0908,610.86,207.15,148.5902,1.3033,0.602,23330.9949,180.6798,0.8103,0.9634,0.8215,0.8982,0.0072,0.0027,0.6732,0.9864,SEKER
89342.1307,1040.2582,451.2077,215.4808,1.6671,0.8017,96858.526,299.1929,0.7156,0.9701,0.859,0.795,0.0057,0.0015,0.633,0.9725,BOMBAY
31876.5876,627.3199,208.8388,134.4108,1.6095,0.7844,26702.938,179.4068,0.811,0.9827,0.7611,0.7205,0.0093,0.0034,0.7078,0.9853,DERMASON
86037.607,1192.6313,427.2747,274.4922,1.7201,0.8267,86133.2721,331.9484,0.6327,0.9759,0.834,0.8009,0.0049,0.0013,0.6395,0.985,BOMBAY
52992.2556,1155.2717,402.9332,198.7125,2.2354,0.8972,58940.2633,238.0111,0.7671,0.9542,0.6743,0.6307,0.0071,0.002,0.4112,0.9578,CALI
27628.8119,649.6463,199.9064,145.3868,1.3745,0.7491,27394.0898,184.3789,0.8171,0.9738,0.8773,0.8628,0.0081,0.0033,0.7148,0.9864,SEKER
58125.4651,961.9105,354.8039,203.7439,1.7999,0.8163,65084.831,253.4151,0.7595,0.9476,0.7832,0.7558,0.0069,0.0019,0.6043,0.9674,BARBUNYA
41991.3587,1030.1447,430.3505,159.2489,2.8814,0.9286,37794.0592,228.7222,0.606,0.9436,0.5214,0.6003,0.0067,0.0012,0.4166,0.9555,HOROZ
63850.8897,928.3534,331.0915,215.3375,1.7083,0.8977,65680.8896,246.0987,0.5725,0.9566,0.7872,0.6881,0.0068,0.0014,0.6266,0.9721,BARBUNYA
49550.9927,1143.4709,400.7809,169.577,2.6263,0.9402,42954.875,231.7985,0.716,0.9767,0.6135,0.6145,0.0085,0.0015,0.3461,0.9499,HOROZ
90290.3732,1129.6794,431.3894,260.9801,1.5574,0.7673,92100.4961,322.0002,0.7558,0.9619,0.8872,0.7714,0.0042,0.0009,0.5821,0.9745,BOMBAY
63049.9687,982.2459,382.6779,202.7833,1.8908,0.8951,56929.6185,247.5097,0.7554,0.9697,0.7887,0.7183,0.007,0.0023,0.5215,0.9767,BARBUNYA
30012.259,589.5994,210.2599,138.5703,1.6872,0.809,23618.6652,166.918,0.7633,0.9709,0.8235,0.7862,0.0104,0.0031,0.6517,0.9712,DERMASON
24269.7389,631.1171,205.0756,143.4448,1.3514,0.6173,27666.1515,174.0973,0.7194,0.9736,0.8861,0.8445,0.008,0.0031,0.7064,0.9913,SEKER
31910.9322,713.8469,236.6779,174.5837,1.3912,0.7907,15240.2522,181.3464,0.7796,0.9701,0.7768,0.7674,0.0088,0.0022,0.5853,0.9771,SIRA
56499.149,1133.7392,433.8409,139.2072,2.7877,0.9233,39441.8291,271.3371,0.6129,0.9784,0.5165,0.6279,0.0074,0.0011,0.3512,0.9578,HOROZ
25396.8169,577.3636,225.4826,129.7466,1.4581,0.8342,24683.5943,201.8677,0.7781,0.9794,0.8894,0.7198,0.01,0.0025,0.6258,0.9779,SIRA
62948.7322,1086.4514,395.0051,210.1715,1.9075,0.8199,53104.8377,283.9628,0.6259,0.9756,0.7703,0.7646,0.0074,0.0019,0.5451,0.9485,BARBUNYA
24727.8677,595.7779,226.2745,135.8318,1.5524,0.7736,25321.0054,172.0706,0.7569,0.9685,0.8306,0.769,0.008,0.0026,0.6089,0.9795,DERMASON
23416.6161,645.3304,210.5982,166.5656,1.2329,0.7064,28340.1673,164.3171,0.7287,0.9685,0.8505,0.8587,0.0069,0.0023,0.8257,0.9858,SEKER
43035.4286,984.1752,391.8494,187.5571,2.1213,0.9768,59350.6881,248.7352,0.624,0.947,0.6823,0.6903,0.0081,0.001,0.5177,0.9606,CALI
27638.648,638.6592,204.1399,174.9319,1.282,0.7779,33057.9801,166.5802,0.7698,0.9842,0.8504,0.8451,0.0079,0.0032,0.6896,0.99,SEKER
30748.6266,677.6574,239.194,134.0224,1.4449,0.7078,28762.7293,198.1433,0.8284,0.9566,0.7118,0.794,0.0099,0.0027,0.751,0.9835,DERMASON
21708.6866,663.5633,212.503,132.9995,1.6659,0.7925,35701.4318,173.191,0.7065,0.9765,0.8174,0.7967,0.0095,0.002,0.6889,0.9894,SIRA
41026.7711,1103.4179,410.3745,161.8329,2.5401,0.8896,55246.7277,233.0887,0.6634,0.9652,0.7295,0.5726,0.0073,0.0011,0.4395,0.9553,CALI
45159.299,1060.5296,393.8091,143.8424,2.998,0.9208,41701.7109,238.512,0.6005,0.9513,0.6662,0.6334,0.0084,0.0012,0.382,0.949,HOROZ
61924.8232,892.1455,367.4968,191.9253,2.3198,0.8826,71495.7937,262.1679,0.673,0.961,0.7477,0.688,0.0073,0.0014,0.4269,0.9617,CALI
22897.133,567.4863,215.5444,170.2289,1.5282,0.6909,27157.4555,180.2725,0.8191,0.9624,0.8658,0.8477,0.0083,0.0034,0.6754,1.0,SEKER
18483.3429,583.7883,247.6488,163.5729,1.3782,0.8849,22471.3509,185.6732,0.7877,0.9556,0.8235,0.7866,0.0096,0.0031,0.6165,0.979,SIRA
56122.2972,993.6437,418.7291,132.9558,3.019,0.937,49371.7355,225.0282,0.6064,0.9709,0.554,0.6271,0.0074,0.001,0.3356,0.9478,HOROZ
22190.6926,610.4661,214.4607,145.8576,1.3639,0.6561,16999.0404,188.5346,0.7375,0.983,0.824,0.8026,0.0095,0.0021,0.6882,0.993,SEKER
82307.7764,1098.7623,436.7283,284.4156,1.5838,0.7628,98697.7302,336.0229,0.6806,0.9706,0.8159,0.7722,0.0047,0.0015,0.5885,0.9774,BOMBAY
48099.1873,962.1754,365.5807,151.6618,2.821,0.9557,35428.613,235.5357,0.6408,0.978,0.6063,0.6348,0.0084,0.0011,0.3632,0.9402,HOROZ
54244.3772,924.0246,376.8901,179.8859,2.4764,0.9457,57950.5161,280.0877,0.8108,0.9414,0.7459,0.6755,0.0084,0.001,0.5044,0.948,CALI
45462.8497,993.9343,389.1169,207.6161,1.9122,0.8291,50471.2133,267.6848,0.7162,0.9515,0.7495,0.7405,0.0084,0.0021,0.6312,0.977,BARBUNYA
28827.1357,708.1476,231.0166,126.067,1.6725,0.7677,29410.1399,195.3837,0.7126,0.9777,0.8385,0.8158,0.0101,0.0029,0.4873,0.986,DERMASON
88190.2568,1101.3097,446.5523,272.0177,1.6885,0.7967,93608.2216,353.0349,0.7367,0.9659,0.8658,0.766,0.0051,0.0011,0.57,0.9885,BOMBAY
44702.201,937.1387,328.3814,190.885,1.8094,0.8341,61035.2399,272.2917,0.6861,0.973,0.7684,0.7882,0.0067,0.0016,0.4685,0.9421,BARBUNYA
27692.5037,631.0729,222.2337,165.5975,1.3821,0.7406,28918.1503,201.3419,0.7668,0.9727,0.8427,0.8505,0.0091,0.0026,0.7946,0.9901,SEKER
23493.5093,664.058,224.1617,160.4711,1.7115,0.8191,34373.2811,213.2688,0.7808,0.9708,0.7176,0.8415,0.0087,0.0015,0.6153,0.9871,SIRA
27457.5068,713.5347,220.3414,165.0984,1.817,0.6918,37844.5807,172.6577,0.7513,0.9844,0.8002,0.8172,0.0088,0.0026,0.6591,0.9882,SIRA
43405.4666,1143.1101,336.1291,138.1408,2.5036,0.9606,46769.727,204.3676,0.5662,0.9667,0.5233,0.5791,0.01,0.0011,0.4252,0.9513,HOROZ
55011.0992,992.9182,334.9481,193.9028,1.8433,0.7589,61735.5023,265.7463,0.6555,0.9569,0.7569,0.8056,0.0062,0.0014,0.5528,0.9853,BARBUNYA
25714.2384,582.5185,231.73,149.066,1.624,0.7059,20753.3438,169.18,0.8284,0.9634,0.7836,0.8723,0.0088,0.0031,0.6303,0.9729,DERMASON
28386.8185,609.2807,200.6714,141.9014,1.2685,0.621,20389.8567,172.5506,0.782,0.9705,0.8369,0.8195,0.0073,0.0021,0.6582,0.9936,SEKER
24392.9605,684.8489,230.8648,145.2998,1.7648,0.6874,21342.5223,182.6228,0.7217,0.9823,0.8555,0.7928,0.0101,0.002,0.6437,0.9812,SIRA
28686.4472,610.4158,210.711,130.7514,1.5425,0.6449,26574.2577,176.348,0.7375,0.9611,0.8262,0.7486,0.0072,0.0034,0.5717,0.9818,DERMASON
33918.0276,628.0965,209.4326,150.9796,1.2295,0.7734,29851.9579,188.6299,0.803,0.9609,0.8883,0.8826,0.0061,0.0029,0.7574,0.9905,SEKER
74256.3658,938.0245,387.1172,218.3868,1.9413,0.886,60207.3331,257.263,0.7134,0.9649,0.794,0.7836,0.0067,0.0017,0.6207,0.9685,BARBUNYA
31513.5965,583.4495,222.614,135.0829,1.7435,0.8438,24258.7327,172.9443,0.7787,0.9593,0.7906,0.8008,0.0091,0.0026,0.6362,0.9829,DERMASON
55178.1073,838.2236,399.8271,158.9754,2.8535,0.9111,40249.2983,210.8071,0.7499,0.9688,0.6089,0.611,0.0091,0.0012,0.3138,0.9466,HOROZ
81866.9739,1190.4536,402.2874,280.3772,1.7271,0.8013,100591.4377,329.7282,0.6987,0.9729,0.8343,0.7785,0.0052,0.0015,0.6103,0.9741,BOMBAY
46329.4532,927.9614,384.5912,169.5003,2.4505,0.8968,46610.2676,262.8319,0.6335,0.9688,0.547,0.6413,0.0074,0.0009,0.4432,0.9737,CALI
53501.9183,900.1282,355.3613,203.6238,1.5641,0.8724,67175.3329,264.9027,0.7086,0.97,0.794,0.7503,0.0061,0.0017,0.548,0.9491,BARBUNYA
58481.6108,1044.8772,368.3795,151.1508,2.4995,0.9296,47451.7285,234.7922,0.6539,0.9819,0.5096,0.5928,0.0086,0.001,0.4018,0.9266,HOROZ
52661.0073,901.3083,430.0524,188.5939,2.1622,0.8867,62846.2011,247.9685,0.7411,0.9701,0.6836,0.727,0.0073,0.0011,0.4626,0.9578,CALI
24729.9711,664.6759,217.0064,159.1899,1.3613,0.638,26235.7106,164.2462,0.7944,0.9711,0.8524,0.8738,0.0073,0.0019,0.7411,0.9831,SEKER
39773.4966,1035.62,442.5469,157.4951,2.6344,0.9318,49935.4828,217.1829,0.7649,0.9834,0.5793,0.6427,0.0086,0.0011,0.3621,0.9612,HOROZ
54109.306,1002.7177,397.067,141.0884,2.7457,0.9368,46079.3759,257.8685,0.7032,0.9792,0.5604,0.6447,0.0107,0.001,0.4006,0.9528,HOROZ
30089.801,621.2287,255.8015,159.721,1.9483,0.818,21123.3732,179.6092,0.6745,0.9602,0.8505,0.8153,0.0099,0.0031,0.6456,0.9705,SIRA
28628.0783,616.867,193.7692,144.9328,1.3654,0.7543,21781.0928,194.1358,0.7419,0.9707,0.8449,0.7879,0.0103,0.0025,0.6439,0.9829,DERMASON
65333.3552,974.4794,376.5498,204.5283,1.9883,0.835,63969.1673,295.4506,0.6464,0.9579,0.8121,0.7569,0.007,0.002,0.51,0.9674,BARBUNYA
46228.5095,933.376,345.2184,204.5681,1.8856,0.8882,55959.869,238.8373,0.6182,0.96,0.6896,0.6934,0.0071,0.0017,0.4233,0.9729,CALI
25472.9624,649.8208,229.6607,138.7805,1.7903,0.7898,18843.5858,186.2988,0.7188,0.965,0.8437,0.7789,0.0101,0.003,0.7105,0.9726,DERMASON
81638.7927,1052.082,419.1877,269.5109,1.6338,0.8213,88280.386,319.8699,0.7124,0.9639,0.8658,0.7968,0.0049,0.0012,0.649,0.9734,BOMBAY
24001.5517,518.8969,205.4888,132.2078,1.7519,0.7804,24373.6349,190.0304,0.7826,0.9799,0.7984,0.8175,0.0112,0.0027,0.6289,0.9795,DERMASON
60796.3404,1011.4739,364.0194,212.6709,1.9967,0.8605,70264.1957,264.2473,0.6321,0.9473,0.8427,0.6919,0.007,0.0018,0.5436,0.9827,BARBUNYA
41156.7099,945.2307,419.9594,159.0223,2.5534,0.8574,47978.1114,283.0793,0.6544,0.9515,0.7724,0.6531,0.0087,0.0014,0.467,0.9566,CALI
23041.5657,635.579,199.7397,157.5895,1.4771,0.6047,34922.3419,202.3672,0.7205,0.9559,0.8587,0.8191,0.008,0.0017,0.7086,0.999,SEKER
27651.9857,628.9758,267.9918,140.4215,1.519,0.766,36522.7872,198.3684,0.7601,0.9766,0.81,0.742,0.0099,0.0028,0.5687,0.9837,SIRA
25678.368,652.6203,154.9091,134.9863,1.3447,0.6818,23616.4543,179.1287,0.7226,0.966,0.8361,0.8573,0.0089,0.0033,0.6872,0.9884,SEKER
36253.6674,1157.9962,421.7731,171.6509,3.1174,0.9154,42043.7976,238.4335,0.6695,0.9896,0.6183,0.5915,0.0087,0.0013,0.3599,0.9614,HOROZ
56568.2718,901.0763,375.5721,185.0753,1.8471,0.8653,62105.0002,278.8365,0.6562,0.9406,0.7739,0.6973,0.0063,0.0014,0.5361,0.9767,BARBUNYA
42238.7076,1001.8494,437.9003,147.9465,2.8279,0.9329,40344.4945,225.2832,0.7213,0.9819,0.5675,0.5943,0.0105,0.0007,0.3543,0.9606,HOROZ
39690.3702,883.8411,426.9104,153.5611,2.6513,0.9185,40281.9041,255.4467,0.6638,0.9638,0.5432,0.6161,0.0091,0.0006,0.3374,0.9418,HOROZ
40609.2859,1100.4682,474.0247,169.611,2.653,0.9179,51679.1775,213.8032,0.6528,0.9692,0.6214,0.6034,0.0084,0.0015,0.3394,0.9314,HOROZ
21317.0261,658.3529,218.3273,178.6454,1.4765,0.7535,21092.6617,158.5724,0.7803,0.9574,0.7172,0.7981,0.0068,0.002,0.6561,0.9843,SIRA
57445.9666,1036.8451,330.2969,191.6816,1.7247,0.9033,62695.0035,265.6445,0.7386,0.9775,0.7222,0.7419,0.0073,0.0021,0.4552,0.9727,BARBUNYA
82275.6132,1122.249,429.0024,274.3916,1.688,0.7399,89978.4266,338.6587,0.7593,0.9616,0.8299,0.7763,0.0046,0.0015,0.587,0.9841,BOMBAY
25925.3512,649.8042,217.1901,167.7938,1.6684,0.7708,28523.0929,163.2861,0.7889,0.9636,0.7656,0.783,0.0098,0.002,0.7783,0.9921,SIRA
52203.5707,919.6357,360.7839,182.5684,2.1571,0.7426,62414.9524,271.6136,0.6748,0.9508,0.7613,0.7162,0.0066,0.0016,0.4018,0.9802,BARBUNYA
75034.0072,1070.8715,338.0237,193.5538,2.0149,0.8129,58855.4834,270.7248,0.64,0.9602,0.7162,0.7761,0.007,0.0019,0.6097,0.9684,BARBUNYA
49949.3287,930.4629,408.4568,142.3361,2.9441,0.9678,41837.582,232.9021,0.6821,0.9882,0.575,0.6174,0.0088,0.0013,0.3555,0.9627,HOROZ
83995.9363,1065.0856,428.9173,264.6866,1.6433,0.8035,85263.1445,355.3214,0.7195,0.979,0.8238,0.7655,0.0045,0.0009,0.5841,0.9781,BOMBAY
31214.6035,659.7905,228.55,132.5456,1.6389,0.6952,25545.5828,163.7189,0.7319,0.9668,0.9175,0.8795,0.0083,0.0026,0.6292,0.977,DERMASON
30837.7841,620.8623,198.6077,169.9015,1.3347,0.62,22613.4006,183.5841,0.8206,0.9705,0.919,0.8527,0.0079,0.0038,0.8111,0.991,SEKER
62411.0894,924.6485,348.7112,214.2731,2.0477,0.8102,51216.7374,253.5935,0.6334,0.9663,0.772,0.7217,0.0053,0.0017,0.4835,0.9773,BARBUNYA
59002.165,1000.1572,334.5911,216.8784,2.088,0.861,72421.5954,261.9969,0.6904,0.9737,0.7515,0.7155,0.008,0.0018,0.5018,0.9699,BARBUNYA
32735.4058,672.3923,235.5258,155.219,1.5512,0.8498,30717.2034,150.5635,0.7825,0.9768,0.7249,0.7757,0.0083,0.0026,0.7301,0.9774,SIRA
48242.5608,902.3484,411.2168,142.2099,2.7492,0.9239,51336.9092,246.9855,0.6349,0.9702,0.5781,0.5963,0.0096,0.001,0.2847,0.9673,HOROZ
29650.2182,589.4916,211.9031,131.8934,1.4279,0.7536,26292.1488,190.3713,0.7612,0.9702,0.7966,0.8412,0.0102,0.0027,0.5645,0.9944,DERMASON
88288.9161,1185.7372,431.6572,249.7393,1.647,0.7783,87669.0451,314.3145,0.706,0.9683,0.8787,0.7761,0.0052,0.0009,0.6289,0.9794,BOMBAY
96454.1605,1217.5729,455.9722,256.5278,1.6556,0.8421,102047.532,347.0203,0.7017,0.9755,0.8603,0.7465,0.0044,0.0014,0.6153,0.9726,BOMBAY
51621.4283,1159.6215,413.4467,152.32,1.9893,0.8795,61895.176,230.1247,0.6831,0.947,0.6501,0.6122,0.0068,0.0018,0.365,0.9478,CALI
55558.612,953.3971,388.9251,171.9383,2.3287,0.8441,48518.6228,251.6405,0.6973,0.9697,0.6203,0.6442,0.008,0.0011,0.4498,0.9585,CALI
82355.5294,1129.2538,410.7807,277.7921,1.7229,0.8096,84862.8833,354.5002,0.7035,0.9648,0.8562,0.7715,0.0048,0.0013,0.6991,0.9849,BOMBAY
27026.3813,612.4393,230.487,135.2662,1.4684,0.7397,29809.0547,175.5144,0.6988,0.9509,0.8104,0.8908,0.0086,0.0025,0.5984,0.9837,SIRA
88065.7845,1190.3029,441.8426,264.0882,1.5441,0.8252,95832.2839,332.1229,0.6503,0.9777,0.8366,0.8479,0.0053,0.0012,0.5904,0.9781,BOMBAY
58708.2075,932.5249,379.7466,179.6461,2.2757,0.9185,48341.2948,249.9311,0.6982,0.9459,0.6181,0.7136,0.0054,0.0015,0.4956,0.9597,CALI
103500.6845,1075.6647,466.9812,256.312,1.6413,0.8354,89858.3094,314.7722,0.6513,0.9641,0.8661,0.7586,0.005,0.0014,0.686,0.9781,BOMBAY
31095.8637,609.4249,214.6287,152.102,1.453,0.6373,30650.9586,169.8193,0.7277,0.9721,0.8752,0.8589,0.0094,0.0025,0.7421,0.9855,SEKER
28106.299,641.6241,256.7143,133.4288,1.8513,0.7804,32132.6045,180.3452,0.7778,0.9743,0.7911,0.8052,0.0107,0.003,0.5289,0.9658,SIRA
25831.4701,681.4092,196.0337,152.2969,1.4697,0.7038,26585.5605,152.2425,0.7945,0.9829,0.8002,0.766,0.0087,0.0028,0.5589,0.9779,DERMASON
18310.8145,594.661,258.4342,138.255,1.8208,0.7551,23891.1446,175.5277,0.7508,0.9976,0.83,0.8494,0.0091,0.0027,0.6349,0.9852,DERMASON
21943.0978,621.5605,233.6459,143.54,1.6592,0.7067,25017.0104,204.3157,0.7362,0.9637,0.8911,0.8344,0.0099,0.0027,0.6518,0.9697,DERMASON
70923.0969,1119.733,467.1248,277.0709,1.5246,0.7428,97884.3264,321.4895,0.7287,0.9679,0.8726,0.8027,0.0051,0.0013,0.5632,0.9777,BOMBAY
89394.5651,1146.4129,410.6998,268.0725,1.5509,0.8593,81551.393,336.7934,0.7037,0.9628,0.8763,0.7928,0.0045,0.0011,0.6468,0.9843,BOMBAY
25949.9639,640.4224,230.9796,181.6933,1.2786,0.6686,29334.7886,160.0934,0.8397,0.9688,0.8382,0.8791,0.0061,0.0028,0.6704,0.9899,SEKER
30321.4794,622.5216,191.5182,136.1527,1.7366,0.6646,25842.7677,154.1955,0.7531,0.9748,0.7851,0.7649,0.0102,0.0017,0.5316,0.9738,SIRA
29280.7813,676.602,173.5089,159.9632,1.2794,0.6613,28054.2194,183.2301,0.825,0.9502,0.8366,0.8056,0.0067,0.0031,0.7291,0.9978,SEKER
16378.2074,592.5106,199.6838,168.5121,1.4431,0.619,30404.7096,168.9714,0.7666,0.9671,0.8746,0.8746,0.0089,0.0028,0.7525,0.9924,SEKER
54175.9462,955.8032,393.3292,193.7483,2.4075,0.9068,60837.1187,245.1694,0.6909,0.9418,0.512,0.6464,0.0064,0.0019,0.4667,0.9551,CALI
53721.3264,883.2501,385.205,187.5784,1.5208,0.8292,49964.5107,285.2519,0.6151,0.9504,0.8228,0.7251,0.0076,0.0021,0.4925,0.9815,BARBUNYA
37604.934,857.439,370.3159,204.6107,1.7876,0.8227,43646.8741,259.1955,0.6822,0.9629,0.7887,0.6621,0.0079,0.0012,0.581,0.9655,BARBUNYA
27402.9896,625.0183,222.7103,141.6382,1.571,0.7283,17443.2653,187.9164,0.7807,0.9604,0.8175,0.791,0.0085,0.0031,0.6982,0.9865,DERMASON
47193.0319,942.7746,424.0661,172.7463,1.7012,0.8619,57589.3215,244.3055,0.5148,0.9567,0.819,0.7,0.0057,0.002,0.6342,0.9612,BARBUNYA
75277.694,1029.5459,363.1876,220.3101,1.8386,0.8534,65202.5197,297.8242,0.6735,0.9799,0.8092,0.7805,0.0073,0.0021,0.5782,0.9715,BARBUNYA
26186.3656,603.2177,190.4457,146.1987,1.5696,0.7276,29686.5395,164.3303,0.6887,0.9727,0.8705,0.8071,0.0104,0.0034,0.7301,0.9794,DERMASON
32326.5291,608.5875,228.6687,162.4844,2.0222,0.7889,27644.2965,184.619,0.6974,0.9552,0.6741,0.7665,0.0099,0.0032,0.6465,0.971,SIRA
26049.4877,639.1809,209.3044,147.4971,1.5366,0.6685,33862.9631,175.3905,0.7617,0.978,0.8618,0.823,0.0076,0.0028,0.6867,0.9904,SEKER
20056.3446,602.0947,223.5348,165.6939,1.2622,0.688,31805.0405,179.6781,0.7662,0.9745,0.8799,0.8702,0.0084,0.0028,0.6809,0.9891,SEKER
58148.1347,933.3123,324.2408,205.8849,1.756,0.8326,45029.6353,289.0745,0.6181,0.979,0.7143,0.7598,0.0065,0.0015,0.5064,0.9761,BARBUNYA
83241.2469,1204.4228,453.301,277.3684,1.6092,0.7454,100756.6981,340.6837,0.6825,0.9707,0.8504,0.7615,0.0048,0.0011,0.621,0.9809,BOMBAY
85118.0135,1167.4602,411.1168,284.7595,1.6634,0.7825,86858.2826,331.4093,0.6758,0.9718,0.8657,0.77,0.0045,0.0011,0.5963,0.98,BOMBAY
58009.4683,941.6,400.0825,229.5645,1.8478,0.8199,58984.9387,256.8799,0.622,0.9609,0.7599,0.7051,0.0074,0.0026,0.5674,0.961,BARBUNYA
54653.9533,986.7895,398.7121,131.5662,2.913,0.9225,31663.0362,243.3921,0.6921,0.9762,0.608,0.643,0.0091,0.0014,0.3725,0.9419,HOROZ
78971.736,1159.562,426.6767,272.418,1.5288,0.7817,86529.1981,327.2854,0.6651,0.9645,0.8232,0.7756,0.0046,0.0012,0.6001,0.9781,BOMBAY
23291.0191,572.6601,239.617,135.234,1.5923,0.8075,26698.2999,173.604,0.8176,0.981,0.8754,0.8077,0.0086,0.0023,0.7193,0.9767,DERMASON
42344.8543,972.6392,382.3373,196.965,1.6742,0.8582,65929.2074,270.3698,0.6588,0.9634,0.713,0.751,0.0069,0.0021,0.6615,0.9885,BARBUNYA
63930.3403,962.2424,340.0742,216.9669,1.9124,0.7936,53791.2091,258.5512,0.6408,0.9676,0.7329,0.7455,0.008,0.0016,0.4838,0.97,BARBUNYA
82643.487,1088.1336,468.9318,274.968,1.6311,0.686,90402.1293,323.6591,0.714,0.9742,0.8982,0.7665,0.0051,0.0009,0.5971,0.9789,BOMBAY
72191.2994,969.5503,411.3577,191.9613,1.8228,0.8495,53930.4976,281.0786,0.7347,0.9665,0.7344,0.6791,0.0069,0.0017,0.453,0.958,BARBUNYA
42037.6818,1055.5671,362.6893,162.2353,2.362,0.9265,52809.222,236.1014,0.6046,0.9772,0.5819,0.6144,0.0092,0.0015,0.3563,0.955,HOROZ
33721.8261,696.0677,206.5358,152.3913,1.4451,0.7331,25466.9195,180.1457,0.8583,0.9689,0.8506,0.8536,0.0089,0.0023,0.7076,0.9842,SEKER
26180.1637,671.1893,227.7317,127.3893,1.5779,0.6698,20382.942,181.7977,0.7265,0.9697,0.8567,0.8259,0.0099,0.0035,0.6978,0.9753,SIRA
87566.1141,1146.0504,415.1263,282.4889,1.7372,0.7985,91278.3343,323.2533,0.7109,0.9642,0.8858,0.8021,0.005,0.0017,0.6134,0.9795,BOMBAY
80685.7171,1098.9104,433.9005,266.2556,1.598,0.7602,101070.3832,329.4162,0.7045,0.971,0.9032,0.7824,0.0051,0.0012,0.6212,0.9811,BOMBAY
57391.2616,1012.4172,385.786,187.0756,2.4615,0.9423,46095.758,302.5691,0.5262,0.9769,0.7069,0.6648,0.0079,0.0012,0.5281,0.941,CALI
23795.7841,616.0026,215.9469,139.5179,1.7402,0.7733,26263.1464,150.7389,0.6949,0.992,0.7935,0.8308,0.0086,0.0035,0.5642,0.9732,DERMASON
25735.7987,602.2686,204.9864,136.7559,1.798,0.7697,31983.2941,170.7711,0.797,0.9732,0.8312,0.8089,0.0108,0.003,0.6146,0.971,DERMASON
47061.186,1011.8546,449.2172,163.772,2.6324,0.9191,48945.8275,224.3682,0.6637,0.9729,0.5522,0.589,0.0084,0.0009,0.4223,0.9436,HOROZ
22340.2512,705.1286,186.2831,151.7304,1.5851,0.8588,27601.3901,197.4925,0.7014,0.9827,0.6487,0.8059,0.0103,0.0022,0.6576,0.9982,SIRA
51289.3171,959.3254,379.157,174.9676,1.9006,0.886,54192.1474,289.2492,0.7237,0.9651,0.7098,0.7069,0.0069,0.0019,0.5608,0.9525,BARBUNYA
35309.1974,636.9245,211.8173,153.911,1.3805,0.686,33220.9733,206.5402,0.7599,0.9763,0.8368,0.8075,0.0084,0.0024,0.7218,0.9802,SIRA
93244.3159,1054.2648,465.5891,267.5813,1.7045,0.8017,104490.4908,319.4625,0.6372,0.9766,0.84,0.7835,0.0053,0.0016,0.5916,0.9806,BOMBAY
31279.731,665.7101,226.4969,147.7217,1.4003,0.6669,26150.3178,165.9642,0.7886,0.9697,0.9022,0.8062,0.0072,0.0042,0.676,0.9914,SEKER
52239.1617,1091.9711,414.749,167.2832,2.3689,0.9407,57062.0784,262.7451,0.6367,0.9654,0.688,0.7145,0.0072,0.0017,0.4872,0.9578,CALI
46056.4455,966.2497,415.0022,154.566,2.8487,0.9365,42536.3364,205.1033,0.5913,0.9759,0.6241,0.654,0.0093,0.0013,0.3235,0.9564,HOROZ
55545.2207,943.4196,380.179,212.1892,1.9492,0.8388,51020.737,246.8702,0.6423,0.9529,0.7484,0.7811,0.0072,0.0014,0.4641,0.9672,BARBUNYA
26421.1319,587.1639,267.9838,134.8822,1.5561,0.7898,30310.8241,167.2081,0.756,0.9593,0.7966,0.836,0.0104,0.0035,0.7155,0.9831,DERMASON
31691.2461,656.0045,223.2175,159.5012,1.5567,0.6973,22334.0645,194.4516,0.7542,0.9472,0.7468,0.8236,0.0091,0.0026,0.5872,0.9711,SIRA
71282.8544,987.8678,385.2985,195.928,1.9884,0.8295,50602.8558,247.2013,0.6118,0.9474,0.7935,0.7366,0.0058,0.002,0.5609,0.9744,BARBUNYA
25265.8129,648.7712,226.5434,162.8084,1.3315,0.5939,26733.3875,178.4757,0.7883,0.9624,0.8954,0.8623,0.0076,0.0031,0.7029,0.9865,SEKER
50665.8429,823.9246,429.7647,221.3261,2.0447,0.8005,64124.9152,272.9725,0.7092,0.9738,0.8724,0.7488,0.0069,0.0022,0.5552,0.9696,BARBUNYA
57990.6671,909.8472,356.7774,192.6041,1.9066,0.8511,62370.8845,290.6535,0.7026,0.9713,0.7002,0.7177,0.0069,0.0017,0.6287,0.9587,BARBUNYA
71560.9557,1078.9742,464.8436,274.8934,1.816,0.8,87057.8547,323.2706,0.7461,0.9694,0.8476,0.7825,0.0054,0.0016,0.5665,0.989,BOMBAY
89129.1696,1147.9284,409.7731,272.6065,1.615,0.7728,87046.1001,311.4306,0.7567,0.9659,0.8926,0.7644,0.0053,0.0012,0.5941,0.9848,BOMBAY
88099.3567,1203.9047,444.6374,277.3387,1.5123,0.7894,98629.3141,316.7709,0.7372,0.9639,0.8244,0.792,0.0047,0.0013,0.6448,0.975,BOMBAY
26333.3024,683.4886,231.1139,151.2773,1.8528,0.7852,26384.6782,186.5289,0.7671,0.9604,0.7914,0.7706,0.0088,0.0016,0.6954,0.9804,SIRA
27059.9567,599.0286,234.2132,120.4599,1.5382,0.7182,22390.6111,196.8064,0.7138,0.9727,0.7558,0.8559,0.0088,0.0028,0.7062,0.9658,DERMASON
27639.8232,575.0505,210.4986,143.0495,1.3125,0.7367,21913.6313,188.7469,0.6824,0.9664,0.7984,0.6917,0.009,0.0027,0.6374,0.9789,DERMASON
25403.2698,1066.0334,376.1655,152.4924,3.0045,0.9027,39647.0518,230.6831,0.6514,0.9828,0.5265,0.6422,0.009,0.0012,0.3448,0.9489,HOROZ
104134.7331,1133.5875,422.5528,281.3178,1.5859,0.806,100725.2985,342.1481,0.7109,0.9707,0.9494,0.8261,0.0042,0.0014,0.5965,0.9775,BOMBAY
48154.2818,1017.0654,427.6272,125.5148,2.0891,0.9207,56468.6029,248.515,0.6536,0.9653,0.5799,0.6249,0.0089,0.0017,0.3915,0.9532,HOROZ
50345.3545,982.6756,297.6732,172.5807,1.9766,0.7372,54527.9688,266.9869,0.6544,0.9545,0.7858,0.7287,0.0046,0.002,0.5654,0.9701,BARBUNYA
66474.4996,987.6371,348.6271,193.5094,1.9601,0.789,66805.1886,262.9507,0.7209,0.9612,0.721,0.8035,0.0064,0.0019,0.5181,0.962,BARBUNYA
28609.4002,656.1196,207.4391,131.5269,1.8313,0.7481,25048.6949,197.6783,0.7919,0.9683,0.8181,0.7793,0.0084,0.0025,0.6284,0.9903,SIRA
23175.0133,666.5904,215.2237,162.7341,1.4003,0.7547,29372.7781,200.8412,0.7446,0.9807,0.7271,0.7634,0.0092,0.0024,0.6877,0.9552,SIRA
25550.8997,613.7715,265.6649,168.4902,1.4629,0.7619,24576.2076,206.6388,0.7524,0.9941,0.7906,0.7582,0.0089,0.0023,0.6819,0.9819,SIRA
22561.1145,659.7761,233.0072,154.1138,1.7135,0.7454,25438.573,159.0423,0.8324,0.9661,0.7332,0.7804,0.0087,0.0033,0.7095,0.9822,DERMASON
24841.24,658.7221,244.8593,159.0098,1.5756,0.6722,28296.9736,180.5208,0.7105,0.9679,0.7648,0.7663,0.0092,0.0024,0.7179,0.9732,SIRA
59125.9127,1065.1799,355.5983,197.8647,1.813,0.9073,65886.4554,258.6512,0.72,0.9552,0.7803,0.6967,0.0055,0.0017,0.5229,0.962,BARBUNYA
68692.1166,955.7887,368.428,203.1894,1.937,0.8106,59333.3653,291.8708,0.7516,0.9518,0.7608,0.801,0.0064,0.0014,0.5111,0.976,BARBUNYA
27490.1887,628.5364,206.5828,159.1455,1.4334,0.677,21639.8554,182.1609,0.726,0.973,0.9167,0.8003,0.0097,0.0034,0.5196,0.9817,DERMASON
63286.4887,908.4381,312.8641,221.4331,1.9588,0.8398,62140.2579,255.0398,0.7709,0.9617,0.7188,0.7831,0.0075,0.0023,0.4436,0.9672,BARBUNYA
22516.4815,623.6047,208.926,145.1768,1.4164,0.6695,31766.2844,190.6519,0.7994,0.9732,0.8362,0.8219,0.0068,0.0039,0.666,0.989,SEKER
87252.9469,1200.0873,446.4009,272.0352,1.6381,0.7845,98279.8504,359.2859,0.714,0.9742,0.8695,0.7881,0.0051,0.0014,0.6293,0.9806,BOMBAY
66082.0417,1064.5935,388.0198,175.852,2.0797,0.9227,47843.3473,249.3545,0.7002,0.9605,0.6932,0.6882,0.0076,0.0019,0.4173,0.9523,CALI
25026.0058,755.8478,225.4092,132.5251,1.4176,0.602,18720.0107,170.8897,0.8164,0.9646,0.8707,0.8547,0.0083,0.0028,0.6201,0.9889,DERMASON
51887.579,1049.7471,402.0172,183.3151,2.0012,0.8478,59953.8129,272.6684,0.6697,0.9606,0.6921,0.6339,0.0062,0.0019,0.4251,0.9474,CALI
24610.7199,691.0998,205.4241,176.1497,1.5015,0.7274,34408.8476,189.2259,0.7573,0.9648,0.8432,0.8751,0.0068,0.0021,0.7966,0.9951,SEKER
24409.1993,550.9003,238.8932,151.0931,1.5975,0.7585,21359.893,200.4482,0.6817,0.9696,0.9306,0.7042,0.009,0.0031,0.6881,0.9793,DERMASON
49207.1495,935.6053,392.7465,144.4625,2.8268,0.9118,36415.1113,233.8295,0.6365,0.959,0.6412,0.6253,0.0084,0.0012,0.356,0.9434,HOROZ
31599.2209,610.5683,212.6117,132.6432,1.7302,0.7921,23374.5778,185.547,0.745,0.9671,0.8178,0.8286,0.0087,0.0029,0.6649,0.9894,DERMASON
21273.4764,582.3487,224.5514,170.617,1.3899,0.7567,32908.3644,169.2232,0.7659,0.965,0.9029,0.8715,0.0075,0.0031,0.654,0.9959,SEKER
34492.6931,676.287,231.4574,144.5326,1.6902,0.6201,25649.9687,172.9014,0.8351,0.9742,0.8129,0.858,0.0088,0.0026,0.659,0.9864,SEKER
63568.1612,936.6962,369.2969,149.9778,2.2058,0.9072,51564.3532,253.1713,0.698,0.9418,0.6846,0.6861,0.0077,0.0014,0.3899,0.961,CALI
23487.4572,615.1749,215.4399,150.4683,1.5414,0.8161,29720.5202,177.4479,0.7061,0.9732,0.9082,0.7551,0.0118,0.0031,0.6399,0.9867,DERMASON
50270.6666,982.9573,429.4374,178.189,2.3906,0.9445,54582.5759,270.6364,0.6858,0.9459,0.6249,0.6648,0.0076,0.0017,0.3685,0.9771,CALI
61351.872,1035.5536,374.254,197.4847,2.0694,0.9188,62838.8523,279.2225,0.6277,0.9681,0.6333,0.6912,0.0086,0.002,0.475,0.9541,CALI
28133.5627,622.3078,244.7694,138.4671,1.6982,0.8565,28503.7793,186.8284,0.7747,0.989,0.6848,0.7689,0.0083,0.003,0.7064,0.9761,SIRA
93453.235,1148.9148,435.5079,278.6157,1.5408,0.7694,98097.5922,320.3037,0.6234,0.9757,0.8376,0.803,0.0044,0.0011,0.6046,0.9777,BOMBAY
17701.2389,619.4849,182.3167,155.3942,1.3853,0.6599,21301.0124,167.4955,0.7362,0.9675,0.9215,0.8713,0.0078,0.0032,0.6516,0.9934,SEKER
54101.129,863.1702,378.5446,157.9859,2.8085,0.9353,45370.653,239.1073,0.6112,0.9602,0.6298,0.5837,0.01,0.0015,0.3523,0.9443,HOROZ
27203.1785,574.1348,223.8289,143.3625,1.4002,0.7534,35056.7643,196.1272,0.7287,0.9648,0.8327,0.8317,0.0066,0.0024,0.7759,1.0,SEKER
47029.6905,1051.6837,435.9705,140.761,2.7838,0.9427,46287.5462,244.4628,0.6423,0.9794,0.5776,0.5957,0.0102,0.001,0.359,0.9575,HOROZ
62948.2477,1019.0569,388.8823,183.7343,2.3257,0.8782,62448.5076,279.6059,0.6403,0.9513,0.6732,0.6288,0.0081,0.0014,0.4845,0.9488,CALI
24772.6697,563.4132,231.121,134.1463,1.6662,0.7724,31706.6179,152.5183,0.8019,0.9784,0.856,0.8111,0.0067,0.0034,0.6182,0.9807,DERMASON
35226.2523,1152.6502,468.6632,158.3546,2.9741,0.9019,49777.6715,242.5136,0.6846,0.9697,0.5836,0.6016,0.0101,0.001,0.3333,0.9487,HOROZ
50642.4837,1028.4196,386.3759,150.9864,2.6492,0.9327,47260.4356,248.7797,0.6313,0.9682,0.5892,0.6221,0.0082,0.0011,0.3917,0.9455,HOROZ
48587.2942,970.0763,424.1167,151.6637,2.9909,0.9325,31568.3807,268.899,0.7002,0.9735,0.5792,0.558,0.0083,0.0011,0.3745,0.948,HOROZ
62173.9711,1003.5321,387.644,208.1345,1.5705,0.8712,54091.3605,310.3972,0.7735,0.9588,0.8259,0.7129,0.0069,0.002,0.6033,0.9558,BARBUNYA
31046.8462,637.5578,178.8612,157.5794,1.5019,0.7863,29290.5779,186.0209,0.7204,0.9616,0.8719,0.8651,0.0089,0.0025,0.6624,0.9861,SEKER
29433.7144,563.5485,208.6322,177.2829,1.5337,0.6985,33377.3389,197.7064,0.7647,0.95,0.8676,0.8115,0.0084,0.0034,0.7324,0.9861,SEKER
101859.0518,1035.2738,461.3023,252.8879,1.6356,0.7714,84220.7224,335.9557,0.6219,0.9658,0.9226,0.8139,0.0051,0.0016,0.6151,0.9768,BOMBAY
27920.9134,638.5626,255.61,145.569,1.6466,0.8908,28393.5314,223.0301,0.8244,0.9889,0.7431,0.7984,0.0084,0.0021,0.6432,0.9957,SIRA
23771.2818,596.8483,229.6681,154.011,1.5848,0.7678,26237.3634,175.757,0.6942,0.9736,0.8773,0.8269,0.0077,0.0029,0.6562,0.9932,DERMASON
21703.6097,643.2888,287.7671,148.9347,1.5843,0.8927,26356.9689,180.3868,0.7644,0.9728,0.8312,0.7204,0.0069,0.0021,0.8171,0.9763,SIRA
28253.3433,594.264,208.9794,136.1261,1.3987,0.6051,21992.2911,183.1293,0.7651,0.9803,0.8159,0.8626,0.0086,0.0026,0.6798,0.9896,SEKER
55255.8759,1094.5807,425.9697,185.6826,2.2504,0.8727,54757.2591,274.1422,0.6515,0.965,0.6859,0.7079,0.0076,0.0016,0.5312,0.9478,CALI
25708.2952,631.4659,247.8325,154.4791,1.3768,0.709,29429.42,206.8933,0.7245,0.9733,0.8936,0.8302,0.0083,0.0033,0.6543,0.977,DERMASON
24458.3567,643.2979,194.6202,156.8679,1.5738,0.7619,19773.7255,186.7396,0.8031,0.9651,0.8259,0.8699,0.0084,0.0029,0.7121,1.0,SEKER
24465.4349,629.983,194.0845,172.0884,1.2365,0.6961,25183.2211,201.3589,0.8005,0.9492,0.7731,0.82,0.0078,0.0026,0.7215,0.9934,SEKER
25437.2065,620.6913,227.9198,151.9209,1.5453,0.7565,39983.6613,186.391,0.8621,0.9698,0.7871,0.7774,0.0067,0.0021,0.5695,0.9813,SIRA
26050.4844,668.045,256.2831,154.9523,1.6377,0.7316,21854.3495,186.9401,0.7338,0.9741,0.7445,0.7508,0.0094,0.0019,0.6768,0.9738,SIRA
47446.57,1068.2309,344.3754,157.3496,2.9724,0.9325,54746.7714,214.4354,0.6684,0.9722,0.5574,0.6388,0.0085,0.0009,0.3873,0.943,HOROZ
78629.2334,1077.4472,464.9613,281.6434,1.6652,0.7847,87989.3455,319.9692,0.7769,0.9712,0.7855,0.7741,0.0053,0.0012,0.6362,0.9804,BOMBAY
21807.3186,619.5149,220.0689,142.1145,1.7137,0.7803,23415.7946,169.39,0.772,0.9702,0.7845,0.7544,0.0084,0.0025,0.5778,0.9813,DERMASON
24887.0551,595.3212,193.6627,144.9628,1.3907,0.6993,27677.173,170.6707,0.7854,0.968,0.8502,0.8222,0.0078,0.003,0.7108,0.9894,SEKER
32951.4438,1081.0891,366.8348,204.0474,1.7235,0.8354,51661.5298,253.1669,0.5639,0.9673,0.7708,0.7082,0.0075,0.0017,0.5235,0.9597,BARBUNYA
44683.8433,994.2192,417.2696,146.5944,2.5656,0.9281,48293.1603,250.3312,0.5738,0.9657,0.5687,0.6087,0.0095,0.0009,0.3696,0.9502,HOROZ
29278.8292,617.4504,196.1777,161.3151,1.4243,0.686,27143.4927,161.3735,0.7777,0.9448,0.7862,0.7768,0.0088,0.0027,0.6547,0.98,SIRA
26441.9865,591.9351,244.3806,137.8949,1.4348,0.6267,32061.0228,192.0251,0.7788,0.975,0.8565,0.8703,0.0083,0.003,0.7229,0.9776,SEKER
85456.4334,1136.3158,400.4328,278.0192,1.6465,0.7205,91937.5826,299.7785,0.7364,0.9765,0.8581,0.7696,0.005,0.0015,0.6146,0.9862,BOMBAY
63164.5254,988.2786,387.1095,190.1121,2.0213,0.9234,58329.2296,227.7324,0.7005,0.9646,0.6665,0.6654,0.008,0.0018,0.5202,0.9514,CALI
24227.8006,591.8687,203.1846,139.3615,1.6823,0.7319,30503.2576,166.6976,0.7529,0.9785,0.7825,0.7416,0.0088,0.0026,0.6777,0.9825,DERMASON
19816.2471,643.0932,215.8052,176.5945,1.2473,0.6885,29412.6489,172.9182,0.7893,0.9728,0.8912,0.843,0.0051,0.0027,0.7247,0.9863,SEKER
90876.397,1053.3604,402.9363,254.7889,1.6387,0.8278,90195.1127,341.4205,0.6844,0.9636,0.8614,0.8062,0.0051,0.0012,0.5858,0.9785,BOMBAY
48921.7964,876.4396,375.9249,180.3179,2.307,0.8859,67262.9246,212.592,0.632,0.9472,0.5668,0.667,0.0074,0.0016,0.521,0.9499,CALI
91142.3517,1155.1111,421.6441,273.5145,1.5511,0.8001,100586.0493,310.2683,0.7915,0.9704,0.817,0.7713,0.0048,0.0011,0.574,0.9881,BOMBAY
28079.8652,610.2528,230.3282,156.6083,1.4511,0.6708,30335.3905,190.741,0.7653,0.9614,0.8324,0.8278,0.0073,0.003,0.7177,0.9979,SEKER
69210.2474,920.9613,375.5367,202.8174,1.6514,0.8656,63480.269,266.3263,0.7651,0.9434,0.7986,0.7188,0.0058,0.002,0.5429,0.9651,BARBUNYA
58223.0507,1010.9965,405.9235,184.2411,1.758,0.883,59596.2223,270.7559,0.7506,0.9417,0.8346,0.7479,0.0056,0.0022,0.6579,0.9851,BARBUNYA
81563.5391,1182.9984,381.8121,257.7758,1.6982,0.8272,84964.9625,323.7647,0.7301,0.9687,0.8827,0.8024,0.005,0.001,0.5988,0.9754,BOMBAY
90557.3624,1173.1173,444.6897,285.8836,1.7465,0.7808,81382.7697,322.5823,0.8323,0.9613,0.8551,0.7811,0.0047,0.0009,0.6262,0.9846,BOMBAY
25752.9391,621.7243,272.3826,149.5508,1.5377,0.7714,19143.5671,205.2951,0.8038,0.9601,0.8869,0.778,0.0088,0.0023,0.5894,0.9826,SIRA
36939.6508,1017.4164,400.8275,136.7055,2.8007,0.9228,51131.7339,218.6048,0.6248,0.9765,0.5696,0.5783,0.0087,0.0013,0.4268,0.9583,HOROZ
46263.388,956.5781,411.6341,164.5858,2.8442,0.8951,45757.2024,241.7157,0.6599,0.9562,0.5617,0.5667,0.008,0.0009,0.3282,0.9434,HOROZ
34052.2915,640.6945,262.9502,130.9122,1.5989,0.9771,26536.7042,195.3655,0.6975,0.9765,0.7745,0.8561,0.0093,0.0026,0.6776,0.968,SIRA
44790.3163,969.3141,427.9848,172.3528,2.6101,0.9073,53212.0672,257.6962,0.6339,0.9738,0.6241,0.603,0.0078,0.0014,0.414,0.9323,HOROZ
24489.1479,566.8799,240.4967,149.1523,1.3496,0.757,25700.9179,179.5762,0.8345,0.9759,0.8274,0.8952,0.0066,0.0031,0.7445,0.9874,SEKER
92142.6425,1035.5005,471.1402,279.964,1.6253,0.7786,89684.7557,337.2628,0.6893,0.9752,0.8437,0.7709,0.005,0.0015,0.5869,0.9927,BOMBAY
32828.0344,711.3502,196.9934,151.1762,1.777,0.6926,32398.1366,205.8901,0.7592,0.9731,0.6859,0.7616,0.0092,0.0025,0.6421,0.9795,SIRA
56583.972,970.3904,357.8885,195.3759,1.9432,0.8555,42384.3125,273.2116,0.6741,0.9612,0.7967,0.7682,0.0081,0.0017,0.5911,0.9595,BARBUNYA
33212.6466,655.4745,231.9373,157.2316,1.4756,0.7209,26796.4956,155.5486,0.7394,0.9734,0.7065,0.7943,0.009,0.0024,0.6955,0.9763,SIRA
29650.4041,590.9009,243.7821,167.5185,1.4297,0.6438,26278.7724,185.8989,0.6887,0.9645,0.9075,0.812,0.0096,0.0024,0.7362,0.9843,SEKER
41902.4651,1081.9993,386.6865,154.9229,2.9107,0.9237,50969.9838,249.9515,0.6326,0.9587,0.5965,0.6049,0.009,0.0003,0.3802,0.9449,HOROZ
26270.9525,646.1101,218.4775,127.3461,1.6436,0.7815,34906.3909,169.4968,0.76,0.9683,0.7254,0.7814,0.01,0.0024,0.5878,0.9762,SIRA
22158.9276,552.4931,218.0472,145.6857,1.4894,0.7753,26554.954,175.2088,0.7293,0.9704,0.8718,0.82,0.0107,0.0029,0.7398,0.9849,DERMASON
94309.1494,1127.0219,395.2621,245.4185,1.7031,0.7829,90160.0522,322.5584,0.6837,0.9746,0.8772,0.7951,0.005,0.0013,0.6479,0.9785,BOMBAY
64373.7885,880.8675,352.6968,202.3649,2.0103,0.887,57543.4658,277.8167,0.7065,0.9763,0.7594,0.7346,0.0064,0.0014,0.472,0.9431,BARBUNYA
37862.3211,998.3477,369.3936,203.6884,1.7987,0.8665,51216.5236,296.3357,0.7303,0.9697,0.7485,0.6496,0.0057,0.0013,0.5521,0.9739,BARBUNYA
50354.2535,943.5143,333.4041,176.8142,2.1895,0.8333,55180.2768,304.5053,0.6029,0.9722,0.7723,0.7344,0.0064,0.0017,0.6393,0.9801,BARBUNYA
22857.2747,761.5326,212.2533,146.4058,1.6155,0.6541,31462.8388,168.8737,0.7765,0.9479,0.7857,0.8251,0.0082,0.003,0.7291,0.9799,SIRA
49075.8566,1012.2527,423.9709,176.0295,1.9909,0.8492,45323.8935,217.7739,0.7242,0.9604,0.7115,0.6756,0.0063,0.0023,0.4608,0.9618,CALI
60480.3198,856.5773,372.2206,206.907,2.064,0.8392,52014.6313,255.9363,0.7404,0.9492,0.8266,0.6521,0.0056,0.002,0.5822,0.9639,BARBUNYA
51825.173,1066.6076,377.4646,172.682,2.4087,0.9135,60589.2446,299.3816,0.6398,0.9683,0.6704,0.6439,0.0063,0.001,0.4321,0.949,CALI
27282.6048,647.0792,255.9098,128.3741,1.4563,0.7715,22173.57,170.2565,0.7273,0.9633,0.901,0.8622,0.0079,0.0029,0.6273,0.9811,SIRA
53111.2106,1078.5862,446.9632,163.0426,2.1188,0.9126,53712.4521,266.2626,0.6929,0.9522,0.7132,0.6792,0.0079,0.0012,0.5347,0.9605,CALI
64495.2689,1072.1074,367.0387,184.8832,1.65,0.8763,48437.6613,280.3001,0.6699,0.9686,0.8419,0.7912,0.0079,0.0017,0.5193,0.9813,BARBUNYA
31927.9573,664.6848,223.1433,147.7998,1.3062,0.6084,23236.0078,179.312,0.7223,0.9772,0.7669,0.826,0.0076,0.0029,0.7461,0.9838,SEKER
46519.7537,908.9223,378.5244,180.4709,2.6294,0.9081,33680.0378,244.8108,0.6872,0.974,0.5931,0.617,0.0087,0.0014,0.3544,0.9584,HOROZ
24210.957,635.8341,218.8113,153.5105,1.4546,0.6184,24510.3184,195.4709,0.7612,0.9703,0.8435,0.8084,0.0075,0.0026,0.6411,0.9747,DERMASON
81995.5078,1020.65,448.8317,243.7103,1.6388,0.8113,81590.0495,340.3918,0.7643,0.969,0.868,0.7835,0.005,0.0013,0.6257,0.9863,BOMBAY
53861.6017,1104.6947,422.9176,145.3267,2.6552,0.9186,47528.2671,228.7109,0.7389,0.974,0.5511,0.5552,0.0088,0.0007,0.4173,0.9541,HOROZ
21890.5313,535.556,179.8795,177.5212,1.4585,0.6734,26503.4252,181.3244,0.7695,0.9839,0.8856,0.7905,0.0094,0.0019,0.6997,0.9831,SEKER
23532.3187,640.3318,188.6385,152.2053,1.3773,0.6515,27491.7943,181.7044,0.7888,0.973,0.9082,0.8356,0.009,0.0028,0.7322,0.9907,SEKER
83311.7612,1134.9141,402.6728,277.7424,1.7201,0.8513,90995.5357,336.0497,0.6624,0.9651,0.8654,0.8222,0.0048,0.0014,0.5921,0.9786,BOMBAY
31512.328,562.3117,256.7243,139.2637,1.8299,0.8257,33724.186,173.1177,0.7342,0.9749,0.8082,0.7945,0.0099,0.0024,0.5601,0.977,SIRA
51359.5998,1013.579,425.1649,142.6281,2.8366,0.9749,44707.0405,253.9771,0.6062,0.9519,0.62,0.581,0.0078,0.0012,0.3505,0.9457,HOROZ
49339.1719,997.7137,395.8535,161.1303,2.6299,0.9563,62693.4729,256.6184,0.6882,0.9761,0.6711,0.6383,0.0081,0.0019,0.4938,0.9459,CALI
66551.3327,984.968,425.293,185.3294,2.2103,0.8193,66303.9776,317.8124,0.6903,0.9547,0.6967,0.8279,0.0073,0.0018,0.5607,0.9521,BARBUNYA
54445.1489,921.9901,431.28,175.2062,2.0513,0.8978,53006.7646,277.305,0.6308,0.9555,0.6649,0.6581,0.0084,0.0013,0.4318,0.9568,CALI
54079.8645,920.7266,396.6734,197.117,2.3704,0.86,52239.5456,239.5588,0.7156,0.9812,0.6023,0.677,0.0073,0.0016,0.4103,0.9721,CALI
33700.3582,763.1113,213.1535,150.3651,1.6045,0.8297,21732.1395,186.4559,0.7648,0.9512,0.7943,0.8444,0.0077,0.0023,0.5857,0.9937,SIRA
100219.3733,1097.5015,444.3514,241.7197,1.6426,0.7873,85394.7002,335.3697,0.757,0.9776,0.8436,0.8198,0.0054,0.0014,0.5984,0.969,BOMBAY
29654.8912,616.9808,177.0846,144.0325,1.7032,0.8371,32494.489,190.5267,0.7868,0.9668,0.8933,0.796,0.0105,0.0019,0.499,0.9794,SIRA
31491.3671,721.639,226.3371,160.9584,1.3272,0.8183,21492.8881,184.1508,0.7242,0.9854,0.757,0.8657,0.0078,0.0025,0.6237,0.9942,SIRA
51398.0603,1033.3438,392.9904,156.2689,2.858,0.9419,53010.3194,287.342,0.6536,0.9516,0.5462,0.6087,0.0086,0.0003,0.3224,0.9591,HOROZ
43351.993,1014.3002,402.8627,189.3304,2.4523,0.9044,56199.3304,245.3219,0.732,0.946,0.7187,0.6874,0.0071,0.0021,0.3905,0.9421,CALI
26120.998,598.6171,202.0047,180.8235,1.4798,0.7454,27141.3627,175.0519,0.7922,0.9698,0.8649,0.8493,0.0077,0.0024,0.7079,0.9831,SEKER
55140.5665,1022.5248,401.2652,153.1103,2.195,0.865,62660.8379,278.6573,0.7147,0.9722,0.6372,0.6794,0.0084,0.0009,0.4621,0.9634,CALI
43419.6667,1056.8626,336.518,200.5437,1.9354,0.8012,63686.4318,261.2454,0.6753,0.972,0.7319,0.7786,0.0074,0.0024,0.4851,0.9797,BARBUNYA
23361.4371,662.1162,209.9648,145.9173,1.476,0.768,29980.1156,154.402,0.7479,0.9759,0.8276,0.7915,0.0083,0.0035,0.6464,0.9756,DERMASON
54897.8363,963.1066,402.3652,173.375,3.0446,0.9418,51524.2354,241.9919,0.5672,0.9714,0.5012,0.6168,0.0079,0.0017,0.4228,0.9682,HOROZ
57915.7638,1001.531,406.0108,209.5781,1.8804,0.8322,56591.028,291.4694,0.7518,0.9654,0.7618,0.7056,0.0055,0.0017,0.5965,0.9716,BARBUNYA
59726.3151,1048.7889,393.1387,222.007,1.8663,0.8373,57583.4599,285.38,0.6548,0.9709,0.7386,0.6912,0.0062,0.0018,0.6317,0.9787,BARBUNYA
19442.0016,661.3201,244.0275,137.4246,1.6126,0.7467,33470.0865,192.8528,0.7623,0.9707,0.8759,0.8541,0.0103,0.0032,0.4928,0.975,DERMASON
19359.2146,654.4982,279.5028,139.496,1.623,0.7893,23860.3478,202.4358,0.7494,0.9713,0.8883,0.8479,0.0085,0.0027,0.6673,0.9858,DERMASON
26130.209,634.7632,201.5314,168.1571,1.431,0.6618,30786.597,147.4163,0.7845,0.9689,0.8382,0.8553,0.0088,0.0024,0.714,0.9898,SEKER
49430.6982,1041.7194,390.5556,166.8703,2.3659,0.9029,57230.6377,261.7389,0.6676,0.956,0.6917,0.6581,0.0082,0.0016,0.3793,0.9588,CALI
48760.5271,1005.3805,426.8625,175.9834,2.0984,0.904,45380.3556,274.7791,0.6226,0.9798,0.7083,0.6378,0.0082,0.0011,0.3736,0.9526,CALI
27905.0932,674.8561,234.8737,154.0685,1.7177,0.8043,27742.7533,160.4431,0.7937,0.9864,0.823,0.7691,0.0103,0.0018,0.6733,0.977,DERMASON
53604.5143,926.8535,409.572,181.9475,1.904,0.8188,63342.2911,284.9798,0.7247,0.9656,0.73,0.7301,0.0069,0.0022,0.5782,0.9681,BARBUNYA
22822.9853,623.7581,230.4705,152.1445,1.5046,0.6553,30970.3528,173.8044,0.7903,0.9855,0.889,0.8354,0.0085,0.003,0.6986,0.988,SEKER
77664.7905,1144.5823,390.5187,252.5771,1.5938,0.7984,88941.1104,368.0275,0.7241,0.9649,0.8518,0.7297,0.005,0.0011,0.6315,0.9844,BOMBAY
25419.656,631.11,205.2815,155.5766,1.6045,0.7069,27763.3502,161.0273,0.8402,0.9819,0.7766,0.7814,0.0087,0.0027,0.5523,0.9888,DERMASON
21325.5317,684.0489,273.2463,143.7278,1.4003,0.6535,25686.8088,190.9525,0.7105,0.9722,0.787,0.8485,0.0091,0.0012,0.6671,0.9866,SIRA
48787.7652,1113.2786,448.4131,164.668,2.8094,0.9258,40559.5702,228.9433,0.6089,0.9825,0.6597,0.6023,0.0081,0.0013,0.3364,0.9608,HOROZ
15955.5368,633.062,240.3233,162.3099,1.4844,0.7496,14917.7084,185.3652,0.7458,0.9662,0.7574,0.8022,0.0101,0.0025,0.4857,0.9887,DERMASON
55718.6858,1045.1222,407.1293,191.1585,2.4754,0.904,53507.1543,230.8941,0.7207,0.9622,0.7081,0.6793,0.006,0.0017,0.4543,0.9468,CALI
22410.9286,659.8972,241.2149,150.7631,1.5358,0.9032,25953.3404,196.9644,0.6743,0.9692,0.8193,0.8171,0.0095,0.0023,0.7394,0.9773,DERMASON
54859.6957,1145.2058,439.1579,154.0584,3.0283,0.9493,47831.9168,242.7744,0.6876,0.9808,0.5471,0.6258,0.0097,0.0011,0.3962,0.9374,HOROZ
35034.1035,552.8336,207.0325,154.8039,1.358,0.6986,25664.3767,196.3794,0.8094,0.9741,0.8295,0.8664,0.009,0.0028,0.7215,0.997,SEKER
44805.175,989.6075,389.8357,153.4005,2.5555,0.896,46016.641,223.4906,0.6293,0.975,0.5125,0.6461,0.0093,0.0013,0.3641,0.9478,HOROZ
59820.8399,1066.7212,356.3264,196.0034,2.7023,0.9063,54235.8919,256.2407,0.6856,0.9659,0.683,0.6962,0.0075,0.0013,0.4305,0.9475,CALI
34728.6901,1126.7374,430.8846,166.5226,2.3512,0.9301,51836.1935,235.1636,0.6698,0.9648,0.5532,0.5848,0.0078,0.0012,0.323,0.9529,HOROZ
48424.9345,959.0649,407.7542,202.7531,2.283,0.8609,62953.5268,299.2816,0.6744,0.9446,0.6833,0.6653,0.007,0.0012,0.4918,0.9632,CALI
27884.6702,654.1544,256.5543,139.209,1.5957,0.7474,30740.3038,193.1619,0.7464,0.9686,0.7894,0.7312,0.0082,0.0023,0.6396,0.9894,SIRA
26092.4561,566.7425,217.3806,144.3574,1.4068,0.6209,30675.1656,191.7401,0.7812,0.969,0.8867,0.7911,0.0072,0.0026,0.7373,0.9896,SEKER
54888.8968,1014.5574,348.0757,135.3155,2.7494,0.9168,41494.0989,284.7607,0.6886,0.9689,0.5222,0.6096,0.0096,0.0013,0.376,0.9361,HOROZ
48588.4592,961.3773,406.6527,138.6522,2.6468,0.9112,45334.2848,258.9191,0.6193,0.9662,0.5897,0.6169,0.0084,0.0007,0.33,0.9606,HOROZ
97193.1931,1270.8684,455.0079,281.3505,1.7053,0.7757,87443.0251,338.8328,0.7024,0.9668,0.8315,0.7761,0.0046,0.0013,0.6102,0.9764,BOMBAY
60563.0739,1076.7656,388.8359,202.66,1.7513,0.8305,71152.5917,239.6487,0.8033,0.945,0.8031,0.7132,0.0062,0.0012,0.607,0.9743,BARBUNYA
25135.1049,597.1129,218.6786,160.9613,1.5688,0.8024,30763.9559,179.7895,0.7416,0.9474,0.9002,0.8197,0.0084,0.0041,0.6061,0.992,DERMASON
61922.8678,1040.5977,343.3769,206.1388,2.2792,0.858,62146.7926,288.293,0.6697,0.9676,0.6087,0.6677,0.006,0.0014,0.5236,0.9562,CALI
86647.7505,1117.9878,425.9043,296.2429,1.5509,0.7856,87741.9791,325.1224,0.696,0.9618,0.864,0.7647,0.0049,0.0013,0.5538,0.9785,BOMBAY
17756.3138,594.5589,214.3938,151.8483,1.3105,0.6358,27375.0315,201.3318,0.7141,0.9672,0.9091,0.86,0.0082,0.0025,0.7207,0.9895,SEKER
27624.0916,570.988,235.6513,160.4995,1.5285,0.6748,23077.8215,173.9153,0.6999,0.9787,0.7358,0.7657,0.0069,0.0025,0.4987,0.9686,SIRA
38900.8719,1126.2823,430.3639,160.8692,2.7172,0.901,47113.2933,254.7916,0.6221,0.9659,0.5394,0.621,0.0081,0.0013,0.4499,0.966,HOROZ
50215.8587,1023.0311,374.7712,163.3159,1.993,0.8969,53602.0301,278.6584,0.6163,0.9549,0.6091,0.6275,0.0064,0.0019,0.4477,0.9583,CALI
87086.7049,1142.7719,409.6488,259.18,1.7539,0.8095,72924.3183,336.0484,0.7189,0.9614,0.8762,0.7911,0.0044,0.0012,0.5843,0.9754,BOMBAY
99257.1902,1096.0588,429.9607,257.7275,1.4389,0.809,71956.7403,358.4135,0.6426,0.9694,0.8515,0.761,0.0046,0.0015,0.596,0.9817,BOMBAY
42884.5554,1056.8544,381.7595,158.9646,2.7155,0.952,52250.1635,237.4443,0.6993,0.9749,0.5134,0.5935,0.0084,0.0009,0.4222,0.9434,HOROZ
23879.2973,633.4879,261.0877,152.7186,1.6644,0.7274,26924.2333,163.5938,0.7653,0.9724,0.5618,0.7036,0.0083,0.0026,0.6581,0.9909,SIRA
46640.3975,1015.234,457.6399,163.1232,3.0484,0.9226,39970.6169,255.2683,0.6594,0.9747,0.6015,0.5855,0.0102,0.0017,0.4053,0.9337,HOROZ
21134.9972,628.0185,260.3758,143.4361,1.3533,0.7328,24614.7413,192.6754,0.7463,0.9607,0.8279,0.8033,0.0101,0.0033,0.6146,0.9827,DERMASON
84326.8138,1135.2612,395.7611,252.7705,1.6486,0.7971,89024.339,315.7679,0.752,0.965,0.8257,0.7978,0.0048,0.0009,0.6279,0.981,BOMBAY
52429.1237,875.321,421.3564,155.6861,2.8367,0.9185,54165.5106,243.2598,0.6058,0.9699,0.5266,0.6062,0.0096,0.0014,0.3928,0.9582,HOROZ
43308.4017,981.0252,373.4106,182.3022,2.2372,0.8921,51988.7384,215.476,0.6785,0.9666,0.711,0.6856,0.0079,0.0014,0.5561,0.9558,CALI
29956.3592,678.2191,270.5259,134.7507,1.6713,0.7709,27064.5335,160.6688,0.6916,0.9789,0.8377,0.7947,0.0086,0.0024,0.5834,0.9835,SIRA
27931.0587,634.0924,217.4811,160.0811,1.3212,0.6381,28076.0004,193.6269,0.7608,0.975,0.8608,0.8265,0.0083,0.0029,0.6856,0.987,SEKER
55608.3348,1039.869,406.9252,159.9058,2.3619,0.9062,55204.676,268.4854,0.6928,0.955,0.6027,0.7056,0.0061,0.0017,0.4806,0.9582,CALI
49600.5545,988.0314,386.7496,141.7005,2.5456,0.9416,57010.8109,247.3612,0.582,0.9758,0.6396,0.635,0.0097,0.0011,0.3914,0.964,HOROZ
56943.9468,1049.2123,402.5876,147.6912,2.6401,0.9549,43385.2778,235.4788,0.5788,0.9802,0.4982,0.6538,0.0083,0.0015,0.3391,0.9355,HOROZ
21297.8785,639.9635,225.9287,176.9512,1.3255,0.7393,27166.7164,175.5484,0.79,0.9788,0.849,0.8971,0.0083,0.0022,0.6631,0.9954,SEKER
23593.2465,570.7698,209.2262,156.3856,1.5424,0.7025,26094.1572,180.8269,0.8179,0.9593,0.839,0.8335,0.0074,0.0034,0.6711,0.9875,DERMASON
44967.7811,897.8362,420.2316,184.8381,2.0763,0.8665,56092.8825,239.7359,0.6989,0.9547,0.6222,0.6413,0.0067,0.0012,0.4459,0.948,CALI
28825.2826,653.3997,260.1695,168.1637,1.5679,0.8754,24230.4637,209.3354,0.6872,0.9616,0.8497,0.768,0.0084,0.0027,0.6902,0.9665,SIRA
38971.0845,1053.7727,400.8914,160.0333,2.2673,0.9054,49147.3297,285.7126,0.6478,0.9404,0.5714,0.6629,0.0077,0.001,0.336,0.9509,CALI
52762.7474,933.7264,381.1104,162.8736,2.7497,0.9333,48410.7023,237.7144,0.676,0.9779,0.5872,0.5839,0.0093,0.0015,0.4057,0.9559,HOROZ
30355.7176,674.4747,223.6671,174.8925,1.4982,0.6386,28309.1161,185.0574,0.7426,0.9667,0.7897,0.8713,0.0091,0.0032,0.7874,0.987,SEKER
56020.2022,955.4756,413.0926,171.8443,2.2578,0.8763,57208.2572,273.3116,0.6581,0.9528,0.7034,0.6597,0.0068,0.0014,0.4778,0.9688,CALI
37770.7555,976.5389,412.4476,185.7991,2.2201,0.8807,54782.1132,275.5155,0.628,0.9501,0.6098,0.6983,0.0082,0.0017,0.5271,0.9565,CALI
17219.7727,608.422,226.3911,138.3094,1.5752,0.7198,21785.4067,179.6859,0.7899,0.9681,0.8227,0.7438,0.0105,0.0034,0.6619,0.9664,DERMASON
34961.3101,603.212,253.0747,159.1798,1.3646,0.7541,29773.6149,147.7298,0.7455,0.9723,0.7539,0.8585,0.0099,0.0025,0.5989,0.9735,DERMASON
51619.9643,975.4066,401.1185,170.3114,2.4678,0.9311,44028.6886,279.5126,0.6141,0.9669,0.5588,0.6059,0.0074,0.0014,0.375,0.9504,HOROZ
56230.0819,991.5308,361.7615,183.7375,2.2232,0.8917,44134.4023,218.7003,0.6476,0.9696,0.7336,0.6842,0.0081,0.0015,0.4391,0.9471,CALI
50586.0826,928.1351,402.9586,198.7528,1.9356,0.8288,50701.3245,262.7087,0.7338,0.9712,0.8199,0.8331,0.0083,0.0018,0.5417,0.9715,BARBUNYA
30986.8291,675.0481,228.5808,166.984,1.5339,0.7772,22471.2147,167.4033,0.7379,0.9622,0.7741,0.7611,0.009,0.0022,0.6246,0.9799,SIRA
27415.4052,610.5952,288.9837,148.1372,1.5559,0.7842,24420.9603,198.0632,0.7253,0.9492,0.7374,0.7923,0.0115,0.0025,0.6358,0.9635,SIRA
61573.3289,860.57,382.171,209.0327,1.8386,0.8021,61988.8572,261.8838,0.7033,0.9658,0.781,0.7203,0.0053,0.0018,0.5426,0.9684,BARBUNYA
55396.0017,998.1023,331.4411,191.4165,1.7203,0.829,65507.281,251.9317,0.7248,0.9683,0.7148,0.8262,0.0064,0.0015,0.4937,0.9746,BARBUNYA
20911.7488,581.5146,213.32,146.235,1.4322,0.6938,27542.6824,206.6195,0.7046,0.9837,0.837,0.8939,0.0102,0.0036,0.7105,0.9842,SEKER
25713.1592,574.6336,250.7915,138.3339,1.5853,0.7969,31607.704,181.7982,0.8036,0.9637,0.9234,0.7289,0.0109,0.002,0.5985,0.971,SIRA
55701.2496,879.4574,375.1935,212.5248,2.0566,0.8166,59882.6872,262.2248,0.6225,0.9632,0.7132,0.7428,0.0061,0.0016,0.5463,0.9708,BARBUNYA
75870.953,1150.078,442.7717,276.8259,1.6894,0.7474,79979.8296,303.2034,0.7575,0.9713,0.8481,0.7933,0.0045,0.0013,0.5971,0.9793,BOMBAY
22649.6049,608.5233,192.7864,140.9931,1.3776,0.6632,25100.0138,162.0486,0.7779,0.9672,0.9066,0.8665,0.007,0.0029,0.6901,0.9977,SEKER
31807.8147,586.5181,183.8083,154.9318,1.4908,0.7594,31127.67,154.4367,0.7605,0.9652,0.8629,0.8172,0.008,0.0022,0.836,0.9903,SEKER
99071.1964,1023.3925,438.1412,260.7436,1.7071,0.7439,92061.7522,357.0327,0.727,0.9648,0.7898,0.7601,0.0053,0.0014,0.6479,0.9809,BOMBAY
49456.4629,1000.8562,428.9497,151.3485,2.9662,0.9568,53978.9735,262.1256,0.5702,0.9481,0.546,0.5913,0.0085,0.0011,0.3935,0.9459,HOROZ
52788.6052,953.0169,375.0835,130.2981,3.0128,0.9294,71075.7973,249.9388,0.6629,0.9695,0.5362,0.5894,0.0106,0.0012,0.347,0.9588,HOROZ
44358.3283,993.4944,409.2479,144.9456,2.8793,0.9049,55422.5687,226.4059,0.5931,0.9619,0.5442,0.6243,0.0108,0.0011,0.3853,0.9565,HOROZ
30996.3779,616.7439,257.062,153.6935,1.5174,0.6858,25086.5509,167.3302,0.764,0.9842,0.9027,0.8707,0.0059,0.003,0.7478,0.9873,SEKER
77157.9111,1184.3333,413.432,255.9063,1.6697,0.8013,88902.9099,326.7868,0.6454,0.9796,0.7849,0.7789,0.0045,0.0012,0.6019,0.9811,BOMBAY
26584.5085,693.5594,268.5297,162.8723,1.5245,0.6899,27890.5954,191.4013,0.7842,0.9751,0.8601,0.8199,0.0096,0.0033,0.6398,0.9862,SIRA
24164.5427,692.9722,255.8415,155.6777,1.4091,0.7494,27607.4721,198.1481,0.8251,0.9662,0.7972,0.8204,0.007,0.0015,0.6681,0.973,SIRA
33313.4697,614.11,245.8243,143.9811,1.5032,0.747,33252.8348,191.6312,0.7726,0.9638,0.8295,0.7924,0.0086,0.003,0.6241,0.9908,DERMASON
53737.7372,960.1903,451.7417,159.4428,2.2148,0.9221,56669.0282,264.2541,0.6517,0.9636,0.7128,0.6829,0.008,0.0015,0.5098,0.9404,CALI
58227.3508,1048.5248,453.7528,152.4316,3.1078,0.9136,51303.6464,218.3216,0.7321,0.9763,0.4983,0.5695,0.0089,0.0006,0.3834,0.9445,HOROZ
63783.1885,989.2177,411.7169,184.9575,2.3781,0.8617,63327.0961,273.2213,0.5445,0.9684,0.6219,0.681,0.0087,0.0018,0.4392,0.9715,CALI
59103.0076,833.5884,402.9854,188.3571,2.0333,0.8796,58554.2415,262.9449,0.7876,0.9574,0.7451,0.7214,0.006,0.0018,0.5409,0.9431,BARBUNYA
17735.2768,609.6457,199.7237,164.9246,1.436,0.7883,21581.3956,177.1164,0.7275,0.9897,0.864,0.8084,0.0077,0.0024,0.6159,0.9639,DERMASON
28562.7508,646.6726,196.198,160.1778,1.3144,0.6427,24571.2744,197.8077,0.8339,0.9961,0.8677,0.8248,0.0073,0.0033,0.6431,0.9884,SEKER
98646.9011,1124.0069,393.0693,260.0285,1.4735,0.7817,89083.5881,343.5188,0.724,0.9704,0.8907,0.764,0.0052,0.0015,0.6357,0.9838,BOMBAY
68310.7197,956.6576,369.4306,197.0592,1.6221,0.8991,57063.1344,270.7061,0.6536,0.9464,0.7138,0.8019,0.0074,0.0014,0.5042,0.975,BARBUNYA
19918.7912,587.5201,213.6535,154.8256,1.5091,0.6815,25162.0147,177.0782,0.7521,0.9609,0.8186,0.7985,0.0109,0.003,0.7283,0.9833,DERMASON
92666.1285,1093.9822,430.8193,230.7328,1.7448,0.8031,83864.2609,338.1418,0.6809,0.9754,0.8511,0.7895,0.0051,0.0017,0.6652,0.9877,BOMBAY
102238.6241,1244.9414,459.5189,259.7203,1.3687,0.8274,94785.6079,320.8954,0.7396,0.9669,0.8358,0.7641,0.0051,0.001,0.5722,0.9766,BOMBAY
49779.8442,1029.586,428.8954,178.4903,2.4199,0.9282,50890.3155,278.687,0.6479,0.9642,0.667,0.6609,0.0072,0.0016,0.4008,0.9634,CALI
17948.5473,773.0895,174.2433,146.4833,1.5733,0.7416,27387.3815,164.5528,0.7953,0.976,0.8073,0.7654,0.0121,0.0024,0.6098,0.9873,DERMASON
32776.7757,738.189,208.6099,150.5966,1.8302,0.8628,30193.4247,182.2107,0.7713,0.9391,0.8816,0.8702,0.0076,0.0027,0.7272,0.9739,SIRA
54329.1605,951.6035,353.1193,182.7534,1.8191,0.8777,70910.3418,285.9156,0.6972,0.9735,0.7561,0.7351,0.0055,0.0022,0.6108,0.9605,BARBUNYA
24240.6956,590.872,206.9881,127.5939,1.5709,0.7441,31927.8815,169.3236,0.6925,0.9734,0.851,0.7829,0.0083,0.0029,0.6547,0.99,DERMASON
56545.6024,880.2426,377.3727,166.2137,2.4338,0.9293,58746.5151,308.2705,0.5488,0.9414,0.6471,0.7234,0.0081,0.0018,0.3884,0.9456,CALI
29441.6185,613.9743,214.1477,142.5112,1.5726,0.8171,26419.7837,191.8007,0.6847,0.9546,0.7971,0.8413,0.0082,0.0025,0.4199,0.9832,DERMASON
30339.9166,692.2259,231.5194,124.5306,1.5795,0.7944,20697.1107,186.8081,0.7871,0.9618,0.9666,0.8396,0.0073,0.0037,0.5659,0.9698,DERMASON
23517.1044,636.2224,235.1376,144.7186,1.6376,0.7601,22648.3126,188.1428,0.7574,0.9701,0.8578,0.7629,0.0098,0.0015,0.6419,0.9784,DERMASON
21321.0634,645.8827,226.8258,154.915,1.5922,0.7511,21729.3143,177.9026,0.7701,0.9649,0.7726,0.7863,0.0085,0.003,0.5334,0.9827,SIRA
90227.6127,1129.6282,401.7466,272.398,1.5276,0.7938,80017.3183,326.817,0.6988,0.9771,0.8591,0.7986,0.0046,0.0011,0.6002,0.9811,BOMBAY
49276.3259,1022.3121,356.2075,216.8699,1.5549,0.8241,70812.1825,225.2629,0.7792,0.9536,0.737,0.6657,0.0057,0.0017,0.5721,0.9552,BARBUNYA
26317.1452,665.1583,244.2698,118.3877,1.6172,0.7319,21051.0372,176.3258,0.7471,0.9806,0.8727,0.7383,0.0075,0.003,0.6622,0.991,DERMASON
53323.3592,981.291,382.061,174.4624,2.5091,0.9135,55447.187,258.5092,0.6949,0.9656,0.6159,0.6915,0.0078,0.0011,0.4215,0.9454,CALI
56601.5793,887.1912,426.5963,201.9353,1.7293,0.7661,43196.0662,254.4444,0.7416,0.9543,0.7467,0.6994,0.0078,0.0025,0.3858,0.9663,BARBUNYA
28298.2963,557.2628,226.6685,161.6659,1.6066,0.7443,23341.1008,162.3136,0.7188,0.9475,0.7941,0.8755,0.0102,0.0029,0.6357,0.987,DERMASON
52576.1339,1010.3195,390.1762,192.4661,1.7502,0.8334,61698.5495,232.5006,0.6994,0.9454,0.7417,0.8324,0.0058,0.0015,0.5254,0.9678,BARBUNYA
25882.3887,686.6878,211.4549,148.149,1.5829,0.6786,19938.1916,158.4124,0.7172,0.9692,0.844,0.8645,0.0082,0.0025,0.6507,0.9762,DERMASON
59133.7541,1026.9694,390.4301,128.4342,2.6612,0.9357,42475.7905,210.447,0.6522,0.9542,0.4585,0.6129,0.0088,0.0015,0.4063,0.9485,HOROZ
61105.4407,877.738,300.7624,218.3121,1.9552,0.858,56362.4333,283.3406,0.6206,0.9541,0.7311,0.7872,0.0064,0.0016,0.6002,0.9796,BARBUNYA
19097.8518,627.0277,246.3977,164.1999,1.7874,0.7197,22843.4722,213.2228,0.7413,0.9747,0.683,0.8302,0.0077,0.0023,0.6004,1.0,SIRA
52561.0305,989.9734,412.3053,152.7906,2.2393,0.9368,58397.7523,244.6207,0.5747,0.9566,0.6472,0.682,0.0087,0.0014,0.4556,0.9479,CALI
57549.7756,840.7214,371.6221,197.1109,1.6437,0.8932,59904.472,221.9472,0.6662,0.9568,0.7544,0.7095,0.0057,0.0019,0.492,0.9796,BARBUNYA
28347.9834,586.5156,215.4634,158.2983,1.5611,0.623,26577.1851,182.2529,0.7398,0.9735,0.8706,0.8536,0.0076,0.003,0.6735,0.9881,SEKER
61095.3858,1030.7227,362.5556,182.4356,2.464,0.8601,71902.3447,213.5498,0.6769,0.9687,0.5753,0.6879,0.0064,0.0017,0.4596,0.941,CALI
24530.5259,657.9063,231.1092,138.2384,1.501,0.7799,23404.896,183.5075,0.8016,0.9816,0.8214,0.7758,0.0095,0.0027,0.6278,0.9868,DERMASON
40534.8641,1093.8826,387.8109,146.6666,3.0875,0.8988,53684.1403,248.3476,0.6337,0.9836,0.5091,0.6055,0.008,0.001,0.4149,0.9497,HOROZ
39399.3435,1019.941,423.2759,172.4686,2.5858,0.9362,47997.9474,233.3147,0.6471,0.9834,0.5396,0.5993,0.0095,0.0008,0.4263,0.9464,HOROZ
26347.6603,533.4632,208.4937,126.9778,1.3299,0.6525,24719.4005,177.7717,0.7542,0.9641,0.9301,0.8864,0.0072,0.0032,0.6389,0.9859,SEKER
76827.7559,995.5549,424.9365,219.6432,1.9376,0.7788,62735.8692,254.5949,0.7091,0.9517,0.7973,0.735,0.0064,0.0018,0.3722,0.978,BARBUNYA
90140.973,1172.8779,446.5612,269.4794,1.5547,0.7661,90869.8959,326.4336,0.7098,0.9583,0.8937,0.7671,0.0053,0.001,0.6605,0.9853,BOMBAY
27884.0973,625.5308,210.8869,149.165,1.3708,0.6079,33693.8059,167.3324,0.7435,0.9814,0.8934,0.8716,0.0098,0.0026,0.6677,0.9942,SEKER
26595.5628,577.0954,218.477,135.339,1.3895,0.7007,31920.325,183.9666,0.8071,0.97,0.8291,0.8077,0.0073,0.0022,0.7517,0.989,SEKER
91671.9246,1167.7427,426.2552,238.3618,1.7475,0.7557,89246.7588,333.8494,0.7452,0.9685,0.8052,0.822,0.0053,0.0012,0.6167,0.9695,BOMBAY
35428.6987,759.7251,281.2823,155.1325,1.4889,0.7331,30616.7062,191.6598,0.7743,0.9634,0.8765,0.8192,0.0085,0.0026,0.622,0.978,SIRA
27390.5378,613.6449,230.0575,162.5506,1.4421,0.7566,19041.2056,183.7182,0.7196,0.9857,0.9166,0.8061,0.0068,0.0023,0.656,0.9588,DERMASON
29274.2978,660.5213,228.7747,145.7915,1.8212,0.7361,36000.4832,188.1911,0.7295,0.9713,0.6905,0.6985,0.0085,0.0021,0.6396,0.9722,SIRA
40835.357,1034.6699,396.6533,179.0894,2.2411,0.8836,46146.1941,249.9567,0.6394,0.9464,0.5724,0.6938,0.0063,0.0018,0.424,0.9533,CALI
42811.5209,1053.6428,408.1164,137.8753,2.7253,0.9538,47017.0947,275.9976,0.6674,0.951,0.5764,0.6427,0.0108,0.0012,0.3961,0.9694,HOROZ
64766.6006,1126.3165,353.2692,209.6609,1.8804,0.8438,42205.1362,254.2805,0.6498,0.9743,0.7041,0.7932,0.0058,0.0017,0.5258,0.9644,BARBUNYA
90008.5582,1112.2814,424.5104,278.5433,1.6198,0.782,95907.4302,345.4408,0.7229,0.9758,0.8032,0.7905,0.0046,0.0012,0.6129,0.9751,BOMBAY
85198.6075,1008.7375,413.9764,260.6848,1.5872,0.8188,75827.5967,317.5797,0.7293,0.9662,0.8689,0.7374,0.0044,0.0009,0.5958,0.9828,BOMBAY
82786.3766,1226.3285,437.3881,249.8316,1.677,0.8276,91068.3088,341.5869,0.6965,0.9664,0.9163,0.8053,0.0048,0.0013,0.5559,0.982,BOMBAY
101065.1392,1085.9592,442.3603,281.0075,1.7571,0.7503,73522.9328,332.7022,0.6816,0.9608,0.8757,0.8152,0.0045,0.0015,0.5674,0.9797,BOMBAY
45404.3148,1041.0814,371.2384,163.4458,2.5319,0.8876,50541.4195,266.4572,0.6934,0.9597,0.7159,0.6925,0.0084,0.0015,0.3946,0.9748,CALI
32986.1431,599.489,200.2699,137.9791,1.4837,0.817,26679.9398,177.0097,0.7493,0.961,0.8748,0.7199,0.0085,0.0026,0.538,0.9812,DERMASON
62469.0819,855.7644,435.9613,167.7498,2.3399,0.9179,58660.1177,255.9644,0.5704,0.9646,0.5726,0.7102,0.0075,0.0023,0.4193,0.9715,CALI
74213.4959,1143.0867,459.0333,273.2263,1.5676,0.7853,86173.6914,318.1055,0.7433,0.9722,0.834,0.7816,0.0054,0.0009,0.6161,0.9728,BOMBAY
81744.8095,1249.1558,448.0161,280.4471,1.494,0.7673,97737.4023,350.7687,0.7066,0.9721,0.8967,0.8015,0.0043,0.0014,0.6342,0.9754,BOMBAY
57382.9133,1008.218,427.2613,193.2586,2.5338,0.8777,53432.4643,276.1052,0.6981,0.9635,0.6221,0.6886,0.0071,0.0015,0.4583,0.9682,CALI
32310.4261,937.4155,450.6297,163.7763,2.9483,0.8993,43743.2163,256.82,0.6644,0.9603,0.47,0.6342,0.0082,0.0011,0.3655,0.96,HOROZ
83846.8598,1107.2932,431.1483,299.4509,1.5768,0.745,97563.6948,312.7108,0.7337,0.9669,0.8951,0.7708,0.0052,0.0011,0.6344,0.9831,BOMBAY
20623.1258,628.524,241.7066,165.1543,1.5704,0.7808,28294.8959,188.2586,0.7522,0.9583,0.8185,0.8512,0.009,0.0033,0.5439,0.9882,DERMASON
51885.0857,997.6453,418.1134,159.301,2.9748,0.9259,49074.482,246.8937,0.718,0.9694,0.6553,0.6412,0.008,0.0012,0.3822,0.9406,HOROZ
59542.699,928.2568,431.0111,200.4543,2.3354,0.8279,61860.4747,250.7033,0.646,0.9454,0.6263,0.7028,0.0072,0.0011,0.3791,0.9693,CALI
46481.998,1100.6903,375.8168,190.1175,2.0362,0.8729,75646.651,286.2275,0.6526,0.9604,0.7574,0.7734,0.0053,0.002,0.5258,0.9577,BARBUNYA
43619.325,1125.7022,459.3084,156.5405,3.0209,0.9146,44005.9536,223.1606,0.6312,0.9588,0.438,0.5971,0.0073,0.0009,0.3174,0.9332,HOROZ
24944.7769,689.9086,243.3933,178.8638,1.6627,0.7911,33171.412,176.0212,0.7425,0.9586,0.8393,0.8132,0.0084,0.0028,0.6688,0.9915,SIRA
87840.1239,1085.3147,429.2236,281.6464,1.6172,0.7174,79028.1852,334.7933,0.6547,0.9726,0.8771,0.7859,0.005,0.0014,0.6453,0.9818,BOMBAY
26005.7478,672.1608,258.0044,132.6171,1.6968,0.7147,26359.1832,177.9209,0.7692,0.953,0.7982,0.7661,0.0081,0.0023,0.5708,0.9717,SIRA
80241.8871,1121.6135,368.5712,241.4038,1.536,0.7921,103646.9185,298.5041,0.7276,0.9754,0.839,0.7636,0.0053,0.0012,0.612,0.9805,BOMBAY
42343.493,869.5481,418.4903,145.443,2.5352,0.9114,49377.3877,246.6682,0.7318,0.9769,0.5012,0.6031,0.0087,0.0007,0.322,0.9658,HOROZ
30756.28,648.9959,261.2768,153.8349,1.6518,0.6622,35865.9437,171.7138,0.627,0.9847,0.7797,0.7768,0.0073,0.0034,0.573,0.9837,SIRA
89095.2899,1084.2599,435.1692,260.8144,1.6284,0.7824,105639.5829,340.3623,0.667,0.9735,0.858,0.7817,0.0049,0.0011,0.6407,0.9769,BOMBAY
52524.5463,1077.3371,420.8915,178.9644,2.3618,0.9247,49167.6305,246.2274,0.7314,0.9418,0.683,0.6428,0.0073,0.0012,0.4929,0.9627,CALI
48030.406,1015.668,339.1233,152.2281,2.8641,0.9394,48451.8667,277.412,0.6658,0.9706,0.5584,0.6495,0.0088,0.0008,0.4542,0.9489,HOROZ
25706.3445,581.2751,260.7773,146.3646,1.601,0.674,33167.0461,190.3808,0.7489,0.9479,0.8312,0.7937,0.0099,0.0024,0.5831,0.991,SIRA
49105.7628,989.7346,401.632,155.9944,2.9457,0.9613,47231.7203,259.9895,0.6665,0.9793,0.6722,0.6221,0.0082,0.001,0.375,0.9526,HOROZ
51853.8351,1037.3694,404.1568,186.5222,2.2996,0.8765,42468.7185,253.9336,0.6715,0.9609,0.6912,0.6802,0.008,0.0017,0.5846,0.9487,CALI
32830.1005,639.3452,212.7828,169.2022,1.4501,0.7288,20768.204,172.7201,0.7778,0.9736,0.9083,0.8197,0.0084,0.0036,0.7546,0.9944,SEKER
43864.885,1012.5389,438.0376,192.2886,2.3059,0.8879,53423.9918,279.154,0.7156,0.9761,0.7058,0.7048,0.0081,0.0017,0.4688,0.9518,CALI
87799.3393,1093.4191,477.0538,298.3157,1.5884,0.7747,92511.0315,338.6834,0.6195,0.979,0.8732,0.8201,0.0049,0.0014,0.6092,0.9856,BOMBAY
32083.5378,682.0142,203.8088,143.889,1.5257,0.7852,29646.0747,182.9998,0.7687,0.9553,0.9202,0.8224,0.0087,0.0025,0.6932,0.9764,DERMASON
96864.6966,1130.6489,450.1934,301.0495,1.6062,0.8212,91030.6372,331.4762,0.6716,0.9699,0.8205,0.7786,0.0048,0.0014,0.6279,0.9804,BOMBAY
40231.4704,888.1225,427.7049,148.4566,2.8056,0.9471,53556.4724,225.8239,0.5702,0.9705,0.6049,0.6339,0.0093,0.0013,0.3573,0.9644,HOROZ
39649.7524,1164.357,405.038,126.1474,2.7637,0.9497,39720.3764,245.563,0.6401,0.9585,0.5795,0.6102,0.0082,0.0014,0.4378,0.9498,HOROZ
29414.6511,716.0755,243.8832,153.8801,1.6697,0.8485,38743.2243,191.5255,0.7064,0.968,0.8308,0.7192,0.01,0.0026,0.6032,0.9688,SIRA
16242.5675,756.735,240.8088,152.1447,1.5558,0.7272,34521.8876,211.0295,0.7444,0.9668,0.7643,0.7542,0.01,0.0026,0.7365,0.9611,SIRA
24846.9262,609.4845,254.0505,127.7552,1.5166,0.7676,24124.7789,181.4316,0.7357,0.9756,0.811,0.8018,0.0084,0.0024,0.6821,0.9889,SIRA
45014.4637,1048.2449,439.7514,158.3006,2.6926,0.9561,45009.8967,263.4628,0.6091,0.9711,0.572,0.5977,0.0075,0.001,0.394,0.9627,HOROZ
54874.8987,1064.506,355.7641,177.0185,2.0201,0.9495,52303.5938,253.9413,0.6089,0.9552,0.692,0.6824,0.0077,0.0021,0.3984,0.9597,CALI
45513.5792,979.685,409.4769,185.4996,2.8538,0.9216,37303.3149,244.4809,0.6726,0.9613,0.5867,0.6277,0.0108,0.0014,0.3985,0.9534,HOROZ
31998.1166,1006.9665,376.5864,148.8192,2.8131,0.8972,51242.0012,251.4332,0.667,0.9569,0.5724,0.6142,0.0085,0.0017,0.2816,0.9219,HOROZ
31846.163,603.7101,200.8279,154.2663,1.5214,0.794,24082.7842,162.5495,0.6637,0.9669,0.8586,0.8121,0.0107,0.0027,0.599,0.9895,DERMASON
19353.1267,569.01,194.259,153.2134,1.4804,0.6795,27686.8172,169.7482,0.7815,0.987,0.8665,0.8253,0.0071,0.0028,0.6729,0.9936,SEKER
25892.4726,680.1515,262.6876,166.4577,1.538,0.891,26946.5129,207.5255,0.7286,0.9705,0.7986,0.749,0.0087,0.0023,0.6218,0.9667,SIRA
51633.635,1059.1877,402.9333,215.137,2.3419,0.8584,50216.2162,265.3171,0.7661,0.9537,0.6775,0.6581,0.0056,0.002,0.3746,0.9437,CALI
55447.4177,955.5117,374.4369,170.2658,2.2785,0.9216,51852.3566,245.9849,0.613,0.956,0.6462,0.6438,0.0081,0.0014,0.507,0.959,CALI
100295.9535,983.8862,432.8252,276.2577,1.6655,0.755,98374.2406,344.4122,0.7673,0.9669,0.8647,0.7577,0.0048,0.0013,0.6173,0.9716,BOMBAY
88901.1171,977.0444,454.8485,266.4961,1.5501,0.7869,84017.0812,290.9911,0.7766,0.9773,0.8788,0.8038,0.0052,0.0012,0.6111,0.9792,BOMBAY
31831.842,627.639,235.1391,138.1444,1.7997,0.6985,25623.8361,198.2488,0.6989,0.9755,0.8515,0.827,0.0074,0.0025,0.6602,0.9723,SIRA
25057.0118,652.3124,213.9579,155.4444,1.4796,0.6568,26984.2041,200.5414,0.7965,0.9898,0.8884,0.8341,0.0094,0.0031,0.7063,0.9927,SEKER
26696.0996,602.0286,240.8076,157.1995,1.3128,0.7147,32349.9745,172.4354,0.7019,0.9652,0.816,0.8992,0.0069,0.0026,0.7937,0.9944,SEKER
22017.1583,569.7887,193.4002,116.7565,1.4434,0.8272,26825.4957,187.7738,0.7321,0.9558,0.8363,0.7569,0.0085,0.0026,0.7077,0.9657,DERMASON
52254.4083,1061.2794,359.0011,180.8633,2.3915,0.862,58375.163,285.3026,0.6375,0.959,0.7217,0.6809,0.0078,0.0013,0.4331,0.9353,CALI
74590.3488,1123.4772,418.3191,251.5221,1.7121,0.7675,88815.2222,319.1376,0.6959,0.969,0.8459,0.7838,0.0048,0.0013,0.6024,0.9769,BOMBAY
66891.8224,975.6196,417.5083,169.0555,2.4454,0.9204,58432.8071,263.2831,0.7204,0.9582,0.7585,0.6849,0.0074,0.0016,0.4437,0.9538,CALI
48038.5022,1037.7622,374.2704,131.0746,2.784,0.9341,45953.357,249.9901,0.6906,0.9761,0.6315,0.5744,0.0096,0.0011,0.3824,0.9569,HOROZ
28473.2018,616.7578,246.1761,137.1196,1.4683,0.707,27123.0606,158.4465,0.781,0.9586,0.8339,0.8082,0.0085,0.0029,0.667,0.9813,DERMASON
67758.3253,994.171,470.3626,167.2153,2.2001,0.8424,48701.4806,237.8123,0.567,0.953,0.6346,0.6407,0.0083,0.0012,0.4749,0.9631,CALI
62810.7891,1040.4012,398.8997,177.2808,2.4791,0.8579,52089.2609,247.7816,0.667,0.9564,0.6894,0.6633,0.0076,0.0015,0.4813,0.9613,CALI
32898.491,620.5866,253.2578,142.9188,1.6336,0.7503,18143.3431,187.4884,0.7702,0.9539,0.819,0.8239,0.0072,0.0028,0.6507,0.98,DERMASON
66776.107,1059.0713,407.0778,193.4938,2.0035,0.8974,54924.4451,254.1902,0.6594,0.9638,0.6521,0.6934,0.0084,0.0016,0.4858,0.9544,CALI
24700.3683,588.8467,236.7486,164.7243,1.5506,0.6754,30616.1567,203.5006,0.7126,0.9595,0.8809,0.8328,0.0079,0.0024,0.7126,0.9855,SEKER
98969.3214,1136.449,428.4993,264.4829,1.5209,0.8476,95676.3983,322.7481,0.6581,0.9697,0.8607,0.7727,0.0045,0.0012,0.6731,0.9733,BOMBAY
89682.7164,1104.3125,438.4814,243.9945,1.6683,0.799,82259.2899,338.1957,0.7091,0.9685,0.8621,0.7578,0.0045,0.0007,0.6059,0.9811,BOMBAY
15429.9761,633.2086,261.1033,157.8251,1.7385,0.8222,29420.2893,196.1706,0.7822,0.9925,0.8505,0.7758,0.0079,0.0027,0.6611,0.9806,DERMASON
52990.2243,948.4338,360.792,148.8273,2.6743,0.9615,43353.2332,228.7712,0.6268,0.9692,0.6089,0.5811,0.007,0.0013,0.3883,0.9611,HOROZ
22094.4807,537.4294,172.3121,151.8086,1.5282,0.7225,24928.8584,161.8708,0.734,0.9821,0.8877,0.8517,0.0091,0.0022,0.7182,0.9763,DERMASON
25563.6645,650.0252,208.2204,150.4701,1.24,0.7138,23715.5103,195.0979,0.8104,0.9678,0.8735,0.8559,0.0081,0.0021,0.7923,0.9872,SEKER
26592.2314,664.6351,228.9386,138.8403,1.5808,0.7332,25668.0328,195.9454,0.7004,0.9772,0.7959,0.8225,0.0086,0.002,0.6197,0.9775,SIRA
54970.6364,944.3258,392.6319,186.0491,1.7269,0.886,61997.9239,243.3927,0.6499,0.958,0.6272,0.6761,0.0069,0.0015,0.5036,0.9646,CALI
70619.3124,1106.3752,361.6686,186.0027,2.243,0.8571,49329.0184,289.4411,0.6798,0.9567,0.8128,0.671,0.0073,0.0019,0.5711,0.9719,BARBUNYA
60674.0088,1004.1844,354.541,192.8284,1.9605,0.9006,43062.451,253.0219,0.7128,0.9497,0.7323,0.7929,0.0068,0.0016,0.5785,0.9564,BARBUNYA
44699.4858,975.3784,435.1458,157.9558,2.7873,0.8991,50554.4877,217.8635,0.6564,0.9462,0.4953,0.5941,0.0105,0.0009,0.3246,0.9506,HOROZ
88492.5344,1075.3729,368.9139,258.0702,1.6702,0.7781,83326.8799,331.7983,0.7598,0.9715,0.86,0.7829,0.0047,0.0011,0.6192,0.9855,BOMBAY
30475.8954,593.4933,248.8106,159.8345,1.7461,0.8227,35366.7213,216.7067,0.719,0.9793,0.8467,0.7394,0.0086,0.002,0.6888,0.9768,SIRA
26032.0709,621.1188,198.0289,174.1152,1.5099,0.5814,21448.9378,192.507,0.7179,0.9661,0.8752,0.8708,0.0081,0.0027,0.6812,0.9965,SEKER
37293.6991,1030.5764,415.2822,131.6877,2.7417,0.903,42621.1336,246.3608,0.5897,0.9619,0.4947,0.6048,0.008,0.0011,0.3895,0.9437,HOROZ
52269.7271,1068.8361,418.2865,163.1939,1.9805,0.9664,61584.7077,238.6086,0.7434,0.9529,0.7283,0.6671,0.0089,0.001,0.5055,0.9433,CALI
57476.4317,966.5878,387.0995,178.3231,2.11,0.9127,65899.0004,266.536,0.6862,0.9422,0.6713,0.6946,0.0079,0.0014,0.5168,0.9642,CALI
56045.8064,1059.5491,458.3869,152.2468,3.1986,0.9713,51958.4595,251.3699,0.6188,0.9745,0.5652,0.598,0.0101,0.0014,0.3559,0.9499,HOROZ
44192.0183,917.3145,355.3944,230.0754,1.6359,0.8568,57035.3236,250.6799,0.6209,0.9481,0.7772,0.767,0.0077,0.0015,0.4227,0.9758,BARBUNYA
60267.3269,1147.333,436.2536,141.5791,2.2106,0.8705,66460.5075,265.4563,0.6085,0.968,0.6573,0.6931,0.0082,0.0011,0.4088,0.957,CALI
22487.1953,548.4431,227.5991,142.4756,1.4385,0.7319,24788.0296,184.708,0.8257,0.9654,0.9339,0.8401,0.0074,0.0027,0.7313,0.9957,SEKER
39737.3014,1056.2095,450.1217,153.3813,2.6259,0.9735,59774.9001,205.144,0.5956,0.9782,0.5875,0.5975,0.0091,0.001,0.3605,0.9506,HOROZ
48323.6458,942.5946,400.4559,147.315,2.9482,0.934,49380.8876,242.2335,0.6175,0.9719,0.5,0.5998,0.0075,0.0014,0.3436,0.9495,HOROZ
93545.4275,1146.9995,425.9681,272.044,1.6318,0.7889,91132.3775,324.5853,0.8,0.9651,0.8172,0.7804,0.0043,0.0013,0.5586,0.9789,BOMBAY
51848.0131,911.8836,381.2097,183.8212,1.8484,0.9003,61454.6615,253.8101,0.6605,0.9506,0.6371,0.6706,0.0082,0.0015,0.4451,0.9605,CALI
53573.0942,919.7284,365.1319,201.6058,1.7921,0.8508,57527.5951,293.8855,0.7333,0.9587,0.7617,0.7475,0.0065,0.0019,0.5277,0.9853,BARBUNYA
32350.0705,573.9503,212.4628,152.0437,1.4709,0.7121,26801.9845,176.0746,0.7689,0.9772,0.9034,0.8482,0.0079,0.0027,0.7265,0.9913,SEKER
43435.2753,1028.5135,441.0255,186.0901,2.2494,0.9064,53925.4493,272.5895,0.708,0.9526,0.6409,0.6283,0.0076,0.0021,0.3727,0.976,CALI
61758.6583,1039.0266,398.0614,171.3107,2.2339,0.8653,57249.2005,246.0655,0.5998,0.9592,0.6842,0.6362,0.0078,0.0009,0.4125,0.9733,CALI
38378.3751,705.0132,276.614,149.5007,1.5669,0.7064,31541.3211,181.3216,0.7257,0.984,0.8097,0.73,0.0095,0.0022,0.6422,0.9751,SIRA
28416.9558,565.8406,209.7708,147.9824,1.6201,0.8135,26815.7663,178.6032,0.7635,0.9783,0.8105,0.8061,0.0086,0.0025,0.6656,0.9925,DERMASON
33279.1742,554.0713,262.3998,145.6535,1.5751,0.8442,21204.9776,176.1256,0.6584,0.9596,0.7055,0.7705,0.0104,0.0023,0.6066,0.991,SIRA
86267.22,1159.2716,425.7473,275.6478,1.7188,0.7625,91600.9742,347.2226,0.7785,0.9759,0.8786,0.7842,0.0047,0.0014,0.602,0.9768,BOMBAY
52180.456,912.8035,354.89,204.476,2.0249,0.9229,72941.9382,259.8793,0.7017,0.9541,0.7774,0.7267,0.0071,0.0021,0.521,0.9832,BARBUNYA
93829.9074,1143.4453,394.1873,254.5064,1.7383,0.773,84291.7165,343.8976,0.7171,0.9681,0.7986,0.7619,0.0047,0.0015,0.6794,0.9812,BOMBAY
44463.099,1084.6104,427.0252,150.5417,2.7009,0.9381,51611.2571,251.442,0.6597,0.964,0.5285,0.6227,0.0094,0.0011,0.3751,0.9541,HOROZ
68882.8448,982.1528,437.206,186.9877,2.4284,0.9015,51044.4961,269.1135,0.7089,0.9565,0.6218,0.7201,0.0065,0.0021,0.5295,0.9532,CALI
57470.4897,1098.0806,412.3107,162.2545,2.1399,0.8339,47174.151,294.5125,0.7166,0.9615,0.7618,0.7994,0.0072,0.0016,0.4418,0.9614,BARBUNYA
26234.2247,642.9551,236.231,147.0402,1.3157,0.7319,28915.2539,197.9185,0.6665,0.9726,0.8052,0.8557,0.0091,0.002,0.6227,0.9649,SIRA
88030.1555,1041.7297,406.8684,283.3153,1.511,0.7577,105446.1643,332.746,0.7158,0.9677,0.8709,0.8111,0.0051,0.0012,0.6189,0.9798,BOMBAY
21749.3458,733.1742,229.3543,156.7719,1.4743,0.6606,18983.0335,187.0578,0.8766,0.9786,0.8017,0.7633,0.0111,0.0025,0.67,0.9859,SIRA
49521.3039,925.2609,423.4458,238.5308,1.8286,0.8437,55987.7524,262.1312,0.7071,0.9634,0.7424,0.7356,0.0061,0.0016,0.526,0.9769,BARBUNYA
56541.5696,961.5697,292.7556,177.9878,2.0096,0.8678,70748.9547,268.24,0.7744,0.9586,0.8115,0.7213,0.0062,0.0021,0.4632,0.9852,BARBUNYA
19741.5171,625.4767,236.4475,135.3685,1.4706,0.7484,25131.8911,184.7225,0.7937,0.9784,0.7982,0.7822,0.0086,0.0033,0.6796,0.9787,DERMASON
50153.4643,952.7192,409.7773,152.9592,2.7277,0.9515,45253.7448,233.9754,0.5954,0.9844,0.6191,0.5645,0.0087,0.001,0.3804,0.9543,HOROZ
66186.7422,1095.805,391.5684,181.5775,2.279,0.8867,54250.7563,251.6944,0.6263,0.9602,0.7116,0.7052,0.007,0.0014,0.4552,0.9585,CALI
55352.7794,1055.9401,425.2058,173.5689,2.0465,0.905,53394.3074,276.5303,0.5954,0.9646,0.7066,0.6208,0.0078,0.0014,0.4626,0.9474,CALI
54244.5658,1076.4863,406.0295,151.7697,2.9738,0.9339,52427.2485,233.5122,0.6998,0.9731,0.5701,0.6309,0.0091,0.0013,0.3706,0.9409,HOROZ
20018.7805,569.0034,269.8192,158.7504,1.3976,0.8143,22102.2368,169.7032,0.7587,0.9646,0.7267,0.8793,0.0079,0.0026,0.6775,0.9684,DERMASON
84741.6186,1060.282,429.2686,268.8528,1.659,0.7725,87382.5024,344.6145,0.6859,0.9713,0.8533,0.7884,0.0049,0.0011,0.6518,0.9739,BOMBAY
25788.8779,637.1657,272.9511,171.9825,1.2891,0.6032,26669.9104,202.4358,0.7963,0.9647,0.9101,0.8913,0.0098,0.0023,0.7419,0.9836,SEKER
28547.135,549.6199,245.0407,151.9267,1.5968,0.7164,35272.8716,194.0557,0.7192,0.9837,0.8093,0.8192,0.0078,0.0019,0.5656,0.9685,SIRA
55295.4815,1023.9917,384.3022,150.4499,2.2207,0.9036,62637.3955,262.7195,0.5862,0.9541,0.6132,0.6194,0.0085,0.0013,0.5233,0.9431,CALI
61466.9474,1067.6309,412.6825,196.8056,2.0604,0.9203,60261.192,247.9311,0.675,0.9718,0.682,0.6735,0.0073,0.0021,0.4856,0.9434,CALI
70400.2376,1187.7002,461.847,279.5258,1.6225,0.7718,79639.1123,357.5825,0.7308,0.9641,0.9006,0.7628,0.0047,0.0011,0.5628,0.9835,BOMBAY
77730.7871,1084.0976,395.9356,211.0629,2.1538,0.8318,54197.2085,264.5422,0.6333,0.9514,0.7388,0.7817,0.0069,0.0017,0.5182,0.9621,BARBUNYA
28604.7348,671.2128,273.5545,149.5198,1.4804,0.7895,27546.261,171.5208,0.7095,0.9829,0.841,0.7597,0.0086,0.0021,0.6997,0.9818,SIRA
18905.8332,597.7547,212.1608,147.561,1.6208,0.707,21532.5988,187.9891,0.6578,0.9644,0.8296,0.6778,0.0066,0.0026,0.6312,0.9933,SIRA
40176.0236,1002.2894,388.1354,135.564,3.191,0.9207,47571.6849,259.5262,0.6433,0.97,0.6214,0.5922,0.0101,0.0012,0.3811,0.9512,HOROZ
22102.2418,647.3234,216.5647,141.7109,1.6744,0.8073,23814.8189,185.2034,0.5883,0.9769,0.7452,0.805,0.0081,0.0031,0.6696,0.9777,SIRA
46070.4709,996.3111,365.0282,144.9937,2.7527,0.9492,41288.5281,225.2909,0.6946,0.9751,0.5456,0.6337,0.0071,0.0019,0.317,0.9455,HOROZ
56570.5366,960.416,412.6972,186.428,2.3047,0.9288,55044.5644,261.9086,0.6539,0.9627,0.6835,0.7182,0.0067,0.0018,0.4319,0.9714,CALI
27997.4694,576.7482,252.5521,157.2126,1.402,0.7709,24015.0184,175.6607,0.7562,0.9563,0.881,0.8642,0.0085,0.003,0.7633,0.9917,SEKER
81499.7791,1179.2958,429.0584,256.5382,1.5928,0.8051,98891.4544,328.6107,0.7284,0.9671,0.8068,0.7701,0.0049,0.0012,0.6285,0.9813,BOMBAY
55234.5492,946.5659,362.4272,180.89,2.0888,0.819,56482.745,244.3679,0.6561,0.9371,0.7947,0.7376,0.0056,0.0019,0.5255,0.962,BARBUNYA
24877.088,677.1465,309.687,144.8934,1.7005,0.7348,25879.9052,202.2474,0.714,0.984,0.7193,0.8659,0.0079,0.0016,0.6789,0.9833,SIRA
31844.669,707.2635,257.6139,145.3015,1.4922,0.7629,29538.5782,202.1523,0.7497,0.9577,0.8119,0.821,0.008,0.0027,0.525,0.9798,SIRA
90640.0968,1130.0933,445.5866,276.2839,1.5746,0.8391,75508.0383,321.5821,0.7418,0.9711,0.8123,0.7981,0.005,0.0013,0.626,0.9822,BOMBAY
42323.4663,1075.3229,421.2123,149.475,2.819,0.9533,56791.0715,222.7311,0.5872,0.9747,0.625,0.5925,0.0091,0.0015,0.3709,0.9578,HOROZ
82403.7154,1141.9685,463.0139,245.4981,1.6215,0.8265,84748.0306,314.6829,0.6992,0.9689,0.8856,0.7853,0.0045,0.0014,0.5406,0.9817,BOMBAY
59235.2962,1040.817,404.4183,180.3144,2.4966,0.9199,55416.8629,272.419,0.6581,0.9635,0.6861,0.681,0.0079,0.0017,0.4247,0.9642,CALI
55768.5833,974.381,391.6151,171.3884,1.8114,0.8433,74394.9349,279.683,0.6635,0.9527,0.7939,0.759,0.0059,0.0018,0.6414,0.9761,BARBUNYA
46210.6973,1109.4335,353.2021,194.6585,1.9531,0.7805,56134.1257,268.7607,0.685,0.965,0.7123,0.7425,0.0075,0.0015,0.5492,0.9791,BARBUNYA
71059.9554,880.0712,335.133,188.7079,1.9056,0.8396,58217.9184,248.3184,0.6414,0.9632,0.6698,0.7636,0.0064,0.0021,0.5753,0.9748,BARBUNYA
28236.4168,634.6881,220.1502,141.5383,1.3791,0.7443,27439.2049,191.382,0.7555,0.9613,0.8528,0.8184,0.0069,0.0027,0.7086,0.9853,SEKER
31263.4135,645.7238,277.7698,143.5308,1.6264,0.76,34849.0184,175.8762,0.6864,0.9369,0.831,0.7857,0.0093,0.0031,0.5456,0.9817,SIRA
103901.8977,1129.3414,412.5752,264.9861,1.6132,0.7918,89758.5029,317.963,0.6598,0.9586,0.8743,0.7786,0.0051,0.0013,0.619,0.9778,BOMBAY
37630.5815,813.525,417.0141,145.7794,2.4737,0.9592,58195.9609,201.2793,0.6249,0.9755,0.6551,0.585,0.0103,0.001,0.3889,0.9345,HOROZ
21602.1461,577.8018,213.5477,163.1712,1.5219,0.7595,28138.9555,172.3474,0.7532,0.9765,0.8557,0.8071,0.0093,0.0029,0.6332,0.9812,DERMASON
17065.1457,610.477,203.8416,166.1111,1.4102,0.5704,21852.9206,174.3671,0.8174,0.9863,0.8973,0.8927,0.0075,0.0029,0.7263,0.9846,SEKER
24000.58,562.1566,210.499,135.0043,1.5991,0.7723,18218.6291,189.1626,0.7166,0.9803,0.8317,0.7646,0.0092,0.0038,0.7202,0.9806,DERMASON
28800.7151,610.6393,213.9965,152.0863,1.3623,0.6562,29946.4266,177.7321,0.7529,0.9637,0.81,0.8968,0.0088,0.003,0.6935,0.9973,SEKER
32032.7074,706.1462,185.7111,143.3379,1.5883,0.866,24413.6757,175.1591,0.7726,0.9664,0.7551,0.78,0.0078,0.0025,0.5861,0.9808,SIRA
52007.7159,917.2844,431.5264,148.6263,2.8688,0.926,45083.3209,234.0973,0.657,0.9661,0.6113,0.5968,0.0073,0.0009,0.3448,0.9558,HOROZ
35999.1417,724.759,236.2254,160.1102,1.7105,0.7587,24009.8146,196.7696,0.6964,0.965,0.7969,0.7439,0.0099,0.0017,0.6769,0.9957,SIRA
53780.7077,978.0595,386.6601,198.9695,2.343,0.939,69569.0494,237.8486,0.595,0.9363,0.613,0.6837,0.0074,0.0015,0.475,0.9701,CALI
58373.7103,1108.6243,402.1124,162.3393,2.0961,0.8652,47216.4841,261.9276,0.6153,0.9639,0.615,0.7281,0.0068,0.0015,0.4275,0.973,CALI
51951.2016,950.18,403.2204,198.2589,2.4532,0.8938,61131.0996,259.3355,0.6401,0.9547,0.6149,0.674,0.0085,0.0021,0.3782,0.9815,CALI
88575.0971,1101.5309,447.7525,269.3049,1.667,0.7966,76737.8702,329.0913,0.7086,0.9761,0.8646,0.7999,0.0043,0.0014,0.5668,0.9757,BOMBAY
19554.8439,671.7624,245.8225,128.3651,1.6342,0.7358,36028.8107,181.133,0.7864,0.9742,0.7091,0.826,0.0087,0.0016,0.5782,0.9854,SIRA
27930.1485,592.6636,197.4283,157.8659,1.3167,0.6663,32106.8109,179.7032,0.7645,0.9653,0.8092,0.8553,0.0093,0.0032,0.8627,0.9885,SEKER
23424.3302,610.4394,256.9995,165.3247,1.5625,0.6808,22422.9679,185.9859,0.7567,0.963,0.8087,0.8309,0.0079,0.0028,0.7026,0.9977,DERMASON
50325.3997,908.1638,358.911,189.437,2.5902,0.8511,53020.5439,304.9745,0.6884,0.9761,0.7332,0.6626,0.0067,0.0009,0.4334,0.9536,CALI
37317.0449,1037.0046,417.96,157.3995,2.6396,0.926,42214.8347,224.0125,0.5905,0.9899,0.5874,0.5726,0.0087,0.0017,0.3915,0.942,HOROZ
51528.5748,996.8019,382.663,138.0434,2.7071,0.9621,46174.3894,249.8906,0.6956,0.9725,0.6322,0.5707,0.0087,0.0015,0.4216,0.9556,HOROZ
42826.3804,1023.6863,368.9072,155.6529,2.9898,0.9117,43819.9967,243.8495,0.733,0.9902,0.6501,0.5778,0.0103,0.0013,0.3341,0.9365,HOROZ
69535.3201,1117.8586,338.4197,184.4472,1.8191,0.8711,59280.0996,263.6263,0.7294,0.9621,0.7462,0.7327,0.0063,0.0021,0.5489,0.9697,BARBUNYA
27748.0018,692.8452,217.8028,132.379,1.4608,0.6522,28774.9384,185.5127,0.7075,0.9748,0.8045,0.7687,0.0078,0.0026,0.7125,0.9651,SIRA
45784.8033,1021.7448,448.9956,147.4431,2.707,0.915,48466.265,246.4964,0.5476,0.958,0.4888,0.5889,0.0098,0.0012,0.4617,0.9506,HOROZ
44423.9157,951.5874,428.9011,148.5332,2.4697,0.9145,34478.0786,245.3571,0.6308,0.9613,0.5754,0.6322,0.0088,0.0016,0.3168,0.9542,HOROZ
23519.1789,651.3806,216.1332,171.376,1.3994,0.7191,33132.4011,190.2019,0.7616,0.9663,0.8422,0.8811,0.0096,0.0026,0.6295,0.9868,SEKER
21183.6203,572.3396,203.8196,136.3214,1.3531,0.6445,22473.7619,180.2731,0.7695,0.9616,0.9505,0.8715,0.0094,0.0026,0.7647,0.9938,SEKER
28776.5244,655.2152,226.8139,139.2807,1.4402,0.7383,23483.735,182.9887,0.7527,0.969,0.8335,0.838,0.0083,0.0029,0.6168,0.9831,DERMASON
21690.4011,735.2598,229.6698,137.2276,1.3241,0.6615,24487.4472,174.6378,0.725,0.9644,0.8094,0.8415,0.0082,0.0025,0.6251,0.9755,SIRA
49468.4553,1047.8543,354.7576,197.0545,2.0045,0.8573,56397.4727,272.3841,0.767,0.9682,0.7525,0.7591,0.0067,0.0022,0.5292,0.9762,BARBUNYA
27935.9902,690.9833,195.844,178.8491,1.3706,0.6417,36566.1602,184.0153,0.8248,0.9782,0.8028,0.8536,0.0078,0.0022,0.6314,0.9905,SEKER
52833.8938,900.0347,399.4037,184.0084,2.2609,0.8928,55021.6194,268.0316,0.7321,0.9578,0.6534,0.6732,0.0074,0.0014,0.4311,0.9582,CALI
42208.2802,983.0208,394.4554,193.6685,2.42,0.883,48138.2449,245.9372,0.7271,0.9585,0.6724,0.6691,0.0095,0.0021,0.4361,0.9513,CALI
47031.5915,1050.1047,419.5909,130.5267,2.6353,0.9343,54124.5364,263.0156,0.7278,0.9681,0.5322,0.5854,0.0103,0.0017,0.4089,0.9474,HOROZ
65193.1417,987.8704,395.8422,223.7581,1.6114,0.8453,50299.9143,261.112,0.6745,0.9702,0.729,0.8269,0.0062,0.0015,0.5066,0.9636,BARBUNYA
23018.2724,601.9901,209.438,169.6037,1.4501,0.6811,28238.8719,202.9919,0.6995,0.9775,0.9132,0.8864,0.0091,0.0024,0.693,0.9933,SEKER
52154.352,1035.6385,477.7697,140.2201,2.8148,0.9606,49946.0339,249.1464,0.6645,0.9761,0.6245,0.6558,0.0088,0.0013,0.3044,0.9478,HOROZ
24486.7369,636.1917,203.7942,133.9069,1.3385,0.6455,31854.1208,191.3535,0.768,0.9645,0.8923,0.8948,0.0073,0.0024,0.7775,0.9924,SEKER
52070.9786,935.3335,428.5889,187.0487,2.3836,0.8795,57688.49,284.9494,0.7175,0.9762,0.5329,0.6523,0.0075,0.0015,0.4631,0.9436,CALI
55021.4976,1057.2335,439.8191,136.1712,2.743,0.9127,56747.4889,221.5823,0.7816,0.9661,0.6509,0.5956,0.0081,0.0011,0.3719,0.9465,HOROZ
41540.7202,1080.6613,389.1568,169.1737,2.9778,0.9311,49752.6753,250.3105,0.5606,0.948,0.5738,0.6582,0.0078,0.0011,0.4152,0.9603,HOROZ
49043.8539,967.2023,392.7946,140.6758,2.5739,0.9148,37700.9089,228.4605,0.6553,0.9701,0.6221,0.6343,0.0107,0.0012,0.4071,0.9471,HOROZ
27839.6457,574.9382,195.9808,156.8977,1.4733,0.6998,29288.2741,162.4798,0.7115,0.9812,0.8686,0.8106,0.0092,0.0028,0.8676,0.9963,SEKER
58665.4246,948.7186,394.5256,190.1964,1.8651,0.805,56313.1116,278.9874,0.7091,0.9489,0.8122,0.7374,0.0069,0.0019,0.5226,0.9787,BARBUNYA
54335.7421,961.6717,389.2113,188.2396,2.0685,0.7702,64597.3078,280.8525,0.7592,0.9396,0.7069,0.7832,0.006,0.0018,0.6145,0.9593,BARBUNYA
27789.9891,636.5925,251.6087,151.2644,1.5023,0.6623,31807.1027,212.4164,0.7381,0.9484,0.8765,0.8292,0.0078,0.0026,0.6933,0.9972,SEKER
43180.116,1082.6927,434.4155,153.7241,2.8233,0.9031,49612.5878,268.8952,0.6699,0.9615,0.5905,0.5608,0.0073,0.0015,0.3538,0.9681,HOROZ
23305.0618,768.729,237.0415,152.203,1.5331,0.6925,25735.593,173.3162,0.7427,0.97,0.8531,0.7612,0.0085,0.002,0.5403,0.9699,SIRA
24451.8073,632.2688,207.7672,159.2759,1.3765,0.6719,23146.2547,192.3534,0.8266,0.9724,0.8993,0.8751,0.0092,0.0028,0.7306,0.9943,SEKER
42416.7928,946.3456,335.9242,147.5906,3.1879,0.8917,37556.9916,233.5538,0.6712,0.9707,0.5101,0.649,0.0077,0.0011,0.4021,0.9553,HOROZ
24799.6094,691.2833,203.4202,151.0308,1.3172,0.6273,24368.0659,163.333,0.7288,0.9539,0.8101,0.8032,0.0078,0.0024,0.6587,0.9924,SEKER
22988.2574,652.1896,214.7949,152.5516,1.6686,0.6932,22411.2056,198.4073,0.6839,0.9648,0.8199,0.8073,0.0095,0.0026,0.574,0.988,DERMASON
37265.7244,1071.4221,386.5802,162.3524,2.5567,0.8905,44328.84,283.2974,0.7262,0.9722,0.5504,0.6394,0.0078,0.0012,0.3686,0.958,HOROZ
22090.9401,606.5311,188.2078,165.6589,1.372,0.777,27906.6738,177.1617,0.792,0.9649,0.8164,0.8591,0.0081,0.0028,0.7388,0.9874,SEKER
29644.1282,643.5178,198.1002,164.2186,1.3743,0.6058,28866.5059,181.4122,0.7402,0.9752,0.8895,0.8327,0.0087,0.0031,0.6844,0.9919,SEKER
52921.0255,1050.5148,433.1805,192.8972,2.0571,0.8835,45278.9202,226.0965,0.5781,0.9613,0.7208,0.6509,0.0068,0.0016,0.387,0.9808,CALI
56104.5286,889.3699,362.3554,179.5431,2.3449,0.8753,44279.2331,258.739,0.6362,0.9633,0.7093,0.6479,0.0085,0.0013,0.4742,0.9644,CALI
55182.4248,961.3961,360.6206,173.3971,2.0576,0.8736,71590.7269,249.1177,0.6211,0.9552,0.7129,0.7356,0.0067,0.002,0.4341,0.9656,BARBUNYA
96446.2692,1054.8375,425.6167,248.0672,1.6055,0.8432,66165.7559,322.8717,0.6536,0.9756,0.9177,0.7844,0.0053,0.0007,0.6174,0.9827,BOMBAY
30180.1532,647.0313,231.2948,160.185,1.503,0.603,25909.8943,182.6155,0.8514,0.9803,0.9115,0.8272,0.0105,0.0029,0.6697,1.0,SEKER
55953.7161,1013.6012,402.6699,164.0714,2.0448,0.8808,66941.2856,275.441,0.6584,0.9596,0.6293,0.735,0.0079,0.0014,0.5031,0.9484,CALI
46003.2261,930.5623,423.7795,192.6891,2.2279,0.8995,50690.6341,269.1498,0.7471,0.9632,0.6792,0.6496,0.0069,0.0016,0.4323,0.9708,CALI
86260.44,1145.4484,434.0778,261.5065,1.6173,0.8024,83548.1489,336.8331,0.653,0.9715,0.8419,0.7656,0.0051,0.0015,0.5613,0.9785,BOMBAY
28180.0423,558.1172,226.1826,168.6515,1.3778,0.6894,24119.1136,159.2491,0.7909,0.9691,0.8872,0.843,0.008,0.0028,0.7168,0.9943,SEKER
48514.7376,867.0919,385.1763,180.9254,1.9981,0.8765,55824.1947,281.1436,0.7141,0.97,0.7079,0.7565,0.0075,0.0017,0.5735,0.9642,BARBUNYA
29498.4127,610.6614,232.4661,143.6303,1.5652,0.7984,29988.4954,177.2273,0.7646,0.9837,0.8688,0.8168,0.0095,0.0023,0.6815,0.9683,SIRA
37115.3723,1124.4603,415.756,144.8585,2.8366,0.9343,56037.9965,238.3968,0.5983,0.9739,0.6088,0.6269,0.0098,0.0013,0.3581,0.9468,HOROZ
86651.245,1243.7755,392.9815,270.6446,1.7735,0.8299,82403.9735,316.2812,0.7066,0.9735,0.9015,0.8017,0.0044,0.0011,0.6186,0.9793,BOMBAY
65111.7345,1029.5819,409.1337,187.3798,1.6258,0.815,50189.5375,262.2036,0.6789,0.9537,0.8169,0.7691,0.0072,0.0016,0.542,0.9858,BARBUNYA
46731.8849,1113.3195,440.126,148.4404,2.4136,0.9213,55432.8151,247.7501,0.5439,0.9543,0.6889,0.6821,0.0057,0.0013,0.5384,0.9715,CALI
28962.9303,621.2023,227.6133,135.0655,1.4712,0.7256,27846.8344,182.7783,0.6947,0.9783,0.9115,0.8019,0.0085,0.0032,0.6978,0.9705,DERMASON
25197.6326,675.5897,243.9205,174.8301,1.5062,0.6932,29311.089,173.1328,0.6626,0.9741,0.8391,0.844,0.0058,0.0031,0.7099,0.987,SEKER
23816.2964,630.9532,266.597,172.8892,1.7906,0.6933,23098.4944,172.8115,0.6882,0.967,0.7691,0.7928,0.0081,0.0028,0.5413,0.9713,SIRA
83286.3006,1033.8098,449.8912,235.0659,1.7992,0.8165,82300.9834,347.9865,0.7133,0.9687,0.877,0.7818,0.005,0.0012,0.6279,0.9831,BOMBAY
20761.3887,695.61,260.624,157.7507,1.5313,0.7672,25976.8316,178.322,0.8447,0.9703,0.7149,0.7999,0.0105,0.0025,0.6279,0.9708,SIRA
28912.1476,572.4897,224.6802,157.6919,1.361,0.6571,31535.1538,161.3383,0.7808,0.9671,0.8403,0.8512,0.0086,0.0027,0.7323,0.9971,SEKER
81546.7217,1118.7416,392.76,261.6694,1.7173,0.8354,87197.0376,351.9369,0.7577,0.9713,0.891,0.7854,0.0053,0.0013,0.6333,0.9801,BOMBAY
27992.4521,580.0934,247.8064,161.3513,1.4159,0.7108,28315.7587,191.7233,0.7779,0.9682,0.848,0.8347,0.008,0.0031,0.7032,0.9894,SEKER
49534.7603,1046.1223,400.6516,196.9927,2.2875,0.8645,53702.7341,276.4688,0.648,0.9563,0.7243,0.6439,0.0075,0.0016,0.424,0.9487,CALI
80648.0435,1059.5559,452.7943,254.0642,1.6044,0.8393,94092.7194,330.9575,0.7258,0.968,0.8419,0.7603,0.005,0.0013,0.6019,0.9958,BOMBAY
22086.8885,658.636,236.0232,140.9874,1.4962,0.7151,22183.9564,171.0597,0.8026,0.9627,0.8401,0.812,0.0071,0.0029,0.6146,0.9897,DERMASON
57330.5482,934.8576,368.1445,202.0178,1.7802,0.8794,64081.5087,225.9147,0.6443,0.9563,0.7109,0.7108,0.0071,0.0019,0.4531,0.957,BARBUNYA
52733.3485,824.0582,350.0884,208.1712,1.8737,0.8413,60908.3279,233.1946,0.7337,0.9558,0.7616,0.7575,0.0045,0.0022,0.5296,0.9756,BARBUNYA
24719.6413,651.0423,246.3001,152.6795,1.7412,0.7936,23230.8294,172.1463,0.6943,0.9906,0.79,0.8261,0.01,0.0028,0.617,0.9789,SIRA
22404.5027,641.4577,197.0309,177.6824,1.48,0.7751,26242.6995,147.6384,0.7717,0.967,0.7382,0.7513,0.0087,0.0032,0.661,0.9958,DERMASON
62653.9007,848.852,358.2426,207.294,1.8861,0.7786,68594.8632,268.1804,0.7399,0.9558,0.7618,0.7479,0.0062,0.0025,0.5337,0.9734,BARBUNYA
27314.0946,606.5333,186.4449,167.6871,1.3998,0.8205,22871.405,208.3503,0.8135,0.9624,0.6569,0.8675,0.0095,0.0027,0.6878,0.9788,SIRA
41643.9317,1068.2602,427.0438,145.762,2.7516,0.9387,32756.8357,232.5566,0.6849,0.9435,0.5916,0.5751,0.0085,0.0015,0.3716,0.9428,HOROZ
63822.643,951.5605,368.7333,189.8504,2.0425,0.951,56557.9696,272.9421,0.7143,0.9609,0.7517,0.7655,0.0054,0.0015,0.5642,0.9707,BARBUNYA
28083.8774,616.1824,221.7594,146.0685,1.6282,0.6693,31780.9382,196.1351,0.7465,0.9921,0.7338,0.8447,0.0084,0.0028,0.7493,0.9899,DERMASON
18463.0357,642.2636,231.299,159.7133,1.6995,0.7627,36377.2525,170.3539,0.6904,0.9674,0.8049,0.7726,0.0089,0.0022,0.6865,0.965,SIRA
50881.5273,949.299,372.4957,188.6371,1.8087,0.8736,63331.1148,281.2892,0.6432,0.9559,0.8365,0.7421,0.0066,0.0013,0.5001,0.9676,BARBUNYA
104143.4353,1053.1771,438.8893,251.3233,1.6086,0.8041,99247.9173,309.6702,0.7894,0.9724,0.8449,0.7904,0.0048,0.0012,0.6254,0.9793,BOMBAY
33626.1433,686.7957,246.6658,152.89,1.4598,0.7486,28129.6812,171.1182,0.7108,0.9507,0.7379,0.7913,0.0085,0.0024,0.6761,0.9842,SIRA
27983.1553,578.2351,178.8301,152.6669,1.2268,0.6963,25535.8095,182.7835,0.8219,0.9609,0.7841,0.8491,0.0088,0.0021,0.7016,0.9883,SEKER
55085.1545,1156.2157,389.2399,160.2749,2.1928,0.9064,56155.3883,241.1335,0.5899,0.957,0.569,0.6659,0.0079,0.0016,0.41,0.9509,CALI
83422.2531,1181.6044,413.3643,268.8615,1.7019,0.7988,84563.3716,324.0732,0.6935,0.9738,0.8652,0.7922,0.0051,0.0011,0.5839,0.9789,BOMBAY
22364.8734,690.7614,252.143,162.728,1.618,0.8422,29288.5552,205.3304,0.7063,0.9825,0.8069,0.8563,0.0101,0.0026,0.7154,1.0,SIRA
29755.5751,676.0007,268.8114,154.6131,1.5614,0.767,29611.3274,189.1494,0.7116,0.9748,0.7764,0.793,0.0099,0.0022,0.7625,0.9719,SIRA
31420.6884,650.1271,217.5414,154.3451,1.7134,0.7848,33094.0585,188.6033,0.7074,0.9701,0.8386,0.8238,0.0079,0.0016,0.6701,0.9704,SIRA
65144.1022,918.6473,338.8681,180.9579,1.8144,0.8373,56944.016,279.2085,0.706,0.9593,0.8064,0.6676,0.0065,0.0014,0.5752,0.9787,BARBUNYA
24651.921,718.114,224.038,145.792,1.7135,0.7376,32842.379,199.598,0.7559,0.9666,0.8446,0.8311,0.0089,0.0032,0.7868,0.9895,SIRA
76233.8829,1136.3756,437.1048,256.1076,1.6687,0.8296,98221.6043,347.3749,0.6677,0.9695,0.8732,0.7756,0.0046,0.0013,0.6449,0.9818,BOMBAY
28237.5102,670.2883,203.4936,151.3215,1.747,0.6888,26832.8277,189.6225,0.7413,0.9558,0.8123,0.7871,0.0075,0.0023,0.6058,0.9813,DERMASON
91313.7792,1207.4369,466.0534,267.8947,1.6728,0.8054,88838.2041,331.9733,0.7677,0.9684,0.9122,0.7338,0.0047,0.0016,0.6039,0.9823,BOMBAY
61641.5878,989.8755,373.9729,204.949,2.6335,0.865,51915.6033,288.9886,0.7538,0.9754,0.6163,0.6924,0.0067,0.0013,0.4762,0.9584,CALI
89092.5466,1204.4676,452.284,275.1876,1.4176,0.7859,86906.088,340.3068,0.7148,0.962,0.8915,0.7888,0.0048,0.001,0.6156,0.9796,BOMBAY
54842.0888,898.2202,422.5337,123.9876,2.6628,0.9454,43044.9188,207.5455,0.6861,0.9839,0.5016,0.5622,0.009,0.0017,0.3805,0.9326,HOROZ
25790.4975,701.8309,255.8922,170.3181,1.2442,0.7149,26532.3057,186.5753,0.8207,0.962,0.8351,0.822,0.0091,0.0024,0.5427,0.9885,SIRA
26885.7707,679.0107,217.7325,157.464,1.3478,0.6839,27977.438,201.4051,0.8316,0.9709,0.9188,0.7685,0.0078,0.0028,0.7644,0.9921,SEKER
55960.3488,918.0591,423.6606,205.9102,1.7067,0.796,54693.6066,239.7573,0.6861,0.971,0.7439,0.7122,0.005,0.0014,0.5551,0.9687,BARBUNYA
50597.2843,1093.1571,412.9769,162.3309,2.385,0.9164,49037.5975,244.6701,0.6854,0.9672,0.6134,0.6488,0.0073,0.0019,0.4742,0.9718,CALI
90085.9827,1085.8608,431.6627,272.834,1.6092,0.7985,82546.5183,334.981,0.7379,0.9641,0.841,0.7907,0.0048,0.0012,0.5753,0.9698,BOMBAY
98939.6586,1183.8075,408.3173,261.4117,1.6331,0.7654,82322.672,322.2269,0.6809,0.9729,0.8046,0.798,0.0053,0.0013,0.6334,0.984,BOMBAY
49122.8359,945.7395,401.2239,146.8875,2.4865,0.9279,52724.7544,235.4652,0.7023,0.9613,0.6334,0.5635,0.0096,0.0007,0.4163,0.952,HOROZ
42154.5972,1075.3817,408.4054,140.1846,2.703,0.9564,46763.6099,260.3745,0.6912,0.9744,0.5133,0.5745,0.0088,0.0015,0.3694,0.9588,HOROZ
34781.7861,677.8638,223.2347,158.4452,1.6486,0.7466,33590.3331,169.2207,0.7649,0.9911,0.8559,0.8181,0.0105,0.0023,0.5576,0.9451,SIRA
24094.6675,609.6696,187.895,143.6907,1.4177,0.6587,24140.8781,179.5585,0.7821,0.9674,0.8769,0.8527,0.008,0.0027,0.6756,0.9875,SEKER
50814.0753,921.2065,403.0387,155.3229,2.5891,0.9615,45613.5069,232.5926,0.7117,0.98,0.5854,0.5929,0.0101,0.0012,0.4028,0.9355,HOROZ
22144.3333,684.1875,225.3554,160.3528,1.6377,0.7574,23242.1622,172.1613,0.7091,0.9703,0.7858,0.8134,0.0071,0.0034,0.7124,0.969,DERMASON
27976.3221,649.1035,217.83,142.4269,1.3801,0.705,24826.3431,163.313,0.8141,0.9658,0.8536,0.8505,0.0093,0.0028,0.7033,0.9934,SEKER
25156.6081,615.4867,253.0987,148.9353,1.2952,0.6864,29243.0477,178.1405,0.713,0.9623,0.8974,0.8714,0.0066,0.0022,0.6707,0.9899,SEKER
83224.7519,1038.5527,408.5269,265.3272,1.485,0.8285,100170.1516,343.1912,0.666,0.9696,0.8413,0.7743,0.0049,0.0016,0.5981,0.9733,BOMBAY
48294.384,984.6634,400.8964,131.3827,3.175,0.936,47610.0282,285.4627,0.6459,0.9795,0.6274,0.6161,0.009,0.0016,0.3746,0.9409,HOROZ
59130.0022,1039.6394,392.3143,176.486,2.2283,0.9677,57875.4799,250.2595,0.727,0.9442,0.6789,0.6709,0.0074,0.0016,0.4262,0.9587,CALI
57313.0488,957.9532,374.9087,215.6424,1.8541,0.8684,55226.8531,251.1757,0.6186,0.9639,0.7682,0.6881,0.0056,0.0023,0.5732,0.9657,BARBUNYA
42010.0629,988.2434,370.9358,155.0912,2.8264,0.9029,48707.425,229.2391,0.7163,0.9671,0.5854,0.5686,0.0076,0.0009,0.4203,0.9581,HOROZ
24382.1008,681.7347,247.0508,159.2546,1.3799,0.6632,29559.1875,189.5275,0.7308,0.9766,0.9193,0.8214,0.0081,0.0029,0.7561,0.9879,SEKER
86360.9584,1078.1308,431.5409,241.3303,1.6732,0.7625,84254.5686,308.4769,0.7411,0.9741,0.8638,0.7847,0.0052,0.0016,0.5989,0.981,BOMBAY
59941.8203,992.031,364.3133,190.4052,1.8585,0.8235,76947.2794,293.7978,0.7785,0.9604,0.7617,0.7527,0.0072,0.0019,0.4829,0.9679,BARBUNYA
44071.7462,1021.0383,405.5448,176.736,2.1188,0.8752,49111.3211,266.1499,0.6819,0.965,0.598,0.6732,0.0073,0.0014,0.5098,0.9741,CALI
35997.1356,976.2134,430.2451,129.5038,2.9914,0.9165,40054.389,232.8897,0.559,0.976,0.5225,0.6029,0.0098,0.0014,0.3597,0.9509,HOROZ
57213.8089,1076.8595,419.929,185.7848,2.2883,0.8828,56428.987,281.6259,0.6868,0.9716,0.6469,0.7063,0.006,0.0016,0.4036,0.9585,CALI
57505.3039,1152.4461,414.1761,169.2415,2.1833,0.8936,50912.5536,232.5879,0.68,0.9516,0.5941,0.6844,0.007,0.001,0.4403,0.9622,CALI
86204.4849,1141.4594,440.4317,263.9472,1.5359,0.7877,83314.7217,334.2364,0.7379,0.9729,0.896,0.7524,0.0048,0.0015,0.567,0.984,BOMBAY
101775.4802,1051.2849,437.5633,254.1736,1.602,0.8136,89285.0559,328.3475,0.6942,0.9686,0.8627,0.7658,0.0053,0.0012,0.6468,0.9807,BOMBAY
29426.5165,650.4805,238.2157,161.2969,1.6242,0.692,28734.9835,167.5785,0.7392,0.9809,0.7709,0.8103,0.0103,0.0028,0.5756,0.9785,SIRA
25198.4915,595.4321,206.9436,137.7284,1.585,0.7627,29384.1861,184.8812,0.7489,0.9676,0.8309,0.7811,0.0083,0.0031,0.7258,0.9749,DERMASON
20714.2669,597.7923,224.6556,134.9182,1.677,0.7334,25783.5213,185.9906,0.7705,0.9657,0.8845,0.7897,0.0098,0.0031,0.6182,0.9773,DERMASON
27378.7464,699.0026,265.3679,151.2866,1.5799,0.7576,30915.9657,171.1524,0.6217,0.9957,0.934,0.7926,0.0111,0.0027,0.6658,0.9595,SIRA
24867.516,596.6869,198.9387,155.0141,1.4523,0.7872,22326.7172,162.3385,0.7536,0.9792,0.8312,0.7052,0.0091,0.0025,0.6539,0.9677,DERMASON
59783.9564,951.4161,444.9758,147.1524,2.4308,0.9392,50447.1664,238.9961,0.5778,0.9812,0.504,0.6266,0.0098,0.0012,0.4066,0.9559,HOROZ
26931.5221,631.3744,208.6622,148.9733,1.7299,0.7644,23101.5409,201.0823,0.7595,0.9615,0.8899,0.8061,0.009,0.0027,0.5807,0.9724,DERMASON
58330.9544,1034.0418,384.0487,213.4958,1.7998,0.8763,55656.1503,268.8932,0.7188,0.9467,0.7473,0.751,0.0067,0.002,0.4106,0.9534,BARBUNYA
57643.1237,1057.5094,429.8444,161.5575,2.8632,0.9267,51666.0656,243.4951,0.6758,0.9643,0.5903,0.6144,0.0076,0.0001,0.3827,0.9433,HOROZ
27393.0662,803.9957,268.2919,146.5454,1.6983,0.8159,34130.9783,185.9355,0.7849,0.962,0.8144,0.8053,0.0084,0.0027,0.6526,0.9734,SIRA
49580.8263,908.5771,377.9475,176.8412,1.7249,0.9235,40138.1737,285.8695,0.702,0.9516,0.8,0.6906,0.0068,0.0017,0.545,0.9691,BARBUNYA
46002.4096,1000.7418,373.4806,159.7192,2.1637,0.8989,59094.1549,234.6931,0.5492,0.9616,0.5955,0.7028,0.0078,0.0015,0.4905,0.9675,CALI
63646.4956,1011.1232,369.2568,193.088,1.8902,0.8187,51428.1014,256.7799,0.6063,0.9499,0.7529,0.7622,0.005,0.0019,0.6296,0.9788,BARBUNYA
17294.3399,598.0804,236.3126,151.0355,1.7093,0.8285,17755.6442,176.5264,0.7592,0.9745,0.8308,0.7945,0.009,0.0027,0.5822,0.9821,DERMASON
51976.9146,1086.1176,427.2282,152.4439,2.4369,0.9545,48288.7442,206.1841,0.7338,0.9632,0.5557,0.6843,0.0082,0.0014,0.4184,0.9497,HOROZ
28296.6897,594.0758,206.2614,148.0675,1.5838,0.7648,28661.4195,158.2241,0.7522,0.9582,0.7689,0.8271,0.0084,0.0029,0.6575,0.9818,DERMASON
27691.4086,613.9386,202.3677,141.0457,1.5637,0.6978,26395.946,165.7364,0.7893,0.9645,0.7547,0.7744,0.0105,0.0032,0.5774,0.9775,DERMASON
54278.0671,975.8475,352.4872,177.0875,1.9314,0.9451,66073.4168,278.8994,0.6011,0.9379,0.6687,0.6527,0.0075,0.0019,0.4371,0.9653,CALI
28739.4973,605.161,219.2106,144.1226,1.689,0.7474,31147.0073,184.4052,0.7417,0.9719,0.7492,0.8049,0.0083,0.0018,0.6267,0.977,SIRA
23535.0104,609.4258,218.2693,150.1863,1.3032,0.7482,29429.6338,173.2804,0.7972,0.9768,0.9207,0.8183,0.0091,0.0025,0.7778,0.989,SEKER
91245.3272,1157.2253,463.5562,277.2952,1.6076,0.7694,79174.5148,308.3158,0.7619,0.9694,0.8931,0.7853,0.0047,0.0013,0.6197,0.979,BOMBAY
36377.4142,996.3043,360.207,137.4904,2.6194,0.9328,49862.8631,239.3156,0.6509,0.9687,0.5183,0.6475,0.0091,0.0014,0.4243,0.9583,HOROZ
89109.9074,1164.6486,415.3017,255.9434,1.7083,0.8327,95314.7152,352.9913,0.6993,0.9681,0.8512,0.7411,0.005,0.0011,0.5949,0.9672,BOMBAY
52500.9086,946.5037,417.5557,172.2738,2.447,0.9074,60116.6716,228.2828,0.677,0.9668,0.6145,0.6588,0.0073,0.0014,0.4451,0.9618,CALI
27064.5191,721.6292,217.1901,139.303,1.6121,0.7049,20668.041,222.6076,0.7872,0.954,0.7928,0.7799,0.0103,0.002,0.6805,0.9626,SIRA
21827.7052,636.751,229.3435,158.7927,1.5163,0.7444,28402.9203,172.7844,0.8391,0.9637,0.8527,0.8831,0.0084,0.0023,0.6677,0.9814,DERMASON
52338.1823,1068.8607,385.308,178.2854,2.3378,0.864,59092.5005,255.252,0.6355,0.9668,0.691,0.7139,0.0088,0.0016,0.3364,0.9583,CALI
23099.7355,657.6276,244.3891,149.1239,1.5922,0.8145,23196.6646,162.667,0.8304,0.9697,0.8844,0.7917,0.009,0.0024,0.6895,0.9747,DERMASON
26709.2986,627.4067,218.5798,144.1424,1.5073,0.8829,25741.2527,161.3006,0.7446,0.9732,0.8535,0.7788,0.0084,0.003,0.624,0.9806,DERMASON
57529.1672,824.9951,373.8552,211.9508,1.7165,0.861,64586.6138,267.4265,0.7467,0.9664,0.8407,0.7504,0.0074,0.0018,0.5906,0.9734,BARBUNYA
69563.1418,955.0062,350.5924,186.6601,1.9928,0.8709,65743.1094,270.3979,0.62,0.9725,0.7949,0.7564,0.0059,0.0016,0.5885,0.9625,BARBUNYA
73186.2943,1146.0741,413.9657,263.4151,1.4902,0.8162,108519.3897,343.0721,0.7123,0.9796,0.846,0.7529,0.0055,0.0016,0.6121,0.9787,BOMBAY
18741.2688,572.313,228.7563,159.5228,1.3387,0.6336,28139.2769,180.039,0.7636,0.965,0.876,0.8585,0.0077,0.0034,0.6906,0.9908,SEKER
52694.3737,946.603,342.6488,176.7591,1.801,0.7883,49106.1206,323.798,0.8112,0.9838,0.7446,0.6961,0.007,0.0015,0.5334,0.9607,BARBUNYA
29108.0402,549.2499,246.216,115.3589,1.5526,0.7225,29488.7993,173.3488,0.7343,0.967,0.765,0.7294,0.0094,0.0033,0.6656,0.9746,DERMASON
47952.7035,915.9509,404.3456,155.0439,2.5761,0.9465,47221.6376,203.9922,0.6411,0.9598,0.5232,0.6148,0.0094,0.0013,0.4189,0.9605,HOROZ
45200.1255,878.7699,416.7808,150.3196,2.8784,0.9029,41171.9242,245.4099,0.5919,0.9753,0.5414,0.5708,0.0098,0.0011,0.3437,0.9405,HOROZ
27025.3938,683.3604,211.5945,145.3697,1.3204,0.5752,28386.1966,164.3028,0.7207,0.9502,0.8253,0.8671,0.007,0.002,0.7289,0.9883,SEKER
37388.6305,982.705,404.6392,144.8068,2.8164,0.9047,53852.9844,269.9694,0.6967,0.9591,0.6026,0.6247,0.007,0.0009,0.3675,0.9549,HOROZ
32856.5818,668.0491,237.0711,147.9457,1.8364,0.7786,31810.2175,208.8564,0.7068,0.9583,0.7484,0.8115,0.0085,0.0027,0.6054,0.9864,SIRA
21845.4641,637.071,209.1798,169.3659,1.5616,0.7277,25950.7171,166.8132,0.7703,0.9713,0.8114,0.8339,0.0077,0.0027,0.6318,0.9886,SIRA
74546.28,985.1463,309.6593,199.6047,1.792,0.785,50098.0037,272.6117,0.6525,0.97,0.6758,0.7301,0.007,0.0019,0.5163,0.9727,BARBUNYA
35874.8286,980.0148,395.5575,171.9509,2.3491,0.9538,47297.1634,259.0487,0.6277,0.9603,0.6475,0.6532,0.0065,0.0018,0.4311,0.9502,CALI
29328.9557,683.0567,187.9208,162.079,1.2911,0.6127,33324.6879,190.6864,0.7378,0.9722,0.8957,0.8554,0.0105,0.0029,0.5704,0.9885,SEKER
28757.7807,685.7867,269.5774,129.9423,1.508,0.9179,23980.397,148.6078,0.6708,0.9772,0.8249,0.8143,0.007,0.0023,0.6825,0.9771,SIRA
27270.1003,673.0654,218.8331,156.7241,1.4325,0.6073,25882.1185,188.3747,0.8049,0.9676,0.8851,0.8574,0.0091,0.0023,0.7484,0.9824,SEKER
46806.2875,1007.5793,398.5242,161.7775,2.2721,0.9282,47693.1362,221.8519,0.6509,0.9718,0.6028,0.6465,0.0087,0.0015,0.4035,0.9276,HOROZ
40647.3595,1045.4872,386.4938,161.3765,2.1049,0.9401,70205.7839,264.3089,0.5713,0.94,0.6214,0.6564,0.0066,0.0018,0.4563,0.9643,CALI
30085.315,709.5753,221.3022,159.002,1.4912,0.7666,20508.2377,175.9748,0.7753,0.9725,0.8293,0.7307,0.0097,0.0021,0.6996,0.9934,SIRA
26318.72,664.4248,225.066,169.0092,1.7439,0.8041,18428.1424,196.88,0.7453,0.9802,0.749,0.7834,0.0089,0.0026,0.6517,0.9919,SIRA
52845.245,955.6955,410.8331,219.0283,2.1341,0.7748,49074.427,259.0814,0.8048,0.9836,0.7364,0.7437,0.0068,0.0024,0.5907,0.9855,BARBUNYA
26020.0903,641.8167,197.8594,148.4489,1.7904,0.7184,30219.9904,167.5466,0.7553,0.9585,0.8133,0.8481,0.0088,0.0029,0.6758,0.9572,DERMASON
54529.4167,984.5195,376.118,209.0077,1.8846,0.8482,60251.9059,255.5811,0.6613,0.9717,0.7143,0.7437,0.0056,0.0014,0.4918,0.9649,BARBUNYA
19520.0293,657.0565,222.42,149.9139,1.51,0.6819,27194.4574,177.0592,0.7529,0.9632,0.8215,0.7807,0.0073,0.003,0.62,0.9865,DERMASON
20105.0905,555.7949,193.8438,169.675,1.3183,0.6041,30268.1899,172.3789,0.8146,0.9721,0.8435,0.8768,0.0091,0.0033,0.6993,0.9884,SEKER
79563.6217,1142.2465,409.3797,273.3562,1.5913,0.7897,97681.5675,330.2605,0.7547,0.9643,0.8356,0.7757,0.0048,0.0012,0.5686,0.9664,BOMBAY
30316.6408,638.6098,222.2812,126.4091,1.5815,0.7349,27561.922,179.8033,0.6642,0.96,0.8227,0.733,0.0077,0.0019,0.5321,0.9695,SIRA
98069.3127,1097.7164,419.6163,269.4946,1.7342,0.8092,92561.8859,330.904,0.6878,0.9681,0.8334,0.7932,0.0048,0.0013,0.5665,0.9754,BOMBAY
28052.2325,619.43,235.2647,165.9218,1.4025,0.7201,27399.0249,184.6672,0.8491,0.9829,0.8279,0.8025,0.0097,0.0025,0.7134,0.9876,SEKER
33579.6771,599.8345,222.2815,132.3347,1.6443,0.7458,30431.2209,184.2388,0.7713,0.9763,0.7031,0.7854,0.0101,0.0019,0.6589,0.9929,SIRA
55689.9778,968.084,405.1077,168.7879,2.1402,0.8816,66286.8865,272.2963,0.7002,0.9569,0.7038,0.6754,0.0068,0.0012,0.5078,0.9745,CALI
41608.3028,921.3599,373.1613,186.1925,2.8384,0.9147,41107.7646,251.1034,0.8061,0.9717,0.5831,0.5994,0.0104,0.0011,0.4004,0.9589,HOROZ
25625.9657,750.0119,208.5011,168.6267,1.646,0.7477,19671.3619,176.9712,0.7092,0.964,0.7749,0.7667,0.0091,0.0024,0.5672,0.9957,DERMASON
46117.5121,983.8096,424.6131,167.8319,2.7136,0.9976,29647.7135,234.8125,0.5702,0.9626,0.6824,0.5977,0.0079,0.0017,0.4485,0.959,HOROZ
22791.2216,574.0501,233.9257,147.573,1.6162,0.6952,28557.4767,185.4996,0.7455,0.9553,0.8868,0.8944,0.0103,0.0031,0.7456,0.9753,DERMASON
45417.8746,1125.4333,401.8504,130.9584,2.6621,0.9605,49264.8063,227.0594,0.756,0.9742,0.6216,0.5945,0.0093,0.0017,0.3782,0.9437,HOROZ
44407.6705,1059.0167,432.1483,159.2973,2.7764,0.9382,54805.0874,238.5415,0.6511,0.9557,0.5876,0.6303,0.0085,0.0013,0.3312,0.9433,HOROZ
26439.7152,592.1492,271.2693,154.8506,1.4049,0.6558,16791.8854,199.9517,0.6437,0.9836,0.8171,0.8092,0.0082,0.0036,0.736,0.989,SEKER
29553.9548,676.7112,202.9954,165.4741,1.3832,0.7322,27534.6987,204.0617,0.8313,0.9603,0.8569,0.8275,0.0082,0.002,0.6363,0.9951,SEKER
25416.5239,669.2575,204.0667,174.7563,1.3746,0.7182,34223.5527,152.5576,0.7623,0.966,0.9383,0.8378,0.011,0.0021,0.7375,0.9881,SEKER
18965.9246,581.4244,226.9691,145.3846,1.7208,0.7801,30646.0518,201.98,0.7205,0.9707,0.8517,0.8818,0.0096,0.003,0.6125,0.9699,DERMASON
87537.6404,1200.2383,431.9046,267.6526,1.6584,0.7766,93435.3766,338.6803,0.6938,0.9631,0.8559,0.821,0.0043,0.0016,0.6514,0.9755,BOMBAY
82664.2101,1095.6634,455.85,265.7078,1.6254,0.748,93288.819,354.8122,0.6973,0.9701,0.8636,0.8055,0.0046,0.0014,0.5946,0.9816,BOMBAY
28178.0177,720.3718,222.9346,125.0712,1.5278,0.7149,28867.3399,190.8085,0.7231,0.9905,0.8508,0.7582,0.0085,0.0024,0.5836,0.9807,SIRA
35519.3439,686.3607,247.0432,146.1462,1.6949,0.7263,29366.1015,191.7159,0.8049,0.9453,0.7638,0.7743,0.0105,0.0017,0.6094,0.973,SIRA
28345.9852,630.2371,223.7932,160.6272,1.463,0.6365,30969.0818,184.1562,0.7716,0.9658,0.8682,0.8674,0.0071,0.002,0.7063,0.9935,SEKER
27757.8774,613.0676,227.3376,168.207,1.3786,0.6175,28482.8722,178.5672,0.7242,0.9623,0.86,0.8508,0.0089,0.0026,0.7425,0.9881,SEKER
17654.2875,699.2517,198.5196,154.3215,1.5962,0.7343,28217.985,183.6872,0.6831,0.9772,0.7368,0.8792,0.0082,0.002,0.5212,0.9828,SIRA
42616.7177,1019.9907,396.1429,173.5553,1.8677,0.9381,53008.4204,259.0335,0.5673,0.9545,0.6474,0.6759,0.0073,0.0018,0.4639,0.9535,CALI
47192.5915,1004.3908,371.139,176.9345,2.324,0.8934,54231.5796,269.08,0.6561,0.9619,0.7415,0.679,0.0069,0.0016,0.5045,0.9529,CALI
16009.0124,660.0302,230.1032,143.8943,1.4363,0.7961,33279.6844,196.776,0.805,0.9817,0.7917,0.8724,0.0084,0.003,0.682,0.9749,DERMASON
67715.7644,1073.8186,392.5077,199.0257,1.7835,0.835,74101.6963,262.831,0.6332,0.9595,0.7248,0.8069,0.0056,0.0015,0.5325,0.9559,BARBUNYA
90650.211,1181.2992,427.619,262.7393,1.6399,0.8226,81789.1967,325.0587,0.6949,0.9616,0.8157,0.8025,0.0049,0.0013,0.6331,0.9656,BOMBAY
78703.9207,1087.0355,434.9368,274.2689,1.5716,0.8049,92221.1976,361.6291,0.7592,0.9637,0.9246,0.7678,0.0046,0.0011,0.6114,0.9756,BOMBAY
52486.8046,1000.5805,420.9864,175.3659,2.954,0.9212,54964.1671,252.1587,0.6517,0.9417,0.588,0.6445,0.0071,0.0017,0.5173,0.9673,CALI
59296.5305,1007.3993,337.6937,212.6607,1.9126,0.8465,59374.6602,310.7831,0.7126,0.9591,0.6806,0.7292,0.007,0.0014,0.5412,0.9714,BARBUNYA
46770.7911,976.6359,418.8393,187.8552,2.4549,0.8402,50292.5562,263.6103,0.7069,0.9615,0.666,0.6832,0.0061,0.0013,0.4093,0.9611,CALI
51504.436,891.8173,431.3888,135.3432,3.1378,0.9344,57979.8999,237.819,0.6304,0.9681,0.6269,0.606,0.0068,0.0011,0.3295,0.9593,HOROZ
29042.6686,612.4337,245.9205,146.087,1.3428,0.8123,32027.0273,161.2028,0.8255,0.9967,0.8145,0.7538,0.0086,0.0024,0.5774,0.9755,SIRA
95549.8153,1143.0035,435.6539,270.689,1.5542,0.7826,98681.2522,337.2822,0.7637,0.9652,0.8408,0.7804,0.0055,0.0014,0.5826,0.9903,BOMBAY
70312.8972,927.9613,332.7362,182.5987,1.7208,0.8027,61474.9401,270.623,0.7324,0.9618,0.7706,0.728,0.0078,0.0023,0.5025,0.973,BARBUNYA
90852.2016,1148.2556,450.4802,263.4555,1.6394,0.7341,81779.2513,342.6938,0.7534,0.9742,0.8127,0.7642,0.005,0.0015,0.5753,0.9788,BOMBAY
60738.0242,941.4034,361.5323,205.4915,1.797,0.8408,53736.4157,265.9619,0.7312,0.9681,0.8009,0.7885,0.0067,0.0021,0.5307,0.9801,BARBUNYA
24964.5212,606.1939,206.319,135.5799,1.3101,0.6105,26605.5596,173.1054,0.7425,0.9722,0.8467,0.878,0.0079,0.0028,0.6537,0.9933,SEKER
55518.7852,1049.141,395.6924,155.2215,2.1339,0.8752,52578.5391,278.1246,0.6591,0.9781,0.7142,0.6694,0.0075,0.0013,0.5238,0.958,CALI
31412.9239,681.6846,245.2113,141.0593,1.3613,0.8054,29070.2838,166.1525,0.7216,0.9502,0.7806,0.8239,0.0086,0.0028,0.7588,0.9796,DERMASON
39947.3575,1036.3439,415.4566,145.7684,2.4386,0.97,48332.7673,234.6095,0.7138,0.9613,0.616,0.5839,0.0077,0.0014,0.3379,0.936,HOROZ
88696.0399,1068.226,398.0086,254.1864,1.6987,0.7829,94746.0948,321.2172,0.7198,0.9707,0.8757,0.8073,0.0048,0.0015,0.6071,0.9741,BOMBAY
50656.5665,942.8495,420.4373,153.1379,2.5166,0.9009,58154.7827,241.9496,0.5994,0.9513,0.7501,0.666,0.0079,0.0016,0.4858,0.9687,CALI
58494.6981,926.2091,381.7127,197.9584,1.8853,0.8459,54682.8504,278.3823,0.6458,0.9701,0.7068,0.7173,0.0065,0.0013,0.4551,0.9582,CALI
26657.6649,567.5469,206.4902,151.7281,1.5159,0.6745,20673.8214,178.9329,0.8099,0.9756,0.7886,0.8406,0.009,0.0032,0.7245,0.9767,DERMASON
29771.2886,600.1858,184.3844,163.5796,1.3821,0.6566,19442.3196,197.2107,0.7979,0.9586,0.8761,0.8175,0.0069,0.0019,0.759,0.9944,SEKER
31449.8494,734.6981,232.8215,149.1272,1.4176,0.6789,21909.6572,194.1336,0.6805,0.9555,0.6645,0.778,0.0093,0.0021,0.7417,0.9903,SIRA
76694.5755,995.8625,440.6182,274.316,1.7357,0.8316,79759.5948,321.1881,0.6498,0.9797,0.8498,0.7423,0.0054,0.0014,0.5795,0.9725,BOMBAY
48520.9119,995.1832,390.2089,193.7965,1.8413,0.8039,61954.8657,251.3886,0.635,0.967,0.777,0.7635,0.0052,0.0013,0.5094,0.9642,BARBUNYA
21805.0993,599.656,227.6354,137.0156,1.5536,0.7888,26987.4183,189.1322,0.7322,0.9621,0.8433,0.8362,0.0101,0.0023,0.6393,0.9922,DERMASON
24135.2151,655.3649,245.0375,153.7061,1.9142,0.7688,20463.3532,184.7184,0.7856,0.9702,0.9072,0.8206,0.01,0.0024,0.5468,0.9779,SIRA
24154.2984,651.1318,208.9977,130.3513,1.456,0.6768,27201.5519,186.4254,0.6836,0.9697,0.8206,0.7098,0.0095,0.0029,0.6807,0.9774,DERMASON
78071.3489,1053.4496,443.6408,269.2782,1.5854,0.8058,93747.3091,327.7056,0.7591,0.9738,0.8643,0.7865,0.0052,0.0017,0.605,0.9773,BOMBAY
54104.2854,1076.6578,381.4309,186.8042,1.6981,0.8003,49824.78,270.2046,0.7456,0.9871,0.8483,0.7207,0.0074,0.0018,0.6545,0.9751,BARBUNYA
35764.4144,948.0044,460.862,163.0393,2.3026,0.8564,46989.4943,253.9477,0.6032,0.9582,0.713,0.6524,0.008,0.002,0.5298,0.9683,CALI
26076.3781,700.1622,192.4812,139.9481,1.6151,0.8167,29090.8591,171.1958,0.7534,0.9461,0.8298,0.7448,0.0082,0.0022,0.6758,0.9738,SIRA
57100.6367,1087.3047,364.556,179.2643,2.2877,0.8657,47719.5086,243.3296,0.6359,0.9644,0.6839,0.6782,0.0071,0.0017,0.3634,0.9542,CALI
24810.2381,680.51,273.931,128.9936,1.7434,0.6632,35473.5696,217.0197,0.7181,0.9706,0.8199,0.7596,0.0082,0.0021,0.607,0.9863,SIRA
57657.957,1079.0859,395.8928,134.781,2.8148,0.9381,53652.4817,274.9707,0.632,0.9726,0.5748,0.6242,0.0094,0.0015,0.3322,0.9609,HOROZ
24174.5897,623.6702,212.6125,143.8841,1.5388,0.7545,27116.0826,185.7577,0.783,0.9565,0.8989,0.8095,0.0097,0.0025,0.5609,0.9728,DERMASON
25685.9338,620.5845,263.7856,151.7266,1.3362,0.7464,31638.6508,199.9481,0.6908,0.9696,0.7814,0.774,0.0082,0.0021,0.7297,0.9725,SIRA
29501.9889,694.9565,247.2437,137.4877,1.8728,0.6384,21866.6439,149.2177,0.7628,0.9645,0.8776,0.7401,0.0071,0.0031,0.6536,0.9875,DERMASON
24714.7928,610.5628,212.4302,172.4828,1.3442,0.7227,23763.7358,192.05,0.7614,0.9683,0.8665,0.8665,0.0071,0.0023,0.8219,0.9925,SEKER
17597.6947,542.463,220.9439,142.1947,1.5314,0.7008,31703.9039,159.6851,0.7829,0.9677,0.8572,0.8371,0.0086,0.0028,0.5876,0.983,DERMASON
51146.051,994.032,442.3223,176.172,2.8692,0.9258,63287.6168,243.5103,0.6605,0.9326,0.4861,0.6224,0.0089,0.0017,0.3668,0.9429,HOROZ
47689.403,1067.4271,364.0275,141.8968,2.6571,0.9134,50009.4317,255.2814,0.6879,0.9769,0.5783,0.631,0.0094,0.0014,0.3639,0.9364,HOROZ
39972.937,1018.069,409.0112,169.1832,2.2018,0.937,52987.6854,236.1619,0.7204,0.9596,0.6845,0.7394,0.0066,0.0019,0.5041,0.9626,CALI
26746.9682,688.6451,197.8276,122.1375,1.5509,0.7358,26095.9171,150.4913,0.7768,0.9676,0.8246,0.7775,0.0105,0.0027,0.6241,0.9793,DERMASON
83491.6993,1109.9297,403.1109,255.2612,1.74,0.7246,82122.0045,327.9367,0.7513,0.9594,0.8043,0.7495,0.0049,0.0015,0.603,0.9837,BOMBAY
53525.4634,1024.5974,423.2827,147.6063,2.5287,0.9138,45493.4924,255.5837,0.6064,0.962,0.6183,0.6026,0.0084,0.0014,0.4147,0.9556,HOROZ
52440.4254,1026.0122,387.525,146.5352,2.7048,0.9095,33993.1215,238.9169,0.5959,0.956,0.5868,0.5912,0.01,0.0014,0.3515,0.9392,HOROZ
73970.6851,921.3259,355.1562,175.5522,2.2721,0.8648,70099.0285,258.6397,0.6744,0.9573,0.6452,0.7093,0.0066,0.0019,0.6196,0.9726,BARBUNYA
26487.3634,565.2002,190.4442,145.4416,1.4551,0.6707,29702.0382,199.6839,0.7795,0.9757,0.8312,0.8475,0.0072,0.0029,0.7653,0.9948,SEKER
43995.6316,991.6346,342.5545,182.7583,2.4009,0.8642,55719.9139,246.2494,0.7238,0.9455,0.7445,0.6536,0.0058,0.0016,0.4736,0.9585,CALI
28062.0975,549.2049,202.923,152.01,1.422,0.699,21914.5668,192.1996,0.7294,0.9665,0.8803,0.8461,0.0099,0.0032,0.654,0.9844,SEKER
27502.1172,662.5865,243.4944,169.0728,1.6315,0.7944,27252.9953,194.2856,0.7813,0.9397,0.7878,0.7801,0.0091,0.0027,0.5846,0.9724,SIRA
55633.9539,874.8671,440.0743,192.5904,2.4807,0.9172,54774.6145,243.1438,0.6736,0.9575,0.6503,0.5855,0.0082,0.0014,0.3978,0.9604,CALI
76358.7317,1114.8396,405.6946,246.1016,1.6479,0.7933,92456.4073,318.994,0.6697,0.9773,0.802,0.762,0.0053,0.0013,0.6603,0.9885,BOMBAY
87470.3215,1062.3306,458.2364,281.7322,1.6168,0.8474,89070.866,307.0574,0.7561,0.972,0.8804,0.8021,0.005,0.0012,0.6355,0.9839,BOMBAY
21602.367,669.0829,229.1628,148.9609,1.4759,0.7933,24979.6475,162.9472,0.8271,0.9742,0.7537,0.86,0.0077,0.003,0.774,0.9824,DERMASON
30366.8954,597.8092,242.8452,142.9708,1.6173,0.7639,34359.3609,154.0943,0.7603,0.9695,0.8323,0.7954,0.0091,0.002,0.6175,0.9895,SIRA
55273.7171,1187.7343,428.2476,192.0528,2.4277,0.9085,53310.3652,252.3254,0.6242,0.9482,0.679,0.6734,0.0076,0.0013,0.4376,0.9667,CALI
76036.6065,926.6291,379.1199,187.8644,1.8242,0.8758,63304.6824,288.9054,0.7375,0.9531,0.623,0.6566,0.0083,0.0015,0.6181,0.9645,BARBUNYA
48103.6019,913.8012,390.2132,133.9876,2.6107,0.9251,50155.3159,242.4629,0.6669,0.9485,0.5511,0.6329,0.0073,0.0012,0.4145,0.9579,HOROZ
33444.5385,709.6523,223.1884,155.7321,1.4411,0.6964,21852.0267,164.1359,0.7624,0.9587,0.8278,0.781,0.0069,0.0036,0.7307,0.9705,DERMASON
51451.1397,963.3029,378.0608,205.3041,1.7776,0.9015,45092.8195,276.5589,0.7285,0.9595,0.7126,0.7432,0.0073,0.0018,0.5187,0.9496,BARBUNYA
51064.1376,931.0918,365.5969,189.264,1.7176,0.8415,55137.1382,309.5402,0.6809,0.9534,0.7908,0.81,0.0053,0.0022,0.4865,0.9651,BARBUNYA
51154.1323,961.5261,437.3043,146.3614,2.8511,0.9245,42292.9942,241.6084,0.6763,0.9698,0.5242,0.6043,0.0076,0.0015,0.3738,0.9428,HOROZ
20948.0208,558.8274,210.0229,153.0785,1.4686,0.7025,26081.6377,191.8499,0.8147,0.9741,0.8537,0.8806,0.0101,0.003,0.8085,0.9946,SEKER
22766.1886,631.9795,221.7297,142.1638,1.3164,0.6799,28911.0349,182.9391,0.6817,0.9829,0.9409,0.8975,0.0088,0.003,0.6873,0.9909,SEKER
23979.2581,641.9315,255.0081,165.8467,1.4248,0.7054,22839.2112,191.1148,0.8068,0.9639,0.8443,0.8935,0.0085,0.0022,0.6988,0.9877,SEKER
30010.8153,587.4028,212.1313,146.9633,1.4233,0.6766,28822.6228,185.9328,0.7767,0.9664,0.8311,0.8367,0.009,0.0026,0.717,0.9943,SEKER
24452.3628,625.6876,188.4997,161.2918,1.4109,0.6903,24907.4911,185.6394,0.7259,0.9624,0.902,0.8101,0.0077,0.0025,0.7525,0.9828,SEKER
28632.3173,629.2721,258.1276,160.3573,1.6971,0.8638,25741.7298,188.1842,0.7402,0.9868,0.8176,0.7627,0.0082,0.0028,0.5955,0.9646,SIRA
42838.3492,1036.0862,428.4716,142.1075,2.7797,0.9449,52727.5854,246.0891,0.6658,0.9669,0.5435,0.6218,0.0111,0.0006,0.406,0.9682,HOROZ
21748.2489,551.894,212.1859,157.8514,1.5562,0.8244,28586.0653,187.0558,0.7326,0.9662,0.8956,0.8399,0.0097,0.0021,0.6431,0.9781,DERMASON
28290.3114,621.2187,227.4698,147.0944,1.7138,0.8003,24091.3972,184.1302,0.7335,0.955,0.9547,0.8149,0.0108,0.0028,0.6459,0.977,SIRA
46147.6043,1104.859,393.9123,170.6257,3.1952,0.9419,48159.5324,236.9419,0.6561,0.9767,0.67,0.5976,0.009,0.0012,0.3905,0.9452,HOROZ
58232.0487,921.1181,416.1562,154.96,3.095,0.9237,57857.4716,234.3318,0.6779,0.9681,0.6933,0.5874,0.0091,0.0011,0.3146,0.9659,HOROZ
41300.5711,632.1377,236.9003,151.7278,1.6902,0.7801,35305.1505,210.8802,0.7374,0.9402,0.8011,0.823,0.0107,0.0029,0.5981,1.0,SIRA
26992.2901,719.0248,256.5447,142.6248,1.557,0.8108,29561.5434,176.211,0.7034,0.9886,0.7927,0.7505,0.01,0.002,0.6079,0.9703,SIRA
64062.0084,951.2283,346.2505,196.0178,1.8547,0.7932,49934.1917,265.3943,0.7008,0.9658,0.7197,0.6629,0.0064,0.0021,0.4615,0.9614,BARBUNYA
58101.5766,1016.5105,355.8555,208.4238,1.996,0.8828,79497.8022,268.2127,0.5953,0.9629,0.681,0.6812,0.0078,0.0019,0.4377,0.9443,CALI
53851.3461,1061.3503,407.2975,154.984,2.322,0.8968,56080.8137,248.0805,0.6312,0.9693,0.5325,0.6312,0.0092,0.001,0.4087,0.9587,HOROZ
63065.8316,1024.3118,383.3355,198.7045,1.9417,0.9491,49101.8387,279.0856,0.7145,0.9684,0.6887,0.8205,0.0076,0.0017,0.6596,0.9717,BARBUNYA
38300.8242,666.4731,225.396,180.8045,1.412,0.6353,31105.6146,160.7315,0.794,0.982,0.8914,0.8065,0.0085,0.0027,0.6829,0.9784,SEKER
50882.6057,1129.8178,405.6623,198.614,2.4693,0.9127,55865.0491,244.1158,0.5461,0.9537,0.6631,0.6746,0.0085,0.0014,0.3423,0.9609,CALI
49157.6825,1121.9905,377.1195,169.2777,2.4008,0.9007,47277.772,257.5638,0.6509,0.9764,0.6516,0.6306,0.0071,0.0018,0.3787,0.9643,CALI
19128.3236,593.3741,233.5239,152.6631,1.664,0.753,25366.1213,198.6711,0.8189,0.9829,0.8075,0.8685,0.0076,0.0023,0.6307,0.9719,DERMASON
90066.7316,1043.1818,405.211,271.4935,1.6737,0.7748,92847.456,327.1995,0.6799,0.969,0.8546,0.8049,0.0052,0.0014,0.6231,0.9859,BOMBAY
61001.7172,1056.0756,420.0059,194.5373,1.8853,0.8128,56245.4638,272.8402,0.6839,0.9526,0.7974,0.6911,0.007,0.0017,0.5512,0.9647,BARBUNYA
52490.6824,936.2337,405.4445,183.0791,1.8275,0.9006,50947.7979,277.4202,0.6711,0.9812,0.7836,0.6977,0.0057,0.0016,0.4767,0.9794,BARBUNYA
40297.8848,724.1424,228.515,153.2862,1.646,0.8049,28485.8429,168.9724,0.7319,0.9663,0.8453,0.8399,0.0104,0.0021,0.6312,0.9983,SIRA
27236.5303,599.0133,253.4226,158.608,1.7178,0.7173,23289.1204,183.9021,0.6424,0.9618,0.8111,0.7885,0.0083,0.0027,0.6211,0.9926,SIRA
80914.5856,1198.9104,472.4853,270.8251,1.71,0.7963,82605.3348,350.3083,0.7091,0.9703,0.8544,0.7258,0.0045,0.0012,0.6415,0.9788,BOMBAY
87435.1114,1127.3957,405.1796,273.5718,1.5755,0.8057,85626.8887,320.0998,0.6776,0.9738,0.8033,0.755,0.005,0.0012,0.622,0.9755,BOMBAY
20495.8443,660.0161,208.0789,158.6677,1.609,0.7952,21713.8475,175.0673,0.7103,0.9686,0.896,0.8074,0.0085,0.0029,0.6881,0.9808,DERMASON
51800.6271,1042.329,436.6278,167.2192,2.3396,0.9004,47909.2144,273.0799,0.6681,0.9741,0.6186,0.661,0.0077,0.0018,0.4453,0.9768,CALI
55751.1934,824.9877,348.455,184.3366,2.0512,0.781,63263.4756,283.2952,0.7119,0.9556,0.8641,0.7053,0.0063,0.002,0.5822,0.9658,BARBUNYA
91940.0152,1039.3088,398.9579,278.2027,1.5867,0.7853,87988.5546,327.7434,0.6704,0.968,0.8363,0.8034,0.0051,0.0012,0.5595,0.9766,BOMBAY
92806.6187,1100.0997,405.3183,256.4193,1.6814,0.7786,98133.2961,353.646,0.7203,0.9677,0.8681,0.7606,0.0051,0.0009,0.5923,0.9791,BOMBAY
92263.4233,1139.428,456.6146,263.962,1.6531,0.8186,92278.3686,329.0041,0.7265,0.9691,0.8788,0.7982,0.0047,0.0016,0.6251,0.9818,BOMBAY
26534.2016,704.8809,240.8795,154.6714,1.9272,0.7367,21007.0027,182.0978,0.6998,0.9732,0.8825,0.7292,0.0094,0.0029,0.6466,0.9798,SIRA
87158.8007,1114.0602,455.2334,271.2495,1.696,0.7424,97336.0346,315.4691,0.7544,0.9712,0.8784,0.7684,0.0049,0.0012,0.6349,0.9819,BOMBAY
31021.2642,603.7386,256.47,142.3355,1.3603,0.7135,28240.2684,198.4854,0.7519,0.9622,0.7093,0.8011,0.0107,0.0026,0.5998,0.9917,SIRA
32129.7324,523.9388,229.4957,142.9581,1.3785,0.671,33719.0964,171.4622,0.7672,0.9763,0.8599,0.8253,0.0082,0.0027,0.7642,0.9853,SEKER
53097.7574,889.4035,342.4736,179.8785,1.9295,0.874,57135.3903,254.2632,0.7405,0.9822,0.6726,0.7624,0.0067,0.0019,0.5915,0.9854,BARBUNYA
28836.259,755.2576,220.8816,152.7027,1.6756,0.7708,19570.6218,191.1186,0.6917,0.9584,0.7303,0.8049,0.0093,0.0029,0.6913,0.9786,SIRA
45379.9253,975.9884,354.7554,142.5087,2.459,0.9274,53032.4966,242.0846,0.6455,0.9707,0.6202,0.6474,0.0072,0.0012,0.4773,0.9554,CALI
16632.852,671.0299,269.4499,156.0585,1.7308,0.7399,36284.3576,153.1541,0.7217,0.9714,0.7779,0.7725,0.0091,0.0021,0.636,0.9915,SIRA
26699.6231,660.678,217.5857,158.6543,1.5022,0.7051,26693.3772,214.3528,0.8083,0.9628,0.7273,0.807,0.0093,0.0026,0.5978,0.9944,SIRA
100543.9234,1172.3247,437.8529,273.2132,1.6064,0.7264,90914.7139,330.7752,0.7511,0.9753,0.8689,0.7482,0.0047,0.0012,0.6352,0.9806,BOMBAY
52041.9776,1028.5341,330.6991,201.1931,2.451,0.9277,41466.2934,285.0535,0.6407,0.9592,0.7294,0.68,0.0082,0.0013,0.4344,0.9611,CALI
24938.1432,620.717,246.196,150.254,1.4866,0.8588,28048.0343,162.2362,0.735,0.9574,0.8639,0.798,0.0085,0.0027,0.5909,0.9822,SIRA
83619.4398,995.3328,415.0159,249.5027,1.6044,0.8284,97066.1783,329.8879,0.7205,0.9704,0.8309,0.7811,0.005,0.0012,0.6001,0.9831,BOMBAY
45677.7425,981.0476,353.1794,203.0682,1.8173,0.8602,71482.3145,277.5565,0.6722,0.9563,0.7706,0.7234,0.0063,0.0021,0.5672,0.9653,BARBUNYA
26261.0884,650.2403,254.0798,159.2797,1.4879,0.6362,29401.3852,193.7548,0.7399,0.981,0.843,0.8258,0.0083,0.0035,0.7355,0.9947,SEKER
33186.0393,531.6675,233.3896,135.0045,1.5191,0.6927,22649.4417,208.1287,0.7958,0.9511,0.8817,0.8281,0.0084,0.0025,0.7887,0.9829,SEKER
24627.304,631.5636,214.6567,155.7766,1.3886,0.6452,23981.2074,187.7295,0.7262,0.9817,0.8787,0.8117,0.0086,0.0028,0.7581,0.9958,SEKER
24164.7432,676.4461,237.4147,154.8661,1.3831,0.6606,25102.7324,164.9934,0.8252,0.9803,0.9019,0.8172,0.0104,0.0035,0.7294,0.9855,SEKER
55008.1345,953.4157,421.8578,189.7133,1.8561,0.9194,67455.0004,256.3977,0.621,0.9535,0.568,0.7237,0.0066,0.0017,0.4204,0.955,CALI
30858.769,762.229,242.4162,134.0415,1.6795,0.8545,32284.5782,184.5931,0.7376,0.9693,0.8487,0.7609,0.0088,0.0021,0.6488,0.9827,SIRA
62197.7185,859.6877,385.6282,207.3049,1.7263,0.8028,70182.7671,279.9618,0.7896,0.9475,0.735,0.7143,0.0059,0.0016,0.5489,0.9548,BARBUNYA
49971.2814,1020.4816,395.3864,185.2889,2.3213,0.9122,52736.5211,276.4344,0.5773,0.9556,0.699,0.6541,0.0076,0.0017,0.3934,0.9676,CALI
55390.6041,914.6912,370.7038,184.8341,1.7381,0.828,52103.5578,254.0312,0.6718,0.9496,0.8359,0.6549,0.0072,0.002,0.5392,0.9684,BARBUNYA
53379.5677,1030.6129,440.9988,162.5126,2.862,0.9473,39940.9794,227.3689,0.6602,0.9615,0.5594,0.5988,0.0089,0.0014,0.3743,0.9458,HOROZ
91069.0262,1099.5623,420.7296,263.0852,1.562,0.8394,94324.8656,325.3194,0.689,0.97,0.8948,0.7791,0.0051,0.0011,0.5425,0.9858,BOMBAY
43894.484,1014.9721,404.5012,161.7636,2.7319,0.9253,47722.2171,256.4346,0.6126,0.9774,0.4176,0.5925,0.01,0.0009,0.3671,0.9682,HOROZ
26766.3489,650.947,254.1405,153.2411,1.6806,0.7184,28027.4792,181.1202,0.7621,0.9866,0.7785,0.8138,0.0102,0.0024,0.6086,0.9635,SIRA
21687.1655,668.7535,232.0467,152.5423,1.5192,0.8345,31535.7144,198.9757,0.6896,0.9629,0.8506,0.8356,0.0103,0.0027,0.6183,0.9907,DERMASON
46573.362,894.2141,384.8013,123.7826,3.0049,0.9202,56831.7086,283.066,0.535,0.9524,0.6343,0.5779,0.0082,0.0007,0.3185,0.9323,HOROZ
23118.2363,582.9345,215.2711,129.1886,1.8569,0.8059,28526.6522,162.7994,0.7382,0.964,0.9055,0.8241,0.0099,0.0022,0.6207,0.9771,DERMASON
48562.1387,1074.9151,395.025,158.7922,2.8671,0.9284,47967.8625,256.6354,0.6377,0.9607,0.5518,0.6418,0.0091,0.0012,0.4063,0.9306,HOROZ
34346.6747,912.4308,392.4769,180.5217,2.3359,0.8761,45410.5337,266.9288,0.6801,0.9444,0.6074,0.6229,0.007,0.0015,0.3973,0.9508,CALI
27672.7224,681.8152,263.0329,138.2342,1.5457,0.6811,31257.7258,186.0079,0.8176,0.9649,0.8425,0.8244,0.0098,0.0018,0.7456,0.9759,SIRA
45303.295,1068.6606,369.1028,196.6337,2.3024,0.9377,38372.9616,251.0742,0.5636,0.9672,0.6155,0.7079,0.0085,0.0013,0.4594,0.9566,CALI
48836.4924,1050.4769,399.4462,160.9967,1.906,0.8862,54980.0213,262.9744,0.6342,0.9491,0.6329,0.6313,0.0063,0.0013,0.4765,0.9741,CALI
25761.3587,615.3248,249.8091,144.0074,1.6863,0.7283,27232.427,188.8129,0.7946,0.9686,0.8229,0.8545,0.0089,0.0032,0.6182,0.9796,SIRA
45843.0456,1109.4234,376.7806,183.8482,1.8137,0.8631,68255.4851,283.175,0.7704,0.9673,0.7826,0.789,0.0062,0.0016,0.4653,0.9776,BARBUNYA
53770.7802,967.7778,465.7386,171.6157,2.357,0.8921,48951.4878,240.1292,0.6655,0.9594,0.6973,0.6594,0.0064,0.001,0.4132,0.969,CALI
49147.0923,1020.5007,392.9282,196.3791,1.7803,0.8118,63021.1805,278.7064,0.666,0.9579,0.803,0.7912,0.0066,0.0017,0.5889,0.951,BARBUNYA
44361.4407,1004.0769,459.3557,148.0939,2.4818,0.9445,38960.7883,228.274,0.624,0.9611,0.6319,0.6146,0.008,0.0016,0.4063,0.98,HOROZ
21470.9738,634.1774,220.4965,169.7464,1.4318,0.7012,30036.2747,170.1069,0.7501,0.9727,0.9074,0.8694,0.0081,0.0026,0.7325,0.9842,SEKER
25527.8632,780.6986,202.6755,152.0287,1.5855,0.7015,31064.8336,207.8436,0.7677,0.9571,0.7439,0.7113,0.009,0.0022,0.6312,0.9932,SIRA
61699.8036,1015.0089,396.659,196.1451,1.7472,0.8126,75321.9094,277.8911,0.7022,0.9638,0.8516,0.7978,0.0053,0.0019,0.6583,0.9679,BARBUNYA
99200.1955,1105.9534,446.3422,253.3962,1.5957,0.7857,95170.4195,338.3377,0.5898,0.9683,0.8733,0.7428,0.0044,0.001,0.5591,0.9713,BOMBAY
48752.3324,1032.8477,396.0529,161.2693,2.7114,0.904,55204.6977,262.345,0.6611,0.934,0.5596,0.5956,0.0093,0.002,0.2996,0.9592,HOROZ
25518.7584,622.3913,203.9375,121.5725,1.751,0.7679,22185.7198,197.1946,0.7866,0.9849,0.9084,0.8541,0.0096,0.0034,0.7504,0.9952,DERMASON
62689.0444,997.1794,407.777,164.1395,2.2458,0.9212,66268.4156,225.9921,0.6532,0.9738,0.5615,0.6372,0.0075,0.0015,0.4852,0.9573,CALI
64176.6277,1020.3872,347.073,184.7099,2.0317,0.8525,60543.084,244.7348,0.7517,0.9662,0.5809,0.6248,0.0094,0.0019,0.4633,0.9719,CALI
62008.9399,950.9113,359.9785,206.431,1.9899,0.8145,63105.0028,250.2542,0.6125,0.9657,0.7569,0.7009,0.0058,0.0019,0.5662,0.9794,BARBUNYA
24723.2204,557.3353,220.8823,142.3616,1.1873,0.6252,25389.5048,171.6527,0.7085,0.9678,0.9187,0.8749,0.0083,0.0031,0.698,0.9856,SEKER
57207.3924,913.7448,416.173,159.9363,2.8527,0.9516,40813.0533,243.9857,0.6018,0.9765,0.5958,0.6094,0.0096,0.0018,0.3395,0.9545,HOROZ
84545.9826,1257.8062,433.062,253.3963,1.6312,0.7255,83845.5686,313.3095,0.6827,0.9673,0.8031,0.7647,0.0052,0.0009,0.5876,0.9869,BOMBAY
29359.8575,604.2706,192.6884,172.8698,1.4361,0.6113,30141.8199,163.2673,0.7507,0.9588,0.8445,0.825,0.0077,0.003,0.7347,0.9931,SEKER
31347.6876,550.6527,224.3475,150.3961,1.561,0.7358,21774.6265,182.0187,0.8401,0.9401,0.8377,0.8358,0.0095,0.0025,0.6049,0.9861,DERMASON
62244.2731,1038.3165,388.0865,194.5845,1.5931,0.9221,65926.8002,249.2798,0.696,0.9537,0.7548,0.7636,0.006,0.0024,0.5298,0.9655,BARBUNYA
81961.8151,1181.8744,455.6749,256.9451,1.5415,0.8031,88715.9251,333.814,0.7542,0.9781,0.8594,0.7862,0.0046,0.0013,0.658,0.9853,BOMBAY
26545.8329,587.7215,250.2564,138.8896,1.7239,0.7747,27242.1837,200.0437,0.8489,0.9653,0.8377,0.7889,0.0082,0.0027,0.713,0.9603,SIRA
91636.8607,1095.4066,469.1034,271.8918,1.5705,0.8003,97779.9299,338.0083,0.6887,0.9614,0.8302,0.7947,0.0055,0.0011,0.608,0.9741,BOMBAY
25504.9765,696.3154,204.2385,171.4257,1.3056,0.6567,23817.9789,198.3753,0.7875,0.9714,0.8794,0.8175,0.0097,0.0033,0.7183,0.9901,SEKER
27468.5415,610.3045,196.3954,151.3511,1.5471,0.7579,40834.0827,189.9629,0.6706,0.9564,0.7449,0.8765,0.0074,0.0021,0.623,0.9845,SIRA
30128.9547,626.8515,235.0423,147.1511,1.5912,0.7514,31271.8055,189.0396,0.7672,0.9458,0.7439,0.8274,0.0092,0.0024,0.6785,0.9821,SIRA
42181.4667,1027.7506,414.2415,126.2968,2.254,0.9604,53132.267,243.9124,0.6282,0.9758,0.5859,0.6308,0.0096,0.0011,0.3308,0.9654,HOROZ
21317.0536,677.619,258.1585,148.6392,1.7117,0.7328,31513.7729,179.2827,0.7792,0.9592,0.8198,0.7885,0.0085,0.0028,0.6503,0.9692,SIRA
19033.434,597.8215,200.0662,175.4392,1.6601,0.7792,25427.3412,168.7009,0.7442,0.9888,0.8856,0.7642,0.0074,0.003,0.6975,0.9781,DERMASON
23973.3729,574.7138,239.709,148.2778,1.5886,0.7627,33399.1525,183.7678,0.7492,0.9637,0.8755,0.8068,0.0093,0.0025,0.602,0.9873,DERMASON
38084.7659,1104.8392,427.8442,153.341,3.2338,0.934,45072.4136,240.0085,0.6464,0.9703,0.4766,0.5665,0.0088,0.0012,0.4325,0.9454,HOROZ
24153.9513,654.0113,203.4159,146.5816,1.42,0.7099,28401.587,174.6372,0.8,0.9863,0.9168,0.8031,0.0112,0.0022,0.6587,0.9915,SEKER
62506.5673,1111.2889,427.1231,174.1346,2.3714,0.9004,44364.4252,272.5723,0.6627,0.9474,0.6123,0.6682,0.0076,0.0015,0.5258,0.9428,CALI
41885.307,1165.6703,389.3839,154.8767,2.553,0.9303,39495.5845,247.2135,0.6435,0.9573,0.545,0.511,0.0084,0.001,0.3296,0.9341,HOROZ
51929.7031,987.7471,420.7885,152.8355,2.7562,0.9713,50787.5243,235.4604,0.6465,0.9804,0.5414,0.5548,0.0093,0.0009,0.381,0.9493,HOROZ
20610.7903,603.9716,237.0809,154.6445,1.527,0.708,27945.0807,177.5426,0.8165,0.9632,0.863,0.7603,0.0089,0.0024,0.6665,0.966,DERMASON
29917.3933,570.2942,246.8805,140.6985,1.5193,0.7343,24994.7005,203.4002,0.7174,0.9631,0.7535,0.8093,0.0065,0.003,0.699,0.9851,DERMASON
76705.1933,1141.0532,428.6377,255.8768,1.5897,0.7772,97777.0762,333.4478,0.693,0.9706,0.849,0.7751,0.0051,0.0013,0.6264,0.9809,BOMBAY
27929.8802,681.1474,251.939,142.2395,1.5474,0.721,28568.1603,176.7429,0.7269,0.9607,0.77,0.8946,0.0065,0.0019,0.6348,0.9702,SIRA
55984.4598,1001.4414,341.0439,180.4313,1.7493,0.8556,49124.2006,282.4155,0.6327,0.9578,0.6909,0.7645,0.0054,0.0012,0.5538,0.9732,BARBUNYA
57227.2441,1004.2333,381.0457,203.393,1.8391,0.7461,58652.1748,257.0691,0.624,0.9745,0.8229,0.7251,0.0069,0.0018,0.4366,0.9657,BARBUNYA
20478.7592,680.4881,221.0107,180.4678,1.451,0.8007,21804.0549,174.2537,0.7621,0.9741,0.8992,0.715,0.0094,0.0027,0.62,0.9747,DERMASON
54665.3479,981.5593,405.8726,153.4437,3.0262,0.926,43560.5469,274.2799,0.6237,0.9767,0.5837,0.5954,0.008,0.0015,0.3425,0.9483,HOROZ
22784.1397,536.0004,287.6905,150.527,1.3269,0.9683,37208.2062,161.9897,0.7544,0.9551,0.8635,0.8678,0.0077,0.0025,0.6022,0.9634,SIRA
65711.88,975.8397,417.9487,181.6931,2.3646,0.9197,56925.8321,279.7413,0.607,0.9429,0.5862,0.7271,0.0068,0.0019,0.5087,0.9785,CALI
88439.8529,1151.618,440.5508,283.0537,1.6964,0.74,108127.912,338.3821,0.7104,0.9712,0.8527,0.7734,0.0048,0.0012,0.6092,0.9783,BOMBAY
26926.2104,708.0902,222.2296,134.954,1.6034,0.6906,32112.2734,174.2543,0.7555,0.9505,0.7437,0.8244,0.0079,0.0029,0.6422,0.9815,DERMASON
31854.5604,654.4155,245.5294,161.3652,1.5832,0.8514,23919.9894,190.7994,0.7745,0.9828,0.8905,0.7038,0.0088,0.0028,0.61,0.9613,SIRA
48883.1168,932.7578,373.1395,179.9964,2.2119,0.869,56243.3955,240.9004,0.6198,0.9623,0.5974,0.64,0.0065,0.0019,0.4795,0.9763,CALI
66144.6477,999.8928,398.0445,226.2143,1.7857,0.8524,67175.4948,282.8978,0.6713,0.9605,0.8562,0.7177,0.007,0.0019,0.4641,0.9765,BARBUNYA
28751.8597,580.2455,203.069,143.3253,1.3764,0.674,27767.7008,172.545,0.8063,0.9792,0.9319,0.8713,0.0085,0.003,0.7505,0.9867,SEKER
64053.8129,932.8446,390.0379,178.853,1.859,0.8351,54379.0507,277.0927,0.6684,0.9801,0.7513,0.8161,0.0068,0.0015,0.5568,0.9914,BARBUNYA
28381.2371,621.4803,231.4721,140.7456,1.5928,0.8615,27057.4677,210.5604,0.7164,0.972,0.7607,0.8161,0.0085,0.0027,0.6641,0.9834,SIRA
23374.1865,571.2791,252.58,159.4932,1.3396,0.7087,31797.9834,186.145,0.7979,0.9795,0.8724,0.8595,0.0082,0.0023,0.6566,0.9923,SEKER
36929.0034,1055.9931,404.1025,139.0888,2.3649,0.912,37200.9261,257.1884,0.7433,0.9674,0.5217,0.5658,0.0092,0.0011,0.3255,0.9455,HOROZ
36840.1377,963.4408,380.0926,143.2141,2.8276,0.9127,40073.7704,249.0967,0.6457,0.9655,0.5461,0.6254,0.0088,0.0016,0.373,0.9506,HOROZ
47747.365,1065.3663,410.5159,160.1991,2.5381,0.8983,47988.8643,292.1225,0.6268,0.9431,0.6634,0.6445,0.0095,0.0012,0.4155,0.9676,CALI
32286.4147,638.7731,206.0547,163.053,1.4226,0.7777,31430.3685,187.3452,0.752,0.9878,0.8659,0.8239,0.0071,0.0024,0.7018,0.9938,SEKER
31334.3422,598.8796,233.3958,121.7685,1.571,0.6857,23038.9852,166.8541,0.7578,0.9679,0.9289,0.8964,0.0087,0.0033,0.7161,0.9698,DERMASON
23885.1957,666.1217,215.4136,160.8656,1.5134,0.7241,24861.1986,154.8435,0.7703,0.9738,0.8147,0.8375,0.0082,0.0035,0.6988,0.9785,DERMASON
18075.4336,546.0609,203.9735,145.7881,1.234,0.8092,31049.2488,184.3531,0.7519,0.9717,0.8334,0.8344,0.0093,0.0028,0.6852,0.9746,DERMASON
23843.8458,583.5395,204.7826,165.7847,1.3889,0.7361,23887.7064,160.2482,0.7552,0.9728,0.8112,0.8468,0.0088,0.0024,0.6788,0.9845,SEKER
53049.4424,1090.8092,391.6564,139.2718,2.4822,0.9619,42087.7916,216.9894,0.5596,0.9744,0.622,0.5677,0.0103,0.0014,0.3097,0.9535,HOROZ
43329.6528,1002.9201,359.927,135.1777,2.7034,0.9661,42493.4897,236.7752,0.6105,0.974,0.5506,0.6701,0.01,0.0013,0.3085,0.9402,HOROZ
18411.2947,660.0816,225.771,150.4701,1.6024,0.738,21405.8661,190.5081,0.7266,0.9677,0.8787,0.807,0.0094,0.0026,0.7421,0.9833,DERMASON
90141.3256,1210.7385,423.0845,241.7687,1.542,0.8129,96874.2294,319.206,0.7154,0.9693,0.8877,0.7763,0.0048,0.0015,0.6121,0.9768,BOMBAY
31846.0407,582.834,244.4485,136.3114,1.6172,0.7222,21297.6821,183.7432,0.7328,0.9673,0.8219,0.7893,0.0097,0.0035,0.6745,0.989,DERMASON
28186.7901,556.0581,216.3917,147.5445,1.3857,0.6995,29086.7179,203.6292,0.75,0.9671,0.893,0.8789,0.0073,0.003,0.7533,0.9892,SEKER
59102.2682,996.047,355.387,189.6402,1.9888,0.7801,56771.273,262.4699,0.703,0.9724,0.7872,0.7728,0.0061,0.0018,0.4635,0.9754,BARBUNYA
69064.0685,995.4696,395.2935,184.8238,2.0902,0.8566,71729.6269,278.8085,0.6878,0.9677,0.7171,0.6689,0.0058,0.0022,0.5051,0.9645,BARBUNYA
90553.9351,1081.6025,428.0594,268.7301,1.7173,0.8305,102350.5998,353.5888,0.6872,0.9666,0.8341,0.7824,0.0047,0.0014,0.6276,0.9788,BOMBAY
49279.5748,1030.484,430.007,154.5422,2.4851,0.9414,42734.6693,249.102,0.7109,0.9792,0.5623,0.6083,0.0089,0.0017,0.3602,0.9516,HOROZ
24622.2379,597.1859,206.2204,151.0058,1.3226,0.7417,32713.0028,179.7957,0.8157,0.9669,0.8579,0.8251,0.009,0.0029,0.6555,0.9908,SEKER
74420.9602,912.3253,369.594,223.3813,2.1366,0.8736,62200.0976,265.4308,0.6028,0.9511,0.8136,0.7204,0.0064,0.0019,0.5406,0.9654,BARBUNYA
91146.0373,1123.7341,420.6875,281.7888,1.6931,0.7062,91132.1446,320.4076,0.7263,0.9799,0.9018,0.763,0.0046,0.0013,0.6202,0.987,BOMBAY
46823.8282,1000.4452,395.8477,200.4561,1.9795,0.8614,58330.9201,312.1136,0.6798,0.9584,0.7511,0.7851,0.0078,0.0019,0.5484,0.984,BARBUNYA
26517.524,568.4971,215.3525,157.7884,1.5973,0.7299,26539.3263,189.32,0.7034,0.9553,0.786,0.8472,0.0079,0.0025,0.7155,0.9817,DERMASON
22463.6733,589.3472,276.3044,153.0654,1.4289,0.6693,30342.449,169.0704,0.7298,0.9813,0.8779,0.7757,0.0083,0.0026,0.7555,0.9916,SEKER
28691.3287,630.9188,213.5623,185.7941,1.5105,0.61,25540.5993,187.5684,0.8013,0.9565,0.7798,0.7928,0.0082,0.0027,0.7373,0.9862,SEKER
27755.4197,651.2863,226.2266,183.0367,1.395,0.6629,31881.8617,181.1511,0.7867,0.9306,0.8881,0.8478,0.0079,0.0024,0.7652,0.9798,SEKER
27540.1396,694.1959,201.4608,160.5278,1.4062,0.6455,29626.7851,183.2617,0.7322,0.9876,0.9017,0.845,0.0077,0.0024,0.7815,0.9893,SEKER
26771.7599,686.735,256.8478,148.4212,1.6974,0.8083,28328.0768,181.1752,0.6647,0.9663,0.8027,0.7781,0.0092,0.0021,0.5872,0.9672,SIRA
25045.2243,635.9985,250.0835,153.0272,1.5819,0.7941,23772.8993,186.6046,0.728,0.9791,0.9109,0.8122,0.008,0.0026,0.585,0.9885,SIRA
52427.5045,981.7384,331.1893,196.602,1.6428,0.7471,52574.8116,296.1524,0.6959,0.9677,0.754,0.7559,0.0051,0.0016,0.4973,0.9563,BARBUNYA
29040.9573,592.6184,233.9321,156.1524,1.615,0.7079,21849.2426,164.162,0.7341,0.9657,0.8039,0.8162,0.0083,0.0021,0.715,0.9912,SEKER
23838.1502,610.503,234.089,169.4587,1.4394,0.5853,24891.9542,200.9369,0.7487,0.9692,0.9791,0.8478,0.0097,0.0034,0.7579,0.9878,SEKER
97219.2653,1121.3379,422.8554,257.0524,1.6557,0.7703,94447.9453,335.4669,0.7324,0.9671,0.857,0.7868,0.0045,0.0014,0.6573,0.9816,BOMBAY
33108.7242,577.1538,217.3626,153.7136,1.4253,0.706,24489.7472,199.0632,0.7357,0.9686,0.9109,0.9086,0.0078,0.003,0.731,0.9821,SEKER
56749.6688,1075.0448,391.2804,166.9916,2.368,0.9533,56770.519,251.7154,0.6618,0.962,0.62,0.6728,0.0076,0.0021,0.4431,0.9571,CALI
25826.5531,608.8946,202.7153,158.2747,1.7602,0.717,22264.0113,163.066,0.755,0.9716,0.9119,0.7211,0.0088,0.0022,0.6591,0.9841,DERMASON
96469.0729,1212.6342,448.7436,265.5313,1.695,0.806,93136.9067,333.3096,0.721,0.9739,0.8855,0.8069,0.0048,0.0013,0.6272,0.9849,BOMBAY
48961.5997,1001.959,401.2676,207.5565,1.848,0.7869,60932.1842,293.9588,0.6954,0.9505,0.7102,0.8029,0.0056,0.0015,0.6243,0.9626,BARBUNYA
44316.9321,1022.8716,425.1289,154.8517,2.582,0.9359,53042.7677,272.9583,0.6692,0.9712,0.5772,0.5931,0.0085,0.0011,0.4392,0.9518,HOROZ
53827.5438,1048.4195,428.9168,158.9518,3.0987,0.9103,49556.9812,236.0135,0.62,0.9694,0.5699,0.6037,0.0085,0.0014,0.3434,0.9429,HOROZ
81685.4781,1119.3586,454.9525,255.8016,1.643,0.7858,92936.3344,313.3384,0.7715,0.9628,0.808,0.7629,0.0051,0.0011,0.5845,0.9778,BOMBAY
92672.0386,1122.7651,425.3998,257.489,1.8016,0.7701,78886.7778,331.957,0.7209,0.9658,0.8876,0.7797,0.0055,0.0013,0.5664,0.9768,BOMBAY
54144.7283,1083.8286,366.2676,187.5902,2.2892,0.8983,56103.3428,252.0968,0.6453,0.9608,0.6265,0.6327,0.0073,0.0017,0.4233,0.9696,CALI
61618.3125,887.1101,442.1185,150.913,2.9561,0.932,45308.0713,260.92,0.608,0.9647,0.6242,0.6249,0.0081,0.0013,0.2678,0.936,HOROZ
17626.9872,622.1893,244.8858,140.4858,1.5209,0.7381,30547.7037,198.7575,0.7171,0.965,0.8425,0.777,0.0094,0.0015,0.6287,0.9908,DERMASON
52588.672,952.7219,315.8916,168.8135,2.0098,0.9169,49417.0569,264.6759,0.7628,0.9705,0.6894,0.7385,0.0069,0.0012,0.5175,0.9644,BARBUNYA
31175.4783,643.5894,223.7303,183.8335,1.4095,0.6652,27536.6714,201.276,0.7747,0.9752,0.9178,0.8346,0.0066,0.0028,0.7315,0.987,SEKER
18804.072,655.7279,235.6944,150.3253,1.6164,0.7694,28724.9316,184.0804,0.7343,0.9686,0.8404,0.8156,0.0089,0.0018,0.6398,0.9857,DERMASON
49471.0961,995.1125,412.1747,160.4734,2.4953,0.8836,42542.8897,260.4753,0.6077,0.9565,0.6515,0.6532,0.0096,0.0016,0.3914,0.9413,CALI
52371.5838,998.2812,415.9002,151.1345,2.6055,0.9463,51621.8918,248.6144,0.6957,0.9613,0.5904,0.6139,0.0089,0.0014,0.3801,0.9559,HOROZ
27826.988,669.5245,208.721,173.803,1.2857,0.695,20393.526,182.9331,0.7989,0.9902,0.872,0.8276,0.0093,0.0027,0.7249,0.9946,SEKER
20454.3392,696.6403,225.7454,141.7164,1.454,0.7572,28284.4974,186.913,0.7833,0.9735,0.8505,0.8346,0.0074,0.0027,0.7118,0.9743,SIRA
23119.5219,627.1711,243.481,136.7551,1.6071,0.7285,21970.8439,201.3224,0.7723,0.9569,0.8245,0.8099,0.0095,0.0031,0.6409,0.9628,DERMASON
51784.832,1070.0438,371.2633,181.2874,2.0887,0.8438,41495.0287,286.87,0.6193,0.963,0.7267,0.6806,0.0091,0.0011,0.3777,0.9487,CALI
38404.6228,1099.9433,378.6343,182.8931,2.7665,0.9407,42101.1924,230.2069,0.7786,0.9856,0.5117,0.5491,0.0071,0.0009,0.3615,0.9492,HOROZ
33709.9829,609.7537,266.97,165.6815,1.6306,0.6866,26664.9394,184.5283,0.7366,0.9688,0.7695,0.7383,0.0083,0.0022,0.5628,0.9821,SIRA
93788.4989,1023.6504,461.5257,252.8696,1.5811,0.8346,96262.933,330.8077,0.7298,0.9725,0.7774,0.8019,0.0051,0.0012,0.6131,0.979,BOMBAY
21334.9384,584.5007,262.0009,130.5153,1.7303,0.7435,33857.6053,158.0781,0.758,0.9887,0.8304,0.7922,0.0095,0.0022,0.6293,0.98,SIRA
21143.2353,542.377,223.0492,153.6682,1.3817,0.6479,26424.4858,201.3246,0.7051,0.9577,0.8957,0.897,0.0081,0.0022,0.6199,0.9913,SEKER
22550.5572,683.4166,196.4045,138.4304,1.4673,0.7521,32204.5956,158.3061,0.7426,0.9665,0.8054,0.8228,0.0111,0.0035,0.6486,0.9803,DERMASON
29645.0779,675.3348,226.8123,153.7114,1.7339,0.7681,30492.0531,168.3698,0.7306,0.9592,0.849,0.7258,0.0087,0.0027,0.6665,0.9649,DERMASON
59009.7377,1014.6932,335.7237,225.1337,2.0331,0.8118,42223.3614,248.1057,0.6621,0.9402,0.7725,0.7604,0.0067,0.0017,0.6223,0.973,BARBUNYA
20265.3392,689.0754,226.6926,154.7079,1.7856,0.7369,29817.0435,177.2853,0.7909,0.9585,0.8221,0.7782,0.0106,0.003,0.6087,0.9852,SIRA
28101.0229,612.3215,228.1374,139.7449,1.5459,0.7106,25352.7864,172.11,0.7819,0.9718,0.8395,0.8107,0.0096,0.0031,0.6518,0.9745,DERMASON
78855.019,1155.9707,467.6336,229.6033,1.5355,0.8061,80997.3075,332.7331,0.7186,0.969,0.885,0.7953,0.0045,0.0014,0.6243,0.9805,BOMBAY
92309.0549,1064.991,421.8271,256.7455,1.5833,0.7958,94130.0499,320.0047,0.6981,0.9763,0.908,0.764,0.005,0.0012,0.5954,0.9883,BOMBAY
30629.7989,712.4821,211.6207,157.5663,1.3908,0.7771,20348.2431,188.315,0.7112,0.9442,0.7892,0.8085,0.0094,0.0024,0.7086,0.9842,SEKER
67351.2926,918.2253,419.9414,188.7973,1.8456,0.8245,79264.3958,267.6367,0.7334,0.9717,0.7387,0.776,0.0063,0.0013,0.5278,0.9705,BARBUNYA
86600.907,1187.9188,415.9298,257.6907,1.6162,0.7884,98650.8448,357.7814,0.7549,0.9711,0.9,0.7858,0.0048,0.001,0.5314,0.9764,BOMBAY
