date,county,state,fips,cases,deaths
2020-03-01,Autauga,Alabama,01001,0,0
2020-03-02,Autauga,Alabama,01001,0,0
2020-03-03,Autauga,Alabama,01001,0,0
2020-03-04,Autauga,Alabama,01001,0,0
2020-03-05,Autauga,Alabama,01001,0,0
2020-03-06,Autauga,Alabama,01001,0,0
2020-03-07,Autauga,Alabama,01001,0,0
2020-03-08,Autauga,Alabama,01001,0,0
2020-03-09,Autauga,Alabama,01001,0,0
2020-03-10,Autauga,Alabama,01001,0,0
2020-03-11,Autauga,Alabama,01001,0,0
2020-03-12,Autauga,Alabama,01001,0,0
2020-03-13,Autauga,Alabama,01001,0,0
2020-03-14,Autauga,Alabama,01001,0,0
2020-03-15,Autauga,Alabama,01001,0,0
2020-03-16,Autauga,Alabama,01001,0,0
2020-03-17,Autauga,Alabama,01001,0,0
2020-03-18,Autauga,Alabama,01001,0,0
2020-03-19,Autauga,Alabama,01001,0,0
2020-03-20,Autauga,Alabama,01001,0,0
2020-03-21,Autauga,Alabama,01001,0,0
2020-03-22,Autauga,Alabama,01001,0,0
2020-03-23,Autauga,Alabama,01001,0,0
2020-03-24,Autauga,Alabama,01001,0,0
2020-03-25,Autauga,Alabama,01001,0,0
2020-03-26,Autauga,Alabama,01001,0,0
2020-03-27,Autauga,Alabama,01001,0,0
2020-03-28,Autauga,Alabama,01001,0,0
2020-03-29,Autauga,Alabama,01001,0,0
2020-03-30,Autauga,Alabama,01001,0,0
2020-03-31,Autauga,Alabama,01001,5,0
2020-04-01,Autauga,Alabama,01001,8,0
2020-04-02,Autauga,Alabama,01001,12,0
2020-04-03,Autauga,Alabama,01001,13,0
2020-04-04,Autauga,Alabama,01001,15,0
2020-04-05,Autauga,Alabama,01001,16,0
2020-04-06,Autauga,Alabama,01001,20,0
2020-04-07,Autauga,Alabama,01001,23,0
2020-04-08,Autauga,Alabama,01001,28,0
2020-04-09,Autauga,Alabama,01001,29,0
2020-04-10,Autauga,Alabama,01001,32,0
2020-04-11,Autauga,Alabama,01001,35,0
2020-04-12,Autauga,Alabama,01001,37,0
2020-04-13,Autauga,Alabama,01001,42,0
2020-04-14,Autauga,Alabama,01001,43,0
2020-04-15,Autauga,Alabama,01001,44,0
2020-04-16,Autauga,Alabama,01001,48,0
2020-04-17,Autauga,Alabama,01001,48,0
2020-04-18,Autauga,Alabama,01001,53,0
2020-04-19,Autauga,Alabama,01001,58,0
2020-04-20,Autauga,Alabama,01001,58,0
2020-04-21,Autauga,Alabama,01001,61,0
2020-04-22,Autauga,Alabama,01001,62,0
2020-04-23,Autauga,Alabama,01001,63,0
2020-04-24,Autauga,Alabama,01001,65,0
2020-04-25,Autauga,Alabama,01001,69,0
2020-04-26,Autauga,Alabama,01001,72,0
2020-04-27,Autauga,Alabama,01001,77,0
2020-04-28,Autauga,Alabama,01001,79,0
2020-04-29,Autauga,Alabama,01001,82,0
2020-04-30,Autauga,Alabama,01001,86,0
2020-05-01,Autauga,Alabama,01001,90,0
2020-05-02,Autauga,Alabama,01001,90,0
2020-05-03,Autauga,Alabama,01001,90,0
2020-05-04,Autauga,Alabama,01001,94,0
2020-05-05,Autauga,Alabama,01001,96,0
2020-05-06,Autauga,Alabama,01001,100,0
2020-05-07,Autauga,Alabama,01001,100,0
2020-05-08,Autauga,Alabama,01001,100,0
2020-05-09,Autauga,Alabama,01001,104,0
2020-05-10,Autauga,Alabama,01001,106,0
2020-05-11,Autauga,Alabama,01001,107,0
2020-05-12,Autauga,Alabama,01001,109,0
2020-05-13,Autauga,Alabama,01001,112,0
2020-05-14,Autauga,Alabama,01001,113,0
2020-05-15,Autauga,Alabama,01001,118,0
2020-05-16,Autauga,Alabama,01001,120,0
2020-05-17,Autauga,Alabama,01001,121,0
2020-05-18,Autauga,Alabama,01001,123,0
2020-05-19,Autauga,Alabama,01001,124,0
2020-05-20,Autauga,Alabama,01001,124,0
2020-05-21,Autauga,Alabama,01001,125,0
2020-05-22,Autauga,Alabama,01001,129,0
2020-05-23,Autauga,Alabama,01001,130,0
2020-05-24,Autauga,Alabama,01001,131,0
2020-05-25,Autauga,Alabama,01001,136,0
2020-05-26,Autauga,Alabama,01001,138,0
2020-05-27,Autauga,Alabama,01001,142,0
2020-05-28,Autauga,Alabama,01001,143,0
2020-05-29,Autauga,Alabama,01001,145,0
2020-05-30,Autauga,Alabama,01001,149,0
2020-05-31,Autauga,Alabama,01001,154,0
2020-06-01,Autauga,Alabama,01001,156,0
2020-06-02,Autauga,Alabama,01001,160,0
2020-06-03,Autauga,Alabama,01001,161,0
2020-06-04,Autauga,Alabama,01001,163,0
2020-06-05,Autauga,Alabama,01001,164,0
2020-06-06,Autauga,Alabama,01001,166,0
2020-06-07,Autauga,Alabama,01001,169,0
2020-06-08,Autauga,Alabama,01001,174,0
2020-06-09,Autauga,Alabama,01001,179,0
2020-06-10,Autauga,Alabama,01001,183,0
2020-06-11,Autauga,Alabama,01001,186,0
2020-06-12,Autauga,Alabama,01001,188,0
2020-06-13,Autauga,Alabama,01001,190,0
2020-06-14,Autauga,Alabama,01001,191,0
2020-06-15,Autauga,Alabama,01001,193,0
2020-06-16,Autauga,Alabama,01001,198,0
2020-06-17,Autauga,Alabama,01001,201,0
2020-06-18,Autauga,Alabama,01001,202,0
2020-06-19,Autauga,Alabama,01001,207,0
2020-06-20,Autauga,Alabama,01001,210,0
2020-06-21,Autauga,Alabama,01001,210,0
2020-06-22,Autauga,Alabama,01001,213,0
2020-06-23,Autauga,Alabama,01001,214,0
2020-06-24,Autauga,Alabama,01001,214,0
2020-06-25,Autauga,Alabama,01001,217,0
2020-06-26,Autauga,Alabama,01001,218,0
2020-06-27,Autauga,Alabama,01001,223,0
2020-06-28,Autauga,Alabama,01001,226,0
2020-06-29,Autauga,Alabama,01001,230,0
2020-06-30,Autauga,Alabama,01001,235,0
2020-07-01,Autauga,Alabama,01001,237,0
2020-07-02,Autauga,Alabama,01001,239,0
2020-07-03,Autauga,Alabama,01001,245,0
2020-07-04,Autauga,Alabama,01001,248,0
2020-07-05,Autauga,Alabama,01001,249,0
2020-07-06,Autauga,Alabama,01001,257,0
2020-07-07,Autauga,Alabama,01001,258,0
2020-07-08,Autauga,Alabama,01001,261,0
2020-07-09,Autauga,Alabama,01001,269,0
2020-07-10,Autauga,Alabama,01001,273,0
2020-07-11,Autauga,Alabama,01001,280,0
2020-07-12,Autauga,Alabama,01001,285,0
2020-07-13,Autauga,Alabama,01001,291,0
2020-07-14,Autauga,Alabama,01001,298,0
2020-07-15,Autauga,Alabama,01001,304,0
2020-07-16,Autauga,Alabama,01001,306,0
2020-07-17,Autauga,Alabama,01001,307,0
2020-07-18,Autauga,Alabama,01001,310,0
2020-07-19,Autauga,Alabama,01001,316,0
2020-07-20,Autauga,Alabama,01001,322,0
2020-07-21,Autauga,Alabama,01001,326,0
2020-07-22,Autauga,Alabama,01001,333,0
2020-07-23,Autauga,Alabama,01001,337,0
2020-07-24,Autauga,Alabama,01001,338,0
2020-07-25,Autauga,Alabama,01001,344,0
2020-07-26,Autauga,Alabama,01001,350,0
2020-07-27,Autauga,Alabama,01001,354,0
2020-07-28,Autauga,Alabama,01001,355,0
2020-07-29,Autauga,Alabama,01001,363,0
2020-07-30,Autauga,Alabama,01001,370,0
2020-07-31,Autauga,Alabama,01001,372,0
2020-08-01,Autauga,Alabama,01001,375,0
2020-08-02,Autauga,Alabama,01001,382,0
2020-08-03,Autauga,Alabama,01001,390,0
2020-08-04,Autauga,Alabama,01001,393,0
2020-08-05,Autauga,Alabama,01001,400,0
2020-08-06,Autauga,Alabama,01001,404,0
2020-08-07,Autauga,Alabama,01001,406,0
2020-08-08,Autauga,Alabama,01001,413,0
2020-08-09,Autauga,Alabama,01001,420,0
2020-08-10,Autauga,Alabama,01001,421,0
2020-08-11,Autauga,Alabama,01001,424,0
2020-08-12,Autauga,Alabama,01001,431,0
2020-08-13,Autauga,Alabama,01001,438,0
2020-08-14,Autauga,Alabama,01001,445,0
2020-08-15,Autauga,Alabama,01001,452,0
2020-08-16,Autauga,Alabama,01001,454,0
2020-08-17,Autauga,Alabama,01001,458,0
2020-08-18,Autauga,Alabama,01001,465,0
2020-08-19,Autauga,Alabama,01001,466,0
2020-08-20,Autauga,Alabama,01001,469,0
2020-08-21,Autauga,Alabama,01001,477,0
2020-08-22,Autauga,Alabama,01001,483,0
2020-08-23,Autauga,Alabama,01001,491,0
2020-08-24,Autauga,Alabama,01001,499,0
2020-08-25,Autauga,Alabama,01001,507,0
2020-08-26,Autauga,Alabama,01001,515,0
2020-08-27,Autauga,Alabama,01001,516,0
2020-08-28,Autauga,Alabama,01001,522,0
2020-08-29,Autauga,Alabama,01001,527,0
2020-08-30,Autauga,Alabama,01001,531,0
2020-08-31,Autauga,Alabama,01001,534,0
2020-09-01,Autauga,Alabama,01001,535,0
2020-09-02,Autauga,Alabama,01001,540,0
2020-09-03,Autauga,Alabama,01001,546,0
2020-09-04,Autauga,Alabama,01001,549,0
2020-09-05,Autauga,Alabama,01001,555,0
2020-09-06,Autauga,Alabama,01001,558,0
2020-09-07,Autauga,Alabama,01001,564,0
2020-09-08,Autauga,Alabama,01001,567,0
2020-09-09,Autauga,Alabama,01001,571,0
2020-09-10,Autauga,Alabama,01001,573,0
2020-09-11,Autauga,Alabama,01001,581,0
2020-09-12,Autauga,Alabama,01001,589,0
2020-09-13,Autauga,Alabama,01001,592,0
2020-09-14,Autauga,Alabama,01001,593,0
2020-09-15,Autauga,Alabama,01001,597,0
2020-09-16,Autauga,Alabama,01001,603,0
2020-09-17,Autauga,Alabama,01001,607,0
2020-09-18,Autauga,Alabama,01001,611,0
2020-09-19,Autauga,Alabama,01001,618,0
2020-09-20,Autauga,Alabama,01001,619,0
2020-09-21,Autauga,Alabama,01001,625,0
2020-09-22,Autauga,Alabama,01001,632,0
2020-09-23,Autauga,Alabama,01001,638,0
2020-09-24,Autauga,Alabama,01001,640,0
2020-09-25,Autauga,Alabama,01001,643,0
2020-09-26,Autauga,Alabama,01001,650,0
2020-09-27,Autauga,Alabama,01001,654,0
2020-09-28,Autauga,Alabama,01001,656,0
2020-09-29,Autauga,Alabama,01001,660,0
2020-09-30,Autauga,Alabama,01001,666,0
2020-10-01,Autauga,Alabama,01001,672,0
2020-10-02,Autauga,Alabama,01001,673,0
2020-10-03,Autauga,Alabama,01001,675,0
2020-10-04,Autauga,Alabama,01001,680,0
2020-10-05,Autauga,Alabama,01001,683,0
2020-10-06,Autauga,Alabama,01001,687,0
2020-10-07,Autauga,Alabama,01001,693,0
2020-10-08,Autauga,Alabama,01001,698,0
2020-10-09,Autauga,Alabama,01001,706,0
2020-10-10,Autauga,Alabama,01001,712,0
2020-10-11,Autauga,Alabama,01001,719,0
2020-10-12,Autauga,Alabama,01001,727,0
2020-10-13,Autauga,Alabama,01001,731,0
2020-10-14,Autauga,Alabama,01001,734,0
2020-10-15,Autauga,Alabama,01001,741,0
2020-10-16,Autauga,Alabama,01001,747,0
2020-10-17,Autauga,Alabama,01001,748,0
2020-10-18,Autauga,Alabama,01001,751,0
2020-10-19,Autauga,Alabama,01001,756,0
2020-10-20,Autauga,Alabama,01001,758,0
2020-10-21,Autauga,Alabama,01001,764,0
2020-10-22,Autauga,Alabama,01001,768,0
2020-10-23,Autauga,Alabama,01001,772,0
2020-10-24,Autauga,Alabama,01001,776,0
2020-10-25,Autauga,Alabama,01001,781,0
2020-10-26,Autauga,Alabama,01001,788,0
2020-10-27,Autauga,Alabama,01001,792,0
2020-10-28,Autauga,Alabama,01001,795,0
2020-10-29,Autauga,Alabama,01001,802,0
2020-10-30,Autauga,Alabama,01001,806,0
2020-10-31,Autauga,Alabama,01001,811,0
2020-11-01,Autauga,Alabama,01001,813,0
2020-11-02,Autauga,Alabama,01001,817,0
2020-11-03,Autauga,Alabama,01001,820,0
2020-11-04,Autauga,Alabama,01001,824,0
2020-11-05,Autauga,Alabama,01001,828,0
2020-11-06,Autauga,Alabama,01001,839,0
2020-11-07,Autauga,Alabama,01001,847,0
2020-11-08,Autauga,Alabama,01001,850,0
2020-11-09,Autauga,Alabama,01001,855,0
2020-11-10,Autauga,Alabama,01001,859,0
2020-11-11,Autauga,Alabama,01001,865,0
2020-11-12,Autauga,Alabama,01001,878,0
2020-11-13,Autauga,Alabama,01001,891,0
2020-11-14,Autauga,Alabama,01001,897,0
2020-11-15,Autauga,Alabama,01001,900,0
2020-11-16,Autauga,Alabama,01001,916,0
2020-11-17,Autauga,Alabama,01001,928,0
2020-11-18,Autauga,Alabama,01001,940,0
2020-11-19,Autauga,Alabama,01001,956,0
2020-11-20,Autauga,Alabama,01001,959,0
2020-11-21,Autauga,Alabama,01001,964,0
2020-11-22,Autauga,Alabama,01001,974,0
2020-11-23,Autauga,Alabama,01001,986,0
2020-11-24,Autauga,Alabama,01001,991,0
2020-11-25,Autauga,Alabama,01001,1004,0
2020-11-26,Autauga,Alabama,01001,1018,0
2020-11-27,Autauga,Alabama,01001,1022,0
2020-11-28,Autauga,Alabama,01001,1029,0
2020-11-29,Autauga,Alabama,01001,1045,0
2020-11-30,Autauga,Alabama,01001,1057,0
2020-12-01,Autauga,Alabama,01001,1069,0
2020-12-02,Autauga,Alabama,01001,1073,0
2020-12-03,Autauga,Alabama,01001,1087,0
2020-12-04,Autauga,Alabama,01001,1091,0
2020-12-05,Autauga,Alabama,01001,1104,0
2020-12-06,Autauga,Alabama,01001,1113,0
2020-12-07,Autauga,Alabama,01001,1123,0
2020-12-08,Autauga,Alabama,01001,1137,0
2020-12-09,Autauga,Alabama,01001,1141,0
2020-12-10,Autauga,Alabama,01001,1152,0
2020-12-11,Autauga,Alabama,01001,1164,0
2020-12-12,Autauga,Alabama,01001,1177,0
2020-12-13,Autauga,Alabama,01001,1183,0
2020-12-14,Autauga,Alabama,01001,1193,0
2020-12-15,Autauga,Alabama,01001,1202,0
2020-12-16,Autauga,Alabama,01001,1208,0
2020-12-17,Autauga,Alabama,01001,1222,0
2020-12-18,Autauga,Alabama,01001,1237,0
2020-12-19,Autauga,Alabama,01001,1246,0
2020-12-20,Autauga,Alabama,01001,1254,0
2020-12-21,Autauga,Alabama,01001,1268,0
2020-12-22,Autauga,Alabama,01001,1274,0
2020-12-23,Autauga,Alabama,01001,1281,0
2020-12-24,Autauga,Alabama,01001,1293,0
2020-12-25,Autauga,Alabama,01001,1296,0
2020-12-26,Autauga,Alabama,01001,1300,0
2020-12-27,Autauga,Alabama,01001,1309,0
2020-12-28,Autauga,Alabama,01001,1321,0
2020-12-29,Autauga,Alabama,01001,1330,0
2020-12-30,Autauga,Alabama,01001,1334,0
2020-12-31,Autauga,Alabama,01001,1346,0
2021-01-01,Autauga,Alabama,01001,1357,0
2021-01-02,Autauga,Alabama,01001,1367,0
2021-01-03,Autauga,Alabama,01001,1380,0
2021-01-04,Autauga,Alabama,01001,1392,0
2021-01-05,Autauga,Alabama,01001,1398,0
2021-01-06,Autauga,Alabama,01001,1403,0
2021-01-07,Autauga,Alabama,01001,1413,0
2021-01-08,Autauga,Alabama,01001,1418,0
2021-01-09,Autauga,Alabama,01001,1427,0
2021-01-10,Autauga,Alabama,01001,1443,0
2021-01-11,Autauga,Alabama,01001,1450,0
2021-01-12,Autauga,Alabama,01001,1455,0
2021-01-13,Autauga,Alabama,01001,1460,0
2021-01-14,Autauga,Alabama,01001,1470,0
2021-01-15,Autauga,Alabama,01001,1486,0
2021-01-16,Autauga,Alabama,01001,1498,0
2021-01-17,Autauga,Alabama,01001,1512,0
2021-01-18,Autauga,Alabama,01001,1527,0
2021-01-19,Autauga,Alabama,01001,1536,0
2021-01-20,Autauga,Alabama,01001,1541,0
2021-01-21,Autauga,Alabama,01001,1556,0
2021-01-22,Autauga,Alabama,01001,1570,0
2021-01-23,Autauga,Alabama,01001,1574,0
2021-01-24,Autauga,Alabama,01001,1578,0
2021-01-25,Autauga,Alabama,01001,1588,0
2021-01-26,Autauga,Alabama,01001,1604,0
2021-01-27,Autauga,Alabama,01001,1617,0
2021-01-28,Autauga,Alabama,01001,1630,0
2021-01-29,Autauga,Alabama,01001,1640,0
2021-01-30,Autauga,Alabama,01001,1649,0
2021-01-31,Autauga,Alabama,01001,1665,0
2021-02-01,Autauga,Alabama,01001,1676,0
2021-02-02,Autauga,Alabama,01001,1689,0
2021-02-03,Autauga,Alabama,01001,1695,0
2021-02-04,Autauga,Alabama,01001,1707,0
2021-02-05,Autauga,Alabama,01001,1712,0
2021-02-06,Autauga,Alabama,01001,1715,0
2021-02-07,Autauga,Alabama,01001,1726,0
2021-02-08,Autauga,Alabama,01001,1732,0
2021-02-09,Autauga,Alabama,01001,1744,0
2021-02-10,Autauga,Alabama,01001,1756,0
2021-02-11,Autauga,Alabama,01001,1769,0
2021-02-12,Autauga,Alabama,01001,1781,0
2021-02-13,Autauga,Alabama,01001,1790,0
2021-02-14,Autauga,Alabama,01001,1794,0
2021-02-15,Autauga,Alabama,01001,1799,0
2021-02-16,Autauga,Alabama,01001,1801,0
2021-02-17,Autauga,Alabama,01001,1806,0
2021-02-18,Autauga,Alabama,01001,1808,0
2021-02-19,Autauga,Alabama,01001,1812,0
2021-02-20,Autauga,Alabama,01001,1818,0
2021-02-21,Autauga,Alabama,01001,1821,0
2021-02-22,Autauga,Alabama,01001,1822,0
2021-02-23,Autauga,Alabama,01001,1824,0
2021-02-24,Autauga,Alabama,01001,1825,0
2021-02-25,Autauga,Alabama,01001,1830,0
2021-02-26,Autauga,Alabama,01001,1836,0
2021-02-27,Autauga,Alabama,01001,1840,0
2021-02-28,Autauga,Alabama,01001,1841,0
2021-03-01,Autauga,Alabama,01001,1844,0
2021-03-02,Autauga,Alabama,01001,1850,0
2021-03-03,Autauga,Alabama,01001,1854,0
2021-03-04,Autauga,Alabama,01001,1857,0
2021-03-05,Autauga,Alabama,01001,1860,0
2021-03-06,Autauga,Alabama,01001,1864,0
2021-03-07,Autauga,Alabama,01001,1866,0
2021-03-08,Autauga,Alabama,01001,1868,0
2021-03-09,Autauga,Alabama,01001,1873,0
2021-03-10,Autauga,Alabama,01001,1876,0
2021-03-11,Autauga,Alabama,01001,1878,0
2021-03-12,Autauga,Alabama,01001,1881,0
2021-03-13,Autauga,Alabama,01001,1887,0
2021-03-14,Autauga,Alabama,01001,1891,0
2021-03-15,Autauga,Alabama,01001,1893,0
2021-03-16,Autauga,Alabama,01001,1898,0
2021-03-17,Autauga,Alabama,01001,1903,0
2021-03-18,Autauga,Alabama,01001,1907,0
2021-03-19,Autauga,Alabama,01001,1910,0
2021-03-20,Autauga,Alabama,01001,1911,0
2021-03-21,Autauga,Alabama,01001,1915,0
2021-03-22,Autauga,Alabama,01001,1917,0
2021-03-23,Autauga,Alabama,01001,1921,0
2021-03-24,Autauga,Alabama,01001,1927,0
2021-03-25,Autauga,Alabama,01001,1930,0
2021-03-26,Autauga,Alabama,01001,1935,0
2021-03-27,Autauga,Alabama,01001,1940,0
2021-03-28,Autauga,Alabama,01001,1942,0
2021-03-29,Autauga,Alabama,01001,1948,0
2021-03-30,Autauga,Alabama,01001,1952,0
2021-03-31,Autauga,Alabama,01001,1958,0
2021-04-01,Autauga,Alabama,01001,1964,0
2021-04-02,Autauga,Alabama,01001,1966,0
2021-04-03,Autauga,Alabama,01001,1969,0
2021-04-04,Autauga,Alabama,01001,1972,0
2021-04-05,Autauga,Alabama,01001,1974,0
2021-04-06,Autauga,Alabama,01001,1978,0
2021-04-07,Autauga,Alabama,01001,1981,0
2021-04-08,Autauga,Alabama,01001,1985,0
2021-04-09,Autauga,Alabama,01001,1989,0
2021-04-10,Autauga,Alabama,01001,1992,0
2021-04-11,Autauga,Alabama,01001,1994,0
2021-04-12,Autauga,Alabama,01001,1998,0
2021-04-13,Autauga,Alabama,01001,2003,0
2021-04-14,Autauga,Alabama,01001,2008,0
2021-04-15,Autauga,Alabama,01001,2013,0
2021-04-16,Autauga,Alabama,01001,2017,0
2021-04-17,Autauga,Alabama,01001,2023,0
2021-04-18,Autauga,Alabama,01001,2024,0
2021-04-19,Autauga,Alabama,01001,2028,0
2021-04-20,Autauga,Alabama,01001,2034,0
2021-04-21,Autauga,Alabama,01001,2038,0
2021-04-22,Autauga,Alabama,01001,2043,0
2021-04-23,Autauga,Alabama,01001,2047,0
2021-04-24,Autauga,Alabama,01001,2050,0
2021-04-25,Autauga,Alabama,01001,2053,0
2021-04-26,Autauga,Alabama,01001,2057,0
2021-04-27,Autauga,Alabama,01001,2062,0
2021-04-28,Autauga,Alabama,01001,2065,0
2021-04-29,Autauga,Alabama,01001,2070,0
2021-04-30,Autauga,Alabama,01001,2075,0
2021-05-01,Autauga,Alabama,01001,2076,0
2021-05-02,Autauga,Alabama,01001,2082,0
2021-05-03,Autauga,Alabama,01001,2087,0
2021-05-04,Autauga,Alabama,01001,2088,0
2021-05-05,Autauga,Alabama,01001,2093,0
2021-05-06,Autauga,Alabama,01001,2097,0
2021-05-07,Autauga,Alabama,01001,2098,0
2021-05-08,Autauga,Alabama,01001,2100,0
2021-05-09,Autauga,Alabama,01001,2101,0
2021-05-10,Autauga,Alabama,01001,2105,0
2021-05-11,Autauga,Alabama,01001,2107,0
2021-05-12,Autauga,Alabama,01001,2112,0
2021-05-13,Autauga,Alabama,01001,2114,0
2021-05-14,Autauga,Alabama,01001,2115,0
2021-05-15,Autauga,Alabama,01001,2117,0
2021-05-16,Autauga,Alabama,01001,2118,0
2021-05-17,Autauga,Alabama,01001,2124,0
2021-05-18,Autauga,Alabama,01001,2125,0
2021-05-19,Autauga,Alabama,01001,2128,0
2021-05-20,Autauga,Alabama,01001,2132,0
2021-05-21,Autauga,Alabama,01001,2134,0
2021-05-22,Autauga,Alabama,01001,2136,0
2021-05-23,Autauga,Alabama,01001,2139,0
2021-05-24,Autauga,Alabama,01001,2143,0
2021-05-25,Autauga,Alabama,01001,2149,0
2021-05-26,Autauga,Alabama,01001,2155,0
2021-05-27,Autauga,Alabama,01001,2157,0
2021-05-28,Autauga,Alabama,01001,2161,0
2021-05-29,Autauga,Alabama,01001,2162,0
2021-05-30,Autauga,Alabama,01001,2165,0
2021-05-31,Autauga,Alabama,01001,2167,0
2021-06-01,Autauga,Alabama,01001,2171,0
2021-06-02,Autauga,Alabama,01001,2175,0
2021-06-03,Autauga,Alabama,01001,2179,0
2021-06-04,Autauga,Alabama,01001,2183,0
2021-06-05,Autauga,Alabama,01001,2187,0
2021-06-06,Autauga,Alabama,01001,2191,0
2021-06-07,Autauga,Alabama,01001,2194,0
2021-06-08,Autauga,Alabama,01001,2199,0
2021-06-09,Autauga,Alabama,01001,2201,0
2021-06-10,Autauga,Alabama,01001,2203,0
2021-06-11,Autauga,Alabama,01001,2207,0
2021-06-12,Autauga,Alabama,01001,2211,0
2021-06-13,Autauga,Alabama,01001,2216,0
2021-06-14,Autauga,Alabama,01001,2221,0
2021-06-15,Autauga,Alabama,01001,2226,0
2021-06-16,Autauga,Alabama,01001,2229,0
2021-06-17,Autauga,Alabama,01001,2235,0
2021-06-18,Autauga,Alabama,01001,2241,0
2021-06-19,Autauga,Alabama,01001,2246,0
2021-06-20,Autauga,Alabama,01001,2252,0
2021-06-21,Autauga,Alabama,01001,2255,0
2021-06-22,Autauga,Alabama,01001,2256,0
2021-06-23,Autauga,Alabama,01001,2259,0
2021-06-24,Autauga,Alabama,01001,2263,0
2021-06-25,Autauga,Alabama,01001,2268,0
2021-06-26,Autauga,Alabama,01001,2269,0
2021-06-27,Autauga,Alabama,01001,2270,0
2021-06-28,Autauga,Alabama,01001,2274,0
2021-06-29,Autauga,Alabama,01001,2276,0
2021-06-30,Autauga,Alabama,01001,2281,0
2020-03-01,Baldwin,Alabama,01003,0,0
2020-03-02,Baldwin,Alabama,01003,0,0
2020-03-03,Baldwin,Alabama,01003,0,0
2020-03-04,Baldwin,Alabama,01003,0,0
2020-03-05,Baldwin,Alabama,01003,0,0
2020-03-06,Baldwin,Alabama,01003,1,0
2020-03-07,Baldwin,Alabama,01003,3,0
2020-03-08,Baldwin,Alabama,01003,4,0
2020-03-09,Baldwin,Alabama,01003,4,0
2020-03-10,Baldwin,Alabama,01003,5,0
2020-03-11,Baldwin,Alabama,01003,7,0
2020-03-12,Baldwin,Alabama,01003,7,0
2020-03-13,Baldwin,Alabama,01003,9,0
2020-03-14,Baldwin,Alabama,01003,9,0
2020-03-15,Baldwin,Alabama,01003,10,0
2020-03-16,Baldwin,Alabama,01003,10,0
2020-03-17,Baldwin,Alabama,01003,10,0
2020-03-18,Baldwin,Alabama,01003,11,0
2020-03-19,Baldwin,Alabama,01003,12,0
2020-03-20,Baldwin,Alabama,01003,13,0
2020-03-21,Baldwin,Alabama,01003,14,0
2020-03-22,Baldwin,Alabama,01003,14,0
2020-03-23,Baldwin,Alabama,01003,14,0
2020-03-24,Baldwin,Alabama,01003,14,0
2020-03-25,Baldwin,Alabama,01003,15,0
2020-03-26,Baldwin,Alabama,01003,15,0
2020-03-27,Baldwin,Alabama,01003,15,0
2020-03-28,Baldwin,Alabama,01003,15,0
2020-03-29,Baldwin,Alabama,01003,15,0
2020-03-30,Baldwin,Alabama,01003,16,0
2020-03-31,Baldwin,Alabama,01003,18,0
2020-04-01,Baldwin,Alabama,01003,25,0
2020-04-02,Baldwin,Alabama,01003,30,0
2020-04-03,Baldwin,Alabama,01003,47,0
2020-04-04,Baldwin,Alabama,01003,64,0
2020-04-05,Baldwin,Alabama,01003,81,0
2020-04-06,Baldwin,Alabama,01003,85,0
2020-04-07,Baldwin,Alabama,01003,106,0
2020-04-08,Baldwin,Alabama,01003,123,0
2020-04-09,Baldwin,Alabama,01003,135,0
2020-04-10,Baldwin,Alabama,01003,156,0
2020-04-11,Baldwin,Alabama,01003,167,0
2020-04-12,Baldwin,Alabama,01003,183,0
2020-04-13,Baldwin,Alabama,01003,203,0
2020-04-14,Baldwin,Alabama,01003,206,0
2020-04-15,Baldwin,Alabama,01003,209,0
2020-04-16,Baldwin,Alabama,01003,223,0
2020-04-17,Baldwin,Alabama,01003,231,0
2020-04-18,Baldwin,Alabama,01003,243,0
2020-04-19,Baldwin,Alabama,01003,257,0
2020-04-20,Baldwin,Alabama,01003,273,0
2020-04-21,Baldwin,Alabama,01003,288,0
2020-04-22,Baldwin,Alabama,01003,304,0
2020-04-23,Baldwin,Alabama,01003,315,0
2020-04-24,Baldwin,Alabama,01003,324,0
2020-04-25,Baldwin,Alabama,01003,334,0
2020-04-26,Baldwin,Alabama,01003,344,0
2020-04-27,Baldwin,Alabama,01003,353,0
2020-04-28,Baldwin,Alabama,01003,373,0
2020-04-29,Baldwin,Alabama,01003,391,0
2020-04-30,Baldwin,Alabama,01003,395,0
2020-05-01,Baldwin,Alabama,01003,413,0
2020-05-02,Baldwin,Alabama,01003,427,0
2020-05-03,Baldwin,Alabama,01003,435,0
2020-05-04,Baldwin,Alabama,01003,444,0
2020-05-05,Baldwin,Alabama,01003,461,0
2020-05-06,Baldwin,Alabama,01003,477,0
2020-05-07,Baldwin,Alabama,01003,491,0
2020-05-08,Baldwin,Alabama,01003,504,0
2020-05-09,Baldwin,Alabama,01003,519,0
2020-05-10,Baldwin,Alabama,01003,523,0
2020-05-11,Baldwin,Alabama,01003,532,0
2020-05-12,Baldwin,Alabama,01003,545,0
2020-05-13,Baldwin,Alabama,01003,564,0
2020-05-14,Baldwin,Alabama,01003,582,0
2020-05-15,Baldwin,Alabama,01003,597,0
2020-05-16,Baldwin,Alabama,01003,617,0
2020-05-17,Baldwin,Alabama,01003,624,0
2020-05-18,Baldwin,Alabama,01003,640,0
2020-05-19,Baldwin,Alabama,01003,649,0
2020-05-20,Baldwin,Alabama,01003,668,0
2020-05-21,Baldwin,Alabama,01003,678,0
2020-05-22,Baldwin,Alabama,01003,692,0
2020-05-23,Baldwin,Alabama,01003,709,0
2020-05-24,Baldwin,Alabama,01003,719,0
2020-05-25,Baldwin,Alabama,01003,728,0
2020-05-26,Baldwin,Alabama,01003,745,0
2020-05-27,Baldwin,Alabama,01003,748,0
2020-05-28,Baldwin,Alabama,01003,753,0
2020-05-29,Baldwin,Alabama,01003,768,0
2020-05-30,Baldwin,Alabama,01003,783,0
2020-05-31,Baldwin,Alabama,01003,794,0
2020-06-01,Baldwin,Alabama,01003,811,0
2020-06-02,Baldwin,Alabama,01003,821,0
2020-06-03,Baldwin,Alabama,01003,836,0
2020-06-04,Baldwin,Alabama,01003,851,0
2020-06-05,Baldwin,Alabama,01003,861,0
2020-06-06,Baldwin,Alabama,01003,863,0
2020-06-07,Baldwin,Alabama,01003,869,0
2020-06-08,Baldwin,Alabama,01003,876,0
2020-06-09,Baldwin,Alabama,01003,878,0
2020-06-10,Baldwin,Alabama,01003,883,0
2020-06-11,Baldwin,Alabama,01003,899,0
2020-06-12,Baldwin,Alabama,01003,917,0
2020-06-13,Baldwin,Alabama,01003,920,0
2020-06-14,Baldwin,Alabama,01003,923,0
2020-06-15,Baldwin,Alabama,01003,943,0
2020-06-16,Baldwin,Alabama,01003,956,0
2020-06-17,Baldwin,Alabama,01003,972,0
2020-06-18,Baldwin,Alabama,01003,976,0
2020-06-19,Baldwin,Alabama,01003,984,0
2020-06-20,Baldwin,Alabama,01003,998,0
2020-06-21,Baldwin,Alabama,01003,1018,0
2020-06-22,Baldwin,Alabama,01003,1037,0
2020-06-23,Baldwin,Alabama,01003,1051,0
2020-06-24,Baldwin,Alabama,01003,1061,0
2020-06-25,Baldwin,Alabama,01003,1070,0
2020-06-26,Baldwin,Alabama,01003,1075,0
2020-06-27,Baldwin,Alabama,01003,1079,0
2020-06-28,Baldwin,Alabama,01003,1099,0
2020-06-29,Baldwin,Alabama,01003,1126,0
2020-06-30,Baldwin,Alabama,01003,1155,0
2020-07-01,Baldwin,Alabama,01003,1164,0
2020-07-02,Baldwin,Alabama,01003,1187,0
2020-07-03,Baldwin,Alabama,01003,1211,0
2020-07-04,Baldwin,Alabama,01003,1239,0
2020-07-05,Baldwin,Alabama,01003,1267,0
2020-07-06,Baldwin,Alabama,01003,1285,0
2020-07-07,Baldwin,Alabama,01003,1307,0
2020-07-08,Baldwin,Alabama,01003,1330,0
2020-07-09,Baldwin,Alabama,01003,1354,0
2020-07-10,Baldwin,Alabama,01003,1360,0
2020-07-11,Baldwin,Alabama,01003,1373,0
2020-07-12,Baldwin,Alabama,01003,1379,0
2020-07-13,Baldwin,Alabama,01003,1393,0
2020-07-14,Baldwin,Alabama,01003,1399,0
2020-07-15,Baldwin,Alabama,01003,1405,0
2020-07-16,Baldwin,Alabama,01003,1436,0
2020-07-17,Baldwin,Alabama,01003,1456,0
2020-07-18,Baldwin,Alabama,01003,1477,0
2020-07-19,Baldwin,Alabama,01003,1509,0
2020-07-20,Baldwin,Alabama,01003,1538,0
2020-07-21,Baldwin,Alabama,01003,1552,0
2020-07-22,Baldwin,Alabama,01003,1561,0
2020-07-23,Baldwin,Alabama,01003,1568,0
2020-07-24,Baldwin,Alabama,01003,1583,0
2020-07-25,Baldwin,Alabama,01003,1603,0
2020-07-26,Baldwin,Alabama,01003,1615,0
2020-07-27,Baldwin,Alabama,01003,1633,0
2020-07-28,Baldwin,Alabama,01003,1642,0
2020-07-29,Baldwin,Alabama,01003,1655,0
2020-07-30,Baldwin,Alabama,01003,1670,0
2020-07-31,Baldwin,Alabama,01003,1699,0
2020-08-01,Baldwin,Alabama,01003,1705,0
2020-08-02,Baldwin,Alabama,01003,1730,0
2020-08-03,Baldwin,Alabama,01003,1757,0
2020-08-04,Baldwin,Alabama,01003,1789,0
2020-08-05,Baldwin,Alabama,01003,1803,0
2020-08-06,Baldwin,Alabama,01003,1811,0
2020-08-07,Baldwin,Alabama,01003,1845,0
2020-08-08,Baldwin,Alabama,01003,1861,0
2020-08-09,Baldwin,Alabama,01003,1894,0
2020-08-10,Baldwin,Alabama,01003,1910,0
2020-08-11,Baldwin,Alabama,01003,1939,0
2020-08-12,Baldwin,Alabama,01003,1969,0
2020-08-13,Baldwin,Alabama,01003,1994,0
2020-08-14,Baldwin,Alabama,01003,2018,0
2020-08-15,Baldwin,Alabama,01003,2033,0
2020-08-16,Baldwin,Alabama,01003,2043,0
2020-08-17,Baldwin,Alabama,01003,2077,0
2020-08-18,Baldwin,Alabama,01003,2088,0
2020-08-19,Baldwin,Alabama,01003,2094,0
2020-08-20,Baldwin,Alabama,01003,2101,0
2020-08-21,Baldwin,Alabama,01003,2131,0
2020-08-22,Baldwin,Alabama,01003,2136,0
2020-08-23,Baldwin,Alabama,01003,2164,0
2020-08-24,Baldwin,Alabama,01003,2180,0
2020-08-25,Baldwin,Alabama,01003,2210,0
2020-08-26,Baldwin,Alabama,01003,2239,0
2020-08-27,Baldwin,Alabama,01003,2257,0
2020-08-28,Baldwin,Alabama,01003,2282,0
2020-08-29,Baldwin,Alabama,01003,2300,0
2020-08-30,Baldwin,Alabama,01003,2327,0
2020-08-31,Baldwin,Alabama,01003,2348,0
2020-09-01,Baldwin,Alabama,01003,2377,0
2020-09-02,Baldwin,Alabama,01003,2407,0
2020-09-03,Baldwin,Alabama,01003,2441,1
2020-09-04,Baldwin,Alabama,01003,2459,1
2020-09-05,Baldwin,Alabama,01003,2475,1
2020-09-06,Baldwin,Alabama,01003,2509,1
2020-09-07,Baldwin,Alabama,01003,2538,1
2020-09-08,Baldwin,Alabama,01003,2550,1
2020-09-09,Baldwin,Alabama,01003,2581,1
2020-09-10,Baldwin,Alabama,01003,2588,1
2020-09-11,Baldwin,Alabama,01003,2619,1
2020-09-12,Baldwin,Alabama,01003,2647,1
2020-09-13,Baldwin,Alabama,01003,2679,1
2020-09-14,Baldwin,Alabama,01003,2697,1
2020-09-15,Baldwin,Alabama,01003,2708,1
2020-09-16,Baldwin,Alabama,01003,2723,1
2020-09-17,Baldwin,Alabama,01003,2729,1
2020-09-18,Baldwin,Alabama,01003,2740,1
2020-09-19,Baldwin,Alabama,01003,2756,1
2020-09-20,Baldwin,Alabama,01003,2789,1
2020-09-21,Baldwin,Alabama,01003,2813,1
2020-09-22,Baldwin,Alabama,01003,2821,1
2020-09-23,Baldwin,Alabama,01003,2851,1
2020-09-24,Baldwin,Alabama,01003,2859,1
2020-09-25,Baldwin,Alabama,01003,2877,1
2020-09-26,Baldwin,Alabama,01003,2883,1
2020-09-27,Baldwin,Alabama,01003,2913,1
2020-09-28,Baldwin,Alabama,01003,2940,1
2020-09-29,Baldwin,Alabama,01003,2947,1
2020-09-30,Baldwin,Alabama,01003,2960,1
2020-10-01,Baldwin,Alabama,01003,2977,1
2020-10-02,Baldwin,Alabama,01003,2995,1
2020-10-03,Baldwin,Alabama,01003,3027,1
2020-10-04,Baldwin,Alabama,01003,3031,1
2020-10-05,Baldwin,Alabama,01003,3043,1
2020-10-06,Baldwin,Alabama,01003,3060,1
2020-10-07,Baldwin,Alabama,01003,3071,1
2020-10-08,Baldwin,Alabama,01003,3096,1
2020-10-09,Baldwin,Alabama,01003,3130,1
2020-10-10,Baldwin,Alabama,01003,3150,1
2020-10-11,Baldwin,Alabama,01003,3185,1
2020-10-12,Baldwin,Alabama,01003,3201,1
2020-10-13,Baldwin,Alabama,01003,3225,1
2020-10-14,Baldwin,Alabama,01003,3237,1
2020-10-15,Baldwin,Alabama,01003,3266,1
2020-10-16,Baldwin,Alabama,01003,3293,1
2020-10-17,Baldwin,Alabama,01003,3321,1
2020-10-18,Baldwin,Alabama,01003,3335,1
2020-10-19,Baldwin,Alabama,01003,3356,1
2020-10-20,Baldwin,Alabama,01003,3365,1
2020-10-21,Baldwin,Alabama,01003,3383,1
2020-10-22,Baldwin,Alabama,01003,3407,1
2020-10-23,Baldwin,Alabama,01003,3413,1
2020-10-24,Baldwin,Alabama,01003,3431,1
2020-10-25,Baldwin,Alabama,01003,3436,1
2020-10-26,Baldwin,Alabama,01003,3441,1
2020-10-27,Baldwin,Alabama,01003,3461,1
2020-10-28,Baldwin,Alabama,01003,3482,1
2020-10-29,Baldwin,Alabama,01003,3510,1
2020-10-30,Baldwin,Alabama,01003,3525,1
2020-10-31,Baldwin,Alabama,01003,3556,1
2020-11-01,Baldwin,Alabama,01003,3564,1
2020-11-02,Baldwin,Alabama,01003,3596,1
2020-11-03,Baldwin,Alabama,01003,3628,1
2020-11-04,Baldwin,Alabama,01003,3662,1
2020-11-05,Baldwin,Alabama,01003,3682,1
2020-11-06,Baldwin,Alabama,01003,3723,2
2020-11-07,Baldwin,Alabama,01003,3775,2
2020-11-08,Baldwin,Alabama,01003,3820,3
2020-11-09,Baldwin,Alabama,01003,3862,3
2020-11-10,Baldwin,Alabama,01003,3879,3
2020-11-11,Baldwin,Alabama,01003,3908,3
2020-11-12,Baldwin,Alabama,01003,3944,3
2020-11-13,Baldwin,Alabama,01003,3976,3
2020-11-14,Baldwin,Alabama,01003,4036,3
2020-11-15,Baldwin,Alabama,01003,4102,3
2020-11-16,Baldwin,Alabama,01003,4167,4
2020-11-17,Baldwin,Alabama,01003,4184,4
2020-11-18,Baldwin,Alabama,01003,4216,4
2020-11-19,Baldwin,Alabama,01003,4265,5
2020-11-20,Baldwin,Alabama,01003,4286,5
2020-11-21,Baldwin,Alabama,01003,4341,5
2020-11-22,Baldwin,Alabama,01003,4357,5
2020-11-23,Baldwin,Alabama,01003,4390,5
2020-11-24,Baldwin,Alabama,01003,4433,5
2020-11-25,Baldwin,Alabama,01003,4482,6
2020-11-26,Baldwin,Alabama,01003,4515,6
2020-11-27,Baldwin,Alabama,01003,4559,6
2020-11-28,Baldwin,Alabama,01003,4593,6
2020-11-29,Baldwin,Alabama,01003,4619,6
2020-11-30,Baldwin,Alabama,01003,4671,6
2020-12-01,Baldwin,Alabama,01003,4705,6
2020-12-02,Baldwin,Alabama,01003,4732,6
2020-12-03,Baldwin,Alabama,01003,4769,7
2020-12-04,Baldwin,Alabama,01003,4797,7
2020-12-05,Baldwin,Alabama,01003,4836,7
2020-12-06,Baldwin,Alabama,01003,4895,7
2020-12-07,Baldwin,Alabama,01003,4956,7
2020-12-08,Baldwin,Alabama,01003,4974,7
2020-12-09,Baldwin,Alabama,01003,5032,7
2020-12-10,Baldwin,Alabama,01003,5064,7
2020-12-11,Baldwin,Alabama,01003,5106,8
2020-12-12,Baldwin,Alabama,01003,5165,9
2020-12-13,Baldwin,Alabama,01003,5228,10
2020-12-14,Baldwin,Alabama,01003,5283,10
2020-12-15,Baldwin,Alabama,01003,5302,10
2020-12-16,Baldwin,Alabama,01003,5322,10
2020-12-17,Baldwin,Alabama,01003,5336,10
2020-12-18,Baldwin,Alabama,01003,5369,10
2020-12-19,Baldwin,Alabama,01003,5411,10
2020-12-20,Baldwin,Alabama,01003,5429,10
2020-12-21,Baldwin,Alabama,01003,5495,11
2020-12-22,Baldwin,Alabama,01003,5536,11
2020-12-23,Baldwin,Alabama,01003,5593,11
2020-12-24,Baldwin,Alabama,01003,5658,12
2020-12-25,Baldwin,Alabama,01003,5695,12
2020-12-26,Baldwin,Alabama,01003,5726,12
2020-12-27,Baldwin,Alabama,01003,5781,13
2020-12-28,Baldwin,Alabama,01003,5804,13
2020-12-29,Baldwin,Alabama,01003,5840,13
2020-12-30,Baldwin,Alabama,01003,5856,13
2020-12-31,Baldwin,Alabama,01003,5877,13
2021-01-01,Baldwin,Alabama,01003,5907,13
2021-01-02,Baldwin,Alabama,01003,5938,13
2021-01-03,Baldwin,Alabama,01003,5999,14
2021-01-04,Baldwin,Alabama,01003,6025,14
2021-01-05,Baldwin,Alabama,01003,6067,14
2021-01-06,Baldwin,Alabama,01003,6096,14
2021-01-07,Baldwin,Alabama,01003,6136,14
2021-01-08,Baldwin,Alabama,01003,6199,14
2021-01-09,Baldwin,Alabama,01003,6247,15
2021-01-10,Baldwin,Alabama,01003,6292,16
2021-01-11,Baldwin,Alabama,01003,6335,17
2021-01-12,Baldwin,Alabama,01003,6349,17
2021-01-13,Baldwin,Alabama,01003,6396,17
2021-01-14,Baldwin,Alabama,01003,6444,18
2021-01-15,Baldwin,Alabama,01003,6479,18
2021-01-16,Baldwin,Alabama,01003,6519,18
2021-01-17,Baldwin,Alabama,01003,6547,18
2021-01-18,Baldwin,Alabama,01003,6586,18
2021-01-19,Baldwin,Alabama,01003,6636,18
2021-01-20,Baldwin,Alabama,01003,6653,18
2021-01-21,Baldwin,Alabama,01003,6689,18
2021-01-22,Baldwin,Alabama,01003,6713,18
2021-01-23,Baldwin,Alabama,01003,6743,18
2021-01-24,Baldwin,Alabama,01003,6795,19
2021-01-25,Baldwin,Alabama,01003,6860,19
2021-01-26,Baldwin,Alabama,01003,6893,19
2021-01-27,Baldwin,Alabama,01003,6923,19
2021-01-28,Baldwin,Alabama,01003,6950,19
2021-01-29,Baldwin,Alabama,01003,6968,19
2021-01-30,Baldwin,Alabama,01003,7001,19
2021-01-31,Baldwin,Alabama,01003,7027,19
2021-02-01,Baldwin,Alabama,01003,7048,19
2021-02-02,Baldwin,Alabama,01003,7092,19
2021-02-03,Baldwin,Alabama,01003,7146,19
2021-02-04,Baldwin,Alabama,01003,7186,19
2021-02-05,Baldwin,Alabama,01003,7215,19
2021-02-06,Baldwin,Alabama,01003,7279,20
2021-02-07,Baldwin,Alabama,01003,7344,20
2021-02-08,Baldwin,Alabama,01003,7376,20
2021-02-09,Baldwin,Alabama,01003,7415,21
2021-02-10,Baldwin,Alabama,01003,7463,21
2021-02-11,Baldwin,Alabama,01003,7505,22
2021-02-12,Baldwin,Alabama,01003,7541,22
2021-02-13,Baldwin,Alabama,01003,7593,23
2021-02-14,Baldwin,Alabama,01003,7605,23
2021-02-15,Baldwin,Alabama,01003,7622,23
2021-02-16,Baldwin,Alabama,01003,7638,23
2021-02-17,Baldwin,Alabama,01003,7653,23
2021-02-18,Baldwin,Alabama,01003,7663,23
2021-02-19,Baldwin,Alabama,01003,7682,23
2021-02-20,Baldwin,Alabama,01003,7708,23
2021-02-21,Baldwin,Alabama,01003,7730,23
2021-02-22,Baldwin,Alabama,01003,7755,23
2021-02-23,Baldwin,Alabama,01003,7763,23
2021-02-24,Baldwin,Alabama,01003,7778,23
2021-02-25,Baldwin,Alabama,01003,7785,23
2021-02-26,Baldwin,Alabama,01003,7800,23
2021-02-27,Baldwin,Alabama,01003,7817,23
2021-02-28,Baldwin,Alabama,01003,7828,23
2021-03-01,Baldwin,Alabama,01003,7836,23
2021-03-02,Baldwin,Alabama,01003,7856,23
2021-03-03,Baldwin,Alabama,01003,7867,23
2021-03-04,Baldwin,Alabama,01003,7883,23
2021-03-05,Baldwin,Alabama,01003,7894,23
2021-03-06,Baldwin,Alabama,01003,7906,23
2021-03-07,Baldwin,Alabama,01003,7932,23
2021-03-08,Baldwin,Alabama,01003,7954,23
2021-03-09,Baldwin,Alabama,01003,7973,23
2021-03-10,Baldwin,Alabama,01003,7988,23
2021-03-11,Baldwin,Alabama,01003,8009,23
2021-03-12,Baldwin,Alabama,01003,8026,23
2021-03-13,Baldwin,Alabama,01003,8043,23
2021-03-14,Baldwin,Alabama,01003,8061,23
2021-03-15,Baldwin,Alabama,01003,8084,23
2021-03-16,Baldwin,Alabama,01003,8103,23
2021-03-17,Baldwin,Alabama,01003,8128,23
2021-03-18,Baldwin,Alabama,01003,8132,23
2021-03-19,Baldwin,Alabama,01003,8139,23
2021-03-20,Baldwin,Alabama,01003,8152,23
2021-03-21,Baldwin,Alabama,01003,8177,23
2021-03-22,Baldwin,Alabama,01003,8197,23
2021-03-23,Baldwin,Alabama,01003,8204,23
2021-03-24,Baldwin,Alabama,01003,8215,23
2021-03-25,Baldwin,Alabama,01003,8231,23
2021-03-26,Baldwin,Alabama,01003,8239,23
2021-03-27,Baldwin,Alabama,01003,8251,23
2021-03-28,Baldwin,Alabama,01003,8272,23
2021-03-29,Baldwin,Alabama,01003,8290,23
2021-03-30,Baldwin,Alabama,01003,8308,23
2021-03-31,Baldwin,Alabama,01003,8317,23
2021-04-01,Baldwin,Alabama,01003,8326,23
2021-04-02,Baldwin,Alabama,01003,8337,23
2021-04-03,Baldwin,Alabama,01003,8346,23
2021-04-04,Baldwin,Alabama,01003,8357,23
2021-04-05,Baldwin,Alabama,01003,8382,23
2021-04-06,Baldwin,Alabama,01003,8392,23
2021-04-07,Baldwin,Alabama,01003,8411,23
2021-04-08,Baldwin,Alabama,01003,8437,23
2021-04-09,Baldwin,Alabama,01003,8462,23
2021-04-10,Baldwin,Alabama,01003,8472,23
2021-04-11,Baldwin,Alabama,01003,8492,23
2021-04-12,Baldwin,Alabama,01003,8506,23
2021-04-13,Baldwin,Alabama,01003,8521,23
2021-04-14,Baldwin,Alabama,01003,8537,23
2021-04-15,Baldwin,Alabama,01003,8557,23
2021-04-16,Baldwin,Alabama,01003,8575,23
2021-04-17,Baldwin,Alabama,01003,8584,23
2021-04-18,Baldwin,Alabama,01003,8600,23
2021-04-19,Baldwin,Alabama,01003,8605,23
2021-04-20,Baldwin,Alabama,01003,8625,23
2021-04-21,Baldwin,Alabama,01003,8646,23
2021-04-22,Baldwin,Alabama,01003,8662,23
2021-04-23,Baldwin,Alabama,01003,8675,23
2021-04-24,Baldwin,Alabama,01003,8699,23
2021-04-25,Baldwin,Alabama,01003,8707,23
2021-04-26,Baldwin,Alabama,01003,8718,23
2021-04-27,Baldwin,Alabama,01003,8742,23
2021-04-28,Baldwin,Alabama,01003,8759,23
2021-04-29,Baldwin,Alabama,01003,8779,23
2021-04-30,Baldwin,Alabama,01003,8803,23
2021-05-01,Baldwin,Alabama,01003,8827,23
2021-05-02,Baldwin,Alabama,01003,8851,23
2021-05-03,Baldwin,Alabama,01003,8864,23
2021-05-04,Baldwin,Alabama,01003,8889,23
2021-05-05,Baldwin,Alabama,01003,8914,23
2021-05-06,Baldwin,Alabama,01003,8918,23
2021-05-07,Baldwin,Alabama,01003,8924,23
2021-05-08,Baldwin,Alabama,01003,8934,23
2021-05-09,Baldwin,Alabama,01003,8950,23
2021-05-10,Baldwin,Alabama,01003,8975,23
2021-05-11,Baldwin,Alabama,01003,8989,23
2021-05-12,Baldwin,Alabama,01003,8995,23
2021-05-13,Baldwin,Alabama,01003,9009,23
2021-05-14,Baldwin,Alabama,01003,9017,23
2021-05-15,Baldwin,Alabama,01003,9039,23
2021-05-16,Baldwin,Alabama,01003,9060,23
2021-05-17,Baldwin,Alabama,01003,9083,23
2021-05-18,Baldwin,Alabama,01003,9105,23
2021-05-19,Baldwin,Alabama,01003,9111,23
2021-05-20,Baldwin,Alabama,01003,9119,23
2021-05-21,Baldwin,Alabama,01003,9130,23
2021-05-22,Baldwin,Alabama,01003,9140,23
2021-05-23,Baldwin,Alabama,01003,9161,23
2021-05-24,Baldwin,Alabama,01003,9172,23
2021-05-25,Baldwin,Alabama,01003,9176,23
2021-05-26,Baldwin,Alabama,01003,9195,23
2021-05-27,Baldwin,Alabama,01003,9202,23
2021-05-28,Baldwin,Alabama,01003,9215,23
2021-05-29,Baldwin,Alabama,01003,9239,23
2021-05-30,Baldwin,Alabama,01003,9250,23
2021-05-31,Baldwin,Alabama,01003,9274,23
2021-06-01,Baldwin,Alabama,01003,9292,23
2021-06-02,Baldwin,Alabama,01003,9299,23
2021-06-03,Baldwin,Alabama,01003,9320,23
2021-06-04,Baldwin,Alabama,01003,9333,23
2021-06-05,Baldwin,Alabama,01003,9347,23
2021-06-06,Baldwin,Alabama,01003,9366,23
2021-06-07,Baldwin,Alabama,01003,9375,23
2021-06-08,Baldwin,Alabama,01003,9398,23
2021-06-09,Baldwin,Alabama,01003,9412,23
2021-06-10,Baldwin,Alabama,01003,9418,23
2021-06-11,Baldwin,Alabama,01003,9423,23
2021-06-12,Baldwin,Alabama,01003,9438,23
2021-06-13,Baldwin,Alabama,01003,9445,23
2021-06-14,Baldwin,Alabama,01003,9461,23
2021-06-15,Baldwin,Alabama,01003,9470,23
2021-06-16,Baldwin,Alabama,01003,9476,23
2021-06-17,Baldwin,Alabama,01003,9498,23
2021-06-18,Baldwin,Alabama,01003,9513,23
2021-06-19,Baldwin,Alabama,01003,9518,23
2021-06-20,Baldwin,Alabama,01003,9540,23
2021-06-21,Baldwin,Alabama,01003,9553,23
2021-06-22,Baldwin,Alabama,01003,9574,23
2021-06-23,Baldwin,Alabama,01003,9579,23
2021-06-24,Baldwin,Alabama,01003,9584,23
2021-06-25,Baldwin,Alabama,01003,9609,23
2021-06-26,Baldwin,Alabama,01003,9634,23
2021-06-27,Baldwin,Alabama,01003,9647,23
2021-06-28,Baldwin,Alabama,01003,9668,23
2021-06-29,Baldwin,Alabama,01003,9686,23
2021-06-30,Baldwin,Alabama,01003,9712,23
2020-03-01,Barbour,Alabama,01005,0,0
2020-03-02,Barbour,Alabama,01005,0,0
2020-03-03,Barbour,Alabama,01005,0,0
2020-03-04,Barbour,Alabama,01005,0,0
2020-03-05,Barbour,Alabama,01005,0,0
2020-03-06,Barbour,Alabama,01005,0,0
2020-03-07,Barbour,Alabama,01005,0,0
2020-03-08,Barbour,Alabama,01005,0,0
2020-03-09,Barbour,Alabama,01005,0,0
2020-03-10,Barbour,Alabama,01005,0,0
2020-03-11,Barbour,Alabama,01005,0,0
2020-03-12,Barbour,Alabama,01005,0,0
2020-03-13,Barbour,Alabama,01005,0,0
2020-03-14,Barbour,Alabama,01005,0,0
2020-03-15,Barbour,Alabama,01005,0,0
2020-03-16,Barbour,Alabama,01005,0,0
2020-03-17,Barbour,Alabama,01005,0,0
2020-03-18,Barbour,Alabama,01005,0,0
2020-03-19,Barbour,Alabama,01005,0,0
2020-03-20,Barbour,Alabama,01005,0,0
2020-03-21,Barbour,Alabama,01005,0,0
2020-03-22,Barbour,Alabama,01005,0,0
2020-03-23,Barbour,Alabama,01005,0,0
2020-03-24,Barbour,Alabama,01005,0,0
2020-03-25,Barbour,Alabama,01005,0,0
2020-03-26,Barbour,Alabama,01005,0,0
2020-03-27,Barbour,Alabama,01005,0,0
2020-03-28,Barbour,Alabama,01005,0,0
2020-03-29,Barbour,Alabama,01005,0,0
2020-03-30,Barbour,Alabama,01005,0,0
2020-03-31,Barbour,Alabama,01005,1,0
2020-04-01,Barbour,Alabama,01005,2,0
2020-04-02,Barbour,Alabama,01005,4,0
2020-04-03,Barbour,Alabama,01005,5,0
2020-04-04,Barbour,Alabama,01005,6,0
2020-04-05,Barbour,Alabama,01005,7,0
2020-04-06,Barbour,Alabama,01005,8,0
2020-04-07,Barbour,Alabama,01005,8,0
2020-04-08,Barbour,Alabama,01005,10,0
2020-04-09,Barbour,Alabama,01005,11,0
2020-04-10,Barbour,Alabama,01005,12,0
2020-04-11,Barbour,Alabama,01005,12,0
2020-04-12,Barbour,Alabama,01005,13,0
2020-04-13,Barbour,Alabama,01005,15,0
2020-04-14,Barbour,Alabama,01005,16,0
2020-04-15,Barbour,Alabama,01005,16,0
2020-04-16,Barbour,Alabama,01005,17,0
2020-04-17,Barbour,Alabama,01005,17,0
2020-04-18,Barbour,Alabama,01005,18,0
2020-04-19,Barbour,Alabama,01005,19,0
2020-04-20,Barbour,Alabama,01005,19,0
2020-04-21,Barbour,Alabama,01005,19,0
2020-04-22,Barbour,Alabama,01005,21,0
2020-04-23,Barbour,Alabama,01005,23,0
2020-04-24,Barbour,Alabama,01005,23,0
2020-04-25,Barbour,Alabama,01005,23,0
2020-04-26,Barbour,Alabama,01005,24,0
2020-04-27,Barbour,Alabama,01005,25,0
2020-04-28,Barbour,Alabama,01005,26,0
2020-04-29,Barbour,Alabama,01005,27,0
2020-04-30,Barbour,Alabama,01005,27,0
2020-05-01,Barbour,Alabama,01005,28,0
2020-05-02,Barbour,Alabama,01005,30,0
2020-05-03,Barbour,Alabama,01005,31,0
2020-05-04,Barbour,Alabama,01005,31,0
2020-05-05,Barbour,Alabama,01005,31,0
2020-05-06,Barbour,Alabama,01005,32,0
2020-05-07,Barbour,Alabama,01005,32,0
2020-05-08,Barbour,Alabama,01005,33,0
2020-05-09,Barbour,Alabama,01005,34,0
2020-05-10,Barbour,Alabama,01005,35,0
2020-05-11,Barbour,Alabama,01005,37,0
2020-05-12,Barbour,Alabama,01005,38,0
2020-05-13,Barbour,Alabama,01005,38,0
2020-05-14,Barbour,Alabama,01005,38,0
2020-05-15,Barbour,Alabama,01005,39,0
2020-05-16,Barbour,Alabama,01005,40,0
2020-05-17,Barbour,Alabama,01005,40,0
2020-05-18,Barbour,Alabama,01005,42,0
2020-05-19,Barbour,Alabama,01005,43,0
2020-05-20,Barbour,Alabama,01005,44,0
2020-05-21,Barbour,Alabama,01005,44,0
2020-05-22,Barbour,Alabama,01005,44,0
2020-05-23,Barbour,Alabama,01005,45,0
2020-05-24,Barbour,Alabama,01005,46,0
2020-05-25,Barbour,Alabama,01005,47,0
2020-05-26,Barbour,Alabama,01005,47,0
2020-05-27,Barbour,Alabama,01005,47,0
2020-05-28,Barbour,Alabama,01005,47,0
2020-05-29,Barbour,Alabama,01005,47,0
2020-05-30,Barbour,Alabama,01005,48,0
2020-05-31,Barbour,Alabama,01005,50,0
2020-06-01,Barbour,Alabama,01005,50,0
2020-06-02,Barbour,Alabama,01005,50,0
2020-06-03,Barbour,Alabama,01005,52,0
2020-06-04,Barbour,Alabama,01005,53,0
2020-06-05,Barbour,Alabama,01005,54,0
2020-06-06,Barbour,Alabama,01005,56,0
2020-06-07,Barbour,Alabama,01005,57,0
2020-06-08,Barbour,Alabama,01005,58,0
2020-06-09,Barbour,Alabama,01005,59,0
2020-06-10,Barbour,Alabama,01005,60,0
2020-06-11,Barbour,Alabama,01005,60,0
2020-06-12,Barbour,Alabama,01005,60,0
2020-06-13,Barbour,Alabama,01005,61,0
2020-06-14,Barbour,Alabama,01005,62,0
2020-06-15,Barbour,Alabama,01005,62,0
2020-06-16,Barbour,Alabama,01005,62,0
2020-06-17,Barbour,Alabama,01005,64,0
2020-06-18,Barbour,Alabama,01005,65,0
2020-06-19,Barbour,Alabama,01005,65,0
2020-06-20,Barbour,Alabama,01005,67,0
2020-06-21,Barbour,Alabama,01005,67,0
2020-06-22,Barbour,Alabama,01005,67,0
2020-06-23,Barbour,Alabama,01005,68,0
2020-06-24,Barbour,Alabama,01005,69,0
2020-06-25,Barbour,Alabama,01005,69,0
2020-06-26,Barbour,Alabama,01005,69,0
2020-06-27,Barbour,Alabama,01005,70,0
2020-06-28,Barbour,Alabama,01005,70,0
2020-06-29,Barbour,Alabama,01005,70,0
2020-06-30,Barbour,Alabama,01005,72,0
2020-07-01,Barbour,Alabama,01005,75,0
2020-07-02,Barbour,Alabama,01005,77,0
2020-07-03,Barbour,Alabama,01005,78,0
2020-07-04,Barbour,Alabama,01005,81,0
2020-07-05,Barbour,Alabama,01005,84,0
2020-07-06,Barbour,Alabama,01005,85,0
2020-07-07,Barbour,Alabama,01005,87,0
2020-07-08,Barbour,Alabama,01005,90,0
2020-07-09,Barbour,Alabama,01005,92,0
2020-07-10,Barbour,Alabama,01005,92,0
2020-07-11,Barbour,Alabama,01005,95,0
2020-07-12,Barbour,Alabama,01005,95,0
2020-07-13,Barbour,Alabama,01005,97,0
2020-07-14,Barbour,Alabama,01005,100,0
2020-07-15,Barbour,Alabama,01005,100,0
2020-07-16,Barbour,Alabama,01005,101,0
2020-07-17,Barbour,Alabama,01005,102,0
2020-07-18,Barbour,Alabama,01005,103,0
2020-07-19,Barbour,Alabama,01005,105,0
2020-07-20,Barbour,Alabama,01005,105,0
2020-07-21,Barbour,Alabama,01005,105,0
2020-07-22,Barbour,Alabama,01005,106,0
2020-07-23,Barbour,Alabama,01005,107,0
2020-07-24,Barbour,Alabama,01005,107,0
2020-07-25,Barbour,Alabama,01005,110,0
2020-07-26,Barbour,Alabama,01005,112,0
2020-07-27,Barbour,Alabama,01005,113,0
2020-07-28,Barbour,Alabama,01005,114,0
2020-07-29,Barbour,Alabama,01005,114,0
2020-07-30,Barbour,Alabama,01005,115,0
2020-07-31,Barbour,Alabama,01005,115,0
2020-08-01,Barbour,Alabama,01005,116,0
2020-08-02,Barbour,Alabama,01005,118,0
2020-08-03,Barbour,Alabama,01005,118,0
2020-08-04,Barbour,Alabama,01005,121,0
2020-08-05,Barbour,Alabama,01005,123,0
2020-08-06,Barbour,Alabama,01005,124,0
2020-08-07,Barbour,Alabama,01005,127,0
2020-08-08,Barbour,Alabama,01005,130,0
2020-08-09,Barbour,Alabama,01005,131,0
2020-08-10,Barbour,Alabama,01005,132,0
2020-08-11,Barbour,Alabama,01005,135,0
2020-08-12,Barbour,Alabama,01005,136,0
2020-08-13,Barbour,Alabama,01005,138,0
2020-08-14,Barbour,Alabama,01005,139,0
2020-08-15,Barbour,Alabama,01005,142,0
2020-08-16,Barbour,Alabama,01005,142,0
2020-08-17,Barbour,Alabama,01005,144,0
2020-08-18,Barbour,Alabama,01005,146,0
2020-08-19,Barbour,Alabama,01005,149,0
2020-08-20,Barbour,Alabama,01005,151,0
2020-08-21,Barbour,Alabama,01005,152,0
2020-08-22,Barbour,Alabama,01005,155,0
2020-08-23,Barbour,Alabama,01005,156,0
2020-08-24,Barbour,Alabama,01005,158,0
2020-08-25,Barbour,Alabama,01005,160,0
2020-08-26,Barbour,Alabama,01005,163,0
2020-08-27,Barbour,Alabama,01005,166,0
2020-08-28,Barbour,Alabama,01005,167,0
2020-08-29,Barbour,Alabama,01005,170,0
2020-08-30,Barbour,Alabama,01005,172,0
2020-08-31,Barbour,Alabama,01005,173,0
2020-09-01,Barbour,Alabama,01005,175,0
2020-09-02,Barbour,Alabama,01005,175,0
2020-09-03,Barbour,Alabama,01005,177,0
2020-09-04,Barbour,Alabama,01005,179,0
2020-09-05,Barbour,Alabama,01005,182,0
2020-09-06,Barbour,Alabama,01005,183,0
2020-09-07,Barbour,Alabama,01005,186,0
2020-09-08,Barbour,Alabama,01005,186,0
2020-09-09,Barbour,Alabama,01005,188,0
2020-09-10,Barbour,Alabama,01005,190,0
2020-09-11,Barbour,Alabama,01005,192,0
2020-09-12,Barbour,Alabama,01005,195,0
2020-09-13,Barbour,Alabama,01005,197,0
2020-09-14,Barbour,Alabama,01005,197,0
2020-09-15,Barbour,Alabama,01005,198,0
2020-09-16,Barbour,Alabama,01005,198,0
2020-09-17,Barbour,Alabama,01005,198,0
2020-09-18,Barbour,Alabama,01005,200,0
2020-09-19,Barbour,Alabama,01005,202,0
2020-09-20,Barbour,Alabama,01005,204,0
2020-09-21,Barbour,Alabama,01005,205,0
2020-09-22,Barbour,Alabama,01005,208,0
2020-09-23,Barbour,Alabama,01005,211,0
2020-09-24,Barbour,Alabama,01005,213,0
2020-09-25,Barbour,Alabama,01005,216,0
2020-09-26,Barbour,Alabama,01005,217,0
2020-09-27,Barbour,Alabama,01005,219,0
2020-09-28,Barbour,Alabama,01005,220,0
2020-09-29,Barbour,Alabama,01005,221,0
2020-09-30,Barbour,Alabama,01005,222,0
2020-10-01,Barbour,Alabama,01005,224,0
2020-10-02,Barbour,Alabama,01005,226,0
2020-10-03,Barbour,Alabama,01005,228,0
2020-10-04,Barbour,Alabama,01005,231,0
2020-10-05,Barbour,Alabama,01005,231,0
2020-10-06,Barbour,Alabama,01005,234,0
2020-10-07,Barbour,Alabama,01005,235,0
2020-10-08,Barbour,Alabama,01005,236,0
2020-10-09,Barbour,Alabama,01005,238,0
2020-10-10,Barbour,Alabama,01005,240,0
2020-10-11,Barbour,Alabama,01005,242,0
2020-10-12,Barbour,Alabama,01005,245,0
2020-10-13,Barbour,Alabama,01005,248,0
2020-10-14,Barbour,Alabama,01005,249,0
2020-10-15,Barbour,Alabama,01005,249,0
2020-10-16,Barbour,Alabama,01005,249,0
2020-10-17,Barbour,Alabama,01005,250,0
2020-10-18,Barbour,Alabama,01005,252,0
2020-10-19,Barbour,Alabama,01005,252,0
2020-10-20,Barbour,Alabama,01005,253,0
2020-10-21,Barbour,Alabama,01005,255,0
2020-10-22,Barbour,Alabama,01005,258,0
2020-10-23,Barbour,Alabama,01005,260,0
2020-10-24,Barbour,Alabama,01005,261,0
2020-10-25,Barbour,Alabama,01005,261,0
2020-10-26,Barbour,Alabama,01005,261,0
2020-10-27,Barbour,Alabama,01005,264,0
2020-10-28,Barbour,Alabama,01005,266,0
2020-10-29,Barbour,Alabama,01005,268,0
2020-10-30,Barbour,Alabama,01005,271,0
2020-10-31,Barbour,Alabama,01005,271,0
2020-11-01,Barbour,Alabama,01005,274,0
2020-11-02,Barbour,Alabama,01005,275,0
2020-11-03,Barbour,Alabama,01005,276,0
2020-11-04,Barbour,Alabama,01005,279,0
2020-11-05,Barbour,Alabama,01005,281,0
2020-11-06,Barbour,Alabama,01005,283,0
2020-11-07,Barbour,Alabama,01005,289,0
2020-11-08,Barbour,Alabama,01005,295,0
2020-11-09,Barbour,Alabama,01005,300,0
2020-11-10,Barbour,Alabama,01005,307,0
2020-11-11,Barbour,Alabama,01005,313,0
2020-11-12,Barbour,Alabama,01005,316,0
2020-11-13,Barbour,Alabama,01005,320,0
2020-11-14,Barbour,Alabama,01005,326,0
2020-11-15,Barbour,Alabama,01005,333,0
2020-11-16,Barbour,Alabama,01005,335,0
2020-11-17,Barbour,Alabama,01005,339,0
2020-11-18,Barbour,Alabama,01005,344,0
2020-11-19,Barbour,Alabama,01005,346,0
2020-11-20,Barbour,Alabama,01005,348,0
2020-11-21,Barbour,Alabama,01005,349,0
2020-11-22,Barbour,Alabama,01005,352,0
2020-11-23,Barbour,Alabama,01005,355,0
2020-11-24,Barbour,Alabama,01005,358,0
2020-11-25,Barbour,Alabama,01005,364,0
2020-11-26,Barbour,Alabama,01005,369,0
2020-11-27,Barbour,Alabama,01005,376,0
2020-11-28,Barbour,Alabama,01005,382,0
2020-11-29,Barbour,Alabama,01005,388,0
2020-11-30,Barbour,Alabama,01005,394,0
2020-12-01,Barbour,Alabama,01005,399,0
2020-12-02,Barbour,Alabama,01005,404,0
2020-12-03,Barbour,Alabama,01005,408,0
2020-12-04,Barbour,Alabama,01005,411,0
2020-12-05,Barbour,Alabama,01005,415,0
2020-12-06,Barbour,Alabama,01005,421,0
2020-12-07,Barbour,Alabama,01005,425,0
2020-12-08,Barbour,Alabama,01005,432,0
2020-12-09,Barbour,Alabama,01005,439,0
2020-12-10,Barbour,Alabama,01005,440,0
2020-12-11,Barbour,Alabama,01005,445,0
2020-12-12,Barbour,Alabama,01005,449,0
2020-12-13,Barbour,Alabama,01005,452,0
2020-12-14,Barbour,Alabama,01005,456,0
2020-12-15,Barbour,Alabama,01005,460,0
2020-12-16,Barbour,Alabama,01005,463,0
2020-12-17,Barbour,Alabama,01005,466,0
2020-12-18,Barbour,Alabama,01005,470,0
2020-12-19,Barbour,Alabama,01005,473,0
2020-12-20,Barbour,Alabama,01005,474,0
2020-12-21,Barbour,Alabama,01005,480,0
2020-12-22,Barbour,Alabama,01005,482,0
2020-12-23,Barbour,Alabama,01005,486,0
2020-12-24,Barbour,Alabama,01005,493,0
2020-12-25,Barbour,Alabama,01005,498,0
2020-12-26,Barbour,Alabama,01005,503,0
2020-12-27,Barbour,Alabama,01005,510,0
2020-12-28,Barbour,Alabama,01005,515,0
2020-12-29,Barbour,Alabama,01005,518,0
2020-12-30,Barbour,Alabama,01005,520,0
2020-12-31,Barbour,Alabama,01005,523,0
2021-01-01,Barbour,Alabama,01005,525,0
2021-01-02,Barbour,Alabama,01005,530,0
2021-01-03,Barbour,Alabama,01005,534,0
2021-01-04,Barbour,Alabama,01005,536,0
2021-01-05,Barbour,Alabama,01005,537,0
2021-01-06,Barbour,Alabama,01005,543,0
2021-01-07,Barbour,Alabama,01005,546,0
2021-01-08,Barbour,Alabama,01005,547,0
2021-01-09,Barbour,Alabama,01005,552,0
2021-01-10,Barbour,Alabama,01005,555,0
2021-01-11,Barbour,Alabama,01005,557,0
2021-01-12,Barbour,Alabama,01005,562,0
2021-01-13,Barbour,Alabama,01005,569,0
2021-01-14,Barbour,Alabama,01005,573,0
2021-01-15,Barbour,Alabama,01005,578,0
2021-01-16,Barbour,Alabama,01005,583,0
2021-01-17,Barbour,Alabama,01005,585,0
2021-01-18,Barbour,Alabama,01005,590,0
2021-01-19,Barbour,Alabama,01005,591,0
2021-01-20,Barbour,Alabama,01005,596,0
2021-01-21,Barbour,Alabama,01005,599,0
2021-01-22,Barbour,Alabama,01005,602,0
2021-01-23,Barbour,Alabama,01005,605,0
2021-01-24,Barbour,Alabama,01005,609,0
2021-01-25,Barbour,Alabama,01005,614,0
2021-01-26,Barbour,Alabama,01005,619,0
2021-01-27,Barbour,Alabama,01005,624,0
2021-01-28,Barbour,Alabama,01005,628,0
2021-01-29,Barbour,Alabama,01005,633,0
2021-01-30,Barbour,Alabama,01005,634,0
2021-01-31,Barbour,Alabama,01005,641,0
2021-02-01,Barbour,Alabama,01005,643,0
2021-02-02,Barbour,Alabama,01005,647,0
2021-02-03,Barbour,Alabama,01005,654,0
2021-02-04,Barbour,Alabama,01005,661,0
2021-02-05,Barbour,Alabama,01005,667,0
2021-02-06,Barbour,Alabama,01005,670,0
2021-02-07,Barbour,Alabama,01005,676,0
2021-02-08,Barbour,Alabama,01005,682,0
2021-02-09,Barbour,Alabama,01005,683,0
2021-02-10,Barbour,Alabama,01005,684,0
2021-02-11,Barbour,Alabama,01005,690,0
2021-02-12,Barbour,Alabama,01005,695,0
2021-02-13,Barbour,Alabama,01005,698,0
2021-02-14,Barbour,Alabama,01005,698,0
2021-02-15,Barbour,Alabama,01005,700,0
2021-02-16,Barbour,Alabama,01005,701,0
2021-02-17,Barbour,Alabama,01005,701,0
2021-02-18,Barbour,Alabama,01005,702,0
2021-02-19,Barbour,Alabama,01005,704,0
2021-02-20,Barbour,Alabama,01005,706,0
2021-02-21,Barbour,Alabama,01005,708,0
2021-02-22,Barbour,Alabama,01005,710,0
2021-02-23,Barbour,Alabama,01005,710,0
2021-02-24,Barbour,Alabama,01005,711,0
2021-02-25,Barbour,Alabama,01005,712,0
2021-02-26,Barbour,Alabama,01005,714,0
2021-02-27,Barbour,Alabama,01005,716,0
2021-02-28,Barbour,Alabama,01005,716,0
2021-03-01,Barbour,Alabama,01005,717,0
2021-03-02,Barbour,Alabama,01005,719,0
2021-03-03,Barbour,Alabama,01005,719,0
2021-03-04,Barbour,Alabama,01005,720,0
2021-03-05,Barbour,Alabama,01005,722,0
2021-03-06,Barbour,Alabama,01005,724,0
2021-03-07,Barbour,Alabama,01005,724,0
2021-03-08,Barbour,Alabama,01005,725,0
2021-03-09,Barbour,Alabama,01005,726,0
2021-03-10,Barbour,Alabama,01005,727,0
2021-03-11,Barbour,Alabama,01005,728,0
2021-03-12,Barbour,Alabama,01005,728,0
2021-03-13,Barbour,Alabama,01005,730,0
2021-03-14,Barbour,Alabama,01005,731,0
2021-03-15,Barbour,Alabama,01005,733,0
2021-03-16,Barbour,Alabama,01005,734,0
2021-03-17,Barbour,Alabama,01005,734,0
2021-03-18,Barbour,Alabama,01005,736,0
2021-03-19,Barbour,Alabama,01005,738,0
2021-03-20,Barbour,Alabama,01005,739,0
2021-03-21,Barbour,Alabama,01005,740,0
2021-03-22,Barbour,Alabama,01005,741,0
2021-03-23,Barbour,Alabama,01005,742,0
2021-03-24,Barbour,Alabama,01005,744,0
2021-03-25,Barbour,Alabama,01005,746,0
2021-03-26,Barbour,Alabama,01005,748,0
2021-03-27,Barbour,Alabama,01005,749,0
2021-03-28,Barbour,Alabama,01005,751,0
2021-03-29,Barbour,Alabama,01005,752,0
2021-03-30,Barbour,Alabama,01005,752,0
2021-03-31,Barbour,Alabama,01005,753,0
2021-04-01,Barbour,Alabama,01005,754,0
2021-04-02,Barbour,Alabama,01005,755,0
2021-04-03,Barbour,Alabama,01005,755,0
2021-04-04,Barbour,Alabama,01005,757,0
2021-04-05,Barbour,Alabama,01005,757,0
2021-04-06,Barbour,Alabama,01005,758,0
2021-04-07,Barbour,Alabama,01005,760,0
2021-04-08,Barbour,Alabama,01005,762,0
2021-04-09,Barbour,Alabama,01005,764,0
2021-04-10,Barbour,Alabama,01005,766,0
2021-04-11,Barbour,Alabama,01005,767,0
2021-04-12,Barbour,Alabama,01005,768,0
2021-04-13,Barbour,Alabama,01005,770,0
2021-04-14,Barbour,Alabama,01005,770,0
2021-04-15,Barbour,Alabama,01005,772,0
2021-04-16,Barbour,Alabama,01005,774,0
2021-04-17,Barbour,Alabama,01005,776,0
2021-04-18,Barbour,Alabama,01005,776,0
2021-04-19,Barbour,Alabama,01005,778,0
2021-04-20,Barbour,Alabama,01005,779,0
2021-04-21,Barbour,Alabama,01005,781,0
2021-04-22,Barbour,Alabama,01005,782,0
2021-04-23,Barbour,Alabama,01005,784,0
2021-04-24,Barbour,Alabama,01005,786,0
2021-04-25,Barbour,Alabama,01005,787,0
2021-04-26,Barbour,Alabama,01005,787,0
2021-04-27,Barbour,Alabama,01005,788,0
2021-04-28,Barbour,Alabama,01005,788,0
2021-04-29,Barbour,Alabama,01005,789,0
2021-04-30,Barbour,Alabama,01005,791,0
2021-05-01,Barbour,Alabama,01005,792,0
2021-05-02,Barbour,Alabama,01005,792,0
2021-05-03,Barbour,Alabama,01005,794,0
2021-05-04,Barbour,Alabama,01005,796,0
2021-05-05,Barbour,Alabama,01005,798,0
2021-05-06,Barbour,Alabama,01005,798,0
2021-05-07,Barbour,Alabama,01005,799,0
2021-05-08,Barbour,Alabama,01005,801,0
2021-05-09,Barbour,Alabama,01005,803,0
2021-05-10,Barbour,Alabama,01005,804,0
2021-05-11,Barbour,Alabama,01005,806,0
2021-05-12,Barbour,Alabama,01005,807,0
2021-05-13,Barbour,Alabama,01005,807,0
2021-05-14,Barbour,Alabama,01005,809,0
2021-05-15,Barbour,Alabama,01005,809,0
2021-05-16,Barbour,Alabama,01005,810,0
2021-05-17,Barbour,Alabama,01005,812,0
2021-05-18,Barbour,Alabama,01005,813,0
2021-05-19,Barbour,Alabama,01005,813,0
2021-05-20,Barbour,Alabama,01005,815,0
2021-05-21,Barbour,Alabama,01005,815,0
2021-05-22,Barbour,Alabama,01005,817,0
2021-05-23,Barbour,Alabama,01005,817,0
2021-05-24,Barbour,Alabama,01005,817,0
2021-05-25,Barbour,Alabama,01005,819,0
2021-05-26,Barbour,Alabama,01005,819,0
2021-05-27,Barbour,Alabama,01005,819,0
2021-05-28,Barbour,Alabama,01005,819,0
2021-05-29,Barbour,Alabama,01005,821,0
2021-05-30,Barbour,Alabama,01005,823,0
2021-05-31,Barbour,Alabama,01005,824,0
2021-06-01,Barbour,Alabama,01005,825,0
2021-06-02,Barbour,Alabama,01005,826,0
2021-06-03,Barbour,Alabama,01005,826,0
2021-06-04,Barbour,Alabama,01005,827,0
2021-06-05,Barbour,Alabama,01005,829,0
2021-06-06,Barbour,Alabama,01005,831,0
2021-06-07,Barbour,Alabama,01005,832,0
2021-06-08,Barbour,Alabama,01005,833,0
2021-06-09,Barbour,Alabama,01005,834,0
2021-06-10,Barbour,Alabama,01005,834,0
2021-06-11,Barbour,Alabama,01005,835,0
2021-06-12,Barbour,Alabama,01005,837,0
2021-06-13,Barbour,Alabama,01005,839,0
2021-06-14,Barbour,Alabama,01005,841,0
2021-06-15,Barbour,Alabama,01005,843,0
2021-06-16,Barbour,Alabama,01005,845,0
2021-06-17,Barbour,Alabama,01005,847,0
2021-06-18,Barbour,Alabama,01005,847,0
2021-06-19,Barbour,Alabama,01005,848,0
2021-06-20,Barbour,Alabama,01005,850,0
2021-06-21,Barbour,Alabama,01005,852,0
2021-06-22,Barbour,Alabama,01005,852,0
2021-06-23,Barbour,Alabama,01005,854,0
2021-06-24,Barbour,Alabama,01005,856,0
2021-06-25,Barbour,Alabama,01005,858,0
2021-06-26,Barbour,Alabama,01005,859,0
2021-06-27,Barbour,Alabama,01005,859,0
2021-06-28,Barbour,Alabama,01005,861,0
2021-06-29,Barbour,Alabama,01005,862,0
2021-06-30,Barbour,Alabama,01005,862,0
2020-03-01,Maricopa,Arizona,04013,9,0
2020-03-02,Maricopa,Arizona,04013,9,0
2020-03-03,Maricopa,Arizona,04013,18,0
2020-03-04,Maricopa,Arizona,04013,50,0
2020-03-05,Maricopa,Arizona,04013,87,0
2020-03-06,Maricopa,Arizona,04013,87,0
2020-03-07,Maricopa,Arizona,04013,128,0
2020-03-08,Maricopa,Arizona,04013,165,0
2020-03-09,Maricopa,Arizona,04013,208,0
2020-03-10,Maricopa,Arizona,04013,250,0
2020-03-11,Maricopa,Arizona,04013,254,0
2020-03-12,Maricopa,Arizona,04013,260,0
2020-03-13,Maricopa,Arizona,04013,302,1
2020-03-14,Maricopa,Arizona,04013,345,1
2020-03-15,Maricopa,Arizona,04013,352,1
2020-03-16,Maricopa,Arizona,04013,383,1
2020-03-17,Maricopa,Arizona,04013,418,1
2020-03-18,Maricopa,Arizona,04013,444,1
2020-03-19,Maricopa,Arizona,04013,457,1
2020-03-20,Maricopa,Arizona,04013,462,1
2020-03-21,Maricopa,Arizona,04013,504,2
2020-03-22,Maricopa,Arizona,04013,521,2
2020-03-23,Maricopa,Arizona,04013,564,2
2020-03-24,Maricopa,Arizona,04013,591,2
2020-03-25,Maricopa,Arizona,04013,634,2
2020-03-26,Maricopa,Arizona,04013,659,2
2020-03-27,Maricopa,Arizona,04013,665,2
2020-03-28,Maricopa,Arizona,04013,675,2
2020-03-29,Maricopa,Arizona,04013,682,2
2020-03-30,Maricopa,Arizona,04013,685,2
2020-03-31,Maricopa,Arizona,04013,987,10
2020-04-01,Maricopa,Arizona,04013,1212,12
2020-04-02,Maricopa,Arizona,04013,1357,12
2020-04-03,Maricopa,Arizona,04013,1505,13
2020-04-04,Maricopa,Arizona,04013,1550,13
2020-04-05,Maricopa,Arizona,04013,1890,22
2020-04-06,Maricopa,Arizona,04013,2291,28
2020-04-07,Maricopa,Arizona,04013,2488,31
2020-04-08,Maricopa,Arizona,04013,2573,32
2020-04-09,Maricopa,Arizona,04013,2966,40
2020-04-10,Maricopa,Arizona,04013,3288,42
2020-04-11,Maricopa,Arizona,04013,3362,43
2020-04-12,Maricopa,Arizona,04013,3525,45
2020-04-13,Maricopa,Arizona,04013,3954,47
2020-04-14,Maricopa,Arizona,04013,4067,48
2020-04-15,Maricopa,Arizona,04013,4407,54
2020-04-16,Maricopa,Arizona,04013,4814,56
2020-04-17,Maricopa,Arizona,04013,5098,61
2020-04-18,Maricopa,Arizona,04013,5337,62
2020-04-19,Maricopa,Arizona,04013,5762,65
2020-04-20,Maricopa,Arizona,04013,6166,68
2020-04-21,Maricopa,Arizona,04013,6251,68
2020-04-22,Maricopa,Arizona,04013,6372,70
2020-04-23,Maricopa,Arizona,04013,6708,77
2020-04-24,Maricopa,Arizona,04013,6859,78
2020-04-25,Maricopa,Arizona,04013,6999,78
2020-04-26,Maricopa,Arizona,04013,7274,85
2020-04-27,Maricopa,Arizona,04013,7380,86
2020-04-28,Maricopa,Arizona,04013,7597,88
2020-04-29,Maricopa,Arizona,04013,7909,94
2020-04-30,Maricopa,Arizona,04013,8034,94
2020-05-01,Maricopa,Arizona,04013,8147,95
2020-05-02,Maricopa,Arizona,04013,8224,97
2020-05-03,Maricopa,Arizona,04013,8393,99
2020-05-04,Maricopa,Arizona,04013,8635,104
2020-05-05,Maricopa,Arizona,04013,8716,105
2020-05-06,Maricopa,Arizona,04013,8835,108
2020-05-07,Maricopa,Arizona,04013,9028,111
2020-05-08,Maricopa,Arizona,04013,9179,113
2020-05-09,Maricopa,Arizona,04013,9315,114
2020-05-10,Maricopa,Arizona,04013,9384,115
2020-05-11,Maricopa,Arizona,04013,9698,117
2020-05-12,Maricopa,Arizona,04013,9881,120
2020-05-13,Maricopa,Arizona,04013,10317,128
2020-05-14,Maricopa,Arizona,04013,10585,134
2020-05-15,Maricopa,Arizona,04013,10960,139
2020-05-16,Maricopa,Arizona,04013,11221,145
2020-05-17,Maricopa,Arizona,04013,11457,151
2020-05-18,Maricopa,Arizona,04013,11694,152
2020-05-19,Maricopa,Arizona,04013,12103,161
2020-05-20,Maricopa,Arizona,04013,12350,167
2020-05-21,Maricopa,Arizona,04013,12717,175
2020-05-22,Maricopa,Arizona,04013,13012,177
2020-05-23,Maricopa,Arizona,04013,13362,180
2020-05-24,Maricopa,Arizona,04013,13804,192
2020-05-25,Maricopa,Arizona,04013,14175,195
2020-05-26,Maricopa,Arizona,04013,14390,201
2020-05-27,Maricopa,Arizona,04013,14610,207
2020-05-28,Maricopa,Arizona,04013,14908,214
2020-05-29,Maricopa,Arizona,04013,15056,218
2020-05-30,Maricopa,Arizona,04013,15469,220
2020-05-31,Maricopa,Arizona,04013,15670,223
2020-06-01,Maricopa,Arizona,04013,15846,225
2020-06-02,Maricopa,Arizona,04013,16075,231
2020-06-03,Maricopa,Arizona,04013,16437,238
2020-06-04,Maricopa,Arizona,04013,16692,241
2020-06-05,Maricopa,Arizona,04013,16904,242
2020-06-06,Maricopa,Arizona,04013,17186,248
2020-06-07,Maricopa,Arizona,04013,17610,259
2020-06-08,Maricopa,Arizona,04013,17882,261
2020-06-09,Maricopa,Arizona,04013,18042,263
2020-06-10,Maricopa,Arizona,04013,18225,265
2020-06-11,Maricopa,Arizona,04013,18424,268
2020-06-12,Maricopa,Arizona,04013,18714,269
2020-06-13,Maricopa,Arizona,04013,18870,270
2020-06-14,Maricopa,Arizona,04013,19160,276
2020-06-15,Maricopa,Arizona,04013,19220,277
2020-06-16,Maricopa,Arizona,04013,19398,278
2020-06-17,Maricopa,Arizona,04013,19743,287
2020-06-18,Maricopa,Arizona,04013,20149,289
2020-06-19,Maricopa,Arizona,04013,20523,293
2020-06-20,Maricopa,Arizona,04013,20681,295
2020-06-21,Maricopa,Arizona,04013,21006,297
2020-06-22,Maricopa,Arizona,04013,21401,300
2020-06-23,Maricopa,Arizona,04013,21839,307
2020-06-24,Maricopa,Arizona,04013,22217,311
2020-06-25,Maricopa,Arizona,04013,22430,315
2020-06-26,Maricopa,Arizona,04013,22550,316
2020-06-27,Maricopa,Arizona,04013,22927,324
2020-06-28,Maricopa,Arizona,04013,23278,333
2020-06-29,Maricopa,Arizona,04013,23883,343
2020-06-30,Maricopa,Arizona,04013,24072,345
2020-07-01,Maricopa,Arizona,04013,24479,348
2020-07-02,Maricopa,Arizona,04013,25103,364
2020-07-03,Maricopa,Arizona,04013,25210,365
2020-07-04,Maricopa,Arizona,04013,25822,380
2020-07-05,Maricopa,Arizona,04013,26068,384
2020-07-06,Maricopa,Arizona,04013,26734,399
2020-07-07,Maricopa,Arizona,04013,26995,405
2020-07-08,Maricopa,Arizona,04013,27401,413
2020-07-09,Maricopa,Arizona,04013,27568,413
2020-07-10,Maricopa,Arizona,04013,27891,419
2020-07-11,Maricopa,Arizona,04013,28092,424
2020-07-12,Maricopa,Arizona,04013,28550,430
2020-07-13,Maricopa,Arizona,04013,28742,435
2020-07-14,Maricopa,Arizona,04013,29302,447
2020-07-15,Maricopa,Arizona,04013,29570,450
2020-07-16,Maricopa,Arizona,04013,29762,453
2020-07-17,Maricopa,Arizona,04013,30457,471
2020-07-18,Maricopa,Arizona,04013,30953,481
2020-07-19,Maricopa,Arizona,04013,31211,484
2020-07-20,Maricopa,Arizona,04013,31313,486
2020-07-21,Maricopa,Arizona,04013,31884,488
2020-07-22,Maricopa,Arizona,04013,32546,502
2020-07-23,Maricopa,Arizona,04013,33013,504
2020-07-24,Maricopa,Arizona,04013,33261,510
2020-07-25,Maricopa,Arizona,04013,33542,518
2020-07-26,Maricopa,Arizona,04013,34035,525
2020-07-27,Maricopa,Arizona,04013,34361,529
2020-07-28,Maricopa,Arizona,04013,34608,533
2020-07-29,Maricopa,Arizona,04013,35122,546
2020-07-30,Maricopa,Arizona,04013,35461,548
2020-07-31,Maricopa,Arizona,04013,35871,556
2020-08-01,Maricopa,Arizona,04013,36490,564
2020-08-02,Maricopa,Arizona,04013,36986,574
2020-08-03,Maricopa,Arizona,04013,37263,576
2020-08-04,Maricopa,Arizona,04013,37392,579
2020-08-05,Maricopa,Arizona,04013,37883,592
2020-08-06,Maricopa,Arizona,04013,38136,597
2020-08-07,Maricopa,Arizona,04013,38786,605
2020-08-08,Maricopa,Arizona,04013,38969,609
2020-08-09,Maricopa,Arizona,04013,39623,625
2020-08-10,Maricopa,Arizona,04013,40216,636
2020-08-11,Maricopa,Arizona,04013,40720,647
2020-08-12,Maricopa,Arizona,04013,41262,658
2020-08-13,Maricopa,Arizona,04013,41978,666
2020-08-14,Maricopa,Arizona,04013,42330,671
2020-08-15,Maricopa,Arizona,04013,42441,673
2020-08-16,Maricopa,Arizona,04013,42889,677
2020-08-17,Maricopa,Arizona,04013,43434,682
2020-08-18,Maricopa,Arizona,04013,43859,692
2020-08-19,Maricopa,Arizona,04013,44517,706
2020-08-20,Maricopa,Arizona,04013,44925,716
2020-08-21,Maricopa,Arizona,04013,45542,732
2020-08-22,Maricopa,Arizona,04013,45745,733
2020-08-23,Maricopa,Arizona,04013,45915,734
2020-08-24,Maricopa,Arizona,04013,46512,748
2020-08-25,Maricopa,Arizona,04013,46716,752
2020-08-26,Maricopa,Arizona,04013,47016,754
2020-08-27,Maricopa,Arizona,04013,47328,761
2020-08-28,Maricopa,Arizona,04013,47610,767
2020-08-29,Maricopa,Arizona,04013,47907,770
2020-08-30,Maricopa,Arizona,04013,48181,777
2020-08-31,Maricopa,Arizona,04013,48566,787
2020-09-01,Maricopa,Arizona,04013,49022,800
2020-09-02,Maricopa,Arizona,04013,49156,803
2020-09-03,Maricopa,Arizona,04013,49559,813
2020-09-04,Maricopa,Arizona,04013,49888,817
2020-09-05,Maricopa,Arizona,04013,50011,820
2020-09-06,Maricopa,Arizona,04013,50186,821
2020-09-07,Maricopa,Arizona,04013,50532,827
2020-09-08,Maricopa,Arizona,04013,51191,837
2020-09-09,Maricopa,Arizona,04013,51479,843
2020-09-10,Maricopa,Arizona,04013,52057,852
2020-09-11,Maricopa,Arizona,04013,52542,856
2020-09-12,Maricopa,Arizona,04013,53030,858
2020-09-13,Maricopa,Arizona,04013,53291,864
2020-09-14,Maricopa,Arizona,04013,53486,868
2020-09-15,Maricopa,Arizona,04013,53883,877
2020-09-16,Maricopa,Arizona,04013,54027,879
2020-09-17,Maricopa,Arizona,04013,54514,886
2020-09-18,Maricopa,Arizona,04013,55209,896
2020-09-19,Maricopa,Arizona,04013,55322,897
2020-09-20,Maricopa,Arizona,04013,55646,898
2020-09-21,Maricopa,Arizona,04013,55938,905
2020-09-22,Maricopa,Arizona,04013,56147,909
2020-09-23,Maricopa,Arizona,04013,56630,914
2020-09-24,Maricopa,Arizona,04013,57155,921
2020-09-25,Maricopa,Arizona,04013,57325,923
2020-09-26,Maricopa,Arizona,04013,57784,927
2020-09-27,Maricopa,Arizona,04013,58391,934
2020-09-28,Maricopa,Arizona,04013,58663,940
2020-09-29,Maricopa,Arizona,04013,59127,946
2020-09-30,Maricopa,Arizona,04013,59774,965
2020-10-01,Maricopa,Arizona,04013,60078,973
2020-10-02,Maricopa,Arizona,04013,60393,976
2020-10-03,Maricopa,Arizona,04013,61078,995
2020-10-04,Maricopa,Arizona,04013,61421,998
2020-10-05,Maricopa,Arizona,04013,61967,1002
2020-10-06,Maricopa,Arizona,04013,62517,1012
2020-10-07,Maricopa,Arizona,04013,62712,1014
2020-10-08,Maricopa,Arizona,04013,63210,1016
2020-10-09,Maricopa,Arizona,04013,63850,1023
2020-10-10,Maricopa,Arizona,04013,64275,1025
2020-10-11,Maricopa,Arizona,04013,64989,1040
2020-10-12,Maricopa,Arizona,04013,65489,1042
2020-10-13,Maricopa,Arizona,04013,66011,1050
2020-10-14,Maricopa,Arizona,04013,66339,1056
2020-10-15,Maricopa,Arizona,04013,66726,1059
2020-10-16,Maricopa,Arizona,04013,67252,1069
2020-10-17,Maricopa,Arizona,04013,67530,1074
2020-10-18,Maricopa,Arizona,04013,68035,1079
2020-10-19,Maricopa,Arizona,04013,68505,1082
2020-10-20,Maricopa,Arizona,04013,69116,1086
2020-10-21,Maricopa,Arizona,04013,69657,1090
2020-10-22,Maricopa,Arizona,04013,69818,1091
2020-10-23,Maricopa,Arizona,04013,70032,1093
2020-10-24,Maricopa,Arizona,04013,70286,1097
2020-10-25,Maricopa,Arizona,04013,70502,1101
2020-10-26,Maricopa,Arizona,04013,70777,1102
2020-10-27,Maricopa,Arizona,04013,71178,1106
2020-10-28,Maricopa,Arizona,04013,71853,1114
2020-10-29,Maricopa,Arizona,04013,71944,1115
2020-10-30,Maricopa,Arizona,04013,72603,1132
2020-10-31,Maricopa,Arizona,04013,73112,1136
2020-11-01,Maricopa,Arizona,04013,73258,1138
2020-11-02,Maricopa,Arizona,04013,73802,1142
2020-11-03,Maricopa,Arizona,04013,74052,1144
2020-11-04,Maricopa,Arizona,04013,74762,1152
2020-11-05,Maricopa,Arizona,04013,75143,1154
2020-11-06,Maricopa,Arizona,04013,75600,1156
2020-11-07,Maricopa,Arizona,04013,76181,1170
2020-11-08,Maricopa,Arizona,04013,76786,1184
2020-11-09,Maricopa,Arizona,04013,77157,1192
2020-11-10,Maricopa,Arizona,04013,77475,1200
2020-11-11,Maricopa,Arizona,04013,78458,1209
2020-11-12,Maricopa,Arizona,04013,79112,1219
2020-11-13,Maricopa,Arizona,04013,80050,1244
2020-11-14,Maricopa,Arizona,04013,80419,1253
2020-11-15,Maricopa,Arizona,04013,80884,1259
2020-11-16,Maricopa,Arizona,04013,82189,1274
2020-11-17,Maricopa,Arizona,04013,82873,1291
2020-11-18,Maricopa,Arizona,04013,84003,1314
2020-11-19,Maricopa,Arizona,04013,85129,1322
2020-11-20,Maricopa,Arizona,04013,86147,1328
2020-11-21,Maricopa,Arizona,04013,87430,1339
2020-11-22,Maricopa,Arizona,04013,88146,1353
2020-11-23,Maricopa,Arizona,04013,89278,1377
2020-11-24,Maricopa,Arizona,04013,89742,1383
2020-11-25,Maricopa,Arizona,04013,90397,1386
2020-11-26,Maricopa,Arizona,04013,91402,1412
2020-11-27,Maricopa,Arizona,04013,92719,1422
2020-11-28,Maricopa,Arizona,04013,93978,1431
2020-11-29,Maricopa,Arizona,04013,94689,1435
2020-11-30,Maricopa,Arizona,04013,95239,1442
2020-12-01,Maricopa,Arizona,04013,96266,1464
2020-12-02,Maricopa,Arizona,04013,97361,1485
2020-12-03,Maricopa,Arizona,04013,98238,1510
2020-12-04,Maricopa,Arizona,04013,99228,1523
2020-12-05,Maricopa,Arizona,04013,100060,1541
2020-12-06,Maricopa,Arizona,04013,100431,1548
2020-12-07,Maricopa,Arizona,04013,100967,1555
2020-12-08,Maricopa,Arizona,04013,101964,1569
2020-12-09,Maricopa,Arizona,04013,103136,1591
2020-12-10,Maricopa,Arizona,04013,104468,1599
2020-12-11,Maricopa,Arizona,04013,105429,1607
2020-12-12,Maricopa,Arizona,04013,106611,1638
2020-12-13,Maricopa,Arizona,04013,107816,1646
2020-12-14,Maricopa,Arizona,04013,108614,1654
2020-12-15,Maricopa,Arizona,04013,109927,1662
2020-12-16,Maricopa,Arizona,04013,110435,1672
2020-12-17,Maricopa,Arizona,04013,111138,1679
2020-12-18,Maricopa,Arizona,04013,111901,1698
2020-12-19,Maricopa,Arizona,04013,112652,1717
2020-12-20,Maricopa,Arizona,04013,113402,1722
2020-12-21,Maricopa,Arizona,04013,114206,1739
2020-12-22,Maricopa,Arizona,04013,114585,1744
2020-12-23,Maricopa,Arizona,04013,115453,1748
2020-12-24,Maricopa,Arizona,04013,115819,1755
2020-12-25,Maricopa,Arizona,04013,116754,1766
2020-12-26,Maricopa,Arizona,04013,117570,1774
2020-12-27,Maricopa,Arizona,04013,118561,1802
2020-12-28,Maricopa,Arizona,04013,119221,1806
2020-12-29,Maricopa,Arizona,04013,119730,1814
2020-12-30,Maricopa,Arizona,04013,120602,1831
2020-12-31,Maricopa,Arizona,04013,121380,1847
2021-01-01,Maricopa,Arizona,04013,122419,1855
2021-01-02,Maricopa,Arizona,04013,123505,1866
2021-01-03,Maricopa,Arizona,04013,124141,1882
2021-01-04,Maricopa,Arizona,04013,125448,1898
2021-01-05,Maricopa,Arizona,04013,126279,1916
2021-01-06,Maricopa,Arizona,04013,126597,1918
2021-01-07,Maricopa,Arizona,04013,127017,1927
2021-01-08,Maricopa,Arizona,04013,128062,1935
2021-01-09,Maricopa,Arizona,04013,128988,1943
2021-01-10,Maricopa,Arizona,04013,130258,1961
2021-01-11,Maricopa,Arizona,04013,131019,1979
2021-01-12,Maricopa,Arizona,04013,132059,1987
2021-01-13,Maricopa,Arizona,04013,132774,2007
2021-01-14,Maricopa,Arizona,04013,133944,2030
2021-01-15,Maricopa,Arizona,04013,135044,2047
2021-01-16,Maricopa,Arizona,04013,136021,2075
2021-01-17,Maricopa,Arizona,04013,136435,2082
2021-01-18,Maricopa,Arizona,04013,137275,2087
2021-01-19,Maricopa,Arizona,04013,138550,2120
2021-01-20,Maricopa,Arizona,04013,139339,2133
2021-01-21,Maricopa,Arizona,04013,140599,2144
2021-01-22,Maricopa,Arizona,04013,141490,2164
2021-01-23,Maricopa,Arizona,04013,141897,2169
2021-01-24,Maricopa,Arizona,04013,142812,2193
2021-01-25,Maricopa,Arizona,04013,143623,2204
2021-01-26,Maricopa,Arizona,04013,144946,2240
2021-01-27,Maricopa,Arizona,04013,146035,2252
2021-01-28,Maricopa,Arizona,04013,147341,2290
2021-01-29,Maricopa,Arizona,04013,148097,2296
2021-01-30,Maricopa,Arizona,04013,148810,2312
2021-01-31,Maricopa,Arizona,04013,149884,2325
2021-02-01,Maricopa,Arizona,04013,150908,2352
2021-02-02,Maricopa,Arizona,04013,151943,2381
2021-02-03,Maricopa,Arizona,04013,152893,2390
2021-02-04,Maricopa,Arizona,04013,153834,2401
2021-02-05,Maricopa,Arizona,04013,154474,2414
2021-02-06,Maricopa,Arizona,04013,155799,2442
2021-02-07,Maricopa,Arizona,04013,157099,2464
2021-02-08,Maricopa,Arizona,04013,158115,2477
2021-02-09,Maricopa,Arizona,04013,158508,2482
2021-02-10,Maricopa,Arizona,04013,159294,2497
2021-02-11,Maricopa,Arizona,04013,160281,2512
2021-02-12,Maricopa,Arizona,04013,161355,2539
2021-02-13,Maricopa,Arizona,04013,161931,2554
2021-02-14,Maricopa,Arizona,04013,162383,2562
2021-02-15,Maricopa,Arizona,04013,162484,2562
2021-02-16,Maricopa,Arizona,04013,162874,2565
2021-02-17,Maricopa,Arizona,04013,163300,2568
2021-02-18,Maricopa,Arizona,04013,163518,2570
2021-02-19,Maricopa,Arizona,04013,163984,2580
2021-02-20,Maricopa,Arizona,04013,164206,2585
2021-02-21,Maricopa,Arizona,04013,164310,2587
2021-02-22,Maricopa,Arizona,04013,164445,2590
2021-02-23,Maricopa,Arizona,04013,164866,2601
2021-02-24,Maricopa,Arizona,04013,165288,2609
2021-02-25,Maricopa,Arizona,04013,165484,2613
2021-02-26,Maricopa,Arizona,04013,165932,2618
2021-02-27,Maricopa,Arizona,04013,166319,2628
2021-02-28,Maricopa,Arizona,04013,166582,2635
2021-03-01,Maricopa,Arizona,04013,167109,2641
2021-03-02,Maricopa,Arizona,04013,167446,2642
2021-03-03,Maricopa,Arizona,04013,167648,2646
2021-03-04,Maricopa,Arizona,04013,168087,2657
2021-03-05,Maricopa,Arizona,04013,168548,2669
2021-03-06,Maricopa,Arizona,04013,168953,2677
2021-03-07,Maricopa,Arizona,04013,169381,2684
2021-03-08,Maricopa,Arizona,04013,169741,2692
2021-03-09,Maricopa,Arizona,04013,170263,2698
2021-03-10,Maricopa,Arizona,04013,170432,2701
2021-03-11,Maricopa,Arizona,04013,170605,2702
2021-03-12,Maricopa,Arizona,04013,170925,2706
2021-03-13,Maricopa,Arizona,04013,171206,2711
2021-03-14,Maricopa,Arizona,04013,171354,2713
2021-03-15,Maricopa,Arizona,04013,171558,2715
2021-03-16,Maricopa,Arizona,04013,171966,2718
2021-03-17,Maricopa,Arizona,04013,172124,2720
2021-03-18,Maricopa,Arizona,04013,172236,2723
2021-03-19,Maricopa,Arizona,04013,172601,2730
2021-03-20,Maricopa,Arizona,04013,172910,2735
2021-03-21,Maricopa,Arizona,04013,173160,2741
2021-03-22,Maricopa,Arizona,04013,173392,2743
2021-03-23,Maricopa,Arizona,04013,173564,2744
2021-03-24,Maricopa,Arizona,04013,173880,2748
2021-03-25,Maricopa,Arizona,04013,174210,2750
2021-03-26,Maricopa,Arizona,04013,174398,2751
2021-03-27,Maricopa,Arizona,04013,174636,2754
2021-03-28,Maricopa,Arizona,04013,174823,2758
2021-03-29,Maricopa,Arizona,04013,175150,2767
2021-03-30,Maricopa,Arizona,04013,175609,2780
2021-03-31,Maricopa,Arizona,04013,175702,2782
2021-04-01,Maricopa,Arizona,04013,175991,2789
2021-04-02,Maricopa,Arizona,04013,176355,2796
2021-04-03,Maricopa,Arizona,04013,176874,2807
2021-04-04,Maricopa,Arizona,04013,177107,2813
2021-04-05,Maricopa,Arizona,04013,177620,2820
2021-04-06,Maricopa,Arizona,04013,177952,2824
2021-04-07,Maricopa,Arizona,04013,178450,2836
2021-04-08,Maricopa,Arizona,04013,178707,2842
2021-04-09,Maricopa,Arizona,04013,178996,2843
2021-04-10,Maricopa,Arizona,04013,179488,2847
2021-04-11,Maricopa,Arizona,04013,179808,2856
2021-04-12,Maricopa,Arizona,04013,179972,2860
2021-04-13,Maricopa,Arizona,04013,180303,2861
2021-04-14,Maricopa,Arizona,04013,180422,2863
2021-04-15,Maricopa,Arizona,04013,180858,2874
2021-04-16,Maricopa,Arizona,04013,181137,2876
2021-04-17,Maricopa,Arizona,04013,181467,2883
2021-04-18,Maricopa,Arizona,04013,181994,2895
2021-04-19,Maricopa,Arizona,04013,182373,2905
2021-04-20,Maricopa,Arizona,04013,182797,2908
2021-04-21,Maricopa,Arizona,04013,183092,2911
2021-04-22,Maricopa,Arizona,04013,183220,2911
2021-04-23,Maricopa,Arizona,04013,183665,2919
2021-04-24,Maricopa,Arizona,04013,184012,2922
2021-04-25,Maricopa,Arizona,04013,184217,2925
2021-04-26,Maricopa,Arizona,04013,184589,2930
2021-04-27,Maricopa,Arizona,04013,184686,2932
2021-04-28,Maricopa,Arizona,04013,185015,2938
2021-04-29,Maricopa,Arizona,04013,185382,2946
2021-04-30,Maricopa,Arizona,04013,185734,2953
2021-05-01,Maricopa,Arizona,04013,185856,2956
2021-05-02,Maricopa,Arizona,04013,185993,2959
2021-05-03,Maricopa,Arizona,04013,186217,2960
2021-05-04,Maricopa,Arizona,04013,186649,2966
2021-05-05,Maricopa,Arizona,04013,186915,2971
2021-05-06,Maricopa,Arizona,04013,187217,2976
2021-05-07,Maricopa,Arizona,04013,187367,2978
2021-05-08,Maricopa,Arizona,04013,187814,2986
2021-05-09,Maricopa,Arizona,04013,188334,2990
2021-05-10,Maricopa,Arizona,04013,188727,3000
2021-05-11,Maricopa,Arizona,04013,189173,3010
2021-05-12,Maricopa,Arizona,04013,189430,3017
2021-05-13,Maricopa,Arizona,04013,189767,3023
2021-05-14,Maricopa,Arizona,04013,189911,3023
2021-05-15,Maricopa,Arizona,04013,190268,3029
2021-05-16,Maricopa,Arizona,04013,190782,3035
2021-05-17,Maricopa,Arizona,04013,191207,3046
2021-05-18,Maricopa,Arizona,04013,191450,3049
2021-05-19,Maricopa,Arizona,04013,191829,3055
2021-05-20,Maricopa,Arizona,04013,191990,3056
2021-05-21,Maricopa,Arizona,04013,192454,3060
2021-05-22,Maricopa,Arizona,04013,192625,3064
2021-05-23,Maricopa,Arizona,04013,193096,3076
2021-05-24,Maricopa,Arizona,04013,193603,3091
2021-05-25,Maricopa,Arizona,04013,193899,3096
2021-05-26,Maricopa,Arizona,04013,194119,3097
2021-05-27,Maricopa,Arizona,04013,194252,3100
2021-05-28,Maricopa,Arizona,04013,194560,3104
2021-05-29,Maricopa,Arizona,04013,194707,3107
2021-05-30,Maricopa,Arizona,04013,194841,3109
2021-05-31,Maricopa,Arizona,04013,195334,3115
2021-06-01,Maricopa,Arizona,04013,195625,3120
2021-06-02,Maricopa,Arizona,04013,195851,3124
2021-06-03,Maricopa,Arizona,04013,196194,3128
2021-06-04,Maricopa,Arizona,04013,196425,3131
2021-06-05,Maricopa,Arizona,04013,196516,3132
2021-06-06,Maricopa,Arizona,04013,196705,3136
2021-06-07,Maricopa,Arizona,04013,196990,3143
2021-06-08,Maricopa,Arizona,04013,197139,3146
2021-06-09,Maricopa,Arizona,04013,197622,3154
2021-06-10,Maricopa,Arizona,04013,197872,3157
2021-06-11,Maricopa,Arizona,04013,198209,3160
2021-06-12,Maricopa,Arizona,04013,198570,3169
2021-06-13,Maricopa,Arizona,04013,199044,3173
2021-06-14,Maricopa,Arizona,04013,199375,3176
2021-06-15,Maricopa,Arizona,04013,199862,3179
2021-06-16,Maricopa,Arizona,04013,199985,3179
2021-06-17,Maricopa,Arizona,04013,200302,3180
2021-06-18,Maricopa,Arizona,04013,200652,3185
2021-06-19,Maricopa,Arizona,04013,201006,3194
2021-06-20,Maricopa,Arizona,04013,201343,3200
2021-06-21,Maricopa,Arizona,04013,201880,3209
2021-06-22,Maricopa,Arizona,04013,202317,3215
2021-06-23,Maricopa,Arizona,04013,202506,3219
2021-06-24,Maricopa,Arizona,04013,202924,3224
2021-06-25,Maricopa,Arizona,04013,203222,3229
2021-06-26,Maricopa,Arizona,04013,203489,3233
2021-06-27,Maricopa,Arizona,04013,203875,3243
2021-06-28,Maricopa,Arizona,04013,204326,3252
2021-06-29,Maricopa,Arizona,04013,204490,3254
2021-06-30,Maricopa,Arizona,04013,204779,3256
2020-03-01,Los Angeles,California,06037,95,2
2020-03-02,Los Angeles,California,06037,192,4
2020-03-03,Los Angeles,California,06037,240,4
2020-03-04,Los Angeles,California,06037,261,4
2020-03-05,Los Angeles,California,06037,267,4
2020-03-06,Los Angeles,California,06037,271,4
2020-03-07,Los Angeles,California,06037,362,5
2020-03-08,Los Angeles,California,06037,409,5
2020-03-09,Los Angeles,California,06037,413,5
2020-03-10,Los Angeles,California,06037,445,5
2020-03-11,Los Angeles,California,06037,497,6
2020-03-12,Los Angeles,California,06037,580,6
2020-03-13,Los Angeles,California,06037,634,6
2020-03-14,Los Angeles,California,06037,699,6
2020-03-15,Los Angeles,California,06037,764,7
2020-03-16,Los Angeles,California,06037,815,7
2020-03-17,Los Angeles,California,06037,906,8
2020-03-18,Los Angeles,California,06037,941,8
2020-03-19,Los Angeles,California,06037,989,8
2020-03-20,Los Angeles,California,06037,1049,9
2020-03-21,Los Angeles,California,06037,1062,9
2020-03-22,Los Angeles,California,06037,1069,9
2020-03-23,Los Angeles,California,06037,1090,9
2020-03-24,Los Angeles,California,06037,1126,9
2020-03-25,Los Angeles,California,06037,1137,9
2020-03-26,Los Angeles,California,06037,1218,10
2020-03-27,Los Angeles,California,06037,1266,10
2020-03-28,Los Angeles,California,06037,1287,10
2020-03-29,Los Angeles,California,06037,1370,10
2020-03-30,Los Angeles,California,06037,1374,10
2020-03-31,Los Angeles,California,06037,1619,15
2020-04-01,Los Angeles,California,06037,1754,17
2020-04-02,Los Angeles,California,06037,1904,18
2020-04-03,Los Angeles,California,06037,2167,25
2020-04-04,Los Angeles,California,06037,2808,37
2020-04-05,Los Angeles,California,06037,2925,39
2020-04-06,Los Angeles,California,06037,3623,47
2020-04-07,Los Angeles,California,06037,3800,49
2020-04-08,Los Angeles,California,06037,4797,75
2020-04-09,Los Angeles,California,06037,5051,81
2020-04-10,Los Angeles,California,06037,5694,96
2020-04-11,Los Angeles,California,06037,6535,104
2020-04-12,Los Angeles,California,06037,7231,112
2020-04-13,Los Angeles,California,06037,7985,122
2020-04-14,Los Angeles,California,06037,8495,132
2020-04-15,Los Angeles,California,06037,8803,136
2020-04-16,Los Angeles,California,06037,9001,137
2020-04-17,Los Angeles,California,06037,9878,152
2020-04-18,Los Angeles,California,06037,10357,156
2020-04-19,Los Angeles,California,06037,10544,159
2020-04-20,Los Angeles,California,06037,11199,162
2020-04-21,Los Angeles,California,06037,12007,176
2020-04-22,Los Angeles,California,06037,12213,179
2020-04-23,Los Angeles,California,06037,12431,183
2020-04-24,Los Angeles,California,06037,13279,206
2020-04-25,Los Angeles,California,06037,14079,222
2020-04-26,Los Angeles,California,06037,14651,230
2020-04-27,Los Angeles,California,06037,14790,232
2020-04-28,Los Angeles,California,06037,15097,239
2020-04-29,Los Angeles,California,06037,15910,250
2020-04-30,Los Angeles,California,06037,16542,264
2020-05-01,Los Angeles,California,06037,17330,281
2020-05-02,Los Angeles,California,06037,17518,282
2020-05-03,Los Angeles,California,06037,18049,287
2020-05-04,Los Angeles,California,06037,18925,297
2020-05-05,Los Angeles,California,06037,19817,310
2020-05-06,Los Angeles,California,06037,20088,316
2020-05-07,Los Angeles,California,06037,20901,331
2020-05-08,Los Angeles,California,06037,21107,332
2020-05-09,Los Angeles,California,06037,21798,347
2020-05-10,Los Angeles,California,06037,22183,352
2020-05-11,Los Angeles,California,06037,22423,357
2020-05-12,Los Angeles,California,06037,22752,365
2020-05-13,Los Angeles,California,06037,23235,371
2020-05-14,Los Angeles,California,06037,23584,378
2020-05-15,Los Angeles,California,06037,24366,389
2020-05-16,Los Angeles,California,06037,25174,402
2020-05-17,Los Angeles,California,06037,25608,410
2020-05-18,Los Angeles,California,06037,25937,414
2020-05-19,Los Angeles,California,06037,26348,423
2020-05-20,Los Angeles,California,06037,27113,443
2020-05-21,Los Angeles,California,06037,27809,459
2020-05-22,Los Angeles,California,06037,28312,470
2020-05-23,Los Angeles,California,06037,28558,472
2020-05-24,Los Angeles,California,06037,29020,478
2020-05-25,Los Angeles,California,06037,29617,491
2020-05-26,Los Angeles,California,06037,30355,497
2020-05-27,Los Angeles,California,06037,31326,501
2020-05-28,Los Angeles,California,06037,31508,502
2020-05-29,Los Angeles,California,06037,32444,516
2020-05-30,Los Angeles,California,06037,32602,517
2020-05-31,Los Angeles,California,06037,32774,518
2020-06-01,Los Angeles,California,06037,33221,531
2020-06-02,Los Angeles,California,06037,33876,542
2020-06-03,Los Angeles,California,06037,34619,556
2020-06-04,Los Angeles,California,06037,35573,580
2020-06-05,Los Angeles,California,06037,36251,590
2020-06-06,Los Angeles,California,06037,36533,596
2020-06-07,Los Angeles,California,06037,37359,606
2020-06-08,Los Angeles,California,06037,37489,608
2020-06-09,Los Angeles,California,06037,38055,614
2020-06-10,Los Angeles,California,06037,38308,615
2020-06-11,Los Angeles,California,06037,38624,616
2020-06-12,Los Angeles,California,06037,38866,623
2020-06-13,Los Angeles,California,06037,39670,634
2020-06-14,Los Angeles,California,06037,40127,642
2020-06-15,Los Angeles,California,06037,40695,655
2020-06-16,Los Angeles,California,06037,40857,656
2020-06-17,Los Angeles,California,06037,41214,665
2020-06-18,Los Angeles,California,06037,42141,677
2020-06-19,Los Angeles,California,06037,43111,688
2020-06-20,Los Angeles,California,06037,43759,694
2020-06-21,Los Angeles,California,06037,44699,712
2020-06-22,Los Angeles,California,06037,45035,717
2020-06-23,Los Angeles,California,06037,45231,718
2020-06-24,Los Angeles,California,06037,45597,728
2020-06-25,Los Angeles,California,06037,46422,751
2020-06-26,Los Angeles,California,06037,47313,773
2020-06-27,Los Angeles,California,06037,47932,786
2020-06-28,Los Angeles,California,06037,48905,804
2020-06-29,Los Angeles,California,06037,50187,834
2020-06-30,Los Angeles,California,06037,51738,859
2020-07-01,Los Angeles,California,06037,52586,875
2020-07-02,Los Angeles,California,06037,52825,876
2020-07-03,Los Angeles,California,06037,53120,882
2020-07-04,Los Angeles,California,06037,54718,917
2020-07-05,Los Angeles,California,06037,55241,923
2020-07-06,Los Angeles,California,06037,56784,950
2020-07-07,Los Angeles,California,06037,56998,955
2020-07-08,Los Angeles,California,06037,57547,959
2020-07-09,Los Angeles,California,06037,58694,988
2020-07-10,Los Angeles,California,06037,59001,996
2020-07-11,Los Angeles,California,06037,59871,1008
2020-07-12,Los Angeles,California,06037,61328,1025
2020-07-13,Los Angeles,California,06037,62859,1058
2020-07-14,Los Angeles,California,06037,64338,1083
2020-07-15,Los Angeles,California,06037,64819,1094
2020-07-16,Los Angeles,California,06037,66246,1108
2020-07-17,Los Angeles,California,06037,66731,1113
2020-07-18,Los Angeles,California,06037,67801,1122
2020-07-19,Los Angeles,California,06037,68151,1131
2020-07-20,Los Angeles,California,06037,69301,1155
2020-07-21,Los Angeles,California,06037,70364,1180
2020-07-22,Los Angeles,California,06037,71325,1185
2020-07-23,Los Angeles,California,06037,72203,1203
2020-07-24,Los Angeles,California,06037,73095,1229
2020-07-25,Los Angeles,California,06037,74556,1268
2020-07-26,Los Angeles,California,06037,75446,1294
2020-07-27,Los Angeles,California,06037,76934,1311
2020-07-28,Los Angeles,California,06037,77446,1320
2020-07-29,Los Angeles,California,06037,77722,1326
2020-07-30,Los Angeles,California,06037,78595,1342
2020-07-31,Los Angeles,California,06037,79501,1355
2020-08-01,Los Angeles,California,06037,80666,1365
2020-08-02,Los Angeles,California,06037,82239,1400
2020-08-03,Los Angeles,California,06037,83086,1418
2020-08-04,Los Angeles,California,06037,83303,1420
2020-08-05,Los Angeles,California,06037,84320,1433
2020-08-06,Los Angeles,California,06037,85382,1445
2020-08-07,Los Angeles,California,06037,86353,1455
2020-08-08,Los Angeles,California,06037,87216,1472
2020-08-09,Los Angeles,California,06037,87931,1484
2020-08-10,Los Angeles,California,06037,88427,1495
2020-08-11,Los Angeles,California,06037,89151,1514
2020-08-12,Los Angeles,California,06037,89744,1519
2020-08-13,Los Angeles,California,06037,90129,1526
2020-08-14,Los Angeles,California,06037,90651,1529
2020-08-15,Los Angeles,California,06037,91231,1535
2020-08-16,Los Angeles,California,06037,92039,1546
2020-08-17,Los Angeles,California,06037,92444,1557
2020-08-18,Los Angeles,California,06037,92854,1567
2020-08-19,Los Angeles,California,06037,93302,1574
2020-08-20,Los Angeles,California,06037,94902,1615
2020-08-21,Los Angeles,California,06037,95829,1636
2020-08-22,Los Angeles,California,06037,97133,1652
2020-08-23,Los Angeles,California,06037,98123,1671
2020-08-24,Los Angeles,California,06037,98883,1687
2020-08-25,Los Angeles,California,06037,99168,1694
2020-08-26,Los Angeles,California,06037,100038,1712
2020-08-27,Los Angeles,California,06037,100871,1723
2020-08-28,Los Angeles,California,06037,101579,1736
2020-08-29,Los Angeles,California,06037,103089,1753
2020-08-30,Los Angeles,California,06037,103317,1754
2020-08-31,Los Angeles,California,06037,104736,1795
2020-09-01,Los Angeles,California,06037,105216,1804
2020-09-02,Los Angeles,California,06037,106329,1814
2020-09-03,Los Angeles,California,06037,107626,1831
2020-09-04,Los Angeles,California,06037,108772,1850
2020-09-05,Los Angeles,California,06037,110007,1883
2020-09-06,Los Angeles,California,06037,110743,1891
2020-09-07,Los Angeles,California,06037,111831,1900
2020-09-08,Los Angeles,California,06037,112267,1910
2020-09-09,Los Angeles,California,06037,112941,1924
2020-09-10,Los Angeles,California,06037,113945,1950
2020-09-11,Los Angeles,California,06037,114246,1952
2020-09-12,Los Angeles,California,06037,114767,1958
2020-09-13,Los Angeles,California,06037,115377,1965
2020-09-14,Los Angeles,California,06037,116483,1978
2020-09-15,Los Angeles,California,06037,117309,1999
2020-09-16,Los Angeles,California,06037,118020,2012
2020-09-17,Los Angeles,California,06037,119577,2035
2020-09-18,Los Angeles,California,06037,120036,2037
2020-09-19,Los Angeles,California,06037,121259,2063
2020-09-20,Los Angeles,California,06037,122781,2097
2020-09-21,Los Angeles,California,06037,123094,2099
2020-09-22,Los Angeles,California,06037,123439,2101
2020-09-23,Los Angeles,California,06037,124874,2127
2020-09-24,Los Angeles,California,06037,125111,2130
2020-09-25,Los Angeles,California,06037,126386,2139
2020-09-26,Los Angeles,California,06037,126955,2144
2020-09-27,Los Angeles,California,06037,128076,2174
2020-09-28,Los Angeles,California,06037,128711,2181
2020-09-29,Los Angeles,California,06037,129311,2193
2020-09-30,Los Angeles,California,06037,129696,2202
2020-10-01,Los Angeles,California,06037,129936,2207
2020-10-02,Los Angeles,California,06037,131346,2225
2020-10-03,Los Angeles,California,06037,132216,2250
2020-10-04,Los Angeles,California,06037,133176,2261
2020-10-05,Los Angeles,California,06037,134002,2285
2020-10-06,Los Angeles,California,06037,135183,2296
2020-10-07,Los Angeles,California,06037,136223,2317
2020-10-08,Los Angeles,California,06037,137317,2337
2020-10-09,Los Angeles,California,06037,138253,2356
2020-10-10,Los Angeles,California,06037,138889,2364
2020-10-11,Los Angeles,California,06037,139848,2388
2020-10-12,Los Angeles,California,06037,140669,2399
2020-10-13,Los Angeles,California,06037,141234,2406
2020-10-14,Los Angeles,California,06037,141434,2411
2020-10-15,Los Angeles,California,06037,142826,2429
2020-10-16,Los Angeles,California,06037,143686,2433
2020-10-17,Los Angeles,California,06037,145182,2475
2020-10-18,Los Angeles,California,06037,146053,2479
2020-10-19,Los Angeles,California,06037,146858,2488
2020-10-20,Los Angeles,California,06037,147383,2490
2020-10-21,Los Angeles,California,06037,148108,2501
2020-10-22,Los Angeles,California,06037,149096,2515
2020-10-23,Los Angeles,California,06037,149526,2525
2020-10-24,Los Angeles,California,06037,150274,2535
2020-10-25,Los Angeles,California,06037,150844,2543
2020-10-26,Los Angeles,California,06037,151381,2555
2020-10-27,Los Angeles,California,06037,152860,2592
2020-10-28,Los Angeles,California,06037,154023,2606
2020-10-29,Los Angeles,California,06037,155267,2637
2020-10-30,Los Angeles,California,06037,156048,2657
2020-10-31,Los Angeles,California,06037,156505,2662
2020-11-01,Los Angeles,California,06037,157600,2684
2020-11-02,Los Angeles,California,06037,158183,2695
2020-11-03,Los Angeles,California,06037,158647,2697
2020-11-04,Los Angeles,California,06037,158917,2701
2020-11-05,Los Angeles,California,06037,159379,2704
2020-11-06,Los Angeles,California,06037,160629,2732
2020-11-07,Los Angeles,California,06037,162983,2757
2020-11-08,Los Angeles,California,06037,163948,2773
2020-11-09,Los Angeles,California,06037,165374,2791
2020-11-10,Los Angeles,California,06037,167902,2866
2020-11-11,Los Angeles,California,06037,169621,2908
2020-11-12,Los Angeles,California,06037,171019,2944
2020-11-13,Los Angeles,California,06037,173914,2962
2020-11-14,Los Angeles,California,06037,176385,2978
2020-11-15,Los Angeles,California,06037,178120,2995
2020-11-16,Los Angeles,California,06037,180749,3061
2020-11-17,Los Angeles,California,06037,183346,3081
2020-11-18,Los Angeles,California,06037,185799,3108
2020-11-19,Los Angeles,California,06037,188259,3147
2020-11-20,Los Angeles,California,06037,190638,3160
2020-11-21,Los Angeles,California,06037,192350,3201
2020-11-22,Los Angeles,California,06037,194207,3255
2020-11-23,Los Angeles,California,06037,195948,3293
2020-11-24,Los Angeles,California,06037,197302,3310
2020-11-25,Los Angeles,California,06037,199420,3322
2020-11-26,Los Angeles,California,06037,202280,3373
2020-11-27,Los Angeles,California,06037,203492,3398
2020-11-28,Los Angeles,California,06037,204573,3427
2020-11-29,Los Angeles,California,06037,207256,3455
2020-11-30,Los Angeles,California,06037,208130,3473
2020-12-01,Los Angeles,California,06037,209514,3485
2020-12-02,Los Angeles,California,06037,210781,3495
2020-12-03,Los Angeles,California,06037,213284,3508
2020-12-04,Los Angeles,California,06037,213987,3525
2020-12-05,Los Angeles,California,06037,215734,3559
2020-12-06,Los Angeles,California,06037,217231,3569
2020-12-07,Los Angeles,California,06037,218213,3576
2020-12-08,Los Angeles,California,06037,220305,3635
2020-12-09,Los Angeles,California,06037,223309,3696
2020-12-10,Los Angeles,California,06037,224055,3711
2020-12-11,Los Angeles,California,06037,226347,3767
2020-12-12,Los Angeles,California,06037,227252,3776
2020-12-13,Los Angeles,California,06037,230219,3849
2020-12-14,Los Angeles,California,06037,232644,3909
2020-12-15,Los Angeles,California,06037,234303,3925
2020-12-16,Los Angeles,California,06037,236566,3956
2020-12-17,Los Angeles,California,06037,237492,3981
2020-12-18,Los Angeles,California,06037,239263,4009
2020-12-19,Los Angeles,California,06037,240575,4038
2020-12-20,Los Angeles,California,06037,241634,4048
2020-12-21,Los Angeles,California,06037,243074,4081
2020-12-22,Los Angeles,California,06037,244339,4113
2020-12-23,Los Angeles,California,06037,247144,4165
2020-12-24,Los Angeles,California,06037,247912,4171
2020-12-25,Los Angeles,California,06037,249226,4186
2020-12-26,Los Angeles,California,06037,250712,4193
2020-12-27,Los Angeles,California,06037,252851,4223
2020-12-28,Los Angeles,California,06037,253900,4228
2020-12-29,Los Angeles,California,06037,256566,4293
2020-12-30,Los Angeles,California,06037,257743,4320
2020-12-31,Los Angeles,California,06037,259931,4360
2021-01-01,Los Angeles,California,06037,261466,4387
2021-01-02,Los Angeles,California,06037,263267,4420
2021-01-03,Los Angeles,California,06037,265346,4447
2021-01-04,Los Angeles,California,06037,267492,4463
2021-01-05,Los Angeles,California,06037,269354,4475
2021-01-06,Los Angeles,California,06037,271968,4496
2021-01-07,Los Angeles,California,06037,274674,4523
2021-01-08,Los Angeles,California,06037,276445,4536
2021-01-09,Los Angeles,California,06037,278423,4587
2021-01-10,Los Angeles,California,06037,280610,4626
2021-01-11,Los Angeles,California,06037,282902,4652
2021-01-12,Los Angeles,California,06037,284387,4681
2021-01-13,Los Angeles,California,06037,285160,4702
2021-01-14,Los Angeles,California,06037,286265,4721
2021-01-15,Los Angeles,California,06037,289011,4740
2021-01-16,Los Angeles,California,06037,291543,4756
2021-01-17,Los Angeles,California,06037,293489,4811
2021-01-18,Los Angeles,California,06037,295093,4833
2021-01-19,Los Angeles,California,06037,297402,4892
2021-01-20,Los Angeles,California,06037,298644,4899
2021-01-21,Los Angeles,California,06037,299415,4908
2021-01-22,Los Angeles,California,06037,302293,4991
2021-01-23,Los Angeles,California,06037,303129,5010
2021-01-24,Los Angeles,California,06037,305012,5028
2021-01-25,Los Angeles,California,06037,306882,5048
2021-01-26,Los Angeles,California,06037,308990,5067
2021-01-27,Los Angeles,California,06037,311397,5104
2021-01-28,Los Angeles,California,06037,312253,5121
2021-01-29,Los Angeles,California,06037,313717,5145
2021-01-30,Los Angeles,California,06037,315922,5204
2021-01-31,Los Angeles,California,06037,316926,5213
2021-02-01,Los Angeles,California,06037,318495,5234
2021-02-02,Los Angeles,California,06037,319478,5263
2021-02-03,Los Angeles,California,06037,321147,5286
2021-02-04,Los Angeles,California,06037,322508,5326
2021-02-05,Los Angeles,California,06037,323892,5345
2021-02-06,Los Angeles,California,06037,326335,5383
2021-02-07,Los Angeles,California,06037,328686,5430
2021-02-08,Los Angeles,California,06037,330645,5450
2021-02-09,Los Angeles,California,06037,333092,5518
2021-02-10,Los Angeles,California,06037,334306,5553
2021-02-11,Los Angeles,California,06037,335986,5578
2021-02-12,Los Angeles,California,06037,338338,5647
2021-02-13,Los Angeles,California,06037,340375,5683
2021-02-14,Los Angeles,California,06037,341573,5698
2021-02-15,Los Angeles,California,06037,342075,5703
2021-02-16,Los Angeles,California,06037,343134,5708
2021-02-17,Los Angeles,California,06037,344159,5730
2021-02-18,Los Angeles,California,06037,344636,5738
2021-02-19,Los Angeles,California,06037,345395,5759
2021-02-20,Los Angeles,California,06037,345751,5761
2021-02-21,Los Angeles,California,06037,346308,5765
2021-02-22,Los Angeles,California,06037,346877,5776
2021-02-23,Los Angeles,California,06037,347311,5786
2021-02-24,Los Angeles,California,06037,347604,5790
2021-02-25,Los Angeles,California,06037,348726,5816
2021-02-26,Los Angeles,California,06037,349653,5839
2021-02-27,Los Angeles,California,06037,350027,5848
2021-02-28,Los Angeles,California,06037,350920,5865
2021-03-01,Los Angeles,California,06037,352031,5887
2021-03-02,Los Angeles,California,06037,352533,5898
2021-03-03,Los Angeles,California,06037,353312,5903
2021-03-04,Los Angeles,California,06037,353568,5909
2021-03-05,Los Angeles,California,06037,354118,5922
2021-03-06,Los Angeles,California,06037,354736,5938
2021-03-07,Los Angeles,California,06037,355809,5949
2021-03-08,Los Angeles,California,06037,356665,5966
2021-03-09,Los Angeles,California,06037,356877,5971
2021-03-10,Los Angeles,California,06037,357461,5978
2021-03-11,Los Angeles,California,06037,357703,5982
2021-03-12,Los Angeles,California,06037,358053,5988
2021-03-13,Los Angeles,California,06037,358475,5990
2021-03-14,Los Angeles,California,06037,359410,6003
2021-03-15,Los Angeles,California,06037,360058,6015
2021-03-16,Los Angeles,California,06037,360765,6022
2021-03-17,Los Angeles,California,06037,361256,6029
2021-03-18,Los Angeles,California,06037,361589,6031
2021-03-19,Los Angeles,California,06037,362363,6035
2021-03-20,Los Angeles,California,06037,362964,6039
2021-03-21,Los Angeles,California,06037,363668,6056
2021-03-22,Los Angeles,California,06037,363999,6058
2021-03-23,Los Angeles,California,06037,364761,6071
2021-03-24,Los Angeles,California,06037,365616,6079
2021-03-25,Los Angeles,California,06037,366435,6098
2021-03-26,Los Angeles,California,06037,366882,6101
2021-03-27,Los Angeles,California,06037,367862,6113
2021-03-28,Los Angeles,California,06037,368990,6121
2021-03-29,Los Angeles,California,06037,369865,6134
2021-03-30,Los Angeles,California,06037,370415,6141
2021-03-31,Los Angeles,California,06037,371211,6145
2021-04-01,Los Angeles,California,06037,371717,6160
2021-04-02,Los Angeles,California,06037,372536,6184
2021-04-03,Los Angeles,California,06037,373180,6189
2021-04-04,Los Angeles,California,06037,373425,6195
2021-04-05,Los Angeles,California,06037,373826,6200
2021-04-06,Los Angeles,California,06037,374787,6225
2021-04-07,Los Angeles,California,06037,375100,6226
2021-04-08,Los Angeles,California,06037,376253,6258
2021-04-09,Los Angeles,California,06037,377325,6285
2021-04-10,Los Angeles,California,06037,377539,6289
2021-04-11,Los Angeles,California,06037,377851,6294
2021-04-12,Los Angeles,California,06037,378074,6296
2021-04-13,Los Angeles,California,06037,378814,6303
2021-04-14,Los Angeles,California,06037,379540,6311
2021-04-15,Los Angeles,California,06037,380225,6326
2021-04-16,Los Angeles,California,06037,380567,6333
2021-04-17,Los Angeles,California,06037,380786,6337
2021-04-18,Los Angeles,California,06037,381652,6342
2021-04-19,Los Angeles,California,06037,382023,6346
2021-04-20,Los Angeles,California,06037,383016,6366
2021-04-21,Los Angeles,California,06037,383270,6371
2021-04-22,Los Angeles,California,06037,383479,6374
2021-04-23,Los Angeles,California,06037,383952,6386
2021-04-24,Los Angeles,California,06037,384815,6408
2021-04-25,Los Angeles,California,06037,385034,6413
2021-04-26,Los Angeles,California,06037,385886,6422
2021-04-27,Los Angeles,California,06037,386468,6439
2021-04-28,Los Angeles,California,06037,386768,6442
2021-04-29,Los Angeles,California,06037,387838,6461
2021-04-30,Los Angeles,California,06037,388225,6467
2021-05-01,Los Angeles,California,06037,388885,6485
2021-05-02,Los Angeles,California,06037,389107,6487
2021-05-03,Los Angeles,California,06037,389839,6496
2021-05-04,Los Angeles,California,06037,390434,6501
2021-05-05,Los Angeles,California,06037,390982,6508
2021-05-06,Los Angeles,California,06037,391810,6517
2021-05-07,Los Angeles,California,06037,392992,6537
2021-05-08,Los Angeles,California,06037,394007,6557
2021-05-09,Los Angeles,California,06037,395089,6586
2021-05-10,Los Angeles,California,06037,396107,6591
2021-05-11,Los Angeles,California,06037,396864,6600
2021-05-12,Los Angeles,California,06037,397217,6609
2021-05-13,Los Angeles,California,06037,398077,6615
2021-05-14,Los Angeles,California,06037,398661,6631
2021-05-15,Los Angeles,California,06037,399476,6647
2021-05-16,Los Angeles,California,06037,399905,6651
2021-05-17,Los Angeles,California,06037,400259,6661
2021-05-18,Los Angeles,California,06037,401373,6675
2021-05-19,Los Angeles,California,06037,402118,6682
2021-05-20,Los Angeles,California,06037,402457,6688
2021-05-21,Los Angeles,California,06037,403461,6714
2021-05-22,Los Angeles,California,06037,403971,6725
2021-05-23,Los Angeles,California,06037,404697,6731
2021-05-24,Los Angeles,California,06037,405897,6766
2021-05-25,Los Angeles,California,06037,406243,6775
2021-05-26,Los Angeles,California,06037,407364,6789
2021-05-27,Los Angeles,California,06037,408124,6810
2021-05-28,Los Angeles,California,06037,408443,6814
2021-05-29,Los Angeles,California,06037,409526,6839
2021-05-30,Los Angeles,California,06037,410495,6865
2021-05-31,Los Angeles,California,06037,411111,6874
2021-06-01,Los Angeles,California,06037,411756,6892
2021-06-02,Los Angeles,California,06037,412854,6923
2021-06-03,Los Angeles,California,06037,413329,6934
2021-06-04,Los Angeles,California,06037,413636,6936
2021-06-05,Los Angeles,California,06037,414602,6955
2021-06-06,Los Angeles,California,06037,415070,6963
2021-06-07,Los Angeles,California,06037,415502,6967
2021-06-08,Los Angeles,California,06037,416392,6979
2021-06-09,Los Angeles,California,06037,417283,6994
2021-06-10,Los Angeles,California,06037,417988,7008
2021-06-11,Los Angeles,California,06037,418903,7021
2021-06-12,Los Angeles,California,06037,419959,7039
2021-06-13,Los Angeles,California,06037,420297,7042
2021-06-14,Los Angeles,California,06037,420530,7047
2021-06-15,Los Angeles,California,06037,420745,7049
2021-06-16,Los Angeles,California,06037,421360,7063
2021-06-17,Los Angeles,California,06037,422552,7091
2021-06-18,Los Angeles,California,06037,422819,7098
2021-06-19,Los Angeles,California,06037,424009,7129
2021-06-20,Los Angeles,California,06037,424701,7138
2021-06-21,Los Angeles,California,06037,425361,7145
2021-06-22,Los Angeles,California,06037,425968,7148
2021-06-23,Los Angeles,California,06037,426906,7161
2021-06-24,Los Angeles,California,06037,427420,7171
2021-06-25,Los Angeles,California,06037,428366,7189
2021-06-26,Los Angeles,California,06037,429094,7208
2021-06-27,Los Angeles,California,06037,430084,7225
2021-06-28,Los Angeles,California,06037,430738,7241
2021-06-29,Los Angeles,California,06037,430981,7248
2021-06-30,Los Angeles,California,06037,431702,7258
2020-03-01,San Diego,California,06073,24,0
2020-03-02,San Diego,California,06073,41,0
2020-03-03,San Diego,California,06073,42,0
2020-03-04,San Diego,California,06073,55,0
2020-03-05,San Diego,California,06073,82,0
2020-03-06,San Diego,California,06073,96,0
2020-03-07,San Diego,California,06073,97,0
2020-03-08,San Diego,California,06073,101,0
2020-03-09,San Diego,California,06073,116,0
2020-03-10,San Diego,California,06073,119,0
2020-03-11,San Diego,California,06073,150,0
2020-03-12,San Diego,California,06073,154,0
2020-03-13,San Diego,California,06073,169,0
2020-03-14,San Diego,California,06073,188,0
2020-03-15,San Diego,California,06073,194,0
2020-03-16,San Diego,California,06073,202,0
2020-03-17,San Diego,California,06073,232,0
2020-03-18,San Diego,California,06073,255,0
2020-03-19,San Diego,California,06073,258,0
2020-03-20,San Diego,California,06073,270,0
2020-03-21,San Diego,California,06073,282,0
2020-03-22,San Diego,California,06073,299,0
2020-03-23,San Diego,California,06073,311,0
2020-03-24,San Diego,California,06073,336,0
2020-03-25,San Diego,California,06073,354,0
2020-03-26,San Diego,California,06073,359,0
2020-03-27,San Diego,California,06073,364,0
2020-03-28,San Diego,California,06073,378,0
2020-03-29,San Diego,California,06073,403,0
2020-03-30,San Diego,California,06073,423,0
2020-03-31,San Diego,California,06073,495,0
2020-04-01,San Diego,California,06073,715,2
2020-04-02,San Diego,California,06073,886,6
2020-04-03,San Diego,California,06073,1082,7
2020-04-04,San Diego,California,06073,1380,10
2020-04-05,San Diego,California,06073,1590,13
2020-04-06,San Diego,California,06073,1746,14
2020-04-07,San Diego,California,06073,1959,16
2020-04-08,San Diego,California,06073,2156,20
2020-04-09,San Diego,California,06073,2356,25
2020-04-10,San Diego,California,06073,2404,25
2020-04-11,San Diego,California,06073,2633,26
2020-04-12,San Diego,California,06073,2922,32
2020-04-13,San Diego,California,06073,3207,35
2020-04-14,San Diego,California,06073,3516,36
2020-04-15,San Diego,California,06073,3674,37
2020-04-16,San Diego,California,06073,3909,41
2020-04-17,San Diego,California,06073,4150,45
2020-04-18,San Diego,California,06073,4419,47
2020-04-19,San Diego,California,06073,4589,50
2020-04-20,San Diego,California,06073,4902,52
2020-04-21,San Diego,California,06073,5025,53
2020-04-22,San Diego,California,06073,5172,53
2020-04-23,San Diego,California,06073,5333,56
2020-04-24,San Diego,California,06073,5454,57
2020-04-25,San Diego,California,06073,5696,59
2020-04-26,San Diego,California,06073,5887,62
2020-04-27,San Diego,California,06073,6129,66
2020-04-28,San Diego,California,06073,6195,67
2020-04-29,San Diego,California,06073,6417,73
2020-04-30,San Diego,California,06073,6595,76
2020-05-01,San Diego,California,06073,6908,85
2020-05-02,San Diego,California,06073,7027,87
2020-05-03,San Diego,California,06073,7155,89
2020-05-04,San Diego,California,06073,7487,93
2020-05-05,San Diego,California,06073,7559,94
2020-05-06,San Diego,California,06073,7748,97
2020-05-07,San Diego,California,06073,7929,98
2020-05-08,San Diego,California,06073,8145,102
2020-05-09,San Diego,California,06073,8472,103
2020-05-10,San Diego,California,06073,8512,103
2020-05-11,San Diego,California,06073,8580,104
2020-05-12,San Diego,California,06073,8853,112
2020-05-13,San Diego,California,06073,9010,114
2020-05-14,San Diego,California,06073,9211,118
2020-05-15,San Diego,California,06073,9247,118
2020-05-16,San Diego,California,06073,9364,120
2020-05-17,San Diego,California,06073,9489,122
2020-05-18,San Diego,California,06073,9619,122
2020-05-19,San Diego,California,06073,9858,125
2020-05-20,San Diego,California,06073,10109,130
2020-05-21,San Diego,California,06073,10151,130
2020-05-22,San Diego,California,06073,10283,131
2020-05-23,San Diego,California,06073,10518,137
2020-05-24,San Diego,California,06073,10790,142
2020-05-25,San Diego,California,06073,10968,145
2020-05-26,San Diego,California,06073,11269,150
2020-05-27,San Diego,California,06073,11403,153
2020-05-28,San Diego,California,06073,11560,156
2020-05-29,San Diego,California,06073,11844,159
2020-05-30,San Diego,California,06073,12095,162
2020-05-31,San Diego,California,06073,12289,163
2020-06-01,San Diego,California,06073,12528,168
2020-06-02,San Diego,California,06073,12828,172
2020-06-03,San Diego,California,06073,13152,175
2020-06-04,San Diego,California,06073,13194,176
2020-06-05,San Diego,California,06073,13415,181
2020-06-06,San Diego,California,06073,13619,184
2020-06-07,San Diego,California,06073,13831,189
2020-06-08,San Diego,California,06073,14090,194
2020-06-09,San Diego,California,06073,14217,194
2020-06-10,San Diego,California,06073,14374,196
2020-06-11,San Diego,California,06073,14478,197
2020-06-12,San Diego,California,06073,14797,200
2020-06-13,San Diego,California,06073,14921,200
2020-06-14,San Diego,California,06073,15190,206
2020-06-15,San Diego,California,06073,15497,210
2020-06-16,San Diego,California,06073,15537,210
2020-06-17,San Diego,California,06073,15720,211
2020-06-18,San Diego,California,06073,16030,218
2020-06-19,San Diego,California,06073,16220,222
2020-06-20,San Diego,California,06073,16296,224
2020-06-21,San Diego,California,06073,16576,231
2020-06-22,San Diego,California,06073,16812,232
2020-06-23,San Diego,California,06073,17063,236
2020-06-24,San Diego,California,06073,17310,240
2020-06-25,San Diego,California,06073,17344,240
2020-06-26,San Diego,California,06073,17583,244
2020-06-27,San Diego,California,06073,17642,244
2020-06-28,San Diego,California,06073,17689,244
2020-06-29,San Diego,California,06073,18063,248
2020-06-30,San Diego,California,06073,18399,252
2020-07-01,San Diego,California,06073,18882,258
2020-07-02,San Diego,California,06073,19038,259
2020-07-03,San Diego,California,06073,19253,262
2020-07-04,San Diego,California,06073,19374,263
2020-07-05,San Diego,California,06073,19568,264
2020-07-06,San Diego,California,06073,19925,270
2020-07-07,San Diego,California,06073,20088,272
2020-07-08,San Diego,California,06073,20303,273
2020-07-09,San Diego,California,06073,20698,277
2020-07-10,San Diego,California,06073,20879,278
2020-07-11,San Diego,California,06073,21232,282
2020-07-12,San Diego,California,06073,21506,284
2020-07-13,San Diego,California,06073,21792,290
2020-07-14,San Diego,California,06073,21908,290
2020-07-15,San Diego,California,06073,22174,292
2020-07-16,San Diego,California,06073,22519,298
2020-07-17,San Diego,California,06073,22976,308
2020-07-18,San Diego,California,06073,23330,312
2020-07-19,San Diego,California,06073,23778,322
2020-07-20,San Diego,California,06073,24158,328
2020-07-21,San Diego,California,06073,24679,340
2020-07-22,San Diego,California,06073,24963,342
2020-07-23,San Diego,California,06073,25409,354
2020-07-24,San Diego,California,06073,25694,358
2020-07-25,San Diego,California,06073,26080,366
2020-07-26,San Diego,California,06073,26364,369
2020-07-27,San Diego,California,06073,26535,373
2020-07-28,San Diego,California,06073,26890,382
2020-07-29,San Diego,California,06073,27140,387
2020-07-30,San Diego,California,06073,27517,396
2020-07-31,San Diego,California,06073,27996,403
2020-08-01,San Diego,California,06073,28076,404
2020-08-02,San Diego,California,06073,28307,407
2020-08-03,San Diego,California,06073,28453,410
2020-08-04,San Diego,California,06073,28802,412
2020-08-05,San Diego,California,06073,28916,414
2020-08-06,San Diego,California,06073,29355,419
2020-08-07,San Diego,California,06073,29725,428
2020-08-08,San Diego,California,06073,30040,432
2020-08-09,San Diego,California,06073,30299,437
2020-08-10,San Diego,California,06073,30621,446
2020-08-11,San Diego,California,06073,30867,449
2020-08-12,San Diego,California,06073,31314,457
2020-08-13,San Diego,California,06073,31747,463
2020-08-14,San Diego,California,06073,32181,471
2020-08-15,San Diego,California,06073,32358,474
2020-08-16,San Diego,California,06073,32461,476
2020-08-17,San Diego,California,06073,32796,481
2020-08-18,San Diego,California,06073,33139,486
2020-08-19,San Diego,California,06073,33465,494
2020-08-20,San Diego,California,06073,33614,498
2020-08-21,San Diego,California,06073,33713,498
2020-08-22,San Diego,California,06073,34160,508
2020-08-23,San Diego,California,06073,34403,512
2020-08-24,San Diego,California,06073,34778,514
2020-08-25,San Diego,California,06073,35226,526
2020-08-26,San Diego,California,06073,35714,536
2020-08-27,San Diego,California,06073,35780,536
2020-08-28,San Diego,California,06073,35916,538
2020-08-29,San Diego,California,06073,36165,542
2020-08-30,San Diego,California,06073,36323,545
2020-08-31,San Diego,California,06073,36537,549
2020-09-01,San Diego,California,06073,37030,555
2020-09-02,San Diego,California,06073,37537,563
2020-09-03,San Diego,California,06073,38062,570
2020-09-04,San Diego,California,06073,38170,570
2020-09-05,San Diego,California,06073,38697,577
2020-09-06,San Diego,California,06073,38823,578
2020-09-07,San Diego,California,06073,39062,582
2020-09-08,San Diego,California,06073,39153,584
2020-09-09,San Diego,California,06073,39603,590
2020-09-10,San Diego,California,06073,40072,602
2020-09-11,San Diego,California,06073,40248,605
2020-09-12,San Diego,California,06073,40499,608
2020-09-13,San Diego,California,06073,40744,611
2020-09-14,San Diego,California,06073,41065,617
2020-09-15,San Diego,California,06073,41353,619
2020-09-16,San Diego,California,06073,41599,625
2020-09-17,San Diego,California,06073,42058,629
2020-09-18,San Diego,California,06073,42590,640
2020-09-19,San Diego,California,06073,42719,640
2020-09-20,San Diego,California,06073,42793,641
2020-09-21,San Diego,California,06073,43087,645
2020-09-22,San Diego,California,06073,43616,648
2020-09-23,San Diego,California,06073,43982,653
2020-09-24,San Diego,California,06073,44261,659
2020-09-25,San Diego,California,06073,44610,664
2020-09-26,San Diego,California,06073,44760,666
2020-09-27,San Diego,California,06073,45084,671
2020-09-28,San Diego,California,06073,45316,673
2020-09-29,San Diego,California,06073,45665,679
2020-09-30,San Diego,California,06073,46127,684
2020-10-01,San Diego,California,06073,46428,688
2020-10-02,San Diego,California,06073,46750,692
2020-10-03,San Diego,California,06073,47273,702
2020-10-04,San Diego,California,06073,47669,705
2020-10-05,San Diego,California,06073,47960,711
2020-10-06,San Diego,California,06073,48093,714
2020-10-07,San Diego,California,06073,48619,729
2020-10-08,San Diego,California,06073,49049,736
2020-10-09,San Diego,California,06073,49152,738
2020-10-10,San Diego,California,06073,49260,739
2020-10-11,San Diego,California,06073,49673,750
2020-10-12,San Diego,California,06073,49776,752
2020-10-13,San Diego,California,06073,50215,757
2020-10-14,San Diego,California,06073,50306,758
2020-10-15,San Diego,California,06073,50736,765
2020-10-16,San Diego,California,06073,51042,770
2020-10-17,San Diego,California,06073,51451,776
2020-10-18,San Diego,California,06073,51966,788
2020-10-19,San Diego,California,06073,52167,789
2020-10-20,San Diego,California,06073,52665,800
2020-10-21,San Diego,California,06073,53071,807
2020-10-22,San Diego,California,06073,53166,808
2020-10-23,San Diego,California,06073,53311,808
2020-10-24,San Diego,California,06073,53840,821
2020-10-25,San Diego,California,06073,54198,825
2020-10-26,San Diego,California,06073,54303,826
2020-10-27,San Diego,California,06073,54767,831
2020-10-28,San Diego,California,06073,54895,832
2020-10-29,San Diego,California,06073,55362,834
2020-10-30,San Diego,California,06073,55480,835
2020-10-31,San Diego,California,06073,55823,838
2020-11-01,San Diego,California,06073,56098,844
2020-11-02,San Diego,California,06073,56286,848
2020-11-03,San Diego,California,06073,56579,855
2020-11-04,San Diego,California,06073,57048,861
2020-11-05,San Diego,California,06073,57154,861
2020-11-06,San Diego,California,06073,58102,869
2020-11-07,San Diego,California,06073,58699,886
2020-11-08,San Diego,California,06073,59516,894
2020-11-09,San Diego,California,06073,60068,905
2020-11-10,San Diego,California,06073,60437,913
2020-11-11,San Diego,California,06073,60913,923
2020-11-12,San Diego,California,06073,61718,929
2020-11-13,San Diego,California,06073,62052,933
2020-11-14,San Diego,California,06073,62493,943
2020-11-15,San Diego,California,06073,63296,957
2020-11-16,San Diego,California,06073,63800,968
2020-11-17,San Diego,California,06073,64380,973
2020-11-18,San Diego,California,06073,65277,977
2020-11-19,San Diego,California,06073,66220,992
2020-11-20,San Diego,California,06073,66963,1013
2020-11-21,San Diego,California,06073,67710,1017
2020-11-22,San Diego,California,06073,68645,1036
2020-11-23,San Diego,California,06073,69611,1051
2020-11-24,San Diego,California,06073,70546,1075
2020-11-25,San Diego,California,06073,71014,1080
2020-11-26,San Diego,California,06073,71293,1085
2020-11-27,San Diego,California,06073,71806,1097
2020-11-28,San Diego,California,06073,72606,1115
2020-11-29,San Diego,California,06073,73277,1121
2020-11-30,San Diego,California,06073,73747,1131
2020-12-01,San Diego,California,06073,74091,1137
2020-12-02,San Diego,California,06073,74830,1156
2020-12-03,San Diego,California,06073,75039,1157
2020-12-04,San Diego,California,06073,75322,1161
2020-12-05,San Diego,California,06073,75698,1165
2020-12-06,San Diego,California,06073,76052,1166
2020-12-07,San Diego,California,06073,76325,1173
2020-12-08,San Diego,California,06073,77051,1191
2020-12-09,San Diego,California,06073,78012,1211
2020-12-10,San Diego,California,06073,78779,1217
2020-12-11,San Diego,California,06073,79665,1224
2020-12-12,San Diego,California,06073,80391,1243
2020-12-13,San Diego,California,06073,81044,1262
2020-12-14,San Diego,California,06073,81962,1282
2020-12-15,San Diego,California,06073,82365,1288
2020-12-16,San Diego,California,06073,83315,1307
2020-12-17,San Diego,California,06073,84254,1318
2020-12-18,San Diego,California,06073,84796,1332
2020-12-19,San Diego,California,06073,85613,1342
2020-12-20,San Diego,California,06073,85943,1344
2020-12-21,San Diego,California,06073,86765,1355
2020-12-22,San Diego,California,06073,87231,1358
2020-12-23,San Diego,California,06073,88196,1369
2020-12-24,San Diego,California,06073,88749,1378
2020-12-25,San Diego,California,06073,89693,1397
2020-12-26,San Diego,California,06073,90036,1402
2020-12-27,San Diego,California,06073,90351,1409
2020-12-28,San Diego,California,06073,90726,1416
2020-12-29,San Diego,California,06073,91657,1437
2020-12-30,San Diego,California,06073,91940,1438
2020-12-31,San Diego,California,06073,92598,1445
2021-01-01,San Diego,California,06073,93155,1460
2021-01-02,San Diego,California,06073,93474,1466
2021-01-03,San Diego,California,06073,94421,1486
2021-01-04,San Diego,California,06073,94834,1495
2021-01-05,San Diego,California,06073,95759,1512
2021-01-06,San Diego,California,06073,96372,1529
2021-01-07,San Diego,California,06073,96965,1538
2021-01-08,San Diego,California,06073,97841,1559
2021-01-09,San Diego,California,06073,98670,1574
2021-01-10,San Diego,California,06073,98872,1579
2021-01-11,San Diego,California,06073,99727,1593
2021-01-12,San Diego,California,06073,100381,1611
2021-01-13,San Diego,California,06073,100868,1621
2021-01-14,San Diego,California,06073,101389,1631
2021-01-15,San Diego,California,06073,102357,1638
2021-01-16,San Diego,California,06073,102985,1656
2021-01-17,San Diego,California,06073,103249,1660
2021-01-18,San Diego,California,06073,104063,1677
2021-01-19,San Diego,California,06073,104404,1679
2021-01-20,San Diego,California,06073,104912,1683
2021-01-21,San Diego,California,06073,105669,1703
2021-01-22,San Diego,California,06073,106374,1712
2021-01-23,San Diego,California,06073,106642,1717
2021-01-24,San Diego,California,06073,107431,1723
2021-01-25,San Diego,California,06073,107786,1731
2021-01-26,San Diego,California,06073,108461,1742
2021-01-27,San Diego,California,06073,108711,1746
2021-01-28,San Diego,California,06073,109157,1754
2021-01-29,San Diego,California,06073,110025,1768
2021-01-30,San Diego,California,06073,111023,1773
2021-01-31,San Diego,California,06073,111268,1779
2021-02-01,San Diego,California,06073,111502,1780
2021-02-02,San Diego,California,06073,112348,1798
2021-02-03,San Diego,California,06073,112915,1810
2021-02-04,San Diego,California,06073,113815,1817
2021-02-05,San Diego,California,06073,114479,1835
2021-02-06,San Diego,California,06073,114708,1836
2021-02-07,San Diego,California,06073,115432,1848
2021-02-08,San Diego,California,06073,116367,1853
2021-02-09,San Diego,California,06073,117129,1859
2021-02-10,San Diego,California,06073,117467,1861
2021-02-11,San Diego,California,06073,117913,1872
2021-02-12,San Diego,California,06073,118478,1877
2021-02-13,San Diego,California,06073,119151,1894
2021-02-14,San Diego,California,06073,119253,1895
2021-02-15,San Diego,California,06073,119586,1898
2021-02-16,San Diego,California,06073,119921,1903
2021-02-17,San Diego,California,06073,120258,1912
2021-02-18,San Diego,California,06073,120551,1915
2021-02-19,San Diego,California,06073,120943,1922
2021-02-20,San Diego,California,06073,121055,1924
2021-02-21,San Diego,California,06073,121386,1931
2021-02-22,San Diego,California,06073,121650,1934
2021-02-23,San Diego,California,06073,121757,1934
2021-02-24,San Diego,California,06073,121962,1938
2021-02-25,San Diego,California,06073,122213,1942
2021-02-26,San Diego,California,06073,122588,1944
2021-02-27,San Diego,California,06073,122688,1946
2021-02-28,San Diego,California,06073,122959,1952
2021-03-01,San Diego,California,06073,123030,1953
2021-03-02,San Diego,California,06073,123098,1953
2021-03-03,San Diego,California,06073,123194,1955
2021-03-04,San Diego,California,06073,123556,1960
2021-03-05,San Diego,California,06073,123892,1968
2021-03-06,San Diego,California,06073,124189,1971
2021-03-07,San Diego,California,06073,124469,1976
2021-03-08,San Diego,California,06073,124673,1981
2021-03-09,San Diego,California,06073,124943,1982
2021-03-10,San Diego,California,06073,125069,1984
2021-03-11,San Diego,California,06073,125453,1991
2021-03-12,San Diego,California,06073,125781,1995
2021-03-13,San Diego,California,06073,125849,1995
2021-03-14,San Diego,California,06073,125954,1996
2021-03-15,San Diego,California,06073,126052,1997
2021-03-16,San Diego,California,06073,126372,2002
2021-03-17,San Diego,California,06073,126511,2005
2021-03-18,San Diego,California,06073,126797,2008
2021-03-19,San Diego,California,06073,126928,2011
2021-03-20,San Diego,California,06073,127223,2019
2021-03-21,San Diego,California,06073,127448,2021
2021-03-22,San Diego,California,06073,127738,2022
2021-03-23,San Diego,California,06073,128020,2025
2021-03-24,San Diego,California,06073,128231,2027
2021-03-25,San Diego,California,06073,128566,2035
2021-03-26,San Diego,California,06073,128647,2036
2021-03-27,San Diego,California,06073,129022,2039
2021-03-28,San Diego,California,06073,129350,2044
2021-03-29,San Diego,California,06073,129455,2046
2021-03-30,San Diego,California,06073,129762,2052
2021-03-31,San Diego,California,06073,129937,2053
2021-04-01,San Diego,California,06073,130229,2056
2021-04-02,San Diego,California,06073,130555,2060
2021-04-03,San Diego,California,06073,130654,2062
2021-04-04,San Diego,California,06073,131011,2067
2021-04-05,San Diego,California,06073,131151,2069
2021-04-06,San Diego,California,06073,131379,2075
2021-04-07,San Diego,California,06073,131494,2078
2021-04-08,San Diego,California,06073,131712,2081
2021-04-09,San Diego,California,06073,131824,2083
2021-04-10,San Diego,California,06073,132101,2091
2021-04-11,San Diego,California,06073,132235,2092
2021-04-12,San Diego,California,06073,132532,2093
2021-04-13,San Diego,California,06073,132644,2095
2021-04-14,San Diego,California,06073,132863,2097
2021-04-15,San Diego,California,06073,133044,2101
2021-04-16,San Diego,California,06073,133312,2107
2021-04-17,San Diego,California,06073,133591,2112
2021-04-18,San Diego,California,06073,133714,2115
2021-04-19,San Diego,California,06073,134066,2117
2021-04-20,San Diego,California,06073,134418,2123
2021-04-21,San Diego,California,06073,134817,2130
2021-04-22,San Diego,California,06073,135163,2134
2021-04-23,San Diego,California,06073,135473,2141
2021-04-24,San Diego,California,06073,135622,2142
2021-04-25,San Diego,California,06073,135882,2149
2021-04-26,San Diego,California,06073,136146,2151
2021-04-27,San Diego,California,06073,136404,2152
2021-04-28,San Diego,California,06073,136797,2154
2021-04-29,San Diego,California,06073,137020,2159
2021-04-30,San Diego,California,06073,137097,2160
2021-05-01,San Diego,California,06073,137323,2165
2021-05-02,San Diego,California,06073,137663,2170
2021-05-03,San Diego,California,06073,137810,2172
2021-05-04,San Diego,California,06073,137880,2173
2021-05-05,San Diego,California,06073,138263,2176
2021-05-06,San Diego,California,06073,138428,2179
2021-05-07,San Diego,California,06073,138525,2180
2021-05-08,San Diego,California,06073,138693,2183
2021-05-09,San Diego,California,06073,139046,2191
2021-05-10,San Diego,California,06073,139120,2192
2021-05-11,San Diego,California,06073,139444,2200
2021-05-12,San Diego,California,06073,139646,2204
2021-05-13,San Diego,California,06073,139836,2207
2021-05-14,San Diego,California,06073,140114,2214
2021-05-15,San Diego,California,06073,140204,2216
2021-05-16,San Diego,California,06073,140381,2217
2021-05-17,San Diego,California,06073,140589,2219
2021-05-18,San Diego,California,06073,140971,2226
2021-05-19,San Diego,California,06073,141302,2234
2021-05-20,San Diego,California,06073,141395,2236
2021-05-21,San Diego,California,06073,141707,2237
2021-05-22,San Diego,California,06073,142089,2245
2021-05-23,San Diego,California,06073,142452,2247
2021-05-24,San Diego,California,06073,142640,2250
2021-05-25,San Diego,California,06073,142828,2251
2021-05-26,San Diego,California,06073,143081,2252
2021-05-27,San Diego,California,06073,143384,2255
2021-05-28,San Diego,California,06073,143778,2259
2021-05-29,San Diego,California,06073,143882,2260
2021-05-30,San Diego,California,06073,144262,2267
2021-05-31,San Diego,California,06073,144648,2270
2021-06-01,San Diego,California,06073,144963,2273
2021-06-02,San Diego,California,06073,145147,2275
2021-06-03,San Diego,California,06073,145440,2278
2021-06-04,San Diego,California,06073,145527,2279
2021-06-05,San Diego,California,06073,145756,2283
2021-06-06,San Diego,California,06073,145863,2285
2021-06-07,San Diego,California,06073,146156,2290
2021-06-08,San Diego,California,06073,146320,2293
2021-06-09,San Diego,California,06073,146653,2302
2021-06-10,San Diego,California,06073,146989,2311
2021-06-11,San Diego,California,06073,147077,2313
2021-06-12,San Diego,California,06073,147296,2314
2021-06-13,San Diego,California,06073,147662,2318
2021-06-14,San Diego,California,06073,148048,2320
2021-06-15,San Diego,California,06073,148206,2323
2021-06-16,San Diego,California,06073,148438,2329
2021-06-17,San Diego,California,06073,148678,2333
2021-06-18,San Diego,California,06073,148842,2337
2021-06-19,San Diego,California,06073,149089,2339
2021-06-20,San Diego,California,06073,149271,2341
2021-06-21,San Diego,California,06073,149552,2344
2021-06-22,San Diego,California,06073,149639,2346
2021-06-23,San Diego,California,06073,149783,2350
2021-06-24,San Diego,California,06073,150064,2354
2021-06-25,San Diego,California,06073,150245,2357
2021-06-26,San Diego,California,06073,150420,2360
2021-06-27,San Diego,California,06073,150719,2367
2021-06-28,San Diego,California,06073,150934,2369
2021-06-29,San Diego,California,06073,151044,2371
2021-06-30,San Diego,California,06073,151168,2372
2020-03-01,San Francisco,California,06075,4,0
2020-03-02,San Francisco,California,06075,10,0
2020-03-03,San Francisco,California,06075,13,0
2020-03-04,San Francisco,California,06075,14,0
2020-03-05,San Francisco,California,06075,20,0
2020-03-06,San Francisco,California,06075,28,0
2020-03-07,San Francisco,California,06075,34,0
2020-03-08,San Francisco,California,06075,35,0
2020-03-09,San Francisco,California,06075,35,0
2020-03-10,San Francisco,California,06075,36,0
2020-03-11,San Francisco,California,06075,37,0
2020-03-12,San Francisco,California,06075,37,0
2020-03-13,San Francisco,California,06075,40,0
2020-03-14,San Francisco,California,06075,44,0
2020-03-15,San Francisco,California,06075,46,0
2020-03-16,San Francisco,California,06075,49,0
2020-03-17,San Francisco,California,06075,50,0
2020-03-18,San Francisco,California,06075,52,0
2020-03-19,San Francisco,California,06075,58,0
2020-03-20,San Francisco,California,06075,60,0
2020-03-21,San Francisco,California,06075,64,0
2020-03-22,San Francisco,California,06075,72,0
2020-03-23,San Francisco,California,06075,77,0
2020-03-24,San Francisco,California,06075,81,0
2020-03-25,San Francisco,California,06075,84,0
2020-03-26,San Francisco,California,06075,90,0
2020-03-27,San Francisco,California,06075,91,0
2020-03-28,San Francisco,California,06075,93,0
2020-03-29,San Francisco,California,06075,100,0
2020-03-30,San Francisco,California,06075,100,0
2020-03-31,San Francisco,California,06075,159,1
2020-04-01,San Francisco,California,06075,185,1
2020-04-02,San Francisco,California,06075,215,1
2020-04-03,San Francisco,California,06075,266,1
2020-04-04,San Francisco,California,06075,328,1
2020-04-05,San Francisco,California,06075,377,1
2020-04-06,San Francisco,California,06075,411,1
2020-04-07,San Francisco,California,06075,494,3
2020-04-08,San Francisco,California,06075,531,3
2020-04-09,San Francisco,California,06075,607,4
2020-04-10,San Francisco,California,06075,645,4
2020-04-11,San Francisco,California,06075,681,5
2020-04-12,San Francisco,California,06075,759,5
2020-04-13,San Francisco,California,06075,825,6
2020-04-14,San Francisco,California,06075,912,8
2020-04-15,San Francisco,California,06075,943,8
2020-04-16,San Francisco,California,06075,1028,9
2020-04-17,San Francisco,California,06075,1107,9
2020-04-18,San Francisco,California,06075,1162,9
2020-04-19,San Francisco,California,06075,1187,9
2020-04-20,San Francisco,California,06075,1264,11
2020-04-21,San Francisco,California,06075,1278,11
2020-04-22,San Francisco,California,06075,1346,11
2020-04-23,San Francisco,California,06075,1387,12
2020-04-24,San Francisco,California,06075,1428,12
2020-04-25,San Francisco,California,06075,1493,13
2020-04-26,San Francisco,California,06075,1512,13
2020-04-27,San Francisco,California,06075,1551,13
2020-04-28,San Francisco,California,06075,1563,13
2020-04-29,San Francisco,California,06075,1638,13
2020-04-30,San Francisco,California,06075,1691,13
2020-05-01,San Francisco,California,06075,1701,13
2020-05-02,San Francisco,California,06075,1730,13
2020-05-03,San Francisco,California,06075,1805,14
2020-05-04,San Francisco,California,06075,1865,15
2020-05-05,San Francisco,California,06075,1906,15
2020-05-06,San Francisco,California,06075,1969,15
2020-05-07,San Francisco,California,06075,1987,15
2020-05-08,San Francisco,California,06075,2074,15
2020-05-09,San Francisco,California,06075,2141,16
2020-05-10,San Francisco,California,06075,2194,17
2020-05-11,San Francisco,California,06075,2252,17
2020-05-12,San Francisco,California,06075,2315,17
2020-05-13,San Francisco,California,06075,2364,17
2020-05-14,San Francisco,California,06075,2439,17
2020-05-15,San Francisco,California,06075,2452,17
2020-05-16,San Francisco,California,06075,2530,17
2020-05-17,San Francisco,California,06075,2551,17
2020-05-18,San Francisco,California,06075,2593,18
2020-05-19,San Francisco,California,06075,2630,18
2020-05-20,San Francisco,California,06075,2680,19
2020-05-21,San Francisco,California,06075,2729,20
2020-05-22,San Francisco,California,06075,2752,20
2020-05-23,San Francisco,California,06075,2820,21
2020-05-24,San Francisco,California,06075,2898,23
2020-05-25,San Francisco,California,06075,2961,23
2020-05-26,San Francisco,California,06075,3024,24
2020-05-27,San Francisco,California,06075,3040,24
2020-05-28,San Francisco,California,06075,3114,24
2020-05-29,San Francisco,California,06075,3163,24
2020-05-30,San Francisco,California,06075,3210,24
2020-05-31,San Francisco,California,06075,3291,24
2020-06-01,San Francisco,California,06075,3312,24
2020-06-02,San Francisco,California,06075,3335,24
2020-06-03,San Francisco,California,06075,3392,25
2020-06-04,San Francisco,California,06075,3442,25
2020-06-05,San Francisco,California,06075,3494,26
2020-06-06,San Francisco,California,06075,3511,26
2020-06-07,San Francisco,California,06075,3525,26
2020-06-08,San Francisco,California,06075,3607,27
2020-06-09,San Francisco,California,06075,3640,27
2020-06-10,San Francisco,California,06075,3713,28
2020-06-11,San Francisco,California,06075,3769,29
2020-06-12,San Francisco,California,06075,3804,29
2020-06-13,San Francisco,California,06075,3815,29
2020-06-14,San Francisco,California,06075,3841,29
2020-06-15,San Francisco,California,06075,3861,29
2020-06-16,San Francisco,California,06075,3879,29
2020-06-17,San Francisco,California,06075,3894,29
2020-06-18,San Francisco,California,06075,3965,29
2020-06-19,San Francisco,California,06075,4035,30
2020-06-20,San Francisco,California,06075,4047,30
2020-06-21,San Francisco,California,06075,4118,31
2020-06-22,San Francisco,California,06075,4131,31
2020-06-23,San Francisco,California,06075,4159,31
2020-06-24,San Francisco,California,06075,4220,32
2020-06-25,San Francisco,California,06075,4290,33
2020-06-26,San Francisco,California,06075,4315,33
2020-06-27,San Francisco,California,06075,4338,33
2020-06-28,San Francisco,California,06075,4354,33
2020-06-29,San Francisco,California,06075,4487,36
2020-06-30,San Francisco,California,06075,4547,36
2020-07-01,San Francisco,California,06075,4626,37
2020-07-02,San Francisco,California,06075,4673,37
2020-07-03,San Francisco,California,06075,4702,37
2020-07-04,San Francisco,California,06075,4721,37
2020-07-05,San Francisco,California,06075,4762,37
2020-07-06,San Francisco,California,06075,4890,39
2020-07-07,San Francisco,California,06075,5027,40
2020-07-08,San Francisco,California,06075,5071,40
2020-07-09,San Francisco,California,06075,5175,41
2020-07-10,San Francisco,California,06075,5265,42
2020-07-11,San Francisco,California,06075,5400,43
2020-07-12,San Francisco,California,06075,5461,43
2020-07-13,San Francisco,California,06075,5505,43
2020-07-14,San Francisco,California,06075,5536,43
2020-07-15,San Francisco,California,06075,5568,43
2020-07-16,San Francisco,California,06075,5602,43
2020-07-17,San Francisco,California,06075,5706,44
2020-07-18,San Francisco,California,06075,5728,44
2020-07-19,San Francisco,California,06075,5759,44
2020-07-20,San Francisco,California,06075,5850,45
2020-07-21,San Francisco,California,06075,5988,47
2020-07-22,San Francisco,California,06075,6073,48
2020-07-23,San Francisco,California,06075,6196,49
2020-07-24,San Francisco,California,06075,6222,49
2020-07-25,San Francisco,California,06075,6298,50
2020-07-26,San Francisco,California,06075,6337,51
2020-07-27,San Francisco,California,06075,6415,51
2020-07-28,San Francisco,California,06075,6486,52
2020-07-29,San Francisco,California,06075,6514,52
2020-07-30,San Francisco,California,06075,6581,53
2020-07-31,San Francisco,California,06075,6611,53
2020-08-01,San Francisco,California,06075,6749,53
2020-08-02,San Francisco,California,06075,6886,54
2020-08-03,San Francisco,California,06075,6977,56
2020-08-04,San Francisco,California,06075,7009,56
2020-08-05,San Francisco,California,06075,7116,57
2020-08-06,San Francisco,California,06075,7221,59
2020-08-07,San Francisco,California,06075,7272,60
2020-08-08,San Francisco,California,06075,7369,61
2020-08-09,San Francisco,California,06075,7445,62
2020-08-10,San Francisco,California,06075,7512,63
2020-08-11,San Francisco,California,06075,7564,64
2020-08-12,San Francisco,California,06075,7594,64
2020-08-13,San Francisco,California,06075,7673,65
2020-08-14,San Francisco,California,06075,7707,65
2020-08-15,San Francisco,California,06075,7731,65
2020-08-16,San Francisco,California,06075,7832,67
2020-08-17,San Francisco,California,06075,7896,68
2020-08-18,San Francisco,California,06075,7932,68
2020-08-19,San Francisco,California,06075,7961,68
2020-08-20,San Francisco,California,06075,8071,70
2020-08-21,San Francisco,California,06075,8186,71
2020-08-22,San Francisco,California,06075,8285,72
2020-08-23,San Francisco,California,06075,8334,72
2020-08-24,San Francisco,California,06075,8457,74
2020-08-25,San Francisco,California,06075,8592,74
2020-08-26,San Francisco,California,06075,8662,75
2020-08-27,San Francisco,California,06075,8726,75
2020-08-28,San Francisco,California,06075,8790,76
2020-08-29,San Francisco,California,06075,8811,76
2020-08-30,San Francisco,California,06075,8934,77
2020-08-31,San Francisco,California,06075,9038,78
2020-09-01,San Francisco,California,06075,9072,78
2020-09-02,San Francisco,California,06075,9149,78
2020-09-03,San Francisco,California,06075,9249,80
2020-09-04,San Francisco,California,06075,9351,81
2020-09-05,San Francisco,California,06075,9427,83
2020-09-06,San Francisco,California,06075,9507,84
2020-09-07,San Francisco,California,06075,9585,86
2020-09-08,San Francisco,California,06075,9678,87
2020-09-09,San Francisco,California,06075,9816,88
2020-09-10,San Francisco,California,06075,9837,88
2020-09-11,San Francisco,California,06075,9957,89
2020-09-12,San Francisco,California,06075,10066,89
2020-09-13,San Francisco,California,06075,10193,90
2020-09-14,San Francisco,California,06075,10222,90
2020-09-15,San Francisco,California,06075,10283,90
2020-09-16,San Francisco,California,06075,10382,91
2020-09-17,San Francisco,California,06075,10479,92
2020-09-18,San Francisco,California,06075,10608,92
2020-09-19,San Francisco,California,06075,10663,92
2020-09-20,San Francisco,California,06075,10683,92
2020-09-21,San Francisco,California,06075,10757,93
2020-09-22,San Francisco,California,06075,10844,95
2020-09-23,San Francisco,California,06075,10894,96
2020-09-24,San Francisco,California,06075,10984,98
2020-09-25,San Francisco,California,06075,11048,98
2020-09-26,San Francisco,California,06075,11136,100
2020-09-27,San Francisco,California,06075,11165,100
2020-09-28,San Francisco,California,06075,11224,101
2020-09-29,San Francisco,California,06075,11336,102
2020-09-30,San Francisco,California,06075,11429,103
2020-10-01,San Francisco,California,06075,11500,104
2020-10-02,San Francisco,California,06075,11622,107
2020-10-03,San Francisco,California,06075,11743,109
2020-10-04,San Francisco,California,06075,11796,109
2020-10-05,San Francisco,California,06075,11936,111
2020-10-06,San Francisco,California,06075,11981,112
2020-10-07,San Francisco,California,06075,12009,112
2020-10-08,San Francisco,California,06075,12038,112
2020-10-09,San Francisco,California,06075,12063,112
2020-10-10,San Francisco,California,06075,12139,112
2020-10-11,San Francisco,California,06075,12254,114
2020-10-12,San Francisco,California,06075,12308,115
2020-10-13,San Francisco,California,06075,12379,116
2020-10-14,San Francisco,California,06075,12421,116
2020-10-15,San Francisco,California,06075,12515,117
2020-10-16,San Francisco,California,06075,12626,118
2020-10-17,San Francisco,California,06075,12645,118
2020-10-18,San Francisco,California,06075,12769,120
2020-10-19,San Francisco,California,06075,12812,121
2020-10-20,San Francisco,California,06075,12921,122
2020-10-21,San Francisco,California,06075,13054,124
2020-10-22,San Francisco,California,06075,13147,126
2020-10-23,San Francisco,California,06075,13218,127
2020-10-24,San Francisco,California,06075,13312,128
2020-10-25,San Francisco,California,06075,13374,128
2020-10-26,San Francisco,California,06075,13410,128
2020-10-27,San Francisco,California,06075,13464,128
2020-10-28,San Francisco,California,06075,13520,129
2020-10-29,San Francisco,California,06075,13545,129
2020-10-30,San Francisco,California,06075,13613,130
2020-10-31,San Francisco,California,06075,13710,131
2020-11-01,San Francisco,California,06075,13801,132
2020-11-02,San Francisco,California,06075,13832,132
2020-11-03,San Francisco,California,06075,13879,133
2020-11-04,San Francisco,California,06075,13953,134
2020-11-05,San Francisco,California,06075,14024,135
2020-11-06,San Francisco,California,06075,14084,135
2020-11-07,San Francisco,California,06075,14165,135
2020-11-08,San Francisco,California,06075,14387,139
2020-11-09,San Francisco,California,06075,14477,141
2020-11-10,San Francisco,California,06075,14733,145
2020-11-11,San Francisco,California,06075,14790,146
2020-11-12,San Francisco,California,06075,14860,147
2020-11-13,San Francisco,California,06075,15096,153
2020-11-14,San Francisco,California,06075,15235,154
2020-11-15,San Francisco,California,06075,15426,155
2020-11-16,San Francisco,California,06075,15678,160
2020-11-17,San Francisco,California,06075,15760,160
2020-11-18,San Francisco,California,06075,15968,165
2020-11-19,San Francisco,California,06075,16131,169
2020-11-20,San Francisco,California,06075,16384,176
2020-11-21,San Francisco,California,06075,16490,178
2020-11-22,San Francisco,California,06075,16593,178
2020-11-23,San Francisco,California,06075,16816,180
2020-11-24,San Francisco,California,06075,16992,182
2020-11-25,San Francisco,California,06075,17203,184
2020-11-26,San Francisco,California,06075,17345,185
2020-11-27,San Francisco,California,06075,17434,187
2020-11-28,San Francisco,California,06075,17579,188
2020-11-29,San Francisco,California,06075,17756,191
2020-11-30,San Francisco,California,06075,17888,194
2020-12-01,San Francisco,California,06075,18007,195
2020-12-02,San Francisco,California,06075,18204,200
2020-12-03,San Francisco,California,06075,18442,206
2020-12-04,San Francisco,California,06075,18571,208
2020-12-05,San Francisco,California,06075,18797,209
2020-12-06,San Francisco,California,06075,19054,214
2020-12-07,San Francisco,California,06075,19284,218
2020-12-08,San Francisco,California,06075,19535,223
2020-12-09,San Francisco,California,06075,19754,225
2020-12-10,San Francisco,California,06075,19923,227
2020-12-11,San Francisco,California,06075,20178,230
2020-12-12,San Francisco,California,06075,20402,231
2020-12-13,San Francisco,California,06075,20638,237
2020-12-14,San Francisco,California,06075,20773,240
2020-12-15,San Francisco,California,06075,20909,244
2020-12-16,San Francisco,California,06075,21015,244
2020-12-17,San Francisco,California,06075,21241,246
2020-12-18,San Francisco,California,06075,21338,248
2020-12-19,San Francisco,California,06075,21584,253
2020-12-20,San Francisco,California,06075,21822,258
2020-12-21,San Francisco,California,06075,21960,258
2020-12-22,San Francisco,California,06075,22196,264
2020-12-23,San Francisco,California,06075,22447,268
2020-12-24,San Francisco,California,06075,22587,271
2020-12-25,San Francisco,California,06075,22791,276
2020-12-26,San Francisco,California,06075,23017,281
2020-12-27,San Francisco,California,06075,23217,284
2020-12-28,San Francisco,California,06075,23344,286
2020-12-29,San Francisco,California,06075,23568,291
2020-12-30,San Francisco,California,06075,23716,291
2020-12-31,San Francisco,California,06075,23779,292
2021-01-01,San Francisco,California,06075,23965,296
2021-01-02,San Francisco,California,06075,24046,297
2021-01-03,San Francisco,California,06075,24231,299
2021-01-04,San Francisco,California,06075,24301,299
2021-01-05,San Francisco,California,06075,24463,303
2021-01-06,San Francisco,California,06075,24691,308
2021-01-07,San Francisco,California,06075,24923,313
2021-01-08,San Francisco,California,06075,25143,315
2021-01-09,San Francisco,California,06075,25297,318
2021-01-10,San Francisco,California,06075,25405,320
2021-01-11,San Francisco,California,06075,25632,325
2021-01-12,San Francisco,California,06075,25726,326
2021-01-13,San Francisco,California,06075,25817,328
2021-01-14,San Francisco,California,06075,26069,334
2021-01-15,San Francisco,California,06075,26169,336
2021-01-16,San Francisco,California,06075,26417,341
2021-01-17,San Francisco,California,06075,26602,346
2021-01-18,San Francisco,California,06075,26860,348
2021-01-19,San Francisco,California,06075,27061,349
2021-01-20,San Francisco,California,06075,27198,351
2021-01-21,San Francisco,California,06075,27305,351
2021-01-22,San Francisco,California,06075,27435,354
2021-01-23,San Francisco,California,06075,27512,355
2021-01-24,San Francisco,California,06075,27656,359
2021-01-25,San Francisco,California,06075,27804,362
2021-01-26,San Francisco,California,06075,27881,363
2021-01-27,San Francisco,California,06075,27974,365
2021-01-28,San Francisco,California,06075,28192,367
2021-01-29,San Francisco,California,06075,28349,368
2021-01-30,San Francisco,California,06075,28583,372
2021-01-31,San Francisco,California,06075,28846,375
2021-02-01,San Francisco,California,06075,29042,378
2021-02-02,San Francisco,California,06075,29181,379
2021-02-03,San Francisco,California,06075,29295,380
2021-02-04,San Francisco,California,06075,29478,385
2021-02-05,San Francisco,California,06075,29609,387
2021-02-06,San Francisco,California,06075,29758,387
2021-02-07,San Francisco,California,06075,29839,388
2021-02-08,San Francisco,California,06075,30038,392
2021-02-09,San Francisco,California,06075,30241,396
2021-02-10,San Francisco,California,06075,30449,398
2021-02-11,San Francisco,California,06075,30522,398
2021-02-12,San Francisco,California,06075,30645,399
2021-02-13,San Francisco,California,06075,30890,406
2021-02-14,San Francisco,California,06075,30990,408
2021-02-15,San Francisco,California,06075,31060,409
2021-02-16,San Francisco,California,06075,31081,409
2021-02-17,San Francisco,California,06075,31153,409
2021-02-18,San Francisco,California,06075,31205,409
2021-02-19,San Francisco,California,06075,31307,410
2021-02-20,San Francisco,California,06075,31375,410
2021-02-21,San Francisco,California,06075,31437,411
2021-02-22,San Francisco,California,06075,31532,411
2021-02-23,San Francisco,California,06075,31577,411
2021-02-24,San Francisco,California,06075,31607,411
2021-02-25,San Francisco,California,06075,31628,411
2021-02-26,San Francisco,California,06075,31722,413
2021-02-27,San Francisco,California,06075,31805,415
2021-02-28,San Francisco,California,06075,31847,416
2021-03-01,San Francisco,California,06075,31918,417
2021-03-02,San Francisco,California,06075,31958,417
2021-03-03,San Francisco,California,06075,32054,418
2021-03-04,San Francisco,California,06075,32159,420
2021-03-05,San Francisco,California,06075,32189,420
2021-03-06,San Francisco,California,06075,32264,421
2021-03-07,San Francisco,California,06075,32286,421
2021-03-08,San Francisco,California,06075,32323,421
2021-03-09,San Francisco,California,06075,32363,421
2021-03-10,San Francisco,California,06075,32419,422
2021-03-11,San Francisco,California,06075,32518,422
2021-03-12,San Francisco,California,06075,32567,423
2021-03-13,San Francisco,California,06075,32627,424
2021-03-14,San Francisco,California,06075,32719,426
2021-03-15,San Francisco,California,06075,32747,426
2021-03-16,San Francisco,California,06075,32841,426
2021-03-17,San Francisco,California,06075,32873,426
2021-03-18,San Francisco,California,06075,32914,427
2021-03-19,San Francisco,California,06075,32983,428
2021-03-20,San Francisco,California,06075,33086,429
2021-03-21,San Francisco,California,06075,33153,430
2021-03-22,San Francisco,California,06075,33177,430
2021-03-23,San Francisco,California,06075,33254,432
2021-03-24,San Francisco,California,06075,33273,432
2021-03-25,San Francisco,California,06075,33350,433
2021-03-26,San Francisco,California,06075,33419,434
2021-03-27,San Francisco,California,06075,33510,434
2021-03-28,San Francisco,California,06075,33534,434
2021-03-29,San Francisco,California,06075,33609,435
2021-03-30,San Francisco,California,06075,33710,437
2021-03-31,San Francisco,California,06075,33728,437
2021-04-01,San Francisco,California,06075,33803,439
2021-04-02,San Francisco,California,06075,33849,440
2021-04-03,San Francisco,California,06075,33931,442
2021-04-04,San Francisco,California,06075,33998,442
2021-04-05,San Francisco,California,06075,34019,442
2021-04-06,San Francisco,California,06075,34065,442
2021-04-07,San Francisco,California,06075,34088,442
2021-04-08,San Francisco,California,06075,34139,442
2021-04-09,San Francisco,California,06075,34172,442
2021-04-10,San Francisco,California,06075,34265,442
2021-04-11,San Francisco,California,06075,34357,442
2021-04-12,San Francisco,California,06075,34443,443
2021-04-13,San Francisco,California,06075,34526,444
2021-04-14,San Francisco,California,06075,34554,444
2021-04-15,San Francisco,California,06075,34609,445
2021-04-16,San Francisco,California,06075,34653,445
2021-04-17,San Francisco,California,06075,34682,445
2021-04-18,San Francisco,California,06075,34772,446
2021-04-19,San Francisco,California,06075,34832,447
2021-04-20,San Francisco,California,06075,34891,448
2021-04-21,San Francisco,California,06075,34945,449
2021-04-22,San Francisco,California,06075,35034,450
2021-04-23,San Francisco,California,06075,35089,450
2021-04-24,San Francisco,California,06075,35110,450
2021-04-25,San Francisco,California,06075,35168,450
2021-04-26,San Francisco,California,06075,35246,450
2021-04-27,San Francisco,California,06075,35307,451
2021-04-28,San Francisco,California,06075,35370,451
2021-04-29,San Francisco,California,06075,35426,452
2021-04-30,San Francisco,California,06075,35485,452
2021-05-01,San Francisco,California,06075,35513,452
2021-05-02,San Francisco,California,06075,35604,453
2021-05-03,San Francisco,California,06075,35647,453
2021-05-04,San Francisco,California,06075,35671,453
2021-05-05,San Francisco,California,06075,35698,453
2021-05-06,San Francisco,California,06075,35723,453
2021-05-07,San Francisco,California,06075,35790,453
2021-05-08,San Francisco,California,06075,35830,453
2021-05-09,San Francisco,California,06075,35892,453
2021-05-10,San Francisco,California,06075,35967,453
2021-05-11,San Francisco,California,06075,36000,453
2021-05-12,San Francisco,California,06075,36024,453
2021-05-13,San Francisco,California,06075,36067,453
2021-05-14,San Francisco,California,06075,36124,454
2021-05-15,San Francisco,California,06075,36196,454
2021-05-16,San Francisco,California,06075,36298,456
2021-05-17,San Francisco,California,06075,36332,456
2021-05-18,San Francisco,California,06075,36415,457
2021-05-19,San Francisco,California,06075,36509,457
2021-05-20,San Francisco,California,06075,36573,457
2021-05-21,San Francisco,California,06075,36600,457
2021-05-22,San Francisco,California,06075,36659,458
2021-05-23,San Francisco,California,06075,36753,460
2021-05-24,San Francisco,California,06075,36823,461
2021-05-25,San Francisco,California,06075,36895,463
2021-05-26,San Francisco,California,06075,36944,464
2021-05-27,San Francisco,California,06075,37022,465
2021-05-28,San Francisco,California,06075,37066,465
2021-05-29,San Francisco,California,06075,37084,465
2021-05-30,San Francisco,California,06075,37103,465
2021-05-31,San Francisco,California,06075,37196,465
2021-06-01,San Francisco,California,06075,37270,466
2021-06-02,San Francisco,California,06075,37326,467
2021-06-03,San Francisco,California,06075,37413,467
2021-06-04,San Francisco,California,06075,37457,467
2021-06-05,San Francisco,California,06075,37516,467
2021-06-06,San Francisco,California,06075,37548,467
2021-06-07,San Francisco,California,06075,37627,469
2021-06-08,San Francisco,California,06075,37686,470
2021-06-09,San Francisco,California,06075,37755,470
2021-06-10,San Francisco,California,06075,37822,471
2021-06-11,San Francisco,California,06075,37844,471
2021-06-12,San Francisco,California,06075,37917,472
2021-06-13,San Francisco,California,06075,38020,474
2021-06-14,San Francisco,California,06075,38102,475
2021-06-15,San Francisco,California,06075,38168,475
2021-06-16,San Francisco,California,06075,38228,476
2021-06-17,San Francisco,California,06075,38297,477
2021-06-18,San Francisco,California,06075,38374,478
2021-06-19,San Francisco,California,06075,38434,479
2021-06-20,San Francisco,California,06075,38498,479
2021-06-21,San Francisco,California,06075,38543,479
2021-06-22,San Francisco,California,06075,38639,480
2021-06-23,San Francisco,California,06075,38698,481
2021-06-24,San Francisco,California,06075,38798,482
2021-06-25,San Francisco,California,06075,38877,482
2021-06-26,San Francisco,California,06075,38920,482
2021-06-27,San Francisco,California,06075,38967,482
2021-06-28,San Francisco,California,06075,39003,482
2021-06-29,San Francisco,California,06075,39050,482
2021-06-30,San Francisco,California,06075,39141,483
2020-03-01,Denver,Colorado,08031,0,0
2020-03-02,Denver,Colorado,08031,5,0
2020-03-03,Denver,Colorado,08031,11,0
2020-03-04,Denver,Colorado,08031,16,0
2020-03-05,Denver,Colorado,08031,21,0
2020-03-06,Denver,Colorado,08031,25,0
2020-03-07,Denver,Colorado,08031,30,0
2020-03-08,Denver,Colorado,08031,30,0
2020-03-09,Denver,Colorado,08031,34,0
2020-03-10,Denver,Colorado,08031,37,0
2020-03-11,Denver,Colorado,08031,39,0
2020-03-12,Denver,Colorado,08031,39,0
2020-03-13,Denver,Colorado,08031,45,0
2020-03-14,Denver,Colorado,08031,46,0
2020-03-15,Denver,Colorado,08031,52,0
2020-03-16,Denver,Colorado,08031,52,0
2020-03-17,Denver,Colorado,08031,56,0
2020-03-18,Denver,Colorado,08031,57,0
2020-03-19,Denver,Colorado,08031,59,0
2020-03-20,Denver,Colorado,08031,59,0
2020-03-21,Denver,Colorado,08031,60,0
2020-03-22,Denver,Colorado,08031,65,0
2020-03-23,Denver,Colorado,08031,69,0
2020-03-24,Denver,Colorado,08031,75,0
2020-03-25,Denver,Colorado,08031,78,0
2020-03-26,Denver,Colorado,08031,78,0
2020-03-27,Denver,Colorado,08031,82,0
2020-03-28,Denver,Colorado,08031,88,0
2020-03-29,Denver,Colorado,08031,88,0
2020-03-30,Denver,Colorado,08031,92,0
2020-03-31,Denver,Colorado,08031,158,0
2020-04-01,Denver,Colorado,08031,184,0
2020-04-02,Denver,Colorado,08031,224,0
2020-04-03,Denver,Colorado,08031,237,0
2020-04-04,Denver,Colorado,08031,266,0
2020-04-05,Denver,Colorado,08031,328,0
2020-04-06,Denver,Colorado,08031,362,0
2020-04-07,Denver,Colorado,08031,385,0
2020-04-08,Denver,Colorado,08031,414,0
2020-04-09,Denver,Colorado,08031,426,0
2020-04-10,Denver,Colorado,08031,482,0
2020-04-11,Denver,Colorado,08031,532,0
2020-04-12,Denver,Colorado,08031,588,0
2020-04-13,Denver,Colorado,08031,610,0
2020-04-14,Denver,Colorado,08031,644,0
2020-04-15,Denver,Colorado,08031,681,0
2020-04-16,Denver,Colorado,08031,740,0
2020-04-17,Denver,Colorado,08031,749,0
2020-04-18,Denver,Colorado,08031,756,0
2020-04-19,Denver,Colorado,08031,825,0
2020-04-20,Denver,Colorado,08031,852,0
2020-04-21,Denver,Colorado,08031,870,0
2020-04-22,Denver,Colorado,08031,926,1
2020-04-23,Denver,Colorado,08031,975,2
2020-04-24,Denver,Colorado,08031,986,2
2020-04-25,Denver,Colorado,08031,1039,3
2020-04-26,Denver,Colorado,08031,1080,3
2020-04-27,Denver,Colorado,08031,1113,3
2020-04-28,Denver,Colorado,08031,1156,3
2020-04-29,Denver,Colorado,08031,1211,4
2020-04-30,Denver,Colorado,08031,1218,4
2020-05-01,Denver,Colorado,08031,1259,5
2020-05-02,Denver,Colorado,08031,1312,5
2020-05-03,Denver,Colorado,08031,1332,5
2020-05-04,Denver,Colorado,08031,1390,6
2020-05-05,Denver,Colorado,08031,1442,7
2020-05-06,Denver,Colorado,08031,1500,7
2020-05-07,Denver,Colorado,08031,1520,7
2020-05-08,Denver,Colorado,08031,1529,7
2020-05-09,Denver,Colorado,08031,1583,8
2020-05-10,Denver,Colorado,08031,1598,8
2020-05-11,Denver,Colorado,08031,1623,8
2020-05-12,Denver,Colorado,08031,1666,8
2020-05-13,Denver,Colorado,08031,1722,8
2020-05-14,Denver,Colorado,08031,1731,8
2020-05-15,Denver,Colorado,08031,1777,8
2020-05-16,Denver,Colorado,08031,1834,9
2020-05-17,Denver,Colorado,08031,1905,9
2020-05-18,Denver,Colorado,08031,1916,9
2020-05-19,Denver,Colorado,08031,1964,9
2020-05-20,Denver,Colorado,08031,1974,9
2020-05-21,Denver,Colorado,08031,1989,9
2020-05-22,Denver,Colorado,08031,2044,9
2020-05-23,Denver,Colorado,08031,2115,10
2020-05-24,Denver,Colorado,08031,2187,11
2020-05-25,Denver,Colorado,08031,2252,12
2020-05-26,Denver,Colorado,08031,2294,12
2020-05-27,Denver,Colorado,08031,2324,12
2020-05-28,Denver,Colorado,08031,2382,13
2020-05-29,Denver,Colorado,08031,2433,14
2020-05-30,Denver,Colorado,08031,2474,14
2020-05-31,Denver,Colorado,08031,2502,14
2020-06-01,Denver,Colorado,08031,2563,14
2020-06-02,Denver,Colorado,08031,2576,14
2020-06-03,Denver,Colorado,08031,2637,14
2020-06-04,Denver,Colorado,08031,2648,14
2020-06-05,Denver,Colorado,08031,2686,14
2020-06-06,Denver,Colorado,08031,2717,14
2020-06-07,Denver,Colorado,08031,2762,14
2020-06-08,Denver,Colorado,08031,2795,14
2020-06-09,Denver,Colorado,08031,2834,14
2020-06-10,Denver,Colorado,08031,2870,15
2020-06-11,Denver,Colorado,08031,2909,16
2020-06-12,Denver,Colorado,08031,2970,16
2020-06-13,Denver,Colorado,08031,2985,16
2020-06-14,Denver,Colorado,08031,3000,16
2020-06-15,Denver,Colorado,08031,3063,16
2020-06-16,Denver,Colorado,08031,3084,16
2020-06-17,Denver,Colorado,08031,3140,17
2020-06-18,Denver,Colorado,08031,3171,17
2020-06-19,Denver,Colorado,08031,3217,17
2020-06-20,Denver,Colorado,08031,3232,17
2020-06-21,Denver,Colorado,08031,3241,17
2020-06-22,Denver,Colorado,08031,3272,17
2020-06-23,Denver,Colorado,08031,3299,17
2020-06-24,Denver,Colorado,08031,3358,17
2020-06-25,Denver,Colorado,08031,3403,17
2020-06-26,Denver,Colorado,08031,3468,18
2020-06-27,Denver,Colorado,08031,3489,18
2020-06-28,Denver,Colorado,08031,3528,18
2020-06-29,Denver,Colorado,08031,3578,19
2020-06-30,Denver,Colorado,08031,3635,20
2020-07-01,Denver,Colorado,08031,3707,21
2020-07-02,Denver,Colorado,08031,3801,22
2020-07-03,Denver,Colorado,08031,3888,23
2020-07-04,Denver,Colorado,08031,3980,24
2020-07-05,Denver,Colorado,08031,4041,24
2020-07-06,Denver,Colorado,08031,4101,25
2020-07-07,Denver,Colorado,08031,4148,26
2020-07-08,Denver,Colorado,08031,4230,27
2020-07-09,Denver,Colorado,08031,4268,27
2020-07-10,Denver,Colorado,08031,4337,28
2020-07-11,Denver,Colorado,08031,4442,30
2020-07-12,Denver,Colorado,08031,4522,32
2020-07-13,Denver,Colorado,08031,4608,33
2020-07-14,Denver,Colorado,08031,4703,35
2020-07-15,Denver,Colorado,08031,4774,35
2020-07-16,Denver,Colorado,08031,4845,35
2020-07-17,Denver,Colorado,08031,4922,36
2020-07-18,Denver,Colorado,08031,4941,36
2020-07-19,Denver,Colorado,08031,4974,36
2020-07-20,Denver,Colorado,08031,5079,36
2020-07-21,Denver,Colorado,08031,5188,37
2020-07-22,Denver,Colorado,08031,5204,37
2020-07-23,Denver,Colorado,08031,5243,37
2020-07-24,Denver,Colorado,08031,5347,38
2020-07-25,Denver,Colorado,08031,5443,39
2020-07-26,Denver,Colorado,08031,5498,39
2020-07-27,Denver,Colorado,08031,5600,39
2020-07-28,Denver,Colorado,08031,5659,39
2020-07-29,Denver,Colorado,08031,5761,40
2020-07-30,Denver,Colorado,08031,5801,40
2020-07-31,Denver,Colorado,08031,5825,40
2020-08-01,Denver,Colorado,08031,5854,40
2020-08-02,Denver,Colorado,08031,5877,40
2020-08-03,Denver,Colorado,08031,5933,40
2020-08-04,Denver,Colorado,08031,6010,41
2020-08-05,Denver,Colorado,08031,6027,41
2020-08-06,Denver,Colorado,08031,6081,41
2020-08-07,Denver,Colorado,08031,6137,41
2020-08-08,Denver,Colorado,08031,6189,42
2020-08-09,Denver,Colorado,08031,6215,42
2020-08-10,Denver,Colorado,08031,6306,43
2020-08-11,Denver,Colorado,08031,6370,44
2020-08-12,Denver,Colorado,08031,6423,44
2020-08-13,Denver,Colorado,08031,6443,44
2020-08-14,Denver,Colorado,08031,6498,44
2020-08-15,Denver,Colorado,08031,6554,44
2020-08-16,Denver,Colorado,08031,6658,45
2020-08-17,Denver,Colorado,08031,6770,47
2020-08-18,Denver,Colorado,08031,6809,47
2020-08-19,Denver,Colorado,08031,6903,48
2020-08-20,Denver,Colorado,08031,6958,48
2020-08-21,Denver,Colorado,08031,7037,48
2020-08-22,Denver,Colorado,08031,7150,49
2020-08-23,Denver,Colorado,08031,7264,51
2020-08-24,Denver,Colorado,08031,7333,52
2020-08-25,Denver,Colorado,08031,7440,53
2020-08-26,Denver,Colorado,08031,7454,53
2020-08-27,Denver,Colorado,08031,7552,54
2020-08-28,Denver,Colorado,08031,7665,54
2020-08-29,Denver,Colorado,08031,7774,55
2020-08-30,Denver,Colorado,08031,7849,56
2020-08-31,Denver,Colorado,08031,7902,56
2020-09-01,Denver,Colorado,08031,7980,57
2020-09-02,Denver,Colorado,08031,8046,57
2020-09-03,Denver,Colorado,08031,8135,58
2020-09-04,Denver,Colorado,08031,8180,58
2020-09-05,Denver,Colorado,08031,8207,58
2020-09-06,Denver,Colorado,08031,8278,58
2020-09-07,Denver,Colorado,08031,8336,59
2020-09-08,Denver,Colorado,08031,8448,60
2020-09-09,Denver,Colorado,08031,8531,61
2020-09-10,Denver,Colorado,08031,8572,61
2020-09-11,Denver,Colorado,08031,8632,61
2020-09-12,Denver,Colorado,08031,8746,62
2020-09-13,Denver,Colorado,08031,8807,63
2020-09-14,Denver,Colorado,08031,8823,63
2020-09-15,Denver,Colorado,08031,8903,63
2020-09-16,Denver,Colorado,08031,8966,64
2020-09-17,Denver,Colorado,08031,9049,65
2020-09-18,Denver,Colorado,08031,9154,67
2020-09-19,Denver,Colorado,08031,9246,68
2020-09-20,Denver,Colorado,08031,9340,69
2020-09-21,Denver,Colorado,08031,9362,69
2020-09-22,Denver,Colorado,08031,9461,71
2020-09-23,Denver,Colorado,08031,9543,72
2020-09-24,Denver,Colorado,08031,9640,74
2020-09-25,Denver,Colorado,08031,9690,74
2020-09-26,Denver,Colorado,08031,9782,76
2020-09-27,Denver,Colorado,08031,9797,76
2020-09-28,Denver,Colorado,08031,9906,77
2020-09-29,Denver,Colorado,08031,9943,77
2020-09-30,Denver,Colorado,08031,9986,78
2020-10-01,Denver,Colorado,08031,10036,78
2020-10-02,Denver,Colorado,08031,10112,78
2020-10-03,Denver,Colorado,08031,10199,78
2020-10-04,Denver,Colorado,08031,10263,78
2020-10-05,Denver,Colorado,08031,10306,79
2020-10-06,Denver,Colorado,08031,10392,79
2020-10-07,Denver,Colorado,08031,10426,79
2020-10-08,Denver,Colorado,08031,10480,80
2020-10-09,Denver,Colorado,08031,10552,81
2020-10-10,Denver,Colorado,08031,10622,82
2020-10-11,Denver,Colorado,08031,10694,83
2020-10-12,Denver,Colorado,08031,10766,83
2020-10-13,Denver,Colorado,08031,10793,83
2020-10-14,Denver,Colorado,08031,10833,83
2020-10-15,Denver,Colorado,08031,10870,83
2020-10-16,Denver,Colorado,08031,10964,83
2020-10-17,Denver,Colorado,08031,11047,85
2020-10-18,Denver,Colorado,08031,11132,86
2020-10-19,Denver,Colorado,08031,11172,86
2020-10-20,Denver,Colorado,08031,11232,87
2020-10-21,Denver,Colorado,08031,11311,89
2020-10-22,Denver,Colorado,08031,11330,89
2020-10-23,Denver,Colorado,08031,11388,90
2020-10-24,Denver,Colorado,08031,11430,90
2020-10-25,Denver,Colorado,08031,11492,90
2020-10-26,Denver,Colorado,08031,11583,92
2020-10-27,Denver,Colorado,08031,11620,92
2020-10-28,Denver,Colorado,08031,11677,92
2020-10-29,Denver,Colorado,08031,11692,92
2020-10-30,Denver,Colorado,08031,11714,92
2020-10-31,Denver,Colorado,08031,11731,92
2020-11-01,Denver,Colorado,08031,11845,93
2020-11-02,Denver,Colorado,08031,11867,93
2020-11-03,Denver,Colorado,08031,11898,93
2020-11-04,Denver,Colorado,08031,11976,93
2020-11-05,Denver,Colorado,08031,12039,94
2020-11-06,Denver,Colorado,08031,12186,97
2020-11-07,Denver,Colorado,08031,12287,98
2020-11-08,Denver,Colorado,08031,12349,98
2020-11-09,Denver,Colorado,08031,12452,98
2020-11-10,Denver,Colorado,08031,12553,100
2020-11-11,Denver,Colorado,08031,12761,105
2020-11-12,Denver,Colorado,08031,12912,108
2020-11-13,Denver,Colorado,08031,13064,110
2020-11-14,Denver,Colorado,08031,13122,110
2020-11-15,Denver,Colorado,08031,13171,110
2020-11-16,Denver,Colorado,08031,13362,111
2020-11-17,Denver,Colorado,08031,13427,112
2020-11-18,Denver,Colorado,08031,13547,113
2020-11-19,Denver,Colorado,08031,13699,114
2020-11-20,Denver,Colorado,08031,13860,117
2020-11-21,Denver,Colorado,08031,13955,118
2020-11-22,Denver,Colorado,08031,14015,119
2020-11-23,Denver,Colorado,08031,14099,120
2020-11-24,Denver,Colorado,08031,14257,120
2020-11-25,Denver,Colorado,08031,14367,122
2020-11-26,Denver,Colorado,08031,14564,126
2020-11-27,Denver,Colorado,08031,14666,128
2020-11-28,Denver,Colorado,08031,14846,130
2020-11-29,Denver,Colorado,08031,14946,130
2020-11-30,Denver,Colorado,08031,15007,131
2020-12-01,Denver,Colorado,08031,15062,132
2020-12-02,Denver,Colorado,08031,15139,133
2020-12-03,Denver,Colorado,08031,15293,134
2020-12-04,Denver,Colorado,08031,15410,136
2020-12-05,Denver,Colorado,08031,15531,137
2020-12-06,Denver,Colorado,08031,15713,138
2020-12-07,Denver,Colorado,08031,15811,139
2020-12-08,Denver,Colorado,08031,16022,144
2020-12-09,Denver,Colorado,08031,16119,146
2020-12-10,Denver,Colorado,08031,16297,147
2020-12-11,Denver,Colorado,08031,16394,148
2020-12-12,Denver,Colorado,08031,16502,148
2020-12-13,Denver,Colorado,08031,16647,151
2020-12-14,Denver,Colorado,08031,16700,151
2020-12-15,Denver,Colorado,08031,16889,156
2020-12-16,Denver,Colorado,08031,17006,157
2020-12-17,Denver,Colorado,08031,17084,159
2020-12-18,Denver,Colorado,08031,17264,161
2020-12-19,Denver,Colorado,08031,17424,164
2020-12-20,Denver,Colorado,08031,17639,168
2020-12-21,Denver,Colorado,08031,17740,169
2020-12-22,Denver,Colorado,08031,17951,173
2020-12-23,Denver,Colorado,08031,18067,174
2020-12-24,Denver,Colorado,08031,18189,177
2020-12-25,Denver,Colorado,08031,18239,177
2020-12-26,Denver,Colorado,08031,18283,177
2020-12-27,Denver,Colorado,08031,18366,178
2020-12-28,Denver,Colorado,08031,18451,179
2020-12-29,Denver,Colorado,08031,18660,181
2020-12-30,Denver,Colorado,08031,18832,182
2020-12-31,Denver,Colorado,08031,18907,184
2021-01-01,Denver,Colorado,08031,19013,184
2021-01-02,Denver,Colorado,08031,19061,184
2021-01-03,Denver,Colorado,08031,19155,184
2021-01-04,Denver,Colorado,08031,19300,187
2021-01-05,Denver,Colorado,08031,19351,187
2021-01-06,Denver,Colorado,08031,19429,187
2021-01-07,Denver,Colorado,08031,19627,191
2021-01-08,Denver,Colorado,08031,19729,192
2021-01-09,Denver,Colorado,08031,19803,192
2021-01-10,Denver,Colorado,08031,19993,197
2021-01-11,Denver,Colorado,08031,20040,198
2021-01-12,Denver,Colorado,08031,20149,200
2021-01-13,Denver,Colorado,08031,20212,201
2021-01-14,Denver,Colorado,08031,20308,202
2021-01-15,Denver,Colorado,08031,20492,205
2021-01-16,Denver,Colorado,08031,20699,211
2021-01-17,Denver,Colorado,08031,20916,216
2021-01-18,Denver,Colorado,08031,21112,217
2021-01-19,Denver,Colorado,08031,21180,218
2021-01-20,Denver,Colorado,08031,21362,219
2021-01-21,Denver,Colorado,08031,21471,220
2021-01-22,Denver,Colorado,08031,21619,224
2021-01-23,Denver,Colorado,08031,21705,224
2021-01-24,Denver,Colorado,08031,21856,225
2021-01-25,Denver,Colorado,08031,21993,228
2021-01-26,Denver,Colorado,08031,22093,228
2021-01-27,Denver,Colorado,08031,22275,232
2021-01-28,Denver,Colorado,08031,22467,237
2021-01-29,Denver,Colorado,08031,22665,239
2021-01-30,Denver,Colorado,08031,22722,239
2021-01-31,Denver,Colorado,08031,22881,240
2021-02-01,Denver,Colorado,08031,23013,243
2021-02-02,Denver,Colorado,08031,23169,245
2021-02-03,Denver,Colorado,08031,23299,247
2021-02-04,Denver,Colorado,08031,23398,248
2021-02-05,Denver,Colorado,08031,23562,251
2021-02-06,Denver,Colorado,08031,23691,252
2021-02-07,Denver,Colorado,08031,23804,255
2021-02-08,Denver,Colorado,08031,23949,255
2021-02-09,Denver,Colorado,08031,24030,255
2021-02-10,Denver,Colorado,08031,24224,257
2021-02-11,Denver,Colorado,08031,24321,259
2021-02-12,Denver,Colorado,08031,24464,263
2021-02-13,Denver,Colorado,08031,24572,265
2021-02-14,Denver,Colorado,08031,24596,265
2021-02-15,Denver,Colorado,08031,24642,265
2021-02-16,Denver,Colorado,08031,24699,265
2021-02-17,Denver,Colorado,08031,24758,265
2021-02-18,Denver,Colorado,08031,24806,265
2021-02-19,Denver,Colorado,08031,24879,265
2021-02-20,Denver,Colorado,08031,24921,265
2021-02-21,Denver,Colorado,08031,24952,265
2021-02-22,Denver,Colorado,08031,24992,265
2021-02-23,Denver,Colorado,08031,25067,266
2021-02-24,Denver,Colorado,08031,25128,267
2021-02-25,Denver,Colorado,08031,25209,267
2021-02-26,Denver,Colorado,08031,25228,267
2021-02-27,Denver,Colorado,08031,25257,267
2021-02-28,Denver,Colorado,08031,25295,267
2021-03-01,Denver,Colorado,08031,25368,268
2021-03-02,Denver,Colorado,08031,25402,268
2021-03-03,Denver,Colorado,08031,25489,270
2021-03-04,Denver,Colorado,08031,25558,271
2021-03-05,Denver,Colorado,08031,25638,271
2021-03-06,Denver,Colorado,08031,25674,271
2021-03-07,Denver,Colorado,08031,25745,272
2021-03-08,Denver,Colorado,08031,25789,272
2021-03-09,Denver,Colorado,08031,25851,273
2021-03-10,Denver,Colorado,08031,25902,274
2021-03-11,Denver,Colorado,08031,25927,274
2021-03-12,Denver,Colorado,08031,25958,274
2021-03-13,Denver,Colorado,08031,26007,274
2021-03-14,Denver,Colorado,08031,26078,275
2021-03-15,Denver,Colorado,08031,26145,276
2021-03-16,Denver,Colorado,08031,26217,276
2021-03-17,Denver,Colorado,08031,26245,276
2021-03-18,Denver,Colorado,08031,26310,276
2021-03-19,Denver,Colorado,08031,26357,276
2021-03-20,Denver,Colorado,08031,26398,276
2021-03-21,Denver,Colorado,08031,26421,276
2021-03-22,Denver,Colorado,08031,26436,276
2021-03-23,Denver,Colorado,08031,26511,277
2021-03-24,Denver,Colorado,08031,26556,277
2021-03-25,Denver,Colorado,08031,26599,278
2021-03-26,Denver,Colorado,08031,26652,278
2021-03-27,Denver,Colorado,08031,26668,278
2021-03-28,Denver,Colorado,08031,26749,278
2021-03-29,Denver,Colorado,08031,26832,279
2021-03-30,Denver,Colorado,08031,26892,280
2021-03-31,Denver,Colorado,08031,26950,281
2021-04-01,Denver,Colorado,08031,27035,281
2021-04-02,Denver,Colorado,08031,27077,281
2021-04-03,Denver,Colorado,08031,27105,281
2021-04-04,Denver,Colorado,08031,27160,281
2021-04-05,Denver,Colorado,08031,27239,281
2021-04-06,Denver,Colorado,08031,27261,281
2021-04-07,Denver,Colorado,08031,27277,281
2021-04-08,Denver,Colorado,08031,27327,281
2021-04-09,Denver,Colorado,08031,27346,281
2021-04-10,Denver,Colorado,08031,27381,281
2021-04-11,Denver,Colorado,08031,27443,281
2021-04-12,Denver,Colorado,08031,27461,281
2021-04-13,Denver,Colorado,08031,27488,281
2021-04-14,Denver,Colorado,08031,27532,281
2021-04-15,Denver,Colorado,08031,27554,281
2021-04-16,Denver,Colorado,08031,27603,281
2021-04-17,Denver,Colorado,08031,27686,283
2021-04-18,Denver,Colorado,08031,27709,283
2021-04-19,Denver,Colorado,08031,27754,284
2021-04-20,Denver,Colorado,08031,27803,284
2021-04-21,Denver,Colorado,08031,27885,285
2021-04-22,Denver,Colorado,08031,27936,286
2021-04-23,Denver,Colorado,08031,27970,286
2021-04-24,Denver,Colorado,08031,27994,286
2021-04-25,Denver,Colorado,08031,28037,287
2021-04-26,Denver,Colorado,08031,28089,288
2021-04-27,Denver,Colorado,08031,28167,289
2021-04-28,Denver,Colorado,08031,28223,290
2021-04-29,Denver,Colorado,08031,28258,290
2021-04-30,Denver,Colorado,08031,28305,291
2021-05-01,Denver,Colorado,08031,28371,291
2021-05-02,Denver,Colorado,08031,28430,292
2021-05-03,Denver,Colorado,08031,28457,292
2021-05-04,Denver,Colorado,08031,28536,293
2021-05-05,Denver,Colorado,08031,28583,294
2021-05-06,Denver,Colorado,08031,28610,294
2021-05-07,Denver,Colorado,08031,28653,295
2021-05-08,Denver,Colorado,08031,28684,295
2021-05-09,Denver,Colorado,08031,28718,295
2021-05-10,Denver,Colorado,08031,28753,295
2021-05-11,Denver,Colorado,08031,28818,296
2021-05-12,Denver,Colorado,08031,28848,296
2021-05-13,Denver,Colorado,08031,28934,297
2021-05-14,Denver,Colorado,08031,29020,297
2021-05-15,Denver,Colorado,08031,29042,297
2021-05-16,Denver,Colorado,08031,29080,297
2021-05-17,Denver,Colorado,08031,29112,297
2021-05-18,Denver,Colorado,08031,29160,297
2021-05-19,Denver,Colorado,08031,29225,298
2021-05-20,Denver,Colorado,08031,29267,298
2021-05-21,Denver,Colorado,08031,29343,299
2021-05-22,Denver,Colorado,08031,29358,299
2021-05-23,Denver,Colorado,08031,29439,300
2021-05-24,Denver,Colorado,08031,29507,301
2021-05-25,Denver,Colorado,08031,29526,301
2021-05-26,Denver,Colorado,08031,29558,301
2021-05-27,Denver,Colorado,08031,29582,301
2021-05-28,Denver,Colorado,08031,29657,301
2021-05-29,Denver,Colorado,08031,29672,301
2021-05-30,Denver,Colorado,08031,29707,301
2021-05-31,Denver,Colorado,08031,29749,301
2021-06-01,Denver,Colorado,08031,29819,302
2021-06-02,Denver,Colorado,08031,29844,302
2021-06-03,Denver,Colorado,08031,29874,302
2021-06-04,Denver,Colorado,08031,29937,302
2021-06-05,Denver,Colorado,08031,30002,303
2021-06-06,Denver,Colorado,08031,30075,304
2021-06-07,Denver,Colorado,08031,30141,305
2021-06-08,Denver,Colorado,08031,30183,305
2021-06-09,Denver,Colorado,08031,30201,305
2021-06-10,Denver,Colorado,08031,30271,306
2021-06-11,Denver,Colorado,08031,30353,307
2021-06-12,Denver,Colorado,08031,30384,307
2021-06-13,Denver,Colorado,08031,30429,308
2021-06-14,Denver,Colorado,08031,30468,308
2021-06-15,Denver,Colorado,08031,30531,308
2021-06-16,Denver,Colorado,08031,30609,309
2021-06-17,Denver,Colorado,08031,30683,309
2021-06-18,Denver,Colorado,08031,30709,309
2021-06-19,Denver,Colorado,08031,30731,309
2021-06-20,Denver,Colorado,08031,30786,309
2021-06-21,Denver,Colorado,08031,30815,309
2021-06-22,Denver,Colorado,08031,30897,309
2021-06-23,Denver,Colorado,08031,30927,309
2021-06-24,Denver,Colorado,08031,30954,309
2021-06-25,Denver,Colorado,08031,30991,309
2021-06-26,Denver,Colorado,08031,31038,309
2021-06-27,Denver,Colorado,08031,31111,310
2021-06-28,Denver,Colorado,08031,31152,310
2021-06-29,Denver,Colorado,08031,31182,310
2021-06-30,Denver,Colorado,08031,31240,311
2020-03-01,Fairfield,Connecticut,09001,0,0
2020-03-02,Fairfield,Connecticut,09001,9,0
2020-03-03,Fairfield,Connecticut,09001,10,0
2020-03-04,Fairfield,Connecticut,09001,15,0
2020-03-05,Fairfield,Connecticut,09001,21,0
2020-03-06,Fairfield,Connecticut,09001,30,0
2020-03-07,Fairfield,Connecticut,09001,33,0
2020-03-08,Fairfield,Connecticut,09001,41,0
2020-03-09,Fairfield,Connecticut,09001,49,0
2020-03-10,Fairfield,Connecticut,09001,52,0
2020-03-11,Fairfield,Connecticut,09001,57,0
2020-03-12,Fairfield,Connecticut,09001,63,0
2020-03-13,Fairfield,Connecticut,09001,68,0
2020-03-14,Fairfield,Connecticut,09001,70,0
2020-03-15,Fairfield,Connecticut,09001,78,0
2020-03-16,Fairfield,Connecticut,09001,84,0
2020-03-17,Fairfield,Connecticut,09001,89,0
2020-03-18,Fairfield,Connecticut,09001,92,0
2020-03-19,Fairfield,Connecticut,09001,93,0
2020-03-20,Fairfield,Connecticut,09001,93,0
2020-03-21,Fairfield,Connecticut,09001,98,0
2020-03-22,Fairfield,Connecticut,09001,104,0
2020-03-23,Fairfield,Connecticut,09001,106,0
2020-03-24,Fairfield,Connecticut,09001,113,0
2020-03-25,Fairfield,Connecticut,09001,122,0
2020-03-26,Fairfield,Connecticut,09001,124,0
2020-03-27,Fairfield,Connecticut,09001,131,0
2020-03-28,Fairfield,Connecticut,09001,133,0
2020-03-29,Fairfield,Connecticut,09001,141,0
2020-03-30,Fairfield,Connecticut,09001,143,0
2020-03-31,Fairfield,Connecticut,09001,213,1
2020-04-01,Fairfield,Connecticut,09001,254,1
2020-04-02,Fairfield,Connecticut,09001,300,1
2020-04-03,Fairfield,Connecticut,09001,383,1
2020-04-04,Fairfield,Connecticut,09001,408,1
2020-04-05,Fairfield,Connecticut,09001,429,1
2020-04-06,Fairfield,Connecticut,09001,446,1
2020-04-07,Fairfield,Connecticut,09001,526,3
2020-04-08,Fairfield,Connecticut,09001,555,3
2020-04-09,Fairfield,Connecticut,09001,625,3
2020-04-10,Fairfield,Connecticut,09001,695,3
2020-04-11,Fairfield,Connecticut,09001,719,3
2020-04-12,Fairfield,Connecticut,09001,752,3
2020-04-13,Fairfield,Connecticut,09001,815,3
2020-04-14,Fairfield,Connecticut,09001,890,3
2020-04-15,Fairfield,Connecticut,09001,982,4
2020-04-16,Fairfield,Connecticut,09001,1005,4
2020-04-17,Fairfield,Connecticut,09001,1057,5
2020-04-18,Fairfield,Connecticut,09001,1130,6
2020-04-19,Fairfield,Connecticut,09001,1206,6
2020-04-20,Fairfield,Connecticut,09001,1247,7
2020-04-21,Fairfield,Connecticut,09001,1320,9
2020-04-22,Fairfield,Connecticut,09001,1379,9
2020-04-23,Fairfield,Connecticut,09001,1450,9
2020-04-24,Fairfield,Connecticut,09001,1498,9
2020-04-25,Fairfield,Connecticut,09001,1539,9
2020-04-26,Fairfield,Connecticut,09001,1554,9
2020-04-27,Fairfield,Connecticut,09001,1603,9
2020-04-28,Fairfield,Connecticut,09001,1628,9
2020-04-29,Fairfield,Connecticut,09001,1679,10
2020-04-30,Fairfield,Connecticut,09001,1730,11
2020-05-01,Fairfield,Connecticut,09001,1819,13
2020-05-02,Fairfield,Connecticut,09001,1860,13
2020-05-03,Fairfield,Connecticut,09001,1923,14
2020-05-04,Fairfield,Connecticut,09001,1967,14
2020-05-05,Fairfield,Connecticut,09001,2054,15
2020-05-06,Fairfield,Connecticut,09001,2111,15
2020-05-07,Fairfield,Connecticut,09001,2157,15
2020-05-08,Fairfield,Connecticut,09001,2243,16
2020-05-09,Fairfield,Connecticut,09001,2295,16
2020-05-10,Fairfield,Connecticut,09001,2362,17
2020-05-11,Fairfield,Connecticut,09001,2426,18
2020-05-12,Fairfield,Connecticut,09001,2497,18
2020-05-13,Fairfield,Connecticut,09001,2509,18
2020-05-14,Fairfield,Connecticut,09001,2572,19
2020-05-15,Fairfield,Connecticut,09001,2640,20
2020-05-16,Fairfield,Connecticut,09001,2671,20
2020-05-17,Fairfield,Connecticut,09001,2738,20
2020-05-18,Fairfield,Connecticut,09001,2798,21
2020-05-19,Fairfield,Connecticut,09001,2878,21
2020-05-20,Fairfield,Connecticut,09001,2952,22
2020-05-21,Fairfield,Connecticut,09001,3039,23
2020-05-22,Fairfield,Connecticut,09001,3098,24
2020-05-23,Fairfield,Connecticut,09001,3151,24
2020-05-24,Fairfield,Connecticut,09001,3196,25
2020-05-25,Fairfield,Connecticut,09001,3226,25
2020-05-26,Fairfield,Connecticut,09001,3317,26
2020-05-27,Fairfield,Connecticut,09001,3358,26
2020-05-28,Fairfield,Connecticut,09001,3402,27
2020-05-29,Fairfield,Connecticut,09001,3473,27
2020-05-30,Fairfield,Connecticut,09001,3536,28
2020-05-31,Fairfield,Connecticut,09001,3574,28
2020-06-01,Fairfield,Connecticut,09001,3647,30
2020-06-02,Fairfield,Connecticut,09001,3690,30
2020-06-03,Fairfield,Connecticut,09001,3783,32
2020-06-04,Fairfield,Connecticut,09001,3792,32
2020-06-05,Fairfield,Connecticut,09001,3860,33
2020-06-06,Fairfield,Connecticut,09001,3925,34
2020-06-07,Fairfield,Connecticut,09001,3948,34
2020-06-08,Fairfield,Connecticut,09001,4017,34
2020-06-09,Fairfield,Connecticut,09001,4041,34
2020-06-10,Fairfield,Connecticut,09001,4088,35
2020-06-11,Fairfield,Connecticut,09001,4113,35
2020-06-12,Fairfield,Connecticut,09001,4137,35
2020-06-13,Fairfield,Connecticut,09001,4168,35
2020-06-14,Fairfield,Connecticut,09001,4212,35
2020-06-15,Fairfield,Connecticut,09001,4274,36
2020-06-16,Fairfield,Connecticut,09001,4297,36
2020-06-17,Fairfield,Connecticut,09001,4338,36
2020-06-18,Fairfield,Connecticut,09001,4376,36
2020-06-19,Fairfield,Connecticut,09001,4426,37
2020-06-20,Fairfield,Connecticut,09001,4443,37
2020-06-21,Fairfield,Connecticut,09001,4516,37
2020-06-22,Fairfield,Connecticut,09001,4574,38
2020-06-23,Fairfield,Connecticut,09001,4591,38
2020-06-24,Fairfield,Connecticut,09001,4601,38
2020-06-25,Fairfield,Connecticut,09001,4694,40
2020-06-26,Fairfield,Connecticut,09001,4782,41
2020-06-27,Fairfield,Connecticut,09001,4820,41
2020-06-28,Fairfield,Connecticut,09001,4860,42
2020-06-29,Fairfield,Connecticut,09001,5010,45
2020-06-30,Fairfield,Connecticut,09001,5153,48
2020-07-01,Fairfield,Connecticut,09001,5221,48
2020-07-02,Fairfield,Connecticut,09001,5286,48
2020-07-03,Fairfield,Connecticut,09001,5318,48
2020-07-04,Fairfield,Connecticut,09001,5429,50
2020-07-05,Fairfield,Connecticut,09001,5565,51
2020-07-06,Fairfield,Connecticut,09001,5663,53
2020-07-07,Fairfield,Connecticut,09001,5718,54
2020-07-08,Fairfield,Connecticut,09001,5844,55
2020-07-09,Fairfield,Connecticut,09001,5944,57
2020-07-10,Fairfield,Connecticut,09001,6025,58
2020-07-11,Fairfield,Connecticut,09001,6068,59
2020-07-12,Fairfield,Connecticut,09001,6213,62
2020-07-13,Fairfield,Connecticut,09001,6234,62
2020-07-14,Fairfield,Connecticut,09001,6258,62
2020-07-15,Fairfield,Connecticut,09001,6319,62
2020-07-16,Fairfield,Connecticut,09001,6417,63
2020-07-17,Fairfield,Connecticut,09001,6516,63
2020-07-18,Fairfield,Connecticut,09001,6591,65
2020-07-19,Fairfield,Connecticut,09001,6732,69
2020-07-20,Fairfield,Connecticut,09001,6864,72
2020-07-21,Fairfield,Connecticut,09001,6979,73
2020-07-22,Fairfield,Connecticut,09001,7023,73
2020-07-23,Fairfield,Connecticut,09001,7110,74
2020-07-24,Fairfield,Connecticut,09001,7242,76
2020-07-25,Fairfield,Connecticut,09001,7277,76
2020-07-26,Fairfield,Connecticut,09001,7335,77
2020-07-27,Fairfield,Connecticut,09001,7426,79
2020-07-28,Fairfield,Connecticut,09001,7467,79
2020-07-29,Fairfield,Connecticut,09001,7501,79
2020-07-30,Fairfield,Connecticut,09001,7551,79
2020-07-31,Fairfield,Connecticut,09001,7669,81
2020-08-01,Fairfield,Connecticut,09001,7699,81
2020-08-02,Fairfield,Connecticut,09001,7812,82
2020-08-03,Fairfield,Connecticut,09001,7953,85
2020-08-04,Fairfield,Connecticut,09001,8073,86
2020-08-05,Fairfield,Connecticut,09001,8125,86
2020-08-06,Fairfield,Connecticut,09001,8262,87
2020-08-07,Fairfield,Connecticut,09001,8298,87
2020-08-08,Fairfield,Connecticut,09001,8412,87
2020-08-09,Fairfield,Connecticut,09001,8522,89
2020-08-10,Fairfield,Connecticut,09001,8663,92
2020-08-11,Fairfield,Connecticut,09001,8761,94
2020-08-12,Fairfield,Connecticut,09001,8829,95
2020-08-13,Fairfield,Connecticut,09001,8945,96
2020-08-14,Fairfield,Connecticut,09001,9048,97
2020-08-15,Fairfield,Connecticut,09001,9179,100
2020-08-16,Fairfield,Connecticut,09001,9227,100
2020-08-17,Fairfield,Connecticut,09001,9257,100
2020-08-18,Fairfield,Connecticut,09001,9373,103
2020-08-19,Fairfield,Connecticut,09001,9490,103
2020-08-20,Fairfield,Connecticut,09001,9557,104
2020-08-21,Fairfield,Connecticut,09001,9701,106
2020-08-22,Fairfield,Connecticut,09001,9720,106
2020-08-23,Fairfield,Connecticut,09001,9809,108
2020-08-24,Fairfield,Connecticut,09001,9957,109
2020-08-25,Fairfield,Connecticut,09001,10024,110
2020-08-26,Fairfield,Connecticut,09001,10148,112
2020-08-27,Fairfield,Connecticut,09001,10246,113
2020-08-28,Fairfield,Connecticut,09001,10317,114
2020-08-29,Fairfield,Connecticut,09001,10396,114
2020-08-30,Fairfield,Connecticut,09001,10539,117
2020-08-31,Fairfield,Connecticut,09001,10623,118
2020-09-01,Fairfield,Connecticut,09001,10721,118
2020-09-02,Fairfield,Connecticut,09001,10827,120
2020-09-03,Fairfield,Connecticut,09001,10938,122
2020-09-04,Fairfield,Connecticut,09001,10997,123
2020-09-05,Fairfield,Connecticut,09001,11032,124
2020-09-06,Fairfield,Connecticut,09001,11144,125
2020-09-07,Fairfield,Connecticut,09001,11272,127
2020-09-08,Fairfield,Connecticut,09001,11383,128
2020-09-09,Fairfield,Connecticut,09001,11531,129
2020-09-10,Fairfield,Connecticut,09001,11659,130
2020-09-11,Fairfield,Connecticut,09001,11774,132
2020-09-12,Fairfield,Connecticut,09001,11885,132
2020-09-13,Fairfield,Connecticut,09001,12018,133
2020-09-14,Fairfield,Connecticut,09001,12101,134
2020-09-15,Fairfield,Connecticut,09001,12249,137
2020-09-16,Fairfield,Connecticut,09001,12379,140
2020-09-17,Fairfield,Connecticut,09001,12470,141
2020-09-18,Fairfield,Connecticut,09001,12578,144
2020-09-19,Fairfield,Connecticut,09001,12696,145
2020-09-20,Fairfield,Connecticut,09001,12784,146
2020-09-21,Fairfield,Connecticut,09001,12894,147
2020-09-22,Fairfield,Connecticut,09001,13025,148
2020-09-23,Fairfield,Connecticut,09001,13061,148
2020-09-24,Fairfield,Connecticut,09001,13156,150
2020-09-25,Fairfield,Connecticut,09001,13287,152
2020-09-26,Fairfield,Connecticut,09001,13366,152
2020-09-27,Fairfield,Connecticut,09001,13403,152
2020-09-28,Fairfield,Connecticut,09001,13460,152
2020-09-29,Fairfield,Connecticut,09001,13507,153
2020-09-30,Fairfield,Connecticut,09001,13622,153
2020-10-01,Fairfield,Connecticut,09001,13736,155
2020-10-02,Fairfield,Connecticut,09001,13844,158
2020-10-03,Fairfield,Connecticut,09001,13882,159
2020-10-04,Fairfield,Connecticut,09001,13957,160
2020-10-05,Fairfield,Connecticut,09001,14098,161
2020-10-06,Fairfield,Connecticut,09001,14245,162
2020-10-07,Fairfield,Connecticut,09001,14270,162
2020-10-08,Fairfield,Connecticut,09001,14374,164
2020-10-09,Fairfield,Connecticut,09001,14520,167
2020-10-10,Fairfield,Connecticut,09001,14592,167
2020-10-11,Fairfield,Connecticut,09001,14642,167
2020-10-12,Fairfield,Connecticut,09001,14751,170
2020-10-13,Fairfield,Connecticut,09001,14856,171
2020-10-14,Fairfield,Connecticut,09001,14966,173
2020-10-15,Fairfield,Connecticut,09001,15071,175
2020-10-16,Fairfield,Connecticut,09001,15204,177
2020-10-17,Fairfield,Connecticut,09001,15259,178
2020-10-18,Fairfield,Connecticut,09001,15326,178
2020-10-19,Fairfield,Connecticut,09001,15355,178
2020-10-20,Fairfield,Connecticut,09001,15462,179
2020-10-21,Fairfield,Connecticut,09001,15483,179
2020-10-22,Fairfield,Connecticut,09001,15577,180
2020-10-23,Fairfield,Connecticut,09001,15694,182
2020-10-24,Fairfield,Connecticut,09001,15736,182
2020-10-25,Fairfield,Connecticut,09001,15839,183
2020-10-26,Fairfield,Connecticut,09001,15933,183
2020-10-27,Fairfield,Connecticut,09001,15960,183
2020-10-28,Fairfield,Connecticut,09001,16083,184
2020-10-29,Fairfield,Connecticut,09001,16209,184
2020-10-30,Fairfield,Connecticut,09001,16301,185
2020-10-31,Fairfield,Connecticut,09001,16427,187
2020-11-01,Fairfield,Connecticut,09001,16514,188
2020-11-02,Fairfield,Connecticut,09001,16627,190
2020-11-03,Fairfield,Connecticut,09001,16662,190
2020-11-04,Fairfield,Connecticut,09001,16808,194
2020-11-05,Fairfield,Connecticut,09001,16850,194
2020-11-06,Fairfield,Connecticut,09001,16947,195
2020-11-07,Fairfield,Connecticut,09001,17184,196
2020-11-08,Fairfield,Connecticut,09001,17269,196
2020-11-09,Fairfield,Connecticut,09001,17362,197
2020-11-10,Fairfield,Connecticut,09001,17611,198
2020-11-11,Fairfield,Connecticut,09001,17889,202
2020-11-12,Fairfield,Connecticut,09001,18027,204
2020-11-13,Fairfield,Connecticut,09001,18179,208
2020-11-14,Fairfield,Connecticut,09001,18235,208
2020-11-15,Fairfield,Connecticut,09001,18505,212
2020-11-16,Fairfield,Connecticut,09001,18738,217
2020-11-17,Fairfield,Connecticut,09001,18895,220
2020-11-18,Fairfield,Connecticut,09001,19108,223
2020-11-19,Fairfield,Connecticut,09001,19387,226
2020-11-20,Fairfield,Connecticut,09001,19565,227
2020-11-21,Fairfield,Connecticut,09001,19644,229
2020-11-22,Fairfield,Connecticut,09001,19754,230
2020-11-23,Fairfield,Connecticut,09001,19878,233
2020-11-24,Fairfield,Connecticut,09001,20151,238
2020-11-25,Fairfield,Connecticut,09001,20256,239
2020-11-26,Fairfield,Connecticut,09001,20341,240
2020-11-27,Fairfield,Connecticut,09001,20414,240
2020-11-28,Fairfield,Connecticut,09001,20557,243
2020-11-29,Fairfield,Connecticut,09001,20704,244
2020-11-30,Fairfield,Connecticut,09001,20818,245
2020-12-01,Fairfield,Connecticut,09001,21031,248
2020-12-02,Fairfield,Connecticut,09001,21103,249
2020-12-03,Fairfield,Connecticut,09001,21384,255
2020-12-04,Fairfield,Connecticut,09001,21484,256
2020-12-05,Fairfield,Connecticut,09001,21689,261
2020-12-06,Fairfield,Connecticut,09001,21882,263
2020-12-07,Fairfield,Connecticut,09001,21973,265
2020-12-08,Fairfield,Connecticut,09001,22127,265
2020-12-09,Fairfield,Connecticut,09001,22320,266
2020-12-10,Fairfield,Connecticut,09001,22404,266
2020-12-11,Fairfield,Connecticut,09001,22584,267
2020-12-12,Fairfield,Connecticut,09001,22785,269
2020-12-13,Fairfield,Connecticut,09001,22917,270
2020-12-14,Fairfield,Connecticut,09001,23170,272
2020-12-15,Fairfield,Connecticut,09001,23228,272
2020-12-16,Fairfield,Connecticut,09001,23503,275
2020-12-17,Fairfield,Connecticut,09001,23583,277
2020-12-18,Fairfield,Connecticut,09001,23679,279
2020-12-19,Fairfield,Connecticut,09001,23805,282
2020-12-20,Fairfield,Connecticut,09001,23972,285
2020-12-21,Fairfield,Connecticut,09001,24187,290
2020-12-22,Fairfield,Connecticut,09001,24368,293
2020-12-23,Fairfield,Connecticut,09001,24627,295
2020-12-24,Fairfield,Connecticut,09001,24897,298
2020-12-25,Fairfield,Connecticut,09001,25031,301
2020-12-26,Fairfield,Connecticut,09001,25306,306
2020-12-27,Fairfield,Connecticut,09001,25497,311
2020-12-28,Fairfield,Connecticut,09001,25661,312
2020-12-29,Fairfield,Connecticut,09001,25719,313
2020-12-30,Fairfield,Connecticut,09001,25810,313
2020-12-31,Fairfield,Connecticut,09001,25952,316
2021-01-01,Fairfield,Connecticut,09001,26020,317
2021-01-02,Fairfield,Connecticut,09001,26297,323
2021-01-03,Fairfield,Connecticut,09001,26409,325
2021-01-04,Fairfield,Connecticut,09001,26625,327
2021-01-05,Fairfield,Connecticut,09001,26904,333
2021-01-06,Fairfield,Connecticut,09001,27074,335
2021-01-07,Fairfield,Connecticut,09001,27227,339
2021-01-08,Fairfield,Connecticut,09001,27483,345
2021-01-09,Fairfield,Connecticut,09001,27608,348
2021-01-10,Fairfield,Connecticut,09001,27879,352
2021-01-11,Fairfield,Connecticut,09001,28006,352
2021-01-12,Fairfield,Connecticut,09001,28080,353
2021-01-13,Fairfield,Connecticut,09001,28350,355
2021-01-14,Fairfield,Connecticut,09001,28419,356
2021-01-15,Fairfield,Connecticut,09001,28601,359
2021-01-16,Fairfield,Connecticut,09001,28855,366
2021-01-17,Fairfield,Connecticut,09001,29007,368
2021-01-18,Fairfield,Connecticut,09001,29229,371
2021-01-19,Fairfield,Connecticut,09001,29402,376
2021-01-20,Fairfield,Connecticut,09001,29659,381
2021-01-21,Fairfield,Connecticut,09001,29807,384
2021-01-22,Fairfield,Connecticut,09001,30069,390
2021-01-23,Fairfield,Connecticut,09001,30287,394
2021-01-24,Fairfield,Connecticut,09001,30513,396
2021-01-25,Fairfield,Connecticut,09001,30736,402
2021-01-26,Fairfield,Connecticut,09001,30979,408
2021-01-27,Fairfield,Connecticut,09001,31155,411
2021-01-28,Fairfield,Connecticut,09001,31349,416
2021-01-29,Fairfield,Connecticut,09001,31558,421
2021-01-30,Fairfield,Connecticut,09001,31733,422
2021-01-31,Fairfield,Connecticut,09001,31806,423
2021-02-01,Fairfield,Connecticut,09001,31978,427
2021-02-02,Fairfield,Connecticut,09001,32130,429
2021-02-03,Fairfield,Connecticut,09001,32271,430
2021-02-04,Fairfield,Connecticut,09001,32534,432
2021-02-05,Fairfield,Connecticut,09001,32712,436
2021-02-06,Fairfield,Connecticut,09001,32795,437
2021-02-07,Fairfield,Connecticut,09001,32918,438
2021-02-08,Fairfield,Connecticut,09001,33141,442
2021-02-09,Fairfield,Connecticut,09001,33246,443
2021-02-10,Fairfield,Connecticut,09001,33513,448
2021-02-11,Fairfield,Connecticut,09001,33756,449
2021-02-12,Fairfield,Connecticut,09001,33917,452
2021-02-13,Fairfield,Connecticut,09001,34084,454
2021-02-14,Fairfield,Connecticut,09001,34160,455
2021-02-15,Fairfield,Connecticut,09001,34212,455
2021-02-16,Fairfield,Connecticut,09001,34314,455
2021-02-17,Fairfield,Connecticut,09001,34366,455
2021-02-18,Fairfield,Connecticut,09001,34431,455
2021-02-19,Fairfield,Connecticut,09001,34498,455
2021-02-20,Fairfield,Connecticut,09001,34528,455
2021-02-21,Fairfield,Connecticut,09001,34561,455
2021-02-22,Fairfield,Connecticut,09001,34601,455
2021-02-23,Fairfield,Connecticut,09001,34648,455
2021-02-24,Fairfield,Connecticut,09001,34684,455
2021-02-25,Fairfield,Connecticut,09001,34713,455
2021-02-26,Fairfield,Connecticut,09001,34811,455
2021-02-27,Fairfield,Connecticut,09001,34863,455
2021-02-28,Fairfield,Connecticut,09001,34915,456
2021-03-01,Fairfield,Connecticut,09001,34952,456
2021-03-02,Fairfield,Connecticut,09001,34974,456
2021-03-03,Fairfield,Connecticut,09001,35063,458
2021-03-04,Fairfield,Connecticut,09001,35096,458
2021-03-05,Fairfield,Connecticut,09001,35160,459
2021-03-06,Fairfield,Connecticut,09001,35203,459
2021-03-07,Fairfield,Connecticut,09001,35273,460
2021-03-08,Fairfield,Connecticut,09001,35359,461
2021-03-09,Fairfield,Connecticut,09001,35449,463
2021-03-10,Fairfield,Connecticut,09001,35515,464
2021-03-11,Fairfield,Connecticut,09001,35613,465
2021-03-12,Fairfield,Connecticut,09001,35642,465
2021-03-13,Fairfield,Connecticut,09001,35662,465
2021-03-14,Fairfield,Connecticut,09001,35728,466
2021-03-15,Fairfield,Connecticut,09001,35769,466
2021-03-16,Fairfield,Connecticut,09001,35820,467
2021-03-17,Fairfield,Connecticut,09001,35908,468
2021-03-18,Fairfield,Connecticut,09001,35954,468
2021-03-19,Fairfield,Connecticut,09001,36044,469
2021-03-20,Fairfield,Connecticut,09001,36077,469
2021-03-21,Fairfield,Connecticut,09001,36119,470
2021-03-22,Fairfield,Connecticut,09001,36219,472
2021-03-23,Fairfield,Connecticut,09001,36261,473
2021-03-24,Fairfield,Connecticut,09001,36298,473
2021-03-25,Fairfield,Connecticut,09001,36393,475
2021-03-26,Fairfield,Connecticut,09001,36459,475
2021-03-27,Fairfield,Connecticut,09001,36571,477
2021-03-28,Fairfield,Connecticut,09001,36649,477
2021-03-29,Fairfield,Connecticut,09001,36680,477
2021-03-30,Fairfield,Connecticut,09001,36792,480
2021-03-31,Fairfield,Connecticut,09001,36851,481
2021-04-01,Fairfield,Connecticut,09001,36878,481
2021-04-02,Fairfield,Connecticut,09001,36935,481
2021-04-03,Fairfield,Connecticut,09001,37013,481
2021-04-04,Fairfield,Connecticut,09001,37063,481
2021-04-05,Fairfield,Connecticut,09001,37129,482
2021-04-06,Fairfield,Connecticut,09001,37176,482
2021-04-07,Fairfield,Connecticut,09001,37221,482
2021-04-08,Fairfield,Connecticut,09001,37279,482
2021-04-09,Fairfield,Connecticut,09001,37302,482
2021-04-10,Fairfield,Connecticut,09001,37325,482
2021-04-11,Fairfield,Connecticut,09001,37363,482
2021-04-12,Fairfield,Connecticut,09001,37467,482
2021-04-13,Fairfield,Connecticut,09001,37503,483
2021-04-14,Fairfield,Connecticut,09001,37556,483
2021-04-15,Fairfield,Connecticut,09001,37584,483
2021-04-16,Fairfield,Connecticut,09001,37654,484
2021-04-17,Fairfield,Connecticut,09001,37704,485
2021-04-18,Fairfield,Connecticut,09001,37756,486
2021-04-19,Fairfield,Connecticut,09001,37824,486
2021-04-20,Fairfield,Connecticut,09001,37904,486
2021-04-21,Fairfield,Connecticut,09001,37959,487
2021-04-22,Fairfield,Connecticut,09001,37990,487
2021-04-23,Fairfield,Connecticut,09001,38020,487
2021-04-24,Fairfield,Connecticut,09001,38124,489
2021-04-25,Fairfield,Connecticut,09001,38160,489
2021-04-26,Fairfield,Connecticut,09001,38266,489
2021-04-27,Fairfield,Connecticut,09001,38336,489
2021-04-28,Fairfield,Connecticut,09001,38423,491
2021-04-29,Fairfield,Connecticut,09001,38460,491
2021-04-30,Fairfield,Connecticut,09001,38482,491
2021-05-01,Fairfield,Connecticut,09001,38552,491
2021-05-02,Fairfield,Connecticut,09001,38653,493
2021-05-03,Fairfield,Connecticut,09001,38757,496
2021-05-04,Fairfield,Connecticut,09001,38860,497
2021-05-05,Fairfield,Connecticut,09001,38946,499
2021-05-06,Fairfield,Connecticut,09001,38971,499
2021-05-07,Fairfield,Connecticut,09001,39077,500
2021-05-08,Fairfield,Connecticut,09001,39097,500
2021-05-09,Fairfield,Connecticut,09001,39181,500
2021-05-10,Fairfield,Connecticut,09001,39204,500
2021-05-11,Fairfield,Connecticut,09001,39297,502
2021-05-12,Fairfield,Connecticut,09001,39385,503
2021-05-13,Fairfield,Connecticut,09001,39468,505
2021-05-14,Fairfield,Connecticut,09001,39578,506
2021-05-15,Fairfield,Connecticut,09001,39667,507
2021-05-16,Fairfield,Connecticut,09001,39759,508
2021-05-17,Fairfield,Connecticut,09001,39803,508
2021-05-18,Fairfield,Connecticut,09001,39836,508
2021-05-19,Fairfield,Connecticut,09001,39920,510
2021-05-20,Fairfield,Connecticut,09001,40013,511
2021-05-21,Fairfield,Connecticut,09001,40098,512
2021-05-22,Fairfield,Connecticut,09001,40145,512
2021-05-23,Fairfield,Connecticut,09001,40230,513
2021-05-24,Fairfield,Connecticut,09001,40265,513
2021-05-25,Fairfield,Connecticut,09001,40306,513
2021-05-26,Fairfield,Connecticut,09001,40338,513
2021-05-27,Fairfield,Connecticut,09001,40444,514
2021-05-28,Fairfield,Connecticut,09001,40537,515
2021-05-29,Fairfield,Connecticut,09001,40579,516
2021-05-30,Fairfield,Connecticut,09001,40648,516
2021-05-31,Fairfield,Connecticut,09001,40699,517
2021-06-01,Fairfield,Connecticut,09001,40752,517
2021-06-02,Fairfield,Connecticut,09001,40837,518
2021-06-03,Fairfield,Connecticut,09001,40923,519
2021-06-04,Fairfield,Connecticut,09001,40999,519
2021-06-05,Fairfield,Connecticut,09001,41023,519
2021-06-06,Fairfield,Connecticut,09001,41119,520
2021-06-07,Fairfield,Connecticut,09001,41228,521
2021-06-08,Fairfield,Connecticut,09001,41338,523
2021-06-09,Fairfield,Connecticut,09001,41449,525
2021-06-10,Fairfield,Connecticut,09001,41541,525
2021-06-11,Fairfield,Connecticut,09001,41630,526
2021-06-12,Fairfield,Connecticut,09001,41710,528
2021-06-13,Fairfield,Connecticut,09001,41788,529
2021-06-14,Fairfield,Connecticut,09001,41883,529
2021-06-15,Fairfield,Connecticut,09001,41927,529
2021-06-16,Fairfield,Connecticut,09001,42022,531
2021-06-17,Fairfield,Connecticut,09001,42055,531
2021-06-18,Fairfield,Connecticut,09001,42142,532
2021-06-19,Fairfield,Connecticut,09001,42245,532
2021-06-20,Fairfield,Connecticut,09001,42280,532
2021-06-21,Fairfield,Connecticut,09001,42380,532
2021-06-22,Fairfield,Connecticut,09001,42445,533
2021-06-23,Fairfield,Connecticut,09001,42524,533
2021-06-24,Fairfield,Connecticut,09001,42558,533
2021-06-25,Fairfield,Connecticut,09001,42614,534
2021-06-26,Fairfield,Connecticut,09001,42639,534
2021-06-27,Fairfield,Connecticut,09001,42681,535
2021-06-28,Fairfield,Connecticut,09001,42791,535
2021-06-29,Fairfield,Connecticut,09001,42859,536
2021-06-30,Fairfield,Connecticut,09001,42954,537
2020-03-01,Miami-Dade,Florida,12086,10,0
2020-03-02,Miami-Dade,Florida,12086,32,0
2020-03-03,Miami-Dade,Florida,12086,49,0
2020-03-04,Miami-Dade,Florida,12086,55,0
2020-03-05,Miami-Dade,Florida,12086,58,0
2020-03-06,Miami-Dade,Florida,12086,58,0
2020-03-07,Miami-Dade,Florida,12086,84,0
2020-03-08,Miami-Dade,Florida,12086,104,0
2020-03-09,Miami-Dade,Florida,12086,123,0
2020-03-10,Miami-Dade,Florida,12086,136,0
2020-03-11,Miami-Dade,Florida,12086,148,0
2020-03-12,Miami-Dade,Florida,12086,157,0
2020-03-13,Miami-Dade,Florida,12086,158,0
2020-03-14,Miami-Dade,Florida,12086,175,0
2020-03-15,Miami-Dade,Florida,12086,197,0
2020-03-16,Miami-Dade,Florida,12086,205,0
2020-03-17,Miami-Dade,Florida,12086,227,0
2020-03-18,Miami-Dade,Florida,12086,251,0
2020-03-19,Miami-Dade,Florida,12086,262,0
2020-03-20,Miami-Dade,Florida,12086,279,0
2020-03-21,Miami-Dade,Florida,12086,302,0
2020-03-22,Miami-Dade,Florida,12086,326,0
2020-03-23,Miami-Dade,Florida,12086,329,0
2020-03-24,Miami-Dade,Florida,12086,331,0
2020-03-25,Miami-Dade,Florida,12086,356,0
2020-03-26,Miami-Dade,Florida,12086,372,0
2020-03-27,Miami-Dade,Florida,12086,397,0
2020-03-28,Miami-Dade,Florida,12086,421,0
2020-03-29,Miami-Dade,Florida,12086,425,0
2020-03-30,Miami-Dade,Florida,12086,441,0
2020-03-31,Miami-Dade,Florida,12086,504,1
2020-04-01,Miami-Dade,Florida,12086,604,3
2020-04-02,Miami-Dade,Florida,12086,716,3
2020-04-03,Miami-Dade,Florida,12086,967,8
2020-04-04,Miami-Dade,Florida,12086,1222,14
2020-04-05,Miami-Dade,Florida,12086,1423,15
2020-04-06,Miami-Dade,Florida,12086,1450,15
2020-04-07,Miami-Dade,Florida,12086,1513,16
2020-04-08,Miami-Dade,Florida,12086,1618,17
2020-04-09,Miami-Dade,Florida,12086,1821,22
2020-04-10,Miami-Dade,Florida,12086,1965,22
2020-04-11,Miami-Dade,Florida,12086,2133,26
2020-04-12,Miami-Dade,Florida,12086,2228,26
2020-04-13,Miami-Dade,Florida,12086,2498,28
2020-04-14,Miami-Dade,Florida,12086,2619,29
2020-04-15,Miami-Dade,Florida,12086,2749,31
2020-04-16,Miami-Dade,Florida,12086,2877,34
2020-04-17,Miami-Dade,Florida,12086,2985,36
2020-04-18,Miami-Dade,Florida,12086,3172,38
2020-04-19,Miami-Dade,Florida,12086,3301,40
2020-04-20,Miami-Dade,Florida,12086,3458,42
2020-04-21,Miami-Dade,Florida,12086,3686,45
2020-04-22,Miami-Dade,Florida,12086,3855,47
2020-04-23,Miami-Dade,Florida,12086,4023,50
2020-04-24,Miami-Dade,Florida,12086,4233,54
2020-04-25,Miami-Dade,Florida,12086,4317,54
2020-04-26,Miami-Dade,Florida,12086,4587,55
2020-04-27,Miami-Dade,Florida,12086,4750,59
2020-04-28,Miami-Dade,Florida,12086,5002,60
2020-04-29,Miami-Dade,Florida,12086,5114,62
2020-04-30,Miami-Dade,Florida,12086,5353,68
2020-05-01,Miami-Dade,Florida,12086,5452,68
2020-05-02,Miami-Dade,Florida,12086,5687,74
2020-05-03,Miami-Dade,Florida,12086,5937,76
2020-05-04,Miami-Dade,Florida,12086,6166,77
2020-05-05,Miami-Dade,Florida,12086,6226,78
2020-05-06,Miami-Dade,Florida,12086,6425,80
2020-05-07,Miami-Dade,Florida,12086,6458,80
2020-05-08,Miami-Dade,Florida,12086,6576,82
2020-05-09,Miami-Dade,Florida,12086,6765,83
2020-05-10,Miami-Dade,Florida,12086,6996,89
2020-05-11,Miami-Dade,Florida,12086,7030,89
2020-05-12,Miami-Dade,Florida,12086,7076,89
2020-05-13,Miami-Dade,Florida,12086,7242,93
2020-05-14,Miami-Dade,Florida,12086,7305,93
2020-05-15,Miami-Dade,Florida,12086,7513,97
2020-05-16,Miami-Dade,Florida,12086,7710,99
2020-05-17,Miami-Dade,Florida,12086,7837,100
2020-05-18,Miami-Dade,Florida,12086,8055,104
2020-05-19,Miami-Dade,Florida,12086,8152,104
2020-05-20,Miami-Dade,Florida,12086,8394,105
2020-05-21,Miami-Dade,Florida,12086,8604,108
2020-05-22,Miami-Dade,Florida,12086,8633,108
2020-05-23,Miami-Dade,Florida,12086,8826,113
2020-05-24,Miami-Dade,Florida,12086,8988,117
2020-05-25,Miami-Dade,Florida,12086,9239,121
2020-05-26,Miami-Dade,Florida,12086,9439,124
2020-05-27,Miami-Dade,Florida,12086,9504,125
2020-05-28,Miami-Dade,Florida,12086,9658,129
2020-05-29,Miami-Dade,Florida,12086,9715,129
2020-05-30,Miami-Dade,Florida,12086,9893,130
2020-05-31,Miami-Dade,Florida,12086,9965,131
2020-06-01,Miami-Dade,Florida,12086,10128,135
2020-06-02,Miami-Dade,Florida,12086,10354,138
2020-06-03,Miami-Dade,Florida,12086,10457,140
2020-06-04,Miami-Dade,Florida,12086,10686,142
2020-06-05,Miami-Dade,Florida,12086,10909,146
2020-06-06,Miami-Dade,Florida,12086,10983,146
2020-06-07,Miami-Dade,Florida,12086,11029,146
2020-06-08,Miami-Dade,Florida,12086,11263,147
2020-06-09,Miami-Dade,Florida,12086,11359,148
2020-06-10,Miami-Dade,Florida,12086,11402,148
2020-06-11,Miami-Dade,Florida,12086,11614,150
2020-06-12,Miami-Dade,Florida,12086,11776,153
2020-06-13,Miami-Dade,Florida,12086,11811,153
2020-06-14,Miami-Dade,Florida,12086,12076,158
2020-06-15,Miami-Dade,Florida,12086,12241,162
2020-06-16,Miami-Dade,Florida,12086,12279,162
2020-06-17,Miami-Dade,Florida,12086,12536,163
2020-06-18,Miami-Dade,Florida,12086,12650,164
2020-06-19,Miami-Dade,Florida,12086,12774,165
2020-06-20,Miami-Dade,Florida,12086,12985,169
2020-06-21,Miami-Dade,Florida,12086,13250,174
2020-06-22,Miami-Dade,Florida,12086,13300,174
2020-06-23,Miami-Dade,Florida,12086,13508,175
2020-06-24,Miami-Dade,Florida,12086,13732,176
2020-06-25,Miami-Dade,Florida,12086,13902,178
2020-06-26,Miami-Dade,Florida,12086,14072,182
2020-06-27,Miami-Dade,Florida,12086,14170,182
2020-06-28,Miami-Dade,Florida,12086,14310,185
2020-06-29,Miami-Dade,Florida,12086,14399,187
2020-06-30,Miami-Dade,Florida,12086,14789,196
2020-07-01,Miami-Dade,Florida,12086,15092,203
2020-07-02,Miami-Dade,Florida,12086,15207,206
2020-07-03,Miami-Dade,Florida,12086,15457,211
2020-07-04,Miami-Dade,Florida,12086,15759,219
2020-07-05,Miami-Dade,Florida,12086,15943,223
2020-07-06,Miami-Dade,Florida,12086,16126,225
2020-07-07,Miami-Dade,Florida,12086,16505,230
2020-07-08,Miami-Dade,Florida,12086,16898,239
2020-07-09,Miami-Dade,Florida,12086,17099,241
2020-07-10,Miami-Dade,Florida,12086,17385,242
2020-07-11,Miami-Dade,Florida,12086,17497,244
2020-07-12,Miami-Dade,Florida,12086,17740,250
2020-07-13,Miami-Dade,Florida,12086,17848,252
2020-07-14,Miami-Dade,Florida,12086,18110,259
2020-07-15,Miami-Dade,Florida,12086,18461,261
2020-07-16,Miami-Dade,Florida,12086,18551,262
2020-07-17,Miami-Dade,Florida,12086,18960,265
2020-07-18,Miami-Dade,Florida,12086,19120,267
2020-07-19,Miami-Dade,Florida,12086,19208,267
2020-07-20,Miami-Dade,Florida,12086,19555,270
2020-07-21,Miami-Dade,Florida,12086,19789,272
2020-07-22,Miami-Dade,Florida,12086,20176,280
2020-07-23,Miami-Dade,Florida,12086,20283,280
2020-07-24,Miami-Dade,Florida,12086,20553,281
2020-07-25,Miami-Dade,Florida,12086,20934,286
2020-07-26,Miami-Dade,Florida,12086,21314,296
2020-07-27,Miami-Dade,Florida,12086,21417,297
2020-07-28,Miami-Dade,Florida,12086,21792,307
2020-07-29,Miami-Dade,Florida,12086,21988,311
2020-07-30,Miami-Dade,Florida,12086,22234,313
2020-07-31,Miami-Dade,Florida,12086,22621,321
2020-08-01,Miami-Dade,Florida,12086,22911,327
2020-08-02,Miami-Dade,Florida,12086,23247,330
2020-08-03,Miami-Dade,Florida,12086,23613,331
2020-08-04,Miami-Dade,Florida,12086,23991,335
2020-08-05,Miami-Dade,Florida,12086,24105,336
2020-08-06,Miami-Dade,Florida,12086,24187,337
2020-08-07,Miami-Dade,Florida,12086,24417,338
2020-08-08,Miami-Dade,Florida,12086,24648,342
2020-08-09,Miami-Dade,Florida,12086,25044,348
2020-08-10,Miami-Dade,Florida,12086,25130,350
2020-08-11,Miami-Dade,Florida,12086,25533,361
2020-08-12,Miami-Dade,Florida,12086,25879,364
2020-08-13,Miami-Dade,Florida,12086,26058,366
2020-08-14,Miami-Dade,Florida,12086,26491,373
2020-08-15,Miami-Dade,Florida,12086,26812,378
2020-08-16,Miami-Dade,Florida,12086,26972,378
2020-08-17,Miami-Dade,Florida,12086,27085,379
2020-08-18,Miami-Dade,Florida,12086,27382,382
2020-08-19,Miami-Dade,Florida,12086,27448,383
2020-08-20,Miami-Dade,Florida,12086,27646,388
2020-08-21,Miami-Dade,Florida,12086,27837,391
2020-08-22,Miami-Dade,Florida,12086,28071,392
2020-08-23,Miami-Dade,Florida,12086,28455,403
2020-08-24,Miami-Dade,Florida,12086,28769,406
2020-08-25,Miami-Dade,Florida,12086,29065,408
2020-08-26,Miami-Dade,Florida,12086,29145,409
2020-08-27,Miami-Dade,Florida,12086,29312,412
2020-08-28,Miami-Dade,Florida,12086,29697,418
2020-08-29,Miami-Dade,Florida,12086,30006,421
2020-08-30,Miami-Dade,Florida,12086,30376,423
2020-08-31,Miami-Dade,Florida,12086,30773,428
2020-09-01,Miami-Dade,Florida,12086,31113,431
2020-09-02,Miami-Dade,Florida,12086,31300,433
2020-09-03,Miami-Dade,Florida,12086,31535,438
2020-09-04,Miami-Dade,Florida,12086,31650,440
2020-09-05,Miami-Dade,Florida,12086,31839,444
2020-09-06,Miami-Dade,Florida,12086,32041,445
2020-09-07,Miami-Dade,Florida,12086,32393,452
2020-09-08,Miami-Dade,Florida,12086,32476,453
2020-09-09,Miami-Dade,Florida,12086,32764,456
2020-09-10,Miami-Dade,Florida,12086,33193,468
2020-09-11,Miami-Dade,Florida,12086,33529,475
2020-09-12,Miami-Dade,Florida,12086,33703,476
2020-09-13,Miami-Dade,Florida,12086,33931,477
2020-09-14,Miami-Dade,Florida,12086,34314,480
2020-09-15,Miami-Dade,Florida,12086,34737,486
2020-09-16,Miami-Dade,Florida,12086,34989,487
2020-09-17,Miami-Dade,Florida,12086,35214,492
2020-09-18,Miami-Dade,Florida,12086,35316,493
2020-09-19,Miami-Dade,Florida,12086,35739,496
2020-09-20,Miami-Dade,Florida,12086,35876,500
2020-09-21,Miami-Dade,Florida,12086,36090,503
2020-09-22,Miami-Dade,Florida,12086,36207,504
2020-09-23,Miami-Dade,Florida,12086,36393,509
2020-09-24,Miami-Dade,Florida,12086,36816,517
2020-09-25,Miami-Dade,Florida,12086,36875,518
2020-09-26,Miami-Dade,Florida,12086,36935,519
2020-09-27,Miami-Dade,Florida,12086,37180,525
2020-09-28,Miami-Dade,Florida,12086,37500,531
2020-09-29,Miami-Dade,Florida,12086,37727,534
2020-09-30,Miami-Dade,Florida,12086,37915,537
2020-10-01,Miami-Dade,Florida,12086,38168,543
2020-10-02,Miami-Dade,Florida,12086,38265,543
2020-10-03,Miami-Dade,Florida,12086,38482,545
2020-10-04,Miami-Dade,Florida,12086,38762,550
2020-10-05,Miami-Dade,Florida,12086,38961,555
2020-10-06,Miami-Dade,Florida,12086,39277,560
2020-10-07,Miami-Dade,Florida,12086,39439,563
2020-10-08,Miami-Dade,Florida,12086,39845,573
2020-10-09,Miami-Dade,Florida,12086,40277,583
2020-10-10,Miami-Dade,Florida,12086,40370,584
2020-10-11,Miami-Dade,Florida,12086,40658,588
2020-10-12,Miami-Dade,Florida,12086,40901,593
2020-10-13,Miami-Dade,Florida,12086,41308,596
2020-10-14,Miami-Dade,Florida,12086,41531,600
2020-10-15,Miami-Dade,Florida,12086,41597,600
2020-10-16,Miami-Dade,Florida,12086,41811,602
2020-10-17,Miami-Dade,Florida,12086,42038,605
2020-10-18,Miami-Dade,Florida,12086,42166,607
2020-10-19,Miami-Dade,Florida,12086,42267,609
2020-10-20,Miami-Dade,Florida,12086,42669,615
2020-10-21,Miami-Dade,Florida,12086,43035,623
2020-10-22,Miami-Dade,Florida,12086,43371,624
2020-10-23,Miami-Dade,Florida,12086,43567,626
2020-10-24,Miami-Dade,Florida,12086,43729,630
2020-10-25,Miami-Dade,Florida,12086,43883,633
2020-10-26,Miami-Dade,Florida,12086,44239,638
2020-10-27,Miami-Dade,Florida,12086,44385,642
2020-10-28,Miami-Dade,Florida,12086,44597,643
2020-10-29,Miami-Dade,Florida,12086,44709,644
2020-10-30,Miami-Dade,Florida,12086,45073,653
2020-10-31,Miami-Dade,Florida,12086,45355,656
2020-11-01,Miami-Dade,Florida,12086,45774,668
2020-11-02,Miami-Dade,Florida,12086,45920,672
2020-11-03,Miami-Dade,Florida,12086,46047,674
2020-11-04,Miami-Dade,Florida,12086,46416,683
2020-11-05,Miami-Dade,Florida,12086,46690,685
2020-11-06,Miami-Dade,Florida,12086,47267,701
2020-11-07,Miami-Dade,Florida,12086,47543,708
2020-11-08,Miami-Dade,Florida,12086,48043,715
2020-11-09,Miami-Dade,Florida,12086,48270,720
2020-11-10,Miami-Dade,Florida,12086,48761,730
2020-11-11,Miami-Dade,Florida,12086,49435,747
2020-11-12,Miami-Dade,Florida,12086,50007,753
2020-11-13,Miami-Dade,Florida,12086,50530,768
2020-11-14,Miami-Dade,Florida,12086,50825,770
2020-11-15,Miami-Dade,Florida,12086,51273,779
2020-11-16,Miami-Dade,Florida,12086,51822,782
2020-11-17,Miami-Dade,Florida,12086,52446,799
2020-11-18,Miami-Dade,Florida,12086,52660,802
2020-11-19,Miami-Dade,Florida,12086,53307,807
2020-11-20,Miami-Dade,Florida,12086,53765,816
2020-11-21,Miami-Dade,Florida,12086,54161,820
2020-11-22,Miami-Dade,Florida,12086,54909,829
2020-11-23,Miami-Dade,Florida,12086,55421,834
2020-11-24,Miami-Dade,Florida,12086,56092,850
2020-11-25,Miami-Dade,Florida,12086,56757,864
2020-11-26,Miami-Dade,Florida,12086,57099,873
2020-11-27,Miami-Dade,Florida,12086,57671,884
2020-11-28,Miami-Dade,Florida,12086,58211,888
2020-11-29,Miami-Dade,Florida,12086,58673,897
2020-11-30,Miami-Dade,Florida,12086,58905,899
2020-12-01,Miami-Dade,Florida,12086,59651,904
2020-12-02,Miami-Dade,Florida,12086,60136,910
2020-12-03,Miami-Dade,Florida,12086,60845,920
2020-12-04,Miami-Dade,Florida,12086,61328,922
2020-12-05,Miami-Dade,Florida,12086,61538,928
2020-12-06,Miami-Dade,Florida,12086,61750,932
2020-12-07,Miami-Dade,Florida,12086,62157,937
2020-12-08,Miami-Dade,Florida,12086,62912,956
2020-12-09,Miami-Dade,Florida,12086,63192,957
2020-12-10,Miami-Dade,Florida,12086,63471,962
2020-12-11,Miami-Dade,Florida,12086,64029,965
2020-12-12,Miami-Dade,Florida,12086,64828,988
2020-12-13,Miami-Dade,Florida,12086,65306,997
2020-12-14,Miami-Dade,Florida,12086,65825,1001
2020-12-15,Miami-Dade,Florida,12086,66471,1019
2020-12-16,Miami-Dade,Florida,12086,66759,1020
2020-12-17,Miami-Dade,Florida,12086,66937,1023
2020-12-18,Miami-Dade,Florida,12086,67199,1029
2020-12-19,Miami-Dade,Florida,12086,67436,1031
2020-12-20,Miami-Dade,Florida,12086,67812,1034
2020-12-21,Miami-Dade,Florida,12086,68449,1052
2020-12-22,Miami-Dade,Florida,12086,68786,1057
2020-12-23,Miami-Dade,Florida,12086,69570,1067
2020-12-24,Miami-Dade,Florida,12086,70092,1073
2020-12-25,Miami-Dade,Florida,12086,70740,1084
2020-12-26,Miami-Dade,Florida,12086,71237,1091
2020-12-27,Miami-Dade,Florida,12086,71525,1093
2020-12-28,Miami-Dade,Florida,12086,72136,1109
2020-12-29,Miami-Dade,Florida,12086,72482,1114
2020-12-30,Miami-Dade,Florida,12086,73025,1127
2020-12-31,Miami-Dade,Florida,12086,73391,1136
2021-01-01,Miami-Dade,Florida,12086,74175,1149
2021-01-02,Miami-Dade,Florida,12086,74913,1160
2021-01-03,Miami-Dade,Florida,12086,75563,1176
2021-01-04,Miami-Dade,Florida,12086,76132,1187
2021-01-05,Miami-Dade,Florida,12086,76574,1195
2021-01-06,Miami-Dade,Florida,12086,76980,1203
2021-01-07,Miami-Dade,Florida,12086,77184,1204
2021-01-08,Miami-Dade,Florida,12086,77369,1207
2021-01-09,Miami-Dade,Florida,12086,77914,1213
2021-01-10,Miami-Dade,Florida,12086,78616,1227
2021-01-11,Miami-Dade,Florida,12086,79408,1237
2021-01-12,Miami-Dade,Florida,12086,79590,1238
2021-01-13,Miami-Dade,Florida,12086,79963,1247
2021-01-14,Miami-Dade,Florida,12086,80359,1249
2021-01-15,Miami-Dade,Florida,12086,80950,1257
2021-01-16,Miami-Dade,Florida,12086,81621,1262
2021-01-17,Miami-Dade,Florida,12086,81991,1263
2021-01-18,Miami-Dade,Florida,12086,82368,1269
2021-01-19,Miami-Dade,Florida,12086,83049,1287
2021-01-20,Miami-Dade,Florida,12086,83578,1294
2021-01-21,Miami-Dade,Florida,12086,84133,1304
2021-01-22,Miami-Dade,Florida,12086,84363,1306
2021-01-23,Miami-Dade,Florida,12086,84922,1321
2021-01-24,Miami-Dade,Florida,12086,85645,1325
2021-01-25,Miami-Dade,Florida,12086,86390,1336
2021-01-26,Miami-Dade,Florida,12086,87046,1344
2021-01-27,Miami-Dade,Florida,12086,87417,1347
2021-01-28,Miami-Dade,Florida,12086,88103,1358
2021-01-29,Miami-Dade,Florida,12086,88911,1370
2021-01-30,Miami-Dade,Florida,12086,89154,1372
2021-01-31,Miami-Dade,Florida,12086,89530,1377
2021-02-01,Miami-Dade,Florida,12086,90068,1383
2021-02-02,Miami-Dade,Florida,12086,90650,1398
2021-02-03,Miami-Dade,Florida,12086,91457,1420
2021-02-04,Miami-Dade,Florida,12086,91805,1429
2021-02-05,Miami-Dade,Florida,12086,92230,1440
2021-02-06,Miami-Dade,Florida,12086,92991,1444
2021-02-07,Miami-Dade,Florida,12086,93574,1447
2021-02-08,Miami-Dade,Florida,12086,93799,1452
2021-02-09,Miami-Dade,Florida,12086,94433,1459
2021-02-10,Miami-Dade,Florida,12086,95087,1468
2021-02-11,Miami-Dade,Florida,12086,95612,1474
2021-02-12,Miami-Dade,Florida,12086,96174,1482
2021-02-13,Miami-Dade,Florida,12086,96791,1492
2021-02-14,Miami-Dade,Florida,12086,97075,1500
2021-02-15,Miami-Dade,Florida,12086,97162,1501
2021-02-16,Miami-Dade,Florida,12086,97384,1502
2021-02-17,Miami-Dade,Florida,12086,97451,1502
2021-02-18,Miami-Dade,Florida,12086,97533,1503
2021-02-19,Miami-Dade,Florida,12086,97774,1506
2021-02-20,Miami-Dade,Florida,12086,97874,1506
2021-02-21,Miami-Dade,Florida,12086,98173,1510
2021-02-22,Miami-Dade,Florida,12086,98472,1518
2021-02-23,Miami-Dade,Florida,12086,98780,1526
2021-02-24,Miami-Dade,Florida,12086,98904,1529
2021-02-25,Miami-Dade,Florida,12086,98988,1531
2021-02-26,Miami-Dade,Florida,12086,99062,1531
2021-02-27,Miami-Dade,Florida,12086,99282,1536
2021-02-28,Miami-Dade,Florida,12086,99409,1537
2021-03-01,Miami-Dade,Florida,12086,99500,1538
2021-03-02,Miami-Dade,Florida,12086,99588,1540
2021-03-03,Miami-Dade,Florida,12086,99846,1547
2021-03-04,Miami-Dade,Florida,12086,100162,1551
2021-03-05,Miami-Dade,Florida,12086,100337,1552
2021-03-06,Miami-Dade,Florida,12086,100534,1555
2021-03-07,Miami-Dade,Florida,12086,100768,1561
2021-03-08,Miami-Dade,Florida,12086,100909,1564
2021-03-09,Miami-Dade,Florida,12086,101024,1565
2021-03-10,Miami-Dade,Florida,12086,101158,1565
2021-03-11,Miami-Dade,Florida,12086,101364,1570
2021-03-12,Miami-Dade,Florida,12086,101597,1575
2021-03-13,Miami-Dade,Florida,12086,101707,1575
2021-03-14,Miami-Dade,Florida,12086,102025,1577
2021-03-15,Miami-Dade,Florida,12086,102082,1577
2021-03-16,Miami-Dade,Florida,12086,102358,1579
2021-03-17,Miami-Dade,Florida,12086,102440,1579
2021-03-18,Miami-Dade,Florida,12086,102654,1582
2021-03-19,Miami-Dade,Florida,12086,102941,1588
2021-03-20,Miami-Dade,Florida,12086,103080,1590
2021-03-21,Miami-Dade,Florida,12086,103176,1591
2021-03-22,Miami-Dade,Florida,12086,103478,1594
2021-03-23,Miami-Dade,Florida,12086,103631,1598
2021-03-24,Miami-Dade,Florida,12086,103921,1603
2021-03-25,Miami-Dade,Florida,12086,104187,1605
2021-03-26,Miami-Dade,Florida,12086,104316,1606
2021-03-27,Miami-Dade,Florida,12086,104453,1609
2021-03-28,Miami-Dade,Florida,12086,104683,1610
2021-03-29,Miami-Dade,Florida,12086,104975,1616
2021-03-30,Miami-Dade,Florida,12086,105094,1619
2021-03-31,Miami-Dade,Florida,12086,105199,1619
2021-04-01,Miami-Dade,Florida,12086,105433,1622
2021-04-02,Miami-Dade,Florida,12086,105559,1625
2021-04-03,Miami-Dade,Florida,12086,105636,1626
2021-04-04,Miami-Dade,Florida,12086,105731,1627
2021-04-05,Miami-Dade,Florida,12086,105923,1628
2021-04-06,Miami-Dade,Florida,12086,106051,1628
2021-04-07,Miami-Dade,Florida,12086,106281,1633
2021-04-08,Miami-Dade,Florida,12086,106450,1635
2021-04-09,Miami-Dade,Florida,12086,106613,1638
2021-04-10,Miami-Dade,Florida,12086,106811,1641
2021-04-11,Miami-Dade,Florida,12086,106983,1644
2021-04-12,Miami-Dade,Florida,12086,107212,1650
2021-04-13,Miami-Dade,Florida,12086,107325,1650
2021-04-14,Miami-Dade,Florida,12086,107389,1650
2021-04-15,Miami-Dade,Florida,12086,107461,1650
2021-04-16,Miami-Dade,Florida,12086,107576,1652
2021-04-17,Miami-Dade,Florida,12086,107824,1655
2021-04-18,Miami-Dade,Florida,12086,107905,1656
2021-04-19,Miami-Dade,Florida,12086,108198,1659
2021-04-20,Miami-Dade,Florida,12086,108308,1661
2021-04-21,Miami-Dade,Florida,12086,108456,1662
2021-04-22,Miami-Dade,Florida,12086,108672,1667
2021-04-23,Miami-Dade,Florida,12086,108751,1668
2021-04-24,Miami-Dade,Florida,12086,108995,1672
2021-04-25,Miami-Dade,Florida,12086,109132,1675
2021-04-26,Miami-Dade,Florida,12086,109251,1676
2021-04-27,Miami-Dade,Florida,12086,109324,1676
2021-04-28,Miami-Dade,Florida,12086,109622,1678
2021-04-29,Miami-Dade,Florida,12086,109679,1678
2021-04-30,Miami-Dade,Florida,12086,109824,1679
2021-05-01,Miami-Dade,Florida,12086,109950,1679
2021-05-02,Miami-Dade,Florida,12086,110188,1685
2021-05-03,Miami-Dade,Florida,12086,110403,1691
2021-05-04,Miami-Dade,Florida,12086,110615,1694
2021-05-05,Miami-Dade,Florida,12086,110736,1694
2021-05-06,Miami-Dade,Florida,12086,111012,1699
2021-05-07,Miami-Dade,Florida,12086,111335,1707
2021-05-08,Miami-Dade,Florida,12086,111532,1708
2021-05-09,Miami-Dade,Florida,12086,111626,1708
2021-05-10,Miami-Dade,Florida,12086,111763,1711
2021-05-11,Miami-Dade,Florida,12086,111940,1715
2021-05-12,Miami-Dade,Florida,12086,112263,1718
2021-05-13,Miami-Dade,Florida,12086,112449,1720
2021-05-14,Miami-Dade,Florida,12086,112507,1720
2021-05-15,Miami-Dade,Florida,12086,112754,1726
2021-05-16,Miami-Dade,Florida,12086,113018,1732
2021-05-17,Miami-Dade,Florida,12086,113317,1737
2021-05-18,Miami-Dade,Florida,12086,113401,1738
2021-05-19,Miami-Dade,Florida,12086,113653,1739
2021-05-20,Miami-Dade,Florida,12086,113973,1747
2021-05-21,Miami-Dade,Florida,12086,114206,1748
2021-05-22,Miami-Dade,Florida,12086,114395,1750
2021-05-23,Miami-Dade,Florida,12086,114650,1757
2021-05-24,Miami-Dade,Florida,12086,114801,1760
2021-05-25,Miami-Dade,Florida,12086,114908,1763
2021-05-26,Miami-Dade,Florida,12086,115135,1769
2021-05-27,Miami-Dade,Florida,12086,115427,1775
2021-05-28,Miami-Dade,Florida,12086,115725,1779
2021-05-29,Miami-Dade,Florida,12086,116039,1784
2021-05-30,Miami-Dade,Florida,12086,116165,1786
2021-05-31,Miami-Dade,Florida,12086,116460,1790
2021-06-01,Miami-Dade,Florida,12086,116627,1794
2021-06-02,Miami-Dade,Florida,12086,116765,1794
2021-06-03,Miami-Dade,Florida,12086,116960,1796
2021-06-04,Miami-Dade,Florida,12086,117180,1799
2021-06-05,Miami-Dade,Florida,12086,117357,1804
2021-06-06,Miami-Dade,Florida,12086,117626,1807
2021-06-07,Miami-Dade,Florida,12086,117943,1812
2021-06-08,Miami-Dade,Florida,12086,118183,1815
2021-06-09,Miami-Dade,Florida,12086,118278,1817
2021-06-10,Miami-Dade,Florida,12086,118501,1821
2021-06-11,Miami-Dade,Florida,12086,118637,1822
2021-06-12,Miami-Dade,Florida,12086,118908,1823
2021-06-13,Miami-Dade,Florida,12086,118973,1823
2021-06-14,Miami-Dade,Florida,12086,119188,1824
2021-06-15,Miami-Dade,Florida,12086,119325,1826
2021-06-16,Miami-Dade,Florida,12086,119558,1827
2021-06-17,Miami-Dade,Florida,12086,119680,1828
2021-06-18,Miami-Dade,Florida,12086,119811,1831
2021-06-19,Miami-Dade,Florida,12086,120046,1836
2021-06-20,Miami-Dade,Florida,12086,120142,1836
2021-06-21,Miami-Dade,Florida,12086,120269,1839
2021-06-22,Miami-Dade,Florida,12086,120376,1841
2021-06-23,Miami-Dade,Florida,12086,120452,1841
2021-06-24,Miami-Dade,Florida,12086,120634,1843
2021-06-25,Miami-Dade,Florida,12086,120908,1848
2021-06-26,Miami-Dade,Florida,12086,121077,1852
2021-06-27,Miami-Dade,Florida,12086,121158,1852
2021-06-28,Miami-Dade,Florida,12086,121294,1853
2021-06-29,Miami-Dade,Florida,12086,121501,1857
2021-06-30,Miami-Dade,Florida,12086,121642,1859
2020-03-01,Orange,Florida,12095,9,0
2020-03-02,Orange,Florida,12095,10,0
2020-03-03,Orange,Florida,12095,14,0
2020-03-04,Orange,Florida,12095,21,0
2020-03-05,Orange,Florida,12095,28,0
2020-03-06,Orange,Florida,12095,40,0
2020-03-07,Orange,Florida,12095,41,0
2020-03-08,Orange,Florida,12095,45,0
2020-03-09,Orange,Florida,12095,54,0
2020-03-10,Orange,Florida,12095,59,0
2020-03-11,Orange,Florida,12095,64,0
2020-03-12,Orange,Florida,12095,71,0
2020-03-13,Orange,Florida,12095,76,0
2020-03-14,Orange,Florida,12095,84,0
2020-03-15,Orange,Florida,12095,87,0
2020-03-16,Orange,Florida,12095,88,0
2020-03-17,Orange,Florida,12095,95,0
2020-03-18,Orange,Florida,12095,105,0
2020-03-19,Orange,Florida,12095,110,0
2020-03-20,Orange,Florida,12095,121,0
2020-03-21,Orange,Florida,12095,127,0
2020-03-22,Orange,Florida,12095,127,0
2020-03-23,Orange,Florida,12095,136,0
2020-03-24,Orange,Florida,12095,137,0
2020-03-25,Orange,Florida,12095,143,0
2020-03-26,Orange,Florida,12095,143,0
2020-03-27,Orange,Florida,12095,152,0
2020-03-28,Orange,Florida,12095,152,0
2020-03-29,Orange,Florida,12095,154,0
2020-03-30,Orange,Florida,12095,160,0
2020-03-31,Orange,Florida,12095,258,2
2020-04-01,Orange,Florida,12095,309,2
2020-04-02,Orange,Florida,12095,446,2
2020-04-03,Orange,Florida,12095,520,3
2020-04-04,Orange,Florida,12095,548,3
2020-04-05,Orange,Florida,12095,637,3
2020-04-06,Orange,Florida,12095,663,3
2020-04-07,Orange,Florida,12095,736,4
2020-04-08,Orange,Florida,12095,805,4
2020-04-09,Orange,Florida,12095,834,4
2020-04-10,Orange,Florida,12095,971,7
2020-04-11,Orange,Florida,12095,1090,9
2020-04-12,Orange,Florida,12095,1206,11
2020-04-13,Orange,Florida,12095,1327,13
2020-04-14,Orange,Florida,12095,1395,14
2020-04-15,Orange,Florida,12095,1432,14
2020-04-16,Orange,Florida,12095,1528,14
2020-04-17,Orange,Florida,12095,1634,15
2020-04-18,Orange,Florida,12095,1707,15
2020-04-19,Orange,Florida,12095,1804,17
2020-04-20,Orange,Florida,12095,1879,18
2020-04-21,Orange,Florida,12095,1941,19
2020-04-22,Orange,Florida,12095,1968,19
2020-04-23,Orange,Florida,12095,2035,19
2020-04-24,Orange,Florida,12095,2106,20
2020-04-25,Orange,Florida,12095,2121,20
2020-04-26,Orange,Florida,12095,2215,22
2020-04-27,Orange,Florida,12095,2306,22
2020-04-28,Orange,Florida,12095,2433,25
2020-04-29,Orange,Florida,12095,2505,26
2020-04-30,Orange,Florida,12095,2553,27
2020-05-01,Orange,Florida,12095,2611,28
2020-05-02,Orange,Florida,12095,2688,29
2020-05-03,Orange,Florida,12095,2790,30
2020-05-04,Orange,Florida,12095,2811,30
2020-05-05,Orange,Florida,12095,2869,31
2020-05-06,Orange,Florida,12095,2925,32
2020-05-07,Orange,Florida,12095,3037,33
2020-05-08,Orange,Florida,12095,3146,34
2020-05-09,Orange,Florida,12095,3209,35
2020-05-10,Orange,Florida,12095,3303,36
2020-05-11,Orange,Florida,12095,3376,37
2020-05-12,Orange,Florida,12095,3462,39
2020-05-13,Orange,Florida,12095,3573,41
2020-05-14,Orange,Florida,12095,3603,41
2020-05-15,Orange,Florida,12095,3736,42
2020-05-16,Orange,Florida,12095,3827,43
2020-05-17,Orange,Florida,12095,3846,43
2020-05-18,Orange,Florida,12095,3879,43
2020-05-19,Orange,Florida,12095,3906,43
2020-05-20,Orange,Florida,12095,3979,44
2020-05-21,Orange,Florida,12095,4116,47
2020-05-22,Orange,Florida,12095,4221,48
2020-05-23,Orange,Florida,12095,4347,49
2020-05-24,Orange,Florida,12095,4472,51
2020-05-25,Orange,Florida,12095,4538,51
2020-05-26,Orange,Florida,12095,4628,51
2020-05-27,Orange,Florida,12095,4748,51
2020-05-28,Orange,Florida,12095,4857,53
2020-05-29,Orange,Florida,12095,4976,56
2020-05-30,Orange,Florida,12095,5030,57
2020-05-31,Orange,Florida,12095,5091,58
2020-06-01,Orange,Florida,12095,5176,58
2020-06-02,Orange,Florida,12095,5221,58
2020-06-03,Orange,Florida,12095,5270,58
2020-06-04,Orange,Florida,12095,5304,58
2020-06-05,Orange,Florida,12095,5419,59
2020-06-06,Orange,Florida,12095,5505,60
2020-06-07,Orange,Florida,12095,5602,60
2020-06-08,Orange,Florida,12095,5717,63
2020-06-09,Orange,Florida,12095,5776,63
2020-06-10,Orange,Florida,12095,5858,63
2020-06-11,Orange,Florida,12095,5895,63
2020-06-12,Orange,Florida,12095,6023,65
2020-06-13,Orange,Florida,12095,6099,66
2020-06-14,Orange,Florida,12095,6184,67
2020-06-15,Orange,Florida,12095,6242,68
2020-06-16,Orange,Florida,12095,6326,68
2020-06-17,Orange,Florida,12095,6348,68
2020-06-18,Orange,Florida,12095,6409,68
2020-06-19,Orange,Florida,12095,6432,68
2020-06-20,Orange,Florida,12095,6483,68
2020-06-21,Orange,Florida,12095,6525,68
2020-06-22,Orange,Florida,12095,6580,68
2020-06-23,Orange,Florida,12095,6711,71
2020-06-24,Orange,Florida,12095,6756,72
2020-06-25,Orange,Florida,12095,6778,72
2020-06-26,Orange,Florida,12095,6913,72
2020-06-27,Orange,Florida,12095,6999,74
2020-06-28,Orange,Florida,12095,7129,76
2020-06-29,Orange,Florida,12095,7234,76
2020-06-30,Orange,Florida,12095,7397,77
2020-07-01,Orange,Florida,12095,7516,80
2020-07-02,Orange,Florida,12095,7595,80
2020-07-03,Orange,Florida,12095,7688,81
2020-07-04,Orange,Florida,12095,7781,83
2020-07-05,Orange,Florida,12095,7836,84
2020-07-06,Orange,Florida,12095,8007,88
2020-07-07,Orange,Florida,12095,8164,92
2020-07-08,Orange,Florida,12095,8237,92
2020-07-09,Orange,Florida,12095,8449,97
2020-07-10,Orange,Florida,12095,8614,100
2020-07-11,Orange,Florida,12095,8648,101
2020-07-12,Orange,Florida,12095,8861,105
2020-07-13,Orange,Florida,12095,9008,106
2020-07-14,Orange,Florida,12095,9143,109
2020-07-15,Orange,Florida,12095,9223,109
2020-07-16,Orange,Florida,12095,9257,109
2020-07-17,Orange,Florida,12095,9411,111
2020-07-18,Orange,Florida,12095,9498,113
2020-07-19,Orange,Florida,12095,9715,114
2020-07-20,Orange,Florida,12095,9753,114
2020-07-21,Orange,Florida,12095,9939,117
2020-07-22,Orange,Florida,12095,10134,121
2020-07-23,Orange,Florida,12095,10305,124
2020-07-24,Orange,Florida,12095,10343,124
2020-07-25,Orange,Florida,12095,10506,126
2020-07-26,Orange,Florida,12095,10617,126
2020-07-27,Orange,Florida,12095,10730,129
2020-07-28,Orange,Florida,12095,10949,132
2020-07-29,Orange,Florida,12095,11014,133
2020-07-30,Orange,Florida,12095,11053,133
2020-07-31,Orange,Florida,12095,11195,134
2020-08-01,Orange,Florida,12095,11368,138
2020-08-02,Orange,Florida,12095,11550,141
2020-08-03,Orange,Florida,12095,11771,142
2020-08-04,Orange,Florida,12095,11939,146
2020-08-05,Orange,Florida,12095,11981,146
2020-08-06,Orange,Florida,12095,12044,146
2020-08-07,Orange,Florida,12095,12140,148
2020-08-08,Orange,Florida,12095,12215,148
2020-08-09,Orange,Florida,12095,12361,150
2020-08-10,Orange,Florida,12095,12412,150
2020-08-11,Orange,Florida,12095,12488,151
2020-08-12,Orange,Florida,12095,12612,153
2020-08-13,Orange,Florida,12095,12709,155
2020-08-14,Orange,Florida,12095,12779,156
2020-08-15,Orange,Florida,12095,12990,161
2020-08-16,Orange,Florida,12095,13074,162
2020-08-17,Orange,Florida,12095,13204,163
2020-08-18,Orange,Florida,12095,13367,165
2020-08-19,Orange,Florida,12095,13405,166
2020-08-20,Orange,Florida,12095,13570,169
2020-08-21,Orange,Florida,12095,13652,169
2020-08-22,Orange,Florida,12095,13706,170
2020-08-23,Orange,Florida,12095,13778,171
2020-08-24,Orange,Florida,12095,13846,171
2020-08-25,Orange,Florida,12095,14033,172
2020-08-26,Orange,Florida,12095,14251,176
2020-08-27,Orange,Florida,12095,14405,178
2020-08-28,Orange,Florida,12095,14455,178
2020-08-29,Orange,Florida,12095,14489,178
2020-08-30,Orange,Florida,12095,14591,180
2020-08-31,Orange,Florida,12095,14635,180
2020-09-01,Orange,Florida,12095,14781,182
2020-09-02,Orange,Florida,12095,14977,184
2020-09-03,Orange,Florida,12095,15013,184
2020-09-04,Orange,Florida,12095,15076,184
2020-09-05,Orange,Florida,12095,15114,184
2020-09-06,Orange,Florida,12095,15247,185
2020-09-07,Orange,Florida,12095,15279,185
2020-09-08,Orange,Florida,12095,15481,190
2020-09-09,Orange,Florida,12095,15685,195
2020-09-10,Orange,Florida,12095,15828,198
2020-09-11,Orange,Florida,12095,15922,200
2020-09-12,Orange,Florida,12095,16034,201
2020-09-13,Orange,Florida,12095,16204,204
2020-09-14,Orange,Florida,12095,16243,204
2020-09-15,Orange,Florida,12095,16346,206
2020-09-16,Orange,Florida,12095,16506,210
2020-09-17,Orange,Florida,12095,16716,213
2020-09-18,Orange,Florida,12095,16855,215
2020-09-19,Orange,Florida,12095,16984,216
2020-09-20,Orange,Florida,12095,17086,218
2020-09-21,Orange,Florida,12095,17294,219
2020-09-22,Orange,Florida,12095,17324,219
2020-09-23,Orange,Florida,12095,17537,220
2020-09-24,Orange,Florida,12095,17613,221
2020-09-25,Orange,Florida,12095,17706,222
2020-09-26,Orange,Florida,12095,17853,224
2020-09-27,Orange,Florida,12095,18009,227
2020-09-28,Orange,Florida,12095,18194,230
2020-09-29,Orange,Florida,12095,18246,230
2020-09-30,Orange,Florida,12095,18336,231
2020-10-01,Orange,Florida,12095,18398,232
2020-10-02,Orange,Florida,12095,18511,233
2020-10-03,Orange,Florida,12095,18727,236
2020-10-04,Orange,Florida,12095,18919,238
2020-10-05,Orange,Florida,12095,18958,239
2020-10-06,Orange,Florida,12095,19039,240
2020-10-07,Orange,Florida,12095,19128,240
2020-10-08,Orange,Florida,12095,19190,241
2020-10-09,Orange,Florida,12095,19271,243
2020-10-10,Orange,Florida,12095,19323,244
2020-10-11,Orange,Florida,12095,19379,245
2020-10-12,Orange,Florida,12095,19416,245
2020-10-13,Orange,Florida,12095,19451,245
2020-10-14,Orange,Florida,12095,19646,248
2020-10-15,Orange,Florida,12095,19682,248
2020-10-16,Orange,Florida,12095,19721,248
2020-10-17,Orange,Florida,12095,19799,248
2020-10-18,Orange,Florida,12095,19959,252
2020-10-19,Orange,Florida,12095,20055,254
2020-10-20,Orange,Florida,12095,20200,255
2020-10-21,Orange,Florida,12095,20242,255
2020-10-22,Orange,Florida,12095,20369,256
2020-10-23,Orange,Florida,12095,20460,257
2020-10-24,Orange,Florida,12095,20648,259
2020-10-25,Orange,Florida,12095,20801,263
2020-10-26,Orange,Florida,12095,20856,263
2020-10-27,Orange,Florida,12095,21037,265
2020-10-28,Orange,Florida,12095,21144,267
2020-10-29,Orange,Florida,12095,21263,270
2020-10-30,Orange,Florida,12095,21412,271
2020-10-31,Orange,Florida,12095,21448,272
2020-11-01,Orange,Florida,12095,21653,273
2020-11-02,Orange,Florida,12095,21799,276
2020-11-03,Orange,Florida,12095,21926,279
2020-11-04,Orange,Florida,12095,22053,281
2020-11-05,Orange,Florida,12095,22147,281
2020-11-06,Orange,Florida,12095,22508,283
2020-11-07,Orange,Florida,12095,22834,287
2020-11-08,Orange,Florida,12095,23251,289
2020-11-09,Orange,Florida,12095,23360,292
2020-11-10,Orange,Florida,12095,23518,294
2020-11-11,Orange,Florida,12095,23793,299
2020-11-12,Orange,Florida,12095,24016,304
2020-11-13,Orange,Florida,12095,24383,310
2020-11-14,Orange,Florida,12095,24483,311
2020-11-15,Orange,Florida,12095,24741,315
2020-11-16,Orange,Florida,12095,24914,319
2020-11-17,Orange,Florida,12095,25095,321
2020-11-18,Orange,Florida,12095,25259,324
2020-11-19,Orange,Florida,12095,25463,327
2020-11-20,Orange,Florida,12095,25796,329
2020-11-21,Orange,Florida,12095,25960,332
2020-11-22,Orange,Florida,12095,26337,337
2020-11-23,Orange,Florida,12095,26538,340
2020-11-24,Orange,Florida,12095,26927,348
2020-11-25,Orange,Florida,12095,27213,352
2020-11-26,Orange,Florida,12095,27436,356
2020-11-27,Orange,Florida,12095,27796,358
2020-11-28,Orange,Florida,12095,28059,364
2020-11-29,Orange,Florida,12095,28278,368
2020-11-30,Orange,Florida,12095,28407,369
2020-12-01,Orange,Florida,12095,28586,371
2020-12-02,Orange,Florida,12095,28696,372
2020-12-03,Orange,Florida,12095,29108,379
2020-12-04,Orange,Florida,12095,29403,386
2020-12-05,Orange,Florida,12095,29787,396
2020-12-06,Orange,Florida,12095,29875,396
2020-12-07,Orange,Florida,12095,30046,399
2020-12-08,Orange,Florida,12095,30440,408
2020-12-09,Orange,Florida,12095,30565,408
2020-12-10,Orange,Florida,12095,30792,413
2020-12-11,Orange,Florida,12095,31206,416
2020-12-12,Orange,Florida,12095,31579,426
2020-12-13,Orange,Florida,12095,31965,431
2020-12-14,Orange,Florida,12095,32183,435
2020-12-15,Orange,Florida,12095,32504,437
2020-12-16,Orange,Florida,12095,32887,447
2020-12-17,Orange,Florida,12095,33168,452
2020-12-18,Orange,Florida,12095,33584,454
2020-12-19,Orange,Florida,12095,33914,458
2020-12-20,Orange,Florida,12095,34147,461
2020-12-21,Orange,Florida,12095,34381,467
2020-12-22,Orange,Florida,12095,34561,470
2020-12-23,Orange,Florida,12095,34689,471
2020-12-24,Orange,Florida,12095,35028,480
2020-12-25,Orange,Florida,12095,35424,482
2020-12-26,Orange,Florida,12095,35807,489
2020-12-27,Orange,Florida,12095,36014,493
2020-12-28,Orange,Florida,12095,36224,496
2020-12-29,Orange,Florida,12095,36477,500
2020-12-30,Orange,Florida,12095,36876,502
2020-12-31,Orange,Florida,12095,37059,504
2021-01-01,Orange,Florida,12095,37331,511
2021-01-02,Orange,Florida,12095,37608,518
2021-01-03,Orange,Florida,12095,37834,520
2021-01-04,Orange,Florida,12095,38024,521
2021-01-05,Orange,Florida,12095,38155,524
2021-01-06,Orange,Florida,12095,38484,533
2021-01-07,Orange,Florida,12095,38638,535
2021-01-08,Orange,Florida,12095,38913,540
2021-01-09,Orange,Florida,12095,39029,541
2021-01-10,Orange,Florida,12095,39152,542
2021-01-11,Orange,Florida,12095,39382,548
2021-01-12,Orange,Florida,12095,39562,553
2021-01-13,Orange,Florida,12095,39976,562
2021-01-14,Orange,Florida,12095,40368,570
2021-01-15,Orange,Florida,12095,40498,571
2021-01-16,Orange,Florida,12095,40862,579
2021-01-17,Orange,Florida,12095,40954,581
2021-01-18,Orange,Florida,12095,41358,588
2021-01-19,Orange,Florida,12095,41708,589
2021-01-20,Orange,Florida,12095,42070,591
2021-01-21,Orange,Florida,12095,42221,595
2021-01-22,Orange,Florida,12095,42495,601
2021-01-23,Orange,Florida,12095,42752,607
2021-01-24,Orange,Florida,12095,42934,608
2021-01-25,Orange,Florida,12095,43253,616
2021-01-26,Orange,Florida,12095,43485,619
2021-01-27,Orange,Florida,12095,43656,623
2021-01-28,Orange,Florida,12095,44071,632
2021-01-29,Orange,Florida,12095,44193,633
2021-01-30,Orange,Florida,12095,44303,635
2021-01-31,Orange,Florida,12095,44629,639
2021-02-01,Orange,Florida,12095,44882,642
2021-02-02,Orange,Florida,12095,45176,647
2021-02-03,Orange,Florida,12095,45519,654
2021-02-04,Orange,Florida,12095,45707,659
2021-02-05,Orange,Florida,12095,45935,665
2021-02-06,Orange,Florida,12095,46284,669
2021-02-07,Orange,Florida,12095,46649,676
2021-02-08,Orange,Florida,12095,47026,678
2021-02-09,Orange,Florida,12095,47321,679
2021-02-10,Orange,Florida,12095,47450,680
2021-02-11,Orange,Florida,12095,47849,688
2021-02-12,Orange,Florida,12095,48021,689
2021-02-13,Orange,Florida,12095,48376,697
2021-02-14,Orange,Florida,12095,48443,697
2021-02-15,Orange,Florida,12095,48592,701
2021-02-16,Orange,Florida,12095,48739,704
2021-02-17,Orange,Florida,12095,48767,704
2021-02-18,Orange,Florida,12095,48872,705
2021-02-19,Orange,Florida,12095,48924,705
2021-02-20,Orange,Florida,12095,48988,705
2021-02-21,Orange,Florida,12095,49097,707
2021-02-22,Orange,Florida,12095,49192,709
2021-02-23,Orange,Florida,12095,49244,709
2021-02-24,Orange,Florida,12095,49304,709
2021-02-25,Orange,Florida,12095,49399,711
2021-02-26,Orange,Florida,12095,49481,712
2021-02-27,Orange,Florida,12095,49575,712
2021-02-28,Orange,Florida,12095,49618,713
2021-03-01,Orange,Florida,12095,49751,714
2021-03-02,Orange,Florida,12095,49913,716
2021-03-03,Orange,Florida,12095,50033,716
2021-03-04,Orange,Florida,12095,50125,717
2021-03-05,Orange,Florida,12095,50168,717
2021-03-06,Orange,Florida,12095,50294,720
2021-03-07,Orange,Florida,12095,50389,722
2021-03-08,Orange,Florida,12095,50485,723
2021-03-09,Orange,Florida,12095,50545,723
2021-03-10,Orange,Florida,12095,50643,725
2021-03-11,Orange,Florida,12095,50779,725
2021-03-12,Orange,Florida,12095,50914,726
2021-03-13,Orange,Florida,12095,50986,727
2021-03-14,Orange,Florida,12095,51075,728
2021-03-15,Orange,Florida,12095,51230,729
2021-03-16,Orange,Florida,12095,51359,730
2021-03-17,Orange,Florida,12095,51500,731
2021-03-18,Orange,Florida,12095,51584,732
2021-03-19,Orange,Florida,12095,51635,732
2021-03-20,Orange,Florida,12095,51749,735
2021-03-21,Orange,Florida,12095,51862,736
2021-03-22,Orange,Florida,12095,51974,736
2021-03-23,Orange,Florida,12095,52102,739
2021-03-24,Orange,Florida,12095,52142,739
2021-03-25,Orange,Florida,12095,52296,742
2021-03-26,Orange,Florida,12095,52400,744
2021-03-27,Orange,Florida,12095,52500,745
2021-03-28,Orange,Florida,12095,52555,745
2021-03-29,Orange,Florida,12095,52657,747
2021-03-30,Orange,Florida,12095,52716,748
2021-03-31,Orange,Florida,12095,52870,750
2021-04-01,Orange,Florida,12095,52927,751
2021-04-02,Orange,Florida,12095,53085,751
2021-04-03,Orange,Florida,12095,53115,751
2021-04-04,Orange,Florida,12095,53157,751
2021-04-05,Orange,Florida,12095,53252,751
2021-04-06,Orange,Florida,12095,53321,751
2021-04-07,Orange,Florida,12095,53456,752
2021-04-08,Orange,Florida,12095,53521,752
2021-04-09,Orange,Florida,12095,53658,754
2021-04-10,Orange,Florida,12095,53704,755
2021-04-11,Orange,Florida,12095,53769,755
2021-04-12,Orange,Florida,12095,53807,755
2021-04-13,Orange,Florida,12095,53941,757
2021-04-14,Orange,Florida,12095,53970,757
2021-04-15,Orange,Florida,12095,54082,757
2021-04-16,Orange,Florida,12095,54212,760
2021-04-17,Orange,Florida,12095,54266,761
2021-04-18,Orange,Florida,12095,54337,761
2021-04-19,Orange,Florida,12095,54436,761
2021-04-20,Orange,Florida,12095,54502,761
2021-04-21,Orange,Florida,12095,54566,762
2021-04-22,Orange,Florida,12095,54659,763
2021-04-23,Orange,Florida,12095,54699,764
2021-04-24,Orange,Florida,12095,54805,765
2021-04-25,Orange,Florida,12095,54959,767
2021-04-26,Orange,Florida,12095,55020,767
2021-04-27,Orange,Florida,12095,55117,768
2021-04-28,Orange,Florida,12095,55196,769
2021-04-29,Orange,Florida,12095,55238,769
2021-04-30,Orange,Florida,12095,55401,771
2021-05-01,Orange,Florida,12095,55461,771
2021-05-02,Orange,Florida,12095,55567,773
2021-05-03,Orange,Florida,12095,55641,774
2021-05-04,Orange,Florida,12095,55804,775
2021-05-05,Orange,Florida,12095,55855,776
2021-05-06,Orange,Florida,12095,55951,777
2021-05-07,Orange,Florida,12095,55998,777
2021-05-08,Orange,Florida,12095,56091,779
2021-05-09,Orange,Florida,12095,56197,780
2021-05-10,Orange,Florida,12095,56331,781
2021-05-11,Orange,Florida,12095,56402,781
2021-05-12,Orange,Florida,12095,56450,781
2021-05-13,Orange,Florida,12095,56556,782
2021-05-14,Orange,Florida,12095,56584,782
2021-05-15,Orange,Florida,12095,56717,785
2021-05-16,Orange,Florida,12095,56820,786
2021-05-17,Orange,Florida,12095,56938,787
2021-05-18,Orange,Florida,12095,57064,789
2021-05-19,Orange,Florida,12095,57211,793
2021-05-20,Orange,Florida,12095,57250,793
2021-05-21,Orange,Florida,12095,57375,794
2021-05-22,Orange,Florida,12095,57508,795
2021-05-23,Orange,Florida,12095,57640,796
2021-05-24,Orange,Florida,12095,57728,798
2021-05-25,Orange,Florida,12095,57761,798
2021-05-26,Orange,Florida,12095,57812,799
2021-05-27,Orange,Florida,12095,57907,801
2021-05-28,Orange,Florida,12095,58011,802
2021-05-29,Orange,Florida,12095,58080,803
2021-05-30,Orange,Florida,12095,58148,804
2021-05-31,Orange,Florida,12095,58270,806
2021-06-01,Orange,Florida,12095,58383,807
2021-06-02,Orange,Florida,12095,58501,808
2021-06-03,Orange,Florida,12095,58601,809
2021-06-04,Orange,Florida,12095,58714,811
2021-06-05,Orange,Florida,12095,58814,812
2021-06-06,Orange,Florida,12095,58906,814
2021-06-07,Orange,Florida,12095,59063,817
2021-06-08,Orange,Florida,12095,59209,818
2021-06-09,Orange,Florida,12095,59309,820
2021-06-10,Orange,Florida,12095,59338,820
2021-06-11,Orange,Florida,12095,59386,820
2021-06-12,Orange,Florida,12095,59550,822
2021-06-13,Orange,Florida,12095,59604,823
2021-06-14,Orange,Florida,12095,59706,824
2021-06-15,Orange,Florida,12095,59742,824
2021-06-16,Orange,Florida,12095,59791,824
2021-06-17,Orange,Florida,12095,59896,825
2021-06-18,Orange,Florida,12095,60011,828
2021-06-19,Orange,Florida,12095,60077,829
2021-06-20,Orange,Florida,12095,60225,831
2021-06-21,Orange,Florida,12095,60295,832
2021-06-22,Orange,Florida,12095,60379,832
2021-06-23,Orange,Florida,12095,60482,834
2021-06-24,Orange,Florida,12095,60520,834
2021-06-25,Orange,Florida,12095,60649,835
2021-06-26,Orange,Florida,12095,60713,835
2021-06-27,Orange,Florida,12095,60851,837
2021-06-28,Orange,Florida,12095,60985,838
2021-06-29,Orange,Florida,12095,61120,840
2021-06-30,Orange,Florida,12095,61186,841
2020-03-01,Fulton,Georgia,13121,9,0
2020-03-02,Fulton,Georgia,13121,14,0
2020-03-03,Fulton,Georgia,13121,22,0
2020-03-04,Fulton,Georgia,13121,22,0
2020-03-05,Fulton,Georgia,13121,23,0
2020-03-06,Fulton,Georgia,13121,32,0
2020-03-07,Fulton,Georgia,13121,41,0
2020-03-08,Fulton,Georgia,13121,46,0
2020-03-09,Fulton,Georgia,13121,53,0
2020-03-10,Fulton,Georgia,13121,58,0
2020-03-11,Fulton,Georgia,13121,63,0
2020-03-12,Fulton,Georgia,13121,67,0
2020-03-13,Fulton,Georgia,13121,70,0
2020-03-14,Fulton,Georgia,13121,75,0
2020-03-15,Fulton,Georgia,13121,83,0
2020-03-16,Fulton,Georgia,13121,93,0
2020-03-17,Fulton,Georgia,13121,100,0
2020-03-18,Fulton,Georgia,13121,105,0
2020-03-19,Fulton,Georgia,13121,113,0
2020-03-20,Fulton,Georgia,13121,118,0
2020-03-21,Fulton,Georgia,13121,121,0
2020-03-22,Fulton,Georgia,13121,124,0
2020-03-23,Fulton,Georgia,13121,131,0
2020-03-24,Fulton,Georgia,13121,133,0
2020-03-25,Fulton,Georgia,13121,143,0
2020-03-26,Fulton,Georgia,13121,147,0
2020-03-27,Fulton,Georgia,13121,154,0
2020-03-28,Fulton,Georgia,13121,158,0
2020-03-29,Fulton,Georgia,13121,158,0
2020-03-30,Fulton,Georgia,13121,159,0
2020-03-31,Fulton,Georgia,13121,193,0
2020-04-01,Fulton,Georgia,13121,261,0
2020-04-02,Fulton,Georgia,13121,297,0
2020-04-03,Fulton,Georgia,13121,311,0
2020-04-04,Fulton,Georgia,13121,345,0
2020-04-05,Fulton,Georgia,13121,448,2
2020-04-06,Fulton,Georgia,13121,541,4
2020-04-07,Fulton,Georgia,13121,647,6
2020-04-08,Fulton,Georgia,13121,704,6
2020-04-09,Fulton,Georgia,13121,798,8
2020-04-10,Fulton,Georgia,13121,885,8
2020-04-11,Fulton,Georgia,13121,898,8
2020-04-12,Fulton,Georgia,13121,923,8
2020-04-13,Fulton,Georgia,13121,1017,8
2020-04-14,Fulton,Georgia,13121,1067,9
2020-04-15,Fulton,Georgia,13121,1083,9
2020-04-16,Fulton,Georgia,13121,1099,9
2020-04-17,Fulton,Georgia,13121,1161,10
2020-04-18,Fulton,Georgia,13121,1190,10
2020-04-19,Fulton,Georgia,13121,1202,10
2020-04-20,Fulton,Georgia,13121,1293,11
2020-04-21,Fulton,Georgia,13121,1371,13
2020-04-22,Fulton,Georgia,13121,1437,14
2020-04-23,Fulton,Georgia,13121,1497,15
2020-04-24,Fulton,Georgia,13121,1546,16
2020-04-25,Fulton,Georgia,13121,1620,16
2020-04-26,Fulton,Georgia,13121,1709,17
2020-04-27,Fulton,Georgia,13121,1789,17
2020-04-28,Fulton,Georgia,13121,1842,17
2020-04-29,Fulton,Georgia,13121,1871,17
2020-04-30,Fulton,Georgia,13121,1898,17
2020-05-01,Fulton,Georgia,13121,1988,17
2020-05-02,Fulton,Georgia,13121,2024,17
2020-05-03,Fulton,Georgia,13121,2067,17
2020-05-04,Fulton,Georgia,13121,2144,18
2020-05-05,Fulton,Georgia,13121,2198,18
2020-05-06,Fulton,Georgia,13121,2217,18
2020-05-07,Fulton,Georgia,13121,2245,18
2020-05-08,Fulton,Georgia,13121,2348,20
2020-05-09,Fulton,Georgia,13121,2434,20
2020-05-10,Fulton,Georgia,13121,2480,20
2020-05-11,Fulton,Georgia,13121,2559,20
2020-05-12,Fulton,Georgia,13121,2649,21
2020-05-13,Fulton,Georgia,13121,2745,21
2020-05-14,Fulton,Georgia,13121,2828,21
2020-05-15,Fulton,Georgia,13121,2843,21
2020-05-16,Fulton,Georgia,13121,2870,21
2020-05-17,Fulton,Georgia,13121,2910,21
2020-05-18,Fulton,Georgia,13121,2938,21
2020-05-19,Fulton,Georgia,13121,2965,21
2020-05-20,Fulton,Georgia,13121,3042,21
2020-05-21,Fulton,Georgia,13121,3099,22
2020-05-22,Fulton,Georgia,13121,3143,22
2020-05-23,Fulton,Georgia,13121,3196,23
2020-05-24,Fulton,Georgia,13121,3286,23
2020-05-25,Fulton,Georgia,13121,3376,24
2020-05-26,Fulton,Georgia,13121,3438,24
2020-05-27,Fulton,Georgia,13121,3515,25
2020-05-28,Fulton,Georgia,13121,3603,27
2020-05-29,Fulton,Georgia,13121,3633,27
2020-05-30,Fulton,Georgia,13121,3691,28
2020-05-31,Fulton,Georgia,13121,3777,28
2020-06-01,Fulton,Georgia,13121,3861,28
2020-06-02,Fulton,Georgia,13121,3916,28
2020-06-03,Fulton,Georgia,13121,3937,28
2020-06-04,Fulton,Georgia,13121,3965,28
2020-06-05,Fulton,Georgia,13121,4031,28
2020-06-06,Fulton,Georgia,13121,4077,28
2020-06-07,Fulton,Georgia,13121,4090,28
2020-06-08,Fulton,Georgia,13121,4160,29
2020-06-09,Fulton,Georgia,13121,4171,29
2020-06-10,Fulton,Georgia,13121,4213,29
2020-06-11,Fulton,Georgia,13121,4233,29
2020-06-12,Fulton,Georgia,13121,4272,29
2020-06-13,Fulton,Georgia,13121,4300,29
2020-06-14,Fulton,Georgia,13121,4388,30
2020-06-15,Fulton,Georgia,13121,4453,31
2020-06-16,Fulton,Georgia,13121,4501,32
2020-06-17,Fulton,Georgia,13121,4535,32
2020-06-18,Fulton,Georgia,13121,4577,32
2020-06-19,Fulton,Georgia,13121,4616,33
2020-06-20,Fulton,Georgia,13121,4710,35
2020-06-21,Fulton,Georgia,13121,4806,36
2020-06-22,Fulton,Georgia,13121,4856,37
2020-06-23,Fulton,Georgia,13121,4957,38
2020-06-24,Fulton,Georgia,13121,4970,38
2020-06-25,Fulton,Georgia,13121,5068,40
2020-06-26,Fulton,Georgia,13121,5171,42
2020-06-27,Fulton,Georgia,13121,5200,42
2020-06-28,Fulton,Georgia,13121,5282,42
2020-06-29,Fulton,Georgia,13121,5352,44
2020-06-30,Fulton,Georgia,13121,5517,46
2020-07-01,Fulton,Georgia,13121,5652,49
2020-07-02,Fulton,Georgia,13121,5741,49
2020-07-03,Fulton,Georgia,13121,5762,49
2020-07-04,Fulton,Georgia,13121,5914,50
2020-07-05,Fulton,Georgia,13121,5947,50
2020-07-06,Fulton,Georgia,13121,5998,50
2020-07-07,Fulton,Georgia,13121,6055,51
2020-07-08,Fulton,Georgia,13121,6202,53
2020-07-09,Fulton,Georgia,13121,6294,54
2020-07-10,Fulton,Georgia,13121,6385,56
2020-07-11,Fulton,Georgia,13121,6510,59
2020-07-12,Fulton,Georgia,13121,6630,62
2020-07-13,Fulton,Georgia,13121,6756,65
2020-07-14,Fulton,Georgia,13121,6791,65
2020-07-15,Fulton,Georgia,13121,6925,66
2020-07-16,Fulton,Georgia,13121,7061,69
2020-07-17,Fulton,Georgia,13121,7204,72
2020-07-18,Fulton,Georgia,13121,7288,73
2020-07-19,Fulton,Georgia,13121,7319,73
2020-07-20,Fulton,Georgia,13121,7450,75
2020-07-21,Fulton,Georgia,13121,7504,76
2020-07-22,Fulton,Georgia,13121,7639,77
2020-07-23,Fulton,Georgia,13121,7710,78
2020-07-24,Fulton,Georgia,13121,7822,80
2020-07-25,Fulton,Georgia,13121,7979,83
2020-07-26,Fulton,Georgia,13121,8020,83
2020-07-27,Fulton,Georgia,13121,8072,83
2020-07-28,Fulton,Georgia,13121,8143,84
2020-07-29,Fulton,Georgia,13121,8227,85
2020-07-30,Fulton,Georgia,13121,8305,86
2020-07-31,Fulton,Georgia,13121,8331,86
2020-08-01,Fulton,Georgia,13121,8415,86
2020-08-02,Fulton,Georgia,13121,8537,89
2020-08-03,Fulton,Georgia,13121,8627,89
2020-08-04,Fulton,Georgia,13121,8750,89
2020-08-05,Fulton,Georgia,13121,8899,92
2020-08-06,Fulton,Georgia,13121,8922,92
2020-08-07,Fulton,Georgia,13121,9028,93
2020-08-08,Fulton,Georgia,13121,9117,94
2020-08-09,Fulton,Georgia,13121,9281,96
2020-08-10,Fulton,Georgia,13121,9417,97
2020-08-11,Fulton,Georgia,13121,9476,98
2020-08-12,Fulton,Georgia,13121,9587,100
2020-08-13,Fulton,Georgia,13121,9675,101
2020-08-14,Fulton,Georgia,13121,9766,102
2020-08-15,Fulton,Georgia,13121,9866,103
2020-08-16,Fulton,Georgia,13121,10004,107
2020-08-17,Fulton,Georgia,13121,10104,108
2020-08-18,Fulton,Georgia,13121,10225,109
2020-08-19,Fulton,Georgia,13121,10296,111
2020-08-20,Fulton,Georgia,13121,10405,112
2020-08-21,Fulton,Georgia,13121,10547,115
2020-08-22,Fulton,Georgia,13121,10636,115
2020-08-23,Fulton,Georgia,13121,10699,115
2020-08-24,Fulton,Georgia,13121,10793,116
2020-08-25,Fulton,Georgia,13121,10946,119
2020-08-26,Fulton,Georgia,13121,11004,119
2020-08-27,Fulton,Georgia,13121,11069,120
2020-08-28,Fulton,Georgia,13121,11171,120
2020-08-29,Fulton,Georgia,13121,11245,120
2020-08-30,Fulton,Georgia,13121,11314,121
2020-08-31,Fulton,Georgia,13121,11424,122
2020-09-01,Fulton,Georgia,13121,11450,122
2020-09-02,Fulton,Georgia,13121,11508,122
2020-09-03,Fulton,Georgia,13121,11543,122
2020-09-04,Fulton,Georgia,13121,11658,123
2020-09-05,Fulton,Georgia,13121,11720,124
2020-09-06,Fulton,Georgia,13121,11843,125
2020-09-07,Fulton,Georgia,13121,11987,128
2020-09-08,Fulton,Georgia,13121,12117,130
2020-09-09,Fulton,Georgia,13121,12206,130
2020-09-10,Fulton,Georgia,13121,12282,130
2020-09-11,Fulton,Georgia,13121,12448,133
2020-09-12,Fulton,Georgia,13121,12600,135
2020-09-13,Fulton,Georgia,13121,12767,136
2020-09-14,Fulton,Georgia,13121,12926,139
2020-09-15,Fulton,Georgia,13121,13010,139
2020-09-16,Fulton,Georgia,13121,13172,140
2020-09-17,Fulton,Georgia,13121,13290,143
2020-09-18,Fulton,Georgia,13121,13435,145
2020-09-19,Fulton,Georgia,13121,13473,145
2020-09-20,Fulton,Georgia,13121,13533,145
2020-09-21,Fulton,Georgia,13121,13630,147
2020-09-22,Fulton,Georgia,13121,13687,148
2020-09-23,Fulton,Georgia,13121,13764,149
2020-09-24,Fulton,Georgia,13121,13898,151
2020-09-25,Fulton,Georgia,13121,14030,154
2020-09-26,Fulton,Georgia,13121,14092,155
2020-09-27,Fulton,Georgia,13121,14203,158
2020-09-28,Fulton,Georgia,13121,14325,159
2020-09-29,Fulton,Georgia,13121,14406,159
2020-09-30,Fulton,Georgia,13121,14488,159
2020-10-01,Fulton,Georgia,13121,14549,160
2020-10-02,Fulton,Georgia,13121,14715,162
2020-10-03,Fulton,Georgia,13121,14769,162
2020-10-04,Fulton,Georgia,13121,14838,162
2020-10-05,Fulton,Georgia,13121,14902,163
2020-10-06,Fulton,Georgia,13121,15046,165
2020-10-07,Fulton,Georgia,13121,15161,166
2020-10-08,Fulton,Georgia,13121,15240,168
2020-10-09,Fulton,Georgia,13121,15263,168
2020-10-10,Fulton,Georgia,13121,15335,169
2020-10-11,Fulton,Georgia,13121,15425,171
2020-10-12,Fulton,Georgia,13121,15477,172
2020-10-13,Fulton,Georgia,13121,15598,173
2020-10-14,Fulton,Georgia,13121,15624,173
2020-10-15,Fulton,Georgia,13121,15789,176
2020-10-16,Fulton,Georgia,13121,15893,177
2020-10-17,Fulton,Georgia,13121,15945,178
2020-10-18,Fulton,Georgia,13121,16021,178
2020-10-19,Fulton,Georgia,13121,16089,179
2020-10-20,Fulton,Georgia,13121,16114,179
2020-10-21,Fulton,Georgia,13121,16160,179
2020-10-22,Fulton,Georgia,13121,16245,181
2020-10-23,Fulton,Georgia,13121,16269,181
2020-10-24,Fulton,Georgia,13121,16373,182
2020-10-25,Fulton,Georgia,13121,16429,183
2020-10-26,Fulton,Georgia,13121,16469,183
2020-10-27,Fulton,Georgia,13121,16616,184
2020-10-28,Fulton,Georgia,13121,16669,185
2020-10-29,Fulton,Georgia,13121,16775,186
2020-10-30,Fulton,Georgia,13121,16819,187
2020-10-31,Fulton,Georgia,13121,16949,188
2020-11-01,Fulton,Georgia,13121,17031,189
2020-11-02,Fulton,Georgia,13121,17114,190
2020-11-03,Fulton,Georgia,13121,17182,190
2020-11-04,Fulton,Georgia,13121,17219,191
2020-11-05,Fulton,Georgia,13121,17383,194
2020-11-06,Fulton,Georgia,13121,17527,196
2020-11-07,Fulton,Georgia,13121,17690,200
2020-11-08,Fulton,Georgia,13121,17880,203
2020-11-09,Fulton,Georgia,13121,18154,207
2020-11-10,Fulton,Georgia,13121,18453,209
2020-11-11,Fulton,Georgia,13121,18590,211
2020-11-12,Fulton,Georgia,13121,18739,213
2020-11-13,Fulton,Georgia,13121,18846,215
2020-11-14,Fulton,Georgia,13121,19007,218
2020-11-15,Fulton,Georgia,13121,19319,222
2020-11-16,Fulton,Georgia,13121,19545,226
2020-11-17,Fulton,Georgia,13121,19644,228
2020-11-18,Fulton,Georgia,13121,19962,234
2020-11-19,Fulton,Georgia,13121,20212,241
2020-11-20,Fulton,Georgia,13121,20358,242
2020-11-21,Fulton,Georgia,13121,20567,245
2020-11-22,Fulton,Georgia,13121,20654,246
2020-11-23,Fulton,Georgia,13121,20907,252
2020-11-24,Fulton,Georgia,13121,21137,256
2020-11-25,Fulton,Georgia,13121,21421,263
2020-11-26,Fulton,Georgia,13121,21526,264
2020-11-27,Fulton,Georgia,13121,21813,266
2020-11-28,Fulton,Georgia,13121,22116,274
2020-11-29,Fulton,Georgia,13121,22262,275
2020-11-30,Fulton,Georgia,13121,22554,277
2020-12-01,Fulton,Georgia,13121,22735,279
2020-12-02,Fulton,Georgia,13121,22952,285
2020-12-03,Fulton,Georgia,13121,23219,292
2020-12-04,Fulton,Georgia,13121,23410,293
2020-12-05,Fulton,Georgia,13121,23628,295
2020-12-06,Fulton,Georgia,13121,23926,297
2020-12-07,Fulton,Georgia,13121,24107,302
2020-12-08,Fulton,Georgia,13121,24172,302
2020-12-09,Fulton,Georgia,13121,24408,308
2020-12-10,Fulton,Georgia,13121,24726,316
2020-12-11,Fulton,Georgia,13121,24807,317
2020-12-12,Fulton,Georgia,13121,24937,319
2020-12-13,Fulton,Georgia,13121,25031,321
2020-12-14,Fulton,Georgia,13121,25260,325
2020-12-15,Fulton,Georgia,13121,25329,326
2020-12-16,Fulton,Georgia,13121,25578,329
2020-12-17,Fulton,Georgia,13121,25743,333
2020-12-18,Fulton,Georgia,13121,26003,336
2020-12-19,Fulton,Georgia,13121,26249,340
2020-12-20,Fulton,Georgia,13121,26478,343
2020-12-21,Fulton,Georgia,13121,26573,343
2020-12-22,Fulton,Georgia,13121,26703,346
2020-12-23,Fulton,Georgia,13121,26959,347
2020-12-24,Fulton,Georgia,13121,27065,348
2020-12-25,Fulton,Georgia,13121,27215,352
2020-12-26,Fulton,Georgia,13121,27481,354
2020-12-27,Fulton,Georgia,13121,27569,355
2020-12-28,Fulton,Georgia,13121,27651,357
2020-12-29,Fulton,Georgia,13121,27840,359
2020-12-30,Fulton,Georgia,13121,27970,360
2020-12-31,Fulton,Georgia,13121,28147,364
2021-01-01,Fulton,Georgia,13121,28389,368
2021-01-02,Fulton,Georgia,13121,28604,373
2021-01-03,Fulton,Georgia,13121,28705,374
2021-01-04,Fulton,Georgia,13121,28825,375
2021-01-05,Fulton,Georgia,13121,28981,376
2021-01-06,Fulton,Georgia,13121,29286,378
2021-01-07,Fulton,Georgia,13121,29511,381
2021-01-08,Fulton,Georgia,13121,29687,383
2021-01-09,Fulton,Georgia,13121,29940,388
2021-01-10,Fulton,Georgia,13121,30041,389
2021-01-11,Fulton,Georgia,13121,30202,392
2021-01-12,Fulton,Georgia,13121,30272,392
2021-01-13,Fulton,Georgia,13121,30413,394
2021-01-14,Fulton,Georgia,13121,30543,396
2021-01-15,Fulton,Georgia,13121,30797,403
2021-01-16,Fulton,Georgia,13121,30964,406
2021-01-17,Fulton,Georgia,13121,31071,407
2021-01-18,Fulton,Georgia,13121,31174,409
2021-01-19,Fulton,Georgia,13121,31318,411
2021-01-20,Fulton,Georgia,13121,31602,415
2021-01-21,Fulton,Georgia,13121,31709,416
2021-01-22,Fulton,Georgia,13121,31817,418
2021-01-23,Fulton,Georgia,13121,31884,419
2021-01-24,Fulton,Georgia,13121,32035,420
2021-01-25,Fulton,Georgia,13121,32156,421
2021-01-26,Fulton,Georgia,13121,32418,427
2021-01-27,Fulton,Georgia,13121,32647,430
2021-01-28,Fulton,Georgia,13121,32828,435
2021-01-29,Fulton,Georgia,13121,33123,442
2021-01-30,Fulton,Georgia,13121,33402,448
2021-01-31,Fulton,Georgia,13121,33599,450
2021-02-01,Fulton,Georgia,13121,33714,452
2021-02-02,Fulton,Georgia,13121,33879,453
2021-02-03,Fulton,Georgia,13121,34026,453
2021-02-04,Fulton,Georgia,13121,34231,456
2021-02-05,Fulton,Georgia,13121,34484,462
2021-02-06,Fulton,Georgia,13121,34795,463
2021-02-07,Fulton,Georgia,13121,35003,465
2021-02-08,Fulton,Georgia,13121,35132,468
2021-02-09,Fulton,Georgia,13121,35371,473
2021-02-10,Fulton,Georgia,13121,35497,475
2021-02-11,Fulton,Georgia,13121,35677,476
2021-02-12,Fulton,Georgia,13121,35896,480
2021-02-13,Fulton,Georgia,13121,35983,480
2021-02-14,Fulton,Georgia,13121,36092,480
2021-02-15,Fulton,Georgia,13121,36209,482
2021-02-16,Fulton,Georgia,13121,36236,482
2021-02-17,Fulton,Georgia,13121,36319,483
2021-02-18,Fulton,Georgia,13121,36389,484
2021-02-19,Fulton,Georgia,13121,36493,485
2021-02-20,Fulton,Georgia,13121,36581,485
2021-02-21,Fulton,Georgia,13121,36614,485
2021-02-22,Fulton,Georgia,13121,36656,485
2021-02-23,Fulton,Georgia,13121,36700,485
2021-02-24,Fulton,Georgia,13121,36781,486
2021-02-25,Fulton,Georgia,13121,36893,486
2021-02-26,Fulton,Georgia,13121,37008,488
2021-02-27,Fulton,Georgia,13121,37050,489
2021-02-28,Fulton,Georgia,13121,37136,490
2021-03-01,Fulton,Georgia,13121,37157,490
2021-03-02,Fulton,Georgia,13121,37242,491
2021-03-03,Fulton,Georgia,13121,37282,491
2021-03-04,Fulton,Georgia,13121,37357,493
2021-03-05,Fulton,Georgia,13121,37410,494
2021-03-06,Fulton,Georgia,13121,37457,494
2021-03-07,Fulton,Georgia,13121,37537,495
2021-03-08,Fulton,Georgia,13121,37605,497
2021-03-09,Fulton,Georgia,13121,37726,499
2021-03-10,Fulton,Georgia,13121,37781,500
2021-03-11,Fulton,Georgia,13121,37852,500
2021-03-12,Fulton,Georgia,13121,37880,500
2021-03-13,Fulton,Georgia,13121,37933,501
2021-03-14,Fulton,Georgia,13121,38001,502
2021-03-15,Fulton,Georgia,13121,38079,502
2021-03-16,Fulton,Georgia,13121,38183,504
2021-03-17,Fulton,Georgia,13121,38226,504
2021-03-18,Fulton,Georgia,13121,38281,505
2021-03-19,Fulton,Georgia,13121,38313,505
2021-03-20,Fulton,Georgia,13121,38399,506
2021-03-21,Fulton,Georgia,13121,38436,506
2021-03-22,Fulton,Georgia,13121,38538,508
2021-03-23,Fulton,Georgia,13121,38649,510
2021-03-24,Fulton,Georgia,13121,38686,511
2021-03-25,Fulton,Georgia,13121,38811,513
2021-03-26,Fulton,Georgia,13121,38916,515
2021-03-27,Fulton,Georgia,13121,38965,516
2021-03-28,Fulton,Georgia,13121,39036,517
2021-03-29,Fulton,Georgia,13121,39089,517
2021-03-30,Fulton,Georgia,13121,39145,517
2021-03-31,Fulton,Georgia,13121,39245,518
2021-04-01,Fulton,Georgia,13121,39311,518
2021-04-02,Fulton,Georgia,13121,39376,519
2021-04-03,Fulton,Georgia,13121,39440,520
2021-04-04,Fulton,Georgia,13121,39498,521
2021-04-05,Fulton,Georgia,13121,39623,524
2021-04-06,Fulton,Georgia,13121,39646,524
2021-04-07,Fulton,Georgia,13121,39689,524
2021-04-08,Fulton,Georgia,13121,39741,524
2021-04-09,Fulton,Georgia,13121,39796,525
2021-04-10,Fulton,Georgia,13121,39851,526
2021-04-11,Fulton,Georgia,13121,39893,526
2021-04-12,Fulton,Georgia,13121,39967,527
2021-04-13,Fulton,Georgia,13121,39999,527
2021-04-14,Fulton,Georgia,13121,40054,527
2021-04-15,Fulton,Georgia,13121,40152,528
2021-04-16,Fulton,Georgia,13121,40276,528
2021-04-17,Fulton,Georgia,13121,40367,530
2021-04-18,Fulton,Georgia,13121,40484,532
2021-04-19,Fulton,Georgia,13121,40535,533
2021-04-20,Fulton,Georgia,13121,40596,533
2021-04-21,Fulton,Georgia,13121,40685,534
2021-04-22,Fulton,Georgia,13121,40745,535
2021-04-23,Fulton,Georgia,13121,40778,535
2021-04-24,Fulton,Georgia,13121,40879,536
2021-04-25,Fulton,Georgia,13121,40982,537
2021-04-26,Fulton,Georgia,13121,41019,537
2021-04-27,Fulton,Georgia,13121,41072,537
2021-04-28,Fulton,Georgia,13121,41102,537
2021-04-29,Fulton,Georgia,13121,41184,538
2021-04-30,Fulton,Georgia,13121,41233,538
2021-05-01,Fulton,Georgia,13121,41285,538
2021-05-02,Fulton,Georgia,13121,41388,538
2021-05-03,Fulton,Georgia,13121,41492,540
2021-05-04,Fulton,Georgia,13121,41546,541
2021-05-05,Fulton,Georgia,13121,41663,542
2021-05-06,Fulton,Georgia,13121,41778,543
2021-05-07,Fulton,Georgia,13121,41849,544
2021-05-08,Fulton,Georgia,13121,41905,545
2021-05-09,Fulton,Georgia,13121,42001,546
2021-05-10,Fulton,Georgia,13121,42101,546
2021-05-11,Fulton,Georgia,13121,42134,546
2021-05-12,Fulton,Georgia,13121,42197,547
2021-05-13,Fulton,Georgia,13121,42223,547
2021-05-14,Fulton,Georgia,13121,42341,549
2021-05-15,Fulton,Georgia,13121,42364,549
2021-05-16,Fulton,Georgia,13121,42388,549
2021-05-17,Fulton,Georgia,13121,42494,551
2021-05-18,Fulton,Georgia,13121,42567,552
2021-05-19,Fulton,Georgia,13121,42655,554
2021-05-20,Fulton,Georgia,13121,42736,556
2021-05-21,Fulton,Georgia,13121,42840,557
2021-05-22,Fulton,Georgia,13121,42946,559
2021-05-23,Fulton,Georgia,13121,42976,559
2021-05-24,Fulton,Georgia,13121,43062,561
2021-05-25,Fulton,Georgia,13121,43163,563
2021-05-26,Fulton,Georgia,13121,43230,563
2021-05-27,Fulton,Georgia,13121,43299,564
2021-05-28,Fulton,Georgia,13121,43398,566
2021-05-29,Fulton,Georgia,13121,43427,566
2021-05-30,Fulton,Georgia,13121,43484,567
2021-05-31,Fulton,Georgia,13121,43578,569
2021-06-01,Fulton,Georgia,13121,43645,569
2021-06-02,Fulton,Georgia,13121,43727,569
2021-06-03,Fulton,Georgia,13121,43836,569
2021-06-04,Fulton,Georgia,13121,43881,569
2021-06-05,Fulton,Georgia,13121,43929,569
2021-06-06,Fulton,Georgia,13121,44022,570
2021-06-07,Fulton,Georgia,13121,44091,571
2021-06-08,Fulton,Georgia,13121,44194,572
2021-06-09,Fulton,Georgia,13121,44253,573
2021-06-10,Fulton,Georgia,13121,44366,573
2021-06-11,Fulton,Georgia,13121,44469,574
2021-06-12,Fulton,Georgia,13121,44509,574
2021-06-13,Fulton,Georgia,13121,44594,576
2021-06-14,Fulton,Georgia,13121,44698,577
2021-06-15,Fulton,Georgia,13121,44820,578
2021-06-16,Fulton,Georgia,13121,44874,578
2021-06-17,Fulton,Georgia,13121,44917,578
2021-06-18,Fulton,Georgia,13121,44983,578
2021-06-19,Fulton,Georgia,13121,45103,579
2021-06-20,Fulton,Georgia,13121,45162,579
2021-06-21,Fulton,Georgia,13121,45278,580
2021-06-22,Fulton,Georgia,13121,45388,581
2021-06-23,Fulton,Georgia,13121,45456,582
2021-06-24,Fulton,Georgia,13121,45556,583
2021-06-25,Fulton,Georgia,13121,45624,584
2021-06-26,Fulton,Georgia,13121,45667,584
2021-06-27,Fulton,Georgia,13121,45774,584
2021-06-28,Fulton,Georgia,13121,45813,585
2021-06-29,Fulton,Georgia,13121,45911,585
2021-06-30,Fulton,Georgia,13121,46012,585
2020-03-01,Cook,Illinois,17031,25,0
2020-03-02,Cook,Illinois,17031,63,0
2020-03-03,Cook,Illinois,17031,72,0
2020-03-04,Cook,Illinois,17031,113,0
2020-03-05,Cook,Illinois,17031,126,0
2020-03-06,Cook,Illinois,17031,149,0
2020-03-07,Cook,Illinois,17031,190,0
2020-03-08,Cook,Illinois,17031,234,0
2020-03-09,Cook,Illinois,17031,282,1
2020-03-10,Cook,Illinois,17031,304,1
2020-03-11,Cook,Illinois,17031,319,1
2020-03-12,Cook,Illinois,17031,323,1
2020-03-13,Cook,Illinois,17031,343,1
2020-03-14,Cook,Illinois,17031,391,1
2020-03-15,Cook,Illinois,17031,424,1
2020-03-16,Cook,Illinois,17031,431,1
2020-03-17,Cook,Illinois,17031,460,1
2020-03-18,Cook,Illinois,17031,468,1
2020-03-19,Cook,Illinois,17031,507,1
2020-03-20,Cook,Illinois,17031,548,2
2020-03-21,Cook,Illinois,17031,582,2
2020-03-22,Cook,Illinois,17031,603,2
2020-03-23,Cook,Illinois,17031,611,2
2020-03-24,Cook,Illinois,17031,660,3
2020-03-25,Cook,Illinois,17031,701,3
2020-03-26,Cook,Illinois,17031,746,3
2020-03-27,Cook,Illinois,17031,754,3
2020-03-28,Cook,Illinois,17031,769,3
2020-03-29,Cook,Illinois,17031,815,3
2020-03-30,Cook,Illinois,17031,831,3
2020-03-31,Cook,Illinois,17031,1036,8
2020-04-01,Cook,Illinois,17031,1103,9
2020-04-02,Cook,Illinois,17031,1577,11
2020-04-03,Cook,Illinois,17031,1803,15
2020-04-04,Cook,Illinois,17031,2097,17
2020-04-05,Cook,Illinois,17031,2155,18
2020-04-06,Cook,Illinois,17031,2249,20
2020-04-07,Cook,Illinois,17031,2352,21
2020-04-08,Cook,Illinois,17031,2859,34
2020-04-09,Cook,Illinois,17031,3159,36
2020-04-10,Cook,Illinois,17031,3490,42
2020-04-11,Cook,Illinois,17031,3685,45
2020-04-12,Cook,Illinois,17031,4155,48
2020-04-13,Cook,Illinois,17031,4510,53
2020-04-14,Cook,Illinois,17031,4845,60
2020-04-15,Cook,Illinois,17031,5117,66
2020-04-16,Cook,Illinois,17031,5563,70
2020-04-17,Cook,Illinois,17031,5716,71
2020-04-18,Cook,Illinois,17031,6204,76
2020-04-19,Cook,Illinois,17031,6293,76
2020-04-20,Cook,Illinois,17031,6531,82
2020-04-21,Cook,Illinois,17031,6631,83
2020-04-22,Cook,Illinois,17031,6768,85
2020-04-23,Cook,Illinois,17031,6971,90
2020-04-24,Cook,Illinois,17031,7332,96
2020-04-25,Cook,Illinois,17031,7651,104
2020-04-26,Cook,Illinois,17031,8054,107
2020-04-27,Cook,Illinois,17031,8301,112
2020-04-28,Cook,Illinois,17031,8621,121
2020-04-29,Cook,Illinois,17031,8688,122
2020-04-30,Cook,Illinois,17031,8917,123
2020-05-01,Cook,Illinois,17031,9060,124
2020-05-02,Cook,Illinois,17031,9177,124
2020-05-03,Cook,Illinois,17031,9596,127
2020-05-04,Cook,Illinois,17031,9797,130
2020-05-05,Cook,Illinois,17031,10072,133
2020-05-06,Cook,Illinois,17031,10414,141
2020-05-07,Cook,Illinois,17031,10733,146
2020-05-08,Cook,Illinois,17031,10884,149
2020-05-09,Cook,Illinois,17031,11188,151
2020-05-10,Cook,Illinois,17031,11368,155
2020-05-11,Cook,Illinois,17031,11847,161
2020-05-12,Cook,Illinois,17031,12312,166
2020-05-13,Cook,Illinois,17031,12737,173
2020-05-14,Cook,Illinois,17031,13042,179
2020-05-15,Cook,Illinois,17031,13403,183
2020-05-16,Cook,Illinois,17031,13695,184
2020-05-17,Cook,Illinois,17031,13915,188
2020-05-18,Cook,Illinois,17031,14413,192
2020-05-19,Cook,Illinois,17031,14569,194
2020-05-20,Cook,Illinois,17031,14672,195
2020-05-21,Cook,Illinois,17031,14860,200
2020-05-22,Cook,Illinois,17031,15053,203
2020-05-23,Cook,Illinois,17031,15560,206
2020-05-24,Cook,Illinois,17031,16013,213
2020-05-25,Cook,Illinois,17031,16248,219
2020-05-26,Cook,Illinois,17031,16762,224
2020-05-27,Cook,Illinois,17031,17202,228
2020-05-28,Cook,Illinois,17031,17261,229
2020-05-29,Cook,Illinois,17031,17476,233
2020-05-30,Cook,Illinois,17031,17597,236
2020-05-31,Cook,Illinois,17031,17891,243
2020-06-01,Cook,Illinois,17031,18110,245
2020-06-02,Cook,Illinois,17031,18600,253
2020-06-03,Cook,Illinois,17031,18825,254
2020-06-04,Cook,Illinois,17031,18953,256
2020-06-05,Cook,Illinois,17031,19291,264
2020-06-06,Cook,Illinois,17031,19690,267
2020-06-07,Cook,Illinois,17031,20178,276
2020-06-08,Cook,Illinois,17031,20627,281
2020-06-09,Cook,Illinois,17031,21123,295
2020-06-10,Cook,Illinois,17031,21311,300
2020-06-11,Cook,Illinois,17031,21813,313
2020-06-12,Cook,Illinois,17031,22081,315
2020-06-13,Cook,Illinois,17031,22567,317
2020-06-14,Cook,Illinois,17031,22734,320
2020-06-15,Cook,Illinois,17031,22929,325
2020-06-16,Cook,Illinois,17031,23264,334
2020-06-17,Cook,Illinois,17031,23342,335
2020-06-18,Cook,Illinois,17031,23460,338
2020-06-19,Cook,Illinois,17031,23865,348
2020-06-20,Cook,Illinois,17031,24357,353
2020-06-21,Cook,Illinois,17031,24772,361
2020-06-22,Cook,Illinois,17031,25004,363
2020-06-23,Cook,Illinois,17031,25442,365
2020-06-24,Cook,Illinois,17031,25940,370
2020-06-25,Cook,Illinois,17031,26405,373
2020-06-26,Cook,Illinois,17031,26799,384
2020-06-27,Cook,Illinois,17031,26920,385
2020-06-28,Cook,Illinois,17031,27283,393
2020-06-29,Cook,Illinois,17031,27393,393
2020-06-30,Cook,Illinois,17031,27720,395
2020-07-01,Cook,Illinois,17031,28276,404
2020-07-02,Cook,Illinois,17031,28855,411
2020-07-03,Cook,Illinois,17031,29048,415
2020-07-04,Cook,Illinois,17031,29478,417
2020-07-05,Cook,Illinois,17031,30286,439
2020-07-06,Cook,Illinois,17031,30635,443
2020-07-07,Cook,Illinois,17031,31450,454
2020-07-08,Cook,Illinois,17031,32195,459
2020-07-09,Cook,Illinois,17031,32634,467
2020-07-10,Cook,Illinois,17031,33368,483
2020-07-11,Cook,Illinois,17031,34043,499
2020-07-12,Cook,Illinois,17031,34307,501
2020-07-13,Cook,Illinois,17031,35129,517
2020-07-14,Cook,Illinois,17031,35663,524
2020-07-15,Cook,Illinois,17031,36392,539
2020-07-16,Cook,Illinois,17031,37098,559
2020-07-17,Cook,Illinois,17031,37505,567
2020-07-18,Cook,Illinois,17031,38231,575
2020-07-19,Cook,Illinois,17031,38856,582
2020-07-20,Cook,Illinois,17031,39140,587
2020-07-21,Cook,Illinois,17031,39545,597
2020-07-22,Cook,Illinois,17031,40356,602
2020-07-23,Cook,Illinois,17031,40531,606
2020-07-24,Cook,Illinois,17031,40809,610
2020-07-25,Cook,Illinois,17031,41338,621
2020-07-26,Cook,Illinois,17031,41515,625
2020-07-27,Cook,Illinois,17031,42128,636
2020-07-28,Cook,Illinois,17031,42834,646
2020-07-29,Cook,Illinois,17031,43311,659
2020-07-30,Cook,Illinois,17031,43689,666
2020-07-31,Cook,Illinois,17031,44217,679
2020-08-01,Cook,Illinois,17031,45007,694
2020-08-02,Cook,Illinois,17031,45194,698
2020-08-03,Cook,Illinois,17031,45557,705
2020-08-04,Cook,Illinois,17031,46311,716
2020-08-05,Cook,Illinois,17031,46697,725
2020-08-06,Cook,Illinois,17031,47050,733
2020-08-07,Cook,Illinois,17031,47767,746
2020-08-08,Cook,Illinois,17031,48246,759
2020-08-09,Cook,Illinois,17031,48935,773
2020-08-10,Cook,Illinois,17031,49598,787
2020-08-11,Cook,Illinois,17031,49719,789
2020-08-12,Cook,Illinois,17031,49839,792
2020-08-13,Cook,Illinois,17031,50013,796
2020-08-14,Cook,Illinois,17031,50694,811
2020-08-15,Cook,Illinois,17031,51409,819
2020-08-16,Cook,Illinois,17031,52102,828
2020-08-17,Cook,Illinois,17031,52906,837
2020-08-18,Cook,Illinois,17031,53330,839
2020-08-19,Cook,Illinois,17031,53763,851
2020-08-20,Cook,Illinois,17031,54055,858
2020-08-21,Cook,Illinois,17031,54308,864
2020-08-22,Cook,Illinois,17031,54805,870
2020-08-23,Cook,Illinois,17031,55197,875
2020-08-24,Cook,Illinois,17031,55887,893
2020-08-25,Cook,Illinois,17031,56607,902
2020-08-26,Cook,Illinois,17031,57154,914
2020-08-27,Cook,Illinois,17031,57859,921
2020-08-28,Cook,Illinois,17031,58559,926
2020-08-29,Cook,Illinois,17031,59182,939
2020-08-30,Cook,Illinois,17031,59510,944
2020-08-31,Cook,Illinois,17031,59747,947
2020-09-01,Cook,Illinois,17031,60040,953
2020-09-02,Cook,Illinois,17031,60395,961
2020-09-03,Cook,Illinois,17031,61143,978
2020-09-04,Cook,Illinois,17031,61937,988
2020-09-05,Cook,Illinois,17031,62120,991
2020-09-06,Cook,Illinois,17031,62878,1008
2020-09-07,Cook,Illinois,17031,63385,1020
2020-09-08,Cook,Illinois,17031,63876,1027
2020-09-09,Cook,Illinois,17031,64480,1033
2020-09-10,Cook,Illinois,17031,64648,1036
2020-09-11,Cook,Illinois,17031,65383,1047
2020-09-12,Cook,Illinois,17031,65675,1053
2020-09-13,Cook,Illinois,17031,66162,1060
2020-09-14,Cook,Illinois,17031,66929,1065
2020-09-15,Cook,Illinois,17031,67721,1085
2020-09-16,Cook,Illinois,17031,68463,1094
2020-09-17,Cook,Illinois,17031,68977,1097
2020-09-18,Cook,Illinois,17031,69800,1110
2020-09-19,Cook,Illinois,17031,69932,1112
2020-09-20,Cook,Illinois,17031,70516,1118
2020-09-21,Cook,Illinois,17031,70975,1129
2020-09-22,Cook,Illinois,17031,71786,1138
2020-09-23,Cook,Illinois,17031,72051,1143
2020-09-24,Cook,Illinois,17031,72309,1144
2020-09-25,Cook,Illinois,17031,72587,1145
2020-09-26,Cook,Illinois,17031,73131,1159
2020-09-27,Cook,Illinois,17031,73532,1166
2020-09-28,Cook,Illinois,17031,74044,1173
2020-09-29,Cook,Illinois,17031,74758,1186
2020-09-30,Cook,Illinois,17031,75313,1201
2020-10-01,Cook,Illinois,17031,76121,1220
2020-10-02,Cook,Illinois,17031,76733,1238
2020-10-03,Cook,Illinois,17031,77415,1245
2020-10-04,Cook,Illinois,17031,77784,1255
2020-10-05,Cook,Illinois,17031,78562,1265
2020-10-06,Cook,Illinois,17031,78922,1275
2020-10-07,Cook,Illinois,17031,79121,1280
2020-10-08,Cook,Illinois,17031,79935,1289
2020-10-09,Cook,Illinois,17031,80426,1293
2020-10-10,Cook,Illinois,17031,81236,1312
2020-10-11,Cook,Illinois,17031,81704,1319
2020-10-12,Cook,Illinois,17031,82033,1327
2020-10-13,Cook,Illinois,17031,82571,1339
2020-10-14,Cook,Illinois,17031,83191,1352
2020-10-15,Cook,Illinois,17031,83693,1366
2020-10-16,Cook,Illinois,17031,84131,1374
2020-10-17,Cook,Illinois,17031,84272,1376
2020-10-18,Cook,Illinois,17031,84733,1383
2020-10-19,Cook,Illinois,17031,85523,1390
2020-10-20,Cook,Illinois,17031,86029,1399
2020-10-21,Cook,Illinois,17031,86173,1400
2020-10-22,Cook,Illinois,17031,86901,1406
2020-10-23,Cook,Illinois,17031,87495,1409
2020-10-24,Cook,Illinois,17031,88116,1420
2020-10-25,Cook,Illinois,17031,88902,1438
2020-10-26,Cook,Illinois,17031,89519,1448
2020-10-27,Cook,Illinois,17031,90129,1465
2020-10-28,Cook,Illinois,17031,90943,1473
2020-10-29,Cook,Illinois,17031,91371,1480
2020-10-30,Cook,Illinois,17031,91960,1487
2020-10-31,Cook,Illinois,17031,92473,1500
2020-11-01,Cook,Illinois,17031,93258,1506
2020-11-02,Cook,Illinois,17031,93750,1516
2020-11-03,Cook,Illinois,17031,94079,1517
2020-11-04,Cook,Illinois,17031,94621,1529
2020-11-05,Cook,Illinois,17031,94982,1531
2020-11-06,Cook,Illinois,17031,96499,1561
2020-11-07,Cook,Illinois,17031,97462,1583
2020-11-08,Cook,Illinois,17031,98676,1596
2020-11-09,Cook,Illinois,17031,99728,1621
2020-11-10,Cook,Illinois,17031,100258,1626
2020-11-11,Cook,Illinois,17031,101369,1645
2020-11-12,Cook,Illinois,17031,101825,1648
2020-11-13,Cook,Illinois,17031,103303,1676
2020-11-14,Cook,Illinois,17031,104785,1697
2020-11-15,Cook,Illinois,17031,105597,1715
2020-11-16,Cook,Illinois,17031,106077,1721
2020-11-17,Cook,Illinois,17031,106504,1726
2020-11-18,Cook,Illinois,17031,107687,1757
2020-11-19,Cook,Illinois,17031,108613,1765
2020-11-20,Cook,Illinois,17031,109418,1773
2020-11-21,Cook,Illinois,17031,110945,1804
2020-11-22,Cook,Illinois,17031,111673,1821
2020-11-23,Cook,Illinois,17031,112629,1826
2020-11-24,Cook,Illinois,17031,113687,1857
2020-11-25,Cook,Illinois,17031,114069,1862
2020-11-26,Cook,Illinois,17031,114586,1877
2020-11-27,Cook,Illinois,17031,115549,1881
2020-11-28,Cook,Illinois,17031,116333,1885
2020-11-29,Cook,Illinois,17031,117760,1912
2020-11-30,Cook,Illinois,17031,119131,1951
2020-12-01,Cook,Illinois,17031,119672,1962
2020-12-02,Cook,Illinois,17031,120205,1967
2020-12-03,Cook,Illinois,17031,120940,1986
2020-12-04,Cook,Illinois,17031,122377,2014
2020-12-05,Cook,Illinois,17031,123395,2041
2020-12-06,Cook,Illinois,17031,124577,2072
2020-12-07,Cook,Illinois,17031,125105,2076
2020-12-08,Cook,Illinois,17031,126426,2083
2020-12-09,Cook,Illinois,17031,126782,2089
2020-12-10,Cook,Illinois,17031,128275,2131
2020-12-11,Cook,Illinois,17031,129581,2147
2020-12-12,Cook,Illinois,17031,130250,2156
2020-12-13,Cook,Illinois,17031,130782,2165
2020-12-14,Cook,Illinois,17031,132203,2189
2020-12-15,Cook,Illinois,17031,133257,2220
2020-12-16,Cook,Illinois,17031,134703,2261
2020-12-17,Cook,Illinois,17031,136159,2288
2020-12-18,Cook,Illinois,17031,136948,2300
2020-12-19,Cook,Illinois,17031,137400,2308
2020-12-20,Cook,Illinois,17031,138127,2318
2020-12-21,Cook,Illinois,17031,138731,2333
2020-12-22,Cook,Illinois,17031,139272,2341
2020-12-23,Cook,Illinois,17031,140023,2361
2020-12-24,Cook,Illinois,17031,141470,2397
2020-12-25,Cook,Illinois,17031,142903,2429
2020-12-26,Cook,Illinois,17031,144249,2439
2020-12-27,Cook,Illinois,17031,145200,2459
2020-12-28,Cook,Illinois,17031,145905,2471
2020-12-29,Cook,Illinois,17031,146924,2489
2020-12-30,Cook,Illinois,17031,147720,2503
2020-12-31,Cook,Illinois,17031,148277,2510
2021-01-01,Cook,Illinois,17031,149139,2518
2021-01-02,Cook,Illinois,17031,150615,2541
2021-01-03,Cook,Illinois,17031,151461,2546
2021-01-04,Cook,Illinois,17031,151799,2548
2021-01-05,Cook,Illinois,17031,152801,2568
2021-01-06,Cook,Illinois,17031,153488,2588
2021-01-07,Cook,Illinois,17031,154749,2618
2021-01-08,Cook,Illinois,17031,155921,2639
2021-01-09,Cook,Illinois,17031,156281,2649
2021-01-10,Cook,Illinois,17031,156969,2662
2021-01-11,Cook,Illinois,17031,158390,2688
2021-01-12,Cook,Illinois,17031,159491,2713
2021-01-13,Cook,Illinois,17031,160460,2718
2021-01-14,Cook,Illinois,17031,161143,2724
2021-01-15,Cook,Illinois,17031,162643,2733
2021-01-16,Cook,Illinois,17031,163972,2768
2021-01-17,Cook,Illinois,17031,165193,2790
2021-01-18,Cook,Illinois,17031,165722,2797
2021-01-19,Cook,Illinois,17031,166895,2829
2021-01-20,Cook,Illinois,17031,167325,2841
2021-01-21,Cook,Illinois,17031,168737,2873
2021-01-22,Cook,Illinois,17031,169136,2877
2021-01-23,Cook,Illinois,17031,169700,2888
2021-01-24,Cook,Illinois,17031,170028,2897
2021-01-25,Cook,Illinois,17031,170591,2909
2021-01-26,Cook,Illinois,17031,172042,2916
2021-01-27,Cook,Illinois,17031,172648,2931
2021-01-28,Cook,Illinois,17031,173984,2970
2021-01-29,Cook,Illinois,17031,175513,3009
2021-01-30,Cook,Illinois,17031,176281,3028
2021-01-31,Cook,Illinois,17031,176645,3031
2021-02-01,Cook,Illinois,17031,177258,3044
2021-02-02,Cook,Illinois,17031,178657,3065
2021-02-03,Cook,Illinois,17031,179671,3091
2021-02-04,Cook,Illinois,17031,180754,3101
2021-02-05,Cook,Illinois,17031,182149,3133
2021-02-06,Cook,Illinois,17031,182794,3147
2021-02-07,Cook,Illinois,17031,183617,3159
2021-02-08,Cook,Illinois,17031,184269,3176
2021-02-09,Cook,Illinois,17031,185587,3198
2021-02-10,Cook,Illinois,17031,186637,3219
2021-02-11,Cook,Illinois,17031,187434,3236
2021-02-12,Cook,Illinois,17031,188298,3254
2021-02-13,Cook,Illinois,17031,188882,3266
2021-02-14,Cook,Illinois,17031,189044,3270
2021-02-15,Cook,Illinois,17031,189398,3273
2021-02-16,Cook,Illinois,17031,189669,3280
2021-02-17,Cook,Illinois,17031,189904,3285
2021-02-18,Cook,Illinois,17031,190486,3293
2021-02-19,Cook,Illinois,17031,190865,3297
2021-02-20,Cook,Illinois,17031,191261,3300
2021-02-21,Cook,Illinois,17031,191425,3304
2021-02-22,Cook,Illinois,17031,191983,3320
2021-02-23,Cook,Illinois,17031,192371,3326
2021-02-24,Cook,Illinois,17031,192539,3331
2021-02-25,Cook,Illinois,17031,192883,3333
2021-02-26,Cook,Illinois,17031,193103,3338
2021-02-27,Cook,Illinois,17031,193301,3342
2021-02-28,Cook,Illinois,17031,193819,3347
2021-03-01,Cook,Illinois,17031,194238,3353
2021-03-02,Cook,Illinois,17031,194414,3356
2021-03-03,Cook,Illinois,17031,194538,3359
2021-03-04,Cook,Illinois,17031,195035,3363
2021-03-05,Cook,Illinois,17031,195246,3365
2021-03-06,Cook,Illinois,17031,195641,3376
2021-03-07,Cook,Illinois,17031,195919,3383
2021-03-08,Cook,Illinois,17031,196496,3390
2021-03-09,Cook,Illinois,17031,196702,3394
2021-03-10,Cook,Illinois,17031,197006,3396
2021-03-11,Cook,Illinois,17031,197259,3397
2021-03-12,Cook,Illinois,17031,197456,3398
2021-03-13,Cook,Illinois,17031,197897,3405
2021-03-14,Cook,Illinois,17031,198448,3408
2021-03-15,Cook,Illinois,17031,198677,3412
2021-03-16,Cook,Illinois,17031,199066,3415
2021-03-17,Cook,Illinois,17031,199665,3418
2021-03-18,Cook,Illinois,17031,200120,3424
2021-03-19,Cook,Illinois,17031,200498,3431
2021-03-20,Cook,Illinois,17031,200688,3436
2021-03-21,Cook,Illinois,17031,200981,3438
2021-03-22,Cook,Illinois,17031,201137,3439
2021-03-23,Cook,Illinois,17031,201436,3444
2021-03-24,Cook,Illinois,17031,201958,3456
2021-03-25,Cook,Illinois,17031,202122,3457
2021-03-26,Cook,Illinois,17031,202548,3465
2021-03-27,Cook,Illinois,17031,202689,3467
2021-03-28,Cook,Illinois,17031,203261,3483
2021-03-29,Cook,Illinois,17031,203696,3488
2021-03-30,Cook,Illinois,17031,204116,3494
2021-03-31,Cook,Illinois,17031,204604,3504
2021-04-01,Cook,Illinois,17031,205022,3509
2021-04-02,Cook,Illinois,17031,205633,3519
2021-04-03,Cook,Illinois,17031,206209,3524
2021-04-04,Cook,Illinois,17031,206588,3529
2021-04-05,Cook,Illinois,17031,206765,3532
2021-04-06,Cook,Illinois,17031,206957,3537
2021-04-07,Cook,Illinois,17031,207574,3553
2021-04-08,Cook,Illinois,17031,207866,3554
2021-04-09,Cook,Illinois,17031,208383,3558
2021-04-10,Cook,Illinois,17031,208722,3565
2021-04-11,Cook,Illinois,17031,209103,3569
2021-04-12,Cook,Illinois,17031,209413,3577
2021-04-13,Cook,Illinois,17031,209697,3585
2021-04-14,Cook,Illinois,17031,210016,3589
2021-04-15,Cook,Illinois,17031,210496,3596
2021-04-16,Cook,Illinois,17031,210799,3600
2021-04-17,Cook,Illinois,17031,211069,3604
2021-04-18,Cook,Illinois,17031,211544,3608
2021-04-19,Cook,Illinois,17031,211758,3610
2021-04-20,Cook,Illinois,17031,211961,3615
2021-04-21,Cook,Illinois,17031,212403,3624
2021-04-22,Cook,Illinois,17031,212969,3634
2021-04-23,Cook,Illinois,17031,213465,3641
2021-04-24,Cook,Illinois,17031,213899,3645
2021-04-25,Cook,Illinois,17031,214074,3646
2021-04-26,Cook,Illinois,17031,214512,3651
2021-04-27,Cook,Illinois,17031,215043,3663
2021-04-28,Cook,Illinois,17031,215467,3665
2021-04-29,Cook,Illinois,17031,215681,3669
2021-04-30,Cook,Illinois,17031,215864,3671
2021-05-01,Cook,Illinois,17031,216233,3674
2021-05-02,Cook,Illinois,17031,216564,3681
2021-05-03,Cook,Illinois,17031,216865,3687
2021-05-04,Cook,Illinois,17031,217108,3692
2021-05-05,Cook,Illinois,17031,217501,3695
2021-05-06,Cook,Illinois,17031,217810,3702
2021-05-07,Cook,Illinois,17031,218014,3705
2021-05-08,Cook,Illinois,17031,218358,3714
2021-05-09,Cook,Illinois,17031,218528,3718
2021-05-10,Cook,Illinois,17031,218793,3725
2021-05-11,Cook,Illinois,17031,219211,3734
2021-05-12,Cook,Illinois,17031,219765,3746
2021-05-13,Cook,Illinois,17031,220273,3749
2021-05-14,Cook,Illinois,17031,220380,3751
2021-05-15,Cook,Illinois,17031,220510,3754
2021-05-16,Cook,Illinois,17031,220774,3761
2021-05-17,Cook,Illinois,17031,220981,3762
2021-05-18,Cook,Illinois,17031,221193,3767
2021-05-19,Cook,Illinois,17031,221482,3775
2021-05-20,Cook,Illinois,17031,221885,3785
2021-05-21,Cook,Illinois,17031,222232,3792
2021-05-22,Cook,Illinois,17031,222484,3793
2021-05-23,Cook,Illinois,17031,222876,3803
2021-05-24,Cook,Illinois,17031,223057,3805
2021-05-25,Cook,Illinois,17031,223434,3812
2021-05-26,Cook,Illinois,17031,223618,3815
2021-05-27,Cook,Illinois,17031,223962,3825
2021-05-28,Cook,Illinois,17031,224420,3837
2021-05-29,Cook,Illinois,17031,225025,3850
2021-05-30,Cook,Illinois,17031,225203,3852
2021-05-31,Cook,Illinois,17031,225695,3856
2021-06-01,Cook,Illinois,17031,225994,3860
2021-06-02,Cook,Illinois,17031,226184,3861
2021-06-03,Cook,Illinois,17031,226641,3872
2021-06-04,Cook,Illinois,17031,227223,3883
2021-06-05,Cook,Illinois,17031,227419,3888
2021-06-06,Cook,Illinois,17031,228021,3905
2021-06-07,Cook,Illinois,17031,228415,3915
2021-06-08,Cook,Illinois,17031,229026,3931
2021-06-09,Cook,Illinois,17031,229164,3932
2021-06-10,Cook,Illinois,17031,229421,3935
2021-06-11,Cook,Illinois,17031,229600,3940
2021-06-12,Cook,Illinois,17031,230110,3951
2021-06-13,Cook,Illinois,17031,230708,3958
2021-06-14,Cook,Illinois,17031,231177,3971
2021-06-15,Cook,Illinois,17031,231322,3973
2021-06-16,Cook,Illinois,17031,231836,3975
2021-06-17,Cook,Illinois,17031,232397,3983
2021-06-18,Cook,Illinois,17031,232587,3987
2021-06-19,Cook,Illinois,17031,232788,3989
2021-06-20,Cook,Illinois,17031,233159,3999
2021-06-21,Cook,Illinois,17031,233514,4008
2021-06-22,Cook,Illinois,17031,233643,4009
2021-06-23,Cook,Illinois,17031,233903,4013
2021-06-24,Cook,Illinois,17031,234228,4014
2021-06-25,Cook,Illinois,17031,234717,4025
2021-06-26,Cook,Illinois,17031,235055,4027
2021-06-27,Cook,Illinois,17031,235441,4030
2021-06-28,Cook,Illinois,17031,236047,4042
2021-06-29,Cook,Illinois,17031,236528,4044
2021-06-30,Cook,Illinois,17031,236827,4052
2020-03-01,Orleans,Louisiana,22071,1,0
2020-03-02,Orleans,Louisiana,22071,3,0
2020-03-03,Orleans,Louisiana,22071,4,0
2020-03-04,Orleans,Louisiana,22071,7,0
2020-03-05,Orleans,Louisiana,22071,8,0
2020-03-06,Orleans,Louisiana,22071,11,0
2020-03-07,Orleans,Louisiana,22071,13,0
2020-03-08,Orleans,Louisiana,22071,14,0
2020-03-09,Orleans,Louisiana,22071,17,0
2020-03-10,Orleans,Louisiana,22071,19,0
2020-03-11,Orleans,Louisiana,22071,20,0
2020-03-12,Orleans,Louisiana,22071,23,0
2020-03-13,Orleans,Louisiana,22071,23,0
2020-03-14,Orleans,Louisiana,22071,24,0
2020-03-15,Orleans,Louisiana,22071,27,0
2020-03-16,Orleans,Louisiana,22071,30,0
2020-03-17,Orleans,Louisiana,22071,30,0
2020-03-18,Orleans,Louisiana,22071,33,0
2020-03-19,Orleans,Louisiana,22071,33,0
2020-03-20,Orleans,Louisiana,22071,36,0
2020-03-21,Orleans,Louisiana,22071,39,0
2020-03-22,Orleans,Louisiana,22071,39,0
2020-03-23,Orleans,Louisiana,22071,41,0
2020-03-24,Orleans,Louisiana,22071,43,0
2020-03-25,Orleans,Louisiana,22071,43,0
2020-03-26,Orleans,Louisiana,22071,43,0
2020-03-27,Orleans,Louisiana,22071,43,0
2020-03-28,Orleans,Louisiana,22071,43,0
2020-03-29,Orleans,Louisiana,22071,45,0
2020-03-30,Orleans,Louisiana,22071,45,0
2020-03-31,Orleans,Louisiana,22071,70,0
2020-04-01,Orleans,Louisiana,22071,84,0
2020-04-02,Orleans,Louisiana,22071,118,0
2020-04-03,Orleans,Louisiana,22071,128,0
2020-04-04,Orleans,Louisiana,22071,138,0
2020-04-05,Orleans,Louisiana,22071,146,0
2020-04-06,Orleans,Louisiana,22071,184,0
2020-04-07,Orleans,Louisiana,22071,212,0
2020-04-08,Orleans,Louisiana,22071,222,0
2020-04-09,Orleans,Louisiana,22071,260,0
2020-04-10,Orleans,Louisiana,22071,286,0
2020-04-11,Orleans,Louisiana,22071,311,0
2020-04-12,Orleans,Louisiana,22071,324,0
2020-04-13,Orleans,Louisiana,22071,356,0
2020-04-14,Orleans,Louisiana,22071,378,0
2020-04-15,Orleans,Louisiana,22071,415,0
2020-04-16,Orleans,Louisiana,22071,445,0
2020-04-17,Orleans,Louisiana,22071,451,0
2020-04-18,Orleans,Louisiana,22071,480,0
2020-04-19,Orleans,Louisiana,22071,512,0
2020-04-20,Orleans,Louisiana,22071,542,0
2020-04-21,Orleans,Louisiana,22071,546,0
2020-04-22,Orleans,Louisiana,22071,552,0
2020-04-23,Orleans,Louisiana,22071,588,0
2020-04-24,Orleans,Louisiana,22071,615,0
2020-04-25,Orleans,Louisiana,22071,621,0
2020-04-26,Orleans,Louisiana,22071,654,0
2020-04-27,Orleans,Louisiana,22071,683,0
2020-04-28,Orleans,Louisiana,22071,704,0
2020-04-29,Orleans,Louisiana,22071,718,0
2020-04-30,Orleans,Louisiana,22071,728,0
2020-05-01,Orleans,Louisiana,22071,733,0
2020-05-02,Orleans,Louisiana,22071,753,0
2020-05-03,Orleans,Louisiana,22071,789,0
2020-05-04,Orleans,Louisiana,22071,827,0
2020-05-05,Orleans,Louisiana,22071,862,0
2020-05-06,Orleans,Louisiana,22071,870,0
2020-05-07,Orleans,Louisiana,22071,888,0
2020-05-08,Orleans,Louisiana,22071,896,0
2020-05-09,Orleans,Louisiana,22071,934,0
2020-05-10,Orleans,Louisiana,22071,951,0
2020-05-11,Orleans,Louisiana,22071,982,0
2020-05-12,Orleans,Louisiana,22071,991,0
2020-05-13,Orleans,Louisiana,22071,1001,0
2020-05-14,Orleans,Louisiana,22071,1018,0
2020-05-15,Orleans,Louisiana,22071,1033,0
2020-05-16,Orleans,Louisiana,22071,1050,0
2020-05-17,Orleans,Louisiana,22071,1087,0
2020-05-18,Orleans,Louisiana,22071,1098,0
2020-05-19,Orleans,Louisiana,22071,1127,0
2020-05-20,Orleans,Louisiana,22071,1164,0
2020-05-21,Orleans,Louisiana,22071,1201,0
2020-05-22,Orleans,Louisiana,22071,1238,0
2020-05-23,Orleans,Louisiana,22071,1253,0
2020-05-24,Orleans,Louisiana,22071,1267,0
2020-05-25,Orleans,Louisiana,22071,1304,0
2020-05-26,Orleans,Louisiana,22071,1322,0
2020-05-27,Orleans,Louisiana,22071,1336,0
2020-05-28,Orleans,Louisiana,22071,1362,0
2020-05-29,Orleans,Louisiana,22071,1380,0
2020-05-30,Orleans,Louisiana,22071,1388,0
2020-05-31,Orleans,Louisiana,22071,1417,0
2020-06-01,Orleans,Louisiana,22071,1451,0
2020-06-02,Orleans,Louisiana,22071,1488,0
2020-06-03,Orleans,Louisiana,22071,1507,0
2020-06-04,Orleans,Louisiana,22071,1518,0
2020-06-05,Orleans,Louisiana,22071,1530,0
2020-06-06,Orleans,Louisiana,22071,1544,0
2020-06-07,Orleans,Louisiana,22071,1582,0
2020-06-08,Orleans,Louisiana,22071,1605,0
2020-06-09,Orleans,Louisiana,22071,1620,0
2020-06-10,Orleans,Louisiana,22071,1628,0
2020-06-11,Orleans,Louisiana,22071,1654,0
2020-06-12,Orleans,Louisiana,22071,1665,0
2020-06-13,Orleans,Louisiana,22071,1677,0
2020-06-14,Orleans,Louisiana,22071,1698,0
2020-06-15,Orleans,Louisiana,22071,1702,0
2020-06-16,Orleans,Louisiana,22071,1709,0
2020-06-17,Orleans,Louisiana,22071,1734,0
2020-06-18,Orleans,Louisiana,22071,1755,0
2020-06-19,Orleans,Louisiana,22071,1790,1
2020-06-20,Orleans,Louisiana,22071,1803,1
2020-06-21,Orleans,Louisiana,22071,1834,1
2020-06-22,Orleans,Louisiana,22071,1847,1
2020-06-23,Orleans,Louisiana,22071,1880,1
2020-06-24,Orleans,Louisiana,22071,1892,1
2020-06-25,Orleans,Louisiana,22071,1907,1
2020-06-26,Orleans,Louisiana,22071,1927,1
2020-06-27,Orleans,Louisiana,22071,1940,1
2020-06-28,Orleans,Louisiana,22071,1978,1
2020-06-29,Orleans,Louisiana,22071,2015,1
2020-06-30,Orleans,Louisiana,22071,2058,2
2020-07-01,Orleans,Louisiana,22071,2098,2
2020-07-02,Orleans,Louisiana,22071,2145,3
2020-07-03,Orleans,Louisiana,22071,2163,3
2020-07-04,Orleans,Louisiana,22071,2186,3
2020-07-05,Orleans,Louisiana,22071,2216,3
2020-07-06,Orleans,Louisiana,22071,2224,3
2020-07-07,Orleans,Louisiana,22071,2239,3
2020-07-08,Orleans,Louisiana,22071,2282,4
2020-07-09,Orleans,Louisiana,22071,2294,4
2020-07-10,Orleans,Louisiana,22071,2351,4
2020-07-11,Orleans,Louisiana,22071,2392,4
2020-07-12,Orleans,Louisiana,22071,2432,4
2020-07-13,Orleans,Louisiana,22071,2445,4
2020-07-14,Orleans,Louisiana,22071,2467,4
2020-07-15,Orleans,Louisiana,22071,2499,4
2020-07-16,Orleans,Louisiana,22071,2513,4
2020-07-17,Orleans,Louisiana,22071,2527,4
2020-07-18,Orleans,Louisiana,22071,2564,4
2020-07-19,Orleans,Louisiana,22071,2589,4
2020-07-20,Orleans,Louisiana,22071,2626,4
2020-07-21,Orleans,Louisiana,22071,2669,4
2020-07-22,Orleans,Louisiana,22071,2694,4
2020-07-23,Orleans,Louisiana,22071,2703,4
2020-07-24,Orleans,Louisiana,22071,2741,4
2020-07-25,Orleans,Louisiana,22071,2797,4
2020-07-26,Orleans,Louisiana,22071,2843,4
2020-07-27,Orleans,Louisiana,22071,2854,4
2020-07-28,Orleans,Louisiana,22071,2870,4
2020-07-29,Orleans,Louisiana,22071,2929,4
2020-07-30,Orleans,Louisiana,22071,2978,5
2020-07-31,Orleans,Louisiana,22071,3004,5
2020-08-01,Orleans,Louisiana,22071,3052,5
2020-08-02,Orleans,Louisiana,22071,3089,5
2020-08-03,Orleans,Louisiana,22071,3131,5
2020-08-04,Orleans,Louisiana,22071,3147,5
2020-08-05,Orleans,Louisiana,22071,3199,5
2020-08-06,Orleans,Louisiana,22071,3213,5
2020-08-07,Orleans,Louisiana,22071,3235,5
2020-08-08,Orleans,Louisiana,22071,3278,5
2020-08-09,Orleans,Louisiana,22071,3288,5
2020-08-10,Orleans,Louisiana,22071,3308,5
2020-08-11,Orleans,Louisiana,22071,3327,5
2020-08-12,Orleans,Louisiana,22071,3343,5
2020-08-13,Orleans,Louisiana,22071,3378,5
2020-08-14,Orleans,Louisiana,22071,3427,6
2020-08-15,Orleans,Louisiana,22071,3435,6
2020-08-16,Orleans,Louisiana,22071,3469,6
2020-08-17,Orleans,Louisiana,22071,3514,6
2020-08-18,Orleans,Louisiana,22071,3523,6
2020-08-19,Orleans,Louisiana,22071,3542,6
2020-08-20,Orleans,Louisiana,22071,3550,6
2020-08-21,Orleans,Louisiana,22071,3589,6
2020-08-22,Orleans,Louisiana,22071,3645,6
2020-08-23,Orleans,Louisiana,22071,3664,6
2020-08-24,Orleans,Louisiana,22071,3721,7
2020-08-25,Orleans,Louisiana,22071,3744,7
2020-08-26,Orleans,Louisiana,22071,3779,7
2020-08-27,Orleans,Louisiana,22071,3797,7
2020-08-28,Orleans,Louisiana,22071,3823,7
2020-08-29,Orleans,Louisiana,22071,3845,7
2020-08-30,Orleans,Louisiana,22071,3868,7
2020-08-31,Orleans,Louisiana,22071,3908,7
2020-09-01,Orleans,Louisiana,22071,3943,7
2020-09-02,Orleans,Louisiana,22071,3960,7
2020-09-03,Orleans,Louisiana,22071,4011,8
2020-09-04,Orleans,Louisiana,22071,4066,8
2020-09-05,Orleans,Louisiana,22071,4104,8
2020-09-06,Orleans,Louisiana,22071,4157,9
2020-09-07,Orleans,Louisiana,22071,4213,10
2020-09-08,Orleans,Louisiana,22071,4240,10
2020-09-09,Orleans,Louisiana,22071,4282,10
2020-09-10,Orleans,Louisiana,22071,4338,10
2020-09-11,Orleans,Louisiana,22071,4373,10
2020-09-12,Orleans,Louisiana,22071,4392,10
2020-09-13,Orleans,Louisiana,22071,4418,10
2020-09-14,Orleans,Louisiana,22071,4465,11
2020-09-15,Orleans,Louisiana,22071,4497,11
2020-09-16,Orleans,Louisiana,22071,4545,12
2020-09-17,Orleans,Louisiana,22071,4579,12
2020-09-18,Orleans,Louisiana,22071,4630,13
2020-09-19,Orleans,Louisiana,22071,4689,13
2020-09-20,Orleans,Louisiana,22071,4702,13
2020-09-21,Orleans,Louisiana,22071,4711,13
2020-09-22,Orleans,Louisiana,22071,4719,13
2020-09-23,Orleans,Louisiana,22071,4726,13
2020-09-24,Orleans,Louisiana,22071,4773,14
2020-09-25,Orleans,Louisiana,22071,4786,14
2020-09-26,Orleans,Louisiana,22071,4829,15
2020-09-27,Orleans,Louisiana,22071,4877,15
2020-09-28,Orleans,Louisiana,22071,4900,15
2020-09-29,Orleans,Louisiana,22071,4924,15
2020-09-30,Orleans,Louisiana,22071,4938,15
2020-10-01,Orleans,Louisiana,22071,4970,15
2020-10-02,Orleans,Louisiana,22071,5031,16
2020-10-03,Orleans,Louisiana,22071,5045,16
2020-10-04,Orleans,Louisiana,22071,5104,17
2020-10-05,Orleans,Louisiana,22071,5159,18
2020-10-06,Orleans,Louisiana,22071,5176,18
2020-10-07,Orleans,Louisiana,22071,5223,18
2020-10-08,Orleans,Louisiana,22071,5279,19
2020-10-09,Orleans,Louisiana,22071,5301,19
2020-10-10,Orleans,Louisiana,22071,5339,19
2020-10-11,Orleans,Louisiana,22071,5384,19
2020-10-12,Orleans,Louisiana,22071,5413,19
2020-10-13,Orleans,Louisiana,22071,5422,19
2020-10-14,Orleans,Louisiana,22071,5455,19
2020-10-15,Orleans,Louisiana,22071,5463,19
2020-10-16,Orleans,Louisiana,22071,5506,20
2020-10-17,Orleans,Louisiana,22071,5561,21
2020-10-18,Orleans,Louisiana,22071,5608,21
2020-10-19,Orleans,Louisiana,22071,5630,21
2020-10-20,Orleans,Louisiana,22071,5690,21
2020-10-21,Orleans,Louisiana,22071,5735,22
2020-10-22,Orleans,Louisiana,22071,5797,22
2020-10-23,Orleans,Louisiana,22071,5835,23
2020-10-24,Orleans,Louisiana,22071,5873,23
2020-10-25,Orleans,Louisiana,22071,5924,24
2020-10-26,Orleans,Louisiana,22071,5972,24
2020-10-27,Orleans,Louisiana,22071,5984,24
2020-10-28,Orleans,Louisiana,22071,6036,24
2020-10-29,Orleans,Louisiana,22071,6064,24
2020-10-30,Orleans,Louisiana,22071,6111,24
2020-10-31,Orleans,Louisiana,22071,6136,24
2020-11-01,Orleans,Louisiana,22071,6166,24
2020-11-02,Orleans,Louisiana,22071,6194,24
2020-11-03,Orleans,Louisiana,22071,6243,24
2020-11-04,Orleans,Louisiana,22071,6287,25
2020-11-05,Orleans,Louisiana,22071,6331,25
2020-11-06,Orleans,Louisiana,22071,6444,25
2020-11-07,Orleans,Louisiana,22071,6491,25
2020-11-08,Orleans,Louisiana,22071,6600,27
2020-11-09,Orleans,Louisiana,22071,6665,28
2020-11-10,Orleans,Louisiana,22071,6752,30
2020-11-11,Orleans,Louisiana,22071,6807,31
2020-11-12,Orleans,Louisiana,22071,6922,31
2020-11-13,Orleans,Louisiana,22071,6977,32
2020-11-14,Orleans,Louisiana,22071,7070,34
2020-11-15,Orleans,Louisiana,22071,7147,36
2020-11-16,Orleans,Louisiana,22071,7244,38
2020-11-17,Orleans,Louisiana,22071,7304,39
2020-11-18,Orleans,Louisiana,22071,7409,42
2020-11-19,Orleans,Louisiana,22071,7483,43
2020-11-20,Orleans,Louisiana,22071,7560,43
2020-11-21,Orleans,Louisiana,22071,7634,45
2020-11-22,Orleans,Louisiana,22071,7726,47
2020-11-23,Orleans,Louisiana,22071,7823,48
2020-11-24,Orleans,Louisiana,22071,7876,49
2020-11-25,Orleans,Louisiana,22071,7934,50
2020-11-26,Orleans,Louisiana,22071,8006,51
2020-11-27,Orleans,Louisiana,22071,8049,51
2020-11-28,Orleans,Louisiana,22071,8110,52
2020-11-29,Orleans,Louisiana,22071,8143,52
2020-11-30,Orleans,Louisiana,22071,8208,53
2020-12-01,Orleans,Louisiana,22071,8315,54
2020-12-02,Orleans,Louisiana,22071,8338,54
2020-12-03,Orleans,Louisiana,22071,8408,54
2020-12-04,Orleans,Louisiana,22071,8444,54
2020-12-05,Orleans,Louisiana,22071,8556,55
2020-12-06,Orleans,Louisiana,22071,8617,56
2020-12-07,Orleans,Louisiana,22071,8691,56
2020-12-08,Orleans,Louisiana,22071,8790,56
2020-12-09,Orleans,Louisiana,22071,8816,56
2020-12-10,Orleans,Louisiana,22071,8856,56
2020-12-11,Orleans,Louisiana,22071,8886,56
2020-12-12,Orleans,Louisiana,22071,8998,57
2020-12-13,Orleans,Louisiana,22071,9054,57
2020-12-14,Orleans,Louisiana,22071,9142,58
2020-12-15,Orleans,Louisiana,22071,9201,58
2020-12-16,Orleans,Louisiana,22071,9264,59
2020-12-17,Orleans,Louisiana,22071,9332,60
2020-12-18,Orleans,Louisiana,22071,9359,60
2020-12-19,Orleans,Louisiana,22071,9385,60
2020-12-20,Orleans,Louisiana,22071,9411,60
2020-12-21,Orleans,Louisiana,22071,9515,61
2020-12-22,Orleans,Louisiana,22071,9588,61
2020-12-23,Orleans,Louisiana,22071,9675,62
2020-12-24,Orleans,Louisiana,22071,9731,63
2020-12-25,Orleans,Louisiana,22071,9800,63
2020-12-26,Orleans,Louisiana,22071,9827,63
2020-12-27,Orleans,Louisiana,22071,9935,64
2020-12-28,Orleans,Louisiana,22071,10009,64
2020-12-29,Orleans,Louisiana,22071,10100,66
2020-12-30,Orleans,Louisiana,22071,10209,67
2020-12-31,Orleans,Louisiana,22071,10302,68
2021-01-01,Orleans,Louisiana,22071,10417,68
2021-01-02,Orleans,Louisiana,22071,10469,69
2021-01-03,Orleans,Louisiana,22071,10572,70
2021-01-04,Orleans,Louisiana,22071,10633,70
2021-01-05,Orleans,Louisiana,22071,10668,70
2021-01-06,Orleans,Louisiana,22071,10764,72
2021-01-07,Orleans,Louisiana,22071,10829,73
2021-01-08,Orleans,Louisiana,22071,10895,74
2021-01-09,Orleans,Louisiana,22071,10954,75
2021-01-10,Orleans,Louisiana,22071,11038,75
2021-01-11,Orleans,Louisiana,22071,11116,76
2021-01-12,Orleans,Louisiana,22071,11185,77
2021-01-13,Orleans,Louisiana,22071,11235,77
2021-01-14,Orleans,Louisiana,22071,11285,77
2021-01-15,Orleans,Louisiana,22071,11318,77
2021-01-16,Orleans,Louisiana,22071,11419,78
2021-01-17,Orleans,Louisiana,22071,11487,78
2021-01-18,Orleans,Louisiana,22071,11583,80
2021-01-19,Orleans,Louisiana,22071,11691,82
2021-01-20,Orleans,Louisiana,22071,11718,82
2021-01-21,Orleans,Louisiana,22071,11773,83
2021-01-22,Orleans,Louisiana,22071,11875,84
2021-01-23,Orleans,Louisiana,22071,11940,85
2021-01-24,Orleans,Louisiana,22071,12048,85
2021-01-25,Orleans,Louisiana,22071,12084,85
2021-01-26,Orleans,Louisiana,22071,12196,87
2021-01-27,Orleans,Louisiana,22071,12260,87
2021-01-28,Orleans,Louisiana,22071,12348,87
2021-01-29,Orleans,Louisiana,22071,12420,88
2021-01-30,Orleans,Louisiana,22071,12502,88
2021-01-31,Orleans,Louisiana,22071,12569,88
2021-02-01,Orleans,Louisiana,22071,12644,89
2021-02-02,Orleans,Louisiana,22071,12673,89
2021-02-03,Orleans,Louisiana,22071,12785,90
2021-02-04,Orleans,Louisiana,22071,12845,91
2021-02-05,Orleans,Louisiana,22071,12953,93
2021-02-06,Orleans,Louisiana,22071,12987,93
2021-02-07,Orleans,Louisiana,22071,13063,94
2021-02-08,Orleans,Louisiana,22071,13128,95
2021-02-09,Orleans,Louisiana,22071,13186,95
2021-02-10,Orleans,Louisiana,22071,13215,95
2021-02-11,Orleans,Louisiana,22071,13255,95
2021-02-12,Orleans,Louisiana,22071,13330,95
2021-02-13,Orleans,Louisiana,22071,13367,95
2021-02-14,Orleans,Louisiana,22071,13402,95
2021-02-15,Orleans,Louisiana,22071,13412,95
2021-02-16,Orleans,Louisiana,22071,13424,95
2021-02-17,Orleans,Louisiana,22071,13454,95
2021-02-18,Orleans,Louisiana,22071,13496,95
2021-02-19,Orleans,Louisiana,22071,13539,96
2021-02-20,Orleans,Louisiana,22071,13578,96
2021-02-21,Orleans,Louisiana,22071,13604,96
2021-02-22,Orleans,Louisiana,22071,13615,96
2021-02-23,Orleans,Louisiana,22071,13647,96
2021-02-24,Orleans,Louisiana,22071,13686,96
2021-02-25,Orleans,Louisiana,22071,13698,96
2021-02-26,Orleans,Louisiana,22071,13739,96
2021-02-27,Orleans,Louisiana,22071,13766,96
2021-02-28,Orleans,Louisiana,22071,13795,96
2021-03-01,Orleans,Louisiana,22071,13832,96
2021-03-02,Orleans,Louisiana,22071,13853,96
2021-03-03,Orleans,Louisiana,22071,13871,96
2021-03-04,Orleans,Louisiana,22071,13895,96
2021-03-05,Orleans,Louisiana,22071,13933,96
2021-03-06,Orleans,Louisiana,22071,13967,96
2021-03-07,Orleans,Louisiana,22071,13990,96
2021-03-08,Orleans,Louisiana,22071,14031,96
2021-03-09,Orleans,Louisiana,22071,14043,96
2021-03-10,Orleans,Louisiana,22071,14081,97
2021-03-11,Orleans,Louisiana,22071,14114,97
2021-03-12,Orleans,Louisiana,22071,14127,97
2021-03-13,Orleans,Louisiana,22071,14146,97
2021-03-14,Orleans,Louisiana,22071,14170,97
2021-03-15,Orleans,Louisiana,22071,14180,97
2021-03-16,Orleans,Louisiana,22071,14222,97
2021-03-17,Orleans,Louisiana,22071,14254,97
2021-03-18,Orleans,Louisiana,22071,14277,97
2021-03-19,Orleans,Louisiana,22071,14316,98
2021-03-20,Orleans,Louisiana,22071,14335,98
2021-03-21,Orleans,Louisiana,22071,14355,98
2021-03-22,Orleans,Louisiana,22071,14399,98
2021-03-23,Orleans,Louisiana,22071,14421,98
2021-03-24,Orleans,Louisiana,22071,14455,98
2021-03-25,Orleans,Louisiana,22071,14498,98
2021-03-26,Orleans,Louisiana,22071,14531,98
2021-03-27,Orleans,Louisiana,22071,14557,98
2021-03-28,Orleans,Louisiana,22071,14583,98
2021-03-29,Orleans,Louisiana,22071,14610,98
2021-03-30,Orleans,Louisiana,22071,14627,98
2021-03-31,Orleans,Louisiana,22071,14645,98
2021-04-01,Orleans,Louisiana,22071,14672,98
2021-04-02,Orleans,Louisiana,22071,14715,99
2021-04-03,Orleans,Louisiana,22071,14744,99
2021-04-04,Orleans,Louisiana,22071,14763,99
2021-04-05,Orleans,Louisiana,22071,14790,99
2021-04-06,Orleans,Louisiana,22071,14808,99
2021-04-07,Orleans,Louisiana,22071,14841,99
2021-04-08,Orleans,Louisiana,22071,14883,99
2021-04-09,Orleans,Louisiana,22071,14920,99
2021-04-10,Orleans,Louisiana,22071,14954,99
2021-04-11,Orleans,Louisiana,22071,14982,99
2021-04-12,Orleans,Louisiana,22071,15020,99
2021-04-13,Orleans,Louisiana,22071,15034,99
2021-04-14,Orleans,Louisiana,22071,15075,99
2021-04-15,Orleans,Louisiana,22071,15090,99
2021-04-16,Orleans,Louisiana,22071,15130,99
2021-04-17,Orleans,Louisiana,22071,15163,99
2021-04-18,Orleans,Louisiana,22071,15180,99
2021-04-19,Orleans,Louisiana,22071,15198,99
2021-04-20,Orleans,Louisiana,22071,15226,99
2021-04-21,Orleans,Louisiana,22071,15257,99
2021-04-22,Orleans,Louisiana,22071,15302,100
2021-04-23,Orleans,Louisiana,22071,15348,100
2021-04-24,Orleans,Louisiana,22071,15363,100
2021-04-25,Orleans,Louisiana,22071,15407,100
2021-04-26,Orleans,Louisiana,22071,15453,100
2021-04-27,Orleans,Louisiana,22071,15471,100
2021-04-28,Orleans,Louisiana,22071,15486,100
2021-04-29,Orleans,Louisiana,22071,15510,100
2021-04-30,Orleans,Louisiana,22071,15541,100
2021-05-01,Orleans,Louisiana,22071,15563,100
2021-05-02,Orleans,Louisiana,22071,15577,100
2021-05-03,Orleans,Louisiana,22071,15616,100
2021-05-04,Orleans,Louisiana,22071,15656,100
2021-05-05,Orleans,Louisiana,22071,15685,100
2021-05-06,Orleans,Louisiana,22071,15723,101
2021-05-07,Orleans,Louisiana,22071,15757,101
2021-05-08,Orleans,Louisiana,22071,15799,101
2021-05-09,Orleans,Louisiana,22071,15807,101
2021-05-10,Orleans,Louisiana,22071,15839,101
2021-05-11,Orleans,Louisiana,22071,15863,101
2021-05-12,Orleans,Louisiana,22071,15894,101
2021-05-13,Orleans,Louisiana,22071,15912,101
2021-05-14,Orleans,Louisiana,22071,15952,101
2021-05-15,Orleans,Louisiana,22071,15981,101
2021-05-16,Orleans,Louisiana,22071,15997,101
2021-05-17,Orleans,Louisiana,22071,16036,101
2021-05-18,Orleans,Louisiana,22071,16067,101
2021-05-19,Orleans,Louisiana,22071,16078,101
2021-05-20,Orleans,Louisiana,22071,16123,101
2021-05-21,Orleans,Louisiana,22071,16149,101
2021-05-22,Orleans,Louisiana,22071,16189,101
2021-05-23,Orleans,Louisiana,22071,16214,101
2021-05-24,Orleans,Louisiana,22071,16228,101
2021-05-25,Orleans,Louisiana,22071,16239,101
2021-05-26,Orleans,Louisiana,22071,16258,101
2021-05-27,Orleans,Louisiana,22071,16289,101
2021-05-28,Orleans,Louisiana,22071,16305,101
2021-05-29,Orleans,Louisiana,22071,16316,101
2021-05-30,Orleans,Louisiana,22071,16341,101
2021-05-31,Orleans,Louisiana,22071,16363,101
2021-06-01,Orleans,Louisiana,22071,16385,101
2021-06-02,Orleans,Louisiana,22071,16403,101
2021-06-03,Orleans,Louisiana,22071,16429,101
2021-06-04,Orleans,Louisiana,22071,16457,101
2021-06-05,Orleans,Louisiana,22071,16484,101
2021-06-06,Orleans,Louisiana,22071,16524,101
2021-06-07,Orleans,Louisiana,22071,16546,101
2021-06-08,Orleans,Louisiana,22071,16577,101
2021-06-09,Orleans,Louisiana,22071,16599,101
2021-06-10,Orleans,Louisiana,22071,16614,101
2021-06-11,Orleans,Louisiana,22071,16637,101
2021-06-12,Orleans,Louisiana,22071,16656,101
2021-06-13,Orleans,Louisiana,22071,16687,101
2021-06-14,Orleans,Louisiana,22071,16695,101
2021-06-15,Orleans,Louisiana,22071,16712,101
2021-06-16,Orleans,Louisiana,22071,16737,101
2021-06-17,Orleans,Louisiana,22071,16759,101
2021-06-18,Orleans,Louisiana,22071,16781,101
2021-06-19,Orleans,Louisiana,22071,16817,101
2021-06-20,Orleans,Louisiana,22071,16828,101
2021-06-21,Orleans,Louisiana,22071,16844,101
2021-06-22,Orleans,Louisiana,22071,16890,101
2021-06-23,Orleans,Louisiana,22071,16904,101
2021-06-24,Orleans,Louisiana,22071,16936,101
2021-06-25,Orleans,Louisiana,22071,16975,102
2021-06-26,Orleans,Louisiana,22071,17021,102
2021-06-27,Orleans,Louisiana,22071,17058,102
2021-06-28,Orleans,Louisiana,22071,17101,102
2021-06-29,Orleans,Louisiana,22071,17135,102
2021-06-30,Orleans,Louisiana,22071,17145,102
2020-03-01,Middlesex,Massachusetts,25017,7,0
2020-03-02,Middlesex,Massachusetts,25017,20,0
2020-03-03,Middlesex,Massachusetts,25017,34,0
2020-03-04,Middlesex,Massachusetts,25017,39,0
2020-03-05,Middlesex,Massachusetts,25017,42,0
2020-03-06,Middlesex,Massachusetts,25017,42,0
2020-03-07,Middlesex,Massachusetts,25017,54,0
2020-03-08,Middlesex,Massachusetts,25017,69,0
2020-03-09,Middlesex,Massachusetts,25017,77,0
2020-03-10,Middlesex,Massachusetts,25017,91,0
2020-03-11,Middlesex,Massachusetts,25017,104,0
2020-03-12,Middlesex,Massachusetts,25017,115,0
2020-03-13,Middlesex,Massachusetts,25017,116,0
2020-03-14,Middlesex,Massachusetts,25017,118,0
2020-03-15,Middlesex,Massachusetts,25017,125,0
2020-03-16,Middlesex,Massachusetts,25017,136,0
2020-03-17,Middlesex,Massachusetts,25017,151,0
2020-03-18,Middlesex,Massachusetts,25017,151,0
2020-03-19,Middlesex,Massachusetts,25017,163,0
2020-03-20,Middlesex,Massachusetts,25017,163,0
2020-03-21,Middlesex,Massachusetts,25017,163,0
2020-03-22,Middlesex,Massachusetts,25017,163,0
2020-03-23,Middlesex,Massachusetts,25017,165,0
2020-03-24,Middlesex,Massachusetts,25017,178,0
2020-03-25,Middlesex,Massachusetts,25017,182,0
2020-03-26,Middlesex,Massachusetts,25017,184,0
2020-03-27,Middlesex,Massachusetts,25017,188,0
2020-03-28,Middlesex,Massachusetts,25017,200,0
2020-03-29,Middlesex,Massachusetts,25017,206,0
2020-03-30,Middlesex,Massachusetts,25017,213,0
2020-03-31,Middlesex,Massachusetts,25017,327,1
2020-04-01,Middlesex,Massachusetts,25017,421,2
2020-04-02,Middlesex,Massachusetts,25017,513,4
2020-04-03,Middlesex,Massachusetts,25017,665,6
2020-04-04,Middlesex,Massachusetts,25017,768,8
2020-04-05,Middlesex,Massachusetts,25017,892,10
2020-04-06,Middlesex,Massachusetts,25017,984,11
2020-04-07,Middlesex,Massachusetts,25017,1073,12
2020-04-08,Middlesex,Massachusetts,25017,1205,13
2020-04-09,Middlesex,Massachusetts,25017,1308,14
2020-04-10,Middlesex,Massachusetts,25017,1367,15
2020-04-11,Middlesex,Massachusetts,25017,1442,16
2020-04-12,Middlesex,Massachusetts,25017,1512,16
2020-04-13,Middlesex,Massachusetts,25017,1556,16
2020-04-14,Middlesex,Massachusetts,25017,1635,17
2020-04-15,Middlesex,Massachusetts,25017,1672,17
2020-04-16,Middlesex,Massachusetts,25017,1802,20
2020-04-17,Middlesex,Massachusetts,25017,1912,21
2020-04-18,Middlesex,Massachusetts,25017,1963,21
2020-04-19,Middlesex,Massachusetts,25017,2012,21
2020-04-20,Middlesex,Massachusetts,25017,2098,22
2020-04-21,Middlesex,Massachusetts,25017,2181,24
2020-04-22,Middlesex,Massachusetts,25017,2264,25
2020-04-23,Middlesex,Massachusetts,25017,2287,25
2020-04-24,Middlesex,Massachusetts,25017,2433,29
2020-04-25,Middlesex,Massachusetts,25017,2491,29
2020-04-26,Middlesex,Massachusetts,25017,2574,30
2020-04-27,Middlesex,Massachusetts,25017,2684,31
2020-04-28,Middlesex,Massachusetts,25017,2786,32
2020-04-29,Middlesex,Massachusetts,25017,2876,33
2020-04-30,Middlesex,Massachusetts,25017,3027,37
2020-05-01,Middlesex,Massachusetts,25017,3112,38
2020-05-02,Middlesex,Massachusetts,25017,3156,39
2020-05-03,Middlesex,Massachusetts,25017,3196,40
2020-05-04,Middlesex,Massachusetts,25017,3233,40
2020-05-05,Middlesex,Massachusetts,25017,3288,40
2020-05-06,Middlesex,Massachusetts,25017,3335,40
2020-05-07,Middlesex,Massachusetts,25017,3354,40
2020-05-08,Middlesex,Massachusetts,25017,3485,42
2020-05-09,Middlesex,Massachusetts,25017,3591,43
2020-05-10,Middlesex,Massachusetts,25017,3614,43
2020-05-11,Middlesex,Massachusetts,25017,3648,43
2020-05-12,Middlesex,Massachusetts,25017,3734,45
2020-05-13,Middlesex,Massachusetts,25017,3755,45
2020-05-14,Middlesex,Massachusetts,25017,3876,47
2020-05-15,Middlesex,Massachusetts,25017,3901,47
2020-05-16,Middlesex,Massachusetts,25017,4052,49
2020-05-17,Middlesex,Massachusetts,25017,4163,50
2020-05-18,Middlesex,Massachusetts,25017,4283,51
2020-05-19,Middlesex,Massachusetts,25017,4319,52
2020-05-20,Middlesex,Massachusetts,25017,4348,52
2020-05-21,Middlesex,Massachusetts,25017,4421,52
2020-05-22,Middlesex,Massachusetts,25017,4481,53
2020-05-23,Middlesex,Massachusetts,25017,4525,53
2020-05-24,Middlesex,Massachusetts,25017,4601,54
2020-05-25,Middlesex,Massachusetts,25017,4639,54
2020-05-26,Middlesex,Massachusetts,25017,4692,55
2020-05-27,Middlesex,Massachusetts,25017,4708,55
2020-05-28,Middlesex,Massachusetts,25017,4848,56
2020-05-29,Middlesex,Massachusetts,25017,4934,56
2020-05-30,Middlesex,Massachusetts,25017,5018,58
2020-05-31,Middlesex,Massachusetts,25017,5168,60
2020-06-01,Middlesex,Massachusetts,25017,5195,60
2020-06-02,Middlesex,Massachusetts,25017,5341,62
2020-06-03,Middlesex,Massachusetts,25017,5499,66
2020-06-04,Middlesex,Massachusetts,25017,5653,67
2020-06-05,Middlesex,Massachusetts,25017,5750,69
2020-06-06,Middlesex,Massachusetts,25017,5884,70
2020-06-07,Middlesex,Massachusetts,25017,5996,72
2020-06-08,Middlesex,Massachusetts,25017,6108,74
2020-06-09,Middlesex,Massachusetts,25017,6209,76
2020-06-10,Middlesex,Massachusetts,25017,6342,79
2020-06-11,Middlesex,Massachusetts,25017,6393,80
2020-06-12,Middlesex,Massachusetts,25017,6472,80
2020-06-13,Middlesex,Massachusetts,25017,6624,81
2020-06-14,Middlesex,Massachusetts,25017,6781,85
2020-06-15,Middlesex,Massachusetts,25017,6804,85
2020-06-16,Middlesex,Massachusetts,25017,6936,86
2020-06-17,Middlesex,Massachusetts,25017,7071,88
2020-06-18,Middlesex,Massachusetts,25017,7209,89
2020-06-19,Middlesex,Massachusetts,25017,7363,91
2020-06-20,Middlesex,Massachusetts,25017,7401,91
2020-06-21,Middlesex,Massachusetts,25017,7495,92
2020-06-22,Middlesex,Massachusetts,25017,7618,93
2020-06-23,Middlesex,Massachusetts,25017,7682,93
2020-06-24,Middlesex,Massachusetts,25017,7721,93
2020-06-25,Middlesex,Massachusetts,25017,7871,93
2020-06-26,Middlesex,Massachusetts,25017,7932,94
2020-06-27,Middlesex,Massachusetts,25017,8011,96
2020-06-28,Middlesex,Massachusetts,25017,8049,96
2020-06-29,Middlesex,Massachusetts,25017,8088,97
2020-06-30,Middlesex,Massachusetts,25017,8146,97
2020-07-01,Middlesex,Massachusetts,25017,8376,100
2020-07-02,Middlesex,Massachusetts,25017,8624,104
2020-07-03,Middlesex,Massachusetts,25017,8747,107
2020-07-04,Middlesex,Massachusetts,25017,8843,108
2020-07-05,Middlesex,Massachusetts,25017,8912,108
2020-07-06,Middlesex,Massachusetts,25017,9018,109
2020-07-07,Middlesex,Massachusetts,25017,9068,109
2020-07-08,Middlesex,Massachusetts,25017,9279,110
2020-07-09,Middlesex,Massachusetts,25017,9433,112
2020-07-10,Middlesex,Massachusetts,25017,9486,113
2020-07-11,Middlesex,Massachusetts,25017,9700,117
2020-07-12,Middlesex,Massachusetts,25017,9956,118
2020-07-13,Middlesex,Massachusetts,25017,10028,118
2020-07-14,Middlesex,Massachusetts,25017,10282,121
2020-07-15,Middlesex,Massachusetts,25017,10468,125
2020-07-16,Middlesex,Massachusetts,25017,10580,127
2020-07-17,Middlesex,Massachusetts,25017,10621,128
2020-07-18,Middlesex,Massachusetts,25017,10727,128
2020-07-19,Middlesex,Massachusetts,25017,10890,132
2020-07-20,Middlesex,Massachusetts,25017,11060,136
2020-07-21,Middlesex,Massachusetts,25017,11135,136
2020-07-22,Middlesex,Massachusetts,25017,11255,139
2020-07-23,Middlesex,Massachusetts,25017,11311,140
2020-07-24,Middlesex,Massachusetts,25017,11482,143
2020-07-25,Middlesex,Massachusetts,25017,11701,145
2020-07-26,Middlesex,Massachusetts,25017,11747,145
2020-07-27,Middlesex,Massachusetts,25017,11837,146
2020-07-28,Middlesex,Massachusetts,25017,12027,147
2020-07-29,Middlesex,Massachusetts,25017,12196,150
2020-07-30,Middlesex,Massachusetts,25017,12235,151
2020-07-31,Middlesex,Massachusetts,25017,12417,155
2020-08-01,Middlesex,Massachusetts,25017,12632,158
2020-08-02,Middlesex,Massachusetts,25017,12779,159
2020-08-03,Middlesex,Massachusetts,25017,12970,161
2020-08-04,Middlesex,Massachusetts,25017,13184,163
2020-08-05,Middlesex,Massachusetts,25017,13438,166
2020-08-06,Middlesex,Massachusetts,25017,13543,167
2020-08-07,Middlesex,Massachusetts,25017,13608,167
2020-08-08,Middlesex,Massachusetts,25017,13658,167
2020-08-09,Middlesex,Massachusetts,25017,13716,167
2020-08-10,Middlesex,Massachusetts,25017,13849,168
2020-08-11,Middlesex,Massachusetts,25017,13897,169
2020-08-12,Middlesex,Massachusetts,25017,14084,172
2020-08-13,Middlesex,Massachusetts,25017,14278,175
2020-08-14,Middlesex,Massachusetts,25017,14337,176
2020-08-15,Middlesex,Massachusetts,25017,14581,180
2020-08-16,Middlesex,Massachusetts,25017,14745,184
2020-08-17,Middlesex,Massachusetts,25017,14824,185
2020-08-18,Middlesex,Massachusetts,25017,14863,185
2020-08-19,Middlesex,Massachusetts,25017,14938,185
2020-08-20,Middlesex,Massachusetts,25017,14977,186
2020-08-21,Middlesex,Massachusetts,25017,15066,186
2020-08-22,Middlesex,Massachusetts,25017,15210,189
2020-08-23,Middlesex,Massachusetts,25017,15331,191
2020-08-24,Middlesex,Massachusetts,25017,15436,191
2020-08-25,Middlesex,Massachusetts,25017,15541,194
2020-08-26,Middlesex,Massachusetts,25017,15668,195
2020-08-27,Middlesex,Massachusetts,25017,15906,199
2020-08-28,Middlesex,Massachusetts,25017,16096,199
2020-08-29,Middlesex,Massachusetts,25017,16304,205
2020-08-30,Middlesex,Massachusetts,25017,16430,207
2020-08-31,Middlesex,Massachusetts,25017,16685,209
2020-09-01,Middlesex,Massachusetts,25017,16916,211
2020-09-02,Middlesex,Massachusetts,25017,17084,215
2020-09-03,Middlesex,Massachusetts,25017,17320,220
2020-09-04,Middlesex,Massachusetts,25017,17446,223
2020-09-05,Middlesex,Massachusetts,25017,17620,226
2020-09-06,Middlesex,Massachusetts,25017,17832,229
2020-09-07,Middlesex,Massachusetts,25017,17864,229
2020-09-08,Middlesex,Massachusetts,25017,18082,232
2020-09-09,Middlesex,Massachusetts,25017,18161,233
2020-09-10,Middlesex,Massachusetts,25017,18341,237
2020-09-11,Middlesex,Massachusetts,25017,18487,239
2020-09-12,Middlesex,Massachusetts,25017,18719,245
2020-09-13,Middlesex,Massachusetts,25017,18889,248
2020-09-14,Middlesex,Massachusetts,25017,19019,251
2020-09-15,Middlesex,Massachusetts,25017,19231,254
2020-09-16,Middlesex,Massachusetts,25017,19425,257
2020-09-17,Middlesex,Massachusetts,25017,19578,260
2020-09-18,Middlesex,Massachusetts,25017,19620,260
2020-09-19,Middlesex,Massachusetts,25017,19744,262
2020-09-20,Middlesex,Massachusetts,25017,19954,265
2020-09-21,Middlesex,Massachusetts,25017,20184,271
2020-09-22,Middlesex,Massachusetts,25017,20422,275
2020-09-23,Middlesex,Massachusetts,25017,20506,276
2020-09-24,Middlesex,Massachusetts,25017,20671,278
2020-09-25,Middlesex,Massachusetts,25017,20770,280
2020-09-26,Middlesex,Massachusetts,25017,20810,280
2020-09-27,Middlesex,Massachusetts,25017,21046,282
2020-09-28,Middlesex,Massachusetts,25017,21138,283
2020-09-29,Middlesex,Massachusetts,25017,21179,284
2020-09-30,Middlesex,Massachusetts,25017,21312,285
2020-10-01,Middlesex,Massachusetts,25017,21441,288
2020-10-02,Middlesex,Massachusetts,25017,21654,290
2020-10-03,Middlesex,Massachusetts,25017,21869,294
2020-10-04,Middlesex,Massachusetts,25017,21995,296
2020-10-05,Middlesex,Massachusetts,25017,22242,302
2020-10-06,Middlesex,Massachusetts,25017,22418,304
2020-10-07,Middlesex,Massachusetts,25017,22585,305
2020-10-08,Middlesex,Massachusetts,25017,22840,307
2020-10-09,Middlesex,Massachusetts,25017,23021,309
2020-10-10,Middlesex,Massachusetts,25017,23079,309
2020-10-11,Middlesex,Massachusetts,25017,23334,313
2020-10-12,Middlesex,Massachusetts,25017,23440,314
2020-10-13,Middlesex,Massachusetts,25017,23517,315
2020-10-14,Middlesex,Massachusetts,25017,23567,316
2020-10-15,Middlesex,Massachusetts,25017,23812,317
2020-10-16,Middlesex,Massachusetts,25017,23873,318
2020-10-17,Middlesex,Massachusetts,25017,23963,319
2020-10-18,Middlesex,Massachusetts,25017,24146,321
2020-10-19,Middlesex,Massachusetts,25017,24382,323
2020-10-20,Middlesex,Massachusetts,25017,24451,323
2020-10-21,Middlesex,Massachusetts,25017,24693,326
2020-10-22,Middlesex,Massachusetts,25017,24847,328
2020-10-23,Middlesex,Massachusetts,25017,24894,329
2020-10-24,Middlesex,Massachusetts,25017,25123,335
2020-10-25,Middlesex,Massachusetts,25017,25155,335
2020-10-26,Middlesex,Massachusetts,25017,25362,340
2020-10-27,Middlesex,Massachusetts,25017,25607,347
2020-10-28,Middlesex,Massachusetts,25017,25664,347
2020-10-29,Middlesex,Massachusetts,25017,25723,348
2020-10-30,Middlesex,Massachusetts,25017,25931,351
2020-10-31,Middlesex,Massachusetts,25017,25990,352
2020-11-01,Middlesex,Massachusetts,25017,26085,352
2020-11-02,Middlesex,Massachusetts,25017,26295,354
2020-11-03,Middlesex,Massachusetts,25017,26414,355
2020-11-04,Middlesex,Massachusetts,25017,26659,360
2020-11-05,Middlesex,Massachusetts,25017,26896,364
2020-11-06,Middlesex,Massachusetts,25017,27367,375
2020-11-07,Middlesex,Massachusetts,25017,27847,379
2020-11-08,Middlesex,Massachusetts,25017,28076,383
2020-11-09,Middlesex,Massachusetts,25017,28439,386
2020-11-10,Middlesex,Massachusetts,25017,28919,397
2020-11-11,Middlesex,Massachusetts,25017,29151,400
2020-11-12,Middlesex,Massachusetts,25017,29398,405
2020-11-13,Middlesex,Massachusetts,25017,29534,407
2020-11-14,Middlesex,Massachusetts,25017,29944,411
2020-11-15,Middlesex,Massachusetts,25017,30114,414
2020-11-16,Middlesex,Massachusetts,25017,30509,423
2020-11-17,Middlesex,Massachusetts,25017,30631,426
2020-11-18,Middlesex,Massachusetts,25017,30815,429
2020-11-19,Middlesex,Massachusetts,25017,31264,436
2020-11-20,Middlesex,Massachusetts,25017,31658,441
2020-11-21,Middlesex,Massachusetts,25017,32003,444
2020-11-22,Middlesex,Massachusetts,25017,32115,445
2020-11-23,Middlesex,Massachusetts,25017,32213,446
2020-11-24,Middlesex,Massachusetts,25017,32691,459
2020-11-25,Middlesex,Massachusetts,25017,33038,464
2020-11-26,Middlesex,Massachusetts,25017,33458,476
2020-11-27,Middlesex,Massachusetts,25017,33888,479
2020-11-28,Middlesex,Massachusetts,25017,34310,487
2020-11-29,Middlesex,Massachusetts,25017,34623,489
2020-11-30,Middlesex,Massachusetts,25017,34772,491
2020-12-01,Middlesex,Massachusetts,25017,35254,502
2020-12-02,Middlesex,Massachusetts,25017,35482,506
2020-12-03,Middlesex,Massachusetts,25017,35591,508
2020-12-04,Middlesex,Massachusetts,25017,35810,510
2020-12-05,Middlesex,Massachusetts,25017,36224,515
2020-12-06,Middlesex,Massachusetts,25017,36652,517
2020-12-07,Middlesex,Massachusetts,25017,36864,523
2020-12-08,Middlesex,Massachusetts,25017,37013,524
2020-12-09,Middlesex,Massachusetts,25017,37256,526
2020-12-10,Middlesex,Massachusetts,25017,37484,529
2020-12-11,Middlesex,Massachusetts,25017,37609,531
2020-12-12,Middlesex,Massachusetts,25017,37734,532
2020-12-13,Middlesex,Massachusetts,25017,37946,533
2020-12-14,Middlesex,Massachusetts,25017,38422,539
2020-12-15,Middlesex,Massachusetts,25017,38794,548
2020-12-16,Middlesex,Massachusetts,25017,39250,557
2020-12-17,Middlesex,Massachusetts,25017,39676,562
2020-12-18,Middlesex,Massachusetts,25017,39809,563
2020-12-19,Middlesex,Massachusetts,25017,40034,569
2020-12-20,Middlesex,Massachusetts,25017,40201,570
2020-12-21,Middlesex,Massachusetts,25017,40607,574
2020-12-22,Middlesex,Massachusetts,25017,40810,579
2020-12-23,Middlesex,Massachusetts,25017,41119,584
2020-12-24,Middlesex,Massachusetts,25017,41548,594
2020-12-25,Middlesex,Massachusetts,25017,41857,600
2020-12-26,Middlesex,Massachusetts,25017,42220,604
2020-12-27,Middlesex,Massachusetts,25017,42530,607
2020-12-28,Middlesex,Massachusetts,25017,42973,617
2020-12-29,Middlesex,Massachusetts,25017,43085,620
2020-12-30,Middlesex,Massachusetts,25017,43344,625
2020-12-31,Middlesex,Massachusetts,25017,43544,626
2021-01-01,Middlesex,Massachusetts,25017,43667,629
2021-01-02,Middlesex,Massachusetts,25017,43991,631
2021-01-03,Middlesex,Massachusetts,25017,44272,635
2021-01-04,Middlesex,Massachusetts,25017,44508,639
2021-01-05,Middlesex,Massachusetts,25017,44706,642
2021-01-06,Middlesex,Massachusetts,25017,45019,649
2021-01-07,Middlesex,Massachusetts,25017,45147,650
2021-01-08,Middlesex,Massachusetts,25017,45494,656
2021-01-09,Middlesex,Massachusetts,25017,45925,664
2021-01-10,Middlesex,Massachusetts,25017,46028,665
2021-01-11,Middlesex,Massachusetts,25017,46398,668
2021-01-12,Middlesex,Massachusetts,25017,46864,680
2021-01-13,Middlesex,Massachusetts,25017,47157,688
2021-01-14,Middlesex,Massachusetts,25017,47255,689
2021-01-15,Middlesex,Massachusetts,25017,47457,694
2021-01-16,Middlesex,Massachusetts,25017,47853,697
2021-01-17,Middlesex,Massachusetts,25017,48161,698
2021-01-18,Middlesex,Massachusetts,25017,48339,701
2021-01-19,Middlesex,Massachusetts,25017,48510,704
2021-01-20,Middlesex,Massachusetts,25017,48739,707
2021-01-21,Middlesex,Massachusetts,25017,49064,716
2021-01-22,Middlesex,Massachusetts,25017,49271,718
2021-01-23,Middlesex,Massachusetts,25017,49698,721
2021-01-24,Middlesex,Massachusetts,25017,49957,726
2021-01-25,Middlesex,Massachusetts,25017,50246,734
2021-01-26,Middlesex,Massachusetts,25017,50499,736
2021-01-27,Middlesex,Massachusetts,25017,50693,737
2021-01-28,Middlesex,Massachusetts,25017,50861,740
2021-01-29,Middlesex,Massachusetts,25017,51004,743
2021-01-30,Middlesex,Massachusetts,25017,51151,743
2021-01-31,Middlesex,Massachusetts,25017,51633,754
2021-02-01,Middlesex,Massachusetts,25017,52012,762
2021-02-02,Middlesex,Massachusetts,25017,52160,763
2021-02-03,Middlesex,Massachusetts,25017,52627,772
2021-02-04,Middlesex,Massachusetts,25017,52975,779
2021-02-05,Middlesex,Massachusetts,25017,53392,781
2021-02-06,Middlesex,Massachusetts,25017,53530,782
2021-02-07,Middlesex,Massachusetts,25017,53682,785
2021-02-08,Middlesex,Massachusetts,25017,54082,795
2021-02-09,Middlesex,Massachusetts,25017,54304,798
2021-02-10,Middlesex,Massachusetts,25017,54655,805
2021-02-11,Middlesex,Massachusetts,25017,54923,807
2021-02-12,Middlesex,Massachusetts,25017,55265,810
2021-02-13,Middlesex,Massachusetts,25017,55498,816
2021-02-14,Middlesex,Massachusetts,25017,55668,819
2021-02-15,Middlesex,Massachusetts,25017,55779,822
2021-02-16,Middlesex,Massachusetts,25017,55881,823
2021-02-17,Middlesex,Massachusetts,25017,55983,823
2021-02-18,Middlesex,Massachusetts,25017,56141,827
2021-02-19,Middlesex,Massachusetts,25017,56293,829
2021-02-20,Middlesex,Massachusetts,25017,56358,829
2021-02-21,Middlesex,Massachusetts,25017,56436,829
2021-02-22,Middlesex,Massachusetts,25017,56496,830
2021-02-23,Middlesex,Massachusetts,25017,56604,832
2021-02-24,Middlesex,Massachusetts,25017,56646,832
2021-02-25,Middlesex,Massachusetts,25017,56727,832
2021-02-26,Middlesex,Massachusetts,25017,56791,833
2021-02-27,Middlesex,Massachusetts,25017,56958,837
2021-02-28,Middlesex,Massachusetts,25017,57033,838
2021-03-01,Middlesex,Massachusetts,25017,57135,838
2021-03-02,Middlesex,Massachusetts,25017,57293,841
2021-03-03,Middlesex,Massachusetts,25017,57387,843
2021-03-04,Middlesex,Massachusetts,25017,57508,845
2021-03-05,Middlesex,Massachusetts,25017,57563,845
2021-03-06,Middlesex,Massachusetts,25017,57655,846
2021-03-07,Middlesex,Massachusetts,25017,57703,847
2021-03-08,Middlesex,Massachusetts,25017,57818,848
2021-03-09,Middlesex,Massachusetts,25017,57915,848
2021-03-10,Middlesex,Massachusetts,25017,58101,849
2021-03-11,Middlesex,Massachusetts,25017,58278,851
2021-03-12,Middlesex,Massachusetts,25017,58349,853
2021-03-13,Middlesex,Massachusetts,25017,58531,857
2021-03-14,Middlesex,Massachusetts,25017,58655,860
2021-03-15,Middlesex,Massachusetts,25017,58835,863
2021-03-16,Middlesex,Massachusetts,25017,59024,863
2021-03-17,Middlesex,Massachusetts,25017,59210,865
2021-03-18,Middlesex,Massachusetts,25017,59353,867
2021-03-19,Middlesex,Massachusetts,25017,59476,867
2021-03-20,Middlesex,Massachusetts,25017,59539,867
2021-03-21,Middlesex,Massachusetts,25017,59620,868
2021-03-22,Middlesex,Massachusetts,25017,59692,869
2021-03-23,Middlesex,Massachusetts,25017,59818,871
2021-03-24,Middlesex,Massachusetts,25017,59958,875
2021-03-25,Middlesex,Massachusetts,25017,60081,876
2021-03-26,Middlesex,Massachusetts,25017,60174,877
2021-03-27,Middlesex,Massachusetts,25017,60349,879
2021-03-28,Middlesex,Massachusetts,25017,60519,881
2021-03-29,Middlesex,Massachusetts,25017,60673,883
2021-03-30,Middlesex,Massachusetts,25017,60784,884
2021-03-31,Middlesex,Massachusetts,25017,60906,886
2021-04-01,Middlesex,Massachusetts,25017,60954,887
2021-04-02,Middlesex,Massachusetts,25017,61023,888
2021-04-03,Middlesex,Massachusetts,25017,61088,888
2021-04-04,Middlesex,Massachusetts,25017,61280,889
2021-04-05,Middlesex,Massachusetts,25017,61421,893
2021-04-06,Middlesex,Massachusetts,25017,61524,893
2021-04-07,Middlesex,Massachusetts,25017,61675,894
2021-04-08,Middlesex,Massachusetts,25017,61722,894
2021-04-09,Middlesex,Massachusetts,25017,61902,896
2021-04-10,Middlesex,Massachusetts,25017,62094,900
2021-04-11,Middlesex,Massachusetts,25017,62269,904
2021-04-12,Middlesex,Massachusetts,25017,62316,905
2021-04-13,Middlesex,Massachusetts,25017,62446,905
2021-04-14,Middlesex,Massachusetts,25017,62518,906
2021-04-15,Middlesex,Massachusetts,25017,62670,910
2021-04-16,Middlesex,Massachusetts,25017,62741,911
2021-04-17,Middlesex,Massachusetts,25017,62817,911
2021-04-18,Middlesex,Massachusetts,25017,62971,914
2021-04-19,Middlesex,Massachusetts,25017,63152,917
2021-04-20,Middlesex,Massachusetts,25017,63344,921
2021-04-21,Middlesex,Massachusetts,25017,63519,922
2021-04-22,Middlesex,Massachusetts,25017,63632,923
2021-04-23,Middlesex,Massachusetts,25017,63757,923
2021-04-24,Middlesex,Massachusetts,25017,63901,927
2021-04-25,Middlesex,Massachusetts,25017,64054,929
2021-04-26,Middlesex,Massachusetts,25017,64112,930
2021-04-27,Middlesex,Massachusetts,25017,64302,933
2021-04-28,Middlesex,Massachusetts,25017,64441,934
2021-04-29,Middlesex,Massachusetts,25017,64605,935
2021-04-30,Middlesex,Massachusetts,25017,64644,935
2021-05-01,Middlesex,Massachusetts,25017,64809,936
2021-05-02,Middlesex,Massachusetts,25017,64888,936
2021-05-03,Middlesex,Massachusetts,25017,64992,938
2021-05-04,Middlesex,Massachusetts,25017,65029,938
2021-05-05,Middlesex,Massachusetts,25017,65177,940
2021-05-06,Middlesex,Massachusetts,25017,65331,943
2021-05-07,Middlesex,Massachusetts,25017,65497,945
2021-05-08,Middlesex,Massachusetts,25017,65640,948
2021-05-09,Middlesex,Massachusetts,25017,65697,948
2021-05-10,Middlesex,Massachusetts,25017,65756,948
2021-05-11,Middlesex,Massachusetts,25017,65816,949
2021-05-12,Middlesex,Massachusetts,25017,65915,949
2021-05-13,Middlesex,Massachusetts,25017,65972,949
2021-05-14,Middlesex,Massachusetts,25017,66071,950
2021-05-15,Middlesex,Massachusetts,25017,66216,951
2021-05-16,Middlesex,Massachusetts,25017,66363,954
2021-05-17,Middlesex,Massachusetts,25017,66537,957
2021-05-18,Middlesex,Massachusetts,25017,66714,960
2021-05-19,Middlesex,Massachusetts,25017,66901,963
2021-05-20,Middlesex,Massachusetts,25017,66986,964
2021-05-21,Middlesex,Massachusetts,25017,67151,967
2021-05-22,Middlesex,Massachusetts,25017,67289,968
2021-05-23,Middlesex,Massachusetts,25017,67393,968
2021-05-24,Middlesex,Massachusetts,25017,67560,970
2021-05-25,Middlesex,Massachusetts,25017,67643,971
2021-05-26,Middlesex,Massachusetts,25017,67824,975
2021-05-27,Middlesex,Massachusetts,25017,67990,976
2021-05-28,Middlesex,Massachusetts,25017,68069,977
2021-05-29,Middlesex,Massachusetts,25017,68176,977
2021-05-30,Middlesex,Massachusetts,25017,68301,980
2021-05-31,Middlesex,Massachusetts,25017,68353,980
2021-06-01,Middlesex,Massachusetts,25017,68504,982
2021-06-02,Middlesex,Massachusetts,25017,68674,985
2021-06-03,Middlesex,Massachusetts,25017,68769,987
2021-06-04,Middlesex,Massachusetts,25017,68916,990
2021-06-05,Middlesex,Massachusetts,25017,68956,990
2021-06-06,Middlesex,Massachusetts,25017,69129,994
2021-06-07,Middlesex,Massachusetts,25017,69199,994
2021-06-08,Middlesex,Massachusetts,25017,69369,997
2021-06-09,Middlesex,Massachusetts,25017,69413,997
2021-06-10,Middlesex,Massachusetts,25017,69458,997
2021-06-11,Middlesex,Massachusetts,25017,69505,997
2021-06-12,Middlesex,Massachusetts,25017,69625,1000
2021-06-13,Middlesex,Massachusetts,25017,69664,1000
2021-06-14,Middlesex,Massachusetts,25017,69831,1001
2021-06-15,Middlesex,Massachusetts,25017,69990,1004
2021-06-16,Middlesex,Massachusetts,25017,70036,1004
2021-06-17,Middlesex,Massachusetts,25017,70139,1005
2021-06-18,Middlesex,Massachusetts,25017,70273,1005
2021-06-19,Middlesex,Massachusetts,25017,70427,1007
2021-06-20,Middlesex,Massachusetts,25017,70569,1011
2021-06-21,Middlesex,Massachusetts,25017,70655,1011
2021-06-22,Middlesex,Massachusetts,25017,70689,1011
2021-06-23,Middlesex,Massachusetts,25017,70828,1011
2021-06-24,Middlesex,Massachusetts,25017,70990,1011
2021-06-25,Middlesex,Massachusetts,25017,71074,1013
2021-06-26,Middlesex,Massachusetts,25017,71236,1016
2021-06-27,Middlesex,Massachusetts,25017,71281,1016
2021-06-28,Middlesex,Massachusetts,25017,71466,1017
2021-06-29,Middlesex,Massachusetts,25017,71624,1019
2021-06-30,Middlesex,Massachusetts,25017,71716,1021
2020-03-01,Wayne,Michigan,26163,13,0
2020-03-02,Wayne,Michigan,26163,25,0
2020-03-03,Wayne,Michigan,26163,30,0
2020-03-04,Wayne,Michigan,26163,43,0
2020-03-05,Wayne,Michigan,26163,48,0
2020-03-06,Wayne,Michigan,26163,50,0
2020-03-07,Wayne,Michigan,26163,52,0
2020-03-08,Wayne,Michigan,26163,61,0
2020-03-09,Wayne,Michigan,26163,70,0
2020-03-10,Wayne,Michigan,26163,72,0
2020-03-11,Wayne,Michigan,26163,77,0
2020-03-12,Wayne,Michigan,26163,77,0
2020-03-13,Wayne,Michigan,26163,77,0
2020-03-14,Wayne,Michigan,26163,77,0
2020-03-15,Wayne,Michigan,26163,77,0
2020-03-16,Wayne,Michigan,26163,81,0
2020-03-17,Wayne,Michigan,26163,86,0
2020-03-18,Wayne,Michigan,26163,95,0
2020-03-19,Wayne,Michigan,26163,102,0
2020-03-20,Wayne,Michigan,26163,106,0
2020-03-21,Wayne,Michigan,26163,110,0
2020-03-22,Wayne,Michigan,26163,115,0
2020-03-23,Wayne,Michigan,26163,121,0
2020-03-24,Wayne,Michigan,26163,134,0
2020-03-25,Wayne,Michigan,26163,134,0
2020-03-26,Wayne,Michigan,26163,144,0
2020-03-27,Wayne,Michigan,26163,147,0
2020-03-28,Wayne,Michigan,26163,161,0
2020-03-29,Wayne,Michigan,26163,171,0
2020-03-30,Wayne,Michigan,26163,171,0
2020-03-31,Wayne,Michigan,26163,288,3
2020-04-01,Wayne,Michigan,26163,451,4
2020-04-02,Wayne,Michigan,26163,478,4
2020-04-03,Wayne,Michigan,26163,502,4
2020-04-04,Wayne,Michigan,26163,581,6
2020-04-05,Wayne,Michigan,26163,618,6
2020-04-06,Wayne,Michigan,26163,718,6
2020-04-07,Wayne,Michigan,26163,833,7
2020-04-08,Wayne,Michigan,26163,985,8
2020-04-09,Wayne,Michigan,26163,1151,10
2020-04-10,Wayne,Michigan,26163,1315,12
2020-04-11,Wayne,Michigan,26163,1392,13
2020-04-12,Wayne,Michigan,26163,1492,13
2020-04-13,Wayne,Michigan,26163,1551,13
2020-04-14,Wayne,Michigan,26163,1578,13
2020-04-15,Wayne,Michigan,26163,1692,14
2020-04-16,Wayne,Michigan,26163,1736,14
2020-04-17,Wayne,Michigan,26163,1858,16
2020-04-18,Wayne,Michigan,26163,1939,16
2020-04-19,Wayne,Michigan,26163,1994,16
2020-04-20,Wayne,Michigan,26163,2124,17
2020-04-21,Wayne,Michigan,26163,2255,19
2020-04-22,Wayne,Michigan,26163,2306,19
2020-04-23,Wayne,Michigan,26163,2446,19
2020-04-24,Wayne,Michigan,26163,2601,22
2020-04-25,Wayne,Michigan,26163,2664,23
2020-04-26,Wayne,Michigan,26163,2742,24
2020-04-27,Wayne,Michigan,26163,2877,27
2020-04-28,Wayne,Michigan,26163,3030,27
2020-04-29,Wayne,Michigan,26163,3110,27
2020-04-30,Wayne,Michigan,26163,3233,28
2020-05-01,Wayne,Michigan,26163,3358,29
2020-05-02,Wayne,Michigan,26163,3526,33
2020-05-03,Wayne,Michigan,26163,3547,33
2020-05-04,Wayne,Michigan,26163,3623,34
2020-05-05,Wayne,Michigan,26163,3684,34
2020-05-06,Wayne,Michigan,26163,3792,36
2020-05-07,Wayne,Michigan,26163,3889,38
2020-05-08,Wayne,Michigan,26163,4028,41
2020-05-09,Wayne,Michigan,26163,4103,42
2020-05-10,Wayne,Michigan,26163,4199,42
2020-05-11,Wayne,Michigan,26163,4371,44
2020-05-12,Wayne,Michigan,26163,4541,46
2020-05-13,Wayne,Michigan,26163,4689,46
2020-05-14,Wayne,Michigan,26163,4814,46
2020-05-15,Wayne,Michigan,26163,4939,46
2020-05-16,Wayne,Michigan,26163,5090,47
2020-05-17,Wayne,Michigan,26163,5251,48
2020-05-18,Wayne,Michigan,26163,5388,49
2020-05-19,Wayne,Michigan,26163,5535,50
2020-05-20,Wayne,Michigan,26163,5602,51
2020-05-21,Wayne,Michigan,26163,5681,51
2020-05-22,Wayne,Michigan,26163,5720,51
2020-05-23,Wayne,Michigan,26163,5752,51
2020-05-24,Wayne,Michigan,26163,5852,53
2020-05-25,Wayne,Michigan,26163,5993,55
2020-05-26,Wayne,Michigan,26163,6105,56
2020-05-27,Wayne,Michigan,26163,6215,58
2020-05-28,Wayne,Michigan,26163,6263,58
2020-05-29,Wayne,Michigan,26163,6344,59
2020-05-30,Wayne,Michigan,26163,6397,60
2020-05-31,Wayne,Michigan,26163,6549,63
2020-06-01,Wayne,Michigan,26163,6717,67
2020-06-02,Wayne,Michigan,26163,6830,68
2020-06-03,Wayne,Michigan,26163,6966,69
2020-06-04,Wayne,Michigan,26163,7044,70
2020-06-05,Wayne,Michigan,26163,7140,71
2020-06-06,Wayne,Michigan,26163,7244,73
2020-06-07,Wayne,Michigan,26163,7401,73
2020-06-08,Wayne,Michigan,26163,7447,74
2020-06-09,Wayne,Michigan,26163,7621,74
2020-06-10,Wayne,Michigan,26163,7655,74
2020-06-11,Wayne,Michigan,26163,7690,74
2020-06-12,Wayne,Michigan,26163,7801,77
2020-06-13,Wayne,Michigan,26163,7856,77
2020-06-14,Wayne,Michigan,26163,7947,79
2020-06-15,Wayne,Michigan,26163,8006,79
2020-06-16,Wayne,Michigan,26163,8177,80
2020-06-17,Wayne,Michigan,26163,8308,82
2020-06-18,Wayne,Michigan,26163,8325,82
2020-06-19,Wayne,Michigan,26163,8376,82
2020-06-20,Wayne,Michigan,26163,8518,83
2020-06-21,Wayne,Michigan,26163,8544,83
2020-06-22,Wayne,Michigan,26163,8572,83
2020-06-23,Wayne,Michigan,26163,8672,85
2020-06-24,Wayne,Michigan,26163,8734,86
2020-06-25,Wayne,Michigan,26163,8787,86
2020-06-26,Wayne,Michigan,26163,8879,88
2020-06-27,Wayne,Michigan,26163,8988,90
2020-06-28,Wayne,Michigan,26163,9069,90
2020-06-29,Wayne,Michigan,26163,9281,96
2020-06-30,Wayne,Michigan,26163,9464,99
2020-07-01,Wayne,Michigan,26163,9516,99
2020-07-02,Wayne,Michigan,26163,9633,100
2020-07-03,Wayne,Michigan,26163,9690,101
2020-07-04,Wayne,Michigan,26163,9895,106
2020-07-05,Wayne,Michigan,26163,10001,107
2020-07-06,Wayne,Michigan,26163,10135,110
2020-07-07,Wayne,Michigan,26163,10373,114
2020-07-08,Wayne,Michigan,26163,10598,117
2020-07-09,Wayne,Michigan,26163,10753,119
2020-07-10,Wayne,Michigan,26163,10894,122
2020-07-11,Wayne,Michigan,26163,10940,123
2020-07-12,Wayne,Michigan,26163,11003,123
2020-07-13,Wayne,Michigan,26163,11229,124
2020-07-14,Wayne,Michigan,26163,11274,124
2020-07-15,Wayne,Michigan,26163,11551,128
2020-07-16,Wayne,Michigan,26163,11635,129
2020-07-17,Wayne,Michigan,26163,11886,130
2020-07-18,Wayne,Michigan,26163,12134,131
2020-07-19,Wayne,Michigan,26163,12206,132
2020-07-20,Wayne,Michigan,26163,12319,134
2020-07-21,Wayne,Michigan,26163,12378,134
2020-07-22,Wayne,Michigan,26163,12466,136
2020-07-23,Wayne,Michigan,26163,12588,139
2020-07-24,Wayne,Michigan,26163,12747,140
2020-07-25,Wayne,Michigan,26163,12922,142
2020-07-26,Wayne,Michigan,26163,13164,145
2020-07-27,Wayne,Michigan,26163,13336,149
2020-07-28,Wayne,Michigan,26163,13523,154
2020-07-29,Wayne,Michigan,26163,13761,156
2020-07-30,Wayne,Michigan,26163,14031,158
2020-07-31,Wayne,Michigan,26163,14140,160
2020-08-01,Wayne,Michigan,26163,14369,166
2020-08-02,Wayne,Michigan,26163,14595,169
2020-08-03,Wayne,Michigan,26163,14688,171
2020-08-04,Wayne,Michigan,26163,14946,177
2020-08-05,Wayne,Michigan,26163,15110,179
2020-08-06,Wayne,Michigan,26163,15196,180
2020-08-07,Wayne,Michigan,26163,15381,181
2020-08-08,Wayne,Michigan,26163,15441,181
2020-08-09,Wayne,Michigan,26163,15645,182
2020-08-10,Wayne,Michigan,26163,15881,186
2020-08-11,Wayne,Michigan,26163,16159,191
2020-08-12,Wayne,Michigan,26163,16209,191
2020-08-13,Wayne,Michigan,26163,16384,195
2020-08-14,Wayne,Michigan,26163,16594,198
2020-08-15,Wayne,Michigan,26163,16691,200
2020-08-16,Wayne,Michigan,26163,16824,202
2020-08-17,Wayne,Michigan,26163,16999,206
2020-08-18,Wayne,Michigan,26163,17137,208
2020-08-19,Wayne,Michigan,26163,17369,214
2020-08-20,Wayne,Michigan,26163,17564,219
2020-08-21,Wayne,Michigan,26163,17756,223
2020-08-22,Wayne,Michigan,26163,17973,227
2020-08-23,Wayne,Michigan,26163,18194,232
2020-08-24,Wayne,Michigan,26163,18250,233
2020-08-25,Wayne,Michigan,26163,18320,234
2020-08-26,Wayne,Michigan,26163,18496,237
2020-08-27,Wayne,Michigan,26163,18670,238
2020-08-28,Wayne,Michigan,26163,18843,240
2020-08-29,Wayne,Michigan,26163,19067,246
2020-08-30,Wayne,Michigan,26163,19241,250
2020-08-31,Wayne,Michigan,26163,19485,257
2020-09-01,Wayne,Michigan,26163,19738,258
2020-09-02,Wayne,Michigan,26163,19978,264
2020-09-03,Wayne,Michigan,26163,20067,266
2020-09-04,Wayne,Michigan,26163,20292,269
2020-09-05,Wayne,Michigan,26163,20465,274
2020-09-06,Wayne,Michigan,26163,20513,274
2020-09-07,Wayne,Michigan,26163,20553,274
2020-09-08,Wayne,Michigan,26163,20625,275
2020-09-09,Wayne,Michigan,26163,20771,277
2020-09-10,Wayne,Michigan,26163,21024,282
2020-09-11,Wayne,Michigan,26163,21101,282
2020-09-12,Wayne,Michigan,26163,21273,287
2020-09-13,Wayne,Michigan,26163,21363,288
2020-09-14,Wayne,Michigan,26163,21477,290
2020-09-15,Wayne,Michigan,26163,21734,295
2020-09-16,Wayne,Michigan,26163,21989,299
2020-09-17,Wayne,Michigan,26163,22184,302
2020-09-18,Wayne,Michigan,26163,22223,302
2020-09-19,Wayne,Michigan,26163,22327,302
2020-09-20,Wayne,Michigan,26163,22446,303
2020-09-21,Wayne,Michigan,26163,22643,308
2020-09-22,Wayne,Michigan,26163,22898,312
2020-09-23,Wayne,Michigan,26163,23039,312
2020-09-24,Wayne,Michigan,26163,23271,317
2020-09-25,Wayne,Michigan,26163,23405,320
2020-09-26,Wayne,Michigan,26163,23573,321
2020-09-27,Wayne,Michigan,26163,23769,322
2020-09-28,Wayne,Michigan,26163,23938,325
2020-09-29,Wayne,Michigan,26163,24057,327
2020-09-30,Wayne,Michigan,26163,24318,329
2020-10-01,Wayne,Michigan,26163,24490,333
2020-10-02,Wayne,Michigan,26163,24549,334
2020-10-03,Wayne,Michigan,26163,24800,340
2020-10-04,Wayne,Michigan,26163,25032,342
2020-10-05,Wayne,Michigan,26163,25149,345
2020-10-06,Wayne,Michigan,26163,25213,346
2020-10-07,Wayne,Michigan,26163,25438,349
2020-10-08,Wayne,Michigan,26163,25509,350
2020-10-09,Wayne,Michigan,26163,25733,355
2020-10-10,Wayne,Michigan,26163,25834,357
2020-10-11,Wayne,Michigan,26163,26078,363
2020-10-12,Wayne,Michigan,26163,26153,364
2020-10-13,Wayne,Michigan,26163,26188,364
2020-10-14,Wayne,Michigan,26163,26348,367
2020-10-15,Wayne,Michigan,26163,26605,370
2020-10-16,Wayne,Michigan,26163,26884,372
2020-10-17,Wayne,Michigan,26163,27158,376
2020-10-18,Wayne,Michigan,26163,27242,376
2020-10-19,Wayne,Michigan,26163,27324,377
2020-10-20,Wayne,Michigan,26163,27560,383
2020-10-21,Wayne,Michigan,26163,27601,384
2020-10-22,Wayne,Michigan,26163,27727,384
2020-10-23,Wayne,Michigan,26163,27920,385
2020-10-24,Wayne,Michigan,26163,28109,386
2020-10-25,Wayne,Michigan,26163,28324,387
2020-10-26,Wayne,Michigan,26163,28458,388
2020-10-27,Wayne,Michigan,26163,28647,389
2020-10-28,Wayne,Michigan,26163,28824,391
2020-10-29,Wayne,Michigan,26163,28959,392
2020-10-30,Wayne,Michigan,26163,29172,394
2020-10-31,Wayne,Michigan,26163,29275,394
2020-11-01,Wayne,Michigan,26163,29431,396
2020-11-02,Wayne,Michigan,26163,29534,396
2020-11-03,Wayne,Michigan,26163,29743,399
2020-11-04,Wayne,Michigan,26163,29812,400
2020-11-05,Wayne,Michigan,26163,30058,405
2020-11-06,Wayne,Michigan,26163,30413,409
2020-11-07,Wayne,Michigan,26163,30751,411
2020-11-08,Wayne,Michigan,26163,31222,421
2020-11-09,Wayne,Michigan,26163,31673,433
2020-11-10,Wayne,Michigan,26163,32165,447
2020-11-11,Wayne,Michigan,26163,32507,456
2020-11-12,Wayne,Michigan,26163,32640,459
2020-11-13,Wayne,Michigan,26163,32754,462
2020-11-14,Wayne,Michigan,26163,33142,466
2020-11-15,Wayne,Michigan,26163,33654,471
2020-11-16,Wayne,Michigan,26163,33949,473
2020-11-17,Wayne,Michigan,26163,34109,477
2020-11-18,Wayne,Michigan,26163,34364,484
2020-11-19,Wayne,Michigan,26163,34554,489
2020-11-20,Wayne,Michigan,26163,34827,493
2020-11-21,Wayne,Michigan,26163,35321,501
2020-11-22,Wayne,Michigan,26163,35511,506
2020-11-23,Wayne,Michigan,26163,35997,516
2020-11-24,Wayne,Michigan,26163,36134,517
2020-11-25,Wayne,Michigan,26163,36398,519
2020-11-26,Wayne,Michigan,26163,36680,526
2020-11-27,Wayne,Michigan,26163,37196,532
2020-11-28,Wayne,Michigan,26163,37497,537
2020-11-29,Wayne,Michigan,26163,38011,544
2020-11-30,Wayne,Michigan,26163,38195,546
2020-12-01,Wayne,Michigan,26163,38674,554
2020-12-02,Wayne,Michigan,26163,38907,558
2020-12-03,Wayne,Michigan,26163,39316,561
2020-12-04,Wayne,Michigan,26163,39663,563
2020-12-05,Wayne,Michigan,26163,40130,568
2020-12-06,Wayne,Michigan,26163,40253,571
2020-12-07,Wayne,Michigan,26163,40538,574
2020-12-08,Wayne,Michigan,26163,40665,576
2020-12-09,Wayne,Michigan,26163,41056,586
2020-12-10,Wayne,Michigan,26163,41328,590
2020-12-11,Wayne,Michigan,26163,41822,603
2020-12-12,Wayne,Michigan,26163,42238,610
2020-12-13,Wayne,Michigan,26163,42558,618
2020-12-14,Wayne,Michigan,26163,42694,621
2020-12-15,Wayne,Michigan,26163,43067,631
2020-12-16,Wayne,Michigan,26163,43547,640
2020-12-17,Wayne,Michigan,26163,43999,643
2020-12-18,Wayne,Michigan,26163,44185,646
2020-12-19,Wayne,Michigan,26163,44698,650
2020-12-20,Wayne,Michigan,26163,45032,657
2020-12-21,Wayne,Michigan,26163,45343,664
2020-12-22,Wayne,Michigan,26163,45702,667
2020-12-23,Wayne,Michigan,26163,45985,674
2020-12-24,Wayne,Michigan,26163,46457,682
2020-12-25,Wayne,Michigan,26163,46930,694
2020-12-26,Wayne,Michigan,26163,47109,697
2020-12-27,Wayne,Michigan,26163,47347,698
2020-12-28,Wayne,Michigan,26163,47548,702
2020-12-29,Wayne,Michigan,26163,48055,704
2020-12-30,Wayne,Michigan,26163,48489,712
2020-12-31,Wayne,Michigan,26163,48895,718
2021-01-01,Wayne,Michigan,26163,49285,729
2021-01-02,Wayne,Michigan,26163,49580,735
2021-01-03,Wayne,Michigan,26163,49854,742
2021-01-04,Wayne,Michigan,26163,50058,745
2021-01-05,Wayne,Michigan,26163,50490,748
2021-01-06,Wayne,Michigan,26163,50927,754
2021-01-07,Wayne,Michigan,26163,51032,755
2021-01-08,Wayne,Michigan,26163,51172,758
2021-01-09,Wayne,Michigan,26163,51352,761
2021-01-10,Wayne,Michigan,26163,51594,763
2021-01-11,Wayne,Michigan,26163,52115,774
2021-01-12,Wayne,Michigan,26163,52496,776
2021-01-13,Wayne,Michigan,26163,52741,783
2021-01-14,Wayne,Michigan,26163,53239,794
2021-01-15,Wayne,Michigan,26163,53513,796
2021-01-16,Wayne,Michigan,26163,53648,798
2021-01-17,Wayne,Michigan,26163,54146,801
2021-01-18,Wayne,Michigan,26163,54490,805
2021-01-19,Wayne,Michigan,26163,54762,809
2021-01-20,Wayne,Michigan,26163,55116,811
2021-01-21,Wayne,Michigan,26163,55468,819
2021-01-22,Wayne,Michigan,26163,55685,822
2021-01-23,Wayne,Michigan,26163,56045,826
2021-01-24,Wayne,Michigan,26163,56379,827
2021-01-25,Wayne,Michigan,26163,56550,831
2021-01-26,Wayne,Michigan,26163,56670,832
2021-01-27,Wayne,Michigan,26163,56789,834
2021-01-28,Wayne,Michigan,26163,57200,842
2021-01-29,Wayne,Michigan,26163,57532,851
2021-01-30,Wayne,Michigan,26163,57888,858
2021-01-31,Wayne,Michigan,26163,58205,861
2021-02-01,Wayne,Michigan,26163,58364,865
2021-02-02,Wayne,Michigan,26163,58610,870
2021-02-03,Wayne,Michigan,26163,58930,876
2021-02-04,Wayne,Michigan,26163,59306,880
2021-02-05,Wayne,Michigan,26163,59600,885
2021-02-06,Wayne,Michigan,26163,59897,892
2021-02-07,Wayne,Michigan,26163,60385,902
2021-02-08,Wayne,Michigan,26163,60675,906
2021-02-09,Wayne,Michigan,26163,60855,910
2021-02-10,Wayne,Michigan,26163,61128,914
2021-02-11,Wayne,Michigan,26163,61315,918
2021-02-12,Wayne,Michigan,26163,61695,920
2021-02-13,Wayne,Michigan,26163,62058,924
2021-02-14,Wayne,Michigan,26163,62229,928
2021-02-15,Wayne,Michigan,26163,62275,928
2021-02-16,Wayne,Michigan,26163,62480,931
2021-02-17,Wayne,Michigan,26163,62608,932
2021-02-18,Wayne,Michigan,26163,62669,933
2021-02-19,Wayne,Michigan,26163,62864,936
2021-02-20,Wayne,Michigan,26163,63024,937
2021-02-21,Wayne,Michigan,26163,63204,939
2021-02-22,Wayne,Michigan,26163,63339,941
2021-02-23,Wayne,Michigan,26163,63505,945
2021-02-24,Wayne,Michigan,26163,63633,947
2021-02-25,Wayne,Michigan,26163,63668,947
2021-02-26,Wayne,Michigan,26163,63822,950
2021-02-27,Wayne,Michigan,26163,63921,952
2021-02-28,Wayne,Michigan,26163,64110,956
2021-03-01,Wayne,Michigan,26163,64296,960
2021-03-02,Wayne,Michigan,26163,64399,962
2021-03-03,Wayne,Michigan,26163,64492,963
2021-03-04,Wayne,Michigan,26163,64533,963
2021-03-05,Wayne,Michigan,26163,64597,964
2021-03-06,Wayne,Michigan,26163,64662,965
2021-03-07,Wayne,Michigan,26163,64846,967
2021-03-08,Wayne,Michigan,26163,64912,968
2021-03-09,Wayne,Michigan,26163,65027,969
2021-03-10,Wayne,Michigan,26163,65086,970
2021-03-11,Wayne,Michigan,26163,65227,971
2021-03-12,Wayne,Michigan,26163,65305,973
2021-03-13,Wayne,Michigan,26163,65459,976
2021-03-14,Wayne,Michigan,26163,65642,980
2021-03-15,Wayne,Michigan,26163,65822,981
2021-03-16,Wayne,Michigan,26163,66021,984
2021-03-17,Wayne,Michigan,26163,66213,987
2021-03-18,Wayne,Michigan,26163,66266,987
2021-03-19,Wayne,Michigan,26163,66346,988
2021-03-20,Wayne,Michigan,26163,66541,989
2021-03-21,Wayne,Michigan,26163,66709,992
2021-03-22,Wayne,Michigan,26163,66907,993
2021-03-23,Wayne,Michigan,26163,67107,995
2021-03-24,Wayne,Michigan,26163,67311,996
2021-03-25,Wayne,Michigan,26163,67511,998
2021-03-26,Wayne,Michigan,26163,67667,1000
2021-03-27,Wayne,Michigan,26163,67808,1003
2021-03-28,Wayne,Michigan,26163,67860,1004
2021-03-29,Wayne,Michigan,26163,68059,1005
2021-03-30,Wayne,Michigan,26163,68218,1007
2021-03-31,Wayne,Michigan,26163,68257,1007
2021-04-01,Wayne,Michigan,26163,68382,1010
2021-04-02,Wayne,Michigan,26163,68583,1013
2021-04-03,Wayne,Michigan,26163,68620,1013
2021-04-04,Wayne,Michigan,26163,68740,1015
2021-04-05,Wayne,Michigan,26163,68919,1016
2021-04-06,Wayne,Michigan,26163,68987,1017
2021-04-07,Wayne,Michigan,26163,69042,1018
2021-04-08,Wayne,Michigan,26163,69166,1020
2021-04-09,Wayne,Michigan,26163,69363,1021
2021-04-10,Wayne,Michigan,26163,69482,1023
2021-04-11,Wayne,Michigan,26163,69525,1023
2021-04-12,Wayne,Michigan,26163,69683,1026
2021-04-13,Wayne,Michigan,26163,69765,1026
2021-04-14,Wayne,Michigan,26163,69946,1027
2021-04-15,Wayne,Michigan,26163,70034,1028
2021-04-16,Wayne,Michigan,26163,70148,1029
2021-04-17,Wayne,Michigan,26163,70240,1029
2021-04-18,Wayne,Michigan,26163,70402,1031
2021-04-19,Wayne,Michigan,26163,70591,1035
2021-04-20,Wayne,Michigan,26163,70709,1038
2021-04-21,Wayne,Michigan,26163,70835,1039
2021-04-22,Wayne,Michigan,26163,70944,1041
2021-04-23,Wayne,Michigan,26163,70986,1042
2021-04-24,Wayne,Michigan,26163,71067,1044
2021-04-25,Wayne,Michigan,26163,71223,1047
2021-04-26,Wayne,Michigan,26163,71277,1048
2021-04-27,Wayne,Michigan,26163,71450,1049
2021-04-28,Wayne,Michigan,26163,71546,1050
2021-04-29,Wayne,Michigan,26163,71688,1054
2021-04-30,Wayne,Michigan,26163,71744,1055
2021-05-01,Wayne,Michigan,26163,71861,1055
2021-05-02,Wayne,Michigan,26163,72024,1056
2021-05-03,Wayne,Michigan,26163,72142,1057
2021-05-04,Wayne,Michigan,26163,72199,1058
2021-05-05,Wayne,Michigan,26163,72326,1061
2021-05-06,Wayne,Michigan,26163,72421,1061
2021-05-07,Wayne,Michigan,26163,72479,1061
2021-05-08,Wayne,Michigan,26163,72655,1065
2021-05-09,Wayne,Michigan,26163,72764,1065
2021-05-10,Wayne,Michigan,26163,72855,1067
2021-05-11,Wayne,Michigan,26163,72978,1070
2021-05-12,Wayne,Michigan,26163,73091,1071
2021-05-13,Wayne,Michigan,26163,73178,1071
2021-05-14,Wayne,Michigan,26163,73299,1072
2021-05-15,Wayne,Michigan,26163,73392,1074
2021-05-16,Wayne,Michigan,26163,73544,1076
2021-05-17,Wayne,Michigan,26163,73638,1077
2021-05-18,Wayne,Michigan,26163,73841,1082
2021-05-19,Wayne,Michigan,26163,73931,1084
2021-05-20,Wayne,Michigan,26163,74073,1085
2021-05-21,Wayne,Michigan,26163,74130,1086
2021-05-22,Wayne,Michigan,26163,74324,1091
2021-05-23,Wayne,Michigan,26163,74501,1093
2021-05-24,Wayne,Michigan,26163,74594,1093
2021-05-25,Wayne,Michigan,26163,74777,1097
2021-05-26,Wayne,Michigan,26163,74819,1098
2021-05-27,Wayne,Michigan,26163,74919,1099
2021-05-28,Wayne,Michigan,26163,75067,1100
2021-05-29,Wayne,Michigan,26163,75269,1101
2021-05-30,Wayne,Michigan,26163,75457,1106
2021-05-31,Wayne,Michigan,26163,75636,1110
2021-06-01,Wayne,Michigan,26163,75822,1111
2021-06-02,Wayne,Michigan,26163,75857,1111
2021-06-03,Wayne,Michigan,26163,75897,1111
2021-06-04,Wayne,Michigan,26163,76042,1113
2021-06-05,Wayne,Michigan,26163,76108,1113
2021-06-06,Wayne,Michigan,26163,76196,1115
2021-06-07,Wayne,Michigan,26163,76322,1116
2021-06-08,Wayne,Michigan,26163,76459,1120
2021-06-09,Wayne,Michigan,26163,76579,1122
2021-06-10,Wayne,Michigan,26163,76762,1127
2021-06-11,Wayne,Michigan,26163,76835,1128
2021-06-12,Wayne,Michigan,26163,76981,1130
2021-06-13,Wayne,Michigan,26163,77182,1134
2021-06-14,Wayne,Michigan,26163,77243,1134
2021-06-15,Wayne,Michigan,26163,77342,1135
2021-06-16,Wayne,Michigan,26163,77506,1136
2021-06-17,Wayne,Michigan,26163,77605,1137
2021-06-18,Wayne,Michigan,26163,77807,1140
2021-06-19,Wayne,Michigan,26163,77982,1141
2021-06-20,Wayne,Michigan,26163,78112,1144
2021-06-21,Wayne,Michigan,26163,78275,1145
2021-06-22,Wayne,Michigan,26163,78320,1145
2021-06-23,Wayne,Michigan,26163,78380,1146
2021-06-24,Wayne,Michigan,26163,78416,1146
2021-06-25,Wayne,Michigan,26163,78467,1146
2021-06-26,Wayne,Michigan,26163,78503,1146
2021-06-27,Wayne,Michigan,26163,78580,1146
2021-06-28,Wayne,Michigan,26163,78643,1147
2021-06-29,Wayne,Michigan,26163,78759,1147
2021-06-30,Wayne,Michigan,26163,78822,1148
2020-03-01,Hennepin,Minnesota,27053,6,0
2020-03-02,Hennepin,Minnesota,27053,11,0
2020-03-03,Hennepin,Minnesota,27053,22,0
2020-03-04,Hennepin,Minnesota,27053,26,0
2020-03-05,Hennepin,Minnesota,27053,30,0
2020-03-06,Hennepin,Minnesota,27053,36,0
2020-03-07,Hennepin,Minnesota,27053,46,0
2020-03-08,Hennepin,Minnesota,27053,50,0
2020-03-09,Hennepin,Minnesota,27053,56,0
2020-03-10,Hennepin,Minnesota,27053,64,0
2020-03-11,Hennepin,Minnesota,27053,75,0
2020-03-12,Hennepin,Minnesota,27053,84,0
2020-03-13,Hennepin,Minnesota,27053,90,0
2020-03-14,Hennepin,Minnesota,27053,95,0
2020-03-15,Hennepin,Minnesota,27053,100,0
2020-03-16,Hennepin,Minnesota,27053,108,0
2020-03-17,Hennepin,Minnesota,27053,117,0
2020-03-18,Hennepin,Minnesota,27053,128,0
2020-03-19,Hennepin,Minnesota,27053,140,0
2020-03-20,Hennepin,Minnesota,27053,151,0
2020-03-21,Hennepin,Minnesota,27053,153,0
2020-03-22,Hennepin,Minnesota,27053,160,0
2020-03-23,Hennepin,Minnesota,27053,169,0
2020-03-24,Hennepin,Minnesota,27053,181,0
2020-03-25,Hennepin,Minnesota,27053,191,0
2020-03-26,Hennepin,Minnesota,27053,198,0
2020-03-27,Hennepin,Minnesota,27053,200,0
2020-03-28,Hennepin,Minnesota,27053,202,0
2020-03-29,Hennepin,Minnesota,27053,210,0
2020-03-30,Hennepin,Minnesota,27053,213,0
2020-03-31,Hennepin,Minnesota,27053,327,1
2020-04-01,Hennepin,Minnesota,27053,402,1
2020-04-02,Hennepin,Minnesota,27053,462,2
2020-04-03,Hennepin,Minnesota,27053,548,4
2020-04-04,Hennepin,Minnesota,27053,661,5
2020-04-05,Hennepin,Minnesota,27053,765,6
2020-04-06,Hennepin,Minnesota,27053,884,8
2020-04-07,Hennepin,Minnesota,27053,926,8
2020-04-08,Hennepin,Minnesota,27053,1031,10
2020-04-09,Hennepin,Minnesota,27053,1113,11
2020-04-10,Hennepin,Minnesota,27053,1146,11
2020-04-11,Hennepin,Minnesota,27053,1252,13
2020-04-12,Hennepin,Minnesota,27053,1314,13
2020-04-13,Hennepin,Minnesota,27053,1346,13
2020-04-14,Hennepin,Minnesota,27053,1364,13
2020-04-15,Hennepin,Minnesota,27053,1479,14
2020-04-16,Hennepin,Minnesota,27053,1551,15
2020-04-17,Hennepin,Minnesota,27053,1576,15
2020-04-18,Hennepin,Minnesota,27053,1690,16
2020-04-19,Hennepin,Minnesota,27053,1768,17
2020-04-20,Hennepin,Minnesota,27053,1884,18
2020-04-21,Hennepin,Minnesota,27053,1913,18
2020-04-22,Hennepin,Minnesota,27053,2011,18
2020-04-23,Hennepin,Minnesota,27053,2114,19
2020-04-24,Hennepin,Minnesota,27053,2216,21
2020-04-25,Hennepin,Minnesota,27053,2291,21
2020-04-26,Hennepin,Minnesota,27053,2404,22
2020-04-27,Hennepin,Minnesota,27053,2479,23
2020-04-28,Hennepin,Minnesota,27053,2598,26
2020-04-29,Hennepin,Minnesota,27053,2669,27
2020-04-30,Hennepin,Minnesota,27053,2746,28
2020-05-01,Hennepin,Minnesota,27053,2782,28
2020-05-02,Hennepin,Minnesota,27053,2874,29
2020-05-03,Hennepin,Minnesota,27053,2945,29
2020-05-04,Hennepin,Minnesota,27053,3030,30
2020-05-05,Hennepin,Minnesota,27053,3049,30
2020-05-06,Hennepin,Minnesota,27053,3147,32
2020-05-07,Hennepin,Minnesota,27053,3247,33
2020-05-08,Hennepin,Minnesota,27053,3291,33
2020-05-09,Hennepin,Minnesota,27053,3408,35
2020-05-10,Hennepin,Minnesota,27053,3513,37
2020-05-11,Hennepin,Minnesota,27053,3591,37
2020-05-12,Hennepin,Minnesota,27053,3611,37
2020-05-13,Hennepin,Minnesota,27053,3642,37
2020-05-14,Hennepin,Minnesota,27053,3737,39
2020-05-15,Hennepin,Minnesota,27053,3848,39
2020-05-16,Hennepin,Minnesota,27053,3877,39
2020-05-17,Hennepin,Minnesota,27053,3978,41
2020-05-18,Hennepin,Minnesota,27053,4057,42
2020-05-19,Hennepin,Minnesota,27053,4072,42
2020-05-20,Hennepin,Minnesota,27053,4139,43
2020-05-21,Hennepin,Minnesota,27053,4235,43
2020-05-22,Hennepin,Minnesota,27053,4317,43
2020-05-23,Hennepin,Minnesota,27053,4330,43
2020-05-24,Hennepin,Minnesota,27053,4396,43
2020-05-25,Hennepin,Minnesota,27053,4476,43
2020-05-26,Hennepin,Minnesota,27053,4598,44
2020-05-27,Hennepin,Minnesota,27053,4616,44
2020-05-28,Hennepin,Minnesota,27053,4645,44
2020-05-29,Hennepin,Minnesota,27053,4671,44
2020-05-30,Hennepin,Minnesota,27053,4763,45
2020-05-31,Hennepin,Minnesota,27053,4828,46
2020-06-01,Hennepin,Minnesota,27053,4846,46
2020-06-02,Hennepin,Minnesota,27053,4943,46
2020-06-03,Hennepin,Minnesota,27053,4968,46
2020-06-04,Hennepin,Minnesota,27053,4995,46
2020-06-05,Hennepin,Minnesota,27053,5021,46
2020-06-06,Hennepin,Minnesota,27053,5084,47
2020-06-07,Hennepin,Minnesota,27053,5172,49
2020-06-08,Hennepin,Minnesota,27053,5271,51
2020-06-09,Hennepin,Minnesota,27053,5306,51
2020-06-10,Hennepin,Minnesota,27053,5401,51
2020-06-11,Hennepin,Minnesota,27053,5478,52
2020-06-12,Hennepin,Minnesota,27053,5529,52
2020-06-13,Hennepin,Minnesota,27053,5616,53
2020-06-14,Hennepin,Minnesota,27053,5728,55
2020-06-15,Hennepin,Minnesota,27053,5829,55
2020-06-16,Hennepin,Minnesota,27053,5928,56
2020-06-17,Hennepin,Minnesota,27053,5952,56
2020-06-18,Hennepin,Minnesota,27053,6054,58
2020-06-19,Hennepin,Minnesota,27053,6137,58
2020-06-20,Hennepin,Minnesota,27053,6188,58
2020-06-21,Hennepin,Minnesota,27053,6276,60
2020-06-22,Hennepin,Minnesota,27053,6305,60
2020-06-23,Hennepin,Minnesota,27053,6332,60
2020-06-24,Hennepin,Minnesota,27053,6412,61
2020-06-25,Hennepin,Minnesota,27053,6466,62
2020-06-26,Hennepin,Minnesota,27053,6560,64
2020-06-27,Hennepin,Minnesota,27053,6580,64
2020-06-28,Hennepin,Minnesota,27053,6667,66
2020-06-29,Hennepin,Minnesota,27053,6730,67
2020-06-30,Hennepin,Minnesota,27053,6860,68
2020-07-01,Hennepin,Minnesota,27053,7008,70
2020-07-02,Hennepin,Minnesota,27053,7036,70
2020-07-03,Hennepin,Minnesota,27053,7233,71
2020-07-04,Hennepin,Minnesota,27053,7307,72
2020-07-05,Hennepin,Minnesota,27053,7395,73
2020-07-06,Hennepin,Minnesota,27053,7485,74
2020-07-07,Hennepin,Minnesota,27053,7674,75
2020-07-08,Hennepin,Minnesota,27053,7704,75
2020-07-09,Hennepin,Minnesota,27053,7886,79
2020-07-10,Hennepin,Minnesota,27053,7915,79
2020-07-11,Hennepin,Minnesota,27053,8105,81
2020-07-12,Hennepin,Minnesota,27053,8194,81
2020-07-13,Hennepin,Minnesota,27053,8260,82
2020-07-14,Hennepin,Minnesota,27053,8296,82
2020-07-15,Hennepin,Minnesota,27053,8332,82
2020-07-16,Hennepin,Minnesota,27053,8528,85
2020-07-17,Hennepin,Minnesota,27053,8706,85
2020-07-18,Hennepin,Minnesota,27053,8771,85
2020-07-19,Hennepin,Minnesota,27053,8846,86
2020-07-20,Hennepin,Minnesota,27053,9031,88
2020-07-21,Hennepin,Minnesota,27053,9102,89
2020-07-22,Hennepin,Minnesota,27053,9274,92
2020-07-23,Hennepin,Minnesota,27053,9413,93
2020-07-24,Hennepin,Minnesota,27053,9564,94
2020-07-25,Hennepin,Minnesota,27053,9633,94
2020-07-26,Hennepin,Minnesota,27053,9767,97
2020-07-27,Hennepin,Minnesota,27053,9864,98
2020-07-28,Hennepin,Minnesota,27053,10051,101
2020-07-29,Hennepin,Minnesota,27053,10141,103
2020-07-30,Hennepin,Minnesota,27053,10220,103
2020-07-31,Hennepin,Minnesota,27053,10323,105
2020-08-01,Hennepin,Minnesota,27053,10525,107
2020-08-02,Hennepin,Minnesota,27053,10625,107
2020-08-03,Hennepin,Minnesota,27053,10693,108
2020-08-04,Hennepin,Minnesota,27053,10737,109
2020-08-05,Hennepin,Minnesota,27053,10806,110
2020-08-06,Hennepin,Minnesota,27053,10850,110
2020-08-07,Hennepin,Minnesota,27053,11011,114
2020-08-08,Hennepin,Minnesota,27053,11127,114
2020-08-09,Hennepin,Minnesota,27053,11157,114
2020-08-10,Hennepin,Minnesota,27053,11322,117
2020-08-11,Hennepin,Minnesota,27053,11365,117
2020-08-12,Hennepin,Minnesota,27053,11525,118
2020-08-13,Hennepin,Minnesota,27053,11579,118
2020-08-14,Hennepin,Minnesota,27053,11700,120
2020-08-15,Hennepin,Minnesota,27053,11869,123
2020-08-16,Hennepin,Minnesota,27053,11973,123
2020-08-17,Hennepin,Minnesota,27053,12003,123
2020-08-18,Hennepin,Minnesota,27053,12200,127
2020-08-19,Hennepin,Minnesota,27053,12307,128
2020-08-20,Hennepin,Minnesota,27053,12339,128
2020-08-21,Hennepin,Minnesota,27053,12408,129
2020-08-22,Hennepin,Minnesota,27053,12473,129
2020-08-23,Hennepin,Minnesota,27053,12506,129
2020-08-24,Hennepin,Minnesota,27053,12595,130
2020-08-25,Hennepin,Minnesota,27053,12669,130
2020-08-26,Hennepin,Minnesota,27053,12836,131
2020-08-27,Hennepin,Minnesota,27053,12986,131
2020-08-28,Hennepin,Minnesota,27053,13111,132
2020-08-29,Hennepin,Minnesota,27053,13230,134
2020-08-30,Hennepin,Minnesota,27053,13318,135
2020-08-31,Hennepin,Minnesota,27053,13419,136
2020-09-01,Hennepin,Minnesota,27053,13449,136
2020-09-02,Hennepin,Minnesota,27053,13475,136
2020-09-03,Hennepin,Minnesota,27053,13619,139
2020-09-04,Hennepin,Minnesota,27053,13679,139
2020-09-05,Hennepin,Minnesota,27053,13850,143
2020-09-06,Hennepin,Minnesota,27053,13953,144
2020-09-07,Hennepin,Minnesota,27053,14055,145
2020-09-08,Hennepin,Minnesota,27053,14226,146
2020-09-09,Hennepin,Minnesota,27053,14355,148
2020-09-10,Hennepin,Minnesota,27053,14527,151
2020-09-11,Hennepin,Minnesota,27053,14636,151
2020-09-12,Hennepin,Minnesota,27053,14834,153
2020-09-13,Hennepin,Minnesota,27053,14934,154
2020-09-14,Hennepin,Minnesota,27053,15017,155
2020-09-15,Hennepin,Minnesota,27053,15176,158
2020-09-16,Hennepin,Minnesota,27053,15210,158
2020-09-17,Hennepin,Minnesota,27053,15353,159
2020-09-18,Hennepin,Minnesota,27053,15423,159
2020-09-19,Hennepin,Minnesota,27053,15564,161
2020-09-20,Hennepin,Minnesota,27053,15685,164
2020-09-21,Hennepin,Minnesota,27053,15722,164
2020-09-22,Hennepin,Minnesota,27053,15881,168
2020-09-23,Hennepin,Minnesota,27053,16018,169
2020-09-24,Hennepin,Minnesota,27053,16043,169
2020-09-25,Hennepin,Minnesota,27053,16245,170
2020-09-26,Hennepin,Minnesota,27053,16409,170
2020-09-27,Hennepin,Minnesota,27053,16542,172
2020-09-28,Hennepin,Minnesota,27053,16710,174
2020-09-29,Hennepin,Minnesota,27053,16882,178
2020-09-30,Hennepin,Minnesota,27053,17071,180
2020-10-01,Hennepin,Minnesota,27053,17203,183
2020-10-02,Hennepin,Minnesota,27053,17341,185
2020-10-03,Hennepin,Minnesota,27053,17401,186
2020-10-04,Hennepin,Minnesota,27053,17547,189
2020-10-05,Hennepin,Minnesota,27053,17640,190
2020-10-06,Hennepin,Minnesota,27053,17717,191
2020-10-07,Hennepin,Minnesota,27053,17810,191
2020-10-08,Hennepin,Minnesota,27053,17873,191
2020-10-09,Hennepin,Minnesota,27053,17907,191
2020-10-10,Hennepin,Minnesota,27053,17979,191
2020-10-11,Hennepin,Minnesota,27053,18035,191
2020-10-12,Hennepin,Minnesota,27053,18092,192
2020-10-13,Hennepin,Minnesota,27053,18288,196
2020-10-14,Hennepin,Minnesota,27053,18418,198
2020-10-15,Hennepin,Minnesota,27053,18604,203
2020-10-16,Hennepin,Minnesota,27053,18708,203
2020-10-17,Hennepin,Minnesota,27053,18859,207
2020-10-18,Hennepin,Minnesota,27053,18913,207
2020-10-19,Hennepin,Minnesota,27053,19113,211
2020-10-20,Hennepin,Minnesota,27053,19142,211
2020-10-21,Hennepin,Minnesota,27053,19258,213
2020-10-22,Hennepin,Minnesota,27053,19379,214
2020-10-23,Hennepin,Minnesota,27053,19420,214
2020-10-24,Hennepin,Minnesota,27053,19473,215
2020-10-25,Hennepin,Minnesota,27053,19503,215
2020-10-26,Hennepin,Minnesota,27053,19639,216
2020-10-27,Hennepin,Minnesota,27053,19829,221
2020-10-28,Hennepin,Minnesota,27053,20021,225
2020-10-29,Hennepin,Minnesota,27053,20088,226
2020-10-30,Hennepin,Minnesota,27053,20246,229
2020-10-31,Hennepin,Minnesota,27053,20376,232
2020-11-01,Hennepin,Minnesota,27053,20539,234
2020-11-02,Hennepin,Minnesota,27053,20590,234
2020-11-03,Hennepin,Minnesota,27053,20788,239
2020-11-04,Hennepin,Minnesota,27053,20942,241
2020-11-05,Hennepin,Minnesota,27053,21078,244
2020-11-06,Hennepin,Minnesota,27053,21435,250
2020-11-07,Hennepin,Minnesota,27053,21758,258
2020-11-08,Hennepin,Minnesota,27053,22128,268
2020-11-09,Hennepin,Minnesota,27053,22475,272
2020-11-10,Hennepin,Minnesota,27053,22592,274
2020-11-11,Hennepin,Minnesota,27053,22805,279
2020-11-12,Hennepin,Minnesota,27053,22989,282
2020-11-13,Hennepin,Minnesota,27053,23346,288
2020-11-14,Hennepin,Minnesota,27053,23555,291
2020-11-15,Hennepin,Minnesota,27053,23763,292
2020-11-16,Hennepin,Minnesota,27053,23891,295
2020-11-17,Hennepin,Minnesota,27053,24045,295
2020-11-18,Hennepin,Minnesota,27053,24265,298
2020-11-19,Hennepin,Minnesota,27053,24369,300
2020-11-20,Hennepin,Minnesota,27053,24700,304
2020-11-21,Hennepin,Minnesota,27053,24801,306
2020-11-22,Hennepin,Minnesota,27053,24904,308
2020-11-23,Hennepin,Minnesota,27053,25005,308
2020-11-24,Hennepin,Minnesota,27053,25351,315
2020-11-25,Hennepin,Minnesota,27053,25606,321
2020-11-26,Hennepin,Minnesota,27053,25864,325
2020-11-27,Hennepin,Minnesota,27053,26214,328
2020-11-28,Hennepin,Minnesota,27053,26510,332
2020-11-29,Hennepin,Minnesota,27053,26872,339
2020-11-30,Hennepin,Minnesota,27053,27205,346
2020-12-01,Hennepin,Minnesota,27053,27296,346
2020-12-02,Hennepin,Minnesota,27053,27479,350
2020-12-03,Hennepin,Minnesota,27053,27633,353
2020-12-04,Hennepin,Minnesota,27053,27948,357
2020-12-05,Hennepin,Minnesota,27053,28131,358
2020-12-06,Hennepin,Minnesota,27053,28480,365
2020-12-07,Hennepin,Minnesota,27053,28609,366
2020-12-08,Hennepin,Minnesota,27053,28956,373
2020-12-09,Hennepin,Minnesota,27053,29201,376
2020-12-10,Hennepin,Minnesota,27053,29391,377
2020-12-11,Hennepin,Minnesota,27053,29749,383
2020-12-12,Hennepin,Minnesota,27053,30085,390
2020-12-13,Hennepin,Minnesota,27053,30355,392
2020-12-14,Hennepin,Minnesota,27053,30625,399
2020-12-15,Hennepin,Minnesota,27053,30982,407
2020-12-16,Hennepin,Minnesota,27053,31143,410
2020-12-17,Hennepin,Minnesota,27053,31335,412
2020-12-18,Hennepin,Minnesota,27053,31491,415
2020-12-19,Hennepin,Minnesota,27053,31574,416
2020-12-20,Hennepin,Minnesota,27053,31744,417
2020-12-21,Hennepin,Minnesota,27053,31823,418
2020-12-22,Hennepin,Minnesota,27053,31930,418
2020-12-23,Hennepin,Minnesota,27053,32304,423
2020-12-24,Hennepin,Minnesota,27053,32610,430
2020-12-25,Hennepin,Minnesota,27053,32809,433
2020-12-26,Hennepin,Minnesota,27053,32922,434
2020-12-27,Hennepin,Minnesota,27053,33172,440
2020-12-28,Hennepin,Minnesota,27053,33315,442
2020-12-29,Hennepin,Minnesota,27053,33552,446
2020-12-30,Hennepin,Minnesota,27053,33814,453
2020-12-31,Hennepin,Minnesota,27053,33931,454
2021-01-01,Hennepin,Minnesota,27053,34152,460
2021-01-02,Hennepin,Minnesota,27053,34456,464
2021-01-03,Hennepin,Minnesota,27053,34706,467
2021-01-04,Hennepin,Minnesota,27053,34971,468
2021-01-05,Hennepin,Minnesota,27053,35138,469
2021-01-06,Hennepin,Minnesota,27053,35466,475
2021-01-07,Hennepin,Minnesota,27053,35771,482
2021-01-08,Hennepin,Minnesota,27053,35955,486
2021-01-09,Hennepin,Minnesota,27053,36213,492
2021-01-10,Hennepin,Minnesota,27053,36592,502
2021-01-11,Hennepin,Minnesota,27053,36885,504
2021-01-12,Hennepin,Minnesota,27053,37025,507
2021-01-13,Hennepin,Minnesota,27053,37372,511
2021-01-14,Hennepin,Minnesota,27053,37745,513
2021-01-15,Hennepin,Minnesota,27053,37898,515
2021-01-16,Hennepin,Minnesota,27053,38002,516
2021-01-17,Hennepin,Minnesota,27053,38330,517
2021-01-18,Hennepin,Minnesota,27053,38456,520
2021-01-19,Hennepin,Minnesota,27053,38616,522
2021-01-20,Hennepin,Minnesota,27053,38735,522
2021-01-21,Hennepin,Minnesota,27053,38840,523
2021-01-22,Hennepin,Minnesota,27053,38925,523
2021-01-23,Hennepin,Minnesota,27053,39088,523
2021-01-24,Hennepin,Minnesota,27053,39336,526
2021-01-25,Hennepin,Minnesota,27053,39431,528
2021-01-26,Hennepin,Minnesota,27053,39654,534
2021-01-27,Hennepin,Minnesota,27053,39957,541
2021-01-28,Hennepin,Minnesota,27053,40071,542
2021-01-29,Hennepin,Minnesota,27053,40310,547
2021-01-30,Hennepin,Minnesota,27053,40577,551
2021-01-31,Hennepin,Minnesota,27053,40943,559
2021-02-01,Hennepin,Minnesota,27053,41282,564
2021-02-02,Hennepin,Minnesota,27053,41525,565
2021-02-03,Hennepin,Minnesota,27053,41625,566
2021-02-04,Hennepin,Minnesota,27053,41858,572
2021-02-05,Hennepin,Minnesota,27053,42173,580
2021-02-06,Hennepin,Minnesota,27053,42438,587
2021-02-07,Hennepin,Minnesota,27053,42704,594
2021-02-08,Hennepin,Minnesota,27053,42945,598
2021-02-09,Hennepin,Minnesota,27053,43184,604
2021-02-10,Hennepin,Minnesota,27053,43335,608
2021-02-11,Hennepin,Minnesota,27053,43531,612
2021-02-12,Hennepin,Minnesota,27053,43740,617
2021-02-13,Hennepin,Minnesota,27053,43931,619
2021-02-14,Hennepin,Minnesota,27053,44069,620
2021-02-15,Hennepin,Minnesota,27053,44137,620
2021-02-16,Hennepin,Minnesota,27053,44202,621
2021-02-17,Hennepin,Minnesota,27053,44241,621
2021-02-18,Hennepin,Minnesota,27053,44357,623
2021-02-19,Hennepin,Minnesota,27053,44389,623
2021-02-20,Hennepin,Minnesota,27053,44474,624
2021-02-21,Hennepin,Minnesota,27053,44587,625
2021-02-22,Hennepin,Minnesota,27053,44700,626
2021-02-23,Hennepin,Minnesota,27053,44734,626
2021-02-24,Hennepin,Minnesota,27053,44845,626
2021-02-25,Hennepin,Minnesota,27053,44975,628
2021-02-26,Hennepin,Minnesota,27053,45097,631
2021-02-27,Hennepin,Minnesota,27053,45148,631
2021-02-28,Hennepin,Minnesota,27053,45225,632
2021-03-01,Hennepin,Minnesota,27053,45266,632
2021-03-02,Hennepin,Minnesota,27053,45324,632
2021-03-03,Hennepin,Minnesota,27053,45356,632
2021-03-04,Hennepin,Minnesota,27053,45387,632
2021-03-05,Hennepin,Minnesota,27053,45494,633
2021-03-06,Hennepin,Minnesota,27053,45536,633
2021-03-07,Hennepin,Minnesota,27053,45634,633
2021-03-08,Hennepin,Minnesota,27053,45696,633
2021-03-09,Hennepin,Minnesota,27053,45768,634
2021-03-10,Hennepin,Minnesota,27053,45892,636
2021-03-11,Hennepin,Minnesota,27053,45987,637
2021-03-12,Hennepin,Minnesota,27053,46075,637
2021-03-13,Hennepin,Minnesota,27053,46200,638
2021-03-14,Hennepin,Minnesota,27053,46227,638
2021-03-15,Hennepin,Minnesota,27053,46291,638
2021-03-16,Hennepin,Minnesota,27053,46362,639
2021-03-17,Hennepin,Minnesota,27053,46430,640
2021-03-18,Hennepin,Minnesota,27053,46527,642
2021-03-19,Hennepin,Minnesota,27053,46591,642
2021-03-20,Hennepin,Minnesota,27053,46644,643
2021-03-21,Hennepin,Minnesota,27053,46771,643
2021-03-22,Hennepin,Minnesota,27053,46812,644
2021-03-23,Hennepin,Minnesota,27053,46884,645
2021-03-24,Hennepin,Minnesota,27053,47020,648
2021-03-25,Hennepin,Minnesota,27053,47153,649
2021-03-26,Hennepin,Minnesota,27053,47231,650
2021-03-27,Hennepin,Minnesota,27053,47263,650
2021-03-28,Hennepin,Minnesota,27053,47330,651
2021-03-29,Hennepin,Minnesota,27053,47384,651
2021-03-30,Hennepin,Minnesota,27053,47497,653
2021-03-31,Hennepin,Minnesota,27053,47542,653
2021-04-01,Hennepin,Minnesota,27053,47589,653
2021-04-02,Hennepin,Minnesota,27053,47736,656
2021-04-03,Hennepin,Minnesota,27053,47815,658
2021-04-04,Hennepin,Minnesota,27053,47928,659
2021-04-05,Hennepin,Minnesota,27053,48004,660
2021-04-06,Hennepin,Minnesota,27053,48106,661
2021-04-07,Hennepin,Minnesota,27053,48144,661
2021-04-08,Hennepin,Minnesota,27053,48259,661
2021-04-09,Hennepin,Minnesota,27053,48331,663
2021-04-10,Hennepin,Minnesota,27053,48420,665
2021-04-11,Hennepin,Minnesota,27053,48512,666
2021-04-12,Hennepin,Minnesota,27053,48586,666
2021-04-13,Hennepin,Minnesota,27053,48707,669
2021-04-14,Hennepin,Minnesota,27053,48734,669
2021-04-15,Hennepin,Minnesota,27053,48824,670
2021-04-16,Hennepin,Minnesota,27053,48939,673
2021-04-17,Hennepin,Minnesota,27053,48980,674
2021-04-18,Hennepin,Minnesota,27053,49027,674
2021-04-19,Hennepin,Minnesota,27053,49171,676
2021-04-20,Hennepin,Minnesota,27053,49295,676
2021-04-21,Hennepin,Minnesota,27053,49421,678
2021-04-22,Hennepin,Minnesota,27053,49572,680
2021-04-23,Hennepin,Minnesota,27053,49630,680
2021-04-24,Hennepin,Minnesota,27053,49758,680
2021-04-25,Hennepin,Minnesota,27053,49875,683
2021-04-26,Hennepin,Minnesota,27053,49907,683
2021-04-27,Hennepin,Minnesota,27053,49961,684
2021-04-28,Hennepin,Minnesota,27053,50046,684
2021-04-29,Hennepin,Minnesota,27053,50115,685
2021-04-30,Hennepin,Minnesota,27053,50189,686
2021-05-01,Hennepin,Minnesota,27053,50220,686
2021-05-02,Hennepin,Minnesota,27053,50368,689
2021-05-03,Hennepin,Minnesota,27053,50439,689
2021-05-04,Hennepin,Minnesota,27053,50529,690
2021-05-05,Hennepin,Minnesota,27053,50569,690
2021-05-06,Hennepin,Minnesota,27053,50689,692
2021-05-07,Hennepin,Minnesota,27053,50825,693
2021-05-08,Hennepin,Minnesota,27053,50945,696
2021-05-09,Hennepin,Minnesota,27053,50976,696
2021-05-10,Hennepin,Minnesota,27053,51055,696
2021-05-11,Hennepin,Minnesota,27053,51126,697
2021-05-12,Hennepin,Minnesota,27053,51194,697
2021-05-13,Hennepin,Minnesota,27053,51244,698
2021-05-14,Hennepin,Minnesota,27053,51283,699
2021-05-15,Hennepin,Minnesota,27053,51327,700
2021-05-16,Hennepin,Minnesota,27053,51408,701
2021-05-17,Hennepin,Minnesota,27053,51511,703
2021-05-18,Hennepin,Minnesota,27053,51660,706
2021-05-19,Hennepin,Minnesota,27053,51763,708
2021-05-20,Hennepin,Minnesota,27053,51799,708
2021-05-21,Hennepin,Minnesota,27053,51922,710
2021-05-22,Hennepin,Minnesota,27053,51978,710
2021-05-23,Hennepin,Minnesota,27053,52084,712
2021-05-24,Hennepin,Minnesota,27053,52171,712
2021-05-25,Hennepin,Minnesota,27053,52306,714
2021-05-26,Hennepin,Minnesota,27053,52379,714
2021-05-27,Hennepin,Minnesota,27053,52413,714
2021-05-28,Hennepin,Minnesota,27053,52528,716
2021-05-29,Hennepin,Minnesota,27053,52561,716
2021-05-30,Hennepin,Minnesota,27053,52663,717
2021-05-31,Hennepin,Minnesota,27053,52719,717
2021-06-01,Hennepin,Minnesota,27053,52785,718
2021-06-02,Hennepin,Minnesota,27053,52814,718
2021-06-03,Hennepin,Minnesota,27053,52939,719
2021-06-04,Hennepin,Minnesota,27053,53055,721
2021-06-05,Hennepin,Minnesota,27053,53098,721
2021-06-06,Hennepin,Minnesota,27053,53152,722
2021-06-07,Hennepin,Minnesota,27053,53288,722
2021-06-08,Hennepin,Minnesota,27053,53421,725
2021-06-09,Hennepin,Minnesota,27053,53546,727
2021-06-10,Hennepin,Minnesota,27053,53636,729
2021-06-11,Hennepin,Minnesota,27053,53711,730
2021-06-12,Hennepin,Minnesota,27053,53772,731
2021-06-13,Hennepin,Minnesota,27053,53903,732
2021-06-14,Hennepin,Minnesota,27053,53950,732
2021-06-15,Hennepin,Minnesota,27053,54091,736
2021-06-16,Hennepin,Minnesota,27053,54149,736
2021-06-17,Hennepin,Minnesota,27053,54278,737
2021-06-18,Hennepin,Minnesota,27053,54371,738
2021-06-19,Hennepin,Minnesota,27053,54404,738
2021-06-20,Hennepin,Minnesota,27053,54456,739
2021-06-21,Hennepin,Minnesota,27053,54551,739
2021-06-22,Hennepin,Minnesota,27053,54663,741
2021-06-23,Hennepin,Minnesota,27053,54789,743
2021-06-24,Hennepin,Minnesota,27053,54844,744
2021-06-25,Hennepin,Minnesota,27053,54887,744
2021-06-26,Hennepin,Minnesota,27053,54975,745
2021-06-27,Hennepin,Minnesota,27053,55110,748
2021-06-28,Hennepin,Minnesota,27053,55237,750
2021-06-29,Hennepin,Minnesota,27053,55316,751
2021-06-30,Hennepin,Minnesota,27053,55406,751
2020-03-01,St. Louis city,Missouri,29510,2,0
2020-03-02,St. Louis city,Missouri,29510,2,0
2020-03-03,St. Louis city,Missouri,29510,2,0
2020-03-04,St. Louis city,Missouri,29510,2,0
2020-03-05,St. Louis city,Missouri,29510,2,0
2020-03-06,St. Louis city,Missouri,29510,2,0
2020-03-07,St. Louis city,Missouri,29510,2,0
2020-03-08,St. Louis city,Missouri,29510,4,0
2020-03-09,St. Louis city,Missouri,29510,6,0
2020-03-10,St. Louis city,Missouri,29510,6,0
2020-03-11,St. Louis city,Missouri,29510,8,0
2020-03-12,St. Louis city,Missouri,29510,9,0
2020-03-13,St. Louis city,Missouri,29510,9,0
2020-03-14,St. Louis city,Missouri,29510,10,0
2020-03-15,St. Louis city,Missouri,29510,12,0
2020-03-16,St. Louis city,Missouri,29510,13,0
2020-03-17,St. Louis city,Missouri,29510,14,0
2020-03-18,St. Louis city,Missouri,29510,16,0
2020-03-19,St. Louis city,Missouri,29510,18,0
2020-03-20,St. Louis city,Missouri,29510,19,0
2020-03-21,St. Louis city,Missouri,29510,20,0
2020-03-22,St. Louis city,Missouri,29510,20,0
2020-03-23,St. Louis city,Missouri,29510,22,0
2020-03-24,St. Louis city,Missouri,29510,22,0
2020-03-25,St. Louis city,Missouri,29510,22,0
2020-03-26,St. Louis city,Missouri,29510,23,0
2020-03-27,St. Louis city,Missouri,29510,23,0
2020-03-28,St. Louis city,Missouri,29510,24,0
2020-03-29,St. Louis city,Missouri,29510,26,0
2020-03-30,St. Louis city,Missouri,29510,28,0
2020-03-31,St. Louis city,Missouri,29510,41,0
2020-04-01,St. Louis city,Missouri,29510,46,0
2020-04-02,St. Louis city,Missouri,29510,59,0
2020-04-03,St. Louis city,Missouri,29510,69,0
2020-04-04,St. Louis city,Missouri,29510,78,0
2020-04-05,St. Louis city,Missouri,29510,106,0
2020-04-06,St. Louis city,Missouri,29510,126,0
2020-04-07,St. Louis city,Missouri,29510,142,0
2020-04-08,St. Louis city,Missouri,29510,158,0
2020-04-09,St. Louis city,Missouri,29510,181,0
2020-04-10,St. Louis city,Missouri,29510,201,0
2020-04-11,St. Louis city,Missouri,29510,212,0
2020-04-12,St. Louis city,Missouri,29510,230,0
2020-04-13,St. Louis city,Missouri,29510,254,0
2020-04-14,St. Louis city,Missouri,29510,262,0
2020-04-15,St. Louis city,Missouri,29510,265,0
2020-04-16,St. Louis city,Missouri,29510,278,0
2020-04-17,St. Louis city,Missouri,29510,291,0
2020-04-18,St. Louis city,Missouri,29510,319,0
2020-04-19,St. Louis city,Missouri,29510,337,0
2020-04-20,St. Louis city,Missouri,29510,342,0
2020-04-21,St. Louis city,Missouri,29510,363,0
2020-04-22,St. Louis city,Missouri,29510,392,0
2020-04-23,St. Louis city,Missouri,29510,406,0
2020-04-24,St. Louis city,Missouri,29510,409,0
2020-04-25,St. Louis city,Missouri,29510,436,0
2020-04-26,St. Louis city,Missouri,29510,441,0
2020-04-27,St. Louis city,Missouri,29510,466,0
2020-04-28,St. Louis city,Missouri,29510,475,0
2020-04-29,St. Louis city,Missouri,29510,499,0
2020-04-30,St. Louis city,Missouri,29510,504,0
2020-05-01,St. Louis city,Missouri,29510,531,0
2020-05-02,St. Louis city,Missouri,29510,554,0
2020-05-03,St. Louis city,Missouri,29510,571,0
2020-05-04,St. Louis city,Missouri,29510,594,0
2020-05-05,St. Louis city,Missouri,29510,608,0
2020-05-06,St. Louis city,Missouri,29510,618,0
2020-05-07,St. Louis city,Missouri,29510,635,0
2020-05-08,St. Louis city,Missouri,29510,654,0
2020-05-09,St. Louis city,Missouri,29510,673,0
2020-05-10,St. Louis city,Missouri,29510,690,0
2020-05-11,St. Louis city,Missouri,29510,708,0
2020-05-12,St. Louis city,Missouri,29510,728,0
2020-05-13,St. Louis city,Missouri,29510,745,0
2020-05-14,St. Louis city,Missouri,29510,765,0
2020-05-15,St. Louis city,Missouri,29510,769,0
2020-05-16,St. Louis city,Missouri,29510,793,0
2020-05-17,St. Louis city,Missouri,29510,805,0
2020-05-18,St. Louis city,Missouri,29510,823,0
2020-05-19,St. Louis city,Missouri,29510,826,0
2020-05-20,St. Louis city,Missouri,29510,832,0
2020-05-21,St. Louis city,Missouri,29510,838,0
2020-05-22,St. Louis city,Missouri,29510,861,0
2020-05-23,St. Louis city,Missouri,29510,886,0
2020-05-24,St. Louis city,Missouri,29510,904,0
2020-05-25,St. Louis city,Missouri,29510,912,0
2020-05-26,St. Louis city,Missouri,29510,941,0
2020-05-27,St. Louis city,Missouri,29510,944,0
2020-05-28,St. Louis city,Missouri,29510,971,0
2020-05-29,St. Louis city,Missouri,29510,977,0
2020-05-30,St. Louis city,Missouri,29510,992,0
2020-05-31,St. Louis city,Missouri,29510,1003,0
2020-06-01,St. Louis city,Missouri,29510,1018,0
2020-06-02,St. Louis city,Missouri,29510,1040,0
2020-06-03,St. Louis city,Missouri,29510,1046,0
2020-06-04,St. Louis city,Missouri,29510,1065,0
2020-06-05,St. Louis city,Missouri,29510,1070,0
2020-06-06,St. Louis city,Missouri,29510,1095,0
2020-06-07,St. Louis city,Missouri,29510,1105,0
2020-06-08,St. Louis city,Missouri,29510,1124,0
2020-06-09,St. Louis city,Missouri,29510,1138,0
2020-06-10,St. Louis city,Missouri,29510,1144,0
2020-06-11,St. Louis city,Missouri,29510,1156,0
2020-06-12,St. Louis city,Missouri,29510,1171,0
2020-06-13,St. Louis city,Missouri,29510,1197,0
2020-06-14,St. Louis city,Missouri,29510,1207,0
2020-06-15,St. Louis city,Missouri,29510,1217,0
2020-06-16,St. Louis city,Missouri,29510,1242,0
2020-06-17,St. Louis city,Missouri,29510,1252,0
2020-06-18,St. Louis city,Missouri,29510,1277,0
2020-06-19,St. Louis city,Missouri,29510,1301,0
2020-06-20,St. Louis city,Missouri,29510,1326,0
2020-06-21,St. Louis city,Missouri,29510,1351,0
2020-06-22,St. Louis city,Missouri,29510,1376,0
2020-06-23,St. Louis city,Missouri,29510,1379,0
2020-06-24,St. Louis city,Missouri,29510,1383,0
2020-06-25,St. Louis city,Missouri,29510,1411,0
2020-06-26,St. Louis city,Missouri,29510,1425,0
2020-06-27,St. Louis city,Missouri,29510,1440,0
2020-06-28,St. Louis city,Missouri,29510,1446,0
2020-06-29,St. Louis city,Missouri,29510,1471,0
2020-06-30,St. Louis city,Missouri,29510,1483,0
2020-07-01,St. Louis city,Missouri,29510,1502,0
2020-07-02,St. Louis city,Missouri,29510,1541,0
2020-07-03,St. Louis city,Missouri,29510,1550,0
2020-07-04,St. Louis city,Missouri,29510,1595,1
2020-07-05,St. Louis city,Missouri,29510,1608,1
2020-07-06,St. Louis city,Missouri,29510,1644,1
2020-07-07,St. Louis city,Missouri,29510,1655,1
2020-07-08,St. Louis city,Missouri,29510,1677,1
2020-07-09,St. Louis city,Missouri,29510,1721,2
2020-07-10,St. Louis city,Missouri,29510,1742,2
2020-07-11,St. Louis city,Missouri,29510,1750,2
2020-07-12,St. Louis city,Missouri,29510,1779,2
2020-07-13,St. Louis city,Missouri,29510,1824,2
2020-07-14,St. Louis city,Missouri,29510,1854,2
2020-07-15,St. Louis city,Missouri,29510,1885,2
2020-07-16,St. Louis city,Missouri,29510,1928,2
2020-07-17,St. Louis city,Missouri,29510,1968,2
2020-07-18,St. Louis city,Missouri,29510,1981,2
2020-07-19,St. Louis city,Missouri,29510,2024,3
2020-07-20,St. Louis city,Missouri,29510,2039,3
2020-07-21,St. Louis city,Missouri,29510,2078,3
2020-07-22,St. Louis city,Missouri,29510,2107,3
2020-07-23,St. Louis city,Missouri,29510,2114,3
2020-07-24,St. Louis city,Missouri,29510,2138,3
2020-07-25,St. Louis city,Missouri,29510,2144,3
2020-07-26,St. Louis city,Missouri,29510,2160,3
2020-07-27,St. Louis city,Missouri,29510,2207,3
2020-07-28,St. Louis city,Missouri,29510,2234,3
2020-07-29,St. Louis city,Missouri,29510,2263,3
2020-07-30,St. Louis city,Missouri,29510,2281,3
2020-07-31,St. Louis city,Missouri,29510,2292,3
2020-08-01,St. Louis city,Missouri,29510,2317,3
2020-08-02,St. Louis city,Missouri,29510,2347,3
2020-08-03,St. Louis city,Missouri,29510,2370,3
2020-08-04,St. Louis city,Missouri,29510,2386,3
2020-08-05,St. Louis city,Missouri,29510,2424,3
2020-08-06,St. Louis city,Missouri,29510,2460,4
2020-08-07,St. Louis city,Missouri,29510,2499,4
2020-08-08,St. Louis city,Missouri,29510,2510,4
2020-08-09,St. Louis city,Missouri,29510,2549,4
2020-08-10,St. Louis city,Missouri,29510,2558,4
2020-08-11,St. Louis city,Missouri,29510,2594,4
2020-08-12,St. Louis city,Missouri,29510,2610,4
2020-08-13,St. Louis city,Missouri,29510,2630,4
2020-08-14,St. Louis city,Missouri,29510,2661,4
2020-08-15,St. Louis city,Missouri,29510,2674,4
2020-08-16,St. Louis city,Missouri,29510,2692,4
2020-08-17,St. Louis city,Missouri,29510,2730,4
2020-08-18,St. Louis city,Missouri,29510,2754,4
2020-08-19,St. Louis city,Missouri,29510,2797,4
2020-08-20,St. Louis city,Missouri,29510,2839,4
2020-08-21,St. Louis city,Missouri,29510,2867,4
2020-08-22,St. Louis city,Missouri,29510,2884,4
2020-08-23,St. Louis city,Missouri,29510,2891,4
2020-08-24,St. Louis city,Missouri,29510,2905,4
2020-08-25,St. Louis city,Missouri,29510,2952,5
2020-08-26,St. Louis city,Missouri,29510,2995,6
2020-08-27,St. Louis city,Missouri,29510,3022,6
2020-08-28,St. Louis city,Missouri,29510,3068,6
2020-08-29,St. Louis city,Missouri,29510,3083,6
2020-08-30,St. Louis city,Missouri,29510,3122,6
2020-08-31,St. Louis city,Missouri,29510,3163,6
2020-09-01,St. Louis city,Missouri,29510,3174,6
2020-09-02,St. Louis city,Missouri,29510,3194,6
2020-09-03,St. Louis city,Missouri,29510,3218,6
2020-09-04,St. Louis city,Missouri,29510,3226,6
2020-09-05,St. Louis city,Missouri,29510,3258,6
2020-09-06,St. Louis city,Missouri,29510,3279,6
2020-09-07,St. Louis city,Missouri,29510,3293,6
2020-09-08,St. Louis city,Missouri,29510,3333,6
2020-09-09,St. Louis city,Missouri,29510,3361,6
2020-09-10,St. Louis city,Missouri,29510,3399,6
2020-09-11,St. Louis city,Missouri,29510,3425,6
2020-09-12,St. Louis city,Missouri,29510,3461,6
2020-09-13,St. Louis city,Missouri,29510,3492,6
2020-09-14,St. Louis city,Missouri,29510,3502,6
2020-09-15,St. Louis city,Missouri,29510,3512,6
2020-09-16,St. Louis city,Missouri,29510,3557,6
2020-09-17,St. Louis city,Missouri,29510,3604,6
2020-09-18,St. Louis city,Missouri,29510,3623,6
2020-09-19,St. Louis city,Missouri,29510,3668,6
2020-09-20,St. Louis city,Missouri,29510,3676,6
2020-09-21,St. Louis city,Missouri,29510,3689,6
2020-09-22,St. Louis city,Missouri,29510,3725,6
2020-09-23,St. Louis city,Missouri,29510,3740,6
2020-09-24,St. Louis city,Missouri,29510,3785,7
2020-09-25,St. Louis city,Missouri,29510,3794,7
2020-09-26,St. Louis city,Missouri,29510,3800,7
2020-09-27,St. Louis city,Missouri,29510,3811,7
2020-09-28,St. Louis city,Missouri,29510,3830,7
2020-09-29,St. Louis city,Missouri,29510,3859,7
2020-09-30,St. Louis city,Missouri,29510,3867,7
2020-10-01,St. Louis city,Missouri,29510,3890,7
2020-10-02,St. Louis city,Missouri,29510,3934,7
2020-10-03,St. Louis city,Missouri,29510,3944,7
2020-10-04,St. Louis city,Missouri,29510,3980,7
2020-10-05,St. Louis city,Missouri,29510,4022,8
2020-10-06,St. Louis city,Missouri,29510,4055,8
2020-10-07,St. Louis city,Missouri,29510,4071,8
2020-10-08,St. Louis city,Missouri,29510,4103,8
2020-10-09,St. Louis city,Missouri,29510,4120,8
2020-10-10,St. Louis city,Missouri,29510,4146,8
2020-10-11,St. Louis city,Missouri,29510,4181,8
2020-10-12,St. Louis city,Missouri,29510,4206,8
2020-10-13,St. Louis city,Missouri,29510,4251,9
2020-10-14,St. Louis city,Missouri,29510,4281,9
2020-10-15,St. Louis city,Missouri,29510,4288,9
2020-10-16,St. Louis city,Missouri,29510,4325,9
2020-10-17,St. Louis city,Missouri,29510,4331,9
2020-10-18,St. Louis city,Missouri,29510,4377,9
2020-10-19,St. Louis city,Missouri,29510,4423,10
2020-10-20,St. Louis city,Missouri,29510,4429,10
2020-10-21,St. Louis city,Missouri,29510,4459,10
2020-10-22,St. Louis city,Missouri,29510,4479,10
2020-10-23,St. Louis city,Missouri,29510,4521,10
2020-10-24,St. Louis city,Missouri,29510,4548,10
2020-10-25,St. Louis city,Missouri,29510,4586,10
2020-10-26,St. Louis city,Missouri,29510,4614,10
2020-10-27,St. Louis city,Missouri,29510,4658,11
2020-10-28,St. Louis city,Missouri,29510,4705,11
2020-10-29,St. Louis city,Missouri,29510,4736,11
2020-10-30,St. Louis city,Missouri,29510,4782,11
2020-10-31,St. Louis city,Missouri,29510,4819,11
2020-11-01,St. Louis city,Missouri,29510,4840,11
2020-11-02,St. Louis city,Missouri,29510,4852,11
2020-11-03,St. Louis city,Missouri,29510,4860,11
2020-11-04,St. Louis city,Missouri,29510,4906,11
2020-11-05,St. Louis city,Missouri,29510,4936,11
2020-11-06,St. Louis city,Missouri,29510,4982,11
2020-11-07,St. Louis city,Missouri,29510,5065,13
2020-11-08,St. Louis city,Missouri,29510,5087,13
2020-11-09,St. Louis city,Missouri,29510,5156,14
2020-11-10,St. Louis city,Missouri,29510,5177,14
2020-11-11,St. Louis city,Missouri,29510,5212,14
2020-11-12,St. Louis city,Missouri,29510,5249,14
2020-11-13,St. Louis city,Missouri,29510,5318,15
2020-11-14,St. Louis city,Missouri,29510,5383,16
2020-11-15,St. Louis city,Missouri,29510,5421,16
2020-11-16,St. Louis city,Missouri,29510,5508,17
2020-11-17,St. Louis city,Missouri,29510,5542,17
2020-11-18,St. Louis city,Missouri,29510,5595,17
2020-11-19,St. Louis city,Missouri,29510,5674,17
2020-11-20,St. Louis city,Missouri,29510,5715,17
2020-11-21,St. Louis city,Missouri,29510,5778,18
2020-11-22,St. Louis city,Missouri,29510,5801,18
2020-11-23,St. Louis city,Missouri,29510,5846,18
2020-11-24,St. Louis city,Missouri,29510,5928,18
2020-11-25,St. Louis city,Missouri,29510,5953,18
2020-11-26,St. Louis city,Missouri,29510,5984,18
2020-11-27,St. Louis city,Missouri,29510,6015,18
2020-11-28,St. Louis city,Missouri,29510,6083,18
2020-11-29,St. Louis city,Missouri,29510,6157,18
2020-11-30,St. Louis city,Missouri,29510,6236,18
2020-12-01,St. Louis city,Missouri,29510,6307,18
2020-12-02,St. Louis city,Missouri,29510,6327,18
2020-12-03,St. Louis city,Missouri,29510,6375,19
2020-12-04,St. Louis city,Missouri,29510,6418,19
2020-12-05,St. Louis city,Missouri,29510,6491,20
2020-12-06,St. Louis city,Missouri,29510,6574,21
2020-12-07,St. Louis city,Missouri,29510,6609,21
2020-12-08,St. Louis city,Missouri,29510,6692,21
2020-12-09,St. Louis city,Missouri,29510,6738,21
2020-12-10,St. Louis city,Missouri,29510,6765,21
2020-12-11,St. Louis city,Missouri,29510,6803,21
2020-12-12,St. Louis city,Missouri,29510,6890,23
2020-12-13,St. Louis city,Missouri,29510,6940,24
2020-12-14,St. Louis city,Missouri,29510,7029,25
2020-12-15,St. Louis city,Missouri,29510,7117,26
2020-12-16,St. Louis city,Missouri,29510,7196,28
2020-12-17,St. Louis city,Missouri,29510,7220,28
2020-12-18,St. Louis city,Missouri,29510,7280,28
2020-12-19,St. Louis city,Missouri,29510,7310,28
2020-12-20,St. Louis city,Missouri,29510,7396,28
2020-12-21,St. Louis city,Missouri,29510,7462,29
2020-12-22,St. Louis city,Missouri,29510,7537,31
2020-12-23,St. Louis city,Missouri,29510,7565,31
2020-12-24,St. Louis city,Missouri,29510,7620,31
2020-12-25,St. Louis city,Missouri,29510,7671,31
2020-12-26,St. Louis city,Missouri,29510,7690,31
2020-12-27,St. Louis city,Missouri,29510,7708,31
2020-12-28,St. Louis city,Missouri,29510,7732,31
2020-12-29,St. Louis city,Missouri,29510,7761,31
2020-12-30,St. Louis city,Missouri,29510,7818,31
2020-12-31,St. Louis city,Missouri,29510,7867,32
2021-01-01,St. Louis city,Missouri,29510,7892,32
2021-01-02,St. Louis city,Missouri,29510,7962,32
2021-01-03,St. Louis city,Missouri,29510,8005,33
2021-01-04,St. Louis city,Missouri,29510,8079,34
2021-01-05,St. Louis city,Missouri,29510,8162,35
2021-01-06,St. Louis city,Missouri,29510,8229,36
2021-01-07,St. Louis city,Missouri,29510,8278,37
2021-01-08,St. Louis city,Missouri,29510,8332,37
2021-01-09,St. Louis city,Missouri,29510,8376,37
2021-01-10,St. Louis city,Missouri,29510,8399,37
2021-01-11,St. Louis city,Missouri,29510,8439,37
2021-01-12,St. Louis city,Missouri,29510,8506,38
2021-01-13,St. Louis city,Missouri,29510,8574,38
2021-01-14,St. Louis city,Missouri,29510,8632,38
2021-01-15,St. Louis city,Missouri,29510,8653,38
2021-01-16,St. Louis city,Missouri,29510,8695,38
2021-01-17,St. Louis city,Missouri,29510,8751,39
2021-01-18,St. Louis city,Missouri,29510,8812,39
2021-01-19,St. Louis city,Missouri,29510,8869,39
2021-01-20,St. Louis city,Missouri,29510,8955,40
2021-01-21,St. Louis city,Missouri,29510,9015,41
2021-01-22,St. Louis city,Missouri,29510,9091,41
2021-01-23,St. Louis city,Missouri,29510,9178,42
2021-01-24,St. Louis city,Missouri,29510,9199,42
2021-01-25,St. Louis city,Missouri,29510,9254,42
2021-01-26,St. Louis city,Missouri,29510,9326,42
2021-01-27,St. Louis city,Missouri,29510,9347,42
2021-01-28,St. Louis city,Missouri,29510,9409,43
2021-01-29,St. Louis city,Missouri,29510,9472,44
2021-01-30,St. Louis city,Missouri,29510,9506,44
2021-01-31,St. Louis city,Missouri,29510,9535,44
2021-02-01,St. Louis city,Missouri,29510,9573,44
2021-02-02,St. Louis city,Missouri,29510,9611,44
2021-02-03,St. Louis city,Missouri,29510,9638,44
2021-02-04,St. Louis city,Missouri,29510,9693,44
2021-02-05,St. Louis city,Missouri,29510,9741,45
2021-02-06,St. Louis city,Missouri,29510,9784,45
2021-02-07,St. Louis city,Missouri,29510,9816,45
2021-02-08,St. Louis city,Missouri,29510,9843,45
2021-02-09,St. Louis city,Missouri,29510,9861,45
2021-02-10,St. Louis city,Missouri,29510,9894,45
2021-02-11,St. Louis city,Missouri,29510,9979,46
2021-02-12,St. Louis city,Missouri,29510,10012,46
2021-02-13,St. Louis city,Missouri,29510,10081,47
2021-02-14,St. Louis city,Missouri,29510,10112,47
2021-02-15,St. Louis city,Missouri,29510,10144,47
2021-02-16,St. Louis city,Missouri,29510,10171,47
2021-02-17,St. Louis city,Missouri,29510,10200,47
2021-02-18,St. Louis city,Missouri,29510,10208,47
2021-02-19,St. Louis city,Missouri,29510,10215,47
2021-02-20,St. Louis city,Missouri,29510,10226,47
2021-02-21,St. Louis city,Missouri,29510,10256,47
2021-02-22,St. Louis city,Missouri,29510,10285,47
2021-02-23,St. Louis city,Missouri,29510,10315,47
2021-02-24,St. Louis city,Missouri,29510,10331,47
2021-02-25,St. Louis city,Missouri,29510,10339,47
2021-02-26,St. Louis city,Missouri,29510,10348,47
2021-02-27,St. Louis city,Missouri,29510,10354,47
2021-02-28,St. Louis city,Missouri,29510,10377,47
2021-03-01,St. Louis city,Missouri,29510,10409,47
2021-03-02,St. Louis city,Missouri,29510,10437,47
2021-03-03,St. Louis city,Missouri,29510,10454,47
2021-03-04,St. Louis city,Missouri,29510,10485,47
2021-03-05,St. Louis city,Missouri,29510,10513,47
2021-03-06,St. Louis city,Missouri,29510,10522,47
2021-03-07,St. Louis city,Missouri,29510,10535,47
2021-03-08,St. Louis city,Missouri,29510,10563,47
2021-03-09,St. Louis city,Missouri,29510,10571,47
2021-03-10,St. Louis city,Missouri,29510,10581,47
2021-03-11,St. Louis city,Missouri,29510,10611,47
2021-03-12,St. Louis city,Missouri,29510,10620,47
2021-03-13,St. Louis city,Missouri,29510,10641,47
2021-03-14,St. Louis city,Missouri,29510,10663,47
2021-03-15,St. Louis city,Missouri,29510,10694,47
2021-03-16,St. Louis city,Missouri,29510,10727,47
2021-03-17,St. Louis city,Missouri,29510,10755,47
2021-03-18,St. Louis city,Missouri,29510,10772,47
2021-03-19,St. Louis city,Missouri,29510,10805,47
2021-03-20,St. Louis city,Missouri,29510,10826,47
2021-03-21,St. Louis city,Missouri,29510,10842,47
2021-03-22,St. Louis city,Missouri,29510,10856,47
2021-03-23,St. Louis city,Missouri,29510,10869,47
2021-03-24,St. Louis city,Missouri,29510,10888,47
2021-03-25,St. Louis city,Missouri,29510,10923,47
2021-03-26,St. Louis city,Missouri,29510,10947,47
2021-03-27,St. Louis city,Missouri,29510,10959,47
2021-03-28,St. Louis city,Missouri,29510,10965,47
2021-03-29,St. Louis city,Missouri,29510,10982,47
2021-03-30,St. Louis city,Missouri,29510,10991,47
2021-03-31,St. Louis city,Missouri,29510,11001,47
2021-04-01,St. Louis city,Missouri,29510,11010,47
2021-04-02,St. Louis city,Missouri,29510,11020,47
2021-04-03,St. Louis city,Missouri,29510,11038,47
2021-04-04,St. Louis city,Missouri,29510,11068,47
2021-04-05,St. Louis city,Missouri,29510,11093,47
2021-04-06,St. Louis city,Missouri,29510,11107,47
2021-04-07,St. Louis city,Missouri,29510,11133,47
2021-04-08,St. Louis city,Missouri,29510,11158,47
2021-04-09,St. Louis city,Missouri,29510,11180,47
2021-04-10,St. Louis city,Missouri,29510,11215,48
2021-04-11,St. Louis city,Missouri,29510,11239,48
2021-04-12,St. Louis city,Missouri,29510,11272,48
2021-04-13,St. Louis city,Missouri,29510,11285,48
2021-04-14,St. Louis city,Missouri,29510,11315,48
2021-04-15,St. Louis city,Missouri,29510,11339,48
2021-04-16,St. Louis city,Missouri,29510,11352,48
2021-04-17,St. Louis city,Missouri,29510,11368,48
2021-04-18,St. Louis city,Missouri,29510,11378,48
2021-04-19,St. Louis city,Missouri,29510,11413,49
2021-04-20,St. Louis city,Missouri,29510,11448,49
2021-04-21,St. Louis city,Missouri,29510,11465,49
2021-04-22,St. Louis city,Missouri,29510,11486,49
2021-04-23,St. Louis city,Missouri,29510,11499,49
2021-04-24,St. Louis city,Missouri,29510,11529,49
2021-04-25,St. Louis city,Missouri,29510,11542,49
2021-04-26,St. Louis city,Missouri,29510,11573,49
2021-04-27,St. Louis city,Missouri,29510,11594,49
2021-04-28,St. Louis city,Missouri,29510,11611,49
2021-04-29,St. Louis city,Missouri,29510,11628,49
2021-04-30,St. Louis city,Missouri,29510,11655,49
2021-05-01,St. Louis city,Missouri,29510,11677,49
2021-05-02,St. Louis city,Missouri,29510,11692,49
2021-05-03,St. Louis city,Missouri,29510,11715,49
2021-05-04,St. Louis city,Missouri,29510,11744,49
2021-05-05,St. Louis city,Missouri,29510,11773,49
2021-05-06,St. Louis city,Missouri,29510,11798,49
2021-05-07,St. Louis city,Missouri,29510,11814,49
2021-05-08,St. Louis city,Missouri,29510,11831,49
2021-05-09,St. Louis city,Missouri,29510,11862,49
2021-05-10,St. Louis city,Missouri,29510,11896,49
2021-05-11,St. Louis city,Missouri,29510,11917,49
2021-05-12,St. Louis city,Missouri,29510,11924,49
2021-05-13,St. Louis city,Missouri,29510,11938,49
2021-05-14,St. Louis city,Missouri,29510,11954,49
2021-05-15,St. Louis city,Missouri,29510,11976,49
2021-05-16,St. Louis city,Missouri,29510,11999,49
2021-05-17,St. Louis city,Missouri,29510,12033,49
2021-05-18,St. Louis city,Missouri,29510,12048,49
2021-05-19,St. Louis city,Missouri,29510,12064,49
2021-05-20,St. Louis city,Missouri,29510,12087,49
2021-05-21,St. Louis city,Missouri,29510,12121,49
2021-05-22,St. Louis city,Missouri,29510,12138,49
2021-05-23,St. Louis city,Missouri,29510,12149,49
2021-05-24,St. Louis city,Missouri,29510,12162,49
2021-05-25,St. Louis city,Missouri,29510,12197,49
2021-05-26,St. Louis city,Missouri,29510,12214,49
2021-05-27,St. Louis city,Missouri,29510,12249,49
2021-05-28,St. Louis city,Missouri,29510,12266,49
2021-05-29,St. Louis city,Missouri,29510,12280,49
2021-05-30,St. Louis city,Missouri,29510,12314,49
2021-05-31,St. Louis city,Missouri,29510,12337,49
2021-06-01,St. Louis city,Missouri,29510,12369,49
2021-06-02,St. Louis city,Missouri,29510,12399,49
2021-06-03,St. Louis city,Missouri,29510,12414,49
2021-06-04,St. Louis city,Missouri,29510,12441,49
2021-06-05,St. Louis city,Missouri,29510,12464,49
2021-06-06,St. Louis city,Missouri,29510,12493,49
2021-06-07,St. Louis city,Missouri,29510,12527,49
2021-06-08,St. Louis city,Missouri,29510,12533,49
2021-06-09,St. Louis city,Missouri,29510,12559,49
2021-06-10,St. Louis city,Missouri,29510,12593,49
2021-06-11,St. Louis city,Missouri,29510,12626,49
2021-06-12,St. Louis city,Missouri,29510,12635,49
2021-06-13,St. Louis city,Missouri,29510,12657,49
2021-06-14,St. Louis city,Missouri,29510,12691,49
2021-06-15,St. Louis city,Missouri,29510,12701,49
2021-06-16,St. Louis city,Missouri,29510,12736,49
2021-06-17,St. Louis city,Missouri,29510,12768,49
2021-06-18,St. Louis city,Missouri,29510,12801,49
2021-06-19,St. Louis city,Missouri,29510,12814,49
2021-06-20,St. Louis city,Missouri,29510,12839,49
2021-06-21,St. Louis city,Missouri,29510,12846,49
2021-06-22,St. Louis city,Missouri,29510,12871,49
2021-06-23,St. Louis city,Missouri,29510,12896,49
2021-06-24,St. Louis city,Missouri,29510,12902,49
2021-06-25,St. Louis city,Missouri,29510,12931,49
2021-06-26,St. Louis city,Missouri,29510,12961,49
2021-06-27,St. Louis city,Missouri,29510,12980,49
2021-06-28,St. Louis city,Missouri,29510,13003,49
2021-06-29,St. Louis city,Missouri,29510,13018,49
2021-06-30,St. Louis city,Missouri,29510,13038,49
2020-03-01,Essex,New Jersey,34013,7,0
2020-03-02,Essex,New Jersey,34013,7,0
2020-03-03,Essex,New Jersey,34013,12,0
2020-03-04,Essex,New Jersey,34013,18,0
2020-03-05,Essex,New Jersey,34013,18,0
2020-03-06,Essex,New Jersey,34013,20,0
2020-03-07,Essex,New Jersey,34013,25,0
2020-03-08,Essex,New Jersey,34013,25,0
2020-03-09,Essex,New Jersey,34013,31,0
2020-03-10,Essex,New Jersey,34013,32,0
2020-03-11,Essex,New Jersey,34013,34,0
2020-03-12,Essex,New Jersey,34013,41,0
2020-03-13,Essex,New Jersey,34013,41,0
2020-03-14,Essex,New Jersey,34013,48,0
2020-03-15,Essex,New Jersey,34013,48,0
2020-03-16,Essex,New Jersey,34013,54,0
2020-03-17,Essex,New Jersey,34013,59,0
2020-03-18,Essex,New Jersey,34013,66,0
2020-03-19,Essex,New Jersey,34013,67,0
2020-03-20,Essex,New Jersey,34013,71,0
2020-03-21,Essex,New Jersey,34013,72,0
2020-03-22,Essex,New Jersey,34013,73,0
2020-03-23,Essex,New Jersey,34013,77,0
2020-03-24,Essex,New Jersey,34013,82,0
2020-03-25,Essex,New Jersey,34013,88,0
2020-03-26,Essex,New Jersey,34013,93,0
2020-03-27,Essex,New Jersey,34013,95,0
2020-03-28,Essex,New Jersey,34013,100,0
2020-03-29,Essex,New Jersey,34013,101,0
2020-03-30,Essex,New Jersey,34013,106,0
2020-03-31,Essex,New Jersey,34013,145,0
2020-04-01,Essex,New Jersey,34013,166,0
2020-04-02,Essex,New Jersey,34013,217,0
2020-04-03,Essex,New Jersey,34013,251,0
2020-04-04,Essex,New Jersey,34013,308,1
2020-04-05,Essex,New Jersey,34013,375,2
2020-04-06,Essex,New Jersey,34013,399,2
2020-04-07,Essex,New Jersey,34013,437,2
2020-04-08,Essex,New Jersey,34013,514,3
2020-04-09,Essex,New Jersey,34013,528,3
2020-04-10,Essex,New Jersey,34013,606,3
2020-04-11,Essex,New Jersey,34013,627,3
2020-04-12,Essex,New Jersey,34013,691,3
2020-04-13,Essex,New Jersey,34013,735,3
2020-04-14,Essex,New Jersey,34013,804,4
2020-04-15,Essex,New Jersey,34013,819,4
2020-04-16,Essex,New Jersey,34013,838,4
2020-04-17,Essex,New Jersey,34013,892,5
2020-04-18,Essex,New Jersey,34013,970,5
2020-04-19,Essex,New Jersey,34013,1047,6
2020-04-20,Essex,New Jersey,34013,1100,6
2020-04-21,Essex,New Jersey,34013,1114,6
2020-04-22,Essex,New Jersey,34013,1169,7
2020-04-23,Essex,New Jersey,34013,1208,7
2020-04-24,Essex,New Jersey,34013,1234,7
2020-04-25,Essex,New Jersey,34013,1298,8
2020-04-26,Essex,New Jersey,34013,1329,8
2020-04-27,Essex,New Jersey,34013,1346,8
2020-04-28,Essex,New Jersey,34013,1423,8
2020-04-29,Essex,New Jersey,34013,1480,8
2020-04-30,Essex,New Jersey,34013,1556,10
2020-05-01,Essex,New Jersey,34013,1600,10
2020-05-02,Essex,New Jersey,34013,1662,10
2020-05-03,Essex,New Jersey,34013,1741,11
2020-05-04,Essex,New Jersey,34013,1820,13
2020-05-05,Essex,New Jersey,34013,1868,14
2020-05-06,Essex,New Jersey,34013,1923,15
2020-05-07,Essex,New Jersey,34013,1992,15
2020-05-08,Essex,New Jersey,34013,2068,16
2020-05-09,Essex,New Jersey,34013,2103,16
2020-05-10,Essex,New Jersey,34013,2155,17
2020-05-11,Essex,New Jersey,34013,2178,17
2020-05-12,Essex,New Jersey,34013,2250,17
2020-05-13,Essex,New Jersey,34013,2322,18
2020-05-14,Essex,New Jersey,34013,2364,19
2020-05-15,Essex,New Jersey,34013,2376,19
2020-05-16,Essex,New Jersey,34013,2422,19
2020-05-17,Essex,New Jersey,34013,2479,19
2020-05-18,Essex,New Jersey,34013,2494,19
2020-05-19,Essex,New Jersey,34013,2536,19
2020-05-20,Essex,New Jersey,34013,2605,20
2020-05-21,Essex,New Jersey,34013,2668,21
2020-05-22,Essex,New Jersey,34013,2699,21
2020-05-23,Essex,New Jersey,34013,2754,21
2020-05-24,Essex,New Jersey,34013,2789,21
2020-05-25,Essex,New Jersey,34013,2801,21
2020-05-26,Essex,New Jersey,34013,2856,21
2020-05-27,Essex,New Jersey,34013,2923,22
2020-05-28,Essex,New Jersey,34013,2957,22
2020-05-29,Essex,New Jersey,34013,3017,23
2020-05-30,Essex,New Jersey,34013,3028,23
2020-05-31,Essex,New Jersey,34013,3076,24
2020-06-01,Essex,New Jersey,34013,3151,25
2020-06-02,Essex,New Jersey,34013,3185,25
2020-06-03,Essex,New Jersey,34013,3244,25
2020-06-04,Essex,New Jersey,34013,3292,26
2020-06-05,Essex,New Jersey,34013,3324,26
2020-06-06,Essex,New Jersey,34013,3333,26
2020-06-07,Essex,New Jersey,34013,3347,26
2020-06-08,Essex,New Jersey,34013,3397,26
2020-06-09,Essex,New Jersey,34013,3428,26
2020-06-10,Essex,New Jersey,34013,3461,26
2020-06-11,Essex,New Jersey,34013,3503,26
2020-06-12,Essex,New Jersey,34013,3520,26
2020-06-13,Essex,New Jersey,34013,3559,26
2020-06-14,Essex,New Jersey,34013,3568,26
2020-06-15,Essex,New Jersey,34013,3622,26
2020-06-16,Essex,New Jersey,34013,3682,26
2020-06-17,Essex,New Jersey,34013,3712,26
2020-06-18,Essex,New Jersey,34013,3761,27
2020-06-19,Essex,New Jersey,34013,3799,28
2020-06-20,Essex,New Jersey,34013,3836,28
2020-06-21,Essex,New Jersey,34013,3890,28
2020-06-22,Essex,New Jersey,34013,3938,28
2020-06-23,Essex,New Jersey,34013,3961,28
2020-06-24,Essex,New Jersey,34013,4004,28
2020-06-25,Essex,New Jersey,34013,4017,28
2020-06-26,Essex,New Jersey,34013,4080,28
2020-06-27,Essex,New Jersey,34013,4134,29
2020-06-28,Essex,New Jersey,34013,4144,29
2020-06-29,Essex,New Jersey,34013,4237,31
2020-06-30,Essex,New Jersey,34013,4312,32
2020-07-01,Essex,New Jersey,34013,4388,33
2020-07-02,Essex,New Jersey,34013,4498,36
2020-07-03,Essex,New Jersey,34013,4619,38
2020-07-04,Essex,New Jersey,34013,4735,40
2020-07-05,Essex,New Jersey,34013,4785,40
2020-07-06,Essex,New Jersey,34013,4811,40
2020-07-07,Essex,New Jersey,34013,4863,40
2020-07-08,Essex,New Jersey,34013,4985,42
2020-07-09,Essex,New Jersey,34013,5088,44
2020-07-10,Essex,New Jersey,34013,5124,44
2020-07-11,Essex,New Jersey,34013,5145,44
2020-07-12,Essex,New Jersey,34013,5168,44
2020-07-13,Essex,New Jersey,34013,5270,45
2020-07-14,Essex,New Jersey,34013,5328,46
2020-07-15,Essex,New Jersey,34013,5406,47
2020-07-16,Essex,New Jersey,34013,5525,49
2020-07-17,Essex,New Jersey,34013,5620,49
2020-07-18,Essex,New Jersey,34013,5683,50
2020-07-19,Essex,New Jersey,34013,5743,50
2020-07-20,Essex,New Jersey,34013,5833,51
2020-07-21,Essex,New Jersey,34013,5893,52
2020-07-22,Essex,New Jersey,34013,5975,54
2020-07-23,Essex,New Jersey,34013,6089,54
2020-07-24,Essex,New Jersey,34013,6196,55
2020-07-25,Essex,New Jersey,34013,6250,56
2020-07-26,Essex,New Jersey,34013,6269,56
2020-07-27,Essex,New Jersey,34013,6288,56
2020-07-28,Essex,New Jersey,34013,6343,57
2020-07-29,Essex,New Jersey,34013,6411,57
2020-07-30,Essex,New Jersey,34013,6509,59
2020-07-31,Essex,New Jersey,34013,6588,60
2020-08-01,Essex,New Jersey,34013,6711,61
2020-08-02,Essex,New Jersey,34013,6739,61
2020-08-03,Essex,New Jersey,34013,6827,61
2020-08-04,Essex,New Jersey,34013,6920,61
2020-08-05,Essex,New Jersey,34013,6959,61
2020-08-06,Essex,New Jersey,34013,7041,62
2020-08-07,Essex,New Jersey,34013,7077,62
2020-08-08,Essex,New Jersey,34013,7111,62
2020-08-09,Essex,New Jersey,34013,7173,62
2020-08-10,Essex,New Jersey,34013,7222,63
2020-08-11,Essex,New Jersey,34013,7333,65
2020-08-12,Essex,New Jersey,34013,7451,67
2020-08-13,Essex,New Jersey,34013,7529,68
2020-08-14,Essex,New Jersey,34013,7582,68
2020-08-15,Essex,New Jersey,34013,7701,69
2020-08-16,Essex,New Jersey,34013,7765,69
2020-08-17,Essex,New Jersey,34013,7817,69
2020-08-18,Essex,New Jersey,34013,7933,72
2020-08-19,Essex,New Jersey,34013,8032,73
2020-08-20,Essex,New Jersey,34013,8076,73
2020-08-21,Essex,New Jersey,34013,8192,75
2020-08-22,Essex,New Jersey,34013,8252,76
2020-08-23,Essex,New Jersey,34013,8333,77
2020-08-24,Essex,New Jersey,34013,8376,77
2020-08-25,Essex,New Jersey,34013,8487,78
2020-08-26,Essex,New Jersey,34013,8553,78
2020-08-27,Essex,New Jersey,34013,8667,81
2020-08-28,Essex,New Jersey,34013,8712,81
2020-08-29,Essex,New Jersey,34013,8803,82
2020-08-30,Essex,New Jersey,34013,8881,82
2020-08-31,Essex,New Jersey,34013,8902,82
2020-09-01,Essex,New Jersey,34013,8964,83
2020-09-02,Essex,New Jersey,34013,9033,84
2020-09-03,Essex,New Jersey,34013,9159,86
2020-09-04,Essex,New Jersey,34013,9234,87
2020-09-05,Essex,New Jersey,34013,9308,88
2020-09-06,Essex,New Jersey,34013,9354,88
2020-09-07,Essex,New Jersey,34013,9381,88
2020-09-08,Essex,New Jersey,34013,9497,90
2020-09-09,Essex,New Jersey,34013,9527,90
2020-09-10,Essex,New Jersey,34013,9555,90
2020-09-11,Essex,New Jersey,34013,9575,90
2020-09-12,Essex,New Jersey,34013,9691,92
2020-09-13,Essex,New Jersey,34013,9728,92
2020-09-14,Essex,New Jersey,34013,9831,93
2020-09-15,Essex,New Jersey,34013,9899,94
2020-09-16,Essex,New Jersey,34013,10011,94
2020-09-17,Essex,New Jersey,34013,10054,94
2020-09-18,Essex,New Jersey,34013,10101,94
2020-09-19,Essex,New Jersey,34013,10151,95
2020-09-20,Essex,New Jersey,34013,10183,95
2020-09-21,Essex,New Jersey,34013,10262,97
2020-09-22,Essex,New Jersey,34013,10293,97
2020-09-23,Essex,New Jersey,34013,10348,97
2020-09-24,Essex,New Jersey,34013,10376,97
2020-09-25,Essex,New Jersey,34013,10443,98
2020-09-26,Essex,New Jersey,34013,10555,100
2020-09-27,Essex,New Jersey,34013,10637,100
2020-09-28,Essex,New Jersey,34013,10718,101
2020-09-29,Essex,New Jersey,34013,10827,104
2020-09-30,Essex,New Jersey,34013,10905,105
2020-10-01,Essex,New Jersey,34013,11011,107
2020-10-02,Essex,New Jersey,34013,11095,109
2020-10-03,Essex,New Jersey,34013,11140,109
2020-10-04,Essex,New Jersey,34013,11189,109
2020-10-05,Essex,New Jersey,34013,11241,109
2020-10-06,Essex,New Jersey,34013,11266,109
2020-10-07,Essex,New Jersey,34013,11342,110
2020-10-08,Essex,New Jersey,34013,11456,111
2020-10-09,Essex,New Jersey,34013,11492,111
2020-10-10,Essex,New Jersey,34013,11525,111
2020-10-11,Essex,New Jersey,34013,11556,111
2020-10-12,Essex,New Jersey,34013,11593,111
2020-10-13,Essex,New Jersey,34013,11629,111
2020-10-14,Essex,New Jersey,34013,11718,111
2020-10-15,Essex,New Jersey,34013,11759,111
2020-10-16,Essex,New Jersey,34013,11839,112
2020-10-17,Essex,New Jersey,34013,11932,114
2020-10-18,Essex,New Jersey,34013,11992,115
2020-10-19,Essex,New Jersey,34013,12100,115
2020-10-20,Essex,New Jersey,34013,12204,118
2020-10-21,Essex,New Jersey,34013,12292,120
2020-10-22,Essex,New Jersey,34013,12408,122
2020-10-23,Essex,New Jersey,34013,12455,123
2020-10-24,Essex,New Jersey,34013,12578,124
2020-10-25,Essex,New Jersey,34013,12683,124
2020-10-26,Essex,New Jersey,34013,12773,125
2020-10-27,Essex,New Jersey,34013,12888,125
2020-10-28,Essex,New Jersey,34013,12933,126
2020-10-29,Essex,New Jersey,34013,12982,127
2020-10-30,Essex,New Jersey,34013,13004,127
2020-10-31,Essex,New Jersey,34013,13108,129
2020-11-01,Essex,New Jersey,34013,13229,130
2020-11-02,Essex,New Jersey,34013,13336,132
2020-11-03,Essex,New Jersey,34013,13383,132
2020-11-04,Essex,New Jersey,34013,13419,132
2020-11-05,Essex,New Jersey,34013,13516,134
2020-11-06,Essex,New Jersey,34013,13709,135
2020-11-07,Essex,New Jersey,34013,13782,137
2020-11-08,Essex,New Jersey,34013,13949,138
2020-11-09,Essex,New Jersey,34013,14023,138
2020-11-10,Essex,New Jersey,34013,14147,141
2020-11-11,Essex,New Jersey,34013,14236,143
2020-11-12,Essex,New Jersey,34013,14327,143
2020-11-13,Essex,New Jersey,34013,14423,144
2020-11-14,Essex,New Jersey,34013,14483,145
2020-11-15,Essex,New Jersey,34013,14659,147
2020-11-16,Essex,New Jersey,34013,14794,150
2020-11-17,Essex,New Jersey,34013,14843,151
2020-11-18,Essex,New Jersey,34013,14918,152
2020-11-19,Essex,New Jersey,34013,15082,155
2020-11-20,Essex,New Jersey,34013,15190,157
2020-11-21,Essex,New Jersey,34013,15248,157
2020-11-22,Essex,New Jersey,34013,15366,157
2020-11-23,Essex,New Jersey,34013,15594,159
2020-11-24,Essex,New Jersey,34013,15686,160
2020-11-25,Essex,New Jersey,34013,15881,164
2020-11-26,Essex,New Jersey,34013,15961,164
2020-11-27,Essex,New Jersey,34013,16060,166
2020-11-28,Essex,New Jersey,34013,16259,167
2020-11-29,Essex,New Jersey,34013,16410,169
2020-11-30,Essex,New Jersey,34013,16639,174
2020-12-01,Essex,New Jersey,34013,16842,179
2020-12-02,Essex,New Jersey,34013,17065,180
2020-12-03,Essex,New Jersey,34013,17200,181
2020-12-04,Essex,New Jersey,34013,17279,182
2020-12-05,Essex,New Jersey,34013,17383,184
2020-12-06,Essex,New Jersey,34013,17442,185
2020-12-07,Essex,New Jersey,34013,17628,190
2020-12-08,Essex,New Jersey,34013,17725,192
2020-12-09,Essex,New Jersey,34013,17861,195
2020-12-10,Essex,New Jersey,34013,17928,196
2020-12-11,Essex,New Jersey,34013,18099,199
2020-12-12,Essex,New Jersey,34013,18208,200
2020-12-13,Essex,New Jersey,34013,18276,201
2020-12-14,Essex,New Jersey,34013,18439,205
2020-12-15,Essex,New Jersey,34013,18664,206
2020-12-16,Essex,New Jersey,34013,18780,208
2020-12-17,Essex,New Jersey,34013,18930,212
2020-12-18,Essex,New Jersey,34013,19007,213
2020-12-19,Essex,New Jersey,34013,19175,215
2020-12-20,Essex,New Jersey,34013,19390,216
2020-12-21,Essex,New Jersey,34013,19467,217
2020-12-22,Essex,New Jersey,34013,19668,220
2020-12-23,Essex,New Jersey,34013,19847,222
2020-12-24,Essex,New Jersey,34013,20040,224
2020-12-25,Essex,New Jersey,34013,20136,225
2020-12-26,Essex,New Jersey,34013,20325,230
2020-12-27,Essex,New Jersey,34013,20466,232
2020-12-28,Essex,New Jersey,34013,20600,235
2020-12-29,Essex,New Jersey,34013,20662,235
2020-12-30,Essex,New Jersey,34013,20734,235
2020-12-31,Essex,New Jersey,34013,20790,236
2021-01-01,Essex,New Jersey,34013,21023,237
2021-01-02,Essex,New Jersey,34013,21204,242
2021-01-03,Essex,New Jersey,34013,21357,245
2021-01-04,Essex,New Jersey,34013,21547,246
2021-01-05,Essex,New Jersey,34013,21770,252
2021-01-06,Essex,New Jersey,34013,21832,253
2021-01-07,Essex,New Jersey,34013,22045,256
2021-01-08,Essex,New Jersey,34013,22225,260
2021-01-09,Essex,New Jersey,34013,22451,264
2021-01-10,Essex,New Jersey,34013,22566,266
2021-01-11,Essex,New Jersey,34013,22732,267
2021-01-12,Essex,New Jersey,34013,22848,269
2021-01-13,Essex,New Jersey,34013,23036,274
2021-01-14,Essex,New Jersey,34013,23104,274
2021-01-15,Essex,New Jersey,34013,23185,276
2021-01-16,Essex,New Jersey,34013,23414,281
2021-01-17,Essex,New Jersey,34013,23509,282
2021-01-18,Essex,New Jersey,34013,23591,282
2021-01-19,Essex,New Jersey,34013,23803,283
2021-01-20,Essex,New Jersey,34013,23872,283
2021-01-21,Essex,New Jersey,34013,24050,286
2021-01-22,Essex,New Jersey,34013,24147,288
2021-01-23,Essex,New Jersey,34013,24268,291
2021-01-24,Essex,New Jersey,34013,24490,296
2021-01-25,Essex,New Jersey,34013,24538,296
2021-01-26,Essex,New Jersey,34013,24623,298
2021-01-27,Essex,New Jersey,34013,24727,299
2021-01-28,Essex,New Jersey,34013,24948,300
2021-01-29,Essex,New Jersey,34013,25092,302
2021-01-30,Essex,New Jersey,34013,25237,304
2021-01-31,Essex,New Jersey,34013,25348,305
2021-02-01,Essex,New Jersey,34013,25399,305
2021-02-02,Essex,New Jersey,34013,25611,309
2021-02-03,Essex,New Jersey,34013,25731,311
2021-02-04,Essex,New Jersey,34013,25845,313
2021-02-05,Essex,New Jersey,34013,26060,315
2021-02-06,Essex,New Jersey,34013,26238,318
2021-02-07,Essex,New Jersey,34013,26405,322
2021-02-08,Essex,New Jersey,34013,26529,324
2021-02-09,Essex,New Jersey,34013,26617,326
2021-02-10,Essex,New Jersey,34013,26779,328
2021-02-11,Essex,New Jersey,34013,26871,328
2021-02-12,Essex,New Jersey,34013,27095,331
2021-02-13,Essex,New Jersey,34013,27295,332
2021-02-14,Essex,New Jersey,34013,27339,332
2021-02-15,Essex,New Jersey,34013,27388,333
2021-02-16,Essex,New Jersey,34013,27431,333
2021-02-17,Essex,New Jersey,34013,27511,333
2021-02-18,Essex,New Jersey,34013,27579,334
2021-02-19,Essex,New Jersey,34013,27669,334
2021-02-20,Essex,New Jersey,34013,27707,334
2021-02-21,Essex,New Jersey,34013,27796,336
2021-02-22,Essex,New Jersey,34013,27873,336
2021-02-23,Essex,New Jersey,34013,27901,336
2021-02-24,Essex,New Jersey,34013,27977,337
2021-02-25,Essex,New Jersey,34013,28025,337
2021-02-26,Essex,New Jersey,34013,28077,338
2021-02-27,Essex,New Jersey,34013,28105,338
2021-02-28,Essex,New Jersey,34013,28187,339
2021-03-01,Essex,New Jersey,34013,28256,340
2021-03-02,Essex,New Jersey,34013,28275,340
2021-03-03,Essex,New Jersey,34013,28317,340
2021-03-04,Essex,New Jersey,34013,28374,341
2021-03-05,Essex,New Jersey,34013,28434,341
2021-03-06,Essex,New Jersey,34013,28466,341
2021-03-07,Essex,New Jersey,34013,28534,342
2021-03-08,Essex,New Jersey,34013,28553,342
2021-03-09,Essex,New Jersey,34013,28611,343
2021-03-10,Essex,New Jersey,34013,28683,343
2021-03-11,Essex,New Jersey,34013,28764,343
2021-03-12,Essex,New Jersey,34013,28847,343
2021-03-13,Essex,New Jersey,34013,28929,345
2021-03-14,Essex,New Jersey,34013,28974,345
2021-03-15,Essex,New Jersey,34013,29042,346
2021-03-16,Essex,New Jersey,34013,29114,347
2021-03-17,Essex,New Jersey,34013,29199,348
2021-03-18,Essex,New Jersey,34013,29257,349
2021-03-19,Essex,New Jersey,34013,29296,349
2021-03-20,Essex,New Jersey,34013,29372,349
2021-03-21,Essex,New Jersey,34013,29414,349
2021-03-22,Essex,New Jersey,34013,29434,349
2021-03-23,Essex,New Jersey,34013,29474,349
2021-03-24,Essex,New Jersey,34013,29556,349
2021-03-25,Essex,New Jersey,34013,29635,349
2021-03-26,Essex,New Jersey,34013,29725,351
2021-03-27,Essex,New Jersey,34013,29780,352
2021-03-28,Essex,New Jersey,34013,29834,353
2021-03-29,Essex,New Jersey,34013,29891,354
2021-03-30,Essex,New Jersey,34013,29983,355
2021-03-31,Essex,New Jersey,34013,30021,356
2021-04-01,Essex,New Jersey,34013,30096,357
2021-04-02,Essex,New Jersey,34013,30121,357
2021-04-03,Essex,New Jersey,34013,30147,357
2021-04-04,Essex,New Jersey,34013,30177,357
2021-04-05,Essex,New Jersey,34013,30250,358
2021-04-06,Essex,New Jersey,34013,30277,358
2021-04-07,Essex,New Jersey,34013,30307,358
2021-04-08,Essex,New Jersey,34013,30328,358
2021-04-09,Essex,New Jersey,34013,30392,359
2021-04-10,Essex,New Jersey,34013,30471,359
2021-04-11,Essex,New Jersey,34013,30545,361
2021-04-12,Essex,New Jersey,34013,30634,362
2021-04-13,Essex,New Jersey,34013,30718,364
2021-04-14,Essex,New Jersey,34013,30741,364
2021-04-15,Essex,New Jersey,34013,30792,365
2021-04-16,Essex,New Jersey,34013,30840,365
2021-04-17,Essex,New Jersey,34013,30934,366
2021-04-18,Essex,New Jersey,34013,31005,366
2021-04-19,Essex,New Jersey,34013,31033,366
2021-04-20,Essex,New Jersey,34013,31057,366
2021-04-21,Essex,New Jersey,34013,31077,366
2021-04-22,Essex,New Jersey,34013,31126,366
2021-04-23,Essex,New Jersey,34013,31196,366
2021-04-24,Essex,New Jersey,34013,31212,366
2021-04-25,Essex,New Jersey,34013,31302,368
2021-04-26,Essex,New Jersey,34013,31361,368
2021-04-27,Essex,New Jersey,34013,31408,369
2021-04-28,Essex,New Jersey,34013,31424,369
2021-04-29,Essex,New Jersey,34013,31466,369
2021-04-30,Essex,New Jersey,34013,31501,369
2021-05-01,Essex,New Jersey,34013,31535,369
2021-05-02,Essex,New Jersey,34013,31625,370
2021-05-03,Essex,New Jersey,34013,31653,370
2021-05-04,Essex,New Jersey,34013,31733,370
2021-05-05,Essex,New Jersey,34013,31811,371
2021-05-06,Essex,New Jersey,34013,31831,371
2021-05-07,Essex,New Jersey,34013,31889,371
2021-05-08,Essex,New Jersey,34013,31970,372
2021-05-09,Essex,New Jersey,34013,32060,374
2021-05-10,Essex,New Jersey,34013,32090,374
2021-05-11,Essex,New Jersey,34013,32177,376
2021-05-12,Essex,New Jersey,34013,32233,377
2021-05-13,Essex,New Jersey,34013,32302,378
2021-05-14,Essex,New Jersey,34013,32334,378
2021-05-15,Essex,New Jersey,34013,32382,379
2021-05-16,Essex,New Jersey,34013,32438,380
2021-05-17,Essex,New Jersey,34013,32524,382
2021-05-18,Essex,New Jersey,34013,32612,384
2021-05-19,Essex,New Jersey,34013,32689,384
2021-05-20,Essex,New Jersey,34013,32741,384
2021-05-21,Essex,New Jersey,34013,32801,385
2021-05-22,Essex,New Jersey,34013,32825,385
2021-05-23,Essex,New Jersey,34013,32856,385
2021-05-24,Essex,New Jersey,34013,32935,385
2021-05-25,Essex,New Jersey,34013,32969,385
2021-05-26,Essex,New Jersey,34013,32992,385
2021-05-27,Essex,New Jersey,34013,33048,386
2021-05-28,Essex,New Jersey,34013,33091,386
2021-05-29,Essex,New Jersey,34013,33165,387
2021-05-30,Essex,New Jersey,34013,33186,387
2021-05-31,Essex,New Jersey,34013,33258,388
2021-06-01,Essex,New Jersey,34013,33349,388
2021-06-02,Essex,New Jersey,34013,33441,389
2021-06-03,Essex,New Jersey,34013,33487,389
2021-06-04,Essex,New Jersey,34013,33536,390
2021-06-05,Essex,New Jersey,34013,33581,390
2021-06-06,Essex,New Jersey,34013,33597,390
2021-06-07,Essex,New Jersey,34013,33655,390
2021-06-08,Essex,New Jersey,34013,33723,390
2021-06-09,Essex,New Jersey,34013,33800,391
2021-06-10,Essex,New Jersey,34013,33853,391
2021-06-11,Essex,New Jersey,34013,33901,391
2021-06-12,Essex,New Jersey,34013,33957,391
2021-06-13,Essex,New Jersey,34013,34050,392
2021-06-14,Essex,New Jersey,34013,34134,393
2021-06-15,Essex,New Jersey,34013,34193,393
2021-06-16,Essex,New Jersey,34013,34261,393
2021-06-17,Essex,New Jersey,34013,34330,395
2021-06-18,Essex,New Jersey,34013,34411,395
2021-06-19,Essex,New Jersey,34013,34458,395
2021-06-20,Essex,New Jersey,34013,34550,396
2021-06-21,Essex,New Jersey,34013,34596,396
2021-06-22,Essex,New Jersey,34013,34681,397
2021-06-23,Essex,New Jersey,34013,34704,397
2021-06-24,Essex,New Jersey,34013,34736,397
2021-06-25,Essex,New Jersey,34013,34799,398
2021-06-26,Essex,New Jersey,34013,34827,398
2021-06-27,Essex,New Jersey,34013,34891,399
2021-06-28,Essex,New Jersey,34013,34957,399
2021-06-29,Essex,New Jersey,34013,35008,399
2021-06-30,Essex,New Jersey,34013,35034,399
2020-03-01,New York,New York,36061,0,0
2020-03-02,New York,New York,36061,7,0
2020-03-03,New York,New York,36061,13,0
2020-03-04,New York,New York,36061,29,0
2020-03-05,New York,New York,36061,36,0
2020-03-06,New York,New York,36061,43,0
2020-03-07,New York,New York,36061,52,0
2020-03-08,New York,New York,36061,57,0
2020-03-09,New York,New York,36061,61,0
2020-03-10,New York,New York,36061,71,0
2020-03-11,New York,New York,36061,77,0
2020-03-12,New York,New York,36061,85,0
2020-03-13,New York,New York,36061,98,0
2020-03-14,New York,New York,36061,99,0
2020-03-15,New York,New York,36061,103,0
2020-03-16,New York,New York,36061,118,0
2020-03-17,New York,New York,36061,124,0
2020-03-18,New York,New York,36061,137,0
2020-03-19,New York,New York,36061,143,0
2020-03-20,New York,New York,36061,151,0
2020-03-21,New York,New York,36061,156,0
2020-03-22,New York,New York,36061,158,0
2020-03-23,New York,New York,36061,171,0
2020-03-24,New York,New York,36061,176,0
2020-03-25,New York,New York,36061,189,0
2020-03-26,New York,New York,36061,191,0
2020-03-27,New York,New York,36061,198,0
2020-03-28,New York,New York,36061,202,0
2020-03-29,New York,New York,36061,202,0
2020-03-30,New York,New York,36061,204,0
2020-03-31,New York,New York,36061,257,0
2020-04-01,New York,New York,36061,386,0
2020-04-02,New York,New York,36061,530,2
2020-04-03,New York,New York,36061,574,2
2020-04-04,New York,New York,36061,596,2
2020-04-05,New York,New York,36061,710,4
2020-04-06,New York,New York,36061,761,5
2020-04-07,New York,New York,36061,846,7
2020-04-08,New York,New York,36061,971,7
2020-04-09,New York,New York,36061,1038,8
2020-04-10,New York,New York,36061,1088,8
2020-04-11,New York,New York,36061,1245,11
2020-04-12,New York,New York,36061,1395,11
2020-04-13,New York,New York,36061,1442,12
2020-04-14,New York,New York,36061,1563,14
2020-04-15,New York,New York,36061,1638,15
2020-04-16,New York,New York,36061,1781,17
2020-04-17,New York,New York,36061,1891,17
2020-04-18,New York,New York,36061,2049,19
2020-04-19,New York,New York,36061,2108,20
2020-04-20,New York,New York,36061,2236,21
2020-04-21,New York,New York,36061,2316,22
2020-04-22,New York,New York,36061,2456,26
2020-04-23,New York,New York,36061,2535,27
2020-04-24,New York,New York,36061,2624,28
2020-04-25,New York,New York,36061,2745,28
2020-04-26,New York,New York,36061,2778,28
2020-04-27,New York,New York,36061,2855,29
2020-04-28,New York,New York,36061,2876,29
2020-04-29,New York,New York,36061,3002,30
2020-04-30,New York,New York,36061,3148,31
2020-05-01,New York,New York,36061,3198,32
2020-05-02,New York,New York,36061,3258,33
2020-05-03,New York,New York,36061,3293,33
2020-05-04,New York,New York,36061,3315,33
2020-05-05,New York,New York,36061,3428,36
2020-05-06,New York,New York,36061,3526,38
2020-05-07,New York,New York,36061,3662,39
2020-05-08,New York,New York,36061,3722,39
2020-05-09,New York,New York,36061,3759,39
2020-05-10,New York,New York,36061,3792,39
2020-05-11,New York,New York,36061,3897,40
2020-05-12,New York,New York,36061,3983,41
2020-05-13,New York,New York,36061,4061,41
2020-05-14,New York,New York,36061,4214,42
2020-05-15,New York,New York,36061,4319,43
2020-05-16,New York,New York,36061,4366,43
2020-05-17,New York,New York,36061,4479,44
2020-05-18,New York,New York,36061,4499,44
2020-05-19,New York,New York,36061,4585,45
2020-05-20,New York,New York,36061,4680,47
2020-05-21,New York,New York,36061,4744,48
2020-05-22,New York,New York,36061,4848,49
2020-05-23,New York,New York,36061,4878,49
2020-05-24,New York,New York,36061,4928,49
2020-05-25,New York,New York,36061,4945,49
2020-05-26,New York,New York,36061,5103,50
2020-05-27,New York,New York,36061,5226,51
2020-05-28,New York,New York,36061,5266,52
2020-05-29,New York,New York,36061,5414,52
2020-05-30,New York,New York,36061,5538,53
2020-05-31,New York,New York,36061,5650,56
2020-06-01,New York,New York,36061,5802,57
2020-06-02,New York,New York,36061,5923,59
2020-06-03,New York,New York,36061,6074,62
2020-06-04,New York,New York,36061,6183,63
2020-06-05,New York,New York,36061,6222,63
2020-06-06,New York,New York,36061,6316,64
2020-06-07,New York,New York,36061,6368,64
2020-06-08,New York,New York,36061,6431,65
2020-06-09,New York,New York,36061,6528,65
2020-06-10,New York,New York,36061,6629,66
2020-06-11,New York,New York,36061,6745,67
2020-06-12,New York,New York,36061,6865,68
2020-06-13,New York,New York,36061,6940,70
2020-06-14,New York,New York,36061,7004,70
2020-06-15,New York,New York,36061,7032,70
2020-06-16,New York,New York,36061,7097,70
2020-06-17,New York,New York,36061,7238,70
2020-06-18,New York,New York,36061,7299,70
2020-06-19,New York,New York,36061,7380,71
2020-06-20,New York,New York,36061,7465,73
2020-06-21,New York,New York,36061,7574,74
2020-06-22,New York,New York,36061,7610,74
2020-06-23,New York,New York,36061,7703,76
2020-06-24,New York,New York,36061,7826,76
2020-06-25,New York,New York,36061,7958,78
2020-06-26,New York,New York,36061,8026,78
2020-06-27,New York,New York,36061,8160,80
2020-06-28,New York,New York,36061,8205,80
2020-06-29,New York,New York,36061,8443,82
2020-06-30,New York,New York,36061,8551,83
2020-07-01,New York,New York,36061,8705,84
2020-07-02,New York,New York,36061,8766,84
2020-07-03,New York,New York,36061,8817,85
2020-07-04,New York,New York,36061,9006,87
2020-07-05,New York,New York,36061,9185,92
2020-07-06,New York,New York,36061,9441,96
2020-07-07,New York,New York,36061,9482,96
2020-07-08,New York,New York,36061,9636,97
2020-07-09,New York,New York,36061,9876,98
2020-07-10,New York,New York,36061,10089,101
2020-07-11,New York,New York,36061,10229,101
2020-07-12,New York,New York,36061,10450,104
2020-07-13,New York,New York,36061,10554,104
2020-07-14,New York,New York,36061,10627,105
2020-07-15,New York,New York,36061,10729,106
2020-07-16,New York,New York,36061,10912,111
2020-07-17,New York,New York,36061,11110,114
2020-07-18,New York,New York,36061,11326,117
2020-07-19,New York,New York,36061,11381,118
2020-07-20,New York,New York,36061,11438,118
2020-07-21,New York,New York,36061,11579,119
2020-07-22,New York,New York,36061,11809,123
2020-07-23,New York,New York,36061,12009,126
2020-07-24,New York,New York,36061,12127,127
2020-07-25,New York,New York,36061,12344,131
2020-07-26,New York,New York,36061,12391,131
2020-07-27,New York,New York,36061,12471,132
2020-07-28,New York,New York,36061,12637,135
2020-07-29,New York,New York,36061,12872,139
2020-07-30,New York,New York,36061,13002,142
2020-07-31,New York,New York,36061,13112,144
2020-08-01,New York,New York,36061,13275,148
2020-08-02,New York,New York,36061,13464,149
2020-08-03,New York,New York,36061,13617,151
2020-08-04,New York,New York,36061,13758,153
2020-08-05,New York,New York,36061,13911,154
2020-08-06,New York,New York,36061,14155,159
2020-08-07,New York,New York,36061,14224,160
2020-08-08,New York,New York,36061,14379,162
2020-08-09,New York,New York,36061,14530,166
2020-08-10,New York,New York,36061,14601,166
2020-08-11,New York,New York,36061,14696,168
2020-08-12,New York,New York,36061,14905,170
2020-08-13,New York,New York,36061,15108,175
2020-08-14,New York,New York,36061,15293,179
2020-08-15,New York,New York,36061,15458,181
2020-08-16,New York,New York,36061,15618,185
2020-08-17,New York,New York,36061,15838,190
2020-08-18,New York,New York,36061,15945,192
2020-08-19,New York,New York,36061,16057,194
2020-08-20,New York,New York,36061,16305,199
2020-08-21,New York,New York,36061,16529,200
2020-08-22,New York,New York,36061,16594,201
2020-08-23,New York,New York,36061,16759,204
2020-08-24,New York,New York,36061,16930,208
2020-08-25,New York,New York,36061,17155,213
2020-08-26,New York,New York,36061,17374,215
2020-08-27,New York,New York,36061,17529,218
2020-08-28,New York,New York,36061,17768,221
2020-08-29,New York,New York,36061,17819,221
2020-08-30,New York,New York,36061,17926,223
2020-08-31,New York,New York,36061,18026,225
2020-09-01,New York,New York,36061,18269,231
2020-09-02,New York,New York,36061,18481,236
2020-09-03,New York,New York,36061,18560,237
2020-09-04,New York,New York,36061,18791,241
2020-09-05,New York,New York,36061,18912,243
2020-09-06,New York,New York,36061,18963,244
2020-09-07,New York,New York,36061,19141,245
2020-09-08,New York,New York,36061,19288,248
2020-09-09,New York,New York,36061,19514,249
2020-09-10,New York,New York,36061,19565,249
2020-09-11,New York,New York,36061,19822,253
2020-09-12,New York,New York,36061,19977,254
2020-09-13,New York,New York,36061,20218,258
2020-09-14,New York,New York,36061,20452,259
2020-09-15,New York,New York,36061,20665,263
2020-09-16,New York,New York,36061,20895,269
2020-09-17,New York,New York,36061,21058,273
2020-09-18,New York,New York,36061,21280,276
2020-09-19,New York,New York,36061,21444,278
2020-09-20,New York,New York,36061,21510,279
2020-09-21,New York,New York,36061,21753,283
2020-09-22,New York,New York,36061,21835,285
2020-09-23,New York,New York,36061,21887,286
2020-09-24,New York,New York,36061,21990,287
2020-09-25,New York,New York,36061,22193,291
2020-09-26,New York,New York,36061,22331,294
2020-09-27,New York,New York,36061,22538,298
2020-09-28,New York,New York,36061,22615,299
2020-09-29,New York,New York,36061,22652,299
2020-09-30,New York,New York,36061,22712,299
2020-10-01,New York,New York,36061,22877,299
2020-10-02,New York,New York,36061,23128,303
2020-10-03,New York,New York,36061,23355,309
2020-10-04,New York,New York,36061,23457,311
2020-10-05,New York,New York,36061,23561,311
2020-10-06,New York,New York,36061,23758,312
2020-10-07,New York,New York,36061,23804,312
2020-10-08,New York,New York,36061,24024,317
2020-10-09,New York,New York,36061,24251,322
2020-10-10,New York,New York,36061,24293,322
2020-10-11,New York,New York,36061,24526,324
2020-10-12,New York,New York,36061,24721,325
2020-10-13,New York,New York,36061,24769,325
2020-10-14,New York,New York,36061,24960,329
2020-10-15,New York,New York,36061,25105,331
2020-10-16,New York,New York,36061,25229,334
2020-10-17,New York,New York,36061,25279,335
2020-10-18,New York,New York,36061,25427,337
2020-10-19,New York,New York,36061,25589,338
2020-10-20,New York,New York,36061,25676,339
2020-10-21,New York,New York,36061,25869,342
2020-10-22,New York,New York,36061,26025,346
2020-10-23,New York,New York,36061,26280,352
2020-10-24,New York,New York,36061,26410,353
2020-10-25,New York,New York,36061,26660,357
2020-10-26,New York,New York,36061,26748,358
2020-10-27,New York,New York,36061,26976,363
2020-10-28,New York,New York,36061,27063,364
2020-10-29,New York,New York,36061,27137,365
2020-10-30,New York,New York,36061,27369,366
2020-10-31,New York,New York,36061,27467,367
2020-11-01,New York,New York,36061,27654,368
2020-11-02,New York,New York,36061,27717,369
2020-11-03,New York,New York,36061,27804,370
2020-11-04,New York,New York,36061,27940,373
2020-11-05,New York,New York,36061,28096,375
2020-11-06,New York,New York,36061,28493,380
2020-11-07,New York,New York,36061,28592,382
2020-11-08,New York,New York,36061,28805,385
2020-11-09,New York,New York,36061,29050,387
2020-11-10,New York,New York,36061,29174,389
2020-11-11,New York,New York,36061,29432,390
2020-11-12,New York,New York,36061,29570,394
2020-11-13,New York,New York,36061,29848,401
2020-11-14,New York,New York,36061,30193,404
2020-11-15,New York,New York,36061,30500,411
2020-11-16,New York,New York,36061,30956,417
2020-11-17,New York,New York,36061,31157,422
2020-11-18,New York,New York,36061,31631,424
2020-11-19,New York,New York,36061,31990,430
2020-11-20,New York,New York,36061,32140,434
2020-11-21,New York,New York,36061,32240,434
2020-11-22,New York,New York,36061,32501,438
2020-11-23,New York,New York,36061,32963,446
2020-11-24,New York,New York,36061,33100,448
2020-11-25,New York,New York,36061,33462,453
2020-11-26,New York,New York,36061,33766,458
2020-11-27,New York,New York,36061,34095,466
2020-11-28,New York,New York,36061,34554,474
2020-11-29,New York,New York,36061,34876,475
2020-11-30,New York,New York,36061,35167,478
2020-12-01,New York,New York,36061,35560,488
2020-12-02,New York,New York,36061,35993,496
2020-12-03,New York,New York,36061,36361,497
2020-12-04,New York,New York,36061,36526,499
2020-12-05,New York,New York,36061,36922,503
2020-12-06,New York,New York,36061,37259,508
2020-12-07,New York,New York,36061,37462,510
2020-12-08,New York,New York,36061,37935,513
2020-12-09,New York,New York,36061,38309,522
2020-12-10,New York,New York,36061,38706,529
2020-12-11,New York,New York,36061,39152,532
2020-12-12,New York,New York,36061,39441,536
2020-12-13,New York,New York,36061,39885,538
2020-12-14,New York,New York,36061,40361,549
2020-12-15,New York,New York,36061,40833,562
2020-12-16,New York,New York,36061,41239,571
2020-12-17,New York,New York,36061,41664,581
2020-12-18,New York,New York,36061,42064,590
2020-12-19,New York,New York,36061,42175,591
2020-12-20,New York,New York,36061,42354,594
2020-12-21,New York,New York,36061,42656,596
2020-12-22,New York,New York,36061,42946,601
2020-12-23,New York,New York,36061,43216,607
2020-12-24,New York,New York,36061,43689,611
2020-12-25,New York,New York,36061,43878,613
2020-12-26,New York,New York,36061,44273,619
2020-12-27,New York,New York,36061,44694,622
2020-12-28,New York,New York,36061,45072,629
2020-12-29,New York,New York,36061,45413,631
2020-12-30,New York,New York,36061,45882,635
2020-12-31,New York,New York,36061,46302,646
2021-01-01,New York,New York,36061,46778,650
2021-01-02,New York,New York,36061,46925,651
2021-01-03,New York,New York,36061,47126,652
2021-01-04,New York,New York,36061,47239,653
2021-01-05,New York,New York,36061,47592,656
2021-01-06,New York,New York,36061,48029,667
2021-01-07,New York,New York,36061,48365,674
2021-01-08,New York,New York,36061,48601,677
2021-01-09,New York,New York,36061,48701,679
2021-01-10,New York,New York,36061,48824,679
2021-01-11,New York,New York,36061,49191,687
2021-01-12,New York,New York,36061,49616,692
2021-01-13,New York,New York,36061,49934,694
2021-01-14,New York,New York,36061,50176,699
2021-01-15,New York,New York,36061,50602,707
2021-01-16,New York,New York,36061,50722,709
2021-01-17,New York,New York,36061,51060,711
2021-01-18,New York,New York,36061,51405,713
2021-01-19,New York,New York,36061,51796,720
2021-01-20,New York,New York,36061,52075,725
2021-01-21,New York,New York,36061,52460,731
2021-01-22,New York,New York,36061,52848,742
2021-01-23,New York,New York,36061,53284,750
2021-01-24,New York,New York,36061,53461,751
2021-01-25,New York,New York,36061,53589,753
2021-01-26,New York,New York,36061,53803,754
2021-01-27,New York,New York,36061,54013,756
2021-01-28,New York,New York,36061,54458,765
2021-01-29,New York,New York,36061,54639,767
2021-01-30,New York,New York,36061,54778,770
2021-01-31,New York,New York,36061,54895,771
2021-02-01,New York,New York,36061,55142,774
2021-02-02,New York,New York,36061,55508,777
2021-02-03,New York,New York,36061,55791,779
2021-02-04,New York,New York,36061,56044,784
2021-02-05,New York,New York,36061,56208,788
2021-02-06,New York,New York,36061,56364,788
2021-02-07,New York,New York,36061,56694,796
2021-02-08,New York,New York,36061,56884,801
2021-02-09,New York,New York,36061,57143,803
2021-02-10,New York,New York,36061,57464,806
2021-02-11,New York,New York,36061,57936,815
2021-02-12,New York,New York,36061,58037,816
2021-02-13,New York,New York,36061,58371,817
2021-02-14,New York,New York,36061,58419,817
2021-02-15,New York,New York,36061,58505,819
2021-02-16,New York,New York,36061,58694,820
2021-02-17,New York,New York,36061,58801,822
2021-02-18,New York,New York,36061,58848,823
2021-02-19,New York,New York,36061,58886,823
2021-02-20,New York,New York,36061,58944,823
2021-02-21,New York,New York,36061,59064,824
2021-02-22,New York,New York,36061,59103,824
2021-02-23,New York,New York,36061,59279,827
2021-02-24,New York,New York,36061,59392,828
2021-02-25,New York,New York,36061,59428,828
2021-02-26,New York,New York,36061,59512,830
2021-02-27,New York,New York,36061,59670,833
2021-02-28,New York,New York,36061,59831,837
2021-03-01,New York,New York,36061,59881,837
2021-03-02,New York,New York,36061,60045,841
2021-03-03,New York,New York,36061,60154,841
2021-03-04,New York,New York,36061,60228,841
2021-03-05,New York,New York,36061,60269,842
2021-03-06,New York,New York,36061,60435,845
2021-03-07,New York,New York,36061,60515,846
2021-03-08,New York,New York,36061,60694,847
2021-03-09,New York,New York,36061,60750,848
2021-03-10,New York,New York,36061,60785,848
2021-03-11,New York,New York,36061,60852,849
2021-03-12,New York,New York,36061,61007,850
2021-03-13,New York,New York,36061,61158,854
2021-03-14,New York,New York,36061,61309,856
2021-03-15,New York,New York,36061,61391,858
2021-03-16,New York,New York,36061,61553,860
2021-03-17,New York,New York,36061,61614,861
2021-03-18,New York,New York,36061,61680,861
2021-03-19,New York,New York,36061,61817,862
2021-03-20,New York,New York,36061,61864,863
2021-03-21,New York,New York,36061,61973,863
2021-03-22,New York,New York,36061,62081,865
2021-03-23,New York,New York,36061,62230,865
2021-03-24,New York,New York,36061,62420,866
2021-03-25,New York,New York,36061,62606,870
2021-03-26,New York,New York,36061,62697,871
2021-03-27,New York,New York,36061,62747,871
2021-03-28,New York,New York,36061,62796,871
2021-03-29,New York,New York,36061,62846,872
2021-03-30,New York,New York,36061,62966,875
2021-03-31,New York,New York,36061,63013,876
2021-04-01,New York,New York,36061,63133,877
2021-04-02,New York,New York,36061,63288,878
2021-04-03,New York,New York,36061,63419,880
2021-04-04,New York,New York,36061,63518,881
2021-04-05,New York,New York,36061,63620,883
2021-04-06,New York,New York,36061,63812,887
2021-04-07,New York,New York,36061,63865,887
2021-04-08,New York,New York,36061,64060,892
2021-04-09,New York,New York,36061,64174,893
2021-04-10,New York,New York,36061,64280,893
2021-04-11,New York,New York,36061,64434,895
2021-04-12,New York,New York,36061,64573,899
2021-04-13,New York,New York,36061,64764,900
2021-04-14,New York,New York,36061,64801,900
2021-04-15,New York,New York,36061,64971,901
2021-04-16,New York,New York,36061,65074,901
2021-04-17,New York,New York,36061,65172,903
2021-04-18,New York,New York,36061,65329,907
2021-04-19,New York,New York,36061,65486,911
2021-04-20,New York,New York,36061,65551,912
2021-04-21,New York,New York,36061,65702,913
2021-04-22,New York,New York,36061,65766,913
2021-04-23,New York,New York,36061,65836,914
2021-04-24,New York,New York,36061,65951,915
2021-04-25,New York,New York,36061,66137,916
2021-04-26,New York,New York,36061,66195,916
2021-04-27,New York,New York,36061,66384,918
2021-04-28,New York,New York,36061,66461,918
2021-04-29,New York,New York,36061,66609,918
2021-04-30,New York,New York,36061,66652,918
2021-05-01,New York,New York,36061,66805,920
2021-05-02,New York,New York,36061,66990,921
2021-05-03,New York,New York,36061,67024,921
2021-05-04,New York,New York,36061,67056,921
2021-05-05,New York,New York,36061,67124,921
2021-05-06,New York,New York,36061,67159,921
2021-05-07,New York,New York,36061,67232,921
2021-05-08,New York,New York,36061,67380,923
2021-05-09,New York,New York,36061,67451,923
2021-05-10,New York,New York,36061,67484,923
2021-05-11,New York,New York,36061,67609,926
2021-05-12,New York,New York,36061,67804,927
2021-05-13,New York,New York,36061,67855,928
2021-05-14,New York,New York,36061,67891,929
2021-05-15,New York,New York,36061,68062,931
2021-05-16,New York,New York,36061,68217,934
2021-05-17,New York,New York,36061,68383,935
2021-05-18,New York,New York,36061,68496,938
2021-05-19,New York,New York,36061,68649,940
2021-05-20,New York,New York,36061,68768,942
2021-05-21,New York,New York,36061,68918,945
2021-05-22,New York,New York,36061,69051,946
2021-05-23,New York,New York,36061,69171,948
2021-05-24,New York,New York,36061,69252,950
2021-05-25,New York,New York,36061,69439,955
2021-05-26,New York,New York,36061,69612,958
2021-05-27,New York,New York,36061,69722,959
2021-05-28,New York,New York,36061,69794,959
2021-05-29,New York,New York,36061,69976,963
2021-05-30,New York,New York,36061,70166,966
2021-05-31,New York,New York,36061,70310,967
2021-06-01,New York,New York,36061,70361,967
2021-06-02,New York,New York,36061,70529,971
2021-06-03,New York,New York,36061,70575,971
2021-06-04,New York,New York,36061,70751,973
2021-06-05,New York,New York,36061,70891,975
2021-06-06,New York,New York,36061,70983,976
2021-06-07,New York,New York,36061,71097,978
2021-06-08,New York,New York,36061,71286,980
2021-06-09,New York,New York,36061,71477,981
2021-06-10,New York,New York,36061,71551,982
2021-06-11,New York,New York,36061,71585,982
2021-06-12,New York,New York,36061,71670,982
2021-06-13,New York,New York,36061,71769,982
2021-06-14,New York,New York,36061,71853,984
2021-06-15,New York,New York,36061,71984,985
2021-06-16,New York,New York,36061,72111,987
2021-06-17,New York,New York,36061,72284,989
2021-06-18,New York,New York,36061,72340,989
2021-06-19,New York,New York,36061,72382,989
2021-06-20,New York,New York,36061,72558,993
2021-06-21,New York,New York,36061,72722,996
2021-06-22,New York,New York,36061,72842,996
2021-06-23,New York,New York,36061,72957,999
2021-06-24,New York,New York,36061,73095,1001
2021-06-25,New York,New York,36061,73224,1004
2021-06-26,New York,New York,36061,73414,1005
2021-06-27,New York,New York,36061,73591,1006
2021-06-28,New York,New York,36061,73710,1008
2021-06-29,New York,New York,36061,73753,1008
2021-06-30,New York,New York,36061,73838,1008
2020-03-01,Kings,New York,36047,5,0
2020-03-02,Kings,New York,36047,21,0
2020-03-03,Kings,New York,36047,28,0
2020-03-04,Kings,New York,36047,33,0
2020-03-05,Kings,New York,36047,33,0
2020-03-06,Kings,New York,36047,37,0
2020-03-07,Kings,New York,36047,56,0
2020-03-08,Kings,New York,36047,70,0
2020-03-09,Kings,New York,36047,84,0
2020-03-10,Kings,New York,36047,108,0
2020-03-11,Kings,New York,36047,128,0
2020-03-12,Kings,New York,36047,136,0
2020-03-13,Kings,New York,36047,153,0
2020-03-14,Kings,New York,36047,155,0
2020-03-15,Kings,New York,36047,166,0
2020-03-16,Kings,New York,36047,167,0
2020-03-17,Kings,New York,36047,167,0
2020-03-18,Kings,New York,36047,181,0
2020-03-19,Kings,New York,36047,192,0
2020-03-20,Kings,New York,36047,210,0
2020-03-21,Kings,New York,36047,214,0
2020-03-22,Kings,New York,36047,217,0
2020-03-23,Kings,New York,36047,240,0
2020-03-24,Kings,New York,36047,248,0
2020-03-25,Kings,New York,36047,264,0
2020-03-26,Kings,New York,36047,277,0
2020-03-27,Kings,New York,36047,289,0
2020-03-28,Kings,New York,36047,308,0
2020-03-29,Kings,New York,36047,328,0
2020-03-30,Kings,New York,36047,351,0
2020-03-31,Kings,New York,36047,448,2
2020-04-01,Kings,New York,36047,697,5
2020-04-02,Kings,New York,36047,763,5
2020-04-03,Kings,New York,36047,889,8
2020-04-04,Kings,New York,36047,1110,10
2020-04-05,Kings,New York,36047,1325,11
2020-04-06,Kings,New York,36047,1493,13
2020-04-07,Kings,New York,36047,1520,13
2020-04-08,Kings,New York,36047,1716,17
2020-04-09,Kings,New York,36047,1788,18
2020-04-10,Kings,New York,36047,1926,19
2020-04-11,Kings,New York,36047,2005,20
2020-04-12,Kings,New York,36047,2127,22
2020-04-13,Kings,New York,36047,2247,23
2020-04-14,Kings,New York,36047,2489,28
2020-04-15,Kings,New York,36047,2687,29
2020-04-16,Kings,New York,36047,2818,32
2020-04-17,Kings,New York,36047,2934,35
2020-04-18,Kings,New York,36047,3076,38
2020-04-19,Kings,New York,36047,3263,40
2020-04-20,Kings,New York,36047,3369,42
2020-04-21,Kings,New York,36047,3486,43
2020-04-22,Kings,New York,36047,3541,44
2020-04-23,Kings,New York,36047,3786,49
2020-04-24,Kings,New York,36047,3913,52
2020-04-25,Kings,New York,36047,4134,55
2020-04-26,Kings,New York,36047,4356,57
2020-04-27,Kings,New York,36047,4525,59
2020-04-28,Kings,New York,36047,4741,63
2020-04-29,Kings,New York,36047,4899,66
2020-04-30,Kings,New York,36047,5007,66
2020-05-01,Kings,New York,36047,5257,67
2020-05-02,Kings,New York,36047,5400,69
2020-05-03,Kings,New York,36047,5536,70
2020-05-04,Kings,New York,36047,5595,70
2020-05-05,Kings,New York,36047,5819,75
2020-05-06,Kings,New York,36047,5915,76
2020-05-07,Kings,New York,36047,6037,78
2020-05-08,Kings,New York,36047,6149,78
2020-05-09,Kings,New York,36047,6200,78
2020-05-10,Kings,New York,36047,6407,81
2020-05-11,Kings,New York,36047,6490,82
2020-05-12,Kings,New York,36047,6597,83
2020-05-13,Kings,New York,36047,6755,84
2020-05-14,Kings,New York,36047,7004,89
2020-05-15,Kings,New York,36047,7093,90
2020-05-16,Kings,New York,36047,7307,95
2020-05-17,Kings,New York,36047,7355,96
2020-05-18,Kings,New York,36047,7494,97
2020-05-19,Kings,New York,36047,7646,99
2020-05-20,Kings,New York,36047,7778,99
2020-05-21,Kings,New York,36047,7957,100
2020-05-22,Kings,New York,36047,8034,101
2020-05-23,Kings,New York,36047,8241,104
2020-05-24,Kings,New York,36047,8465,109
2020-05-25,Kings,New York,36047,8657,112
2020-05-26,Kings,New York,36047,8746,114
2020-05-27,Kings,New York,36047,8895,118
2020-05-28,Kings,New York,36047,9013,121
2020-05-29,Kings,New York,36047,9042,121
2020-05-30,Kings,New York,36047,9255,127
2020-05-31,Kings,New York,36047,9322,127
2020-06-01,Kings,New York,36047,9549,129
2020-06-02,Kings,New York,36047,9725,131
2020-06-03,Kings,New York,36047,9935,133
2020-06-04,Kings,New York,36047,10159,134
2020-06-05,Kings,New York,36047,10277,135
2020-06-06,Kings,New York,36047,10474,138
2020-06-07,Kings,New York,36047,10500,138
2020-06-08,Kings,New York,36047,10640,139
2020-06-09,Kings,New York,36047,10833,144
2020-06-10,Kings,New York,36047,10947,147
2020-06-11,Kings,New York,36047,11019,147
2020-06-12,Kings,New York,36047,11205,148
2020-06-13,Kings,New York,36047,11333,151
2020-06-14,Kings,New York,36047,11502,155
2020-06-15,Kings,New York,36047,11539,155
2020-06-16,Kings,New York,36047,11628,157
2020-06-17,Kings,New York,36047,11701,159
2020-06-18,Kings,New York,36047,11835,160
2020-06-19,Kings,New York,36047,11885,161
2020-06-20,Kings,New York,36047,12082,164
2020-06-21,Kings,New York,36047,12215,166
2020-06-22,Kings,New York,36047,12336,168
2020-06-23,Kings,New York,36047,12385,169
2020-06-24,Kings,New York,36047,12499,172
2020-06-25,Kings,New York,36047,12699,177
2020-06-26,Kings,New York,36047,12882,180
2020-06-27,Kings,New York,36047,13080,181
2020-06-28,Kings,New York,36047,13222,182
2020-06-29,Kings,New York,36047,13505,189
2020-06-30,Kings,New York,36047,13784,196
2020-07-01,Kings,New York,36047,13952,198
2020-07-02,Kings,New York,36047,14006,198
2020-07-03,Kings,New York,36047,14131,199
2020-07-04,Kings,New York,36047,14262,201
2020-07-05,Kings,New York,36047,14566,202
2020-07-06,Kings,New York,36047,14947,209
2020-07-07,Kings,New York,36047,15240,216
2020-07-08,Kings,New York,36047,15478,217
2020-07-09,Kings,New York,36047,15578,218
2020-07-10,Kings,New York,36047,15901,225
2020-07-11,Kings,New York,36047,16119,231
2020-07-12,Kings,New York,36047,16208,231
2020-07-13,Kings,New York,36047,16506,233
2020-07-14,Kings,New York,36047,16777,240
2020-07-15,Kings,New York,36047,16883,242
2020-07-16,Kings,New York,36047,17176,249
2020-07-17,Kings,New York,36047,17437,256
2020-07-18,Kings,New York,36047,17578,258
2020-07-19,Kings,New York,36047,17672,258
2020-07-20,Kings,New York,36047,17844,259
2020-07-21,Kings,New York,36047,18055,262
2020-07-22,Kings,New York,36047,18415,271
2020-07-23,Kings,New York,36047,18468,272
2020-07-24,Kings,New York,36047,18715,277
2020-07-25,Kings,New York,36047,19022,281
2020-07-26,Kings,New York,36047,19199,285
2020-07-27,Kings,New York,36047,19429,286
2020-07-28,Kings,New York,36047,19713,292
2020-07-29,Kings,New York,36047,19869,295
2020-07-30,Kings,New York,36047,19968,297
2020-07-31,Kings,New York,36047,20364,300
2020-08-01,Kings,New York,36047,20710,305
2020-08-02,Kings,New York,36047,20774,306
2020-08-03,Kings,New York,36047,21041,312
2020-08-04,Kings,New York,36047,21289,318
2020-08-05,Kings,New York,36047,21433,321
2020-08-06,Kings,New York,36047,21491,322
2020-08-07,Kings,New York,36047,21786,326
2020-08-08,Kings,New York,36047,21993,330
2020-08-09,Kings,New York,36047,22132,333
2020-08-10,Kings,New York,36047,22510,338
2020-08-11,Kings,New York,36047,22829,346
2020-08-12,Kings,New York,36047,22931,347
2020-08-13,Kings,New York,36047,23245,355
2020-08-14,Kings,New York,36047,23616,364
2020-08-15,Kings,New York,36047,23806,364
2020-08-16,Kings,New York,36047,24189,367
2020-08-17,Kings,New York,36047,24370,372
2020-08-18,Kings,New York,36047,24763,380
2020-08-19,Kings,New York,36047,25089,388
2020-08-20,Kings,New York,36047,25196,390
2020-08-21,Kings,New York,36047,25499,396
2020-08-22,Kings,New York,36047,25772,403
2020-08-23,Kings,New York,36047,26030,406
2020-08-24,Kings,New York,36047,26387,412
2020-08-25,Kings,New York,36047,26517,412
2020-08-26,Kings,New York,36047,26895,420
2020-08-27,Kings,New York,36047,27161,426
2020-08-28,Kings,New York,36047,27503,430
2020-08-29,Kings,New York,36047,27636,431
2020-08-30,Kings,New York,36047,27819,432
2020-08-31,Kings,New York,36047,28040,435
2020-09-01,Kings,New York,36047,28380,441
2020-09-02,Kings,New York,36047,28570,443
2020-09-03,Kings,New York,36047,28876,446
2020-09-04,Kings,New York,36047,29166,454
2020-09-05,Kings,New York,36047,29526,457
2020-09-06,Kings,New York,36047,29774,458
2020-09-07,Kings,New York,36047,29941,462
2020-09-08,Kings,New York,36047,30307,466
2020-09-09,Kings,New York,36047,30536,468
2020-09-10,Kings,New York,36047,30943,475
2020-09-11,Kings,New York,36047,31288,481
2020-09-12,Kings,New York,36047,31491,486
2020-09-13,Kings,New York,36047,31656,487
2020-09-14,Kings,New York,36047,31827,491
2020-09-15,Kings,New York,36047,32205,493
2020-09-16,Kings,New York,36047,32451,494
2020-09-17,Kings,New York,36047,32663,497
2020-09-18,Kings,New York,36047,33003,499
2020-09-19,Kings,New York,36047,33266,505
2020-09-20,Kings,New York,36047,33495,506
2020-09-21,Kings,New York,36047,33676,507
2020-09-22,Kings,New York,36047,34033,514
2020-09-23,Kings,New York,36047,34357,522
2020-09-24,Kings,New York,36047,34573,524
2020-09-25,Kings,New York,36047,34761,525
2020-09-26,Kings,New York,36047,35094,530
2020-09-27,Kings,New York,36047,35409,539
2020-09-28,Kings,New York,36047,35736,544
2020-09-29,Kings,New York,36047,35952,545
2020-09-30,Kings,New York,36047,36131,547
2020-10-01,Kings,New York,36047,36191,547
2020-10-02,Kings,New York,36047,36538,552
2020-10-03,Kings,New York,36047,36718,556
2020-10-04,Kings,New York,36047,37039,561
2020-10-05,Kings,New York,36047,37446,570
2020-10-06,Kings,New York,36047,37669,575
2020-10-07,Kings,New York,36047,37797,577
2020-10-08,Kings,New York,36047,37958,578
2020-10-09,Kings,New York,36047,38014,578
2020-10-10,Kings,New York,36047,38223,583
2020-10-11,Kings,New York,36047,38575,589
2020-10-12,Kings,New York,36047,38742,591
2020-10-13,Kings,New York,36047,38858,591
2020-10-14,Kings,New York,36047,39110,594
2020-10-15,Kings,New York,36047,39437,598
2020-10-16,Kings,New York,36047,39677,605
2020-10-17,Kings,New York,36047,40048,608
2020-10-18,Kings,New York,36047,40284,610
2020-10-19,Kings,New York,36047,40351,611
2020-10-20,Kings,New York,36047,40492,611
2020-10-21,Kings,New York,36047,40777,615
2020-10-22,Kings,New York,36047,40902,617
2020-10-23,Kings,New York,36047,40977,618
2020-10-24,Kings,New York,36047,41102,619
2020-10-25,Kings,New York,36047,41413,628
2020-10-26,Kings,New York,36047,41607,630
2020-10-27,Kings,New York,36047,41707,632
2020-10-28,Kings,New York,36047,41836,634
2020-10-29,Kings,New York,36047,42145,642
2020-10-30,Kings,New York,36047,42413,646
2020-10-31,Kings,New York,36047,42704,647
2020-11-01,Kings,New York,36047,42849,651
2020-11-02,Kings,New York,36047,43087,654
2020-11-03,Kings,New York,36047,43381,656
2020-11-04,Kings,New York,36047,43680,663
2020-11-05,Kings,New York,36047,44009,666
2020-11-06,Kings,New York,36047,44375,668
2020-11-07,Kings,New York,36047,44851,680
2020-11-08,Kings,New York,36047,45478,690
2020-11-09,Kings,New York,36047,45986,701
2020-11-10,Kings,New York,36047,46727,710
2020-11-11,Kings,New York,36047,47405,720
2020-11-12,Kings,New York,36047,47716,721
2020-11-13,Kings,New York,36047,47987,726
2020-11-14,Kings,New York,36047,48338,731
2020-11-15,Kings,New York,36047,48944,741
2020-11-16,Kings,New York,36047,49639,753
2020-11-17,Kings,New York,36047,50000,757
2020-11-18,Kings,New York,36047,50421,759
2020-11-19,Kings,New York,36047,51007,762
2020-11-20,Kings,New York,36047,51671,774
2020-11-21,Kings,New York,36047,51915,776
2020-11-22,Kings,New York,36047,52197,780
2020-11-23,Kings,New York,36047,52865,790
2020-11-24,Kings,New York,36047,53145,791
2020-11-25,Kings,New York,36047,53406,798
2020-11-26,Kings,New York,36047,53650,799
2020-11-27,Kings,New York,36047,54271,815
2020-11-28,Kings,New York,36047,54934,829
2020-11-29,Kings,New York,36047,55388,838
2020-11-30,Kings,New York,36047,56136,843
2020-12-01,Kings,New York,36047,56390,849
2020-12-02,Kings,New York,36047,56640,855
2020-12-03,Kings,New York,36047,57022,859
2020-12-04,Kings,New York,36047,57689,869
2020-12-05,Kings,New York,36047,58182,871
2020-12-06,Kings,New York,36047,58443,872
2020-12-07,Kings,New York,36047,58857,880
2020-12-08,Kings,New York,36047,59137,887
2020-12-09,Kings,New York,36047,59400,888
2020-12-10,Kings,New York,36047,59664,892
2020-12-11,Kings,New York,36047,60408,906
2020-12-12,Kings,New York,36047,60899,909
2020-12-13,Kings,New York,36047,61654,917
2020-12-14,Kings,New York,36047,62224,923
2020-12-15,Kings,New York,36047,62886,927
2020-12-16,Kings,New York,36047,63375,940
2020-12-17,Kings,New York,36047,63805,951
2020-12-18,Kings,New York,36047,64425,968
2020-12-19,Kings,New York,36047,65073,972
2020-12-20,Kings,New York,36047,65794,983
2020-12-21,Kings,New York,36047,66425,1000
2020-12-22,Kings,New York,36047,66999,1016
2020-12-23,Kings,New York,36047,67331,1019
2020-12-24,Kings,New York,36047,67598,1025
2020-12-25,Kings,New York,36047,67864,1032
2020-12-26,Kings,New York,36047,68249,1036
2020-12-27,Kings,New York,36047,68472,1041
2020-12-28,Kings,New York,36047,68723,1044
2020-12-29,Kings,New York,36047,69149,1056
2020-12-30,Kings,New York,36047,69865,1059
2020-12-31,Kings,New York,36047,70155,1064
2021-01-01,Kings,New York,36047,70764,1078
2021-01-02,Kings,New York,36047,71117,1080
2021-01-03,Kings,New York,36047,71811,1094
2021-01-04,Kings,New York,36047,72341,1109
2021-01-05,Kings,New York,36047,72694,1116
2021-01-06,Kings,New York,36047,72982,1121
2021-01-07,Kings,New York,36047,73213,1126
2021-01-08,Kings,New York,36047,73975,1139
2021-01-09,Kings,New York,36047,74460,1142
2021-01-10,Kings,New York,36047,75163,1147
2021-01-11,Kings,New York,36047,75554,1152
2021-01-12,Kings,New York,36047,75736,1157
2021-01-13,Kings,New York,36047,76235,1164
2021-01-14,Kings,New York,36047,76465,1167
2021-01-15,Kings,New York,36047,76876,1173
2021-01-16,Kings,New York,36047,77233,1176
2021-01-17,Kings,New York,36047,77916,1188
2021-01-18,Kings,New York,36047,78256,1198
2021-01-19,Kings,New York,36047,78770,1203
2021-01-20,Kings,New York,36047,79383,1215
2021-01-21,Kings,New York,36047,79550,1218
2021-01-22,Kings,New York,36047,80014,1226
2021-01-23,Kings,New York,36047,80352,1227
2021-01-24,Kings,New York,36047,80965,1245
2021-01-25,Kings,New York,36047,81581,1261
2021-01-26,Kings,New York,36047,81747,1262
2021-01-27,Kings,New York,36047,81906,1265
2021-01-28,Kings,New York,36047,82123,1271
2021-01-29,Kings,New York,36047,82795,1284
2021-01-30,Kings,New York,36047,83050,1290
2021-01-31,Kings,New York,36047,83759,1307
2021-02-01,Kings,New York,36047,84492,1326
2021-02-02,Kings,New York,36047,84791,1327
2021-02-03,Kings,New York,36047,85103,1333
2021-02-04,Kings,New York,36047,85277,1334
2021-02-05,Kings,New York,36047,85982,1343
2021-02-06,Kings,New York,36047,86253,1345
2021-02-07,Kings,New York,36047,86410,1346
2021-02-08,Kings,New York,36047,86783,1348
2021-02-09,Kings,New York,36047,87433,1365
2021-02-10,Kings,New York,36047,88081,1373
2021-02-11,Kings,New York,36047,88832,1378
2021-02-12,Kings,New York,36047,89529,1385
2021-02-13,Kings,New York,36047,89890,1389
2021-02-14,Kings,New York,36047,90124,1395
2021-02-15,Kings,New York,36047,90233,1396
2021-02-16,Kings,New York,36047,90413,1399
2021-02-17,Kings,New York,36047,90607,1403
2021-02-18,Kings,New York,36047,90711,1404
2021-02-19,Kings,New York,36047,90960,1406
2021-02-20,Kings,New York,36047,91052,1408
2021-02-21,Kings,New York,36047,91204,1409
2021-02-22,Kings,New York,36047,91364,1409
2021-02-23,Kings,New York,36047,91552,1411
2021-02-24,Kings,New York,36047,91794,1415
2021-02-25,Kings,New York,36047,92010,1416
2021-02-26,Kings,New York,36047,92274,1422
2021-02-27,Kings,New York,36047,92517,1423
2021-02-28,Kings,New York,36047,92793,1424
2021-03-01,Kings,New York,36047,93043,1429
2021-03-02,Kings,New York,36047,93194,1433
2021-03-03,Kings,New York,36047,93401,1437
2021-03-04,Kings,New York,36047,93695,1439
2021-03-05,Kings,New York,36047,93808,1440
2021-03-06,Kings,New York,36047,93909,1441
2021-03-07,Kings,New York,36047,94039,1442
2021-03-08,Kings,New York,36047,94131,1444
2021-03-09,Kings,New York,36047,94280,1446
2021-03-10,Kings,New York,36047,94553,1451
2021-03-11,Kings,New York,36047,94749,1456
2021-03-12,Kings,New York,36047,94887,1460
2021-03-13,Kings,New York,36047,94963,1460
2021-03-14,Kings,New York,36047,95115,1461
2021-03-15,Kings,New York,36047,95224,1462
2021-03-16,Kings,New York,36047,95334,1463
2021-03-17,Kings,New York,36047,95626,1470
2021-03-18,Kings,New York,36047,95747,1471
2021-03-19,Kings,New York,36047,95969,1474
2021-03-20,Kings,New York,36047,96255,1477
2021-03-21,Kings,New York,36047,96332,1479
2021-03-22,Kings,New York,36047,96562,1485
2021-03-23,Kings,New York,36047,96722,1487
2021-03-24,Kings,New York,36047,96969,1488
2021-03-25,Kings,New York,36047,97166,1489
2021-03-26,Kings,New York,36047,97407,1493
2021-03-27,Kings,New York,36047,97526,1496
2021-03-28,Kings,New York,36047,97646,1497
2021-03-29,Kings,New York,36047,97877,1498
2021-03-30,Kings,New York,36047,98105,1504
2021-03-31,Kings,New York,36047,98246,1505
2021-04-01,Kings,New York,36047,98366,1507
2021-04-02,Kings,New York,36047,98452,1508
2021-04-03,Kings,New York,36047,98530,1508
2021-04-04,Kings,New York,36047,98796,1512
2021-04-05,Kings,New York,36047,98960,1516
2021-04-06,Kings,New York,36047,99129,1517
2021-04-07,Kings,New York,36047,99299,1521
2021-04-08,Kings,New York,36047,99446,1524
2021-04-09,Kings,New York,36047,99717,1526
2021-04-10,Kings,New York,36047,99792,1527
2021-04-11,Kings,New York,36047,100024,1529
2021-04-12,Kings,New York,36047,100279,1532
2021-04-13,Kings,New York,36047,100568,1539
2021-04-14,Kings,New York,36047,100770,1543
2021-04-15,Kings,New York,36047,101069,1546
2021-04-16,Kings,New York,36047,101259,1549
2021-04-17,Kings,New York,36047,101420,1552
2021-04-18,Kings,New York,36047,101683,1554
2021-04-19,Kings,New York,36047,101787,1555
2021-04-20,Kings,New York,36047,101881,1556
2021-04-21,Kings,New York,36047,102075,1558
2021-04-22,Kings,New York,36047,102217,1560
2021-04-23,Kings,New York,36047,102282,1560
2021-04-24,Kings,New York,36047,102516,1565
2021-04-25,Kings,New York,36047,102812,1568
2021-04-26,Kings,New York,36047,103089,1571
2021-04-27,Kings,New York,36047,103269,1575
2021-04-28,Kings,New York,36047,103508,1579
2021-04-29,Kings,New York,36047,103771,1583
2021-04-30,Kings,New York,36047,104071,1586
2021-05-01,Kings,New York,36047,104234,1590
2021-05-02,Kings,New York,36047,104319,1592
2021-05-03,Kings,New York,36047,104374,1592
2021-05-04,Kings,New York,36047,104527,1593
2021-05-05,Kings,New York,36047,104727,1594
2021-05-06,Kings,New York,36047,104856,1595
2021-05-07,Kings,New York,36047,105106,1601
2021-05-08,Kings,New York,36047,105345,1602
2021-05-09,Kings,New York,36047,105546,1603
2021-05-10,Kings,New York,36047,105637,1603
2021-05-11,Kings,New York,36047,105777,1606
2021-05-12,Kings,New York,36047,105964,1608
2021-05-13,Kings,New York,36047,106218,1615
2021-05-14,Kings,New York,36047,106373,1618
2021-05-15,Kings,New York,36047,106677,1622
2021-05-16,Kings,New York,36047,106869,1623
2021-05-17,Kings,New York,36047,107114,1629
2021-05-18,Kings,New York,36047,107330,1630
2021-05-19,Kings,New York,36047,107623,1637
2021-05-20,Kings,New York,36047,107737,1638
2021-05-21,Kings,New York,36047,107861,1640
2021-05-22,Kings,New York,36047,108064,1645
2021-05-23,Kings,New York,36047,108270,1649
2021-05-24,Kings,New York,36047,108422,1652
2021-05-25,Kings,New York,36047,108586,1653
2021-05-26,Kings,New York,36047,108739,1654
2021-05-27,Kings,New York,36047,109002,1657
2021-05-28,Kings,New York,36047,109268,1664
2021-05-29,Kings,New York,36047,109411,1665
2021-05-30,Kings,New York,36047,109479,1666
2021-05-31,Kings,New York,36047,109695,1667
2021-06-01,Kings,New York,36047,109805,1667
2021-06-02,Kings,New York,36047,110044,1668
2021-06-03,Kings,New York,36047,110151,1669
2021-06-04,Kings,New York,36047,110253,1671
2021-06-05,Kings,New York,36047,110338,1672
2021-06-06,Kings,New York,36047,110507,1673
2021-06-07,Kings,New York,36047,110709,1675
2021-06-08,Kings,New York,36047,110761,1675
2021-06-09,Kings,New York,36047,111059,1683
2021-06-10,Kings,New York,36047,111146,1684
2021-06-11,Kings,New York,36047,111206,1684
2021-06-12,Kings,New York,36047,111359,1688
2021-06-13,Kings,New York,36047,111601,1694
2021-06-14,Kings,New York,36047,111666,1695
2021-06-15,Kings,New York,36047,111939,1699
2021-06-16,Kings,New York,36047,112046,1700
2021-06-17,Kings,New York,36047,112337,1701
2021-06-18,Kings,New York,36047,112534,1703
2021-06-19,Kings,New York,36047,112629,1704
2021-06-20,Kings,New York,36047,112703,1705
2021-06-21,Kings,New York,36047,112922,1710
2021-06-22,Kings,New York,36047,113145,1712
2021-06-23,Kings,New York,36047,113418,1714
2021-06-24,Kings,New York,36047,113574,1714
2021-06-25,Kings,New York,36047,113865,1719
2021-06-26,Kings,New York,36047,113988,1719
2021-06-27,Kings,New York,36047,114150,1720
2021-06-28,Kings,New York,36047,114252,1720
2021-06-29,Kings,New York,36047,114392,1723
2021-06-30,Kings,New York,36047,114516,1726
2020-03-01,Queens,New York,36081,4,0
2020-03-02,Queens,New York,36081,14,0
2020-03-03,Queens,New York,36081,25,0
2020-03-04,Queens,New York,36081,34,0
2020-03-05,Queens,New York,36081,34,0
2020-03-06,Queens,New York,36081,38,0
2020-03-07,Queens,New York,36081,44,0
2020-03-08,Queens,New York,36081,45,0
2020-03-09,Queens,New York,36081,54,0
2020-03-10,Queens,New York,36081,61,0
2020-03-11,Queens,New York,36081,72,0
2020-03-12,Queens,New York,36081,94,0
2020-03-13,Queens,New York,36081,105,0
2020-03-14,Queens,New York,36081,109,0
2020-03-15,Queens,New York,36081,113,0
2020-03-16,Queens,New York,36081,119,0
2020-03-17,Queens,New York,36081,125,0
2020-03-18,Queens,New York,36081,126,0
2020-03-19,Queens,New York,36081,130,0
2020-03-20,Queens,New York,36081,147,0
2020-03-21,Queens,New York,36081,158,0
2020-03-22,Queens,New York,36081,163,0
2020-03-23,Queens,New York,36081,185,0
2020-03-24,Queens,New York,36081,204,0
2020-03-25,Queens,New York,36081,212,0
2020-03-26,Queens,New York,36081,230,0
2020-03-27,Queens,New York,36081,242,0
2020-03-28,Queens,New York,36081,257,0
2020-03-29,Queens,New York,36081,268,0
2020-03-30,Queens,New York,36081,274,0
2020-03-31,Queens,New York,36081,495,1
2020-04-01,Queens,New York,36081,586,2
2020-04-02,Queens,New York,36081,676,4
2020-04-03,Queens,New York,36081,796,7
2020-04-04,Queens,New York,36081,853,7
2020-04-05,Queens,New York,36081,932,8
2020-04-06,Queens,New York,36081,1074,8
2020-04-07,Queens,New York,36081,1258,11
2020-04-08,Queens,New York,36081,1325,12
2020-04-09,Queens,New York,36081,1400,13
2020-04-10,Queens,New York,36081,1484,15
2020-04-11,Queens,New York,36081,1635,18
2020-04-12,Queens,New York,36081,1717,19
2020-04-13,Queens,New York,36081,1933,22
2020-04-14,Queens,New York,36081,2011,23
2020-04-15,Queens,New York,36081,2113,24
2020-04-16,Queens,New York,36081,2245,26
2020-04-17,Queens,New York,36081,2399,30
2020-04-18,Queens,New York,36081,2599,32
2020-04-19,Queens,New York,36081,2705,33
2020-04-20,Queens,New York,36081,2865,35
2020-04-21,Queens,New York,36081,2934,36
2020-04-22,Queens,New York,36081,3120,41
2020-04-23,Queens,New York,36081,3156,41
2020-04-24,Queens,New York,36081,3357,42
2020-04-25,Queens,New York,36081,3455,43
2020-04-26,Queens,New York,36081,3601,43
2020-04-27,Queens,New York,36081,3635,43
2020-04-28,Queens,New York,36081,3845,44
2020-04-29,Queens,New York,36081,4038,45
2020-04-30,Queens,New York,36081,4165,46
2020-05-01,Queens,New York,36081,4329,49
2020-05-02,Queens,New York,36081,4521,51
2020-05-03,Queens,New York,36081,4602,51
2020-05-04,Queens,New York,36081,4708,53
2020-05-05,Queens,New York,36081,4737,53
2020-05-06,Queens,New York,36081,4805,53
2020-05-07,Queens,New York,36081,4881,54
2020-05-08,Queens,New York,36081,5006,55
2020-05-09,Queens,New York,36081,5108,57
2020-05-10,Queens,New York,36081,5265,57
2020-05-11,Queens,New York,36081,5369,59
2020-05-12,Queens,New York,36081,5571,60
2020-05-13,Queens,New York,36081,5782,62
2020-05-14,Queens,New York,36081,5841,62
2020-05-15,Queens,New York,36081,6037,67
2020-05-16,Queens,New York,36081,6189,70
2020-05-17,Queens,New York,36081,6336,73
2020-05-18,Queens,New York,36081,6450,75
2020-05-19,Queens,New York,36081,6559,76
2020-05-20,Queens,New York,36081,6735,79
2020-05-21,Queens,New York,36081,6921,80
2020-05-22,Queens,New York,36081,7039,81
2020-05-23,Queens,New York,36081,7145,82
2020-05-24,Queens,New York,36081,7332,86
2020-05-25,Queens,New York,36081,7495,90
2020-05-26,Queens,New York,36081,7619,92
2020-05-27,Queens,New York,36081,7722,94
2020-05-28,Queens,New York,36081,7808,96
2020-05-29,Queens,New York,36081,7895,96
2020-05-30,Queens,New York,36081,8053,97
2020-05-31,Queens,New York,36081,8103,98
2020-06-01,Queens,New York,36081,8266,99
2020-06-02,Queens,New York,36081,8419,101
2020-06-03,Queens,New York,36081,8596,105
2020-06-04,Queens,New York,36081,8729,106
2020-06-05,Queens,New York,36081,8898,106
2020-06-06,Queens,New York,36081,8999,106
2020-06-07,Queens,New York,36081,9033,106
2020-06-08,Queens,New York,36081,9210,109
2020-06-09,Queens,New York,36081,9427,114
2020-06-10,Queens,New York,36081,9452,114
2020-06-11,Queens,New York,36081,9638,117
2020-06-12,Queens,New York,36081,9816,120
2020-06-13,Queens,New York,36081,9963,123
2020-06-14,Queens,New York,36081,10100,125
2020-06-15,Queens,New York,36081,10154,125
2020-06-16,Queens,New York,36081,10207,126
2020-06-17,Queens,New York,36081,10425,131
2020-06-18,Queens,New York,36081,10604,132
2020-06-19,Queens,New York,36081,10644,132
2020-06-20,Queens,New York,36081,10853,135
2020-06-21,Queens,New York,36081,11042,137
2020-06-22,Queens,New York,36081,11117,138
2020-06-23,Queens,New York,36081,11198,138
2020-06-24,Queens,New York,36081,11366,141
2020-06-25,Queens,New York,36081,11527,144
2020-06-26,Queens,New York,36081,11746,145
2020-06-27,Queens,New York,36081,11924,150
2020-06-28,Queens,New York,36081,12007,152
2020-06-29,Queens,New York,36081,12241,153
2020-06-30,Queens,New York,36081,12375,156
2020-07-01,Queens,New York,36081,12612,159
2020-07-02,Queens,New York,36081,12665,159
2020-07-03,Queens,New York,36081,12766,161
2020-07-04,Queens,New York,36081,13069,165
2020-07-05,Queens,New York,36081,13114,165
2020-07-06,Queens,New York,36081,13350,167
2020-07-07,Queens,New York,36081,13710,170
2020-07-08,Queens,New York,36081,14042,177
2020-07-09,Queens,New York,36081,14174,180
2020-07-10,Queens,New York,36081,14475,186
2020-07-11,Queens,New York,36081,14767,192
2020-07-12,Queens,New York,36081,15071,194
2020-07-13,Queens,New York,36081,15344,196
2020-07-14,Queens,New York,36081,15537,201
2020-07-15,Queens,New York,36081,15583,201
2020-07-16,Queens,New York,36081,15929,205
2020-07-17,Queens,New York,36081,16044,205
2020-07-18,Queens,New York,36081,16367,210
2020-07-19,Queens,New York,36081,16684,217
2020-07-20,Queens,New York,36081,17019,219
2020-07-21,Queens,New York,36081,17269,221
2020-07-22,Queens,New York,36081,17557,229
2020-07-23,Queens,New York,36081,17809,235
2020-07-24,Queens,New York,36081,18060,236
2020-07-25,Queens,New York,36081,18105,237
2020-07-26,Queens,New York,36081,18394,239
2020-07-27,Queens,New York,36081,18456,240
2020-07-28,Queens,New York,36081,18550,241
2020-07-29,Queens,New York,36081,18608,242
2020-07-30,Queens,New York,36081,18717,243
2020-07-31,Queens,New York,36081,18932,246
2020-08-01,Queens,New York,36081,19260,255
2020-08-02,Queens,New York,36081,19325,255
2020-08-03,Queens,New York,36081,19417,255
2020-08-04,Queens,New York,36081,19760,261
2020-08-05,Queens,New York,36081,20010,267
2020-08-06,Queens,New York,36081,20317,275
2020-08-07,Queens,New York,36081,20465,279
2020-08-08,Queens,New York,36081,20718,280
2020-08-09,Queens,New York,36081,20809,281
2020-08-10,Queens,New York,36081,21036,284
2020-08-11,Queens,New York,36081,21259,288
2020-08-12,Queens,New York,36081,21451,290
2020-08-13,Queens,New York,36081,21519,291
2020-08-14,Queens,New York,36081,21697,294
2020-08-15,Queens,New York,36081,21777,295
2020-08-16,Queens,New York,36081,22104,303
2020-08-17,Queens,New York,36081,22203,304
2020-08-18,Queens,New York,36081,22371,304
2020-08-19,Queens,New York,36081,22426,304
2020-08-20,Queens,New York,36081,22476,305
2020-08-21,Queens,New York,36081,22665,308
2020-08-22,Queens,New York,36081,22963,316
2020-08-23,Queens,New York,36081,23141,319
2020-08-24,Queens,New York,36081,23464,322
2020-08-25,Queens,New York,36081,23577,324
2020-08-26,Queens,New York,36081,23742,327
2020-08-27,Queens,New York,36081,23989,330
2020-08-28,Queens,New York,36081,24198,335
2020-08-29,Queens,New York,36081,24395,336
2020-08-30,Queens,New York,36081,24496,338
2020-08-31,Queens,New York,36081,24634,340
2020-09-01,Queens,New York,36081,24886,343
2020-09-02,Queens,New York,36081,25138,346
2020-09-03,Queens,New York,36081,25311,346
2020-09-04,Queens,New York,36081,25384,348
2020-09-05,Queens,New York,36081,25730,353
2020-09-06,Queens,New York,36081,25853,354
2020-09-07,Queens,New York,36081,26185,360
2020-09-08,Queens,New York,36081,26357,364
2020-09-09,Queens,New York,36081,26624,367
2020-09-10,Queens,New York,36081,26787,370
2020-09-11,Queens,New York,36081,26832,371
2020-09-12,Queens,New York,36081,26969,372
2020-09-13,Queens,New York,36081,27056,374
2020-09-14,Queens,New York,36081,27318,375
2020-09-15,Queens,New York,36081,27475,378
2020-09-16,Queens,New York,36081,27654,381
2020-09-17,Queens,New York,36081,27724,382
2020-09-18,Queens,New York,36081,27907,384
2020-09-19,Queens,New York,36081,28249,391
2020-09-20,Queens,New York,36081,28600,400
2020-09-21,Queens,New York,36081,28906,403
2020-09-22,Queens,New York,36081,29227,408
2020-09-23,Queens,New York,36081,29318,409
2020-09-24,Queens,New York,36081,29589,413
2020-09-25,Queens,New York,36081,29791,416
2020-09-26,Queens,New York,36081,29923,419
2020-09-27,Queens,New York,36081,30097,424
2020-09-28,Queens,New York,36081,30445,427
2020-09-29,Queens,New York,36081,30502,427
2020-09-30,Queens,New York,36081,30693,431
2020-10-01,Queens,New York,36081,31044,436
2020-10-02,Queens,New York,36081,31273,437
2020-10-03,Queens,New York,36081,31501,441
2020-10-04,Queens,New York,36081,31698,446
2020-10-05,Queens,New York,36081,32023,454
2020-10-06,Queens,New York,36081,32110,454
2020-10-07,Queens,New York,36081,32236,456
2020-10-08,Queens,New York,36081,32403,457
2020-10-09,Queens,New York,36081,32577,460
2020-10-10,Queens,New York,36081,32625,460
2020-10-11,Queens,New York,36081,32693,461
2020-10-12,Queens,New York,36081,33031,467
2020-10-13,Queens,New York,36081,33131,469
2020-10-14,Queens,New York,36081,33295,473
2020-10-15,Queens,New York,36081,33626,482
2020-10-16,Queens,New York,36081,33878,484
2020-10-17,Queens,New York,36081,34211,490
2020-10-18,Queens,New York,36081,34556,496
2020-10-19,Queens,New York,36081,34669,498
2020-10-20,Queens,New York,36081,34945,505
2020-10-21,Queens,New York,36081,35116,508
2020-10-22,Queens,New York,36081,35385,512
2020-10-23,Queens,New York,36081,35489,514
2020-10-24,Queens,New York,36081,35670,516
2020-10-25,Queens,New York,36081,35793,518
2020-10-26,Queens,New York,36081,35853,519
2020-10-27,Queens,New York,36081,36152,527
2020-10-28,Queens,New York,36081,36453,529
2020-10-29,Queens,New York,36081,36561,530
2020-10-30,Queens,New York,36081,36665,532
2020-10-31,Queens,New York,36081,36736,534
2020-11-01,Queens,New York,36081,36908,534
2020-11-02,Queens,New York,36081,37236,538
2020-11-03,Queens,New York,36081,37296,539
2020-11-04,Queens,New York,36081,37561,546
2020-11-05,Queens,New York,36081,37652,547
2020-11-06,Queens,New York,36081,38191,550
2020-11-07,Queens,New York,36081,38754,563
2020-11-08,Queens,New York,36081,39246,575
2020-11-09,Queens,New York,36081,39852,589
2020-11-10,Queens,New York,36081,40292,593
2020-11-11,Queens,New York,36081,40491,595
2020-11-12,Queens,New York,36081,41065,604
2020-11-13,Queens,New York,36081,41282,608
2020-11-14,Queens,New York,36081,41711,611
2020-11-15,Queens,New York,36081,42166,619
2020-11-16,Queens,New York,36081,42649,631
2020-11-17,Queens,New York,36081,42991,634
2020-11-18,Queens,New York,36081,43551,649
2020-11-19,Queens,New York,36081,43759,654
2020-11-20,Queens,New York,36081,44072,663
2020-11-21,Queens,New York,36081,44558,666
2020-11-22,Queens,New York,36081,44792,669
2020-11-23,Queens,New York,36081,45052,674
2020-11-24,Queens,New York,36081,45449,680
2020-11-25,Queens,New York,36081,45913,691
2020-11-26,Queens,New York,36081,46384,696
2020-11-27,Queens,New York,36081,47009,705
2020-11-28,Queens,New York,36081,47639,717
2020-11-29,Queens,New York,36081,48302,733
2020-11-30,Queens,New York,36081,48935,751
2020-12-01,Queens,New York,36081,49088,755
2020-12-02,Queens,New York,36081,49423,761
2020-12-03,Queens,New York,36081,50033,765
2020-12-04,Queens,New York,36081,50524,770
2020-12-05,Queens,New York,36081,51165,780
2020-12-06,Queens,New York,36081,51521,782
2020-12-07,Queens,New York,36081,51940,790
2020-12-08,Queens,New York,36081,52604,795
2020-12-09,Queens,New York,36081,53152,810
2020-12-10,Queens,New York,36081,53634,821
2020-12-11,Queens,New York,36081,54228,824
2020-12-12,Queens,New York,36081,54497,831
2020-12-13,Queens,New York,36081,54897,834
2020-12-14,Queens,New York,36081,55120,836
2020-12-15,Queens,New York,36081,55294,837
2020-12-16,Queens,New York,36081,55786,843
2020-12-17,Queens,New York,36081,56140,844
2020-12-18,Queens,New York,36081,56543,851
2020-12-19,Queens,New York,36081,57025,854
2020-12-20,Queens,New York,36081,57696,863
2020-12-21,Queens,New York,36081,57953,864
2020-12-22,Queens,New York,36081,58399,873
2020-12-23,Queens,New York,36081,59056,878
2020-12-24,Queens,New York,36081,59371,884
2020-12-25,Queens,New York,36081,59958,895
2020-12-26,Queens,New York,36081,60131,896
2020-12-27,Queens,New York,36081,60528,900
2020-12-28,Queens,New York,36081,60685,901
2020-12-29,Queens,New York,36081,60919,903
2020-12-30,Queens,New York,36081,61593,911
2020-12-31,Queens,New York,36081,61970,918
2021-01-01,Queens,New York,36081,62105,919
2021-01-02,Queens,New York,36081,62473,924
2021-01-03,Queens,New York,36081,63126,934
2021-01-04,Queens,New York,36081,63330,936
2021-01-05,Queens,New York,36081,63998,954
2021-01-06,Queens,New York,36081,64611,967
2021-01-07,Queens,New York,36081,65000,972
2021-01-08,Queens,New York,36081,65555,983
2021-01-09,Queens,New York,36081,66115,994
2021-01-10,Queens,New York,36081,66778,1008
2021-01-11,Queens,New York,36081,67374,1025
2021-01-12,Queens,New York,36081,67557,1029
2021-01-13,Queens,New York,36081,68212,1035
2021-01-14,Queens,New York,36081,68638,1040
2021-01-15,Queens,New York,36081,68918,1044
2021-01-16,Queens,New York,36081,69578,1047
2021-01-17,Queens,New York,36081,70153,1057
2021-01-18,Queens,New York,36081,70479,1058
2021-01-19,Queens,New York,36081,70801,1065
2021-01-20,Queens,New York,36081,71330,1078
2021-01-21,Queens,New York,36081,71638,1085
2021-01-22,Queens,New York,36081,71914,1091
2021-01-23,Queens,New York,36081,72384,1101
2021-01-24,Queens,New York,36081,72653,1106
2021-01-25,Queens,New York,36081,73286,1109
2021-01-26,Queens,New York,36081,73687,1115
2021-01-27,Queens,New York,36081,73849,1115
2021-01-28,Queens,New York,36081,74117,1121
2021-01-29,Queens,New York,36081,74259,1122
2021-01-30,Queens,New York,36081,74877,1126
2021-01-31,Queens,New York,36081,75161,1127
2021-02-01,Queens,New York,36081,75707,1137
2021-02-02,Queens,New York,36081,76268,1147
2021-02-03,Queens,New York,36081,76499,1152
2021-02-04,Queens,New York,36081,76647,1153
2021-02-05,Queens,New York,36081,76989,1161
2021-02-06,Queens,New York,36081,77539,1173
2021-02-07,Queens,New York,36081,77695,1175
2021-02-08,Queens,New York,36081,78325,1186
2021-02-09,Queens,New York,36081,78676,1196
2021-02-10,Queens,New York,36081,79151,1206
2021-02-11,Queens,New York,36081,79297,1208
2021-02-12,Queens,New York,36081,79724,1211
2021-02-13,Queens,New York,36081,80033,1217
2021-02-14,Queens,New York,36081,80154,1220
2021-02-15,Queens,New York,36081,80285,1222
2021-02-16,Queens,New York,36081,80489,1224
2021-02-17,Queens,New York,36081,80579,1224
2021-02-18,Queens,New York,36081,80786,1225
2021-02-19,Queens,New York,36081,80843,1225
2021-02-20,Queens,New York,36081,81110,1228
2021-02-21,Queens,New York,36081,81346,1232
2021-02-22,Queens,New York,36081,81505,1233
2021-02-23,Queens,New York,36081,81723,1236
2021-02-24,Queens,New York,36081,81777,1237
2021-02-25,Queens,New York,36081,81958,1240
2021-02-26,Queens,New York,36081,82221,1245
2021-02-27,Queens,New York,36081,82275,1246
2021-02-28,Queens,New York,36081,82346,1247
2021-03-01,Queens,New York,36081,82411,1248
2021-03-02,Queens,New York,36081,82641,1252
2021-03-03,Queens,New York,36081,82906,1259
2021-03-04,Queens,New York,36081,82968,1259
2021-03-05,Queens,New York,36081,83206,1261
2021-03-06,Queens,New York,36081,83338,1261
2021-03-07,Queens,New York,36081,83458,1262
2021-03-08,Queens,New York,36081,83579,1262
2021-03-09,Queens,New York,36081,83660,1263
2021-03-10,Queens,New York,36081,83747,1263
2021-03-11,Queens,New York,36081,83925,1265
2021-03-12,Queens,New York,36081,84036,1266
2021-03-13,Queens,New York,36081,84235,1271
2021-03-14,Queens,New York,36081,84313,1272
2021-03-15,Queens,New York,36081,84493,1275
2021-03-16,Queens,New York,36081,84539,1275
2021-03-17,Queens,New York,36081,84645,1277
2021-03-18,Queens,New York,36081,84756,1279
2021-03-19,Queens,New York,36081,85017,1280
2021-03-20,Queens,New York,36081,85181,1284
2021-03-21,Queens,New York,36081,85400,1290
2021-03-22,Queens,New York,36081,85646,1291
2021-03-23,Queens,New York,36081,85860,1293
2021-03-24,Queens,New York,36081,86073,1298
2021-03-25,Queens,New York,36081,86247,1302
2021-03-26,Queens,New York,36081,86422,1304
2021-03-27,Queens,New York,36081,86645,1309
2021-03-28,Queens,New York,36081,86914,1311
2021-03-29,Queens,New York,36081,87050,1312
2021-03-30,Queens,New York,36081,87253,1315
2021-03-31,Queens,New York,36081,87506,1318
2021-04-01,Queens,New York,36081,87771,1320
2021-04-02,Queens,New York,36081,87902,1323
2021-04-03,Queens,New York,36081,88014,1323
2021-04-04,Queens,New York,36081,88168,1325
2021-04-05,Queens,New York,36081,88314,1326
2021-04-06,Queens,New York,36081,88446,1327
2021-04-07,Queens,New York,36081,88565,1330
2021-04-08,Queens,New York,36081,88698,1330
2021-04-09,Queens,New York,36081,88832,1332
2021-04-10,Queens,New York,36081,88878,1332
2021-04-11,Queens,New York,36081,89087,1337
2021-04-12,Queens,New York,36081,89151,1338
2021-04-13,Queens,New York,36081,89256,1338
2021-04-14,Queens,New York,36081,89423,1339
2021-04-15,Queens,New York,36081,89661,1343
2021-04-16,Queens,New York,36081,89839,1348
2021-04-17,Queens,New York,36081,89897,1349
2021-04-18,Queens,New York,36081,90086,1350
2021-04-19,Queens,New York,36081,90161,1351
2021-04-20,Queens,New York,36081,90282,1353
2021-04-21,Queens,New York,36081,90500,1356
2021-04-22,Queens,New York,36081,90628,1358
2021-04-23,Queens,New York,36081,90807,1359
2021-04-24,Queens,New York,36081,90877,1360
2021-04-25,Queens,New York,36081,90964,1361
2021-04-26,Queens,New York,36081,91020,1362
2021-04-27,Queens,New York,36081,91162,1363
2021-04-28,Queens,New York,36081,91425,1366
2021-04-29,Queens,New York,36081,91653,1369
2021-04-30,Queens,New York,36081,91764,1370
2021-05-01,Queens,New York,36081,91991,1376
2021-05-02,Queens,New York,36081,92169,1377
2021-05-03,Queens,New York,36081,92285,1379
2021-05-04,Queens,New York,36081,92547,1382
2021-05-05,Queens,New York,36081,92656,1383
2021-05-06,Queens,New York,36081,92816,1384
2021-05-07,Queens,New York,36081,92864,1384
2021-05-08,Queens,New York,36081,93070,1388
2021-05-09,Queens,New York,36081,93193,1389
2021-05-10,Queens,New York,36081,93285,1391
2021-05-11,Queens,New York,36081,93520,1396
2021-05-12,Queens,New York,36081,93654,1398
2021-05-13,Queens,New York,36081,93894,1402
2021-05-14,Queens,New York,36081,94093,1403
2021-05-15,Queens,New York,36081,94249,1405
2021-05-16,Queens,New York,36081,94365,1406
2021-05-17,Queens,New York,36081,94412,1407
2021-05-18,Queens,New York,36081,94549,1410
2021-05-19,Queens,New York,36081,94783,1412
2021-05-20,Queens,New York,36081,94923,1414
2021-05-21,Queens,New York,36081,95034,1416
2021-05-22,Queens,New York,36081,95113,1417
2021-05-23,Queens,New York,36081,95365,1418
2021-05-24,Queens,New York,36081,95454,1420
2021-05-25,Queens,New York,36081,95513,1421
2021-05-26,Queens,New York,36081,95564,1421
2021-05-27,Queens,New York,36081,95653,1421
2021-05-28,Queens,New York,36081,95797,1424
2021-05-29,Queens,New York,36081,95985,1425
2021-05-30,Queens,New York,36081,96142,1426
2021-05-31,Queens,New York,36081,96282,1427
2021-06-01,Queens,New York,36081,96426,1427
2021-06-02,Queens,New York,36081,96500,1427
2021-06-03,Queens,New York,36081,96561,1427
2021-06-04,Queens,New York,36081,96679,1428
2021-06-05,Queens,New York,36081,96783,1430
2021-06-06,Queens,New York,36081,97046,1436
2021-06-07,Queens,New York,36081,97173,1436
2021-06-08,Queens,New York,36081,97401,1441
2021-06-09,Queens,New York,36081,97668,1445
2021-06-10,Queens,New York,36081,97725,1446
2021-06-11,Queens,New York,36081,97797,1448
2021-06-12,Queens,New York,36081,97860,1449
2021-06-13,Queens,New York,36081,98023,1452
2021-06-14,Queens,New York,36081,98157,1455
2021-06-15,Queens,New York,36081,98413,1461
2021-06-16,Queens,New York,36081,98549,1462
2021-06-17,Queens,New York,36081,98668,1465
2021-06-18,Queens,New York,36081,98837,1466
2021-06-19,Queens,New York,36081,98954,1468
2021-06-20,Queens,New York,36081,99058,1470
2021-06-21,Queens,New York,36081,99206,1472
2021-06-22,Queens,New York,36081,99252,1473
2021-06-23,Queens,New York,36081,99308,1473
2021-06-24,Queens,New York,36081,99407,1475
2021-06-25,Queens,New York,36081,99559,1477
2021-06-26,Queens,New York,36081,99768,1480
2021-06-27,Queens,New York,36081,99868,1480
2021-06-28,Queens,New York,36081,100057,1483
2021-06-29,Queens,New York,36081,100139,1484
2021-06-30,Queens,New York,36081,100281,1485
2020-03-01,Cuyahoga,Ohio,39035,2,0
2020-03-02,Cuyahoga,Ohio,39035,10,0
2020-03-03,Cuyahoga,Ohio,39035,15,0
2020-03-04,Cuyahoga,Ohio,39035,16,0
2020-03-05,Cuyahoga,Ohio,39035,26,0
2020-03-06,Cuyahoga,Ohio,39035,26,0
2020-03-07,Cuyahoga,Ohio,39035,37,0
2020-03-08,Cuyahoga,Ohio,39035,46,0
2020-03-09,Cuyahoga,Ohio,39035,57,0
2020-03-10,Cuyahoga,Ohio,39035,62,0
2020-03-11,Cuyahoga,Ohio,39035,69,0
2020-03-12,Cuyahoga,Ohio,39035,71,0
2020-03-13,Cuyahoga,Ohio,39035,73,0
2020-03-14,Cuyahoga,Ohio,39035,74,0
2020-03-15,Cuyahoga,Ohio,39035,84,0
2020-03-16,Cuyahoga,Ohio,39035,84,0
2020-03-17,Cuyahoga,Ohio,39035,86,0
2020-03-18,Cuyahoga,Ohio,39035,89,0
2020-03-19,Cuyahoga,Ohio,39035,89,0
2020-03-20,Cuyahoga,Ohio,39035,91,0
2020-03-21,Cuyahoga,Ohio,39035,97,0
2020-03-22,Cuyahoga,Ohio,39035,99,0
2020-03-23,Cuyahoga,Ohio,39035,107,0
2020-03-24,Cuyahoga,Ohio,39035,113,0
2020-03-25,Cuyahoga,Ohio,39035,113,0
2020-03-26,Cuyahoga,Ohio,39035,117,0
2020-03-27,Cuyahoga,Ohio,39035,118,0
2020-03-28,Cuyahoga,Ohio,39035,126,0
2020-03-29,Cuyahoga,Ohio,39035,130,0
2020-03-30,Cuyahoga,Ohio,39035,135,0
2020-03-31,Cuyahoga,Ohio,39035,224,1
2020-04-01,Cuyahoga,Ohio,39035,258,1
2020-04-02,Cuyahoga,Ohio,39035,284,1
2020-04-03,Cuyahoga,Ohio,39035,388,3
2020-04-04,Cuyahoga,Ohio,39035,509,4
2020-04-05,Cuyahoga,Ohio,39035,538,4
2020-04-06,Cuyahoga,Ohio,39035,598,5
2020-04-07,Cuyahoga,Ohio,39035,696,7
2020-04-08,Cuyahoga,Ohio,39035,763,8
2020-04-09,Cuyahoga,Ohio,39035,799,9
2020-04-10,Cuyahoga,Ohio,39035,857,10
2020-04-11,Cuyahoga,Ohio,39035,947,10
2020-04-12,Cuyahoga,Ohio,39035,1003,11
2020-04-13,Cuyahoga,Ohio,39035,1096,11
2020-04-14,Cuyahoga,Ohio,39035,1197,11
2020-04-15,Cuyahoga,Ohio,39035,1271,11
2020-04-16,Cuyahoga,Ohio,39035,1325,11
2020-04-17,Cuyahoga,Ohio,39035,1405,11
2020-04-18,Cuyahoga,Ohio,39035,1473,11
2020-04-19,Cuyahoga,Ohio,39035,1555,11
2020-04-20,Cuyahoga,Ohio,39035,1658,13
2020-04-21,Cuyahoga,Ohio,39035,1758,14
2020-04-22,Cuyahoga,Ohio,39035,1776,14
2020-04-23,Cuyahoga,Ohio,39035,1818,14
2020-04-24,Cuyahoga,Ohio,39035,1926,15
2020-04-25,Cuyahoga,Ohio,39035,2022,16
2020-04-26,Cuyahoga,Ohio,39035,2081,16
2020-04-27,Cuyahoga,Ohio,39035,2134,17
2020-04-28,Cuyahoga,Ohio,39035,2239,18
2020-04-29,Cuyahoga,Ohio,39035,2269,18
2020-04-30,Cuyahoga,Ohio,39035,2308,18
2020-05-01,Cuyahoga,Ohio,39035,2409,20
2020-05-02,Cuyahoga,Ohio,39035,2461,21
2020-05-03,Cuyahoga,Ohio,39035,2563,22
2020-05-04,Cuyahoga,Ohio,39035,2681,23
2020-05-05,Cuyahoga,Ohio,39035,2739,23
2020-05-06,Cuyahoga,Ohio,39035,2815,23
2020-05-07,Cuyahoga,Ohio,39035,2893,24
2020-05-08,Cuyahoga,Ohio,39035,2928,24
2020-05-09,Cuyahoga,Ohio,39035,2964,24
2020-05-10,Cuyahoga,Ohio,39035,3061,26
2020-05-11,Cuyahoga,Ohio,39035,3156,28
2020-05-12,Cuyahoga,Ohio,39035,3247,30
2020-05-13,Cuyahoga,Ohio,39035,3325,30
2020-05-14,Cuyahoga,Ohio,39035,3403,31
2020-05-15,Cuyahoga,Ohio,39035,3462,32
2020-05-16,Cuyahoga,Ohio,39035,3543,33
2020-05-17,Cuyahoga,Ohio,39035,3590,34
2020-05-18,Cuyahoga,Ohio,39035,3668,35
2020-05-19,Cuyahoga,Ohio,39035,3703,35
2020-05-20,Cuyahoga,Ohio,39035,3801,36
2020-05-21,Cuyahoga,Ohio,39035,3837,36
2020-05-22,Cuyahoga,Ohio,39035,3874,36
2020-05-23,Cuyahoga,Ohio,39035,3985,36
2020-05-24,Cuyahoga,Ohio,39035,4008,36
2020-05-25,Cuyahoga,Ohio,39035,4085,38
2020-05-26,Cuyahoga,Ohio,39035,4156,39
2020-05-27,Cuyahoga,Ohio,39035,4241,41
2020-05-28,Cuyahoga,Ohio,39035,4289,41
2020-05-29,Cuyahoga,Ohio,39035,4405,42
2020-05-30,Cuyahoga,Ohio,39035,4419,42
2020-05-31,Cuyahoga,Ohio,39035,4451,42
2020-06-01,Cuyahoga,Ohio,39035,4545,44
2020-06-02,Cuyahoga,Ohio,39035,4654,44
2020-06-03,Cuyahoga,Ohio,39035,4687,44
2020-06-04,Cuyahoga,Ohio,39035,4758,45
2020-06-05,Cuyahoga,Ohio,39035,4874,46
2020-06-06,Cuyahoga,Ohio,39035,4978,48
2020-06-07,Cuyahoga,Ohio,39035,5008,48
2020-06-08,Cuyahoga,Ohio,39035,5071,49
2020-06-09,Cuyahoga,Ohio,39035,5138,50
2020-06-10,Cuyahoga,Ohio,39035,5236,51
2020-06-11,Cuyahoga,Ohio,39035,5349,51
2020-06-12,Cuyahoga,Ohio,39035,5411,52
2020-06-13,Cuyahoga,Ohio,39035,5495,52
2020-06-14,Cuyahoga,Ohio,39035,5580,54
2020-06-15,Cuyahoga,Ohio,39035,5624,54
2020-06-16,Cuyahoga,Ohio,39035,5641,54
2020-06-17,Cuyahoga,Ohio,39035,5763,55
2020-06-18,Cuyahoga,Ohio,39035,5855,56
2020-06-19,Cuyahoga,Ohio,39035,5908,56
2020-06-20,Cuyahoga,Ohio,39035,6003,57
2020-06-21,Cuyahoga,Ohio,39035,6074,58
2020-06-22,Cuyahoga,Ohio,39035,6116,58
2020-06-23,Cuyahoga,Ohio,39035,6203,59
2020-06-24,Cuyahoga,Ohio,39035,6291,60
2020-06-25,Cuyahoga,Ohio,39035,6366,61
2020-06-26,Cuyahoga,Ohio,39035,6399,61
2020-06-27,Cuyahoga,Ohio,39035,6438,61
2020-06-28,Cuyahoga,Ohio,39035,6519,63
2020-06-29,Cuyahoga,Ohio,39035,6570,63
2020-06-30,Cuyahoga,Ohio,39035,6615,64
2020-07-01,Cuyahoga,Ohio,39035,6649,64
2020-07-02,Cuyahoga,Ohio,39035,6745,65
2020-07-03,Cuyahoga,Ohio,39035,6792,65
2020-07-04,Cuyahoga,Ohio,39035,6872,67
2020-07-05,Cuyahoga,Ohio,39035,7023,70
2020-07-06,Cuyahoga,Ohio,39035,7117,71
2020-07-07,Cuyahoga,Ohio,39035,7228,74
2020-07-08,Cuyahoga,Ohio,39035,7416,76
2020-07-09,Cuyahoga,Ohio,39035,7570,78
2020-07-10,Cuyahoga,Ohio,39035,7680,78
2020-07-11,Cuyahoga,Ohio,39035,7871,80
2020-07-12,Cuyahoga,Ohio,39035,7970,80
2020-07-13,Cuyahoga,Ohio,39035,8003,80
2020-07-14,Cuyahoga,Ohio,39035,8086,82
2020-07-15,Cuyahoga,Ohio,39035,8182,83
2020-07-16,Cuyahoga,Ohio,39035,8229,84
2020-07-17,Cuyahoga,Ohio,39035,8315,85
2020-07-18,Cuyahoga,Ohio,39035,8400,86
2020-07-19,Cuyahoga,Ohio,39035,8451,87
2020-07-20,Cuyahoga,Ohio,39035,8624,88
2020-07-21,Cuyahoga,Ohio,39035,8781,91
2020-07-22,Cuyahoga,Ohio,39035,8887,92
2020-07-23,Cuyahoga,Ohio,39035,8936,93
2020-07-24,Cuyahoga,Ohio,39035,8995,94
2020-07-25,Cuyahoga,Ohio,39035,9177,99
2020-07-26,Cuyahoga,Ohio,39035,9204,99
2020-07-27,Cuyahoga,Ohio,39035,9373,103
2020-07-28,Cuyahoga,Ohio,39035,9547,107
2020-07-29,Cuyahoga,Ohio,39035,9649,109
2020-07-30,Cuyahoga,Ohio,39035,9744,109
2020-07-31,Cuyahoga,Ohio,39035,9876,112
2020-08-01,Cuyahoga,Ohio,39035,9947,113
2020-08-02,Cuyahoga,Ohio,39035,10060,114
2020-08-03,Cuyahoga,Ohio,39035,10114,115
2020-08-04,Cuyahoga,Ohio,39035,10196,115
2020-08-05,Cuyahoga,Ohio,39035,10326,117
2020-08-06,Cuyahoga,Ohio,39035,10355,117
2020-08-07,Cuyahoga,Ohio,39035,10530,121
2020-08-08,Cuyahoga,Ohio,39035,10591,122
2020-08-09,Cuyahoga,Ohio,39035,10617,122
2020-08-10,Cuyahoga,Ohio,39035,10752,125
2020-08-11,Cuyahoga,Ohio,39035,10858,126
2020-08-12,Cuyahoga,Ohio,39035,11028,130
2020-08-13,Cuyahoga,Ohio,39035,11152,132
2020-08-14,Cuyahoga,Ohio,39035,11322,134
2020-08-15,Cuyahoga,Ohio,39035,11373,134
2020-08-16,Cuyahoga,Ohio,39035,11433,134
2020-08-17,Cuyahoga,Ohio,39035,11504,134
2020-08-18,Cuyahoga,Ohio,39035,11583,134
2020-08-19,Cuyahoga,Ohio,39035,11643,135
2020-08-20,Cuyahoga,Ohio,39035,11732,136
2020-08-21,Cuyahoga,Ohio,39035,11808,137
2020-08-22,Cuyahoga,Ohio,39035,12002,140
2020-08-23,Cuyahoga,Ohio,39035,12112,142
2020-08-24,Cuyahoga,Ohio,39035,12175,142
2020-08-25,Cuyahoga,Ohio,39035,12202,142
2020-08-26,Cuyahoga,Ohio,39035,12369,146
2020-08-27,Cuyahoga,Ohio,39035,12401,146
2020-08-28,Cuyahoga,Ohio,39035,12500,146
2020-08-29,Cuyahoga,Ohio,39035,12631,147
2020-08-30,Cuyahoga,Ohio,39035,12768,150
2020-08-31,Cuyahoga,Ohio,39035,12800,150
2020-09-01,Cuyahoga,Ohio,39035,12840,151
2020-09-02,Cuyahoga,Ohio,39035,12968,154
2020-09-03,Cuyahoga,Ohio,39035,13050,154
2020-09-04,Cuyahoga,Ohio,39035,13220,154
2020-09-05,Cuyahoga,Ohio,39035,13277,154
2020-09-06,Cuyahoga,Ohio,39035,13308,154
2020-09-07,Cuyahoga,Ohio,39035,13461,157
2020-09-08,Cuyahoga,Ohio,39035,13567,158
2020-09-09,Cuyahoga,Ohio,39035,13671,160
2020-09-10,Cuyahoga,Ohio,39035,13860,161
2020-09-11,Cuyahoga,Ohio,39035,13938,162
2020-09-12,Cuyahoga,Ohio,39035,14036,163
2020-09-13,Cuyahoga,Ohio,39035,14217,166
2020-09-14,Cuyahoga,Ohio,39035,14269,166
2020-09-15,Cuyahoga,Ohio,39035,14383,168
2020-09-16,Cuyahoga,Ohio,39035,14552,170
2020-09-17,Cuyahoga,Ohio,39035,14687,173
2020-09-18,Cuyahoga,Ohio,39035,14832,176
2020-09-19,Cuyahoga,Ohio,39035,14904,177
2020-09-20,Cuyahoga,Ohio,39035,14956,178
2020-09-21,Cuyahoga,Ohio,39035,15018,179
2020-09-22,Cuyahoga,Ohio,39035,15116,181
2020-09-23,Cuyahoga,Ohio,39035,15203,182
2020-09-24,Cuyahoga,Ohio,39035,15351,185
2020-09-25,Cuyahoga,Ohio,39035,15404,185
2020-09-26,Cuyahoga,Ohio,39035,15511,188
2020-09-27,Cuyahoga,Ohio,39035,15571,189
2020-09-28,Cuyahoga,Ohio,39035,15672,191
2020-09-29,Cuyahoga,Ohio,39035,15763,191
2020-09-30,Cuyahoga,Ohio,39035,15889,193
2020-10-01,Cuyahoga,Ohio,39035,16024,195
2020-10-02,Cuyahoga,Ohio,39035,16112,197
2020-10-03,Cuyahoga,Ohio,39035,16228,200
2020-10-04,Cuyahoga,Ohio,39035,16384,202
2020-10-05,Cuyahoga,Ohio,39035,16495,203
2020-10-06,Cuyahoga,Ohio,39035,16545,203
2020-10-07,Cuyahoga,Ohio,39035,16632,204
2020-10-08,Cuyahoga,Ohio,39035,16710,205
2020-10-09,Cuyahoga,Ohio,39035,16837,205
2020-10-10,Cuyahoga,Ohio,39035,16934,205
2020-10-11,Cuyahoga,Ohio,39035,16981,206
2020-10-12,Cuyahoga,Ohio,39035,17043,207
2020-10-13,Cuyahoga,Ohio,39035,17145,208
2020-10-14,Cuyahoga,Ohio,39035,17269,211
2020-10-15,Cuyahoga,Ohio,39035,17446,212
2020-10-16,Cuyahoga,Ohio,39035,17588,214
2020-10-17,Cuyahoga,Ohio,39035,17618,214
2020-10-18,Cuyahoga,Ohio,39035,17774,216
2020-10-19,Cuyahoga,Ohio,39035,17941,220
2020-10-20,Cuyahoga,Ohio,39035,18089,223
2020-10-21,Cuyahoga,Ohio,39035,18191,225
2020-10-22,Cuyahoga,Ohio,39035,18311,228
2020-10-23,Cuyahoga,Ohio,39035,18505,231
2020-10-24,Cuyahoga,Ohio,39035,18651,231
2020-10-25,Cuyahoga,Ohio,39035,18812,233
2020-10-26,Cuyahoga,Ohio,39035,18890,233
2020-10-27,Cuyahoga,Ohio,39035,19005,236
2020-10-28,Cuyahoga,Ohio,39035,19181,239
2020-10-29,Cuyahoga,Ohio,39035,19313,239
2020-10-30,Cuyahoga,Ohio,39035,19415,240
2020-10-31,Cuyahoga,Ohio,39035,19528,241
2020-11-01,Cuyahoga,Ohio,39035,19563,241
2020-11-02,Cuyahoga,Ohio,39035,19597,241
2020-11-03,Cuyahoga,Ohio,39035,19685,243
2020-11-04,Cuyahoga,Ohio,39035,19841,246
2020-11-05,Cuyahoga,Ohio,39035,19894,247
2020-11-06,Cuyahoga,Ohio,39035,20030,248
2020-11-07,Cuyahoga,Ohio,39035,20255,251
2020-11-08,Cuyahoga,Ohio,39035,20484,257
2020-11-09,Cuyahoga,Ohio,39035,20842,264
2020-11-10,Cuyahoga,Ohio,39035,21034,265
2020-11-11,Cuyahoga,Ohio,39035,21284,270
2020-11-12,Cuyahoga,Ohio,39035,21411,273
2020-11-13,Cuyahoga,Ohio,39035,21718,279
2020-11-14,Cuyahoga,Ohio,39035,21979,282
2020-11-15,Cuyahoga,Ohio,39035,22079,284
2020-11-16,Cuyahoga,Ohio,39035,22315,286
2020-11-17,Cuyahoga,Ohio,39035,22557,291
2020-11-18,Cuyahoga,Ohio,39035,22786,294
2020-11-19,Cuyahoga,Ohio,39035,23054,300
2020-11-20,Cuyahoga,Ohio,39035,23279,301
2020-11-21,Cuyahoga,Ohio,39035,23592,307
2020-11-22,Cuyahoga,Ohio,39035,23810,313
2020-11-23,Cuyahoga,Ohio,39035,23999,317
2020-11-24,Cuyahoga,Ohio,39035,24359,319
2020-11-25,Cuyahoga,Ohio,39035,24468,320
2020-11-26,Cuyahoga,Ohio,39035,24581,321
2020-11-27,Cuyahoga,Ohio,39035,24698,323
2020-11-28,Cuyahoga,Ohio,39035,24887,326
2020-11-29,Cuyahoga,Ohio,39035,25029,327
2020-11-30,Cuyahoga,Ohio,39035,25312,333
2020-12-01,Cuyahoga,Ohio,39035,25637,339
2020-12-02,Cuyahoga,Ohio,39035,25891,343
2020-12-03,Cuyahoga,Ohio,39035,25978,344
2020-12-04,Cuyahoga,Ohio,39035,26065,345
2020-12-05,Cuyahoga,Ohio,39035,26275,349
2020-12-06,Cuyahoga,Ohio,39035,26604,357
2020-12-07,Cuyahoga,Ohio,39035,26934,366
2020-12-08,Cuyahoga,Ohio,39035,27064,367
2020-12-09,Cuyahoga,Ohio,39035,27270,372
2020-12-10,Cuyahoga,Ohio,39035,27475,376
2020-12-11,Cuyahoga,Ohio,39035,27776,383
2020-12-12,Cuyahoga,Ohio,39035,28045,390
2020-12-13,Cuyahoga,Ohio,39035,28148,391
2020-12-14,Cuyahoga,Ohio,39035,28409,396
2020-12-15,Cuyahoga,Ohio,39035,28710,400
2020-12-16,Cuyahoga,Ohio,39035,29052,404
2020-12-17,Cuyahoga,Ohio,39035,29316,408
2020-12-18,Cuyahoga,Ohio,39035,29573,413
2020-12-19,Cuyahoga,Ohio,39035,29866,418
2020-12-20,Cuyahoga,Ohio,39035,30150,421
2020-12-21,Cuyahoga,Ohio,39035,30237,422
2020-12-22,Cuyahoga,Ohio,39035,30462,424
2020-12-23,Cuyahoga,Ohio,39035,30824,428
2020-12-24,Cuyahoga,Ohio,39035,30989,430
2020-12-25,Cuyahoga,Ohio,39035,31078,432
2020-12-26,Cuyahoga,Ohio,39035,31182,432
2020-12-27,Cuyahoga,Ohio,39035,31323,434
2020-12-28,Cuyahoga,Ohio,39035,31492,435
2020-12-29,Cuyahoga,Ohio,39035,31684,440
2020-12-30,Cuyahoga,Ohio,39035,31791,442
2020-12-31,Cuyahoga,Ohio,39035,31981,447
2021-01-01,Cuyahoga,Ohio,39035,32213,448
2021-01-02,Cuyahoga,Ohio,39035,32298,449
2021-01-03,Cuyahoga,Ohio,39035,32632,454
2021-01-04,Cuyahoga,Ohio,39035,32838,455
2021-01-05,Cuyahoga,Ohio,39035,33173,458
2021-01-06,Cuyahoga,Ohio,39035,33535,467
2021-01-07,Cuyahoga,Ohio,39035,33795,470
2021-01-08,Cuyahoga,Ohio,39035,34020,472
2021-01-09,Cuyahoga,Ohio,39035,34383,479
2021-01-10,Cuyahoga,Ohio,39035,34544,483
2021-01-11,Cuyahoga,Ohio,39035,34911,492
2021-01-12,Cuyahoga,Ohio,39035,35110,497
2021-01-13,Cuyahoga,Ohio,39035,35466,506
2021-01-14,Cuyahoga,Ohio,39035,35559,506
2021-01-15,Cuyahoga,Ohio,39035,35673,507
2021-01-16,Cuyahoga,Ohio,39035,35811,509
2021-01-17,Cuyahoga,Ohio,39035,36081,516
2021-01-18,Cuyahoga,Ohio,39035,36260,521
2021-01-19,Cuyahoga,Ohio,39035,36442,525
2021-01-20,Cuyahoga,Ohio,39035,36563,528
2021-01-21,Cuyahoga,Ohio,39035,36835,533
2021-01-22,Cuyahoga,Ohio,39035,36978,535
2021-01-23,Cuyahoga,Ohio,39035,37337,543
2021-01-24,Cuyahoga,Ohio,39035,37472,543
2021-01-25,Cuyahoga,Ohio,39035,37713,544
2021-01-26,Cuyahoga,Ohio,39035,37952,550
2021-01-27,Cuyahoga,Ohio,39035,38222,555
2021-01-28,Cuyahoga,Ohio,39035,38591,558
2021-01-29,Cuyahoga,Ohio,39035,38716,558
2021-01-30,Cuyahoga,Ohio,39035,39043,565
2021-01-31,Cuyahoga,Ohio,39035,39137,566
2021-02-01,Cuyahoga,Ohio,39035,39430,571
2021-02-02,Cuyahoga,Ohio,39035,39676,577
2021-02-03,Cuyahoga,Ohio,39035,39757,578
2021-02-04,Cuyahoga,Ohio,39035,39892,579
2021-02-05,Cuyahoga,Ohio,39035,40080,582
2021-02-06,Cuyahoga,Ohio,39035,40229,583
2021-02-07,Cuyahoga,Ohio,39035,40339,585
2021-02-08,Cuyahoga,Ohio,39035,40582,589
2021-02-09,Cuyahoga,Ohio,39035,40848,596
2021-02-10,Cuyahoga,Ohio,39035,41066,601
2021-02-11,Cuyahoga,Ohio,39035,41413,608
2021-02-12,Cuyahoga,Ohio,39035,41612,611
2021-02-13,Cuyahoga,Ohio,39035,41785,615
2021-02-14,Cuyahoga,Ohio,39035,41920,615
2021-02-15,Cuyahoga,Ohio,39035,42026,616
2021-02-16,Cuyahoga,Ohio,39035,42118,617
2021-02-17,Cuyahoga,Ohio,39035,42259,620
2021-02-18,Cuyahoga,Ohio,39035,42295,620
2021-02-19,Cuyahoga,Ohio,39035,42356,620
2021-02-20,Cuyahoga,Ohio,39035,42439,621
2021-02-21,Cuyahoga,Ohio,39035,42470,621
2021-02-22,Cuyahoga,Ohio,39035,42595,622
2021-02-23,Cuyahoga,Ohio,39035,42679,623
2021-02-24,Cuyahoga,Ohio,39035,42706,623
2021-02-25,Cuyahoga,Ohio,39035,42803,625
2021-02-26,Cuyahoga,Ohio,39035,42843,625
2021-02-27,Cuyahoga,Ohio,39035,42949,628
2021-02-28,Cuyahoga,Ohio,39035,43093,631
2021-03-01,Cuyahoga,Ohio,39035,43121,631
2021-03-02,Cuyahoga,Ohio,39035,43264,633
2021-03-03,Cuyahoga,Ohio,39035,43408,636
2021-03-04,Cuyahoga,Ohio,39035,43503,638
2021-03-05,Cuyahoga,Ohio,39035,43575,639
2021-03-06,Cuyahoga,Ohio,39035,43614,640
2021-03-07,Cuyahoga,Ohio,39035,43690,641
2021-03-08,Cuyahoga,Ohio,39035,43729,641
2021-03-09,Cuyahoga,Ohio,39035,43875,643
2021-03-10,Cuyahoga,Ohio,39035,44017,643
2021-03-11,Cuyahoga,Ohio,39035,44164,646
2021-03-12,Cuyahoga,Ohio,39035,44301,647
2021-03-13,Cuyahoga,Ohio,39035,44425,650
2021-03-14,Cuyahoga,Ohio,39035,44466,651
2021-03-15,Cuyahoga,Ohio,39035,44506,651
2021-03-16,Cuyahoga,Ohio,39035,44651,652
2021-03-17,Cuyahoga,Ohio,39035,44748,652
2021-03-18,Cuyahoga,Ohio,39035,44883,653
2021-03-19,Cuyahoga,Ohio,39035,44961,654
2021-03-20,Cuyahoga,Ohio,39035,45012,654
2021-03-21,Cuyahoga,Ohio,39035,45080,655
2021-03-22,Cuyahoga,Ohio,39035,45116,655
2021-03-23,Cuyahoga,Ohio,39035,45216,656
2021-03-24,Cuyahoga,Ohio,39035,45319,657
2021-03-25,Cuyahoga,Ohio,39035,45393,657
2021-03-26,Cuyahoga,Ohio,39035,45421,657
2021-03-27,Cuyahoga,Ohio,39035,45475,658
2021-03-28,Cuyahoga,Ohio,39035,45507,658
2021-03-29,Cuyahoga,Ohio,39035,45580,659
2021-03-30,Cuyahoga,Ohio,39035,45713,660
2021-03-31,Cuyahoga,Ohio,39035,45837,663
2021-04-01,Cuyahoga,Ohio,39035,45875,663
2021-04-02,Cuyahoga,Ohio,39035,45960,663
2021-04-03,Cuyahoga,Ohio,39035,46011,663
2021-04-04,Cuyahoga,Ohio,39035,46132,664
2021-04-05,Cuyahoga,Ohio,39035,46268,665
2021-04-06,Cuyahoga,Ohio,39035,46368,666
2021-04-07,Cuyahoga,Ohio,39035,46464,666
2021-04-08,Cuyahoga,Ohio,39035,46511,667
2021-04-09,Cuyahoga,Ohio,39035,46582,668
2021-04-10,Cuyahoga,Ohio,39035,46706,669
2021-04-11,Cuyahoga,Ohio,39035,46736,669
2021-04-12,Cuyahoga,Ohio,39035,46866,672
2021-04-13,Cuyahoga,Ohio,39035,46991,673
2021-04-14,Cuyahoga,Ohio,39035,47135,676
2021-04-15,Cuyahoga,Ohio,39035,47201,676
2021-04-16,Cuyahoga,Ohio,39035,47314,677
2021-04-17,Cuyahoga,Ohio,39035,47454,681
2021-04-18,Cuyahoga,Ohio,39035,47574,684
2021-04-19,Cuyahoga,Ohio,39035,47630,685
2021-04-20,Cuyahoga,Ohio,39035,47714,685
2021-04-21,Cuyahoga,Ohio,39035,47851,686
2021-04-22,Cuyahoga,Ohio,39035,47875,686
2021-04-23,Cuyahoga,Ohio,39035,47929,686
2021-04-24,Cuyahoga,Ohio,39035,47984,686
2021-04-25,Cuyahoga,Ohio,39035,48055,687
2021-04-26,Cuyahoga,Ohio,39035,48090,687
2021-04-27,Cuyahoga,Ohio,39035,48150,688
2021-04-28,Cuyahoga,Ohio,39035,48193,688
2021-04-29,Cuyahoga,Ohio,39035,48249,689
2021-04-30,Cuyahoga,Ohio,39035,48330,690
2021-05-01,Cuyahoga,Ohio,39035,48427,691
2021-05-02,Cuyahoga,Ohio,39035,48459,691
2021-05-03,Cuyahoga,Ohio,39035,48484,691
2021-05-04,Cuyahoga,Ohio,39035,48548,691
2021-05-05,Cuyahoga,Ohio,39035,48633,692
2021-05-06,Cuyahoga,Ohio,39035,48669,692
2021-05-07,Cuyahoga,Ohio,39035,48779,694
2021-05-08,Cuyahoga,Ohio,39035,48865,694
2021-05-09,Cuyahoga,Ohio,39035,48979,696
2021-05-10,Cuyahoga,Ohio,39035,49122,697
2021-05-11,Cuyahoga,Ohio,39035,49172,697
2021-05-12,Cuyahoga,Ohio,39035,49208,697
2021-05-13,Cuyahoga,Ohio,39035,49260,697
2021-05-14,Cuyahoga,Ohio,39035,49335,698
2021-05-15,Cuyahoga,Ohio,39035,49476,698
2021-05-16,Cuyahoga,Ohio,39035,49599,698
2021-05-17,Cuyahoga,Ohio,39035,49680,698
2021-05-18,Cuyahoga,Ohio,39035,49787,700
2021-05-19,Cuyahoga,Ohio,39035,49851,700
2021-05-20,Cuyahoga,Ohio,39035,49916,701
2021-05-21,Cuyahoga,Ohio,39035,49947,701
2021-05-22,Cuyahoga,Ohio,39035,50052,701
2021-05-23,Cuyahoga,Ohio,39035,50183,704
2021-05-24,Cuyahoga,Ohio,39035,50288,705
2021-05-25,Cuyahoga,Ohio,39035,50412,705
2021-05-26,Cuyahoga,Ohio,39035,50553,706
2021-05-27,Cuyahoga,Ohio,39035,50669,706
2021-05-28,Cuyahoga,Ohio,39035,50697,706
2021-05-29,Cuyahoga,Ohio,39035,50728,706
2021-05-30,Cuyahoga,Ohio,39035,50806,707
2021-05-31,Cuyahoga,Ohio,39035,50910,709
2021-06-01,Cuyahoga,Ohio,39035,51047,709
2021-06-02,Cuyahoga,Ohio,39035,51112,710
2021-06-03,Cuyahoga,Ohio,39035,51157,711
2021-06-04,Cuyahoga,Ohio,39035,51193,711
2021-06-05,Cuyahoga,Ohio,39035,51221,711
2021-06-06,Cuyahoga,Ohio,39035,51250,711
2021-06-07,Cuyahoga,Ohio,39035,51306,712
2021-06-08,Cuyahoga,Ohio,39035,51400,712
2021-06-09,Cuyahoga,Ohio,39035,51546,714
2021-06-10,Cuyahoga,Ohio,39035,51680,715
2021-06-11,Cuyahoga,Ohio,39035,51796,715
2021-06-12,Cuyahoga,Ohio,39035,51837,715
2021-06-13,Cuyahoga,Ohio,39035,51866,715
2021-06-14,Cuyahoga,Ohio,39035,51919,716
2021-06-15,Cuyahoga,Ohio,39035,51959,716
2021-06-16,Cuyahoga,Ohio,39035,51989,716
2021-06-17,Cuyahoga,Ohio,39035,52094,716
2021-06-18,Cuyahoga,Ohio,39035,52200,718
2021-06-19,Cuyahoga,Ohio,39035,52230,718
2021-06-20,Cuyahoga,Ohio,39035,52348,719
2021-06-21,Cuyahoga,Ohio,39035,52410,719
2021-06-22,Cuyahoga,Ohio,39035,52447,719
2021-06-23,Cuyahoga,Ohio,39035,52493,719
2021-06-24,Cuyahoga,Ohio,39035,52564,721
2021-06-25,Cuyahoga,Ohio,39035,52687,722
2021-06-26,Cuyahoga,Ohio,39035,52802,723
2021-06-27,Cuyahoga,Ohio,39035,52929,724
2021-06-28,Cuyahoga,Ohio,39035,52988,724
2021-06-29,Cuyahoga,Ohio,39035,53050,725
2021-06-30,Cuyahoga,Ohio,39035,53111,726
2020-03-01,Philadelphia,Pennsylvania,42101,9,0
2020-03-02,Philadelphia,Pennsylvania,42101,9,0
2020-03-03,Philadelphia,Pennsylvania,42101,17,0
2020-03-04,Philadelphia,Pennsylvania,42101,21,0
2020-03-05,Philadelphia,Pennsylvania,42101,32,0
2020-03-06,Philadelphia,Pennsylvania,42101,37,0
2020-03-07,Philadelphia,Pennsylvania,42101,44,0
2020-03-08,Philadelphia,Pennsylvania,42101,53,0
2020-03-09,Philadelphia,Pennsylvania,42101,56,0
2020-03-10,Philadelphia,Pennsylvania,42101,64,0
2020-03-11,Philadelphia,Pennsylvania,42101,66,0
2020-03-12,Philadelphia,Pennsylvania,42101,69,0
2020-03-13,Philadelphia,Pennsylvania,42101,81,0
2020-03-14,Philadelphia,Pennsylvania,42101,83,0
2020-03-15,Philadelphia,Pennsylvania,42101,98,0
2020-03-16,Philadelphia,Pennsylvania,42101,103,0
2020-03-17,Philadelphia,Pennsylvania,42101,107,0
2020-03-18,Philadelphia,Pennsylvania,42101,113,0
2020-03-19,Philadelphia,Pennsylvania,42101,125,0
2020-03-20,Philadelphia,Pennsylvania,42101,133,0
2020-03-21,Philadelphia,Pennsylvania,42101,139,0
2020-03-22,Philadelphia,Pennsylvania,42101,143,0
2020-03-23,Philadelphia,Pennsylvania,42101,148,0
2020-03-24,Philadelphia,Pennsylvania,42101,161,0
2020-03-25,Philadelphia,Pennsylvania,42101,163,0
2020-03-26,Philadelphia,Pennsylvania,42101,175,0
2020-03-27,Philadelphia,Pennsylvania,42101,189,0
2020-03-28,Philadelphia,Pennsylvania,42101,200,0
2020-03-29,Philadelphia,Pennsylvania,42101,205,0
2020-03-30,Philadelphia,Pennsylvania,42101,216,0
2020-03-31,Philadelphia,Pennsylvania,42101,289,1
2020-04-01,Philadelphia,Pennsylvania,42101,430,3
2020-04-02,Philadelphia,Pennsylvania,42101,572,6
2020-04-03,Philadelphia,Pennsylvania,42101,609,6
2020-04-04,Philadelphia,Pennsylvania,42101,754,9
2020-04-05,Philadelphia,Pennsylvania,42101,825,10
2020-04-06,Philadelphia,Pennsylvania,42101,862,10
2020-04-07,Philadelphia,Pennsylvania,42101,945,10
2020-04-08,Philadelphia,Pennsylvania,42101,1026,11
2020-04-09,Philadelphia,Pennsylvania,42101,1174,15
2020-04-10,Philadelphia,Pennsylvania,42101,1296,17
2020-04-11,Philadelphia,Pennsylvania,42101,1343,17
2020-04-12,Philadelphia,Pennsylvania,42101,1492,18
2020-04-13,Philadelphia,Pennsylvania,42101,1586,19
2020-04-14,Philadelphia,Pennsylvania,42101,1663,20
2020-04-15,Philadelphia,Pennsylvania,42101,1682,20
2020-04-16,Philadelphia,Pennsylvania,42101,1753,21
2020-04-17,Philadelphia,Pennsylvania,42101,1811,21
2020-04-18,Philadelphia,Pennsylvania,42101,1917,23
2020-04-19,Philadelphia,Pennsylvania,42101,2040,25
2020-04-20,Philadelphia,Pennsylvania,42101,2168,25
2020-04-21,Philadelphia,Pennsylvania,42101,2197,25
2020-04-22,Philadelphia,Pennsylvania,42101,2308,26
2020-04-23,Philadelphia,Pennsylvania,42101,2338,26
2020-04-24,Philadelphia,Pennsylvania,42101,2427,26
2020-04-25,Philadelphia,Pennsylvania,42101,2508,26
2020-04-26,Philadelphia,Pennsylvania,42101,2527,26
2020-04-27,Philadelphia,Pennsylvania,42101,2610,27
2020-04-28,Philadelphia,Pennsylvania,42101,2693,27
2020-04-29,Philadelphia,Pennsylvania,42101,2827,27
2020-04-30,Philadelphia,Pennsylvania,42101,2856,27
2020-05-01,Philadelphia,Pennsylvania,42101,2932,28
2020-05-02,Philadelphia,Pennsylvania,42101,3026,30
2020-05-03,Philadelphia,Pennsylvania,42101,3121,30
2020-05-04,Philadelphia,Pennsylvania,42101,3241,32
2020-05-05,Philadelphia,Pennsylvania,42101,3273,32
2020-05-06,Philadelphia,Pennsylvania,42101,3428,34
2020-05-07,Philadelphia,Pennsylvania,42101,3471,35
2020-05-08,Philadelphia,Pennsylvania,42101,3598,37
2020-05-09,Philadelphia,Pennsylvania,42101,3640,37
2020-05-10,Philadelphia,Pennsylvania,42101,3775,40
2020-05-11,Philadelphia,Pennsylvania,42101,3932,43
2020-05-12,Philadelphia,Pennsylvania,42101,4003,44
2020-05-13,Philadelphia,Pennsylvania,42101,4067,44
2020-05-14,Philadelphia,Pennsylvania,42101,4213,45
2020-05-15,Philadelphia,Pennsylvania,42101,4244,45
2020-05-16,Philadelphia,Pennsylvania,42101,4392,48
2020-05-17,Philadelphia,Pennsylvania,42101,4491,50
2020-05-18,Philadelphia,Pennsylvania,42101,4508,50
2020-05-19,Philadelphia,Pennsylvania,42101,4605,51
2020-05-20,Philadelphia,Pennsylvania,42101,4715,54
2020-05-21,Philadelphia,Pennsylvania,42101,4746,54
2020-05-22,Philadelphia,Pennsylvania,42101,4861,55
2020-05-23,Philadelphia,Pennsylvania,42101,4918,55
2020-05-24,Philadelphia,Pennsylvania,42101,5022,56
2020-05-25,Philadelphia,Pennsylvania,42101,5133,57
2020-05-26,Philadelphia,Pennsylvania,42101,5275,58
2020-05-27,Philadelphia,Pennsylvania,42101,5337,59
2020-05-28,Philadelphia,Pennsylvania,42101,5357,59
2020-05-29,Philadelphia,Pennsylvania,42101,5388,59
2020-05-30,Philadelphia,Pennsylvania,42101,5514,59
2020-05-31,Philadelphia,Pennsylvania,42101,5587,60
2020-06-01,Philadelphia,Pennsylvania,42101,5683,61
2020-06-02,Philadelphia,Pennsylvania,42101,5782,63
2020-06-03,Philadelphia,Pennsylvania,42101,5809,63
2020-06-04,Philadelphia,Pennsylvania,42101,5863,63
2020-06-05,Philadelphia,Pennsylvania,42101,5946,64
2020-06-06,Philadelphia,Pennsylvania,42101,6080,66
2020-06-07,Philadelphia,Pennsylvania,42101,6125,66
2020-06-08,Philadelphia,Pennsylvania,42101,6216,66
2020-06-09,Philadelphia,Pennsylvania,42101,6238,66
2020-06-10,Philadelphia,Pennsylvania,42101,6367,67
2020-06-11,Philadelphia,Pennsylvania,42101,6486,70
2020-06-12,Philadelphia,Pennsylvania,42101,6625,72
2020-06-13,Philadelphia,Pennsylvania,42101,6671,72
2020-06-14,Philadelphia,Pennsylvania,42101,6722,72
2020-06-15,Philadelphia,Pennsylvania,42101,6752,72
2020-06-16,Philadelphia,Pennsylvania,42101,6808,73
2020-06-17,Philadelphia,Pennsylvania,42101,6907,75
2020-06-18,Philadelphia,Pennsylvania,42101,7032,75
2020-06-19,Philadelphia,Pennsylvania,42101,7092,76
2020-06-20,Philadelphia,Pennsylvania,42101,7130,77
2020-06-21,Philadelphia,Pennsylvania,42101,7167,77
2020-06-22,Philadelphia,Pennsylvania,42101,7308,80
2020-06-23,Philadelphia,Pennsylvania,42101,7455,82
2020-06-24,Philadelphia,Pennsylvania,42101,7548,82
2020-06-25,Philadelphia,Pennsylvania,42101,7701,86
2020-06-26,Philadelphia,Pennsylvania,42101,7802,87
2020-06-27,Philadelphia,Pennsylvania,42101,7838,88
2020-06-28,Philadelphia,Pennsylvania,42101,7963,89
2020-06-29,Philadelphia,Pennsylvania,42101,8193,95
2020-06-30,Philadelphia,Pennsylvania,42101,8291,96
2020-07-01,Philadelphia,Pennsylvania,42101,8357,96
2020-07-02,Philadelphia,Pennsylvania,42101,8459,96
2020-07-03,Philadelphia,Pennsylvania,42101,8504,96
2020-07-04,Philadelphia,Pennsylvania,42101,8753,97
2020-07-05,Philadelphia,Pennsylvania,42101,8970,103
2020-07-06,Philadelphia,Pennsylvania,42101,9023,104
2020-07-07,Philadelphia,Pennsylvania,42101,9139,104
2020-07-08,Philadelphia,Pennsylvania,42101,9345,105
2020-07-09,Philadelphia,Pennsylvania,42101,9532,106
2020-07-10,Philadelphia,Pennsylvania,42101,9673,107
2020-07-11,Philadelphia,Pennsylvania,42101,9734,108
2020-07-12,Philadelphia,Pennsylvania,42101,9894,110
2020-07-13,Philadelphia,Pennsylvania,42101,10113,111
2020-07-14,Philadelphia,Pennsylvania,42101,10174,112
2020-07-15,Philadelphia,Pennsylvania,42101,10354,112
2020-07-16,Philadelphia,Pennsylvania,42101,10600,116
2020-07-17,Philadelphia,Pennsylvania,42101,10809,117
2020-07-18,Philadelphia,Pennsylvania,42101,10861,117
2020-07-19,Philadelphia,Pennsylvania,42101,11011,120
2020-07-20,Philadelphia,Pennsylvania,42101,11109,120
2020-07-21,Philadelphia,Pennsylvania,42101,11248,123
2020-07-22,Philadelphia,Pennsylvania,42101,11451,127
2020-07-23,Philadelphia,Pennsylvania,42101,11697,131
2020-07-24,Philadelphia,Pennsylvania,42101,11841,133
2020-07-25,Philadelphia,Pennsylvania,42101,11938,134
2020-07-26,Philadelphia,Pennsylvania,42101,12103,135
2020-07-27,Philadelphia,Pennsylvania,42101,12309,136
2020-07-28,Philadelphia,Pennsylvania,42101,12544,140
2020-07-29,Philadelphia,Pennsylvania,42101,12711,141
2020-07-30,Philadelphia,Pennsylvania,42101,12961,143
2020-07-31,Philadelphia,Pennsylvania,42101,13120,144
2020-08-01,Philadelphia,Pennsylvania,42101,13207,144
2020-08-02,Philadelphia,Pennsylvania,42101,13315,146
2020-08-03,Philadelphia,Pennsylvania,42101,13363,146
2020-08-04,Philadelphia,Pennsylvania,42101,13598,148
2020-08-05,Philadelphia,Pennsylvania,42101,13641,148
2020-08-06,Philadelphia,Pennsylvania,42101,13768,150
2020-08-07,Philadelphia,Pennsylvania,42101,13885,151
2020-08-08,Philadelphia,Pennsylvania,42101,13972,152
2020-08-09,Philadelphia,Pennsylvania,42101,14040,152
2020-08-10,Philadelphia,Pennsylvania,42101,14239,155
2020-08-11,Philadelphia,Pennsylvania,42101,14339,155
2020-08-12,Philadelphia,Pennsylvania,42101,14401,155
2020-08-13,Philadelphia,Pennsylvania,42101,14540,158
2020-08-14,Philadelphia,Pennsylvania,42101,14778,161
2020-08-15,Philadelphia,Pennsylvania,42101,14930,164
2020-08-16,Philadelphia,Pennsylvania,42101,15022,165
2020-08-17,Philadelphia,Pennsylvania,42101,15255,168
2020-08-18,Philadelphia,Pennsylvania,42101,15420,170
2020-08-19,Philadelphia,Pennsylvania,42101,15669,174
2020-08-20,Philadelphia,Pennsylvania,42101,15918,175
2020-08-21,Philadelphia,Pennsylvania,42101,15973,176
2020-08-22,Philadelphia,Pennsylvania,42101,16160,178
2020-08-23,Philadelphia,Pennsylvania,42101,16291,181
2020-08-24,Philadelphia,Pennsylvania,42101,16526,183
2020-08-25,Philadelphia,Pennsylvania,42101,16638,184
2020-08-26,Philadelphia,Pennsylvania,42101,16866,189
2020-08-27,Philadelphia,Pennsylvania,42101,16938,190
2020-08-28,Philadelphia,Pennsylvania,42101,16988,190
2020-08-29,Philadelphia,Pennsylvania,42101,17109,192
2020-08-30,Philadelphia,Pennsylvania,42101,17220,193
2020-08-31,Philadelphia,Pennsylvania,42101,17309,195
2020-09-01,Philadelphia,Pennsylvania,42101,17446,197
2020-09-02,Philadelphia,Pennsylvania,42101,17496,198
2020-09-03,Philadelphia,Pennsylvania,42101,17672,200
2020-09-04,Philadelphia,Pennsylvania,42101,17889,201
2020-09-05,Philadelphia,Pennsylvania,42101,18102,204
2020-09-06,Philadelphia,Pennsylvania,42101,18345,207
2020-09-07,Philadelphia,Pennsylvania,42101,18416,207
2020-09-08,Philadelphia,Pennsylvania,42101,18603,210
2020-09-09,Philadelphia,Pennsylvania,42101,18813,215
2020-09-10,Philadelphia,Pennsylvania,42101,18845,215
2020-09-11,Philadelphia,Pennsylvania,42101,19056,218
2020-09-12,Philadelphia,Pennsylvania,42101,19220,221
2020-09-13,Philadelphia,Pennsylvania,42101,19470,227
2020-09-14,Philadelphia,Pennsylvania,42101,19523,227
2020-09-15,Philadelphia,Pennsylvania,42101,19585,228
2020-09-16,Philadelphia,Pennsylvania,42101,19654,229
2020-09-17,Philadelphia,Pennsylvania,42101,19710,229
2020-09-18,Philadelphia,Pennsylvania,42101,19917,230
2020-09-19,Philadelphia,Pennsylvania,42101,19999,231
2020-09-20,Philadelphia,Pennsylvania,42101,20070,232
2020-09-21,Philadelphia,Pennsylvania,42101,20164,233
2020-09-22,Philadelphia,Pennsylvania,42101,20300,236
2020-09-23,Philadelphia,Pennsylvania,42101,20448,238
2020-09-24,Philadelphia,Pennsylvania,42101,20614,241
2020-09-25,Philadelphia,Pennsylvania,42101,20652,241
2020-09-26,Philadelphia,Pennsylvania,42101,20692,241
2020-09-27,Philadelphia,Pennsylvania,42101,20783,242
2020-09-28,Philadelphia,Pennsylvania,42101,20840,242
2020-09-29,Philadelphia,Pennsylvania,42101,21045,246
2020-09-30,Philadelphia,Pennsylvania,42101,21284,249
2020-10-01,Philadelphia,Pennsylvania,42101,21322,250
2020-10-02,Philadelphia,Pennsylvania,42101,21525,252
2020-10-03,Philadelphia,Pennsylvania,42101,21771,259
2020-10-04,Philadelphia,Pennsylvania,42101,22008,261
2020-10-05,Philadelphia,Pennsylvania,42101,22182,264
2020-10-06,Philadelphia,Pennsylvania,42101,22418,265
2020-10-07,Philadelphia,Pennsylvania,42101,22655,267
2020-10-08,Philadelphia,Pennsylvania,42101,22828,271
2020-10-09,Philadelphia,Pennsylvania,42101,22939,272
2020-10-10,Philadelphia,Pennsylvania,42101,23188,276
2020-10-11,Philadelphia,Pennsylvania,42101,23322,277
2020-10-12,Philadelphia,Pennsylvania,42101,23381,278
2020-10-13,Philadelphia,Pennsylvania,42101,23601,279
2020-10-14,Philadelphia,Pennsylvania,42101,23699,281
2020-10-15,Philadelphia,Pennsylvania,42101,23932,286
2020-10-16,Philadelphia,Pennsylvania,42101,24036,287
2020-10-17,Philadelphia,Pennsylvania,42101,24203,291
2020-10-18,Philadelphia,Pennsylvania,42101,24262,292
2020-10-19,Philadelphia,Pennsylvania,42101,24462,293
2020-10-20,Philadelphia,Pennsylvania,42101,24639,295
2020-10-21,Philadelphia,Pennsylvania,42101,24793,298
2020-10-22,Philadelphia,Pennsylvania,42101,24888,300
2020-10-23,Philadelphia,Pennsylvania,42101,24948,300
2020-10-24,Philadelphia,Pennsylvania,42101,24998,300
2020-10-25,Philadelphia,Pennsylvania,42101,25152,303
2020-10-26,Philadelphia,Pennsylvania,42101,25188,303
2020-10-27,Philadelphia,Pennsylvania,42101,25296,306
2020-10-28,Philadelphia,Pennsylvania,42101,25451,309
2020-10-29,Philadelphia,Pennsylvania,42101,25488,310
2020-10-30,Philadelphia,Pennsylvania,42101,25622,312
2020-10-31,Philadelphia,Pennsylvania,42101,25679,312
2020-11-01,Philadelphia,Pennsylvania,42101,25759,313
2020-11-02,Philadelphia,Pennsylvania,42101,25951,317
2020-11-03,Philadelphia,Pennsylvania,42101,26038,319
2020-11-04,Philadelphia,Pennsylvania,42101,26122,320
2020-11-05,Philadelphia,Pennsylvania,42101,26285,320
2020-11-06,Philadelphia,Pennsylvania,42101,26689,327
2020-11-07,Philadelphia,Pennsylvania,42101,27148,339
2020-11-08,Philadelphia,Pennsylvania,42101,27541,346
2020-11-09,Philadelphia,Pennsylvania,42101,27752,351
2020-11-10,Philadelphia,Pennsylvania,42101,28054,354
2020-11-11,Philadelphia,Pennsylvania,42101,28367,361
2020-11-12,Philadelphia,Pennsylvania,42101,28779,369
2020-11-13,Philadelphia,Pennsylvania,42101,29037,374
2020-11-14,Philadelphia,Pennsylvania,42101,29394,378
2020-11-15,Philadelphia,Pennsylvania,42101,29547,381
2020-11-16,Philadelphia,Pennsylvania,42101,29848,382
2020-11-17,Philadelphia,Pennsylvania,42101,29968,382
2020-11-18,Philadelphia,Pennsylvania,42101,30189,385
2020-11-19,Philadelphia,Pennsylvania,42101,30372,389
2020-11-20,Philadelphia,Pennsylvania,42101,30608,395
2020-11-21,Philadelphia,Pennsylvania,42101,30734,396
2020-11-22,Philadelphia,Pennsylvania,42101,30997,397
2020-11-23,Philadelphia,Pennsylvania,42101,31176,400
2020-11-24,Philadelphia,Pennsylvania,42101,31297,402
2020-11-25,Philadelphia,Pennsylvania,42101,31601,404
2020-11-26,Philadelphia,Pennsylvania,42101,31779,404
2020-11-27,Philadelphia,Pennsylvania,42101,31980,407
2020-11-28,Philadelphia,Pennsylvania,42101,32226,412
2020-11-29,Philadelphia,Pennsylvania,42101,32564,420
2020-11-30,Philadelphia,Pennsylvania,42101,32771,422
2020-12-01,Philadelphia,Pennsylvania,42101,33160,428
2020-12-02,Philadelphia,Pennsylvania,42101,33600,433
2020-12-03,Philadelphia,Pennsylvania,42101,34028,435
2020-12-04,Philadelphia,Pennsylvania,42101,34230,436
2020-12-05,Philadelphia,Pennsylvania,42101,34607,446
2020-12-06,Philadelphia,Pennsylvania,42101,34768,448
2020-12-07,Philadelphia,Pennsylvania,42101,34864,448
2020-12-08,Philadelphia,Pennsylvania,42101,34989,450
2020-12-09,Philadelphia,Pennsylvania,42101,35201,454
2020-12-10,Philadelphia,Pennsylvania,42101,35426,460
2020-12-11,Philadelphia,Pennsylvania,42101,35672,461
2020-12-12,Philadelphia,Pennsylvania,42101,35970,464
2020-12-13,Philadelphia,Pennsylvania,42101,36172,469
2020-12-14,Philadelphia,Pennsylvania,42101,36619,475
2020-12-15,Philadelphia,Pennsylvania,42101,37031,482
2020-12-16,Philadelphia,Pennsylvania,42101,37270,484
2020-12-17,Philadelphia,Pennsylvania,42101,37427,486
2020-12-18,Philadelphia,Pennsylvania,42101,37612,490
2020-12-19,Philadelphia,Pennsylvania,42101,37791,491
2020-12-20,Philadelphia,Pennsylvania,42101,38188,499
2020-12-21,Philadelphia,Pennsylvania,42101,38393,500
2020-12-22,Philadelphia,Pennsylvania,42101,38572,501
2020-12-23,Philadelphia,Pennsylvania,42101,38910,510
2020-12-24,Philadelphia,Pennsylvania,42101,39058,512
2020-12-25,Philadelphia,Pennsylvania,42101,39170,512
2020-12-26,Philadelphia,Pennsylvania,42101,39579,520
2020-12-27,Philadelphia,Pennsylvania,42101,39823,526
2020-12-28,Philadelphia,Pennsylvania,42101,40180,533
2020-12-29,Philadelphia,Pennsylvania,42101,40443,534
2020-12-30,Philadelphia,Pennsylvania,42101,40650,535
2020-12-31,Philadelphia,Pennsylvania,42101,40797,536
2021-01-01,Philadelphia,Pennsylvania,42101,41006,539
2021-01-02,Philadelphia,Pennsylvania,42101,41306,546
2021-01-03,Philadelphia,Pennsylvania,42101,41745,552
2021-01-04,Philadelphia,Pennsylvania,42101,41931,553
2021-01-05,Philadelphia,Pennsylvania,42101,42180,558
2021-01-06,Philadelphia,Pennsylvania,42101,42455,566
2021-01-07,Philadelphia,Pennsylvania,42101,42551,567
2021-01-08,Philadelphia,Pennsylvania,42101,42694,568
2021-01-09,Philadelphia,Pennsylvania,42101,42801,569
2021-01-10,Philadelphia,Pennsylvania,42101,43215,577
2021-01-11,Philadelphia,Pennsylvania,42101,43500,580
2021-01-12,Philadelphia,Pennsylvania,42101,43891,589
2021-01-13,Philadelphia,Pennsylvania,42101,43988,589
2021-01-14,Philadelphia,Pennsylvania,42101,44241,594
2021-01-15,Philadelphia,Pennsylvania,42101,44354,596
2021-01-16,Philadelphia,Pennsylvania,42101,44693,599
2021-01-17,Philadelphia,Pennsylvania,42101,45023,604
2021-01-18,Philadelphia,Pennsylvania,42101,45303,609
2021-01-19,Philadelphia,Pennsylvania,42101,45398,611
2021-01-20,Philadelphia,Pennsylvania,42101,45562,614
2021-01-21,Philadelphia,Pennsylvania,42101,45786,615
2021-01-22,Philadelphia,Pennsylvania,42101,45936,618
2021-01-23,Philadelphia,Pennsylvania,42101,46174,623
2021-01-24,Philadelphia,Pennsylvania,42101,46375,626
2021-01-25,Philadelphia,Pennsylvania,42101,46665,630
2021-01-26,Philadelphia,Pennsylvania,42101,47128,635
2021-01-27,Philadelphia,Pennsylvania,42101,47499,642
2021-01-28,Philadelphia,Pennsylvania,42101,47830,651
2021-01-29,Philadelphia,Pennsylvania,42101,48011,653
2021-01-30,Philadelphia,Pennsylvania,42101,48402,662
2021-01-31,Philadelphia,Pennsylvania,42101,48868,665
2021-02-01,Philadelphia,Pennsylvania,42101,49052,670
2021-02-02,Philadelphia,Pennsylvania,42101,49394,675
2021-02-03,Philadelphia,Pennsylvania,42101,49837,683
2021-02-04,Philadelphia,Pennsylvania,42101,49960,684
2021-02-05,Philadelphia,Pennsylvania,42101,50165,688
2021-02-06,Philadelphia,Pennsylvania,42101,50578,694
2021-02-07,Philadelphia,Pennsylvania,42101,50970,697
2021-02-08,Philadelphia,Pennsylvania,42101,51177,701
2021-02-09,Philadelphia,Pennsylvania,42101,51346,704
2021-02-10,Philadelphia,Pennsylvania,42101,51787,716
2021-02-11,Philadelphia,Pennsylvania,42101,52136,726
2021-02-12,Philadelphia,Pennsylvania,42101,52393,729
2021-02-13,Philadelphia,Pennsylvania,42101,52650,730
2021-02-14,Philadelphia,Pennsylvania,42101,52709,730
2021-02-15,Philadelphia,Pennsylvania,42101,52882,732
2021-02-16,Philadelphia,Pennsylvania,42101,52933,733
2021-02-17,Philadelphia,Pennsylvania,42101,52990,733
2021-02-18,Philadelphia,Pennsylvania,42101,53132,734
2021-02-19,Philadelphia,Pennsylvania,42101,53250,735
2021-02-20,Philadelphia,Pennsylvania,42101,53293,735
2021-02-21,Philadelphia,Pennsylvania,42101,53334,735
2021-02-22,Philadelphia,Pennsylvania,42101,53376,735
2021-02-23,Philadelphia,Pennsylvania,42101,53483,736
2021-02-24,Philadelphia,Pennsylvania,42101,53661,736
2021-02-25,Philadelphia,Pennsylvania,42101,53792,738
2021-02-26,Philadelphia,Pennsylvania,42101,53891,739
2021-02-27,Philadelphia,Pennsylvania,42101,53944,739
2021-02-28,Philadelphia,Pennsylvania,42101,54052,740
2021-03-01,Philadelphia,Pennsylvania,42101,54176,740
2021-03-02,Philadelphia,Pennsylvania,42101,54229,741
2021-03-03,Philadelphia,Pennsylvania,42101,54342,742
2021-03-04,Philadelphia,Pennsylvania,42101,54454,743
2021-03-05,Philadelphia,Pennsylvania,42101,54630,744
2021-03-06,Philadelphia,Pennsylvania,42101,54706,744
2021-03-07,Philadelphia,Pennsylvania,42101,54787,744
2021-03-08,Philadelphia,Pennsylvania,42101,54823,744
2021-03-09,Philadelphia,Pennsylvania,42101,54926,745
2021-03-10,Philadelphia,Pennsylvania,42101,55101,748
2021-03-11,Philadelphia,Pennsylvania,42101,55217,751
2021-03-12,Philadelphia,Pennsylvania,42101,55272,751
2021-03-13,Philadelphia,Pennsylvania,42101,55414,752
2021-03-14,Philadelphia,Pennsylvania,42101,55486,752
2021-03-15,Philadelphia,Pennsylvania,42101,55622,754
2021-03-16,Philadelphia,Pennsylvania,42101,55713,755
2021-03-17,Philadelphia,Pennsylvania,42101,55764,755
2021-03-18,Philadelphia,Pennsylvania,42101,55948,759
2021-03-19,Philadelphia,Pennsylvania,42101,55996,760
2021-03-20,Philadelphia,Pennsylvania,42101,56059,761
2021-03-21,Philadelphia,Pennsylvania,42101,56156,762
2021-03-22,Philadelphia,Pennsylvania,42101,56327,764
2021-03-23,Philadelphia,Pennsylvania,42101,56391,765
2021-03-24,Philadelphia,Pennsylvania,42101,56429,765
2021-03-25,Philadelphia,Pennsylvania,42101,56504,767
2021-03-26,Philadelphia,Pennsylvania,42101,56664,771
2021-03-27,Philadelphia,Pennsylvania,42101,56721,771
2021-03-28,Philadelphia,Pennsylvania,42101,56799,772
2021-03-29,Philadelphia,Pennsylvania,42101,56967,776
2021-03-30,Philadelphia,Pennsylvania,42101,57136,778
2021-03-31,Philadelphia,Pennsylvania,42101,57295,780
2021-04-01,Philadelphia,Pennsylvania,42101,57484,782
2021-04-02,Philadelphia,Pennsylvania,42101,57570,784
2021-04-03,Philadelphia,Pennsylvania,42101,57745,787
2021-04-04,Philadelphia,Pennsylvania,42101,57908,790
2021-04-05,Philadelphia,Pennsylvania,42101,57989,791
2021-04-06,Philadelphia,Pennsylvania,42101,58117,794
2021-04-07,Philadelphia,Pennsylvania,42101,58189,795
2021-04-08,Philadelphia,Pennsylvania,42101,58267,796
2021-04-09,Philadelphia,Pennsylvania,42101,58324,797
2021-04-10,Philadelphia,Pennsylvania,42101,58447,799
2021-04-11,Philadelphia,Pennsylvania,42101,58610,799
2021-04-12,Philadelphia,Pennsylvania,42101,58706,799
2021-04-13,Philadelphia,Pennsylvania,42101,58738,799
2021-04-14,Philadelphia,Pennsylvania,42101,58790,799
2021-04-15,Philadelphia,Pennsylvania,42101,58873,800
2021-04-16,Philadelphia,Pennsylvania,42101,58957,800
2021-04-17,Philadelphia,Pennsylvania,42101,59118,801
2021-04-18,Philadelphia,Pennsylvania,42101,59216,801
2021-04-19,Philadelphia,Pennsylvania,42101,59318,802
2021-04-20,Philadelphia,Pennsylvania,42101,59427,804
2021-04-21,Philadelphia,Pennsylvania,42101,59495,804
2021-04-22,Philadelphia,Pennsylvania,42101,59530,804
2021-04-23,Philadelphia,Pennsylvania,42101,59684,805
2021-04-24,Philadelphia,Pennsylvania,42101,59854,809
2021-04-25,Philadelphia,Pennsylvania,42101,59897,809
2021-04-26,Philadelphia,Pennsylvania,42101,59976,811
2021-04-27,Philadelphia,Pennsylvania,42101,60111,814
2021-04-28,Philadelphia,Pennsylvania,42101,60172,815
2021-04-29,Philadelphia,Pennsylvania,42101,60250,816
2021-04-30,Philadelphia,Pennsylvania,42101,60368,819
2021-05-01,Philadelphia,Pennsylvania,42101,60547,823
2021-05-02,Philadelphia,Pennsylvania,42101,60694,823
2021-05-03,Philadelphia,Pennsylvania,42101,60869,828
2021-05-04,Philadelphia,Pennsylvania,42101,61015,830
2021-05-05,Philadelphia,Pennsylvania,42101,61185,832
2021-05-06,Philadelphia,Pennsylvania,42101,61353,834
2021-05-07,Philadelphia,Pennsylvania,42101,61488,836
2021-05-08,Philadelphia,Pennsylvania,42101,61551,837
2021-05-09,Philadelphia,Pennsylvania,42101,61666,837
2021-05-10,Philadelphia,Pennsylvania,42101,61769,839
2021-05-11,Philadelphia,Pennsylvania,42101,61950,844
2021-05-12,Philadelphia,Pennsylvania,42101,62004,844
2021-05-13,Philadelphia,Pennsylvania,42101,62106,846
2021-05-14,Philadelphia,Pennsylvania,42101,62162,846
2021-05-15,Philadelphia,Pennsylvania,42101,62283,848
2021-05-16,Philadelphia,Pennsylvania,42101,62364,849
2021-05-17,Philadelphia,Pennsylvania,42101,62458,850
2021-05-18,Philadelphia,Pennsylvania,42101,62605,850
2021-05-19,Philadelphia,Pennsylvania,42101,62667,851
2021-05-20,Philadelphia,Pennsylvania,42101,62804,854
2021-05-21,Philadelphia,Pennsylvania,42101,62959,857
2021-05-22,Philadelphia,Pennsylvania,42101,63058,857
2021-05-23,Philadelphia,Pennsylvania,42101,63100,857
2021-05-24,Philadelphia,Pennsylvania,42101,63257,858
2021-05-25,Philadelphia,Pennsylvania,42101,63418,862
2021-05-26,Philadelphia,Pennsylvania,42101,63590,865
2021-05-27,Philadelphia,Pennsylvania,42101,63703,866
2021-05-28,Philadelphia,Pennsylvania,42101,63777,867
2021-05-29,Philadelphia,Pennsylvania,42101,63848,869
2021-05-30,Philadelphia,Pennsylvania,42101,63965,870
2021-05-31,Philadelphia,Pennsylvania,42101,64115,872
2021-06-01,Philadelphia,Pennsylvania,42101,64218,873
2021-06-02,Philadelphia,Pennsylvania,42101,64253,873
2021-06-03,Philadelphia,Pennsylvania,42101,64311,874
2021-06-04,Philadelphia,Pennsylvania,42101,64428,875
2021-06-05,Philadelphia,Pennsylvania,42101,64574,878
2021-06-06,Philadelphia,Pennsylvania,42101,64716,880
2021-06-07,Philadelphia,Pennsylvania,42101,64882,883
2021-06-08,Philadelphia,Pennsylvania,42101,64953,884
2021-06-09,Philadelphia,Pennsylvania,42101,65125,888
2021-06-10,Philadelphia,Pennsylvania,42101,65251,888
2021-06-11,Philadelphia,Pennsylvania,42101,65438,893
2021-06-12,Philadelphia,Pennsylvania,42101,65514,894
2021-06-13,Philadelphia,Pennsylvania,42101,65553,895
2021-06-14,Philadelphia,Pennsylvania,42101,65607,896
2021-06-15,Philadelphia,Pennsylvania,42101,65759,897
2021-06-16,Philadelphia,Pennsylvania,42101,65880,898
2021-06-17,Philadelphia,Pennsylvania,42101,65919,898
2021-06-18,Philadelphia,Pennsylvania,42101,66091,898
2021-06-19,Philadelphia,Pennsylvania,42101,66139,898
2021-06-20,Philadelphia,Pennsylvania,42101,66232,899
2021-06-21,Philadelphia,Pennsylvania,42101,66388,901
2021-06-22,Philadelphia,Pennsylvania,42101,66529,904
2021-06-23,Philadelphia,Pennsylvania,42101,66570,905
2021-06-24,Philadelphia,Pennsylvania,42101,66636,906
2021-06-25,Philadelphia,Pennsylvania,42101,66748,908
2021-06-26,Philadelphia,Pennsylvania,42101,66895,908
2021-06-27,Philadelphia,Pennsylvania,42101,66967,908
2021-06-28,Philadelphia,Pennsylvania,42101,67043,908
2021-06-29,Philadelphia,Pennsylvania,42101,67084,908
2021-06-30,Philadelphia,Pennsylvania,42101,67257,910
2020-03-01,Dallas,Texas,48113,18,0
2020-03-02,Dallas,Texas,48113,23,0
2020-03-03,Dallas,Texas,48113,25,0
2020-03-04,Dallas,Texas,48113,30,0
2020-03-05,Dallas,Texas,48113,38,0
2020-03-06,Dallas,Texas,48113,43,0
2020-03-07,Dallas,Texas,48113,43,0
2020-03-08,Dallas,Texas,48113,56,0
2020-03-09,Dallas,Texas,48113,63,0
2020-03-10,Dallas,Texas,48113,85,0
2020-03-11,Dallas,Texas,48113,91,0
2020-03-12,Dallas,Texas,48113,115,0
2020-03-13,Dallas,Texas,48113,138,0
2020-03-14,Dallas,Texas,48113,155,0
2020-03-15,Dallas,Texas,48113,170,0
2020-03-16,Dallas,Texas,48113,187,0
2020-03-17,Dallas,Texas,48113,205,0
2020-03-18,Dallas,Texas,48113,207,0
2020-03-19,Dallas,Texas,48113,217,0
2020-03-20,Dallas,Texas,48113,230,0
2020-03-21,Dallas,Texas,48113,232,0
2020-03-22,Dallas,Texas,48113,253,0
2020-03-23,Dallas,Texas,48113,262,0
2020-03-24,Dallas,Texas,48113,275,0
2020-03-25,Dallas,Texas,48113,279,0
2020-03-26,Dallas,Texas,48113,301,0
2020-03-27,Dallas,Texas,48113,323,0
2020-03-28,Dallas,Texas,48113,348,0
2020-03-29,Dallas,Texas,48113,352,0
2020-03-30,Dallas,Texas,48113,366,0
2020-03-31,Dallas,Texas,48113,492,2
2020-04-01,Dallas,Texas,48113,553,2
2020-04-02,Dallas,Texas,48113,665,3
2020-04-03,Dallas,Texas,48113,750,4
2020-04-04,Dallas,Texas,48113,959,7
2020-04-05,Dallas,Texas,48113,1052,8
2020-04-06,Dallas,Texas,48113,1234,9
2020-04-07,Dallas,Texas,48113,1475,14
2020-04-08,Dallas,Texas,48113,1580,14
2020-04-09,Dallas,Texas,48113,1767,17
2020-04-10,Dallas,Texas,48113,1856,18
2020-04-11,Dallas,Texas,48113,2012,21
2020-04-12,Dallas,Texas,48113,2087,22
2020-04-13,Dallas,Texas,48113,2297,23
2020-04-14,Dallas,Texas,48113,2510,25
2020-04-15,Dallas,Texas,48113,2573,26
2020-04-16,Dallas,Texas,48113,2641,27
2020-04-17,Dallas,Texas,48113,2769,29
2020-04-18,Dallas,Texas,48113,2948,31
2020-04-19,Dallas,Texas,48113,2990,31
2020-04-20,Dallas,Texas,48113,3191,32
2020-04-21,Dallas,Texas,48113,3293,34
2020-04-22,Dallas,Texas,48113,3407,35
2020-04-23,Dallas,Texas,48113,3458,35
2020-04-24,Dallas,Texas,48113,3675,38
2020-04-25,Dallas,Texas,48113,3746,39
2020-04-26,Dallas,Texas,48113,3899,41
2020-04-27,Dallas,Texas,48113,4037,44
2020-04-28,Dallas,Texas,48113,4263,48
2020-04-29,Dallas,Texas,48113,4470,50
2020-04-30,Dallas,Texas,48113,4701,56
2020-05-01,Dallas,Texas,48113,4952,62
2020-05-02,Dallas,Texas,48113,5089,65
2020-05-03,Dallas,Texas,48113,5340,66
2020-05-04,Dallas,Texas,48113,5574,70
2020-05-05,Dallas,Texas,48113,5633,70
2020-05-06,Dallas,Texas,48113,5833,74
2020-05-07,Dallas,Texas,48113,6077,76
2020-05-08,Dallas,Texas,48113,6288,77
2020-05-09,Dallas,Texas,48113,6419,77
2020-05-10,Dallas,Texas,48113,6462,78
2020-05-11,Dallas,Texas,48113,6658,80
2020-05-12,Dallas,Texas,48113,6730,81
2020-05-13,Dallas,Texas,48113,6872,84
2020-05-14,Dallas,Texas,48113,7127,87
2020-05-15,Dallas,Texas,48113,7309,91
2020-05-16,Dallas,Texas,48113,7499,94
2020-05-17,Dallas,Texas,48113,7636,97
2020-05-18,Dallas,Texas,48113,7860,102
2020-05-19,Dallas,Texas,48113,8100,108
2020-05-20,Dallas,Texas,48113,8287,111
2020-05-21,Dallas,Texas,48113,8425,112
2020-05-22,Dallas,Texas,48113,8619,115
2020-05-23,Dallas,Texas,48113,8828,118
2020-05-24,Dallas,Texas,48113,8962,119
2020-05-25,Dallas,Texas,48113,9132,122
2020-05-26,Dallas,Texas,48113,9247,125
2020-05-27,Dallas,Texas,48113,9319,126
2020-05-28,Dallas,Texas,48113,9349,126
2020-05-29,Dallas,Texas,48113,9462,127
2020-05-30,Dallas,Texas,48113,9683,129
2020-05-31,Dallas,Texas,48113,9742,130
2020-06-01,Dallas,Texas,48113,9930,132
2020-06-02,Dallas,Texas,48113,10141,136
2020-06-03,Dallas,Texas,48113,10394,138
2020-06-04,Dallas,Texas,48113,10619,142
2020-06-05,Dallas,Texas,48113,10825,144
2020-06-06,Dallas,Texas,48113,10999,144
2020-06-07,Dallas,Texas,48113,11030,144
2020-06-08,Dallas,Texas,48113,11169,145
2020-06-09,Dallas,Texas,48113,11207,145
2020-06-10,Dallas,Texas,48113,11350,148
2020-06-11,Dallas,Texas,48113,11403,149
2020-06-12,Dallas,Texas,48113,11507,151
2020-06-13,Dallas,Texas,48113,11556,151
2020-06-14,Dallas,Texas,48113,11750,156
2020-06-15,Dallas,Texas,48113,11875,156
2020-06-16,Dallas,Texas,48113,11909,156
2020-06-17,Dallas,Texas,48113,12068,159
2020-06-18,Dallas,Texas,48113,12253,163
2020-06-19,Dallas,Texas,48113,12495,167
2020-06-20,Dallas,Texas,48113,12726,173
2020-06-21,Dallas,Texas,48113,12800,173
2020-06-22,Dallas,Texas,48113,12946,176
2020-06-23,Dallas,Texas,48113,13057,179
2020-06-24,Dallas,Texas,48113,13225,180
2020-06-25,Dallas,Texas,48113,13386,182
2020-06-26,Dallas,Texas,48113,13434,182
2020-06-27,Dallas,Texas,48113,13517,184
2020-06-28,Dallas,Texas,48113,13663,186
2020-06-29,Dallas,Texas,48113,13949,193
2020-06-30,Dallas,Texas,48113,14252,196
2020-07-01,Dallas,Texas,48113,14362,198
2020-07-02,Dallas,Texas,48113,14448,200
2020-07-03,Dallas,Texas,48113,14683,201
2020-07-04,Dallas,Texas,48113,14978,205
2020-07-05,Dallas,Texas,48113,15084,206
2020-07-06,Dallas,Texas,48113,15251,209
2020-07-07,Dallas,Texas,48113,15401,213
2020-07-08,Dallas,Texas,48113,15786,224
2020-07-09,Dallas,Texas,48113,16022,225
2020-07-10,Dallas,Texas,48113,16075,226
2020-07-11,Dallas,Texas,48113,16382,233
2020-07-12,Dallas,Texas,48113,16677,234
2020-07-13,Dallas,Texas,48113,16874,235
2020-07-14,Dallas,Texas,48113,17038,238
2020-07-15,Dallas,Texas,48113,17382,242
2020-07-16,Dallas,Texas,48113,17652,247
2020-07-17,Dallas,Texas,48113,17829,248
2020-07-18,Dallas,Texas,48113,17934,250
2020-07-19,Dallas,Texas,48113,18134,254
2020-07-20,Dallas,Texas,48113,18455,262
2020-07-21,Dallas,Texas,48113,18764,265
2020-07-22,Dallas,Texas,48113,18903,268
2020-07-23,Dallas,Texas,48113,19267,278
2020-07-24,Dallas,Texas,48113,19460,282
2020-07-25,Dallas,Texas,48113,19819,285
2020-07-26,Dallas,Texas,48113,19876,286
2020-07-27,Dallas,Texas,48113,19949,286
2020-07-28,Dallas,Texas,48113,20021,287
2020-07-29,Dallas,Texas,48113,20290,288
2020-07-30,Dallas,Texas,48113,20506,289
2020-07-31,Dallas,Texas,48113,20560,290
2020-08-01,Dallas,Texas,48113,20927,296
2020-08-02,Dallas,Texas,48113,20996,297
2020-08-03,Dallas,Texas,48113,21411,301
2020-08-04,Dallas,Texas,48113,21721,304
2020-08-05,Dallas,Texas,48113,21897,308
2020-08-06,Dallas,Texas,48113,22171,310
2020-08-07,Dallas,Texas,48113,22475,316
2020-08-08,Dallas,Texas,48113,22612,319
2020-08-09,Dallas,Texas,48113,22925,325
2020-08-10,Dallas,Texas,48113,23131,326
2020-08-11,Dallas,Texas,48113,23467,330
2020-08-12,Dallas,Texas,48113,23716,335
2020-08-13,Dallas,Texas,48113,23957,341
2020-08-14,Dallas,Texas,48113,24061,341
2020-08-15,Dallas,Texas,48113,24348,346
2020-08-16,Dallas,Texas,48113,24529,351
2020-08-17,Dallas,Texas,48113,24862,355
2020-08-18,Dallas,Texas,48113,25084,359
2020-08-19,Dallas,Texas,48113,25231,361
2020-08-20,Dallas,Texas,48113,25285,361
2020-08-21,Dallas,Texas,48113,25602,363
2020-08-22,Dallas,Texas,48113,25960,373
2020-08-23,Dallas,Texas,48113,26026,373
2020-08-24,Dallas,Texas,48113,26281,375
2020-08-25,Dallas,Texas,48113,26621,378
2020-08-26,Dallas,Texas,48113,26991,383
2020-08-27,Dallas,Texas,48113,27386,390
2020-08-28,Dallas,Texas,48113,27667,393
2020-08-29,Dallas,Texas,48113,27771,394
2020-08-30,Dallas,Texas,48113,28188,403
2020-08-31,Dallas,Texas,48113,28292,404
2020-09-01,Dallas,Texas,48113,28430,408
2020-09-02,Dallas,Texas,48113,28753,412
2020-09-03,Dallas,Texas,48113,28816,413
2020-09-04,Dallas,Texas,48113,29018,416
2020-09-05,Dallas,Texas,48113,29247,422
2020-09-06,Dallas,Texas,48113,29487,426
2020-09-07,Dallas,Texas,48113,29860,429
2020-09-08,Dallas,Texas,48113,30108,435
2020-09-09,Dallas,Texas,48113,30240,438
2020-09-10,Dallas,Texas,48113,30452,441
2020-09-11,Dallas,Texas,48113,30750,445
2020-09-12,Dallas,Texas,48113,30835,446
2020-09-13,Dallas,Texas,48113,31212,455
2020-09-14,Dallas,Texas,48113,31324,458
2020-09-15,Dallas,Texas,48113,31440,459
2020-09-16,Dallas,Texas,48113,31649,462
2020-09-17,Dallas,Texas,48113,31891,467
2020-09-18,Dallas,Texas,48113,31947,468
2020-09-19,Dallas,Texas,48113,32071,470
2020-09-20,Dallas,Texas,48113,32155,471
2020-09-21,Dallas,Texas,48113,32509,474
2020-09-22,Dallas,Texas,48113,32764,479
2020-09-23,Dallas,Texas,48113,33066,485
2020-09-24,Dallas,Texas,48113,33475,487
2020-09-25,Dallas,Texas,48113,33635,490
2020-09-26,Dallas,Texas,48113,33985,496
2020-09-27,Dallas,Texas,48113,34076,497
2020-09-28,Dallas,Texas,48113,34358,501
2020-09-29,Dallas,Texas,48113,34466,502
2020-09-30,Dallas,Texas,48113,34741,506
2020-10-01,Dallas,Texas,48113,34903,509
2020-10-02,Dallas,Texas,48113,35025,511
2020-10-03,Dallas,Texas,48113,35431,518
2020-10-04,Dallas,Texas,48113,35600,522
2020-10-05,Dallas,Texas,48113,35991,533
2020-10-06,Dallas,Texas,48113,36151,536
2020-10-07,Dallas,Texas,48113,36244,538
2020-10-08,Dallas,Texas,48113,36439,541
2020-10-09,Dallas,Texas,48113,36706,546
2020-10-10,Dallas,Texas,48113,37110,549
2020-10-11,Dallas,Texas,48113,37515,559
2020-10-12,Dallas,Texas,48113,37887,564
2020-10-13,Dallas,Texas,48113,37973,565
2020-10-14,Dallas,Texas,48113,38055,565
2020-10-15,Dallas,Texas,48113,38468,572
2020-10-16,Dallas,Texas,48113,38535,573
2020-10-17,Dallas,Texas,48113,38720,574
2020-10-18,Dallas,Texas,48113,39037,577
2020-10-19,Dallas,Texas,48113,39189,580
2020-10-20,Dallas,Texas,48113,39308,583
2020-10-21,Dallas,Texas,48113,39567,590
2020-10-22,Dallas,Texas,48113,39748,593
2020-10-23,Dallas,Texas,48113,39819,593
2020-10-24,Dallas,Texas,48113,39877,593
2020-10-25,Dallas,Texas,48113,40002,594
2020-10-26,Dallas,Texas,48113,40324,596
2020-10-27,Dallas,Texas,48113,40610,597
2020-10-28,Dallas,Texas,48113,40849,603
2020-10-29,Dallas,Texas,48113,40915,603
2020-10-30,Dallas,Texas,48113,41178,610
2020-10-31,Dallas,Texas,48113,41378,614
2020-11-01,Dallas,Texas,48113,41557,619
2020-11-02,Dallas,Texas,48113,41669,621
2020-11-03,Dallas,Texas,48113,41872,623
2020-11-04,Dallas,Texas,48113,41968,624
2020-11-05,Dallas,Texas,48113,42162,629
2020-11-06,Dallas,Texas,48113,42328,633
2020-11-07,Dallas,Texas,48113,42890,636
2020-11-08,Dallas,Texas,48113,43134,638
2020-11-09,Dallas,Texas,48113,43401,641
2020-11-10,Dallas,Texas,48113,44008,646
2020-11-11,Dallas,Texas,48113,44610,657
2020-11-12,Dallas,Texas,48113,44998,663
2020-11-13,Dallas,Texas,48113,45657,676
2020-11-14,Dallas,Texas,48113,46443,693
2020-11-15,Dallas,Texas,48113,46807,702
2020-11-16,Dallas,Texas,48113,47401,716
2020-11-17,Dallas,Texas,48113,48041,724
2020-11-18,Dallas,Texas,48113,48797,745
2020-11-19,Dallas,Texas,48113,49187,750
2020-11-20,Dallas,Texas,48113,49836,761
2020-11-21,Dallas,Texas,48113,50025,763
2020-11-22,Dallas,Texas,48113,50754,781
2020-11-23,Dallas,Texas,48113,51141,785
2020-11-24,Dallas,Texas,48113,51893,792
2020-11-25,Dallas,Texas,48113,52260,794
2020-11-26,Dallas,Texas,48113,52659,800
2020-11-27,Dallas,Texas,48113,53164,809
2020-11-28,Dallas,Texas,48113,53842,818
2020-11-29,Dallas,Texas,48113,54552,825
2020-11-30,Dallas,Texas,48113,55182,832
2020-12-01,Dallas,Texas,48113,55465,835
2020-12-02,Dallas,Texas,48113,56092,841
2020-12-03,Dallas,Texas,48113,56844,851
2020-12-04,Dallas,Texas,48113,57348,858
2020-12-05,Dallas,Texas,48113,57607,861
2020-12-06,Dallas,Texas,48113,58077,868
2020-12-07,Dallas,Texas,48113,58482,873
2020-12-08,Dallas,Texas,48113,58838,876
2020-12-09,Dallas,Texas,48113,59540,893
2020-12-10,Dallas,Texas,48113,59997,901
2020-12-11,Dallas,Texas,48113,60158,903
2020-12-12,Dallas,Texas,48113,60701,909
2020-12-13,Dallas,Texas,48113,61348,922
2020-12-14,Dallas,Texas,48113,61994,935
2020-12-15,Dallas,Texas,48113,62290,942
2020-12-16,Dallas,Texas,48113,62607,945
2020-12-17,Dallas,Texas,48113,63382,957
2020-12-18,Dallas,Texas,48113,63917,964
2020-12-19,Dallas,Texas,48113,64413,970
2020-12-20,Dallas,Texas,48113,65053,985
2020-12-21,Dallas,Texas,48113,65412,987
2020-12-22,Dallas,Texas,48113,66199,991
2020-12-23,Dallas,Texas,48113,66467,994
2020-12-24,Dallas,Texas,48113,66918,1004
2020-12-25,Dallas,Texas,48113,67081,1006
2020-12-26,Dallas,Texas,48113,67416,1015
2020-12-27,Dallas,Texas,48113,68053,1030
2020-12-28,Dallas,Texas,48113,68569,1041
2020-12-29,Dallas,Texas,48113,69009,1053
2020-12-30,Dallas,Texas,48113,69477,1056
2020-12-31,Dallas,Texas,48113,70250,1065
2021-01-01,Dallas,Texas,48113,70809,1080
2021-01-02,Dallas,Texas,48113,71388,1096
2021-01-03,Dallas,Texas,48113,71549,1099
2021-01-04,Dallas,Texas,48113,71725,1101
2021-01-05,Dallas,Texas,48113,72095,1112
2021-01-06,Dallas,Texas,48113,72322,1113
2021-01-07,Dallas,Texas,48113,72564,1118
2021-01-08,Dallas,Texas,48113,72725,1122
2021-01-09,Dallas,Texas,48113,72897,1123
2021-01-10,Dallas,Texas,48113,73410,1129
2021-01-11,Dallas,Texas,48113,73785,1139
2021-01-12,Dallas,Texas,48113,74031,1143
2021-01-13,Dallas,Texas,48113,74356,1150
2021-01-14,Dallas,Texas,48113,74939,1156
2021-01-15,Dallas,Texas,48113,75238,1161
2021-01-16,Dallas,Texas,48113,75939,1177
2021-01-17,Dallas,Texas,48113,76216,1183
2021-01-18,Dallas,Texas,48113,76832,1187
2021-01-19,Dallas,Texas,48113,77080,1192
2021-01-20,Dallas,Texas,48113,77602,1198
2021-01-21,Dallas,Texas,48113,78309,1208
2021-01-22,Dallas,Texas,48113,78583,1212
2021-01-23,Dallas,Texas,48113,78908,1218
2021-01-24,Dallas,Texas,48113,79597,1227
2021-01-25,Dallas,Texas,48113,79870,1232
2021-01-26,Dallas,Texas,48113,80098,1233
2021-01-27,Dallas,Texas,48113,80486,1237
2021-01-28,Dallas,Texas,48113,80765,1243
2021-01-29,Dallas,Texas,48113,81144,1247
2021-01-30,Dallas,Texas,48113,81905,1255
2021-01-31,Dallas,Texas,48113,82541,1273
2021-02-01,Dallas,Texas,48113,83204,1289
2021-02-02,Dallas,Texas,48113,83757,1299
2021-02-03,Dallas,Texas,48113,84120,1301
2021-02-04,Dallas,Texas,48113,84699,1317
2021-02-05,Dallas,Texas,48113,85074,1322
2021-02-06,Dallas,Texas,48113,85710,1328
2021-02-07,Dallas,Texas,48113,86155,1330
2021-02-08,Dallas,Texas,48113,86796,1335
2021-02-09,Dallas,Texas,48113,87072,1342
2021-02-10,Dallas,Texas,48113,87493,1346
2021-02-11,Dallas,Texas,48113,87930,1352
2021-02-12,Dallas,Texas,48113,88719,1358
2021-02-13,Dallas,Texas,48113,88932,1360
2021-02-14,Dallas,Texas,48113,89110,1365
2021-02-15,Dallas,Texas,48113,89352,1370
2021-02-16,Dallas,Texas,48113,89601,1375
2021-02-17,Dallas,Texas,48113,89721,1375
2021-02-18,Dallas,Texas,48113,89972,1376
2021-02-19,Dallas,Texas,48113,90092,1376
2021-02-20,Dallas,Texas,48113,90401,1382
2021-02-21,Dallas,Texas,48113,90557,1382
2021-02-22,Dallas,Texas,48113,90773,1383
2021-02-23,Dallas,Texas,48113,90976,1384
2021-02-24,Dallas,Texas,48113,91248,1386
2021-02-25,Dallas,Texas,48113,91508,1388
2021-02-26,Dallas,Texas,48113,91723,1390
2021-02-27,Dallas,Texas,48113,91795,1391
2021-02-28,Dallas,Texas,48113,92095,1394
2021-03-01,Dallas,Texas,48113,92156,1394
2021-03-02,Dallas,Texas,48113,92370,1398
2021-03-03,Dallas,Texas,48113,92460,1400
2021-03-04,Dallas,Texas,48113,92753,1406
2021-03-05,Dallas,Texas,48113,92916,1407
2021-03-06,Dallas,Texas,48113,93180,1414
2021-03-07,Dallas,Texas,48113,93483,1417
2021-03-08,Dallas,Texas,48113,93741,1423
2021-03-09,Dallas,Texas,48113,93933,1426
2021-03-10,Dallas,Texas,48113,94238,1429
2021-03-11,Dallas,Texas,48113,94381,1433
2021-03-12,Dallas,Texas,48113,94607,1437
2021-03-13,Dallas,Texas,48113,94674,1437
2021-03-14,Dallas,Texas,48113,94941,1441
2021-03-15,Dallas,Texas,48113,95090,1444
2021-03-16,Dallas,Texas,48113,95180,1444
2021-03-17,Dallas,Texas,48113,95423,1445
2021-03-18,Dallas,Texas,48113,95543,1447
2021-03-19,Dallas,Texas,48113,95797,1451
2021-03-20,Dallas,Texas,48113,95972,1454
2021-03-21,Dallas,Texas,48113,96041,1455
2021-03-22,Dallas,Texas,48113,96170,1455
2021-03-23,Dallas,Texas,48113,96297,1456
2021-03-24,Dallas,Texas,48113,96585,1461
2021-03-25,Dallas,Texas,48113,96824,1466
2021-03-26,Dallas,Texas,48113,96942,1469
2021-03-27,Dallas,Texas,48113,97092,1473
2021-03-28,Dallas,Texas,48113,97166,1473
2021-03-29,Dallas,Texas,48113,97390,1474
2021-03-30,Dallas,Texas,48113,97701,1479
2021-03-31,Dallas,Texas,48113,97784,1480
2021-04-01,Dallas,Texas,48113,97921,1482
2021-04-02,Dallas,Texas,48113,98153,1483
2021-04-03,Dallas,Texas,48113,98383,1486
2021-04-04,Dallas,Texas,48113,98469,1488
2021-04-05,Dallas,Texas,48113,98774,1495
2021-04-06,Dallas,Texas,48113,99066,1498
2021-04-07,Dallas,Texas,48113,99161,1498
2021-04-08,Dallas,Texas,48113,99326,1501
2021-04-09,Dallas,Texas,48113,99400,1501
2021-04-10,Dallas,Texas,48113,99585,1502
2021-04-11,Dallas,Texas,48113,99800,1503
2021-04-12,Dallas,Texas,48113,100009,1505
2021-04-13,Dallas,Texas,48113,100211,1506
2021-04-14,Dallas,Texas,48113,100348,1507
2021-04-15,Dallas,Texas,48113,100522,1511
2021-04-16,Dallas,Texas,48113,100604,1511
2021-04-17,Dallas,Texas,48113,100692,1512
2021-04-18,Dallas,Texas,48113,100863,1512
2021-04-19,Dallas,Texas,48113,101085,1515
2021-04-20,Dallas,Texas,48113,101294,1519
2021-04-21,Dallas,Texas,48113,101538,1522
2021-04-22,Dallas,Texas,48113,101642,1523
2021-04-23,Dallas,Texas,48113,101778,1523
2021-04-24,Dallas,Texas,48113,102091,1524
2021-04-25,Dallas,Texas,48113,102348,1527
2021-04-26,Dallas,Texas,48113,102613,1529
2021-04-27,Dallas,Texas,48113,102796,1532
2021-04-28,Dallas,Texas,48113,103082,1538
2021-04-29,Dallas,Texas,48113,103216,1539
2021-04-30,Dallas,Texas,48113,103283,1540
2021-05-01,Dallas,Texas,48113,103468,1543
2021-05-02,Dallas,Texas,48113,103625,1544
2021-05-03,Dallas,Texas,48113,103883,1547
2021-05-04,Dallas,Texas,48113,104095,1551
2021-05-05,Dallas,Texas,48113,104201,1552
2021-05-06,Dallas,Texas,48113,104435,1557
2021-05-07,Dallas,Texas,48113,104566,1557
2021-05-08,Dallas,Texas,48113,104806,1559
2021-05-09,Dallas,Texas,48113,105066,1563
2021-05-10,Dallas,Texas,48113,105144,1563
2021-05-11,Dallas,Texas,48113,105260,1565
2021-05-12,Dallas,Texas,48113,105347,1565
2021-05-13,Dallas,Texas,48113,105412,1566
2021-05-14,Dallas,Texas,48113,105491,1566
2021-05-15,Dallas,Texas,48113,105642,1567
2021-05-16,Dallas,Texas,48113,105776,1568
2021-05-17,Dallas,Texas,48113,105854,1569
2021-05-18,Dallas,Texas,48113,106050,1571
2021-05-19,Dallas,Texas,48113,106164,1571
2021-05-20,Dallas,Texas,48113,106361,1572
2021-05-21,Dallas,Texas,48113,106606,1578
2021-05-22,Dallas,Texas,48113,106835,1582
2021-05-23,Dallas,Texas,48113,107078,1587
2021-05-24,Dallas,Texas,48113,107189,1589
2021-05-25,Dallas,Texas,48113,107304,1591
2021-05-26,Dallas,Texas,48113,107532,1592
2021-05-27,Dallas,Texas,48113,107832,1597
2021-05-28,Dallas,Texas,48113,107949,1598
2021-05-29,Dallas,Texas,48113,108005,1599
2021-05-30,Dallas,Texas,48113,108213,1601
2021-05-31,Dallas,Texas,48113,108393,1604
2021-06-01,Dallas,Texas,48113,108457,1604
2021-06-02,Dallas,Texas,48113,108543,1604
2021-06-03,Dallas,Texas,48113,108784,1609
2021-06-04,Dallas,Texas,48113,109091,1617
2021-06-05,Dallas,Texas,48113,109264,1619
2021-06-06,Dallas,Texas,48113,109387,1620
2021-06-07,Dallas,Texas,48113,109649,1626
2021-06-08,Dallas,Texas,48113,109878,1631
2021-06-09,Dallas,Texas,48113,110015,1632
2021-06-10,Dallas,Texas,48113,110188,1635
2021-06-11,Dallas,Texas,48113,110262,1635
2021-06-12,Dallas,Texas,48113,110520,1641
2021-06-13,Dallas,Texas,48113,110736,1646
2021-06-14,Dallas,Texas,48113,110868,1647
2021-06-15,Dallas,Texas,48113,111016,1649
2021-06-16,Dallas,Texas,48113,111106,1650
2021-06-17,Dallas,Texas,48113,111247,1653
2021-06-18,Dallas,Texas,48113,111457,1656
2021-06-19,Dallas,Texas,48113,111641,1658
2021-06-20,Dallas,Texas,48113,111811,1661
2021-06-21,Dallas,Texas,48113,111894,1662
2021-06-22,Dallas,Texas,48113,112078,1664
2021-06-23,Dallas,Texas,48113,112167,1665
2021-06-24,Dallas,Texas,48113,112373,1668
2021-06-25,Dallas,Texas,48113,112461,1669
2021-06-26,Dallas,Texas,48113,112732,1676
2021-06-27,Dallas,Texas,48113,112900,1677
2021-06-28,Dallas,Texas,48113,112959,1677
2021-06-29,Dallas,Texas,48113,113066,1677
2021-06-30,Dallas,Texas,48113,113262,1682
2020-03-01,Harris,Texas,48201,22,0
2020-03-02,Harris,Texas,48201,68,0
2020-03-03,Harris,Texas,48201,74,0
2020-03-04,Harris,Texas,48201,117,1
2020-03-05,Harris,Texas,48201,130,1
2020-03-06,Harris,Texas,48201,133,1
2020-03-07,Harris,Texas,48201,151,1
2020-03-08,Harris,Texas,48201,174,1
2020-03-09,Harris,Texas,48201,184,1
2020-03-10,Harris,Texas,48201,216,1
2020-03-11,Harris,Texas,48201,237,1
2020-03-12,Harris,Texas,48201,269,1
2020-03-13,Harris,Texas,48201,300,1
2020-03-14,Harris,Texas,48201,313,1
2020-03-15,Harris,Texas,48201,341,1
2020-03-16,Harris,Texas,48201,375,1
2020-03-17,Harris,Texas,48201,418,1
2020-03-18,Harris,Texas,48201,419,1
2020-03-19,Harris,Texas,48201,433,1
2020-03-20,Harris,Texas,48201,459,1
2020-03-21,Harris,Texas,48201,501,2
2020-03-22,Harris,Texas,48201,511,2
2020-03-23,Harris,Texas,48201,547,2
2020-03-24,Harris,Texas,48201,548,2
2020-03-25,Harris,Texas,48201,570,2
2020-03-26,Harris,Texas,48201,600,2
2020-03-27,Harris,Texas,48201,610,2
2020-03-28,Harris,Texas,48201,646,2
2020-03-29,Harris,Texas,48201,654,2
2020-03-30,Harris,Texas,48201,690,2
2020-03-31,Harris,Texas,48201,1139,5
2020-04-01,Harris,Texas,48201,1459,10
2020-04-02,Harris,Texas,48201,1530,10
2020-04-03,Harris,Texas,48201,1671,10
2020-04-04,Harris,Texas,48201,2103,12
2020-04-05,Harris,Texas,48201,2465,20
2020-04-06,Harris,Texas,48201,2757,22
2020-04-07,Harris,Texas,48201,2995,23
2020-04-08,Harris,Texas,48201,3108,24
2020-04-09,Harris,Texas,48201,3375,25
2020-04-10,Harris,Texas,48201,3649,29
2020-04-11,Harris,Texas,48201,3943,37
2020-04-12,Harris,Texas,48201,4160,38
2020-04-13,Harris,Texas,48201,4558,43
2020-04-14,Harris,Texas,48201,4795,47
2020-04-15,Harris,Texas,48201,5177,55
2020-04-16,Harris,Texas,48201,5502,63
2020-04-17,Harris,Texas,48201,5751,66
2020-04-18,Harris,Texas,48201,6058,72
2020-04-19,Harris,Texas,48201,6129,72
2020-04-20,Harris,Texas,48201,6544,75
2020-04-21,Harris,Texas,48201,6643,76
2020-04-22,Harris,Texas,48201,7052,86
2020-04-23,Harris,Texas,48201,7518,92
2020-04-24,Harris,Texas,48201,7878,98
2020-04-25,Harris,Texas,48201,8151,100
2020-04-26,Harris,Texas,48201,8597,113
2020-04-27,Harris,Texas,48201,8827,116
2020-04-28,Harris,Texas,48201,9142,122
2020-04-29,Harris,Texas,48201,9595,132
2020-04-30,Harris,Texas,48201,9814,134
2020-05-01,Harris,Texas,48201,10282,138
2020-05-02,Harris,Texas,48201,10369,139
2020-05-03,Harris,Texas,48201,10832,145
2020-05-04,Harris,Texas,48201,11028,149
2020-05-05,Harris,Texas,48201,11391,157
2020-05-06,Harris,Texas,48201,11481,158
2020-05-07,Harris,Texas,48201,11786,161
2020-05-08,Harris,Texas,48201,12220,168
2020-05-09,Harris,Texas,48201,12304,170
2020-05-10,Harris,Texas,48201,12440,173
2020-05-11,Harris,Texas,48201,12788,180
2020-05-12,Harris,Texas,48201,13211,182
2020-05-13,Harris,Texas,48201,13483,189
2020-05-14,Harris,Texas,48201,13826,191
2020-05-15,Harris,Texas,48201,13961,194
2020-05-16,Harris,Texas,48201,14220,198
2020-05-17,Harris,Texas,48201,14476,200
2020-05-18,Harris,Texas,48201,14812,203
2020-05-19,Harris,Texas,48201,15024,208
2020-05-20,Harris,Texas,48201,15364,213
2020-05-21,Harris,Texas,48201,15462,215
2020-05-22,Harris,Texas,48201,15541,216
2020-05-23,Harris,Texas,48201,15811,219
2020-05-24,Harris,Texas,48201,15873,220
2020-05-25,Harris,Texas,48201,16051,223
2020-05-26,Harris,Texas,48201,16122,224
2020-05-27,Harris,Texas,48201,16238,225
2020-05-28,Harris,Texas,48201,16410,228
2020-05-29,Harris,Texas,48201,16598,229
2020-05-30,Harris,Texas,48201,16939,238
2020-05-31,Harris,Texas,48201,17334,242
2020-06-01,Harris,Texas,48201,17634,247
2020-06-02,Harris,Texas,48201,18002,249
2020-06-03,Harris,Texas,48201,18253,252
2020-06-04,Harris,Texas,48201,18610,259
2020-06-05,Harris,Texas,48201,18722,262
2020-06-06,Harris,Texas,48201,19098,272
2020-06-07,Harris,Texas,48201,19190,274
2020-06-08,Harris,Texas,48201,19266,275
2020-06-09,Harris,Texas,48201,19626,279
2020-06-10,Harris,Texas,48201,20046,281
2020-06-11,Harris,Texas,48201,20406,291
2020-06-12,Harris,Texas,48201,20855,296
2020-06-13,Harris,Texas,48201,21111,299
2020-06-14,Harris,Texas,48201,21234,302
2020-06-15,Harris,Texas,48201,21628,313
2020-06-16,Harris,Texas,48201,21974,318
2020-06-17,Harris,Texas,48201,22036,319
2020-06-18,Harris,Texas,48201,22250,323
2020-06-19,Harris,Texas,48201,22407,324
2020-06-20,Harris,Texas,48201,22804,333
2020-06-21,Harris,Texas,48201,23086,336
2020-06-22,Harris,Texas,48201,23172,337
2020-06-23,Harris,Texas,48201,23548,344
2020-06-24,Harris,Texas,48201,23598,345
2020-06-25,Harris,Texas,48201,23844,348
2020-06-26,Harris,Texas,48201,24171,352
2020-06-27,Harris,Texas,48201,24624,354
2020-06-28,Harris,Texas,48201,24920,360
2020-06-29,Harris,Texas,48201,25216,368
2020-06-30,Harris,Texas,48201,25692,375
2020-07-01,Harris,Texas,48201,26201,389
2020-07-02,Harris,Texas,48201,26316,392
2020-07-03,Harris,Texas,48201,26813,405
2020-07-04,Harris,Texas,48201,27370,414
2020-07-05,Harris,Texas,48201,27883,428
2020-07-06,Harris,Texas,48201,28194,436
2020-07-07,Harris,Texas,48201,28899,446
2020-07-08,Harris,Texas,48201,29328,448
2020-07-09,Harris,Texas,48201,29558,454
2020-07-10,Harris,Texas,48201,29962,465
2020-07-11,Harris,Texas,48201,30355,471
2020-07-12,Harris,Texas,48201,30539,474
2020-07-13,Harris,Texas,48201,30782,476
2020-07-14,Harris,Texas,48201,30883,478
2020-07-15,Harris,Texas,48201,31178,484
2020-07-16,Harris,Texas,48201,31698,496
2020-07-17,Harris,Texas,48201,32415,501
2020-07-18,Harris,Texas,48201,32916,514
2020-07-19,Harris,Texas,48201,33564,520
2020-07-20,Harris,Texas,48201,34192,529
2020-07-21,Harris,Texas,48201,34888,535
2020-07-22,Harris,Texas,48201,35137,538
2020-07-23,Harris,Texas,48201,35826,543
2020-07-24,Harris,Texas,48201,36279,552
2020-07-25,Harris,Texas,48201,36577,555
2020-07-26,Harris,Texas,48201,36866,563
2020-07-27,Harris,Texas,48201,37536,570
2020-07-28,Harris,Texas,48201,38071,581
2020-07-29,Harris,Texas,48201,38269,583
2020-07-30,Harris,Texas,48201,38896,597
2020-07-31,Harris,Texas,48201,38995,598
2020-08-01,Harris,Texas,48201,39379,603
2020-08-02,Harris,Texas,48201,40063,607
2020-08-03,Harris,Texas,48201,40598,616
2020-08-04,Harris,Texas,48201,41126,631
2020-08-05,Harris,Texas,48201,41495,635
2020-08-06,Harris,Texas,48201,41993,644
2020-08-07,Harris,Texas,48201,42155,646
2020-08-08,Harris,Texas,48201,42376,650
2020-08-09,Harris,Texas,48201,42936,665
2020-08-10,Harris,Texas,48201,43338,670
2020-08-11,Harris,Texas,48201,43980,675
2020-08-12,Harris,Texas,48201,44627,694
2020-08-13,Harris,Texas,48201,45172,705
2020-08-14,Harris,Texas,48201,45601,715
2020-08-15,Harris,Texas,48201,45949,717
2020-08-16,Harris,Texas,48201,46638,733
2020-08-17,Harris,Texas,48201,46750,734
2020-08-18,Harris,Texas,48201,47097,741
2020-08-19,Harris,Texas,48201,47310,745
2020-08-20,Harris,Texas,48201,48057,749
2020-08-21,Harris,Texas,48201,48782,757
2020-08-22,Harris,Texas,48201,49128,762
2020-08-23,Harris,Texas,48201,49607,775
2020-08-24,Harris,Texas,48201,49980,778
2020-08-25,Harris,Texas,48201,50185,780
2020-08-26,Harris,Texas,48201,50432,783
2020-08-27,Harris,Texas,48201,50901,786
2020-08-28,Harris,Texas,48201,51038,789
2020-08-29,Harris,Texas,48201,51648,794
2020-08-30,Harris,Texas,48201,52188,807
2020-08-31,Harris,Texas,48201,52805,822
2020-09-01,Harris,Texas,48201,53100,825
2020-09-02,Harris,Texas,48201,53610,829
2020-09-03,Harris,Texas,48201,53705,830
2020-09-04,Harris,Texas,48201,53916,834
2020-09-05,Harris,Texas,48201,54188,836
2020-09-06,Harris,Texas,48201,54814,849
2020-09-07,Harris,Texas,48201,55263,853
2020-09-08,Harris,Texas,48201,55514,855
2020-09-09,Harris,Texas,48201,55853,864
2020-09-10,Harris,Texas,48201,56433,872
2020-09-11,Harris,Texas,48201,57122,879
2020-09-12,Harris,Texas,48201,57240,880
2020-09-13,Harris,Texas,48201,57867,895
2020-09-14,Harris,Texas,48201,58077,897
2020-09-15,Harris,Texas,48201,58542,903
2020-09-16,Harris,Texas,48201,59045,907
2020-09-17,Harris,Texas,48201,59356,908
2020-09-18,Harris,Texas,48201,59627,911
2020-09-19,Harris,Texas,48201,60270,923
2020-09-20,Harris,Texas,48201,60593,932
2020-09-21,Harris,Texas,48201,61249,945
2020-09-22,Harris,Texas,48201,61960,962
2020-09-23,Harris,Texas,48201,62706,977
2020-09-24,Harris,Texas,48201,63380,995
2020-09-25,Harris,Texas,48201,64030,1012
2020-09-26,Harris,Texas,48201,64288,1016
2020-09-27,Harris,Texas,48201,64978,1034
2020-09-28,Harris,Texas,48201,65350,1038
2020-09-29,Harris,Texas,48201,65657,1040
2020-09-30,Harris,Texas,48201,66319,1050
2020-10-01,Harris,Texas,48201,66442,1052
2020-10-02,Harris,Texas,48201,67065,1063
2020-10-03,Harris,Texas,48201,67162,1065
2020-10-04,Harris,Texas,48201,67782,1073
2020-10-05,Harris,Texas,48201,67966,1076
2020-10-06,Harris,Texas,48201,68360,1087
2020-10-07,Harris,Texas,48201,69104,1104
2020-10-08,Harris,Texas,48201,69601,1111
2020-10-09,Harris,Texas,48201,69944,1120
2020-10-10,Harris,Texas,48201,70321,1127
2020-10-11,Harris,Texas,48201,70818,1132
2020-10-12,Harris,Texas,48201,70923,1134
2020-10-13,Harris,Texas,48201,71319,1144
2020-10-14,Harris,Texas,48201,71837,1157
2020-10-15,Harris,Texas,48201,72503,1167
2020-10-16,Harris,Texas,48201,72631,1170
2020-10-17,Harris,Texas,48201,73135,1183
2020-10-18,Harris,Texas,48201,73282,1187
2020-10-19,Harris,Texas,48201,73518,1191
2020-10-20,Harris,Texas,48201,74137,1208
2020-10-21,Harris,Texas,48201,74846,1219
2020-10-22,Harris,Texas,48201,75162,1224
2020-10-23,Harris,Texas,48201,75492,1229
2020-10-24,Harris,Texas,48201,75801,1235
2020-10-25,Harris,Texas,48201,75945,1238
2020-10-26,Harris,Texas,48201,76317,1240
2020-10-27,Harris,Texas,48201,76474,1242
2020-10-28,Harris,Texas,48201,76761,1247
2020-10-29,Harris,Texas,48201,77332,1252
2020-10-30,Harris,Texas,48201,77613,1254
2020-10-31,Harris,Texas,48201,78344,1268
2020-11-01,Harris,Texas,48201,78860,1276
2020-11-02,Harris,Texas,48201,79295,1278
2020-11-03,Harris,Texas,48201,80033,1298
2020-11-04,Harris,Texas,48201,80341,1306
2020-11-05,Harris,Texas,48201,80861,1318
2020-11-06,Harris,Texas,48201,81605,1334
2020-11-07,Harris,Texas,48201,82782,1346
2020-11-08,Harris,Texas,48201,83452,1350
2020-11-09,Harris,Texas,48201,84667,1378
2020-11-10,Harris,Texas,48201,85248,1383
2020-11-11,Harris,Texas,48201,86165,1389
2020-11-12,Harris,Texas,48201,87388,1411
2020-11-13,Harris,Texas,48201,87860,1417
2020-11-14,Harris,Texas,48201,88646,1426
2020-11-15,Harris,Texas,48201,88966,1428
2020-11-16,Harris,Texas,48201,89311,1437
2020-11-17,Harris,Texas,48201,90565,1460
2020-11-18,Harris,Texas,48201,91833,1498
2020-11-19,Harris,Texas,48201,92599,1505
2020-11-20,Harris,Texas,48201,93307,1523
2020-11-21,Harris,Texas,48201,94171,1544
2020-11-22,Harris,Texas,48201,95165,1567
2020-11-23,Harris,Texas,48201,95729,1578
2020-11-24,Harris,Texas,48201,96659,1600
2020-11-25,Harris,Texas,48201,97402,1614
2020-11-26,Harris,Texas,48201,97743,1618
2020-11-27,Harris,Texas,48201,98391,1626
2020-11-28,Harris,Texas,48201,98695,1633
2020-11-29,Harris,Texas,48201,99002,1635
2020-11-30,Harris,Texas,48201,100149,1653
2020-12-01,Harris,Texas,48201,101085,1671
2020-12-02,Harris,Texas,48201,101462,1680
2020-12-03,Harris,Texas,48201,102478,1685
2020-12-04,Harris,Texas,48201,103093,1702
2020-12-05,Harris,Texas,48201,104348,1712
2020-12-06,Harris,Texas,48201,105612,1740
2020-12-07,Harris,Texas,48201,106414,1754
2020-12-08,Harris,Texas,48201,107555,1761
2020-12-09,Harris,Texas,48201,108082,1767
2020-12-10,Harris,Texas,48201,108530,1779
2020-12-11,Harris,Texas,48201,109658,1790
2020-12-12,Harris,Texas,48201,110284,1797
2020-12-13,Harris,Texas,48201,111278,1808
2020-12-14,Harris,Texas,48201,112136,1825
2020-12-15,Harris,Texas,48201,113264,1850
2020-12-16,Harris,Texas,48201,113809,1860
2020-12-17,Harris,Texas,48201,114854,1869
2020-12-18,Harris,Texas,48201,115388,1877
2020-12-19,Harris,Texas,48201,116147,1889
2020-12-20,Harris,Texas,48201,117382,1923
2020-12-21,Harris,Texas,48201,118172,1931
2020-12-22,Harris,Texas,48201,118595,1937
2020-12-23,Harris,Texas,48201,119194,1945
2020-12-24,Harris,Texas,48201,119998,1957
2020-12-25,Harris,Texas,48201,121044,1985
2020-12-26,Harris,Texas,48201,121765,2005
2020-12-27,Harris,Texas,48201,122550,2015
2020-12-28,Harris,Texas,48201,122879,2021
2020-12-29,Harris,Texas,48201,124190,2057
2020-12-30,Harris,Texas,48201,125157,2081
2020-12-31,Harris,Texas,48201,125739,2091
2021-01-01,Harris,Texas,48201,126896,2107
2021-01-02,Harris,Texas,48201,127487,2114
2021-01-03,Harris,Texas,48201,128040,2120
2021-01-04,Harris,Texas,48201,128891,2131
2021-01-05,Harris,Texas,48201,129838,2155
2021-01-06,Harris,Texas,48201,130625,2167
2021-01-07,Harris,Texas,48201,131194,2181
2021-01-08,Harris,Texas,48201,131507,2188
2021-01-09,Harris,Texas,48201,132061,2196
2021-01-10,Harris,Texas,48201,132818,2208
2021-01-11,Harris,Texas,48201,133129,2216
2021-01-12,Harris,Texas,48201,133437,2224
2021-01-13,Harris,Texas,48201,134196,2234
2021-01-14,Harris,Texas,48201,134827,2244
2021-01-15,Harris,Texas,48201,135335,2247
2021-01-16,Harris,Texas,48201,135976,2257
2021-01-17,Harris,Texas,48201,136493,2269
2021-01-18,Harris,Texas,48201,136842,2275
2021-01-19,Harris,Texas,48201,138017,2299
2021-01-20,Harris,Texas,48201,138352,2307
2021-01-21,Harris,Texas,48201,139470,2334
2021-01-22,Harris,Texas,48201,140174,2343
2021-01-23,Harris,Texas,48201,141029,2352
2021-01-24,Harris,Texas,48201,141640,2359
2021-01-25,Harris,Texas,48201,142198,2375
2021-01-26,Harris,Texas,48201,143386,2400
2021-01-27,Harris,Texas,48201,144146,2408
2021-01-28,Harris,Texas,48201,145507,2445
2021-01-29,Harris,Texas,48201,146768,2455
2021-01-30,Harris,Texas,48201,147516,2477
2021-01-31,Harris,Texas,48201,148512,2504
2021-02-01,Harris,Texas,48201,149553,2509
2021-02-02,Harris,Texas,48201,150919,2524
2021-02-03,Harris,Texas,48201,151234,2533
2021-02-04,Harris,Texas,48201,152350,2540
2021-02-05,Harris,Texas,48201,153464,2568
2021-02-06,Harris,Texas,48201,154408,2590
2021-02-07,Harris,Texas,48201,155099,2600
2021-02-08,Harris,Texas,48201,155470,2608
2021-02-09,Harris,Texas,48201,156429,2626
2021-02-10,Harris,Texas,48201,157543,2654
2021-02-11,Harris,Texas,48201,158949,2664
2021-02-12,Harris,Texas,48201,159346,2674
2021-02-13,Harris,Texas,48201,160197,2694
2021-02-14,Harris,Texas,48201,160502,2702
2021-02-15,Harris,Texas,48201,160785,2703
2021-02-16,Harris,Texas,48201,161223,2710
2021-02-17,Harris,Texas,48201,161517,2712
2021-02-18,Harris,Texas,48201,161914,2720
2021-02-19,Harris,Texas,48201,162249,2727
2021-02-20,Harris,Texas,48201,162475,2730
2021-02-21,Harris,Texas,48201,162844,2735
2021-02-22,Harris,Texas,48201,163245,2744
2021-02-23,Harris,Texas,48201,163519,2751
2021-02-24,Harris,Texas,48201,163947,2753
2021-02-25,Harris,Texas,48201,164217,2755
2021-02-26,Harris,Texas,48201,164501,2763
2021-02-27,Harris,Texas,48201,164871,2765
2021-02-28,Harris,Texas,48201,165267,2767
2021-03-01,Harris,Texas,48201,165699,2776
2021-03-02,Harris,Texas,48201,166119,2778
2021-03-03,Harris,Texas,48201,166298,2782
2021-03-04,Harris,Texas,48201,166626,2791
2021-03-05,Harris,Texas,48201,167123,2797
2021-03-06,Harris,Texas,48201,167612,2807
2021-03-07,Harris,Texas,48201,167999,2813
2021-03-08,Harris,Texas,48201,168524,2816
2021-03-09,Harris,Texas,48201,168644,2816
2021-03-10,Harris,Texas,48201,169150,2825
2021-03-11,Harris,Texas,48201,169421,2828
2021-03-12,Harris,Texas,48201,169660,2834
2021-03-13,Harris,Texas,48201,169854,2837
2021-03-14,Harris,Texas,48201,169990,2839
2021-03-15,Harris,Texas,48201,170433,2844
2021-03-16,Harris,Texas,48201,170650,2846
2021-03-17,Harris,Texas,48201,170886,2847
2021-03-18,Harris,Texas,48201,171068,2850
2021-03-19,Harris,Texas,48201,171295,2851
2021-03-20,Harris,Texas,48201,171812,2864
2021-03-21,Harris,Texas,48201,171984,2867
2021-03-22,Harris,Texas,48201,172447,2874
2021-03-23,Harris,Texas,48201,172647,2876
2021-03-24,Harris,Texas,48201,172779,2879
2021-03-25,Harris,Texas,48201,173194,2888
2021-03-26,Harris,Texas,48201,173479,2891
2021-03-27,Harris,Texas,48201,173981,2899
2021-03-28,Harris,Texas,48201,174217,2901
2021-03-29,Harris,Texas,48201,174768,2916
2021-03-30,Harris,Texas,48201,174898,2918
2021-03-31,Harris,Texas,48201,174996,2919
2021-04-01,Harris,Texas,48201,175266,2922
2021-04-02,Harris,Texas,48201,175805,2930
2021-04-03,Harris,Texas,48201,176049,2936
2021-04-04,Harris,Texas,48201,176307,2943
2021-04-05,Harris,Texas,48201,176842,2956
2021-04-06,Harris,Texas,48201,177108,2958
2021-04-07,Harris,Texas,48201,177258,2960
2021-04-08,Harris,Texas,48201,177506,2966
2021-04-09,Harris,Texas,48201,177980,2969
2021-04-10,Harris,Texas,48201,178346,2973
2021-04-11,Harris,Texas,48201,178857,2985
2021-04-12,Harris,Texas,48201,178987,2986
2021-04-13,Harris,Texas,48201,179551,3002
2021-04-14,Harris,Texas,48201,179800,3008
2021-04-15,Harris,Texas,48201,180289,3022
2021-04-16,Harris,Texas,48201,180435,3024
2021-04-17,Harris,Texas,48201,180886,3028
2021-04-18,Harris,Texas,48201,181233,3037
2021-04-19,Harris,Texas,48201,181373,3038
2021-04-20,Harris,Texas,48201,181718,3047
2021-04-21,Harris,Texas,48201,181855,3050
2021-04-22,Harris,Texas,48201,182310,3060
2021-04-23,Harris,Texas,48201,182872,3076
2021-04-24,Harris,Texas,48201,182996,3077
2021-04-25,Harris,Texas,48201,183271,3080
2021-04-26,Harris,Texas,48201,183696,3092
2021-04-27,Harris,Texas,48201,183871,3096
2021-04-28,Harris,Texas,48201,184013,3098
2021-04-29,Harris,Texas,48201,184281,3102
2021-04-30,Harris,Texas,48201,184771,3116
2021-05-01,Harris,Texas,48201,185264,3128
2021-05-02,Harris,Texas,48201,185704,3131
2021-05-03,Harris,Texas,48201,185828,3132
2021-05-04,Harris,Texas,48201,186144,3135
2021-05-05,Harris,Texas,48201,186281,3135
2021-05-06,Harris,Texas,48201,186716,3138
2021-05-07,Harris,Texas,48201,186927,3140
2021-05-08,Harris,Texas,48201,187323,3145
2021-05-09,Harris,Texas,48201,187817,3159
2021-05-10,Harris,Texas,48201,188062,3160
2021-05-11,Harris,Texas,48201,188184,3161
2021-05-12,Harris,Texas,48201,188283,3162
2021-05-13,Harris,Texas,48201,188418,3165
2021-05-14,Harris,Texas,48201,188933,3175
2021-05-15,Harris,Texas,48201,189445,3182
2021-05-16,Harris,Texas,48201,189828,3186
2021-05-17,Harris,Texas,48201,190284,3191
2021-05-18,Harris,Texas,48201,190569,3198
2021-05-19,Harris,Texas,48201,190866,3205
2021-05-20,Harris,Texas,48201,191104,3212
2021-05-21,Harris,Texas,48201,191341,3217
2021-05-22,Harris,Texas,48201,191784,3221
2021-05-23,Harris,Texas,48201,192156,3224
2021-05-24,Harris,Texas,48201,192692,3238
2021-05-25,Harris,Texas,48201,193068,3243
2021-05-26,Harris,Texas,48201,193188,3244
2021-05-27,Harris,Texas,48201,193320,3246
2021-05-28,Harris,Texas,48201,193760,3249
2021-05-29,Harris,Texas,48201,194051,3251
2021-05-30,Harris,Texas,48201,194472,3257
2021-05-31,Harris,Texas,48201,194868,3265
2021-06-01,Harris,Texas,48201,195006,3265
2021-06-02,Harris,Texas,48201,195455,3276
2021-06-03,Harris,Texas,48201,195880,3283
2021-06-04,Harris,Texas,48201,196036,3286
2021-06-05,Harris,Texas,48201,196193,3289
2021-06-06,Harris,Texas,48201,196477,3291
2021-06-07,Harris,Texas,48201,196959,3304
2021-06-08,Harris,Texas,48201,197124,3305
2021-06-09,Harris,Texas,48201,197600,3311
2021-06-10,Harris,Texas,48201,197994,3314
2021-06-11,Harris,Texas,48201,198456,3325
2021-06-12,Harris,Texas,48201,198818,3330
2021-06-13,Harris,Texas,48201,198981,3332
2021-06-14,Harris,Texas,48201,199372,3338
2021-06-15,Harris,Texas,48201,199843,3348
2021-06-16,Harris,Texas,48201,200288,3350
2021-06-17,Harris,Texas,48201,200650,3353
2021-06-18,Harris,Texas,48201,201121,3362
2021-06-19,Harris,Texas,48201,201656,3373
2021-06-20,Harris,Texas,48201,201982,3380
2021-06-21,Harris,Texas,48201,202336,3385
2021-06-22,Harris,Texas,48201,202761,3388
2021-06-23,Harris,Texas,48201,202869,3391
2021-06-24,Harris,Texas,48201,203274,3402
2021-06-25,Harris,Texas,48201,203494,3404
2021-06-26,Harris,Texas,48201,203820,3406
2021-06-27,Harris,Texas,48201,204293,3414
2021-06-28,Harris,Texas,48201,204829,3418
2021-06-29,Harris,Texas,48201,205088,3421
2021-06-30,Harris,Texas,48201,205270,3425
2020-03-01,Bexar,Texas,48029,0,0
2020-03-02,Bexar,Texas,48029,10,0
2020-03-03,Bexar,Texas,48029,22,0
2020-03-04,Bexar,Texas,48029,24,0
2020-03-05,Bexar,Texas,48029,34,0
2020-03-06,Bexar,Texas,48029,41,0
2020-03-07,Bexar,Texas,48029,41,0
2020-03-08,Bexar,Texas,48029,57,0
2020-03-09,Bexar,Texas,48029,65,0
2020-03-10,Bexar,Texas,48029,71,0
2020-03-11,Bexar,Texas,48029,80,0
2020-03-12,Bexar,Texas,48029,93,0
2020-03-13,Bexar,Texas,48029,99,0
2020-03-14,Bexar,Texas,48029,99,0
2020-03-15,Bexar,Texas,48029,111,0
2020-03-16,Bexar,Texas,48029,122,0
2020-03-17,Bexar,Texas,48029,129,0
2020-03-18,Bexar,Texas,48029,133,0
2020-03-19,Bexar,Texas,48029,140,0
2020-03-20,Bexar,Texas,48029,147,0
2020-03-21,Bexar,Texas,48029,151,0
2020-03-22,Bexar,Texas,48029,161,0
2020-03-23,Bexar,Texas,48029,169,0
2020-03-24,Bexar,Texas,48029,175,0
2020-03-25,Bexar,Texas,48029,193,0
2020-03-26,Bexar,Texas,48029,209,0
2020-03-27,Bexar,Texas,48029,216,0
2020-03-28,Bexar,Texas,48029,224,0
2020-03-29,Bexar,Texas,48029,242,0
2020-03-30,Bexar,Texas,48029,242,0
2020-03-31,Bexar,Texas,48029,279,0
2020-04-01,Bexar,Texas,48029,333,0
2020-04-02,Bexar,Texas,48029,519,3
2020-04-03,Bexar,Texas,48029,645,5
2020-04-04,Bexar,Texas,48029,745,7
2020-04-05,Bexar,Texas,48029,900,10
2020-04-06,Bexar,Texas,48029,958,10
2020-04-07,Bexar,Texas,48029,1037,11
2020-04-08,Bexar,Texas,48029,1188,14
2020-04-09,Bexar,Texas,48029,1301,16
2020-04-10,Bexar,Texas,48029,1459,19
2020-04-11,Bexar,Texas,48029,1580,22
2020-04-12,Bexar,Texas,48029,1702,23
2020-04-13,Bexar,Texas,48029,1828,26
2020-04-14,Bexar,Texas,48029,1894,27
2020-04-15,Bexar,Texas,48029,2045,31
2020-04-16,Bexar,Texas,48029,2107,31
2020-04-17,Bexar,Texas,48029,2228,33
2020-04-18,Bexar,Texas,48029,2407,38
2020-04-19,Bexar,Texas,48029,2500,38
2020-04-20,Bexar,Texas,48029,2530,38
2020-04-21,Bexar,Texas,48029,2681,39
2020-04-22,Bexar,Texas,48029,2832,41
2020-04-23,Bexar,Texas,48029,2997,42
2020-04-24,Bexar,Texas,48029,3109,44
2020-04-25,Bexar,Texas,48029,3275,47
2020-04-26,Bexar,Texas,48029,3433,51
2020-04-27,Bexar,Texas,48029,3512,52
2020-04-28,Bexar,Texas,48029,3558,53
2020-04-29,Bexar,Texas,48029,3644,54
2020-04-30,Bexar,Texas,48029,3783,57
2020-05-01,Bexar,Texas,48029,3960,58
2020-05-02,Bexar,Texas,48029,4143,62
2020-05-03,Bexar,Texas,48029,4325,66
2020-05-04,Bexar,Texas,48029,4365,66
2020-05-05,Bexar,Texas,48029,4429,66
2020-05-06,Bexar,Texas,48029,4527,67
2020-05-07,Bexar,Texas,48029,4608,68
2020-05-08,Bexar,Texas,48029,4681,70
2020-05-09,Bexar,Texas,48029,4777,72
2020-05-10,Bexar,Texas,48029,4912,74
2020-05-11,Bexar,Texas,48029,5042,75
2020-05-12,Bexar,Texas,48029,5120,76
2020-05-13,Bexar,Texas,48029,5226,77
2020-05-14,Bexar,Texas,48029,5296,77
2020-05-15,Bexar,Texas,48029,5419,78
2020-05-16,Bexar,Texas,48029,5453,78
2020-05-17,Bexar,Texas,48029,5509,79
2020-05-18,Bexar,Texas,48029,5587,80
2020-05-19,Bexar,Texas,48029,5748,82
2020-05-20,Bexar,Texas,48029,5881,85
2020-05-21,Bexar,Texas,48029,6027,87
2020-05-22,Bexar,Texas,48029,6143,88
2020-05-23,Bexar,Texas,48029,6212,90
2020-05-24,Bexar,Texas,48029,6243,90
2020-05-25,Bexar,Texas,48029,6438,92
2020-05-26,Bexar,Texas,48029,6618,97
2020-05-27,Bexar,Texas,48029,6715,98
2020-05-28,Bexar,Texas,48029,6756,98
2020-05-29,Bexar,Texas,48029,6797,98
2020-05-30,Bexar,Texas,48029,6905,99
2020-05-31,Bexar,Texas,48029,6965,100
2020-06-01,Bexar,Texas,48029,7049,101
2020-06-02,Bexar,Texas,48029,7207,104
2020-06-03,Bexar,Texas,48029,7305,106
2020-06-04,Bexar,Texas,48029,7435,108
2020-06-05,Bexar,Texas,48029,7563,109
2020-06-06,Bexar,Texas,48029,7713,113
2020-06-07,Bexar,Texas,48029,7742,113
2020-06-08,Bexar,Texas,48029,7825,114
2020-06-09,Bexar,Texas,48029,7878,115
2020-06-10,Bexar,Texas,48029,7969,115
2020-06-11,Bexar,Texas,48029,7995,115
2020-06-12,Bexar,Texas,48029,8074,116
2020-06-13,Bexar,Texas,48029,8209,117
2020-06-14,Bexar,Texas,48029,8279,117
2020-06-15,Bexar,Texas,48029,8349,118
2020-06-16,Bexar,Texas,48029,8503,119
2020-06-17,Bexar,Texas,48029,8642,120
2020-06-18,Bexar,Texas,48029,8730,121
2020-06-19,Bexar,Texas,48029,8852,123
2020-06-20,Bexar,Texas,48029,8917,124
2020-06-21,Bexar,Texas,48029,8945,124
2020-06-22,Bexar,Texas,48029,9079,126
2020-06-23,Bexar,Texas,48029,9105,126
2020-06-24,Bexar,Texas,48029,9161,127
2020-06-25,Bexar,Texas,48029,9280,127
2020-06-26,Bexar,Texas,48029,9454,131
2020-06-27,Bexar,Texas,48029,9553,132
2020-06-28,Bexar,Texas,48029,9716,134
2020-06-29,Bexar,Texas,48029,9868,137
2020-06-30,Bexar,Texas,48029,9937,137
2020-07-01,Bexar,Texas,48029,10050,138
2020-07-02,Bexar,Texas,48029,10094,138
2020-07-03,Bexar,Texas,48029,10177,139
2020-07-04,Bexar,Texas,48029,10389,142
2020-07-05,Bexar,Texas,48029,10669,149
2020-07-06,Bexar,Texas,48029,10940,153
2020-07-07,Bexar,Texas,48029,11176,157
2020-07-08,Bexar,Texas,48029,11229,157
2020-07-09,Bexar,Texas,48029,11326,159
2020-07-10,Bexar,Texas,48029,11605,162
2020-07-11,Bexar,Texas,48029,11805,163
2020-07-12,Bexar,Texas,48029,12038,168
2020-07-13,Bexar,Texas,48029,12308,171
2020-07-14,Bexar,Texas,48029,12472,174
2020-07-15,Bexar,Texas,48029,12703,179
2020-07-16,Bexar,Texas,48029,12845,179
2020-07-17,Bexar,Texas,48029,13160,187
2020-07-18,Bexar,Texas,48029,13466,195
2020-07-19,Bexar,Texas,48029,13708,201
2020-07-20,Bexar,Texas,48029,13930,205
2020-07-21,Bexar,Texas,48029,14126,210
2020-07-22,Bexar,Texas,48029,14355,213
2020-07-23,Bexar,Texas,48029,14640,218
2020-07-24,Bexar,Texas,48029,14705,218
2020-07-25,Bexar,Texas,48029,14796,219
2020-07-26,Bexar,Texas,48029,15100,223
2020-07-27,Bexar,Texas,48029,15274,226
2020-07-28,Bexar,Texas,48029,15395,227
2020-07-29,Bexar,Texas,48029,15560,230
2020-07-30,Bexar,Texas,48029,15833,237
2020-07-31,Bexar,Texas,48029,16105,238
2020-08-01,Bexar,Texas,48029,16364,242
2020-08-02,Bexar,Texas,48029,16563,243
2020-08-03,Bexar,Texas,48029,16744,245
2020-08-04,Bexar,Texas,48029,16889,245
2020-08-05,Bexar,Texas,48029,17089,249
2020-08-06,Bexar,Texas,48029,17212,252
2020-08-07,Bexar,Texas,48029,17421,253
2020-08-08,Bexar,Texas,48029,17518,253
2020-08-09,Bexar,Texas,48029,17815,259
2020-08-10,Bexar,Texas,48029,17904,261
2020-08-11,Bexar,Texas,48029,18157,265
2020-08-12,Bexar,Texas,48029,18377,269
2020-08-13,Bexar,Texas,48029,18550,271
2020-08-14,Bexar,Texas,48029,18711,273
2020-08-15,Bexar,Texas,48029,18840,276
2020-08-16,Bexar,Texas,48029,19015,278
2020-08-17,Bexar,Texas,48029,19140,280
2020-08-18,Bexar,Texas,48029,19362,285
2020-08-19,Bexar,Texas,48029,19581,287
2020-08-20,Bexar,Texas,48029,19897,291
2020-08-21,Bexar,Texas,48029,20069,293
2020-08-22,Bexar,Texas,48029,20203,295
2020-08-23,Bexar,Texas,48029,20401,300
2020-08-24,Bexar,Texas,48029,20644,306
2020-08-25,Bexar,Texas,48029,20758,308
2020-08-26,Bexar,Texas,48029,21049,312
2020-08-27,Bexar,Texas,48029,21354,318
2020-08-28,Bexar,Texas,48029,21477,318
2020-08-29,Bexar,Texas,48029,21576,319
2020-08-30,Bexar,Texas,48029,21746,324
2020-08-31,Bexar,Texas,48029,21972,325
2020-09-01,Bexar,Texas,48029,22278,331
2020-09-02,Bexar,Texas,48029,22447,335
2020-09-03,Bexar,Texas,48029,22702,340
2020-09-04,Bexar,Texas,48029,22815,342
2020-09-05,Bexar,Texas,48029,23084,347
2020-09-06,Bexar,Texas,48029,23318,350
2020-09-07,Bexar,Texas,48029,23406,352
2020-09-08,Bexar,Texas,48029,23577,354
2020-09-09,Bexar,Texas,48029,23729,355
2020-09-10,Bexar,Texas,48029,23865,357
2020-09-11,Bexar,Texas,48029,24110,361
2020-09-12,Bexar,Texas,48029,24176,362
2020-09-13,Bexar,Texas,48029,24461,366
2020-09-14,Bexar,Texas,48029,24561,368
2020-09-15,Bexar,Texas,48029,24643,370
2020-09-16,Bexar,Texas,48029,24833,375
2020-09-17,Bexar,Texas,48029,24971,375
2020-09-18,Bexar,Texas,48029,25228,381
2020-09-19,Bexar,Texas,48029,25488,387
2020-09-20,Bexar,Texas,48029,25664,390
2020-09-21,Bexar,Texas,48029,25937,393
2020-09-22,Bexar,Texas,48029,26117,396
2020-09-23,Bexar,Texas,48029,26269,397
2020-09-24,Bexar,Texas,48029,26560,402
2020-09-25,Bexar,Texas,48029,26855,408
2020-09-26,Bexar,Texas,48029,26928,408
2020-09-27,Bexar,Texas,48029,27015,408
2020-09-28,Bexar,Texas,48029,27261,414
2020-09-29,Bexar,Texas,48029,27480,417
2020-09-30,Bexar,Texas,48029,27604,419
2020-10-01,Bexar,Texas,48029,27714,421
2020-10-02,Bexar,Texas,48029,28033,426
2020-10-03,Bexar,Texas,48029,28273,428
2020-10-04,Bexar,Texas,48029,28587,434
2020-10-05,Bexar,Texas,48029,28764,438
2020-10-06,Bexar,Texas,48029,29034,441
2020-10-07,Bexar,Texas,48029,29155,443
2020-10-08,Bexar,Texas,48029,29395,447
2020-10-09,Bexar,Texas,48029,29714,452
2020-10-10,Bexar,Texas,48029,29814,454
2020-10-11,Bexar,Texas,48029,29958,457
2020-10-12,Bexar,Texas,48029,30008,457
2020-10-13,Bexar,Texas,48029,30101,459
2020-10-14,Bexar,Texas,48029,30169,459
2020-10-15,Bexar,Texas,48029,30306,462
2020-10-16,Bexar,Texas,48029,30530,463
2020-10-17,Bexar,Texas,48029,30599,464
2020-10-18,Bexar,Texas,48029,30902,468
2020-10-19,Bexar,Texas,48029,31163,471
2020-10-20,Bexar,Texas,48029,31212,471
2020-10-21,Bexar,Texas,48029,31448,473
2020-10-22,Bexar,Texas,48029,31636,475
2020-10-23,Bexar,Texas,48029,31703,476
2020-10-24,Bexar,Texas,48029,31786,477
2020-10-25,Bexar,Texas,48029,31928,480
2020-10-26,Bexar,Texas,48029,32034,481
2020-10-27,Bexar,Texas,48029,32296,486
2020-10-28,Bexar,Texas,48029,32460,489
2020-10-29,Bexar,Texas,48029,32599,490
2020-10-30,Bexar,Texas,48029,32759,494
2020-10-31,Bexar,Texas,48029,32902,497
2020-11-01,Bexar,Texas,48029,33041,499
2020-11-02,Bexar,Texas,48029,33195,501
2020-11-03,Bexar,Texas,48029,33362,502
2020-11-04,Bexar,Texas,48029,33553,504
2020-11-05,Bexar,Texas,48029,33617,504
2020-11-06,Bexar,Texas,48029,34122,516
2020-11-07,Bexar,Texas,48029,34604,525
2020-11-08,Bexar,Texas,48029,34759,526
2020-11-09,Bexar,Texas,48029,35169,537
2020-11-10,Bexar,Texas,48029,35438,541
2020-11-11,Bexar,Texas,48029,35707,546
2020-11-12,Bexar,Texas,48029,36035,554
2020-11-13,Bexar,Texas,48029,36598,561
2020-11-14,Bexar,Texas,48029,37060,571
2020-11-15,Bexar,Texas,48029,37379,578
2020-11-16,Bexar,Texas,48029,37924,593
2020-11-17,Bexar,Texas,48029,38173,600
2020-11-18,Bexar,Texas,48029,38387,605
2020-11-19,Bexar,Texas,48029,38975,617
2020-11-20,Bexar,Texas,48029,39414,629
2020-11-21,Bexar,Texas,48029,39858,633
2020-11-22,Bexar,Texas,48029,40153,639
2020-11-23,Bexar,Texas,48029,40678,648
2020-11-24,Bexar,Texas,48029,40871,652
2020-11-25,Bexar,Texas,48029,41238,662
2020-11-26,Bexar,Texas,48029,41523,670
2020-11-27,Bexar,Texas,48029,41965,674
2020-11-28,Bexar,Texas,48029,42435,685
2020-11-29,Bexar,Texas,48029,43010,698
2020-11-30,Bexar,Texas,48029,43514,702
2020-12-01,Bexar,Texas,48029,43877,710
2020-12-02,Bexar,Texas,48029,44184,718
2020-12-03,Bexar,Texas,48029,44354,722
2020-12-04,Bexar,Texas,48029,44797,734
2020-12-05,Bexar,Texas,48029,45300,738
2020-12-06,Bexar,Texas,48029,45547,743
2020-12-07,Bexar,Texas,48029,45822,745
2020-12-08,Bexar,Texas,48029,46123,753
2020-12-09,Bexar,Texas,48029,46524,762
2020-12-10,Bexar,Texas,48029,46907,771
2020-12-11,Bexar,Texas,48029,47097,773
2020-12-12,Bexar,Texas,48029,47514,778
2020-12-13,Bexar,Texas,48029,48103,792
2020-12-14,Bexar,Texas,48029,48440,795
2020-12-15,Bexar,Texas,48029,48862,801
2020-12-16,Bexar,Texas,48029,49161,804
2020-12-17,Bexar,Texas,48029,49461,811
2020-12-18,Bexar,Texas,48029,49715,818
2020-12-19,Bexar,Texas,48029,49887,819
2020-12-20,Bexar,Texas,48029,50378,827
2020-12-21,Bexar,Texas,48029,50906,841
2020-12-22,Bexar,Texas,48029,51190,843
2020-12-23,Bexar,Texas,48029,51753,848
2020-12-24,Bexar,Texas,48029,52337,860
2020-12-25,Bexar,Texas,48029,52526,861
2020-12-26,Bexar,Texas,48029,53043,871
2020-12-27,Bexar,Texas,48029,53211,874
2020-12-28,Bexar,Texas,48029,53544,883
2020-12-29,Bexar,Texas,48029,53870,887
2020-12-30,Bexar,Texas,48029,54038,891
2020-12-31,Bexar,Texas,48029,54292,895
2021-01-01,Bexar,Texas,48029,54450,897
2021-01-02,Bexar,Texas,48029,54634,898
2021-01-03,Bexar,Texas,48029,54790,901
2021-01-04,Bexar,Texas,48029,55027,903
2021-01-05,Bexar,Texas,48029,55275,904
2021-01-06,Bexar,Texas,48029,55442,905
2021-01-07,Bexar,Texas,48029,55643,907
2021-01-08,Bexar,Texas,48029,55950,910
2021-01-09,Bexar,Texas,48029,56314,919
2021-01-10,Bexar,Texas,48029,56624,922
2021-01-11,Bexar,Texas,48029,57180,925
2021-01-12,Bexar,Texas,48029,57575,936
2021-01-13,Bexar,Texas,48029,58013,943
2021-01-14,Bexar,Texas,48029,58185,946
2021-01-15,Bexar,Texas,48029,58678,953
2021-01-16,Bexar,Texas,48029,59154,959
2021-01-17,Bexar,Texas,48029,59506,966
2021-01-18,Bexar,Texas,48029,59957,968
2021-01-19,Bexar,Texas,48029,60277,977
2021-01-20,Bexar,Texas,48029,60637,979
2021-01-21,Bexar,Texas,48029,61019,988
2021-01-22,Bexar,Texas,48029,61329,989
2021-01-23,Bexar,Texas,48029,61593,993
2021-01-24,Bexar,Texas,48029,62104,998
2021-01-25,Bexar,Texas,48029,62332,1003
2021-01-26,Bexar,Texas,48029,62530,1008
2021-01-27,Bexar,Texas,48029,62964,1018
2021-01-28,Bexar,Texas,48029,63207,1021
2021-01-29,Bexar,Texas,48029,63470,1026
2021-01-30,Bexar,Texas,48029,63630,1026
2021-01-31,Bexar,Texas,48029,64095,1036
2021-02-01,Bexar,Texas,48029,64326,1041
2021-02-02,Bexar,Texas,48029,64632,1049
2021-02-03,Bexar,Texas,48029,65135,1058
2021-02-04,Bexar,Texas,48029,65719,1071
2021-02-05,Bexar,Texas,48029,66200,1081
2021-02-06,Bexar,Texas,48029,66430,1082
2021-02-07,Bexar,Texas,48029,66941,1097
2021-02-08,Bexar,Texas,48029,67400,1106
2021-02-09,Bexar,Texas,48029,67848,1109
2021-02-10,Bexar,Texas,48029,68001,1113
2021-02-11,Bexar,Texas,48029,68389,1115
2021-02-12,Bexar,Texas,48029,68700,1120
2021-02-13,Bexar,Texas,48029,69098,1126
2021-02-14,Bexar,Texas,48029,69140,1126
2021-02-15,Bexar,Texas,48029,69203,1126
2021-02-16,Bexar,Texas,48029,69292,1127
2021-02-17,Bexar,Texas,48029,69459,1129
2021-02-18,Bexar,Texas,48029,69526,1130
2021-02-19,Bexar,Texas,48029,69756,1133
2021-02-20,Bexar,Texas,48029,69796,1133
2021-02-21,Bexar,Texas,48029,69920,1135
2021-02-22,Bexar,Texas,48029,70111,1138
2021-02-23,Bexar,Texas,48029,70253,1140
2021-02-24,Bexar,Texas,48029,70348,1140
2021-02-25,Bexar,Texas,48029,70561,1146
2021-02-26,Bexar,Texas,48029,70647,1148
2021-02-27,Bexar,Texas,48029,70760,1149
2021-02-28,Bexar,Texas,48029,70900,1150
2021-03-01,Bexar,Texas,48029,71076,1153
2021-03-02,Bexar,Texas,48029,71132,1153
2021-03-03,Bexar,Texas,48029,71261,1156
2021-03-04,Bexar,Texas,48029,71366,1156
2021-03-05,Bexar,Texas,48029,71468,1158
2021-03-06,Bexar,Texas,48029,71583,1159
2021-03-07,Bexar,Texas,48029,71761,1161
2021-03-08,Bexar,Texas,48029,71806,1161
2021-03-09,Bexar,Texas,48029,71862,1161
2021-03-10,Bexar,Texas,48029,72063,1162
2021-03-11,Bexar,Texas,48029,72285,1164
2021-03-12,Bexar,Texas,48029,72342,1164
2021-03-13,Bexar,Texas,48029,72484,1166
2021-03-14,Bexar,Texas,48029,72665,1169
2021-03-15,Bexar,Texas,48029,72707,1169
2021-03-16,Bexar,Texas,48029,72908,1174
2021-03-17,Bexar,Texas,48029,73038,1176
2021-03-18,Bexar,Texas,48029,73176,1179
2021-03-19,Bexar,Texas,48029,73356,1180
2021-03-20,Bexar,Texas,48029,73465,1181
2021-03-21,Bexar,Texas,48029,73686,1187
2021-03-22,Bexar,Texas,48029,73786,1187
2021-03-23,Bexar,Texas,48029,74008,1191
2021-03-24,Bexar,Texas,48029,74049,1191
2021-03-25,Bexar,Texas,48029,74167,1193
2021-03-26,Bexar,Texas,48029,74253,1194
2021-03-27,Bexar,Texas,48029,74404,1195
2021-03-28,Bexar,Texas,48029,74491,1196
2021-03-29,Bexar,Texas,48029,74582,1198
2021-03-30,Bexar,Texas,48029,74712,1201
2021-03-31,Bexar,Texas,48029,74843,1204
2021-04-01,Bexar,Texas,48029,74970,1204
2021-04-02,Bexar,Texas,48029,75087,1205
2021-04-03,Bexar,Texas,48029,75192,1208
2021-04-04,Bexar,Texas,48029,75400,1213
2021-04-05,Bexar,Texas,48029,75600,1216
2021-04-06,Bexar,Texas,48029,75767,1220
2021-04-07,Bexar,Texas,48029,75975,1224
2021-04-08,Bexar,Texas,48029,76109,1225
2021-04-09,Bexar,Texas,48029,76194,1225
2021-04-10,Bexar,Texas,48029,76350,1227
2021-04-11,Bexar,Texas,48029,76556,1231
2021-04-12,Bexar,Texas,48029,76662,1233
2021-04-13,Bexar,Texas,48029,76802,1237
2021-04-14,Bexar,Texas,48029,77041,1240
2021-04-15,Bexar,Texas,48029,77237,1242
2021-04-16,Bexar,Texas,48029,77333,1243
2021-04-17,Bexar,Texas,48029,77381,1243
2021-04-18,Bexar,Texas,48029,77596,1246
2021-04-19,Bexar,Texas,48029,77796,1251
2021-04-20,Bexar,Texas,48029,77944,1255
2021-04-21,Bexar,Texas,48029,78061,1258
2021-04-22,Bexar,Texas,48029,78270,1259
2021-04-23,Bexar,Texas,48029,78320,1259
2021-04-24,Bexar,Texas,48029,78530,1264
2021-04-25,Bexar,Texas,48029,78642,1266
2021-04-26,Bexar,Texas,48029,78860,1271
2021-04-27,Bexar,Texas,48029,78982,1271
2021-04-28,Bexar,Texas,48029,79043,1272
2021-04-29,Bexar,Texas,48029,79282,1276
2021-04-30,Bexar,Texas,48029,79383,1277
2021-05-01,Bexar,Texas,48029,79481,1279
2021-05-02,Bexar,Texas,48029,79604,1281
2021-05-03,Bexar,Texas,48029,79746,1284
2021-05-04,Bexar,Texas,48029,79816,1285
2021-05-05,Bexar,Texas,48029,79971,1286
2021-05-06,Bexar,Texas,48029,80078,1289
2021-05-07,Bexar,Texas,48029,80254,1293
2021-05-08,Bexar,Texas,48029,80410,1296
2021-05-09,Bexar,Texas,48029,80501,1298
2021-05-10,Bexar,Texas,48029,80646,1299
2021-05-11,Bexar,Texas,48029,80769,1302
2021-05-12,Bexar,Texas,48029,80884,1304
2021-05-13,Bexar,Texas,48029,81043,1308
2021-05-14,Bexar,Texas,48029,81274,1313
2021-05-15,Bexar,Texas,48029,81395,1314
2021-05-16,Bexar,Texas,48029,81461,1315
2021-05-17,Bexar,Texas,48029,81610,1315
2021-05-18,Bexar,Texas,48029,81803,1318
2021-05-19,Bexar,Texas,48029,81931,1320
2021-05-20,Bexar,Texas,48029,82090,1322
2021-05-21,Bexar,Texas,48029,82281,1323
2021-05-22,Bexar,Texas,48029,82434,1326
2021-05-23,Bexar,Texas,48029,82502,1326
2021-05-24,Bexar,Texas,48029,82635,1327
2021-05-25,Bexar,Texas,48029,82824,1331
2021-05-26,Bexar,Texas,48029,82953,1333
2021-05-27,Bexar,Texas,48029,83010,1334
2021-05-28,Bexar,Texas,48029,83202,1339
2021-05-29,Bexar,Texas,48029,83266,1340
2021-05-30,Bexar,Texas,48029,83390,1341
2021-05-31,Bexar,Texas,48029,83588,1344
2021-06-01,Bexar,Texas,48029,83821,1348
2021-06-02,Bexar,Texas,48029,83894,1348
2021-06-03,Bexar,Texas,48029,83980,1349
2021-06-04,Bexar,Texas,48029,84175,1350
2021-06-05,Bexar,Texas,48029,84243,1351
2021-06-06,Bexar,Texas,48029,84469,1353
2021-06-07,Bexar,Texas,48029,84585,1355
2021-06-08,Bexar,Texas,48029,84788,1360
2021-06-09,Bexar,Texas,48029,84995,1365
2021-06-10,Bexar,Texas,48029,85110,1368
2021-06-11,Bexar,Texas,48029,85201,1368
2021-06-12,Bexar,Texas,48029,85424,1371
2021-06-13,Bexar,Texas,48029,85532,1371
2021-06-14,Bexar,Texas,48029,85640,1372
2021-06-15,Bexar,Texas,48029,85758,1374
2021-06-16,Bexar,Texas,48029,85918,1375
2021-06-17,Bexar,Texas,48029,86059,1376
2021-06-18,Bexar,Texas,48029,86242,1377
2021-06-19,Bexar,Texas,48029,86439,1382
2021-06-20,Bexar,Texas,48029,86532,1383
2021-06-21,Bexar,Texas,48029,86737,1385
2021-06-22,Bexar,Texas,48029,86883,1388
2021-06-23,Bexar,Texas,48029,86991,1388
2021-06-24,Bexar,Texas,48029,87223,1392
2021-06-25,Bexar,Texas,48029,87416,1395
2021-06-26,Bexar,Texas,48029,87458,1395
2021-06-27,Bexar,Texas,48029,87568,1396
2021-06-28,Bexar,Texas,48029,87636,1397
2021-06-29,Bexar,Texas,48029,87740,1400
2021-06-30,Bexar,Texas,48029,87862,1403
2020-03-01,Fairfax,Virginia,51059,11,0
2020-03-02,Fairfax,Virginia,51059,20,0
2020-03-03,Fairfax,Virginia,51059,29,0
2020-03-04,Fairfax,Virginia,51059,35,0
2020-03-05,Fairfax,Virginia,51059,40,0
2020-03-06,Fairfax,Virginia,51059,47,0
2020-03-07,Fairfax,Virginia,51059,55,0
2020-03-08,Fairfax,Virginia,51059,56,0
2020-03-09,Fairfax,Virginia,51059,56,0
2020-03-10,Fairfax,Virginia,51059,66,0
2020-03-11,Fairfax,Virginia,51059,77,0
2020-03-12,Fairfax,Virginia,51059,83,0
2020-03-13,Fairfax,Virginia,51059,93,0
2020-03-14,Fairfax,Virginia,51059,101,0
2020-03-15,Fairfax,Virginia,51059,107,0
2020-03-16,Fairfax,Virginia,51059,113,0
2020-03-17,Fairfax,Virginia,51059,123,0
2020-03-18,Fairfax,Virginia,51059,125,0
2020-03-19,Fairfax,Virginia,51059,125,0
2020-03-20,Fairfax,Virginia,51059,134,0
2020-03-21,Fairfax,Virginia,51059,143,0
2020-03-22,Fairfax,Virginia,51059,152,0
2020-03-23,Fairfax,Virginia,51059,159,0
2020-03-24,Fairfax,Virginia,51059,162,0
2020-03-25,Fairfax,Virginia,51059,164,0
2020-03-26,Fairfax,Virginia,51059,170,0
2020-03-27,Fairfax,Virginia,51059,175,0
2020-03-28,Fairfax,Virginia,51059,175,0
2020-03-29,Fairfax,Virginia,51059,181,0
2020-03-30,Fairfax,Virginia,51059,188,0
2020-03-31,Fairfax,Virginia,51059,201,0
2020-04-01,Fairfax,Virginia,51059,288,1
2020-04-02,Fairfax,Virginia,51059,299,1
2020-04-03,Fairfax,Virginia,51059,361,1
2020-04-04,Fairfax,Virginia,51059,470,1
2020-04-05,Fairfax,Virginia,51059,510,1
2020-04-06,Fairfax,Virginia,51059,535,1
2020-04-07,Fairfax,Virginia,51059,553,1
2020-04-08,Fairfax,Virginia,51059,592,1
2020-04-09,Fairfax,Virginia,51059,694,2
2020-04-10,Fairfax,Virginia,51059,782,4
2020-04-11,Fairfax,Virginia,51059,830,4
2020-04-12,Fairfax,Virginia,51059,911,5
2020-04-13,Fairfax,Virginia,51059,951,6
2020-04-14,Fairfax,Virginia,51059,986,6
2020-04-15,Fairfax,Virginia,51059,1003,6
2020-04-16,Fairfax,Virginia,51059,1093,7
2020-04-17,Fairfax,Virginia,51059,1160,8
2020-04-18,Fairfax,Virginia,51059,1191,8
2020-04-19,Fairfax,Virginia,51059,1302,9
2020-04-20,Fairfax,Virginia,51059,1364,10
2020-04-21,Fairfax,Virginia,51059,1446,10
2020-04-22,Fairfax,Virginia,51059,1512,11
2020-04-23,Fairfax,Virginia,51059,1567,12
2020-04-24,Fairfax,Virginia,51059,1667,13
2020-04-25,Fairfax,Virginia,51059,1779,13
2020-04-26,Fairfax,Virginia,51059,1804,13
2020-04-27,Fairfax,Virginia,51059,1843,13
2020-04-28,Fairfax,Virginia,51059,1889,14
2020-04-29,Fairfax,Virginia,51059,1964,15
2020-04-30,Fairfax,Virginia,51059,1985,15
2020-05-01,Fairfax,Virginia,51059,2007,15
2020-05-02,Fairfax,Virginia,51059,2081,16
2020-05-03,Fairfax,Virginia,51059,2142,16
2020-05-04,Fairfax,Virginia,51059,2217,17
2020-05-05,Fairfax,Virginia,51059,2287,17
2020-05-06,Fairfax,Virginia,51059,2386,17
2020-05-07,Fairfax,Virginia,51059,2472,18
2020-05-08,Fairfax,Virginia,51059,2508,18
2020-05-09,Fairfax,Virginia,51059,2619,19
2020-05-10,Fairfax,Virginia,51059,2630,19
2020-05-11,Fairfax,Virginia,51059,2708,19
2020-05-12,Fairfax,Virginia,51059,2768,19
2020-05-13,Fairfax,Virginia,51059,2796,19
2020-05-14,Fairfax,Virginia,51059,2843,20
2020-05-15,Fairfax,Virginia,51059,2919,21
2020-05-16,Fairfax,Virginia,51059,2963,21
2020-05-17,Fairfax,Virginia,51059,3018,21
2020-05-18,Fairfax,Virginia,51059,3092,22
2020-05-19,Fairfax,Virginia,51059,3132,22
2020-05-20,Fairfax,Virginia,51059,3145,22
2020-05-21,Fairfax,Virginia,51059,3191,23
2020-05-22,Fairfax,Virginia,51059,3233,24
2020-05-23,Fairfax,Virginia,51059,3347,27
2020-05-24,Fairfax,Virginia,51059,3453,28
2020-05-25,Fairfax,Virginia,51059,3548,30
2020-05-26,Fairfax,Virginia,51059,3619,30
2020-05-27,Fairfax,Virginia,51059,3643,30
2020-05-28,Fairfax,Virginia,51059,3708,31
2020-05-29,Fairfax,Virginia,51059,3791,31
2020-05-30,Fairfax,Virginia,51059,3870,33
2020-05-31,Fairfax,Virginia,51059,3981,36
2020-06-01,Fairfax,Virginia,51059,4067,36
2020-06-02,Fairfax,Virginia,51059,4174,37
2020-06-03,Fairfax,Virginia,51059,4267,38
2020-06-04,Fairfax,Virginia,51059,4369,39
2020-06-05,Fairfax,Virginia,51059,4400,39
2020-06-06,Fairfax,Virginia,51059,4476,40
2020-06-07,Fairfax,Virginia,51059,4519,41
2020-06-08,Fairfax,Virginia,51059,4584,41
2020-06-09,Fairfax,Virginia,51059,4696,42
2020-06-10,Fairfax,Virginia,51059,4756,42
2020-06-11,Fairfax,Virginia,51059,4809,43
2020-06-12,Fairfax,Virginia,51059,4852,44
2020-06-13,Fairfax,Virginia,51059,4953,46
2020-06-14,Fairfax,Virginia,51059,5050,47
2020-06-15,Fairfax,Virginia,51059,5120,48
2020-06-16,Fairfax,Virginia,51059,5154,48
2020-06-17,Fairfax,Virginia,51059,5232,49
2020-06-18,Fairfax,Virginia,51059,5256,49
2020-06-19,Fairfax,Virginia,51059,5356,51
2020-06-20,Fairfax,Virginia,51059,5432,52
2020-06-21,Fairfax,Virginia,51059,5502,52
2020-06-22,Fairfax,Virginia,51059,5520,52
2020-06-23,Fairfax,Virginia,51059,5581,53
2020-06-24,Fairfax,Virginia,51059,5605,53
2020-06-25,Fairfax,Virginia,51059,5658,54
2020-06-26,Fairfax,Virginia,51059,5769,56
2020-06-27,Fairfax,Virginia,51059,5793,56
2020-06-28,Fairfax,Virginia,51059,5820,56
2020-06-29,Fairfax,Virginia,51059,5909,57
2020-06-30,Fairfax,Virginia,51059,5940,57
2020-07-01,Fairfax,Virginia,51059,6078,58
2020-07-02,Fairfax,Virginia,51059,6234,62
2020-07-03,Fairfax,Virginia,51059,6403,65
2020-07-04,Fairfax,Virginia,51059,6449,65
2020-07-05,Fairfax,Virginia,51059,6624,66
2020-07-06,Fairfax,Virginia,51059,6721,68
2020-07-07,Fairfax,Virginia,51059,6807,70
2020-07-08,Fairfax,Virginia,51059,6871,71
2020-07-09,Fairfax,Virginia,51059,6946,72
2020-07-10,Fairfax,Virginia,51059,7095,76
2020-07-11,Fairfax,Virginia,51059,7220,78
2020-07-12,Fairfax,Virginia,51059,7263,78
2020-07-13,Fairfax,Virginia,51059,7321,79
2020-07-14,Fairfax,Virginia,51059,7442,82
2020-07-15,Fairfax,Virginia,51059,7508,83
2020-07-16,Fairfax,Virginia,51059,7557,83
2020-07-17,Fairfax,Virginia,51059,7682,86
2020-07-18,Fairfax,Virginia,51059,7860,89
2020-07-19,Fairfax,Virginia,51059,7935,90
2020-07-20,Fairfax,Virginia,51059,8024,91
2020-07-21,Fairfax,Virginia,51059,8173,94
2020-07-22,Fairfax,Virginia,51059,8209,94
2020-07-23,Fairfax,Virginia,51059,8370,94
2020-07-24,Fairfax,Virginia,51059,8420,94
2020-07-25,Fairfax,Virginia,51059,8590,98
2020-07-26,Fairfax,Virginia,51059,8687,100
2020-07-27,Fairfax,Virginia,51059,8774,100
2020-07-28,Fairfax,Virginia,51059,8912,101
2020-07-29,Fairfax,Virginia,51059,9025,103
2020-07-30,Fairfax,Virginia,51059,9161,105
2020-07-31,Fairfax,Virginia,51059,9253,107
2020-08-01,Fairfax,Virginia,51059,9341,109
2020-08-02,Fairfax,Virginia,51059,9467,110
2020-08-03,Fairfax,Virginia,51059,9562,111
2020-08-04,Fairfax,Virginia,51059,9720,114
2020-08-05,Fairfax,Virginia,51059,9794,115
2020-08-06,Fairfax,Virginia,51059,9825,115
2020-08-07,Fairfax,Virginia,51059,9876,115
2020-08-08,Fairfax,Virginia,51059,9963,116
2020-08-09,Fairfax,Virginia,51059,10009,117
2020-08-10,Fairfax,Virginia,51059,10041,117
2020-08-11,Fairfax,Virginia,51059,10217,121
2020-08-12,Fairfax,Virginia,51059,10283,122
2020-08-13,Fairfax,Virginia,51059,10406,123
2020-08-14,Fairfax,Virginia,51059,10466,124
2020-08-15,Fairfax,Virginia,51059,10583,125
2020-08-16,Fairfax,Virginia,51059,10743,128
2020-08-17,Fairfax,Virginia,51059,10874,131
2020-08-18,Fairfax,Virginia,51059,11024,134
2020-08-19,Fairfax,Virginia,51059,11075,134
2020-08-20,Fairfax,Virginia,51059,11209,135
2020-08-21,Fairfax,Virginia,51059,11263,136
2020-08-22,Fairfax,Virginia,51059,11419,137
2020-08-23,Fairfax,Virginia,51059,11477,137
2020-08-24,Fairfax,Virginia,51059,11577,138
2020-08-25,Fairfax,Virginia,51059,11640,139
2020-08-26,Fairfax,Virginia,51059,11772,139
2020-08-27,Fairfax,Virginia,51059,11953,141
2020-08-28,Fairfax,Virginia,51059,11992,141
2020-08-29,Fairfax,Virginia,51059,12062,142
2020-08-30,Fairfax,Virginia,51059,12125,143
2020-08-31,Fairfax,Virginia,51059,12234,144
2020-09-01,Fairfax,Virginia,51059,12388,145
2020-09-02,Fairfax,Virginia,51059,12449,145
2020-09-03,Fairfax,Virginia,51059,12524,145
2020-09-04,Fairfax,Virginia,51059,12554,145
2020-09-05,Fairfax,Virginia,51059,12598,145
2020-09-06,Fairfax,Virginia,51059,12625,145
2020-09-07,Fairfax,Virginia,51059,12706,146
2020-09-08,Fairfax,Virginia,51059,12815,147
2020-09-09,Fairfax,Virginia,51059,12967,151
2020-09-10,Fairfax,Virginia,51059,13032,152
2020-09-11,Fairfax,Virginia,51059,13063,152
2020-09-12,Fairfax,Virginia,51059,13230,156
2020-09-13,Fairfax,Virginia,51059,13361,159
2020-09-14,Fairfax,Virginia,51059,13447,159
2020-09-15,Fairfax,Virginia,51059,13565,160
2020-09-16,Fairfax,Virginia,51059,13718,164
2020-09-17,Fairfax,Virginia,51059,13762,164
2020-09-18,Fairfax,Virginia,51059,13913,164
2020-09-19,Fairfax,Virginia,51059,14014,165
2020-09-20,Fairfax,Virginia,51059,14131,168
2020-09-21,Fairfax,Virginia,51059,14286,171
2020-09-22,Fairfax,Virginia,51059,14451,175
2020-09-23,Fairfax,Virginia,51059,14530,176
2020-09-24,Fairfax,Virginia,51059,14670,177
2020-09-25,Fairfax,Virginia,51059,14847,182
2020-09-26,Fairfax,Virginia,51059,15026,185
2020-09-27,Fairfax,Virginia,51059,15189,186
2020-09-28,Fairfax,Virginia,51059,15323,189
2020-09-29,Fairfax,Virginia,51059,15396,190
2020-09-30,Fairfax,Virginia,51059,15438,191
2020-10-01,Fairfax,Virginia,51059,15530,191
2020-10-02,Fairfax,Virginia,51059,15707,194
2020-10-03,Fairfax,Virginia,51059,15751,194
2020-10-04,Fairfax,Virginia,51059,15813,195
2020-10-05,Fairfax,Virginia,51059,15905,197
2020-10-06,Fairfax,Virginia,51059,15949,198
2020-10-07,Fairfax,Virginia,51059,16080,201
2020-10-08,Fairfax,Virginia,51059,16208,204
2020-10-09,Fairfax,Virginia,51059,16346,205
2020-10-10,Fairfax,Virginia,51059,16390,206
2020-10-11,Fairfax,Virginia,51059,16413,206
2020-10-12,Fairfax,Virginia,51059,16447,206
2020-10-13,Fairfax,Virginia,51059,16494,206
2020-10-14,Fairfax,Virginia,51059,16607,207
2020-10-15,Fairfax,Virginia,51059,16760,210
2020-10-16,Fairfax,Virginia,51059,16850,211
2020-10-17,Fairfax,Virginia,51059,17014,213
2020-10-18,Fairfax,Virginia,51059,17147,215
2020-10-19,Fairfax,Virginia,51059,17238,217
2020-10-20,Fairfax,Virginia,51059,17342,219
2020-10-21,Fairfax,Virginia,51059,17460,219
2020-10-22,Fairfax,Virginia,51059,17495,219
2020-10-23,Fairfax,Virginia,51059,17639,222
2020-10-24,Fairfax,Virginia,51059,17798,225
2020-10-25,Fairfax,Virginia,51059,17917,227
2020-10-26,Fairfax,Virginia,51059,18022,228
2020-10-27,Fairfax,Virginia,51059,18060,228
2020-10-28,Fairfax,Virginia,51059,18089,228
2020-10-29,Fairfax,Virginia,51059,18256,231
2020-10-30,Fairfax,Virginia,51059,18341,231
2020-10-31,Fairfax,Virginia,51059,18448,232
2020-11-01,Fairfax,Virginia,51059,18552,234
2020-11-02,Fairfax,Virginia,51059,18693,235
2020-11-03,Fairfax,Virginia,51059,18847,237
2020-11-04,Fairfax,Virginia,51059,18937,238
2020-11-05,Fairfax,Virginia,51059,19119,241
2020-11-06,Fairfax,Virginia,51059,19370,244
2020-11-07,Fairfax,Virginia,51059,19713,252
2020-11-08,Fairfax,Virginia,51059,19930,253
2020-11-09,Fairfax,Virginia,51059,20131,256
2020-11-10,Fairfax,Virginia,51059,20203,258
2020-11-11,Fairfax,Virginia,51059,20469,260
2020-11-12,Fairfax,Virginia,51059,20538,261
2020-11-13,Fairfax,Virginia,51059,20759,265
2020-11-14,Fairfax,Virginia,51059,21088,269
2020-11-15,Fairfax,Virginia,51059,21199,270
2020-11-16,Fairfax,Virginia,51059,21326,271
2020-11-17,Fairfax,Virginia,51059,21399,272
2020-11-18,Fairfax,Virginia,51059,21668,278
2020-11-19,Fairfax,Virginia,51059,21744,279
2020-11-20,Fairfax,Virginia,51059,21826,280
2020-11-21,Fairfax,Virginia,51059,22017,285
2020-11-22,Fairfax,Virginia,51059,22295,290
2020-11-23,Fairfax,Virginia,51059,22636,294
2020-11-24,Fairfax,Virginia,51059,22882,297
2020-11-25,Fairfax,Virginia,51059,23029,299
2020-11-26,Fairfax,Virginia,51059,23211,303
2020-11-27,Fairfax,Virginia,51059,23351,305
2020-11-28,Fairfax,Virginia,51059,23575,311
2020-11-29,Fairfax,Virginia,51059,23748,314
2020-11-30,Fairfax,Virginia,51059,23932,316
2020-12-01,Fairfax,Virginia,51059,24240,320
2020-12-02,Fairfax,Virginia,51059,24444,321
2020-12-03,Fairfax,Virginia,51059,24630,323
2020-12-04,Fairfax,Virginia,51059,24711,324
2020-12-05,Fairfax,Virginia,51059,24999,331
2020-12-06,Fairfax,Virginia,51059,25125,332
2020-12-07,Fairfax,Virginia,51059,25449,334
2020-12-08,Fairfax,Virginia,51059,25531,335
2020-12-09,Fairfax,Virginia,51059,25721,338
2020-12-10,Fairfax,Virginia,51059,25830,340
2020-12-11,Fairfax,Virginia,51059,25936,341
2020-12-12,Fairfax,Virginia,51059,26270,346
2020-12-13,Fairfax,Virginia,51059,26548,348
2020-12-14,Fairfax,Virginia,51059,26829,354
2020-12-15,Fairfax,Virginia,51059,27031,356
2020-12-16,Fairfax,Virginia,51059,27286,357
2020-12-17,Fairfax,Virginia,51059,27491,360
2020-12-18,Fairfax,Virginia,51059,27589,362
2020-12-19,Fairfax,Virginia,51059,27889,364
2020-12-20,Fairfax,Virginia,51059,28036,366
2020-12-21,Fairfax,Virginia,51059,28147,368
2020-12-22,Fairfax,Virginia,51059,28255,370
2020-12-23,Fairfax,Virginia,51059,28362,371
2020-12-24,Fairfax,Virginia,51059,28656,374
2020-12-25,Fairfax,Virginia,51059,28731,374
2020-12-26,Fairfax,Virginia,51059,28894,377
2020-12-27,Fairfax,Virginia,51059,28971,379
2020-12-28,Fairfax,Virginia,51059,29238,384
2020-12-29,Fairfax,Virginia,51059,29468,388
2020-12-30,Fairfax,Virginia,51059,29594,391
2020-12-31,Fairfax,Virginia,51059,29773,393
2021-01-01,Fairfax,Virginia,51059,29985,396
2021-01-02,Fairfax,Virginia,51059,30139,397
2021-01-03,Fairfax,Virginia,51059,30267,398
2021-01-04,Fairfax,Virginia,51059,30555,401
2021-01-05,Fairfax,Virginia,51059,30769,406
2021-01-06,Fairfax,Virginia,51059,30854,406
2021-01-07,Fairfax,Virginia,51059,30944,406
2021-01-08,Fairfax,Virginia,51059,31056,407
2021-01-09,Fairfax,Virginia,51059,31383,416
2021-01-10,Fairfax,Virginia,51059,31587,421
2021-01-11,Fairfax,Virginia,51059,31732,423
2021-01-12,Fairfax,Virginia,51059,31957,429
2021-01-13,Fairfax,Virginia,51059,32139,434
2021-01-14,Fairfax,Virginia,51059,32322,436
2021-01-15,Fairfax,Virginia,51059,32532,439
2021-01-16,Fairfax,Virginia,51059,32654,439
2021-01-17,Fairfax,Virginia,51059,32890,442
2021-01-18,Fairfax,Virginia,51059,32999,442
2021-01-19,Fairfax,Virginia,51059,33282,447
2021-01-20,Fairfax,Virginia,51059,33366,447
2021-01-21,Fairfax,Virginia,51059,33503,448
2021-01-22,Fairfax,Virginia,51059,33819,451
2021-01-23,Fairfax,Virginia,51059,33990,455
2021-01-24,Fairfax,Virginia,51059,34183,460
2021-01-25,Fairfax,Virginia,51059,34515,463
2021-01-26,Fairfax,Virginia,51059,34605,464
2021-01-27,Fairfax,Virginia,51059,34829,465
2021-01-28,Fairfax,Virginia,51059,34970,468
2021-01-29,Fairfax,Virginia,51059,35273,470
2021-01-30,Fairfax,Virginia,51059,35580,478
2021-01-31,Fairfax,Virginia,51059,35652,478
2021-02-01,Fairfax,Virginia,51059,35832,479
2021-02-02,Fairfax,Virginia,51059,36050,480
2021-02-03,Fairfax,Virginia,51059,36168,482
2021-02-04,Fairfax,Virginia,51059,36371,485
2021-02-05,Fairfax,Virginia,51059,36652,489
2021-02-06,Fairfax,Virginia,51059,36890,493
2021-02-07,Fairfax,Virginia,51059,37064,494
2021-02-08,Fairfax,Virginia,51059,37155,494
2021-02-09,Fairfax,Virginia,51059,37331,496
2021-02-10,Fairfax,Virginia,51059,37552,501
2021-02-11,Fairfax,Virginia,51059,37857,504
2021-02-12,Fairfax,Virginia,51059,37968,504
2021-02-13,Fairfax,Virginia,51059,38257,507
2021-02-14,Fairfax,Virginia,51059,38343,507
2021-02-15,Fairfax,Virginia,51059,38428,508
2021-02-16,Fairfax,Virginia,51059,38534,509
2021-02-17,Fairfax,Virginia,51059,38610,510
2021-02-18,Fairfax,Virginia,51059,38667,510
2021-02-19,Fairfax,Virginia,51059,38798,513
2021-02-20,Fairfax,Virginia,51059,38921,516
2021-02-21,Fairfax,Virginia,51059,38947,516
2021-02-22,Fairfax,Virginia,51059,39048,518
2021-02-23,Fairfax,Virginia,51059,39164,521
2021-02-24,Fairfax,Virginia,51059,39277,523
2021-02-25,Fairfax,Virginia,51059,39328,523
2021-02-26,Fairfax,Virginia,51059,39351,523
2021-02-27,Fairfax,Virginia,51059,39404,524
2021-02-28,Fairfax,Virginia,51059,39517,527
2021-03-01,Fairfax,Virginia,51059,39605,529
2021-03-02,Fairfax,Virginia,51059,39723,531
2021-03-03,Fairfax,Virginia,51059,39838,533
2021-03-04,Fairfax,Virginia,51059,39945,535
2021-03-05,Fairfax,Virginia,51059,40011,536
2021-03-06,Fairfax,Virginia,51059,40102,538
2021-03-07,Fairfax,Virginia,51059,40208,539
2021-03-08,Fairfax,Virginia,51059,40294,541
2021-03-09,Fairfax,Virginia,51059,40350,542
2021-03-10,Fairfax,Virginia,51059,40398,542
2021-03-11,Fairfax,Virginia,51059,40431,542
2021-03-12,Fairfax,Virginia,51059,40513,542
2021-03-13,Fairfax,Virginia,51059,40634,545
2021-03-14,Fairfax,Virginia,51059,40729,546
2021-03-15,Fairfax,Virginia,51059,40861,547
2021-03-16,Fairfax,Virginia,51059,40893,547
2021-03-17,Fairfax,Virginia,51059,40934,547
2021-03-18,Fairfax,Virginia,51059,41008,548
2021-03-19,Fairfax,Virginia,51059,41031,548
2021-03-20,Fairfax,Virginia,51059,41058,548
2021-03-21,Fairfax,Virginia,51059,41081,548
2021-03-22,Fairfax,Virginia,51059,41195,550
2021-03-23,Fairfax,Virginia,51059,41321,552
2021-03-24,Fairfax,Virginia,51059,41378,553
2021-03-25,Fairfax,Virginia,51059,41453,553
2021-03-26,Fairfax,Virginia,51059,41478,553
2021-03-27,Fairfax,Virginia,51059,41594,554
2021-03-28,Fairfax,Virginia,51059,41721,555
2021-03-29,Fairfax,Virginia,51059,41798,557
2021-03-30,Fairfax,Virginia,51059,41838,557
2021-03-31,Fairfax,Virginia,51059,41973,559
2021-04-01,Fairfax,Virginia,51059,42086,560
2021-04-02,Fairfax,Virginia,51059,42139,560
2021-04-03,Fairfax,Virginia,51059,42260,563
2021-04-04,Fairfax,Virginia,51059,42313,564
2021-04-05,Fairfax,Virginia,51059,42402,566
2021-04-06,Fairfax,Virginia,51059,42485,566
2021-04-07,Fairfax,Virginia,51059,42616,567
2021-04-08,Fairfax,Virginia,51059,42651,567
2021-04-09,Fairfax,Virginia,51059,42760,570
2021-04-10,Fairfax,Virginia,51059,42816,570
2021-04-11,Fairfax,Virginia,51059,42911,572
2021-04-12,Fairfax,Virginia,51059,42942,572
2021-04-13,Fairfax,Virginia,51059,42966,572
2021-04-14,Fairfax,Virginia,51059,43076,573
2021-04-15,Fairfax,Virginia,51059,43125,573
2021-04-16,Fairfax,Virginia,51059,43222,573
2021-04-17,Fairfax,Virginia,51059,43301,575
2021-04-18,Fairfax,Virginia,51059,43351,576
2021-04-19,Fairfax,Virginia,51059,43378,576
2021-04-20,Fairfax,Virginia,51059,43462,577
2021-04-21,Fairfax,Virginia,51059,43523,577
2021-04-22,Fairfax,Virginia,51059,43556,577
2021-04-23,Fairfax,Virginia,51059,43624,578
2021-04-24,Fairfax,Virginia,51059,43680,578
2021-04-25,Fairfax,Virginia,51059,43753,580
2021-04-26,Fairfax,Virginia,51059,43822,581
2021-04-27,Fairfax,Virginia,51059,43945,582
2021-04-28,Fairfax,Virginia,51059,44041,583
2021-04-29,Fairfax,Virginia,51059,44123,583
2021-04-30,Fairfax,Virginia,51059,44175,583
2021-05-01,Fairfax,Virginia,51059,44199,583
2021-05-02,Fairfax,Virginia,51059,44268,583
2021-05-03,Fairfax,Virginia,51059,44404,586
2021-05-04,Fairfax,Virginia,51059,44479,587
2021-05-05,Fairfax,Virginia,51059,44588,588
2021-05-06,Fairfax,Virginia,51059,44720,591
2021-05-07,Fairfax,Virginia,51059,44768,591
2021-05-08,Fairfax,Virginia,51059,44857,592
2021-05-09,Fairfax,Virginia,51059,44902,592
2021-05-10,Fairfax,Virginia,51059,45038,592
2021-05-11,Fairfax,Virginia,51059,45121,592
2021-05-12,Fairfax,Virginia,51059,45245,593
2021-05-13,Fairfax,Virginia,51059,45334,595
2021-05-14,Fairfax,Virginia,51059,45452,598
2021-05-15,Fairfax,Virginia,51059,45506,598
2021-05-16,Fairfax,Virginia,51059,45635,599
2021-05-17,Fairfax,Virginia,51059,45691,600
2021-05-18,Fairfax,Virginia,51059,45807,601
2021-05-19,Fairfax,Virginia,51059,45898,602
2021-05-20,Fairfax,Virginia,51059,45947,602
2021-05-21,Fairfax,Virginia,51059,46046,603
2021-05-22,Fairfax,Virginia,51059,46133,604
2021-05-23,Fairfax,Virginia,51059,46236,605
2021-05-24,Fairfax,Virginia,51059,46367,606
2021-05-25,Fairfax,Virginia,51059,46503,608
2021-05-26,Fairfax,Virginia,51059,46604,610
2021-05-27,Fairfax,Virginia,51059,46710,611
2021-05-28,Fairfax,Virginia,51059,46837,614
2021-05-29,Fairfax,Virginia,51059,46947,615
2021-05-30,Fairfax,Virginia,51059,47049,617
2021-05-31,Fairfax,Virginia,51059,47092,617
2021-06-01,Fairfax,Virginia,51059,47227,618
2021-06-02,Fairfax,Virginia,51059,47294,618
2021-06-03,Fairfax,Virginia,51059,47402,619
2021-06-04,Fairfax,Virginia,51059,47520,620
2021-06-05,Fairfax,Virginia,51059,47657,621
2021-06-06,Fairfax,Virginia,51059,47745,622
2021-06-07,Fairfax,Virginia,51059,47817,624
2021-06-08,Fairfax,Virginia,51059,47871,624
2021-06-09,Fairfax,Virginia,51059,47977,626
2021-06-10,Fairfax,Virginia,51059,48022,627
2021-06-11,Fairfax,Virginia,51059,48109,628
2021-06-12,Fairfax,Virginia,51059,48192,630
2021-06-13,Fairfax,Virginia,51059,48326,631
2021-06-14,Fairfax,Virginia,51059,48420,633
2021-06-15,Fairfax,Virginia,51059,48518,634
2021-06-16,Fairfax,Virginia,51059,48593,634
2021-06-17,Fairfax,Virginia,51059,48696,637
2021-06-18,Fairfax,Virginia,51059,48829,638
2021-06-19,Fairfax,Virginia,51059,48875,638
2021-06-20,Fairfax,Virginia,51059,48986,641
2021-06-21,Fairfax,Virginia,51059,49053,642
2021-06-22,Fairfax,Virginia,51059,49125,643
2021-06-23,Fairfax,Virginia,51059,49212,643
2021-06-24,Fairfax,Virginia,51059,49335,646
2021-06-25,Fairfax,Virginia,51059,49411,646
2021-06-26,Fairfax,Virginia,51059,49535,646
2021-06-27,Fairfax,Virginia,51059,49573,646
2021-06-28,Fairfax,Virginia,51059,49676,648
2021-06-29,Fairfax,Virginia,51059,49769,650
2021-06-30,Fairfax,Virginia,51059,49834,650
2020-03-01,King,Washington,53033,6,0
2020-03-02,King,Washington,53033,19,0
2020-03-03,King,Washington,53033,29,0
2020-03-04,King,Washington,53033,35,0
2020-03-05,King,Washington,53033,49,0
2020-03-06,King,Washington,53033,49,0
2020-03-07,King,Washington,53033,62,0
2020-03-08,King,Washington,53033,76,0
2020-03-09,King,Washington,53033,94,0
2020-03-10,King,Washington,53033,106,0
2020-03-11,King,Washington,53033,127,0
2020-03-12,King,Washington,53033,130,0
2020-03-13,King,Washington,53033,143,0
2020-03-14,King,Washington,53033,144,0
2020-03-15,King,Washington,53033,164,0
2020-03-16,King,Washington,53033,165,0
2020-03-17,King,Washington,53033,166,0
2020-03-18,King,Washington,53033,184,0
2020-03-19,King,Washington,53033,200,0
2020-03-20,King,Washington,53033,207,0
2020-03-21,King,Washington,53033,208,0
2020-03-22,King,Washington,53033,212,0
2020-03-23,King,Washington,53033,217,0
2020-03-24,King,Washington,53033,231,0
2020-03-25,King,Washington,53033,234,0
2020-03-26,King,Washington,53033,239,0
2020-03-27,King,Washington,53033,255,0
2020-03-28,King,Washington,53033,269,0
2020-03-29,King,Washington,53033,288,0
2020-03-30,King,Washington,53033,296,0
2020-03-31,King,Washington,53033,328,0
2020-04-01,King,Washington,53033,543,5
2020-04-02,King,Washington,53033,731,9
2020-04-03,King,Washington,53033,850,10
2020-04-04,King,Washington,53033,1061,11
2020-04-05,King,Washington,53033,1136,11
2020-04-06,King,Washington,53033,1183,12
2020-04-07,King,Washington,53033,1396,15
2020-04-08,King,Washington,53033,1545,18
2020-04-09,King,Washington,53033,1651,20
2020-04-10,King,Washington,53033,1747,21
2020-04-11,King,Washington,53033,1854,23
2020-04-12,King,Washington,53033,1902,23
2020-04-13,King,Washington,53033,2125,27
2020-04-14,King,Washington,53033,2325,28
2020-04-15,King,Washington,53033,2390,28
2020-04-16,King,Washington,53033,2559,30
2020-04-17,King,Washington,53033,2639,31
2020-04-18,King,Washington,53033,2674,31
2020-04-19,King,Washington,53033,2894,33
2020-04-20,King,Washington,53033,2922,33
2020-04-21,King,Washington,53033,2997,33
2020-04-22,King,Washington,53033,3146,36
2020-04-23,King,Washington,53033,3254,37
2020-04-24,King,Washington,53033,3461,41
2020-04-25,King,Washington,53033,3496,41
2020-04-26,King,Washington,53033,3606,41
2020-04-27,King,Washington,53033,3677,41
2020-04-28,King,Washington,53033,3816,41
2020-04-29,King,Washington,53033,3954,42
2020-04-30,King,Washington,53033,4012,42
2020-05-01,King,Washington,53033,4194,45
2020-05-02,King,Washington,53033,4396,49
2020-05-03,King,Washington,53033,4500,50
2020-05-04,King,Washington,53033,4543,50
2020-05-05,King,Washington,53033,4687,52
2020-05-06,King,Washington,53033,4762,53
2020-05-07,King,Washington,53033,4899,56
2020-05-08,King,Washington,53033,4955,56
2020-05-09,King,Washington,53033,5015,57
2020-05-10,King,Washington,53033,5191,59
2020-05-11,King,Washington,53033,5352,60
2020-05-12,King,Washington,53033,5569,65
2020-05-13,King,Washington,53033,5742,67
2020-05-14,King,Washington,53033,5907,70
2020-05-15,King,Washington,53033,6032,73
2020-05-16,King,Washington,53033,6233,74
2020-05-17,King,Washington,53033,6414,75
2020-05-18,King,Washington,53033,6445,75
2020-05-19,King,Washington,53033,6590,77
2020-05-20,King,Washington,53033,6677,78
2020-05-21,King,Washington,53033,6716,78
2020-05-22,King,Washington,53033,6880,81
2020-05-23,King,Washington,53033,7036,84
2020-05-24,King,Washington,53033,7214,88
2020-05-25,King,Washington,53033,7378,89
2020-05-26,King,Washington,53033,7498,91
2020-05-27,King,Washington,53033,7644,92
2020-05-28,King,Washington,53033,7738,92
2020-05-29,King,Washington,53033,7791,93
2020-05-30,King,Washington,53033,7867,94
2020-05-31,King,Washington,53033,7937,94
2020-06-01,King,Washington,53033,8043,96
2020-06-02,King,Washington,53033,8261,99
2020-06-03,King,Washington,53033,8288,99
2020-06-04,King,Washington,53033,8376,100
2020-06-05,King,Washington,53033,8507,100
2020-06-06,King,Washington,53033,8655,102
2020-06-07,King,Washington,53033,8803,104
2020-06-08,King,Washington,53033,8924,106
2020-06-09,King,Washington,53033,9092,110
2020-06-10,King,Washington,53033,9276,111
2020-06-11,King,Washington,53033,9466,116
2020-06-12,King,Washington,53033,9661,118
2020-06-13,King,Washington,53033,9753,119
2020-06-14,King,Washington,53033,9905,120
2020-06-15,King,Washington,53033,10073,121
2020-06-16,King,Washington,53033,10112,121
2020-06-17,King,Washington,53033,10271,125
2020-06-18,King,Washington,53033,10488,128
2020-06-19,King,Washington,53033,10554,129
2020-06-20,King,Washington,53033,10606,129
2020-06-21,King,Washington,53033,10822,132
2020-06-22,King,Washington,53033,10931,132
2020-06-23,King,Washington,53033,11027,133
2020-06-24,King,Washington,53033,11197,134
2020-06-25,King,Washington,53033,11261,135
2020-06-26,King,Washington,53033,11393,136
2020-06-27,King,Washington,53033,11609,137
2020-06-28,King,Washington,53033,11823,141
2020-06-29,King,Washington,53033,12050,143
2020-06-30,King,Washington,53033,12174,145
2020-07-01,King,Washington,53033,12262,146
2020-07-02,King,Washington,53033,12610,155
2020-07-03,King,Washington,53033,12709,155
2020-07-04,King,Washington,53033,13034,162
2020-07-05,King,Washington,53033,13243,164
2020-07-06,King,Washington,53033,13342,165
2020-07-07,King,Washington,53033,13612,172
2020-07-08,King,Washington,53033,13897,175
2020-07-09,King,Washington,53033,14052,176
2020-07-10,King,Washington,53033,14245,176
2020-07-11,King,Washington,53033,14484,182
2020-07-12,King,Washington,53033,14702,183
2020-07-13,King,Washington,53033,14895,187
2020-07-14,King,Washington,53033,14961,188
2020-07-15,King,Washington,53033,15056,189
2020-07-16,King,Washington,53033,15236,193
2020-07-17,King,Washington,53033,15479,196
2020-07-18,King,Washington,53033,15573,198
2020-07-19,King,Washington,53033,15721,199
2020-07-20,King,Washington,53033,15981,200
2020-07-21,King,Washington,53033,16327,209
2020-07-22,King,Washington,53033,16382,209
2020-07-23,King,Washington,53033,16522,211
2020-07-24,King,Washington,53033,16647,212
2020-07-25,King,Washington,53033,16827,213
2020-07-26,King,Washington,53033,17089,214
2020-07-27,King,Washington,53033,17265,219
2020-07-28,King,Washington,53033,17352,219
2020-07-29,King,Washington,53033,17409,220
2020-07-30,King,Washington,53033,17620,221
2020-07-31,King,Washington,53033,17950,228
2020-08-01,King,Washington,53033,18210,235
2020-08-02,King,Washington,53033,18456,237
2020-08-03,King,Washington,53033,18645,241
2020-08-04,King,Washington,53033,18871,247
2020-08-05,King,Washington,53033,19158,249
2020-08-06,King,Washington,53033,19504,250
2020-08-07,King,Washington,53033,19740,256
2020-08-08,King,Washington,53033,20008,258
2020-08-09,King,Washington,53033,20186,262
2020-08-10,King,Washington,53033,20365,264
2020-08-11,King,Washington,53033,20586,269
2020-08-12,King,Washington,53033,20727,270
2020-08-13,King,Washington,53033,21042,273
2020-08-14,King,Washington,53033,21174,274
2020-08-15,King,Washington,53033,21516,279
2020-08-16,King,Washington,53033,21698,281
2020-08-17,King,Washington,53033,21889,282
2020-08-18,King,Washington,53033,22106,284
2020-08-19,King,Washington,53033,22382,289
2020-08-20,King,Washington,53033,22458,290
2020-08-21,King,Washington,53033,22533,291
2020-08-22,King,Washington,53033,22623,293
2020-08-23,King,Washington,53033,22929,295
2020-08-24,King,Washington,53033,22975,295
2020-08-25,King,Washington,53033,23050,296
2020-08-26,King,Washington,53033,23195,296
2020-08-27,King,Washington,53033,23432,301
2020-08-28,King,Washington,53033,23671,308
2020-08-29,King,Washington,53033,23847,312
2020-08-30,King,Washington,53033,24135,314
2020-08-31,King,Washington,53033,24443,320
2020-09-01,King,Washington,53033,24605,323
2020-09-02,King,Washington,53033,24869,325
2020-09-03,King,Washington,53033,25164,330
2020-09-04,King,Washington,53033,25224,331
2020-09-05,King,Washington,53033,25441,337
2020-09-06,King,Washington,53033,25690,342
2020-09-07,King,Washington,53033,25809,345
2020-09-08,King,Washington,53033,26087,353
2020-09-09,King,Washington,53033,26400,356
2020-09-10,King,Washington,53033,26758,359
2020-09-11,King,Washington,53033,26910,363
2020-09-12,King,Washington,53033,27017,364
2020-09-13,King,Washington,53033,27305,366
2020-09-14,King,Washington,53033,27638,374
2020-09-15,King,Washington,53033,27940,377
2020-09-16,King,Washington,53033,28201,383
2020-09-17,King,Washington,53033,28392,387
2020-09-18,King,Washington,53033,28611,389
2020-09-19,King,Washington,53033,28668,389
2020-09-20,King,Washington,53033,28853,392
2020-09-21,King,Washington,53033,28903,392
2020-09-22,King,Washington,53033,29028,395
2020-09-23,King,Washington,53033,29326,400
2020-09-24,King,Washington,53033,29622,401
2020-09-25,King,Washington,53033,29906,405
2020-09-26,King,Washington,53033,30214,409
2020-09-27,King,Washington,53033,30511,416
2020-09-28,King,Washington,53033,30653,419
2020-09-29,King,Washington,53033,30754,422
2020-09-30,King,Washington,53033,30868,425
2020-10-01,King,Washington,53033,31016,428
2020-10-02,King,Washington,53033,31154,431
2020-10-03,King,Washington,53033,31387,433
2020-10-04,King,Washington,53033,31534,436
2020-10-05,King,Washington,53033,31756,439
2020-10-06,King,Washington,53033,31941,442
2020-10-07,King,Washington,53033,32295,444
2020-10-08,King,Washington,53033,32554,450
2020-10-09,King,Washington,53033,32911,458
2020-10-10,King,Washington,53033,33026,460
2020-10-11,King,Washington,53033,33310,464
2020-10-12,King,Washington,53033,33661,469
2020-10-13,King,Washington,53033,33784,471
2020-10-14,King,Washington,53033,34044,472
2020-10-15,King,Washington,53033,34211,475
2020-10-16,King,Washington,53033,34564,484
2020-10-17,King,Washington,53033,34914,490
2020-10-18,King,Washington,53033,35246,491
2020-10-19,King,Washington,53033,35529,498
2020-10-20,King,Washington,53033,35781,505
2020-10-21,King,Washington,53033,35883,507
2020-10-22,King,Washington,53033,35991,509
2020-10-23,King,Washington,53033,36223,512
2020-10-24,King,Washington,53033,36270,512
2020-10-25,King,Washington,53033,36400,514
2020-10-26,King,Washington,53033,36681,516
2020-10-27,King,Washington,53033,36886,519
2020-10-28,King,Washington,53033,37093,523
2020-10-29,King,Washington,53033,37209,525
2020-10-30,King,Washington,53033,37544,529
2020-10-31,King,Washington,53033,37873,536
2020-11-01,King,Washington,53033,38153,542
2020-11-02,King,Washington,53033,38378,547
2020-11-03,King,Washington,53033,38574,552
2020-11-04,King,Washington,53033,38885,554
2020-11-05,King,Washington,53033,38963,556
2020-11-06,King,Washington,53033,39275,560
2020-11-07,King,Washington,53033,39436,563
2020-11-08,King,Washington,53033,40030,569
2020-11-09,King,Washington,53033,40531,580
2020-11-10,King,Washington,53033,41142,593
2020-11-11,King,Washington,53033,41754,598
2020-11-12,King,Washington,53033,42086,604
2020-11-13,King,Washington,53033,42731,621
2020-11-14,King,Washington,53033,43143,628
2020-11-15,King,Washington,53033,43334,632
2020-11-16,King,Washington,53033,43608,634
2020-11-17,King,Washington,53033,44054,640
2020-11-18,King,Washington,53033,44320,646
2020-11-19,King,Washington,53033,44939,649
2020-11-20,King,Washington,53033,45076,650
2020-11-21,King,Washington,53033,45528,659
2020-11-22,King,Washington,53033,46193,676
2020-11-23,King,Washington,53033,46837,689
2020-11-24,King,Washington,53033,47132,692
2020-11-25,King,Washington,53033,47517,702
2020-11-26,King,Washington,53033,48008,715
2020-11-27,King,Washington,53033,48310,717
2020-11-28,King,Washington,53033,48965,727
2020-11-29,King,Washington,53033,49414,738
2020-11-30,King,Washington,53033,49951,742
2020-12-01,King,Washington,53033,50432,755
2020-12-02,King,Washington,53033,50721,758
2020-12-03,King,Washington,53033,51271,772
2020-12-04,King,Washington,53033,51943,777
2020-12-05,King,Washington,53033,52289,786
2020-12-06,King,Washington,53033,52820,791
2020-12-07,King,Washington,53033,53268,803
2020-12-08,King,Washington,53033,53516,808
2020-12-09,King,Washington,53033,53829,814
2020-12-10,King,Washington,53033,54348,823
2020-12-11,King,Washington,53033,54512,827
2020-12-12,King,Washington,53033,55027,836
2020-12-13,King,Washington,53033,55394,842
2020-12-14,King,Washington,53033,55699,847
2020-12-15,King,Washington,53033,55954,852
2020-12-16,King,Washington,53033,56267,858
2020-12-17,King,Washington,53033,56833,861
2020-12-18,King,Washington,53033,57226,866
2020-12-19,King,Washington,53033,57806,883
2020-12-20,King,Washington,53033,58307,891
2020-12-21,King,Washington,53033,58958,897
2020-12-22,King,Washington,53033,59631,911
2020-12-23,King,Washington,53033,59819,915
2020-12-24,King,Washington,53033,60206,926
2020-12-25,King,Washington,53033,60391,931
2020-12-26,King,Washington,53033,60870,935
2020-12-27,King,Washington,53033,61360,945
2020-12-28,King,Washington,53033,61496,947
2020-12-29,King,Washington,53033,61748,951
2020-12-30,King,Washington,53033,61963,953
2020-12-31,King,Washington,53033,62482,959
2021-01-01,King,Washington,53033,62624,962
2021-01-02,King,Washington,53033,62980,969
2021-01-03,King,Washington,53033,63299,978
2021-01-04,King,Washington,53033,63614,985
2021-01-05,King,Washington,53033,64142,990
2021-01-06,King,Washington,53033,64690,1005
2021-01-07,King,Washington,53033,65327,1019
2021-01-08,King,Washington,53033,65674,1022
2021-01-09,King,Washington,53033,66057,1026
2021-01-10,King,Washington,53033,66554,1032
2021-01-11,King,Washington,53033,66753,1036
2021-01-12,King,Washington,53033,66972,1040
2021-01-13,King,Washington,53033,67136,1041
2021-01-14,King,Washington,53033,67340,1043
2021-01-15,King,Washington,53033,67738,1047
2021-01-16,King,Washington,53033,68301,1054
2021-01-17,King,Washington,53033,68454,1055
2021-01-18,King,Washington,53033,68782,1059
2021-01-19,King,Washington,53033,69292,1074
2021-01-20,King,Washington,53033,69449,1078
2021-01-21,King,Washington,53033,69604,1080
2021-01-22,King,Washington,53033,69993,1082
2021-01-23,King,Washington,53033,70354,1086
2021-01-24,King,Washington,53033,70995,1101
2021-01-25,King,Washington,53033,71434,1111
2021-01-26,King,Washington,53033,72001,1115
2021-01-27,King,Washington,53033,72222,1119
2021-01-28,King,Washington,53033,72491,1124
2021-01-29,King,Washington,53033,72676,1127
2021-01-30,King,Washington,53033,73069,1136
2021-01-31,King,Washington,53033,73628,1150
2021-02-01,King,Washington,53033,73938,1154
2021-02-02,King,Washington,53033,74292,1163
2021-02-03,King,Washington,53033,74518,1164
2021-02-04,King,Washington,53033,75182,1178
2021-02-05,King,Washington,53033,75671,1188
2021-02-06,King,Washington,53033,76003,1192
2021-02-07,King,Washington,53033,76364,1200
2021-02-08,King,Washington,53033,76633,1201
2021-02-09,King,Washington,53033,76906,1204
2021-02-10,King,Washington,53033,77479,1211
2021-02-11,King,Washington,53033,77794,1213
2021-02-12,King,Washington,53033,78149,1221
2021-02-13,King,Washington,53033,78515,1227
2021-02-14,King,Washington,53033,78669,1229
2021-02-15,King,Washington,53033,78894,1231
2021-02-16,King,Washington,53033,79117,1233
2021-02-17,King,Washington,53033,79192,1234
2021-02-18,King,Washington,53033,79459,1239
2021-02-19,King,Washington,53033,79639,1241
2021-02-20,King,Washington,53033,79869,1242
2021-02-21,King,Washington,53033,80031,1245
2021-02-22,King,Washington,53033,80261,1248
2021-02-23,King,Washington,53033,80390,1250
2021-02-24,King,Washington,53033,80619,1251
2021-02-25,King,Washington,53033,80880,1258
2021-02-26,King,Washington,53033,81051,1259
2021-02-27,King,Washington,53033,81250,1260
2021-02-28,King,Washington,53033,81422,1262
2021-03-01,King,Washington,53033,81543,1262
2021-03-02,King,Washington,53033,81611,1263
2021-03-03,King,Washington,53033,81664,1264
2021-03-04,King,Washington,53033,81915,1265
2021-03-05,King,Washington,53033,82122,1270
2021-03-06,King,Washington,53033,82319,1271
2021-03-07,King,Washington,53033,82376,1272
2021-03-08,King,Washington,53033,82468,1273
2021-03-09,King,Washington,53033,82520,1273
2021-03-10,King,Washington,53033,82672,1274
2021-03-11,King,Washington,53033,82742,1274
2021-03-12,King,Washington,53033,82803,1275
2021-03-13,King,Washington,53033,83002,1279
2021-03-14,King,Washington,53033,83231,1283
2021-03-15,King,Washington,53033,83419,1287
2021-03-16,King,Washington,53033,83630,1288
2021-03-17,King,Washington,53033,83882,1294
2021-03-18,King,Washington,53033,84064,1295
2021-03-19,King,Washington,53033,84300,1297
2021-03-20,King,Washington,53033,84453,1298
2021-03-21,King,Washington,53033,84705,1299
2021-03-22,King,Washington,53033,84762,1300
2021-03-23,King,Washington,53033,85006,1304
2021-03-24,King,Washington,53033,85198,1307
2021-03-25,King,Washington,53033,85306,1308
2021-03-26,King,Washington,53033,85363,1308
2021-03-27,King,Washington,53033,85534,1310
2021-03-28,King,Washington,53033,85701,1314
2021-03-29,King,Washington,53033,85923,1320
2021-03-30,King,Washington,53033,86178,1321
2021-03-31,King,Washington,53033,86266,1321
2021-04-01,King,Washington,53033,86459,1325
2021-04-02,King,Washington,53033,86672,1326
2021-04-03,King,Washington,53033,86734,1327
2021-04-04,King,Washington,53033,86873,1329
2021-04-05,King,Washington,53033,86929,1329
2021-04-06,King,Washington,53033,87067,1331
2021-04-07,King,Washington,53033,87225,1333
2021-04-08,King,Washington,53033,87436,1335
2021-04-09,King,Washington,53033,87573,1338
2021-04-10,King,Washington,53033,87711,1341
2021-04-11,King,Washington,53033,87760,1341
2021-04-12,King,Washington,53033,87992,1343
2021-04-13,King,Washington,53033,88072,1344
2021-04-14,King,Washington,53033,88323,1351
2021-04-15,King,Washington,53033,88407,1352
2021-04-16,King,Washington,53033,88554,1354
2021-04-17,King,Washington,53033,88655,1355
2021-04-18,King,Washington,53033,88904,1357
2021-04-19,King,Washington,53033,89048,1360
2021-04-20,King,Washington,53033,89250,1362
2021-04-21,King,Washington,53033,89366,1363
2021-04-22,King,Washington,53033,89585,1364
2021-04-23,King,Washington,53033,89727,1365
2021-04-24,King,Washington,53033,89910,1368
2021-04-25,King,Washington,53033,90057,1372
2021-04-26,King,Washington,53033,90225,1373
2021-04-27,King,Washington,53033,90387,1377
2021-04-28,King,Washington,53033,90462,1378
2021-04-29,King,Washington,53033,90540,1379
2021-04-30,King,Washington,53033,90747,1383
2021-05-01,King,Washington,53033,90962,1385
2021-05-02,King,Washington,53033,91105,1385
2021-05-03,King,Washington,53033,91194,1386
2021-05-04,King,Washington,53033,91384,1391
2021-05-05,King,Washington,53033,91436,1391
2021-05-06,King,Washington,53033,91642,1394
2021-05-07,King,Washington,53033,91689,1394
2021-05-08,King,Washington,53033,91889,1399
2021-05-09,King,Washington,53033,92024,1400
2021-05-10,King,Washington,53033,92175,1404
2021-05-11,King,Washington,53033,92408,1408
2021-05-12,King,Washington,53033,92485,1409
2021-05-13,King,Washington,53033,92573,1409
2021-05-14,King,Washington,53033,92657,1411
2021-05-15,King,Washington,53033,92761,1412
2021-05-16,King,Washington,53033,92887,1415
2021-05-17,King,Washington,53033,93083,1417
2021-05-18,King,Washington,53033,93316,1422
2021-05-19,King,Washington,53033,93380,1423
2021-05-20,King,Washington,53033,93645,1428
2021-05-21,King,Washington,53033,93749,1428
2021-05-22,King,Washington,53033,93893,1432
2021-05-23,King,Washington,53033,93964,1432
2021-05-24,King,Washington,53033,94124,1435
2021-05-25,King,Washington,53033,94259,1438
2021-05-26,King,Washington,53033,94327,1438
2021-05-27,King,Washington,53033,94480,1441
2021-05-28,King,Washington,53033,94688,1442
2021-05-29,King,Washington,53033,94919,1443
2021-05-30,King,Washington,53033,95014,1444
2021-05-31,King,Washington,53033,95182,1446
2021-06-01,King,Washington,53033,95326,1448
2021-06-02,King,Washington,53033,95528,1452
2021-06-03,King,Washington,53033,95639,1452
2021-06-04,King,Washington,53033,95696,1453
2021-06-05,King,Washington,53033,95761,1454
2021-06-06,King,Washington,53033,95934,1454
2021-06-07,King,Washington,53033,96131,1455
2021-06-08,King,Washington,53033,96199,1456
2021-06-09,King,Washington,53033,96325,1458
2021-06-10,King,Washington,53033,96372,1458
2021-06-11,King,Washington,53033,96495,1459
2021-06-12,King,Washington,53033,96646,1462
2021-06-13,King,Washington,53033,96900,1464
2021-06-14,King,Washington,53033,97098,1465
2021-06-15,King,Washington,53033,97161,1466
2021-06-16,King,Washington,53033,97244,1468
2021-06-17,King,Washington,53033,97395,1472
2021-06-18,King,Washington,53033,97618,1475
2021-06-19,King,Washington,53033,97809,1479
2021-06-20,King,Washington,53033,98001,1484
2021-06-21,King,Washington,53033,98121,1485
2021-06-22,King,Washington,53033,98301,1487
2021-06-23,King,Washington,53033,98541,1494
2021-06-24,King,Washington,53033,98754,1496
2021-06-25,King,Washington,53033,98970,1498
2021-06-26,King,Washington,53033,99101,1500
2021-06-27,King,Washington,53033,99284,1504
2021-06-28,King,Washington,53033,99479,1505
2021-06-29,King,Washington,53033,99587,1506
2021-06-30,King,Washington,53033,99657,1507
2020-03-01,Milwaukee,Wisconsin,55079,1,0
2020-03-02,Milwaukee,Wisconsin,55079,9,0
2020-03-03,Milwaukee,Wisconsin,55079,17,0
2020-03-04,Milwaukee,Wisconsin,55079,25,0
2020-03-05,Milwaukee,Wisconsin,55079,29,0
2020-03-06,Milwaukee,Wisconsin,55079,34,0
2020-03-07,Milwaukee,Wisconsin,55079,38,0
2020-03-08,Milwaukee,Wisconsin,55079,45,0
2020-03-09,Milwaukee,Wisconsin,55079,52,0
2020-03-10,Milwaukee,Wisconsin,55079,56,0
2020-03-11,Milwaukee,Wisconsin,55079,63,0
2020-03-12,Milwaukee,Wisconsin,55079,70,0
2020-03-13,Milwaukee,Wisconsin,55079,75,0
2020-03-14,Milwaukee,Wisconsin,55079,82,0
2020-03-15,Milwaukee,Wisconsin,55079,86,0
2020-03-16,Milwaukee,Wisconsin,55079,86,0
2020-03-17,Milwaukee,Wisconsin,55079,88,0
2020-03-18,Milwaukee,Wisconsin,55079,92,0
2020-03-19,Milwaukee,Wisconsin,55079,94,0
2020-03-20,Milwaukee,Wisconsin,55079,98,0
2020-03-21,Milwaukee,Wisconsin,55079,105,0
2020-03-22,Milwaukee,Wisconsin,55079,108,0
2020-03-23,Milwaukee,Wisconsin,55079,108,0
2020-03-24,Milwaukee,Wisconsin,55079,110,0
2020-03-25,Milwaukee,Wisconsin,55079,115,0
2020-03-26,Milwaukee,Wisconsin,55079,119,0
2020-03-27,Milwaukee,Wisconsin,55079,122,0
2020-03-28,Milwaukee,Wisconsin,55079,123,0
2020-03-29,Milwaukee,Wisconsin,55079,128,0
2020-03-30,Milwaukee,Wisconsin,55079,129,0
2020-03-31,Milwaukee,Wisconsin,55079,143,0
2020-04-01,Milwaukee,Wisconsin,55079,184,0
2020-04-02,Milwaukee,Wisconsin,55079,199,0
2020-04-03,Milwaukee,Wisconsin,55079,243,0
2020-04-04,Milwaukee,Wisconsin,55079,296,0
2020-04-05,Milwaukee,Wisconsin,55079,390,1
2020-04-06,Milwaukee,Wisconsin,55079,418,1
2020-04-07,Milwaukee,Wisconsin,55079,448,1
2020-04-08,Milwaukee,Wisconsin,55079,492,1
2020-04-09,Milwaukee,Wisconsin,55079,519,1
2020-04-10,Milwaukee,Wisconsin,55079,567,2
2020-04-11,Milwaukee,Wisconsin,55079,631,3
2020-04-12,Milwaukee,Wisconsin,55079,712,3
2020-04-13,Milwaukee,Wisconsin,55079,786,5
2020-04-14,Milwaukee,Wisconsin,55079,808,5
2020-04-15,Milwaukee,Wisconsin,55079,839,5
2020-04-16,Milwaukee,Wisconsin,55079,930,6
2020-04-17,Milwaukee,Wisconsin,55079,1018,6
2020-04-18,Milwaukee,Wisconsin,55079,1099,7
2020-04-19,Milwaukee,Wisconsin,55079,1178,9
2020-04-20,Milwaukee,Wisconsin,55079,1231,10
2020-04-21,Milwaukee,Wisconsin,55079,1281,11
2020-04-22,Milwaukee,Wisconsin,55079,1364,12
2020-04-23,Milwaukee,Wisconsin,55079,1385,12
2020-04-24,Milwaukee,Wisconsin,55079,1459,12
2020-04-25,Milwaukee,Wisconsin,55079,1551,13
2020-04-26,Milwaukee,Wisconsin,55079,1622,13
2020-04-27,Milwaukee,Wisconsin,55079,1657,13
2020-04-28,Milwaukee,Wisconsin,55079,1681,13
2020-04-29,Milwaukee,Wisconsin,55079,1729,13
2020-04-30,Milwaukee,Wisconsin,55079,1799,14
2020-05-01,Milwaukee,Wisconsin,55079,1866,15
2020-05-02,Milwaukee,Wisconsin,55079,1950,15
2020-05-03,Milwaukee,Wisconsin,55079,1996,15
2020-05-04,Milwaukee,Wisconsin,55079,2047,15
2020-05-05,Milwaukee,Wisconsin,55079,2125,16
2020-05-06,Milwaukee,Wisconsin,55079,2146,16
2020-05-07,Milwaukee,Wisconsin,55079,2170,16
2020-05-08,Milwaukee,Wisconsin,55079,2259,17
2020-05-09,Milwaukee,Wisconsin,55079,2346,18
2020-05-10,Milwaukee,Wisconsin,55079,2408,19
2020-05-11,Milwaukee,Wisconsin,55079,2463,19
2020-05-12,Milwaukee,Wisconsin,55079,2512,19
2020-05-13,Milwaukee,Wisconsin,55079,2549,19
2020-05-14,Milwaukee,Wisconsin,55079,2596,19
2020-05-15,Milwaukee,Wisconsin,55079,2611,19
2020-05-16,Milwaukee,Wisconsin,55079,2630,19
2020-05-17,Milwaukee,Wisconsin,55079,2724,21
2020-05-18,Milwaukee,Wisconsin,55079,2782,22
2020-05-19,Milwaukee,Wisconsin,55079,2809,22
2020-05-20,Milwaukee,Wisconsin,55079,2896,23
2020-05-21,Milwaukee,Wisconsin,55079,2987,24
2020-05-22,Milwaukee,Wisconsin,55079,3055,24
2020-05-23,Milwaukee,Wisconsin,55079,3148,26
2020-05-24,Milwaukee,Wisconsin,55079,3206,26
2020-05-25,Milwaukee,Wisconsin,55079,3291,27
2020-05-26,Milwaukee,Wisconsin,55079,3302,27
2020-05-27,Milwaukee,Wisconsin,55079,3335,27
2020-05-28,Milwaukee,Wisconsin,55079,3368,27
2020-05-29,Milwaukee,Wisconsin,55079,3428,27
2020-05-30,Milwaukee,Wisconsin,55079,3504,28
2020-05-31,Milwaukee,Wisconsin,55079,3523,28
2020-06-01,Milwaukee,Wisconsin,55079,3615,29
2020-06-02,Milwaukee,Wisconsin,55079,3692,29
2020-06-03,Milwaukee,Wisconsin,55079,3712,29
2020-06-04,Milwaukee,Wisconsin,55079,3795,29
2020-06-05,Milwaukee,Wisconsin,55079,3884,30
2020-06-06,Milwaukee,Wisconsin,55079,3949,30
2020-06-07,Milwaukee,Wisconsin,55079,3979,30
2020-06-08,Milwaukee,Wisconsin,55079,4015,30
2020-06-09,Milwaukee,Wisconsin,55079,4056,30
2020-06-10,Milwaukee,Wisconsin,55079,4076,30
2020-06-11,Milwaukee,Wisconsin,55079,4110,30
2020-06-12,Milwaukee,Wisconsin,55079,4137,30
2020-06-13,Milwaukee,Wisconsin,55079,4203,31
2020-06-14,Milwaukee,Wisconsin,55079,4290,32
2020-06-15,Milwaukee,Wisconsin,55079,4376,32
2020-06-16,Milwaukee,Wisconsin,55079,4420,32
2020-06-17,Milwaukee,Wisconsin,55079,4453,32
2020-06-18,Milwaukee,Wisconsin,55079,4536,33
2020-06-19,Milwaukee,Wisconsin,55079,4618,35
2020-06-20,Milwaukee,Wisconsin,55079,4636,35
2020-06-21,Milwaukee,Wisconsin,55079,4663,35
2020-06-22,Milwaukee,Wisconsin,55079,4714,36
2020-06-23,Milwaukee,Wisconsin,55079,4770,36
2020-06-24,Milwaukee,Wisconsin,55079,4843,36
2020-06-25,Milwaukee,Wisconsin,55079,4886,36
2020-06-26,Milwaukee,Wisconsin,55079,4954,36
2020-06-27,Milwaukee,Wisconsin,55079,5016,37
2020-06-28,Milwaukee,Wisconsin,55079,5069,37
2020-06-29,Milwaukee,Wisconsin,55079,5134,37
2020-06-30,Milwaukee,Wisconsin,55079,5263,37
2020-07-01,Milwaukee,Wisconsin,55079,5405,38
2020-07-02,Milwaukee,Wisconsin,55079,5537,40
2020-07-03,Milwaukee,Wisconsin,55079,5579,40
2020-07-04,Milwaukee,Wisconsin,55079,5722,43
2020-07-05,Milwaukee,Wisconsin,55079,5810,44
2020-07-06,Milwaukee,Wisconsin,55079,5886,44
2020-07-07,Milwaukee,Wisconsin,55079,6027,47
2020-07-08,Milwaukee,Wisconsin,55079,6127,48
2020-07-09,Milwaukee,Wisconsin,55079,6268,50
2020-07-10,Milwaukee,Wisconsin,55079,6387,51
2020-07-11,Milwaukee,Wisconsin,55079,6472,51
2020-07-12,Milwaukee,Wisconsin,55079,6582,53
2020-07-13,Milwaukee,Wisconsin,55079,6638,54
2020-07-14,Milwaukee,Wisconsin,55079,6700,54
2020-07-15,Milwaukee,Wisconsin,55079,6729,54
2020-07-16,Milwaukee,Wisconsin,55079,6837,56
2020-07-17,Milwaukee,Wisconsin,55079,6927,58
2020-07-18,Milwaukee,Wisconsin,55079,7006,59
2020-07-19,Milwaukee,Wisconsin,55079,7124,60
2020-07-20,Milwaukee,Wisconsin,55079,7241,63
2020-07-21,Milwaukee,Wisconsin,55079,7287,63
2020-07-22,Milwaukee,Wisconsin,55079,7356,64
2020-07-23,Milwaukee,Wisconsin,55079,7413,65
2020-07-24,Milwaukee,Wisconsin,55079,7554,68
2020-07-25,Milwaukee,Wisconsin,55079,7645,68
2020-07-26,Milwaukee,Wisconsin,55079,7788,71
2020-07-27,Milwaukee,Wisconsin,55079,7909,72
2020-07-28,Milwaukee,Wisconsin,55079,7946,72
2020-07-29,Milwaukee,Wisconsin,55079,8015,72
2020-07-30,Milwaukee,Wisconsin,55079,8066,72
2020-07-31,Milwaukee,Wisconsin,55079,8216,74
2020-08-01,Milwaukee,Wisconsin,55079,8309,76
2020-08-02,Milwaukee,Wisconsin,55079,8385,76
2020-08-03,Milwaukee,Wisconsin,55079,8502,77
2020-08-04,Milwaukee,Wisconsin,55079,8609,78
2020-08-05,Milwaukee,Wisconsin,55079,8657,79
2020-08-06,Milwaukee,Wisconsin,55079,8721,80
2020-08-07,Milwaukee,Wisconsin,55079,8840,83
2020-08-08,Milwaukee,Wisconsin,55079,8952,84
2020-08-09,Milwaukee,Wisconsin,55079,9016,85
2020-08-10,Milwaukee,Wisconsin,55079,9060,85
2020-08-11,Milwaukee,Wisconsin,55079,9192,88
2020-08-12,Milwaukee,Wisconsin,55079,9270,89
2020-08-13,Milwaukee,Wisconsin,55079,9390,89
2020-08-14,Milwaukee,Wisconsin,55079,9452,89
2020-08-15,Milwaukee,Wisconsin,55079,9518,90
2020-08-16,Milwaukee,Wisconsin,55079,9565,91
2020-08-17,Milwaukee,Wisconsin,55079,9686,92
2020-08-18,Milwaukee,Wisconsin,55079,9789,94
2020-08-19,Milwaukee,Wisconsin,55079,9830,94
2020-08-20,Milwaukee,Wisconsin,55079,9971,96
2020-08-21,Milwaukee,Wisconsin,55079,10110,97
2020-08-22,Milwaukee,Wisconsin,55079,10150,97
2020-08-23,Milwaukee,Wisconsin,55079,10269,100
2020-08-24,Milwaukee,Wisconsin,55079,10331,100
2020-08-25,Milwaukee,Wisconsin,55079,10470,102
2020-08-26,Milwaukee,Wisconsin,55079,10585,104
2020-08-27,Milwaukee,Wisconsin,55079,10633,104
2020-08-28,Milwaukee,Wisconsin,55079,10711,106
2020-08-29,Milwaukee,Wisconsin,55079,10790,106
2020-08-30,Milwaukee,Wisconsin,55079,10822,106
2020-08-31,Milwaukee,Wisconsin,55079,10969,108
2020-09-01,Milwaukee,Wisconsin,55079,11114,110
2020-09-02,Milwaukee,Wisconsin,55079,11210,112
2020-09-03,Milwaukee,Wisconsin,55079,11343,113
2020-09-04,Milwaukee,Wisconsin,55079,11447,114
2020-09-05,Milwaukee,Wisconsin,55079,11517,115
2020-09-06,Milwaukee,Wisconsin,55079,11651,116
2020-09-07,Milwaukee,Wisconsin,55079,11671,116
2020-09-08,Milwaukee,Wisconsin,55079,11726,117
2020-09-09,Milwaukee,Wisconsin,55079,11863,120
2020-09-10,Milwaukee,Wisconsin,55079,11939,121
2020-09-11,Milwaukee,Wisconsin,55079,11985,122
2020-09-12,Milwaukee,Wisconsin,55079,12086,122
2020-09-13,Milwaukee,Wisconsin,55079,12196,123
2020-09-14,Milwaukee,Wisconsin,55079,12294,124
2020-09-15,Milwaukee,Wisconsin,55079,12374,125
2020-09-16,Milwaukee,Wisconsin,55079,12396,125
2020-09-17,Milwaukee,Wisconsin,55079,12470,125
2020-09-18,Milwaukee,Wisconsin,55079,12578,126
2020-09-19,Milwaukee,Wisconsin,55079,12638,127
2020-09-20,Milwaukee,Wisconsin,55079,12746,128
2020-09-21,Milwaukee,Wisconsin,55079,12786,128
2020-09-22,Milwaukee,Wisconsin,55079,12869,128
2020-09-23,Milwaukee,Wisconsin,55079,12961,129
2020-09-24,Milwaukee,Wisconsin,55079,12987,129
2020-09-25,Milwaukee,Wisconsin,55079,13101,130
2020-09-26,Milwaukee,Wisconsin,55079,13246,132
2020-09-27,Milwaukee,Wisconsin,55079,13268,132
2020-09-28,Milwaukee,Wisconsin,55079,13382,134
2020-09-29,Milwaukee,Wisconsin,55079,13412,134
2020-09-30,Milwaukee,Wisconsin,55079,13449,134
2020-10-01,Milwaukee,Wisconsin,55079,13515,135
2020-10-02,Milwaukee,Wisconsin,55079,13540,135
2020-10-03,Milwaukee,Wisconsin,55079,13631,137
2020-10-04,Milwaukee,Wisconsin,55079,13654,137
2020-10-05,Milwaukee,Wisconsin,55079,13798,139
2020-10-06,Milwaukee,Wisconsin,55079,13845,139
2020-10-07,Milwaukee,Wisconsin,55079,13974,140
2020-10-08,Milwaukee,Wisconsin,55079,14046,140
2020-10-09,Milwaukee,Wisconsin,55079,14149,141
2020-10-10,Milwaukee,Wisconsin,55079,14189,141
2020-10-11,Milwaukee,Wisconsin,55079,14217,141
2020-10-12,Milwaukee,Wisconsin,55079,14286,142
2020-10-13,Milwaukee,Wisconsin,55079,14392,143
2020-10-14,Milwaukee,Wisconsin,55079,14503,145
2020-10-15,Milwaukee,Wisconsin,55079,14640,146
2020-10-16,Milwaukee,Wisconsin,55079,14724,147
2020-10-17,Milwaukee,Wisconsin,55079,14823,148
2020-10-18,Milwaukee,Wisconsin,55079,14890,149
2020-10-19,Milwaukee,Wisconsin,55079,14951,150
2020-10-20,Milwaukee,Wisconsin,55079,15061,151
2020-10-21,Milwaukee,Wisconsin,55079,15154,152
2020-10-22,Milwaukee,Wisconsin,55079,15231,152
2020-10-23,Milwaukee,Wisconsin,55079,15298,153
2020-10-24,Milwaukee,Wisconsin,55079,15428,156
2020-10-25,Milwaukee,Wisconsin,55079,15520,157
2020-10-26,Milwaukee,Wisconsin,55079,15663,160
2020-10-27,Milwaukee,Wisconsin,55079,15699,160
2020-10-28,Milwaukee,Wisconsin,55079,15836,161
2020-10-29,Milwaukee,Wisconsin,55079,15978,165
2020-10-30,Milwaukee,Wisconsin,55079,16115,168
2020-10-31,Milwaukee,Wisconsin,55079,16219,169
2020-11-01,Milwaukee,Wisconsin,55079,16340,169
2020-11-02,Milwaukee,Wisconsin,55079,16444,169
2020-11-03,Milwaukee,Wisconsin,55079,16471,169
2020-11-04,Milwaukee,Wisconsin,55079,16514,169
2020-11-05,Milwaukee,Wisconsin,55079,16653,171
2020-11-06,Milwaukee,Wisconsin,55079,16871,173
2020-11-07,Milwaukee,Wisconsin,55079,16941,173
2020-11-08,Milwaukee,Wisconsin,55079,17176,178
2020-11-09,Milwaukee,Wisconsin,55079,17340,180
2020-11-10,Milwaukee,Wisconsin,55079,17538,182
2020-11-11,Milwaukee,Wisconsin,55079,17640,183
2020-11-12,Milwaukee,Wisconsin,55079,17872,184
2020-11-13,Milwaukee,Wisconsin,55079,18144,186
2020-11-14,Milwaukee,Wisconsin,55079,18366,190
2020-11-15,Milwaukee,Wisconsin,55079,18477,192
2020-11-16,Milwaukee,Wisconsin,55079,18554,192
2020-11-17,Milwaukee,Wisconsin,55079,18835,199
2020-11-18,Milwaukee,Wisconsin,55079,18956,201
2020-11-19,Milwaukee,Wisconsin,55079,19051,201
2020-11-20,Milwaukee,Wisconsin,55079,19283,203
2020-11-21,Milwaukee,Wisconsin,55079,19485,208
2020-11-22,Milwaukee,Wisconsin,55079,19546,208
2020-11-23,Milwaukee,Wisconsin,55079,19642,210
2020-11-24,Milwaukee,Wisconsin,55079,19885,216
2020-11-25,Milwaukee,Wisconsin,55079,20023,219
2020-11-26,Milwaukee,Wisconsin,55079,20117,220
2020-11-27,Milwaukee,Wisconsin,55079,20245,222
2020-11-28,Milwaukee,Wisconsin,55079,20462,224
2020-11-29,Milwaukee,Wisconsin,55079,20704,228
2020-11-30,Milwaukee,Wisconsin,55079,20818,228
2020-12-01,Milwaukee,Wisconsin,55079,21081,230
2020-12-02,Milwaukee,Wisconsin,55079,21172,231
2020-12-03,Milwaukee,Wisconsin,55079,21230,232
2020-12-04,Milwaukee,Wisconsin,55079,21421,237
2020-12-05,Milwaukee,Wisconsin,55079,21655,239
2020-12-06,Milwaukee,Wisconsin,55079,21780,242
2020-12-07,Milwaukee,Wisconsin,55079,22058,245
2020-12-08,Milwaukee,Wisconsin,55079,22228,247
2020-12-09,Milwaukee,Wisconsin,55079,22300,247
2020-12-10,Milwaukee,Wisconsin,55079,22530,251
2020-12-11,Milwaukee,Wisconsin,55079,22743,256
2020-12-12,Milwaukee,Wisconsin,55079,22896,258
2020-12-13,Milwaukee,Wisconsin,55079,22994,259
2020-12-14,Milwaukee,Wisconsin,55079,23236,260
2020-12-15,Milwaukee,Wisconsin,55079,23319,260
2020-12-16,Milwaukee,Wisconsin,55079,23413,260
2020-12-17,Milwaukee,Wisconsin,55079,23627,262
2020-12-18,Milwaukee,Wisconsin,55079,23702,262
2020-12-19,Milwaukee,Wisconsin,55079,23779,263
2020-12-20,Milwaukee,Wisconsin,55079,23905,263
2020-12-21,Milwaukee,Wisconsin,55079,24102,268
2020-12-22,Milwaukee,Wisconsin,55079,24170,269
2020-12-23,Milwaukee,Wisconsin,55079,24346,270
2020-12-24,Milwaukee,Wisconsin,55079,24488,272
2020-12-25,Milwaukee,Wisconsin,55079,24728,274
2020-12-26,Milwaukee,Wisconsin,55079,24811,275
2020-12-27,Milwaukee,Wisconsin,55079,25021,280
2020-12-28,Milwaukee,Wisconsin,55079,25085,280
2020-12-29,Milwaukee,Wisconsin,55079,25293,282
2020-12-30,Milwaukee,Wisconsin,55079,25438,284
2020-12-31,Milwaukee,Wisconsin,55079,25680,286
2021-01-01,Milwaukee,Wisconsin,55079,25837,287
2021-01-02,Milwaukee,Wisconsin,55079,26066,293
2021-01-03,Milwaukee,Wisconsin,55079,26264,296
2021-01-04,Milwaukee,Wisconsin,55079,26545,304
2021-01-05,Milwaukee,Wisconsin,55079,26763,308
2021-01-06,Milwaukee,Wisconsin,55079,26835,309
2021-01-07,Milwaukee,Wisconsin,55079,26894,310
2021-01-08,Milwaukee,Wisconsin,55079,27107,315
2021-01-09,Milwaukee,Wisconsin,55079,27184,315
2021-01-10,Milwaukee,Wisconsin,55079,27355,319
2021-01-11,Milwaukee,Wisconsin,55079,27477,320
2021-01-12,Milwaukee,Wisconsin,55079,27730,321
2021-01-13,Milwaukee,Wisconsin,55079,27950,326
2021-01-14,Milwaukee,Wisconsin,55079,28011,327
2021-01-15,Milwaukee,Wisconsin,55079,28124,330
2021-01-16,Milwaukee,Wisconsin,55079,28240,331
2021-01-17,Milwaukee,Wisconsin,55079,28303,332
2021-01-18,Milwaukee,Wisconsin,55079,28417,334
2021-01-19,Milwaukee,Wisconsin,55079,28648,337
2021-01-20,Milwaukee,Wisconsin,55079,28892,341
2021-01-21,Milwaukee,Wisconsin,55079,29027,344
2021-01-22,Milwaukee,Wisconsin,55079,29165,347
2021-01-23,Milwaukee,Wisconsin,55079,29325,348
2021-01-24,Milwaukee,Wisconsin,55079,29569,353
2021-01-25,Milwaukee,Wisconsin,55079,29673,354
2021-01-26,Milwaukee,Wisconsin,55079,29919,359
2021-01-27,Milwaukee,Wisconsin,55079,30193,363
2021-01-28,Milwaukee,Wisconsin,55079,30267,364
2021-01-29,Milwaukee,Wisconsin,55079,30517,369
2021-01-30,Milwaukee,Wisconsin,55079,30748,371
2021-01-31,Milwaukee,Wisconsin,55079,31006,377
2021-02-01,Milwaukee,Wisconsin,55079,31284,385
2021-02-02,Milwaukee,Wisconsin,55079,31557,391
2021-02-03,Milwaukee,Wisconsin,55079,31743,393
2021-02-04,Milwaukee,Wisconsin,55079,31974,394
2021-02-05,Milwaukee,Wisconsin,55079,32121,396
2021-02-06,Milwaukee,Wisconsin,55079,32180,397
2021-02-07,Milwaukee,Wisconsin,55079,32300,400
2021-02-08,Milwaukee,Wisconsin,55079,32552,407
2021-02-09,Milwaukee,Wisconsin,55079,32698,409
2021-02-10,Milwaukee,Wisconsin,55079,32950,411
2021-02-11,Milwaukee,Wisconsin,55079,33180,413
2021-02-12,Milwaukee,Wisconsin,55079,33341,413
2021-02-13,Milwaukee,Wisconsin,55079,33422,414
2021-02-14,Milwaukee,Wisconsin,55079,33490,414
2021-02-15,Milwaukee,Wisconsin,55079,33511,414
2021-02-16,Milwaukee,Wisconsin,55079,33616,415
2021-02-17,Milwaukee,Wisconsin,55079,33639,415
2021-02-18,Milwaukee,Wisconsin,55079,33681,415
2021-02-19,Milwaukee,Wisconsin,55079,33720,415
2021-02-20,Milwaukee,Wisconsin,55079,33810,416
2021-02-21,Milwaukee,Wisconsin,55079,33879,417
2021-02-22,Milwaukee,Wisconsin,55079,33924,418
2021-02-23,Milwaukee,Wisconsin,55079,34008,419
2021-02-24,Milwaukee,Wisconsin,55079,34085,420
2021-02-25,Milwaukee,Wisconsin,55079,34126,420
2021-02-26,Milwaukee,Wisconsin,55079,34214,422
2021-02-27,Milwaukee,Wisconsin,55079,34279,422
2021-02-28,Milwaukee,Wisconsin,55079,34378,423
2021-03-01,Milwaukee,Wisconsin,55079,34448,424
2021-03-02,Milwaukee,Wisconsin,55079,34531,425
2021-03-03,Milwaukee,Wisconsin,55079,34581,425
2021-03-04,Milwaukee,Wisconsin,55079,34629,426
2021-03-05,Milwaukee,Wisconsin,55079,34667,426
2021-03-06,Milwaukee,Wisconsin,55079,34770,428
2021-03-07,Milwaukee,Wisconsin,55079,34862,430
2021-03-08,Milwaukee,Wisconsin,55079,34967,431
2021-03-09,Milwaukee,Wisconsin,55079,35001,431
2021-03-10,Milwaukee,Wisconsin,55079,35060,432
2021-03-11,Milwaukee,Wisconsin,55079,35164,433
2021-03-12,Milwaukee,Wisconsin,55079,35229,433
2021-03-13,Milwaukee,Wisconsin,55079,35301,434
2021-03-14,Milwaukee,Wisconsin,55079,35333,434
2021-03-15,Milwaukee,Wisconsin,55079,35353,434
2021-03-16,Milwaukee,Wisconsin,55079,35394,434
2021-03-17,Milwaukee,Wisconsin,55079,35447,434
2021-03-18,Milwaukee,Wisconsin,55079,35505,435
2021-03-19,Milwaukee,Wisconsin,55079,35572,436
2021-03-20,Milwaukee,Wisconsin,55079,35680,437
2021-03-21,Milwaukee,Wisconsin,55079,35736,437
2021-03-22,Milwaukee,Wisconsin,55079,35763,437
2021-03-23,Milwaukee,Wisconsin,55079,35803,437
2021-03-24,Milwaukee,Wisconsin,55079,35854,437
2021-03-25,Milwaukee,Wisconsin,55079,35914,437
2021-03-26,Milwaukee,Wisconsin,55079,35944,437
2021-03-27,Milwaukee,Wisconsin,55079,35991,437
2021-03-28,Milwaukee,Wisconsin,55079,36020,437
2021-03-29,Milwaukee,Wisconsin,55079,36062,437
2021-03-30,Milwaukee,Wisconsin,55079,36122,438
2021-03-31,Milwaukee,Wisconsin,55079,36207,439
2021-04-01,Milwaukee,Wisconsin,55079,36292,441
2021-04-02,Milwaukee,Wisconsin,55079,36317,441
2021-04-03,Milwaukee,Wisconsin,55079,36347,441
2021-04-04,Milwaukee,Wisconsin,55079,36452,443
2021-04-05,Milwaukee,Wisconsin,55079,36553,443
2021-04-06,Milwaukee,Wisconsin,55079,36620,443
2021-04-07,Milwaukee,Wisconsin,55079,36709,443
2021-04-08,Milwaukee,Wisconsin,55079,36759,443
2021-04-09,Milwaukee,Wisconsin,55079,36837,444
2021-04-10,Milwaukee,Wisconsin,55079,36889,444
2021-04-11,Milwaukee,Wisconsin,55079,36978,445
2021-04-12,Milwaukee,Wisconsin,55079,37020,445
2021-04-13,Milwaukee,Wisconsin,55079,37063,446
2021-04-14,Milwaukee,Wisconsin,55079,37155,448
2021-04-15,Milwaukee,Wisconsin,55079,37195,448
2021-04-16,Milwaukee,Wisconsin,55079,37307,450
2021-04-17,Milwaukee,Wisconsin,55079,37344,450
2021-04-18,Milwaukee,Wisconsin,55079,37426,451
2021-04-19,Milwaukee,Wisconsin,55079,37474,452
2021-04-20,Milwaukee,Wisconsin,55079,37573,453
2021-04-21,Milwaukee,Wisconsin,55079,37630,453
2021-04-22,Milwaukee,Wisconsin,55079,37649,453
2021-04-23,Milwaukee,Wisconsin,55079,37748,453
2021-04-24,Milwaukee,Wisconsin,55079,37857,455
2021-04-25,Milwaukee,Wisconsin,55079,37888,455
2021-04-26,Milwaukee,Wisconsin,55079,37921,455
2021-04-27,Milwaukee,Wisconsin,55079,37989,456
2021-04-28,Milwaukee,Wisconsin,55079,38052,456
2021-04-29,Milwaukee,Wisconsin,55079,38082,456
2021-04-30,Milwaukee,Wisconsin,55079,38181,458
2021-05-01,Milwaukee,Wisconsin,55079,38242,459
2021-05-02,Milwaukee,Wisconsin,55079,38280,459
2021-05-03,Milwaukee,Wisconsin,55079,38320,459
2021-05-04,Milwaukee,Wisconsin,55079,38413,459
2021-05-05,Milwaukee,Wisconsin,55079,38486,460
2021-05-06,Milwaukee,Wisconsin,55079,38564,460
2021-05-07,Milwaukee,Wisconsin,55079,38657,460
2021-05-08,Milwaukee,Wisconsin,55079,38678,460
2021-05-09,Milwaukee,Wisconsin,55079,38751,461
2021-05-10,Milwaukee,Wisconsin,55079,38856,462
2021-05-11,Milwaukee,Wisconsin,55079,38926,462
2021-05-12,Milwaukee,Wisconsin,55079,38983,463
2021-05-13,Milwaukee,Wisconsin,55079,39026,464
2021-05-14,Milwaukee,Wisconsin,55079,39118,464
2021-05-15,Milwaukee,Wisconsin,55079,39162,464
2021-05-16,Milwaukee,Wisconsin,55079,39204,464
2021-05-17,Milwaukee,Wisconsin,55079,39305,466
2021-05-18,Milwaukee,Wisconsin,55079,39400,466
2021-05-19,Milwaukee,Wisconsin,55079,39484,466
2021-05-20,Milwaukee,Wisconsin,55079,39548,467
2021-05-21,Milwaukee,Wisconsin,55079,39634,468
2021-05-22,Milwaukee,Wisconsin,55079,39735,468
2021-05-23,Milwaukee,Wisconsin,55079,39830,469
2021-05-24,Milwaukee,Wisconsin,55079,39882,469
2021-05-25,Milwaukee,Wisconsin,55079,39971,470
2021-05-26,Milwaukee,Wisconsin,55079,40021,470
2021-05-27,Milwaukee,Wisconsin,55079,40047,470
2021-05-28,Milwaukee,Wisconsin,55079,40131,472
2021-05-29,Milwaukee,Wisconsin,55079,40215,473
2021-05-30,Milwaukee,Wisconsin,55079,40275,474
2021-05-31,Milwaukee,Wisconsin,55079,40309,474
2021-06-01,Milwaukee,Wisconsin,55079,40329,474
2021-06-02,Milwaukee,Wisconsin,55079,40435,476
2021-06-03,Milwaukee,Wisconsin,55079,40537,478
2021-06-04,Milwaukee,Wisconsin,55079,40562,478
2021-06-05,Milwaukee,Wisconsin,55079,40600,478
2021-06-06,Milwaukee,Wisconsin,55079,40673,479
2021-06-07,Milwaukee,Wisconsin,55079,40757,480
2021-06-08,Milwaukee,Wisconsin,55079,40793,480
2021-06-09,Milwaukee,Wisconsin,55079,40823,480
2021-06-10,Milwaukee,Wisconsin,55079,40862,480
2021-06-11,Milwaukee,Wisconsin,55079,40896,480
2021-06-12,Milwaukee,Wisconsin,55079,40984,481
2021-06-13,Milwaukee,Wisconsin,55079,41070,482
2021-06-14,Milwaukee,Wisconsin,55079,41153,482
2021-06-15,Milwaukee,Wisconsin,55079,41180,482
2021-06-16,Milwaukee,Wisconsin,55079,41251,484
2021-06-17,Milwaukee,Wisconsin,55079,41281,484
2021-06-18,Milwaukee,Wisconsin,55079,41326,484
2021-06-19,Milwaukee,Wisconsin,55079,41387,485
2021-06-20,Milwaukee,Wisconsin,55079,41475,485
2021-06-21,Milwaukee,Wisconsin,55079,41574,487
2021-06-22,Milwaukee,Wisconsin,55079,41666,489
2021-06-23,Milwaukee,Wisconsin,55079,41713,489
2021-06-24,Milwaukee,Wisconsin,55079,41798,491
2021-06-25,Milwaukee,Wisconsin,55079,41833,491
2021-06-26,Milwaukee,Wisconsin,55079,41912,493
2021-06-27,Milwaukee,Wisconsin,55079,41954,493
2021-06-28,Milwaukee,Wisconsin,55079,42046,495
2021-06-29,Milwaukee,Wisconsin,55079,42148,497
2021-06-30,Milwaukee,Wisconsin,55079,42186,497
2020-04-15,Unknown,Unknown,,100,5
2020-05-20,Unknown2,Unknown2,,200,10
2021-06-30,Autauga,Alabama,01001,9999,999
